{
	"data": {
		"holo-good": {
			"history": {
				"2022-12-09": {
					"avg": 447,
					"count": 1,
					"min": 447,
					"max": 447
				},
				"2022-12-13": {
					"avg": 399,
					"count": 1,
					"min": 399,
					"max": 399
				},
				"2022-12-31": {
					"avg": 249,
					"count": 2,
					"min": 99,
					"max": 399
				},
				"2023-01-06": {
					"avg": 110,
					"count": 1,
					"min": 110,
					"max": 110
				},
				"2023-03-03": {
					"avg": 250,
					"count": 2,
					"min": 250,
					"max": 250
				},
				"2023-03-15": {
					"avg": 173,
					"count": 1,
					"min": 173,
					"max": 173
				},
				"2023-03-18": {
					"avg": 250,
					"count": 1,
					"min": 250,
					"max": 250
				},
				"2023-03-28": {
					"avg": 100,
					"count": 1,
					"min": 100,
					"max": 100
				},
				"2023-04-03": {
					"avg": 149,
					"count": 1,
					"min": 149,
					"max": 149
				},
				"2023-04-05": {
					"avg": 202,
					"count": 1,
					"min": 202,
					"max": 202
				},
				"2023-04-09": {
					"avg": 293,
					"count": 1,
					"min": 293,
					"max": 293
				},
				"2023-04-14": {
					"avg": 298,
					"count": 1,
					"min": 298,
					"max": 298
				},
				"2023-06-30": {
					"avg": 92,
					"count": 1,
					"min": 92,
					"max": 92
				},
				"2023-08-21": {
					"avg": 334,
					"count": 1,
					"min": 334,
					"max": 334
				},
				"2023-09-14": {
					"avg": 75,
					"count": 1,
					"min": 75,
					"max": 75
				},
				"2023-09-18": {
					"avg": 35,
					"count": 1,
					"min": 35,
					"max": 35
				},
				"2023-09-29": {
					"avg": 199,
					"count": 1,
					"min": 199,
					"max": 199
				},
				"2023-10-01": {
					"avg": 35,
					"count": 1,
					"min": 35,
					"max": 35
				},
				"2023-10-11": {
					"avg": 164,
					"count": 1,
					"min": 164,
					"max": 164
				},
				"2023-10-13": {
					"avg": 338,
					"count": 1,
					"min": 338,
					"max": 338
				},
				"2023-11-03": {
					"avg": 37,
					"count": 1,
					"min": 37,
					"max": 37
				},
				"2023-11-24": {
					"avg": 298,
					"count": 1,
					"min": 298,
					"max": 298
				},
				"2023-11-25": {
					"avg": 262,
					"count": 1,
					"min": 262,
					"max": 262
				},
				"2023-11-26": {
					"avg": 288,
					"count": 1,
					"min": 288,
					"max": 288
				},
				"2023-11-27": {
					"avg": 160,
					"count": 1,
					"min": 160,
					"max": 160
				},
				"2024-06-25": {
					"avg": 400,
					"count": 1,
					"min": 400,
					"max": 400
				},
				"2024-08-10": {
					"avg": 149,
					"count": 1,
					"min": 149,
					"max": 149
				},
				"2024-08-14": {
					"avg": 277,
					"count": 1,
					"min": 277,
					"max": 277
				},
				"2024-08-27": {
					"avg": 150,
					"count": 1,
					"min": 150,
					"max": 150
				}
			},
			"avg": 217,
			"avg7": 252,
			"avg28": 209
		},
		"holo-nearmint": {
			"history": {
				"2024-05-28": {
					"avg": 318,
					"count": 1,
					"min": 318,
					"max": 318
				},
				"2024-07-05": {
					"avg": 321,
					"count": 1,
					"min": 321,
					"max": 321
				},
				"2024-07-31": {
					"avg": 629,
					"count": 1,
					"min": 629,
					"max": 629
				},
				"2024-08-23": {
					"avg": 204,
					"count": 1,
					"min": 204,
					"max": 204
				},
				"2024-09-18": {
					"avg": 326,
					"count": 1,
					"min": 326,
					"max": 326
				}
			},
			"avg": 360,
			"avg7": -1,
			"avg28": -1
		},
		"holo-played": {
			"history": {
				"2024-05-26": {
					"avg": 233,
					"count": 1,
					"min": 233,
					"max": 233
				},
				"2024-06-16": {
					"avg": 206,
					"count": 1,
					"min": 206,
					"max": 206
				},
				"2024-06-23": {
					"avg": 289,
					"count": 1,
					"min": 289,
					"max": 289
				},
				"2024-06-24": {
					"avg": 229,
					"count": 1,
					"min": 229,
					"max": 229
				}
			},
			"avg": 239,
			"avg7": -1,
			"avg28": -1
		},
		"holo-poor": {
			"history": {
				"2024-06-05": {
					"avg": 128,
					"count": 1,
					"min": 128,
					"max": 128
				},
				"2024-06-11": {
					"avg": 128,
					"count": 1,
					"min": 128,
					"max": 128
				},
				"2024-09-04": {
					"avg": 177,
					"count": 1,
					"min": 177,
					"max": 177
				}
			},
			"avg": 144,
			"avg7": -1,
			"avg28": -1
		}
	}
}