{
	"data": {
		"holo-good": {
			"history": {
				"2022-12-16": {
					"avg": 449,
					"count": 1,
					"min": 449,
					"max": 449
				},
				"2022-12-21": {
					"avg": 389,
					"count": 1,
					"min": 389,
					"max": 389
				},
				"2022-12-31": {
					"avg": 474,
					"count": 1,
					"min": 474,
					"max": 474
				},
				"2023-01-04": {
					"avg": 1553,
					"count": 1,
					"min": 1553,
					"max": 1553
				},
				"2023-01-06": {
					"avg": 99,
					"count": 1,
					"min": 99,
					"max": 99
				},
				"2023-02-17": {
					"avg": 328,
					"count": 2,
					"min": 199,
					"max": 457
				},
				"2023-03-13": {
					"avg": 400,
					"count": 1,
					"min": 400,
					"max": 400
				},
				"2023-03-16": {
					"avg": 520,
					"count": 1,
					"min": 520,
					"max": 520
				},
				"2023-03-21": {
					"avg": 223,
					"count": 1,
					"min": 223,
					"max": 223
				},
				"2023-03-23": {
					"avg": 200,
					"count": 1,
					"min": 200,
					"max": 200
				},
				"2023-03-29": {
					"avg": 198,
					"count": 1,
					"min": 198,
					"max": 198
				},
				"2023-04-21": {
					"avg": 198,
					"count": 1,
					"min": 198,
					"max": 198
				},
				"2023-04-25": {
					"avg": 412,
					"count": 1,
					"min": 412,
					"max": 412
				},
				"2023-05-03": {
					"avg": 725,
					"count": 1,
					"min": 725,
					"max": 725
				},
				"2023-09-18": {
					"avg": 106,
					"count": 1,
					"min": 106,
					"max": 106
				},
				"2023-09-19": {
					"avg": 999,
					"count": 1,
					"min": 999,
					"max": 999
				},
				"2023-09-29": {
					"avg": 999,
					"count": 1,
					"min": 999,
					"max": 999
				},
				"2023-10-13": {
					"avg": 893,
					"count": 1,
					"min": 893,
					"max": 893
				},
				"2023-10-19": {
					"avg": 242,
					"count": 1,
					"min": 242,
					"max": 242
				},
				"2023-10-24": {
					"avg": 258,
					"count": 2,
					"min": 206,
					"max": 309
				},
				"2023-11-11": {
					"avg": 734,
					"count": 1,
					"min": 734,
					"max": 734
				},
				"2023-11-27": {
					"avg": 531,
					"count": 1,
					"min": 531,
					"max": 531
				},
				"2024-05-17": {
					"avg": 756,
					"count": 3,
					"min": 169,
					"max": 1099
				},
				"2024-05-18": {
					"avg": 1117,
					"count": 1,
					"min": 1117,
					"max": 1117
				},
				"2024-05-22": {
					"avg": 106,
					"count": 1,
					"min": 106,
					"max": 106
				},
				"2024-05-25": {
					"avg": 492,
					"count": 1,
					"min": 492,
					"max": 492
				},
				"2024-05-28": {
					"avg": 497,
					"count": 1,
					"min": 497,
					"max": 497
				},
				"2024-06-13": {
					"avg": 500,
					"count": 1,
					"min": 500,
					"max": 500
				},
				"2024-07-03": {
					"avg": 999,
					"count": 1,
					"min": 999,
					"max": 999
				},
				"2024-07-14": {
					"avg": 517,
					"count": 1,
					"min": 517,
					"max": 517
				},
				"2024-09-06": {
					"avg": 522,
					"count": 1,
					"min": 522,
					"max": 522
				}
			},
			"avg": 530,
			"avg7": 698,
			"avg28": 698
		},
		"holo-played": {
			"history": {
				"2024-05-28": {
					"avg": 450,
					"count": 1,
					"min": 450,
					"max": 450
				},
				"2024-05-31": {
					"avg": 518,
					"count": 1,
					"min": 518,
					"max": 518
				},
				"2024-07-02": {
					"avg": 399,
					"count": 1,
					"min": 399,
					"max": 399
				},
				"2024-07-15": {
					"avg": 399,
					"count": 1,
					"min": 399,
					"max": 399
				},
				"2024-08-10": {
					"avg": 424,
					"count": 1,
					"min": 424,
					"max": 424
				},
				"2024-09-05": {
					"avg": 445,
					"count": 1,
					"min": 445,
					"max": 445
				},
				"2024-09-21": {
					"avg": 437,
					"count": 1,
					"min": 437,
					"max": 437
				}
			},
			"avg": 439,
			"avg7": -1,
			"avg28": -1
		},
		"holo-nearmint": {
			"history": {
				"2024-07-05": {
					"avg": 1034,
					"count": 1,
					"min": 1034,
					"max": 1034
				},
				"2024-07-07": {
					"avg": 1124,
					"count": 1,
					"min": 1124,
					"max": 1124
				},
				"2024-08-06": {
					"avg": 1533,
					"count": 1,
					"min": 1533,
					"max": 1533
				},
				"2024-08-21": {
					"avg": 1533,
					"count": 1,
					"min": 1533,
					"max": 1533
				},
				"2024-09-12": {
					"avg": 899,
					"count": 1,
					"min": 899,
					"max": 899
				}
			},
			"avg": 1225,
			"avg7": -1,
			"avg28": -1
		},
		"holo-used": {
			"history": {
				"2024-08-20": {
					"avg": 247,
					"count": 1,
					"min": 247,
					"max": 247
				}
			},
			"avg": 247,
			"avg7": -1,
			"avg28": -1
		},
		"holo-poor": {
			"history": {
				"2024-06-24": {
					"avg": 69,
					"count": 1,
					"min": 69,
					"max": 69
				},
				"2024-07-09": {
					"avg": 101,
					"count": 1,
					"min": 101,
					"max": 101
				},
				"2024-07-27": {
					"avg": 129,
					"count": 1,
					"min": 129,
					"max": 129
				}
			},
			"avg": 100,
			"avg7": -1,
			"avg28": -1
		}
	}
}