{
	"data": {
		"holo-good": {
			"history": {
				"2023-01-02": {
					"avg": 1065,
					"count": 1,
					"min": 1065,
					"max": 1065
				},
				"2023-01-11": {
					"avg": 199,
					"count": 2,
					"min": 199,
					"max": 199
				},
				"2023-01-12": {
					"avg": 529,
					"count": 1,
					"min": 529,
					"max": 529
				},
				"2023-03-15": {
					"avg": 184,
					"count": 1,
					"min": 184,
					"max": 184
				},
				"2023-03-19": {
					"avg": 489,
					"count": 1,
					"min": 489,
					"max": 489
				},
				"2023-03-22": {
					"avg": 173,
					"count": 1,
					"min": 173,
					"max": 173
				},
				"2023-04-13": {
					"avg": 399,
					"count": 2,
					"min": 399,
					"max": 399
				},
				"2023-05-01": {
					"avg": 199,
					"count": 1,
					"min": 199,
					"max": 199
				},
				"2023-05-11": {
					"avg": 299,
					"count": 1,
					"min": 299,
					"max": 299
				},
				"2023-06-30": {
					"avg": 449,
					"count": 1,
					"min": 449,
					"max": 449
				},
				"2023-07-03": {
					"avg": 468,
					"count": 1,
					"min": 468,
					"max": 468
				},
				"2023-07-06": {
					"avg": 500,
					"count": 1,
					"min": 500,
					"max": 500
				},
				"2023-07-31": {
					"avg": 275,
					"count": 1,
					"min": 275,
					"max": 275
				},
				"2023-08-19": {
					"avg": 349,
					"count": 1,
					"min": 349,
					"max": 349
				},
				"2023-09-03": {
					"avg": 140,
					"count": 1,
					"min": 140,
					"max": 140
				},
				"2023-09-15": {
					"avg": 223,
					"count": 1,
					"min": 223,
					"max": 223
				},
				"2023-09-27": {
					"avg": 503,
					"count": 1,
					"min": 503,
					"max": 503
				},
				"2023-09-29": {
					"avg": 337,
					"count": 1,
					"min": 337,
					"max": 337
				},
				"2023-10-04": {
					"avg": 130,
					"count": 1,
					"min": 130,
					"max": 130
				},
				"2023-10-11": {
					"avg": 229,
					"count": 1,
					"min": 229,
					"max": 229
				},
				"2023-10-13": {
					"avg": 397,
					"count": 1,
					"min": 397,
					"max": 397
				},
				"2023-10-24": {
					"avg": 177,
					"count": 8,
					"min": 65,
					"max": 629
				},
				"2023-10-25": {
					"avg": 335,
					"count": 1,
					"min": 335,
					"max": 335
				},
				"2023-11-05": {
					"avg": 100,
					"count": 1,
					"min": 100,
					"max": 100
				},
				"2023-11-07": {
					"avg": 99,
					"count": 1,
					"min": 99,
					"max": 99
				},
				"2023-11-21": {
					"avg": 399,
					"count": 1,
					"min": 399,
					"max": 399
				},
				"2023-11-27": {
					"avg": 297,
					"count": 1,
					"min": 297,
					"max": 297
				},
				"2024-05-28": {
					"avg": 262,
					"count": 1,
					"min": 262,
					"max": 262
				},
				"2024-08-12": {
					"avg": 189,
					"count": 1,
					"min": 189,
					"max": 189
				},
				"2024-08-14": {
					"avg": 249,
					"count": 1,
					"min": 249,
					"max": 249
				},
				"2024-08-20": {
					"avg": 723,
					"count": 1,
					"min": 723,
					"max": 723
				},
				"2024-09-03": {
					"avg": 317,
					"count": 1,
					"min": 317,
					"max": 317
				}
			},
			"avg": 305,
			"avg7": 348,
			"avg28": 224
		},
		"holo-played": {
			"history": {
				"2024-05-29": {
					"avg": 228,
					"count": 1,
					"min": 228,
					"max": 228
				},
				"2024-06-12": {
					"avg": 239,
					"count": 1,
					"min": 239,
					"max": 239
				},
				"2024-07-02": {
					"avg": 260,
					"count": 1,
					"min": 260,
					"max": 260
				},
				"2024-07-16": {
					"avg": 240,
					"count": 1,
					"min": 240,
					"max": 240
				},
				"2024-07-20": {
					"avg": 256,
					"count": 1,
					"min": 256,
					"max": 256
				},
				"2024-08-16": {
					"avg": 255,
					"count": 1,
					"min": 255,
					"max": 255
				},
				"2024-09-16": {
					"avg": 182,
					"count": 1,
					"min": 182,
					"max": 182
				}
			},
			"avg": 237,
			"avg7": -1,
			"avg28": -1
		},
		"holo-nearmint": {
			"history": {
				"2024-05-30": {
					"avg": 569,
					"count": 2,
					"min": 499,
					"max": 639
				},
				"2024-07-05": {
					"avg": 611,
					"count": 1,
					"min": 611,
					"max": 611
				},
				"2024-07-23": {
					"avg": 594,
					"count": 2,
					"min": 577,
					"max": 611
				},
				"2024-08-02": {
					"avg": 168,
					"count": 1,
					"min": 168,
					"max": 168
				},
				"2024-09-08": {
					"avg": 521,
					"count": 1,
					"min": 521,
					"max": 521
				}
			},
			"avg": 518,
			"avg7": -1,
			"avg28": -1
		},
		"holo-poor": {
			"history": {
				"2024-06-11": {
					"avg": 149,
					"count": 1,
					"min": 149,
					"max": 149
				},
				"2024-06-25": {
					"avg": 50,
					"count": 1,
					"min": 50,
					"max": 50
				},
				"2024-07-27": {
					"avg": 50,
					"count": 1,
					"min": 50,
					"max": 50
				},
				"2024-09-02": {
					"avg": 192,
					"count": 1,
					"min": 192,
					"max": 192
				}
			},
			"avg": 110,
			"avg7": -1,
			"avg28": -1
		},
		"holo-used": {
			"history": {
				"2024-05-31": {
					"avg": 124,
					"count": 1,
					"min": 124,
					"max": 124
				},
				"2024-08-28": {
					"avg": 237,
					"count": 1,
					"min": 237,
					"max": 237
				}
			},
			"avg": 181,
			"avg7": -1,
			"avg28": -1
		}
	}
}