{
	"data": {
		"holo-good": {
			"history": {
				"2023-01-02": {
					"avg": 1254,
					"count": 1,
					"min": 1254,
					"max": 1254
				},
				"2023-01-06": {
					"avg": 698,
					"count": 1,
					"min": 698,
					"max": 698
				},
				"2023-01-12": {
					"avg": 895,
					"count": 1,
					"min": 895,
					"max": 895
				},
				"2023-02-22": {
					"avg": 263,
					"count": 1,
					"min": 263,
					"max": 263
				},
				"2023-03-22": {
					"avg": 149,
					"count": 1,
					"min": 149,
					"max": 149
				},
				"2023-04-01": {
					"avg": 159,
					"count": 1,
					"min": 159,
					"max": 159
				},
				"2023-05-06": {
					"avg": 250,
					"count": 1,
					"min": 250,
					"max": 250
				},
				"2023-05-07": {
					"avg": 250,
					"count": 1,
					"min": 250,
					"max": 250
				},
				"2023-05-14": {
					"avg": 398,
					"count": 1,
					"min": 398,
					"max": 398
				},
				"2023-06-12": {
					"avg": 599,
					"count": 2,
					"min": 549,
					"max": 649
				},
				"2023-07-15": {
					"avg": 280,
					"count": 1,
					"min": 280,
					"max": 280
				},
				"2023-07-31": {
					"avg": 115,
					"count": 1,
					"min": 115,
					"max": 115
				},
				"2023-09-14": {
					"avg": 299,
					"count": 1,
					"min": 299,
					"max": 299
				},
				"2023-09-18": {
					"avg": 614,
					"count": 1,
					"min": 614,
					"max": 614
				},
				"2023-09-29": {
					"avg": 925,
					"count": 1,
					"min": 925,
					"max": 925
				},
				"2023-10-11": {
					"avg": 749,
					"count": 1,
					"min": 749,
					"max": 749
				},
				"2023-11-05": {
					"avg": 99,
					"count": 1,
					"min": 99,
					"max": 99
				},
				"2023-11-11": {
					"avg": 470,
					"count": 1,
					"min": 470,
					"max": 470
				},
				"2023-11-27": {
					"avg": 42,
					"count": 1,
					"min": 42,
					"max": 42
				},
				"2024-05-17": {
					"avg": 2135,
					"count": 1,
					"min": 2135,
					"max": 2135
				},
				"2024-05-28": {
					"avg": 284,
					"count": 1,
					"min": 284,
					"max": 284
				},
				"2024-06-12": {
					"avg": 324,
					"count": 1,
					"min": 324,
					"max": 324
				},
				"2024-08-11": {
					"avg": 189,
					"count": 3,
					"min": 189,
					"max": 189
				},
				"2024-08-12": {
					"avg": 326,
					"count": 1,
					"min": 326,
					"max": 326
				}
			},
			"avg": 472,
			"avg7": 2135,
			"avg28": 2135
		},
		"holo-played": {
			"history": {
				"2024-08-15": {
					"avg": 174,
					"count": 1,
					"min": 174,
					"max": 174
				},
				"2024-09-16": {
					"avg": 182,
					"count": 1,
					"min": 182,
					"max": 182
				}
			},
			"avg": 178,
			"avg7": -1,
			"avg28": -1
		},
		"holo-nearmint": {
			"history": {
				"2024-05-30": {
					"avg": 503,
					"count": 2,
					"min": 499,
					"max": 507
				},
				"2024-07-05": {
					"avg": 501,
					"count": 1,
					"min": 501,
					"max": 501
				},
				"2024-07-29": {
					"avg": 610,
					"count": 1,
					"min": 610,
					"max": 610
				},
				"2024-08-02": {
					"avg": 168,
					"count": 1,
					"min": 168,
					"max": 168
				},
				"2024-09-06": {
					"avg": 667,
					"count": 1,
					"min": 667,
					"max": 667
				}
			},
			"avg": 492,
			"avg7": -1,
			"avg28": -1
		},
		"holo-used": {
			"history": {
				"2024-06-28": {
					"avg": 338,
					"count": 1,
					"min": 338,
					"max": 338
				}
			},
			"avg": 338,
			"avg7": -1,
			"avg28": -1
		},
		"holo-poor": {
			"history": {
				"2024-05-31": {
					"avg": 39,
					"count": 1,
					"min": 39,
					"max": 39
				},
				"2024-06-23": {
					"avg": 50,
					"count": 1,
					"min": 50,
					"max": 50
				}
			},
			"avg": 45,
			"avg7": -1,
			"avg28": -1
		}
	}
}