{
	"data": {
		"normal-good": {
			"history": {
				"2022-11-13": {
					"avg": 1396,
					"count": 3
				},
				"2022-11-14": {
					"avg": 5199,
					"count": 2
				},
				"2022-11-15": {
					"avg": 3839,
					"count": 1
				},
				"2022-11-16": {
					"avg": 5082,
					"count": 2
				},
				"2022-11-17": {
					"avg": 2400,
					"count": 2
				},
				"2022-11-18": {
					"avg": 1864,
					"count": 2
				},
				"2022-11-19": {
					"avg": 1215,
					"count": 1,
					"min": 1215,
					"max": 1215
				},
				"2022-11-21": {
					"avg": 961,
					"count": 5,
					"min": 767,
					"max": 1298
				},
				"2022-11-23": {
					"avg": 2171,
					"count": 2,
					"min": 1843,
					"max": 2499
				},
				"2022-11-24": {
					"avg": 3249,
					"count": 2,
					"min": 2498,
					"max": 3999
				},
				"2022-11-25": {
					"avg": 2604,
					"count": 5,
					"min": 820,
					"max": 3899
				},
				"2022-11-26": {
					"avg": 1818,
					"count": 5,
					"min": 1648,
					"max": 2499
				},
				"2022-11-28": {
					"avg": 2385,
					"count": 2,
					"min": 820,
					"max": 3951
				},
				"2022-11-29": {
					"avg": 2640,
					"count": 1,
					"min": 2640,
					"max": 2640
				},
				"2022-11-30": {
					"avg": 4475,
					"count": 2,
					"min": 3951,
					"max": 4999
				},
				"2022-12-02": {
					"avg": 1249,
					"count": 1,
					"min": 1249,
					"max": 1249
				},
				"2022-12-03": {
					"avg": 2158,
					"count": 3,
					"min": 820,
					"max": 3951
				},
				"2022-12-04": {
					"avg": 1302,
					"count": 2,
					"min": 819,
					"max": 1784
				},
				"2022-12-05": {
					"avg": 2673,
					"count": 9,
					"min": 1199,
					"max": 4999
				},
				"2022-12-06": {
					"avg": 2595,
					"count": 1,
					"min": 2595,
					"max": 2595
				},
				"2022-12-07": {
					"avg": 2471,
					"count": 6,
					"min": 1777,
					"max": 2992
				},
				"2022-12-09": {
					"avg": 1514,
					"count": 3,
					"min": 822,
					"max": 2898
				},
				"2022-12-10": {
					"avg": 2856,
					"count": 4,
					"min": 2102,
					"max": 3749
				},
				"2022-12-11": {
					"avg": 823,
					"count": 2,
					"min": 822,
					"max": 823
				},
				"2022-12-12": {
					"avg": 1680,
					"count": 3,
					"min": 1269,
					"max": 2128
				},
				"2022-12-15": {
					"avg": 1246,
					"count": 3,
					"min": 1231,
					"max": 1275
				},
				"2022-12-16": {
					"avg": 4452,
					"count": 6,
					"min": 958,
					"max": 8589
				},
				"2022-12-17": {
					"avg": 2698,
					"count": 1,
					"min": 2698,
					"max": 2698
				},
				"2022-12-18": {
					"avg": 7838,
					"count": 4,
					"min": 1486,
					"max": 17999
				},
				"2022-12-20": {
					"avg": 1874,
					"count": 3,
					"min": 1124,
					"max": 2699
				},
				"2022-12-21": {
					"avg": 2489,
					"count": 3,
					"min": 1168,
					"max": 4499
				},
				"2022-12-22": {
					"avg": 5437,
					"count": 3,
					"min": 2798,
					"max": 9515
				},
				"2022-12-23": {
					"avg": 1285,
					"count": 1,
					"min": 1285,
					"max": 1285
				},
				"2022-12-24": {
					"avg": 1184,
					"count": 2,
					"min": 1169,
					"max": 1199
				},
				"2022-12-25": {
					"avg": 4440,
					"count": 3,
					"min": 2898,
					"max": 6624
				},
				"2022-12-27": {
					"avg": 3465,
					"count": 5,
					"min": 1298,
					"max": 9000
				},
				"2022-12-28": {
					"avg": 2054,
					"count": 2,
					"min": 1995,
					"max": 2112
				},
				"2022-12-29": {
					"avg": 7297,
					"count": 2,
					"min": 4518,
					"max": 10077
				},
				"2022-12-30": {
					"avg": 3587,
					"count": 4,
					"min": 2128,
					"max": 5799
				},
				"2023-01-01": {
					"avg": 1371,
					"count": 5,
					"min": 700,
					"max": 2860
				},
				"2023-01-02": {
					"avg": 3404,
					"count": 2,
					"min": 2709,
					"max": 4099
				},
				"2023-01-03": {
					"avg": 3374,
					"count": 4,
					"min": 2999,
					"max": 3499
				},
				"2023-01-04": {
					"avg": 7797,
					"count": 2,
					"min": 2595,
					"max": 12999
				},
				"2023-01-05": {
					"avg": 1996,
					"count": 2,
					"min": 1993,
					"max": 1999
				},
				"2023-01-06": {
					"avg": 2311,
					"count": 3,
					"min": 844,
					"max": 4735
				},
				"2023-01-07": {
					"avg": 2098,
					"count": 1,
					"min": 2098,
					"max": 2098
				},
				"2023-01-08": {
					"avg": 2881,
					"count": 5,
					"min": 724,
					"max": 8299
				},
				"2023-01-09": {
					"avg": 1784,
					"count": 2,
					"min": 1275,
					"max": 2293
				},
				"2023-01-10": {
					"avg": 5333,
					"count": 1,
					"min": 5333,
					"max": 5333
				},
				"2023-01-11": {
					"avg": 1668,
					"count": 3,
					"min": 906,
					"max": 2600
				},
				"2023-01-12": {
					"avg": 3393,
					"count": 4,
					"min": 1999,
					"max": 7275
				},
				"2023-02-06": {
					"avg": 2972,
					"count": 2,
					"min": 2751,
					"max": 3193
				},
				"2023-02-07": {
					"avg": 1199,
					"count": 1,
					"min": 1199,
					"max": 1199
				},
				"2023-02-08": {
					"avg": 2287,
					"count": 3,
					"min": 1328,
					"max": 4033
				},
				"2023-02-09": {
					"avg": 1679,
					"count": 1,
					"min": 1679,
					"max": 1679
				},
				"2023-02-10": {
					"avg": 1810,
					"count": 5,
					"min": 999,
					"max": 2499
				},
				"2023-02-11": {
					"avg": 3599,
					"count": 2,
					"min": 3499,
					"max": 3699
				},
				"2023-02-12": {
					"avg": 1650,
					"count": 2,
					"min": 1407,
					"max": 1893
				},
				"2023-02-13": {
					"avg": 2475,
					"count": 1,
					"min": 2475,
					"max": 2475
				},
				"2023-02-14": {
					"avg": 6807,
					"count": 2,
					"min": 5616,
					"max": 7999
				},
				"2023-02-16": {
					"avg": 6968,
					"count": 4,
					"min": 4499,
					"max": 9448
				},
				"2023-02-17": {
					"avg": 6298,
					"count": 2,
					"min": 2598,
					"max": 9998
				},
				"2023-02-18": {
					"avg": 2883,
					"count": 2,
					"min": 780,
					"max": 4987
				},
				"2023-02-19": {
					"avg": 2698,
					"count": 3,
					"min": 2200,
					"max": 2995
				},
				"2023-02-22": {
					"avg": 2035,
					"count": 4,
					"min": 1199,
					"max": 2925
				},
				"2023-02-24": {
					"avg": 6049,
					"count": 2,
					"min": 3598,
					"max": 8500
				},
				"2023-02-25": {
					"avg": 6767,
					"count": 3,
					"min": 1999,
					"max": 15099
				},
				"2023-02-26": {
					"avg": 1349,
					"count": 1,
					"min": 1349,
					"max": 1349
				},
				"2023-02-27": {
					"avg": 1975,
					"count": 1,
					"min": 1975,
					"max": 1975
				},
				"2023-02-28": {
					"avg": 3115,
					"count": 2,
					"min": 1132,
					"max": 5098
				},
				"2023-03-01": {
					"avg": 1462,
					"count": 6,
					"min": 1169,
					"max": 2098
				},
				"2023-03-02": {
					"avg": 3037,
					"count": 4,
					"min": 2195,
					"max": 3547
				},
				"2023-03-03": {
					"avg": 5481,
					"count": 3,
					"min": 1348,
					"max": 11997
				},
				"2023-03-04": {
					"avg": 2199,
					"count": 1,
					"min": 2199,
					"max": 2199
				},
				"2023-03-05": {
					"avg": 6102,
					"count": 2,
					"min": 3203,
					"max": 9000
				},
				"2023-03-06": {
					"avg": 1814,
					"count": 1,
					"min": 1814,
					"max": 1814
				},
				"2023-03-07": {
					"avg": 2353,
					"count": 3,
					"min": 1814,
					"max": 3250
				},
				"2023-03-09": {
					"avg": 1198,
					"count": 1,
					"min": 1198,
					"max": 1198
				},
				"2023-03-10": {
					"avg": 3274,
					"count": 2,
					"min": 2798,
					"max": 3749
				},
				"2023-03-11": {
					"avg": 8099,
					"count": 1,
					"min": 8099,
					"max": 8099
				},
				"2023-03-12": {
					"avg": 2368,
					"count": 5,
					"min": 1199,
					"max": 3298
				},
				"2023-03-13": {
					"avg": 3316,
					"count": 3,
					"min": 1249,
					"max": 4799
				},
				"2023-03-14": {
					"avg": 1400,
					"count": 2,
					"min": 900,
					"max": 1899
				},
				"2023-03-16": {
					"avg": 4697,
					"count": 3,
					"min": 2606,
					"max": 6685
				},
				"2023-03-17": {
					"avg": 3720,
					"count": 4,
					"min": 1303,
					"max": 9000
				},
				"2023-03-19": {
					"avg": 2012,
					"count": 1,
					"min": 2012,
					"max": 2012
				},
				"2023-03-22": {
					"avg": 5098,
					"count": 1,
					"min": 5098,
					"max": 5098
				},
				"2023-03-23": {
					"avg": 3548,
					"count": 2,
					"min": 2599,
					"max": 4497
				},
				"2023-03-24": {
					"avg": 3032,
					"count": 3,
					"min": 1597,
					"max": 4999
				},
				"2023-03-25": {
					"avg": 3831,
					"count": 3,
					"min": 2994,
					"max": 4999
				},
				"2023-03-26": {
					"avg": 920,
					"count": 1,
					"min": 920,
					"max": 920
				},
				"2023-03-27": {
					"avg": 5198,
					"count": 1,
					"min": 5198,
					"max": 5198
				},
				"2023-03-28": {
					"avg": 1257,
					"count": 3,
					"min": 999,
					"max": 1598
				},
				"2023-03-29": {
					"avg": 4048,
					"count": 2,
					"min": 2599,
					"max": 5497
				},
				"2023-03-31": {
					"avg": 3828,
					"count": 4,
					"min": 875,
					"max": 8999
				},
				"2023-04-01": {
					"avg": 1983,
					"count": 2,
					"min": 1978,
					"max": 1988
				},
				"2023-04-02": {
					"avg": 4952,
					"count": 2,
					"min": 875,
					"max": 9028
				},
				"2023-04-03": {
					"avg": 8598,
					"count": 1,
					"min": 8598,
					"max": 8598
				},
				"2023-04-04": {
					"avg": 1075,
					"count": 1,
					"min": 1075,
					"max": 1075
				},
				"2023-04-05": {
					"avg": 1722,
					"count": 6,
					"min": 875,
					"max": 2998
				},
				"2023-04-06": {
					"avg": 4119,
					"count": 3,
					"min": 887,
					"max": 8599
				},
				"2023-04-07": {
					"avg": 1587,
					"count": 4,
					"min": 1075,
					"max": 2999
				},
				"2023-04-08": {
					"avg": 2510,
					"count": 5,
					"min": 1068,
					"max": 3390
				},
				"2023-04-09": {
					"avg": 3487,
					"count": 1,
					"min": 3487,
					"max": 3487
				},
				"2023-04-12": {
					"avg": 3892,
					"count": 2,
					"min": 3025,
					"max": 4760
				},
				"2023-04-13": {
					"avg": 4188,
					"count": 4,
					"min": 889,
					"max": 6969
				},
				"2023-04-15": {
					"avg": 5896,
					"count": 4,
					"min": 1000,
					"max": 11999
				},
				"2023-04-16": {
					"avg": 3110,
					"count": 2,
					"min": 2895,
					"max": 3324
				},
				"2023-04-18": {
					"avg": 2149,
					"count": 2,
					"min": 899,
					"max": 3400
				},
				"2023-04-19": {
					"avg": 1891,
					"count": 1,
					"min": 1891,
					"max": 1891
				},
				"2023-04-20": {
					"avg": 4462,
					"count": 3,
					"min": 2898,
					"max": 6848
				},
				"2023-04-21": {
					"avg": 2251,
					"count": 6,
					"min": 1038,
					"max": 5251
				},
				"2023-04-22": {
					"avg": 2970,
					"count": 5,
					"min": 1074,
					"max": 8399
				},
				"2023-04-23": {
					"avg": 2025,
					"count": 4,
					"min": 1276,
					"max": 3048
				},
				"2023-04-25": {
					"avg": 2293,
					"count": 2,
					"min": 1696,
					"max": 2890
				},
				"2023-04-26": {
					"avg": 1749,
					"count": 2,
					"min": 1600,
					"max": 1899
				},
				"2023-04-27": {
					"avg": 1574,
					"count": 2,
					"min": 1498,
					"max": 1649
				},
				"2023-04-28": {
					"avg": 7725,
					"count": 7,
					"min": 1632,
					"max": 20124
				},
				"2023-04-29": {
					"avg": 2892,
					"count": 3,
					"min": 2185,
					"max": 3999
				},
				"2023-04-30": {
					"avg": 1039,
					"count": 1,
					"min": 1039,
					"max": 1039
				},
				"2023-05-01": {
					"avg": 2849,
					"count": 2,
					"min": 2499,
					"max": 3199
				},
				"2023-05-02": {
					"avg": 1995,
					"count": 1,
					"min": 1995,
					"max": 1995
				},
				"2023-05-03": {
					"avg": 2375,
					"count": 3,
					"min": 1232,
					"max": 3899
				},
				"2023-05-04": {
					"avg": 2393,
					"count": 4,
					"min": 1049,
					"max": 3991
				},
				"2023-05-06": {
					"avg": 2925,
					"count": 1,
					"min": 2925,
					"max": 2925
				},
				"2023-05-08": {
					"avg": 2331,
					"count": 3,
					"min": 999,
					"max": 3999
				},
				"2023-05-10": {
					"avg": 3049,
					"count": 2,
					"min": 2499,
					"max": 3599
				},
				"2023-05-11": {
					"avg": 3218,
					"count": 1,
					"min": 3218,
					"max": 3218
				},
				"2023-05-12": {
					"avg": 3298,
					"count": 1,
					"min": 3298,
					"max": 3298
				},
				"2023-05-13": {
					"avg": 1895,
					"count": 1,
					"min": 1895,
					"max": 1895
				},
				"2023-05-14": {
					"avg": 3599,
					"count": 1,
					"min": 3599,
					"max": 3599
				},
				"2023-05-15": {
					"avg": 1724,
					"count": 4,
					"min": 999,
					"max": 3698
				},
				"2023-05-16": {
					"avg": 2771,
					"count": 2,
					"min": 1945,
					"max": 3598
				},
				"2023-05-17": {
					"avg": 968,
					"count": 4,
					"min": 699,
					"max": 1274
				},
				"2023-05-18": {
					"avg": 4137,
					"count": 2,
					"min": 2725,
					"max": 5549
				},
				"2023-05-19": {
					"avg": 1610,
					"count": 5,
					"min": 1563,
					"max": 1798
				},
				"2023-05-21": {
					"avg": 3450,
					"count": 2,
					"min": 3401,
					"max": 3500
				},
				"2023-05-22": {
					"avg": 2148,
					"count": 2,
					"min": 2000,
					"max": 2295
				},
				"2023-05-23": {
					"avg": 2499,
					"count": 1,
					"min": 2499,
					"max": 2499
				},
				"2023-05-24": {
					"avg": 2838,
					"count": 3,
					"min": 1895,
					"max": 4519
				},
				"2023-05-25": {
					"avg": 3007,
					"count": 6,
					"min": 1974,
					"max": 4248
				},
				"2023-05-26": {
					"avg": 1440,
					"count": 4,
					"min": 599,
					"max": 3274
				},
				"2023-05-27": {
					"avg": 1978,
					"count": 2,
					"min": 1974,
					"max": 1983
				},
				"2023-05-28": {
					"avg": 1641,
					"count": 2,
					"min": 1298,
					"max": 1983
				},
				"2023-05-29": {
					"avg": 9300,
					"count": 1,
					"min": 9300,
					"max": 9300
				},
				"2023-05-30": {
					"avg": 999,
					"count": 1,
					"min": 999,
					"max": 999
				},
				"2023-05-31": {
					"avg": 2161,
					"count": 5,
					"min": 999,
					"max": 4500
				},
				"2023-06-01": {
					"avg": 3598,
					"count": 5,
					"min": 1648,
					"max": 5499
				},
				"2023-06-02": {
					"avg": 1699,
					"count": 1,
					"min": 1699,
					"max": 1699
				},
				"2023-06-03": {
					"avg": 3200,
					"count": 4,
					"min": 1298,
					"max": 7398
				},
				"2023-06-04": {
					"avg": 2192,
					"count": 4,
					"min": 1299,
					"max": 3473
				},
				"2023-06-05": {
					"avg": 3046,
					"count": 2,
					"min": 2795,
					"max": 3298
				},
				"2023-06-06": {
					"avg": 2925,
					"count": 1,
					"min": 2925,
					"max": 2925
				},
				"2023-06-07": {
					"avg": 2266,
					"count": 3,
					"min": 1399,
					"max": 2900
				},
				"2023-06-08": {
					"avg": 1865,
					"count": 1,
					"min": 1865,
					"max": 1865
				},
				"2023-06-09": {
					"avg": 3121,
					"count": 2,
					"min": 2498,
					"max": 3743
				},
				"2023-06-11": {
					"avg": 603,
					"count": 1,
					"min": 603,
					"max": 603
				},
				"2023-06-12": {
					"avg": 1868,
					"count": 1,
					"min": 1868,
					"max": 1868
				},
				"2023-06-13": {
					"avg": 1235,
					"count": 3,
					"min": 603,
					"max": 2500
				},
				"2023-06-14": {
					"avg": 1999,
					"count": 1,
					"min": 1999,
					"max": 1999
				},
				"2023-06-15": {
					"avg": 2583,
					"count": 2,
					"min": 2204,
					"max": 2962
				},
				"2023-06-16": {
					"avg": 3378,
					"count": 3,
					"min": 1000,
					"max": 7895
				},
				"2023-06-17": {
					"avg": 2752,
					"count": 3,
					"min": 1292,
					"max": 5096
				},
				"2023-06-18": {
					"avg": 2500,
					"count": 1,
					"min": 2500,
					"max": 2500
				},
				"2023-06-20": {
					"avg": 3072,
					"count": 3,
					"min": 1868,
					"max": 4099
				},
				"2023-06-21": {
					"avg": 1395,
					"count": 1,
					"min": 1395,
					"max": 1395
				},
				"2023-06-22": {
					"avg": 3499,
					"count": 2,
					"min": 2399,
					"max": 4599
				},
				"2023-06-23": {
					"avg": 2010,
					"count": 3,
					"min": 1295,
					"max": 2868
				},
				"2023-06-26": {
					"avg": 2196,
					"count": 2,
					"min": 2179,
					"max": 2212
				},
				"2023-06-27": {
					"avg": 3510,
					"count": 3,
					"min": 2899,
					"max": 4067
				},
				"2023-06-28": {
					"avg": 3964,
					"count": 6,
					"min": 2212,
					"max": 4925
				},
				"2023-06-29": {
					"avg": 4399,
					"count": 1,
					"min": 4399,
					"max": 4399
				},
				"2023-06-30": {
					"avg": 2274,
					"count": 4,
					"min": 1200,
					"max": 3599
				},
				"2023-07-01": {
					"avg": 2059,
					"count": 3,
					"min": 900,
					"max": 3085
				},
				"2023-07-02": {
					"avg": 4735,
					"count": 4,
					"min": 1221,
					"max": 9423
				},
				"2023-07-03": {
					"avg": 2906,
					"count": 2,
					"min": 1181,
					"max": 4631
				},
				"2023-07-04": {
					"avg": 1995,
					"count": 1,
					"min": 1995,
					"max": 1995
				},
				"2023-07-05": {
					"avg": 7593,
					"count": 5,
					"min": 1281,
					"max": 24099
				},
				"2023-07-06": {
					"avg": 3901,
					"count": 2,
					"min": 2498,
					"max": 5304
				},
				"2023-07-07": {
					"avg": 3173,
					"count": 7,
					"min": 948,
					"max": 7399
				},
				"2023-07-09": {
					"avg": 1279,
					"count": 1,
					"min": 1279,
					"max": 1279
				},
				"2023-07-10": {
					"avg": 3148,
					"count": 1,
					"min": 3148,
					"max": 3148
				},
				"2023-07-11": {
					"avg": 3974,
					"count": 3,
					"min": 1325,
					"max": 7599
				},
				"2023-07-13": {
					"avg": 12348,
					"count": 1,
					"min": 12348,
					"max": 12348
				},
				"2023-07-14": {
					"avg": 3054,
					"count": 4,
					"min": 1217,
					"max": 6874
				},
				"2023-07-15": {
					"avg": 2543,
					"count": 2,
					"min": 1846,
					"max": 3240
				},
				"2023-07-16": {
					"avg": 1620,
					"count": 4,
					"min": 949,
					"max": 2585
				},
				"2023-07-17": {
					"avg": 1945,
					"count": 1,
					"min": 1945,
					"max": 1945
				},
				"2023-07-18": {
					"avg": 4984,
					"count": 1,
					"min": 4984,
					"max": 4984
				},
				"2023-07-19": {
					"avg": 2167,
					"count": 3,
					"min": 1343,
					"max": 2598
				},
				"2023-07-20": {
					"avg": 2598,
					"count": 4,
					"min": 2475,
					"max": 2795
				},
				"2023-07-21": {
					"avg": 2224,
					"count": 2,
					"min": 1948,
					"max": 2499
				},
				"2023-07-22": {
					"avg": 2099,
					"count": 1,
					"min": 2099,
					"max": 2099
				},
				"2023-07-23": {
					"avg": 6116,
					"count": 2,
					"min": 2808,
					"max": 9424
				},
				"2023-07-25": {
					"avg": 1995,
					"count": 1,
					"min": 1995,
					"max": 1995
				},
				"2023-07-26": {
					"avg": 6667,
					"count": 2,
					"min": 1335,
					"max": 11999
				},
				"2023-07-29": {
					"avg": 2570,
					"count": 3,
					"min": 1818,
					"max": 3392
				},
				"2023-07-31": {
					"avg": 1749,
					"count": 1,
					"min": 1749,
					"max": 1749
				},
				"2023-08-01": {
					"avg": 5781,
					"count": 7,
					"min": 1925,
					"max": 7899
				},
				"2023-08-02": {
					"avg": 3000,
					"count": 3,
					"min": 1000,
					"max": 5036
				},
				"2023-08-03": {
					"avg": 2969,
					"count": 4,
					"min": 1936,
					"max": 5098
				},
				"2023-08-04": {
					"avg": 3135,
					"count": 6,
					"min": 1399,
					"max": 5689
				},
				"2023-08-06": {
					"avg": 1650,
					"count": 3,
					"min": 1450,
					"max": 1750
				},
				"2023-08-07": {
					"avg": 989,
					"count": 1,
					"min": 989,
					"max": 989
				},
				"2023-08-08": {
					"avg": 5805,
					"count": 5,
					"min": 850,
					"max": 19995
				},
				"2023-08-09": {
					"avg": 2542,
					"count": 11,
					"min": 1725,
					"max": 4999
				},
				"2023-08-10": {
					"avg": 1059,
					"count": 1,
					"min": 1059,
					"max": 1059
				},
				"2023-08-11": {
					"avg": 4940,
					"count": 2,
					"min": 2999,
					"max": 6880
				},
				"2023-08-12": {
					"avg": 1649,
					"count": 2,
					"min": 975,
					"max": 2324
				},
				"2023-08-13": {
					"avg": 2112,
					"count": 2,
					"min": 1725,
					"max": 2499
				},
				"2023-08-14": {
					"avg": 2082,
					"count": 3,
					"min": 841,
					"max": 2907
				},
				"2023-08-15": {
					"avg": 3199,
					"count": 2,
					"min": 2499,
					"max": 3900
				},
				"2023-08-16": {
					"avg": 2199,
					"count": 1,
					"min": 2199,
					"max": 2199
				},
				"2023-08-17": {
					"avg": 1569,
					"count": 8,
					"min": 975,
					"max": 5200
				},
				"2023-08-18": {
					"avg": 2022,
					"count": 4,
					"min": 850,
					"max": 2901
				},
				"2023-08-20": {
					"avg": 3048,
					"count": 4,
					"min": 2788,
					"max": 3300
				},
				"2023-08-21": {
					"avg": 20793,
					"count": 1,
					"min": 20793,
					"max": 20793
				},
				"2023-08-22": {
					"avg": 2738,
					"count": 2,
					"min": 2497,
					"max": 2978
				},
				"2023-08-23": {
					"avg": 2701,
					"count": 3,
					"min": 1105,
					"max": 4099
				},
				"2023-08-24": {
					"avg": 1434,
					"count": 4,
					"min": 899,
					"max": 2999
				},
				"2023-08-25": {
					"avg": 4500,
					"count": 1,
					"min": 4500,
					"max": 4500
				},
				"2023-08-26": {
					"avg": 1845,
					"count": 2,
					"min": 1724,
					"max": 1965
				},
				"2023-08-27": {
					"avg": 1591,
					"count": 9,
					"min": 892,
					"max": 3499
				},
				"2023-08-28": {
					"avg": 6900,
					"count": 1,
					"min": 6900,
					"max": 6900
				},
				"2023-08-29": {
					"avg": 2010,
					"count": 2,
					"min": 920,
					"max": 3099
				},
				"2023-08-30": {
					"avg": 5172,
					"count": 3,
					"min": 2520,
					"max": 10298
				},
				"2023-08-31": {
					"avg": 2030,
					"count": 4,
					"min": 1055,
					"max": 4812
				},
				"2023-09-01": {
					"avg": 1159,
					"count": 2,
					"min": 920,
					"max": 1398
				},
				"2023-09-02": {
					"avg": 13662,
					"count": 3,
					"min": 892,
					"max": 20099
				},
				"2023-09-03": {
					"avg": 1549,
					"count": 1,
					"min": 1549,
					"max": 1549
				},
				"2023-09-04": {
					"avg": 2563,
					"count": 3,
					"min": 891,
					"max": 4800
				},
				"2023-09-05": {
					"avg": 1913,
					"count": 4,
					"min": 999,
					"max": 2890
				},
				"2023-09-06": {
					"avg": 1395,
					"count": 1,
					"min": 1395,
					"max": 1395
				},
				"2023-09-07": {
					"avg": 9830,
					"count": 3,
					"min": 1231,
					"max": 22260
				},
				"2023-09-08": {
					"avg": 899,
					"count": 1,
					"min": 899,
					"max": 899
				},
				"2023-09-09": {
					"avg": 1249,
					"count": 2,
					"min": 1198,
					"max": 1299
				},
				"2023-09-10": {
					"avg": 3497,
					"count": 2,
					"min": 1995,
					"max": 4999
				},
				"2023-09-11": {
					"avg": 2949,
					"count": 1,
					"min": 2949,
					"max": 2949
				},
				"2023-09-12": {
					"avg": 1929,
					"count": 3,
					"min": 1397,
					"max": 2795
				},
				"2023-09-14": {
					"avg": 1460,
					"count": 2,
					"min": 898,
					"max": 2021
				},
				"2023-09-15": {
					"avg": 2084,
					"count": 2,
					"min": 1299,
					"max": 2868
				},
				"2023-09-16": {
					"avg": 1374,
					"count": 1,
					"min": 1374,
					"max": 1374
				},
				"2023-09-17": {
					"avg": 1249,
					"count": 2,
					"min": 1099,
					"max": 1398
				},
				"2023-09-19": {
					"avg": 7943,
					"count": 3,
					"min": 1699,
					"max": 20429
				},
				"2023-09-20": {
					"avg": 1893,
					"count": 4,
					"min": 799,
					"max": 2899
				},
				"2023-09-21": {
					"avg": 3111,
					"count": 5,
					"min": 899,
					"max": 5169
				},
				"2023-09-22": {
					"avg": 2424,
					"count": 4,
					"min": 2198,
					"max": 2962
				},
				"2023-09-23": {
					"avg": 3899,
					"count": 3,
					"min": 2399,
					"max": 4800
				},
				"2023-09-24": {
					"avg": 2400,
					"count": 1,
					"min": 2400,
					"max": 2400
				},
				"2023-09-25": {
					"avg": 1199,
					"count": 5,
					"min": 899,
					"max": 1812
				},
				"2023-09-26": {
					"avg": 1303,
					"count": 3,
					"min": 999,
					"max": 1811
				},
				"2023-09-27": {
					"avg": 1811,
					"count": 1,
					"min": 1811,
					"max": 1811
				},
				"2023-09-28": {
					"avg": 897,
					"count": 2,
					"min": 895,
					"max": 899
				},
				"2023-09-29": {
					"avg": 10324,
					"count": 2,
					"min": 1149,
					"max": 19499
				},
				"2023-09-30": {
					"avg": 2066,
					"count": 6,
					"min": 1199,
					"max": 2997
				},
				"2023-10-01": {
					"avg": 1090,
					"count": 8,
					"min": 690,
					"max": 2575
				},
				"2023-10-02": {
					"avg": 1622,
					"count": 18,
					"min": 698,
					"max": 4698
				},
				"2023-10-03": {
					"avg": 2574,
					"count": 3,
					"min": 1650,
					"max": 3474
				},
				"2023-10-06": {
					"avg": 1927,
					"count": 7,
					"min": 898,
					"max": 3974
				},
				"2023-10-07": {
					"avg": 3106,
					"count": 3,
					"min": 1724,
					"max": 4998
				},
				"2023-10-08": {
					"avg": 2599,
					"count": 2,
					"min": 2598,
					"max": 2599
				},
				"2023-10-09": {
					"avg": 2124,
					"count": 2,
					"min": 1724,
					"max": 2524
				},
				"2023-10-10": {
					"avg": 5153,
					"count": 2,
					"min": 2105,
					"max": 8200
				},
				"2023-10-11": {
					"avg": 2599,
					"count": 2,
					"min": 2599,
					"max": 2599
				},
				"2023-10-12": {
					"avg": 4048,
					"count": 2,
					"min": 3500,
					"max": 4595
				},
				"2023-10-13": {
					"avg": 3307,
					"count": 4,
					"min": 1986,
					"max": 4801
				},
				"2023-10-14": {
					"avg": 2299,
					"count": 2,
					"min": 2000,
					"max": 2599
				},
				"2023-10-15": {
					"avg": 1177,
					"count": 6,
					"min": 599,
					"max": 1700
				},
				"2023-10-16": {
					"avg": 2640,
					"count": 3,
					"min": 599,
					"max": 5621
				},
				"2023-10-17": {
					"avg": 2697,
					"count": 1,
					"min": 2697,
					"max": 2697
				},
				"2023-10-18": {
					"avg": 4548,
					"count": 1,
					"min": 4548,
					"max": 4548
				},
				"2023-10-19": {
					"avg": 3549,
					"count": 2,
					"min": 2599,
					"max": 4499
				},
				"2023-10-20": {
					"avg": 2191,
					"count": 3,
					"min": 999,
					"max": 3849
				},
				"2023-10-21": {
					"avg": 2946,
					"count": 3,
					"min": 1699,
					"max": 4761
				},
				"2023-10-22": {
					"avg": 1290,
					"count": 10,
					"min": 697,
					"max": 1850
				},
				"2023-10-24": {
					"avg": 4438,
					"count": 2,
					"min": 2478,
					"max": 6398
				},
				"2023-10-26": {
					"avg": 2249,
					"count": 2,
					"min": 1999,
					"max": 2500
				},
				"2023-10-27": {
					"avg": 2681,
					"count": 6,
					"min": 956,
					"max": 6306
				},
				"2023-10-28": {
					"avg": 2595,
					"count": 2,
					"min": 2395,
					"max": 2795
				},
				"2023-10-29": {
					"avg": 6881,
					"count": 3,
					"min": 999,
					"max": 14023
				},
				"2023-10-31": {
					"avg": 2768,
					"count": 6,
					"min": 1099,
					"max": 5377
				},
				"2023-11-01": {
					"avg": 2083,
					"count": 2,
					"min": 1990,
					"max": 2175
				},
				"2023-11-02": {
					"avg": 6392,
					"count": 1,
					"min": 6392,
					"max": 6392
				},
				"2023-11-03": {
					"avg": 4579,
					"count": 7,
					"min": 843,
					"max": 17098
				},
				"2023-11-04": {
					"avg": 2483,
					"count": 4,
					"min": 843,
					"max": 4398
				},
				"2023-11-05": {
					"avg": 10869,
					"count": 1,
					"min": 10869,
					"max": 10869
				},
				"2023-11-06": {
					"avg": 1589,
					"count": 3,
					"min": 703,
					"max": 2732
				},
				"2023-11-08": {
					"avg": 1599,
					"count": 2,
					"min": 1549,
					"max": 1649
				},
				"2023-11-09": {
					"avg": 1752,
					"count": 2,
					"min": 755,
					"max": 2750
				},
				"2023-11-10": {
					"avg": 1824,
					"count": 3,
					"min": 754,
					"max": 3070
				},
				"2023-11-11": {
					"avg": 3174,
					"count": 3,
					"min": 2699,
					"max": 3825
				},
				"2023-11-12": {
					"avg": 2449,
					"count": 5,
					"min": 798,
					"max": 4695
				},
				"2023-11-13": {
					"avg": 1747,
					"count": 1,
					"min": 1747,
					"max": 1747
				},
				"2023-11-14": {
					"avg": 1998,
					"count": 2,
					"min": 1698,
					"max": 2298
				},
				"2023-11-15": {
					"avg": 4855,
					"count": 3,
					"min": 797,
					"max": 6920
				},
				"2023-11-17": {
					"avg": 1596,
					"count": 1,
					"min": 1596,
					"max": 1596
				},
				"2023-11-18": {
					"avg": 3078,
					"count": 2,
					"min": 3027,
					"max": 3129
				},
				"2023-11-19": {
					"avg": 4009,
					"count": 4,
					"min": 1044,
					"max": 8998
				},
				"2023-11-20": {
					"avg": 3653,
					"count": 5,
					"min": 499,
					"max": 10799
				},
				"2023-11-21": {
					"avg": 2312,
					"count": 4,
					"min": 781,
					"max": 2873
				},
				"2023-11-22": {
					"avg": 1449,
					"count": 1,
					"min": 1449,
					"max": 1449
				},
				"2023-11-23": {
					"avg": 995,
					"count": 2,
					"min": 850,
					"max": 1140
				},
				"2023-11-24": {
					"avg": 3529,
					"count": 25,
					"min": 749,
					"max": 8369
				},
				"2023-11-25": {
					"avg": 2021,
					"count": 2,
					"min": 1244,
					"max": 2798
				},
				"2023-11-26": {
					"avg": 5060,
					"count": 3,
					"min": 2797,
					"max": 7984
				},
				"2023-11-27": {
					"avg": 1522,
					"count": 3,
					"min": 689,
					"max": 2799
				},
				"2024-05-16": {
					"avg": 2982,
					"count": 5,
					"min": 1499,
					"max": 5490
				},
				"2024-05-17": {
					"avg": 3092,
					"count": 27,
					"min": 849,
					"max": 10821
				},
				"2024-05-18": {
					"avg": 1876,
					"count": 1,
					"min": 1876,
					"max": 1876
				},
				"2024-05-19": {
					"avg": 4566,
					"count": 3,
					"min": 2910,
					"max": 5489
				},
				"2024-05-20": {
					"avg": 5892,
					"count": 3,
					"min": 1377,
					"max": 13001
				},
				"2024-05-21": {
					"avg": 2266,
					"count": 4,
					"min": 1719,
					"max": 2725
				},
				"2024-05-22": {
					"avg": 2199,
					"count": 7,
					"min": 999,
					"max": 5490
				},
				"2024-05-23": {
					"avg": 7482,
					"count": 2,
					"min": 3257,
					"max": 11708
				},
				"2024-05-24": {
					"avg": 3200,
					"count": 2,
					"min": 3099,
					"max": 3300
				},
				"2024-05-27": {
					"avg": 3000,
					"count": 1,
					"min": 3000,
					"max": 3000
				},
				"2024-05-31": {
					"avg": 3286,
					"count": 1,
					"min": 3286,
					"max": 3286
				},
				"2024-06-01": {
					"avg": 6200,
					"count": 3,
					"min": 3090,
					"max": 11499
				},
				"2024-06-02": {
					"avg": 3121,
					"count": 1,
					"min": 3121,
					"max": 3121
				},
				"2024-06-07": {
					"avg": 2945,
					"count": 1,
					"min": 2945,
					"max": 2945
				},
				"2024-06-10": {
					"avg": 3282,
					"count": 5,
					"min": 2944,
					"max": 4450
				},
				"2024-06-11": {
					"avg": 14450,
					"count": 1,
					"min": 14450,
					"max": 14450
				},
				"2024-06-14": {
					"avg": 4498,
					"count": 1,
					"min": 4498,
					"max": 4498
				},
				"2024-06-17": {
					"avg": 3399,
					"count": 1,
					"min": 3399,
					"max": 3399
				},
				"2024-06-19": {
					"avg": 3899,
					"count": 2,
					"min": 3299,
					"max": 4499
				},
				"2024-06-21": {
					"avg": 3647,
					"count": 4,
					"min": 3112,
					"max": 4487
				},
				"2024-06-23": {
					"avg": 4495,
					"count": 1,
					"min": 4495,
					"max": 4495
				},
				"2024-06-26": {
					"avg": 4499,
					"count": 1,
					"min": 4499,
					"max": 4499
				},
				"2024-06-27": {
					"avg": 3614,
					"count": 2,
					"min": 3099,
					"max": 4128
				},
				"2024-06-29": {
					"avg": 4301,
					"count": 2,
					"min": 4103,
					"max": 4499
				},
				"2024-06-30": {
					"avg": 4301,
					"count": 2,
					"min": 3099,
					"max": 5503
				},
				"2024-07-01": {
					"avg": 11677,
					"count": 1,
					"min": 11677,
					"max": 11677
				},
				"2024-07-02": {
					"avg": 4499,
					"count": 1,
					"min": 4499,
					"max": 4499
				},
				"2024-07-04": {
					"avg": 3949,
					"count": 2,
					"min": 3398,
					"max": 4499
				},
				"2024-07-09": {
					"avg": 7600,
					"count": 2,
					"min": 3499,
					"max": 11701
				},
				"2024-07-12": {
					"avg": 2999,
					"count": 1,
					"min": 2999,
					"max": 2999
				},
				"2024-07-13": {
					"avg": 3575,
					"count": 1,
					"min": 3575,
					"max": 3575
				},
				"2024-07-15": {
					"avg": 3347,
					"count": 1,
					"min": 3347,
					"max": 3347
				},
				"2024-07-16": {
					"avg": 3575,
					"count": 1,
					"min": 3575,
					"max": 3575
				},
				"2024-07-20": {
					"avg": 3342,
					"count": 2,
					"min": 3184,
					"max": 3499
				},
				"2024-07-21": {
					"avg": 3163,
					"count": 2,
					"min": 3127,
					"max": 3198
				},
				"2024-07-24": {
					"avg": 2914,
					"count": 1,
					"min": 2914,
					"max": 2914
				},
				"2024-07-25": {
					"avg": 3050,
					"count": 2,
					"min": 3040,
					"max": 3059
				},
				"2024-07-26": {
					"avg": 6522,
					"count": 3,
					"min": 3059,
					"max": 12207
				},
				"2024-07-27": {
					"avg": 3770,
					"count": 2,
					"min": 3040,
					"max": 4499
				},
				"2024-07-31": {
					"avg": 11698,
					"count": 1,
					"min": 11698,
					"max": 11698
				},
				"2024-08-01": {
					"avg": 4144,
					"count": 2,
					"min": 3040,
					"max": 5248
				},
				"2024-08-02": {
					"avg": 3618,
					"count": 2,
					"min": 3040,
					"max": 4195
				},
				"2024-08-04": {
					"avg": 3651,
					"count": 2,
					"min": 3651,
					"max": 3651
				},
				"2024-08-07": {
					"avg": 3842,
					"count": 2,
					"min": 3485,
					"max": 4198
				},
				"2024-08-08": {
					"avg": 4046,
					"count": 3,
					"min": 3485,
					"max": 4573
				},
				"2024-08-09": {
					"avg": 3486,
					"count": 1,
					"min": 3486,
					"max": 3486
				},
				"2024-08-11": {
					"avg": 3275,
					"count": 1,
					"min": 3275,
					"max": 3275
				},
				"2024-08-12": {
					"avg": 3698,
					"count": 1,
					"min": 3698,
					"max": 3698
				},
				"2024-08-13": {
					"avg": 5827,
					"count": 4,
					"min": 3698,
					"max": 11583
				},
				"2024-08-18": {
					"avg": 3697,
					"count": 2,
					"min": 3696,
					"max": 3698
				},
				"2024-08-19": {
					"avg": 3698,
					"count": 1,
					"min": 3698,
					"max": 3698
				},
				"2024-08-20": {
					"avg": 3699,
					"count": 1,
					"min": 3699,
					"max": 3699
				},
				"2024-08-21": {
					"avg": 4066,
					"count": 3,
					"min": 3699,
					"max": 4499
				},
				"2024-08-27": {
					"avg": 3999,
					"count": 2,
					"min": 3059,
					"max": 4939
				},
				"2024-08-30": {
					"avg": 3625,
					"count": 1,
					"min": 3625,
					"max": 3625
				},
				"2024-09-03": {
					"avg": 6348,
					"count": 1,
					"min": 6348,
					"max": 6348
				},
				"2024-09-04": {
					"avg": 4285,
					"count": 2,
					"min": 3500,
					"max": 5069
				},
				"2024-09-06": {
					"avg": 3627,
					"count": 1,
					"min": 3627,
					"max": 3627
				},
				"2024-09-07": {
					"avg": 3627,
					"count": 2,
					"min": 3627,
					"max": 3627
				},
				"2024-09-12": {
					"avg": 3197,
					"count": 2,
					"min": 2500,
					"max": 3893
				},
				"2024-09-16": {
					"avg": 12498,
					"count": 1,
					"min": 12498,
					"max": 12498
				},
				"2024-09-18": {
					"avg": 14500,
					"count": 1,
					"min": 14500,
					"max": 14500
				},
				"2024-09-21": {
					"avg": 5313,
					"count": 2,
					"min": 5313,
					"max": 5313
				},
				"2024-09-22": {
					"avg": 3699,
					"count": 1,
					"min": 3699,
					"max": 3699
				}
			},
			"avg": 3172,
			"avg7": 3122,
			"avg28": 3122
		},
		"normal-used": {
			"history": {
				"2024-05-23": {
					"avg": 1000,
					"count": 1,
					"min": 1000,
					"max": 1000
				},
				"2024-05-26": {
					"avg": 1091,
					"count": 1,
					"min": 1091,
					"max": 1091
				},
				"2024-05-27": {
					"avg": 1351,
					"count": 1,
					"min": 1351,
					"max": 1351
				},
				"2024-06-02": {
					"avg": 1183,
					"count": 2,
					"min": 1183,
					"max": 1183
				},
				"2024-06-12": {
					"avg": 1059,
					"count": 2,
					"min": 1059,
					"max": 1059
				},
				"2024-06-14": {
					"avg": 1183,
					"count": 1,
					"min": 1183,
					"max": 1183
				},
				"2024-06-18": {
					"avg": 1069,
					"count": 1,
					"min": 1069,
					"max": 1069
				},
				"2024-06-21": {
					"avg": 1069,
					"count": 1,
					"min": 1069,
					"max": 1069
				},
				"2024-06-23": {
					"avg": 1126,
					"count": 5,
					"min": 1069,
					"max": 1249
				},
				"2024-06-25": {
					"avg": 1069,
					"count": 1,
					"min": 1069,
					"max": 1069
				},
				"2024-06-27": {
					"avg": 1200,
					"count": 2,
					"min": 1200,
					"max": 1200
				},
				"2024-06-29": {
					"avg": 1169,
					"count": 1,
					"min": 1169,
					"max": 1169
				},
				"2024-07-03": {
					"avg": 1147,
					"count": 2,
					"min": 1069,
					"max": 1225
				},
				"2024-07-04": {
					"avg": 1349,
					"count": 1,
					"min": 1349,
					"max": 1349
				},
				"2024-07-10": {
					"avg": 1069,
					"count": 4,
					"min": 1069,
					"max": 1069
				},
				"2024-07-13": {
					"avg": 1375,
					"count": 1,
					"min": 1375,
					"max": 1375
				},
				"2024-07-14": {
					"avg": 1595,
					"count": 3,
					"min": 1069,
					"max": 2516
				},
				"2024-07-16": {
					"avg": 1084,
					"count": 2,
					"min": 1069,
					"max": 1099
				},
				"2024-07-17": {
					"avg": 1109,
					"count": 2,
					"min": 1077,
					"max": 1140
				},
				"2024-07-20": {
					"avg": 1144,
					"count": 3,
					"min": 1129,
					"max": 1174
				},
				"2024-07-21": {
					"avg": 2961,
					"count": 2,
					"min": 1122,
					"max": 4800
				},
				"2024-07-25": {
					"avg": 3465,
					"count": 2,
					"min": 2999,
					"max": 3930
				},
				"2024-07-27": {
					"avg": 1222,
					"count": 2,
					"min": 1184,
					"max": 1260
				},
				"2024-07-28": {
					"avg": 1449,
					"count": 1,
					"min": 1449,
					"max": 1449
				},
				"2024-07-29": {
					"avg": 1199,
					"count": 2,
					"min": 1099,
					"max": 1299
				},
				"2024-08-02": {
					"avg": 1158,
					"count": 1,
					"min": 1158,
					"max": 1158
				},
				"2024-08-05": {
					"avg": 2029,
					"count": 3,
					"min": 1100,
					"max": 3488
				},
				"2024-08-06": {
					"avg": 1174,
					"count": 1,
					"min": 1174,
					"max": 1174
				},
				"2024-08-07": {
					"avg": 2198,
					"count": 1,
					"min": 2198,
					"max": 2198
				},
				"2024-08-08": {
					"avg": 1170,
					"count": 1,
					"min": 1170,
					"max": 1170
				},
				"2024-08-11": {
					"avg": 1782,
					"count": 1,
					"min": 1782,
					"max": 1782
				},
				"2024-08-12": {
					"avg": 1247,
					"count": 3,
					"min": 1173,
					"max": 1300
				},
				"2024-08-14": {
					"avg": 4597,
					"count": 1,
					"min": 4597,
					"max": 4597
				},
				"2024-08-18": {
					"avg": 1098,
					"count": 1,
					"min": 1098,
					"max": 1098
				},
				"2024-08-19": {
					"avg": 1098,
					"count": 1,
					"min": 1098,
					"max": 1098
				},
				"2024-08-20": {
					"avg": 1262,
					"count": 2,
					"min": 1098,
					"max": 1425
				},
				"2024-08-23": {
					"avg": 1298,
					"count": 2,
					"min": 1098,
					"max": 1498
				},
				"2024-08-24": {
					"avg": 1190,
					"count": 3,
					"min": 1099,
					"max": 1297
				},
				"2024-08-25": {
					"avg": 1448,
					"count": 1,
					"min": 1448,
					"max": 1448
				},
				"2024-08-26": {
					"avg": 1379,
					"count": 1,
					"min": 1379,
					"max": 1379
				},
				"2024-08-31": {
					"avg": 1336,
					"count": 1,
					"min": 1336,
					"max": 1336
				},
				"2024-09-04": {
					"avg": 4203,
					"count": 1,
					"min": 4203,
					"max": 4203
				},
				"2024-09-07": {
					"avg": 1149,
					"count": 2,
					"min": 1099,
					"max": 1199
				},
				"2024-09-09": {
					"avg": 1198,
					"count": 1,
					"min": 1198,
					"max": 1198
				},
				"2024-09-10": {
					"avg": 1198,
					"count": 1,
					"min": 1198,
					"max": 1198
				},
				"2024-09-12": {
					"avg": 1195,
					"count": 3,
					"min": 1126,
					"max": 1334
				},
				"2024-09-14": {
					"avg": 2271,
					"count": 2,
					"min": 1265,
					"max": 3277
				},
				"2024-09-15": {
					"avg": 1244,
					"count": 1,
					"min": 1244,
					"max": 1244
				},
				"2024-09-18": {
					"avg": 1300,
					"count": 2,
					"min": 1199,
					"max": 1400
				},
				"2024-09-19": {
					"avg": 1300,
					"count": 1,
					"min": 1300,
					"max": 1300
				},
				"2024-09-21": {
					"avg": 1411,
					"count": 1,
					"min": 1411,
					"max": 1411
				},
				"2024-09-22": {
					"avg": 1229,
					"count": 2,
					"min": 1122,
					"max": 1336
				}
			},
			"avg": 1443,
			"avg7": -1,
			"avg28": -1
		},
		"normal-poor": {
			"history": {
				"2024-05-26": {
					"avg": 884,
					"count": 2,
					"min": 819,
					"max": 949
				},
				"2024-05-31": {
					"avg": 950,
					"count": 1,
					"min": 950,
					"max": 950
				},
				"2024-06-02": {
					"avg": 950,
					"count": 1,
					"min": 950,
					"max": 950
				},
				"2024-06-05": {
					"avg": 950,
					"count": 1,
					"min": 950,
					"max": 950
				},
				"2024-06-07": {
					"avg": 1201,
					"count": 2,
					"min": 1027,
					"max": 1374
				},
				"2024-06-08": {
					"avg": 945,
					"count": 1,
					"min": 945,
					"max": 945
				},
				"2024-06-09": {
					"avg": 963,
					"count": 1,
					"min": 963,
					"max": 963
				},
				"2024-06-11": {
					"avg": 2738,
					"count": 1,
					"min": 2738,
					"max": 2738
				},
				"2024-06-15": {
					"avg": 945,
					"count": 1,
					"min": 945,
					"max": 945
				},
				"2024-06-19": {
					"avg": 948,
					"count": 2,
					"min": 945,
					"max": 950
				},
				"2024-06-20": {
					"avg": 894,
					"count": 1,
					"min": 894,
					"max": 894
				},
				"2024-06-27": {
					"avg": 950,
					"count": 1,
					"min": 950,
					"max": 950
				},
				"2024-06-30": {
					"avg": 845,
					"count": 1,
					"min": 845,
					"max": 845
				},
				"2024-07-01": {
					"avg": 944,
					"count": 1,
					"min": 944,
					"max": 944
				},
				"2024-07-02": {
					"avg": 3800,
					"count": 1,
					"min": 3800,
					"max": 3800
				},
				"2024-07-04": {
					"avg": 923,
					"count": 2,
					"min": 900,
					"max": 945
				},
				"2024-07-05": {
					"avg": 945,
					"count": 1,
					"min": 945,
					"max": 945
				},
				"2024-07-07": {
					"avg": 945,
					"count": 1,
					"min": 945,
					"max": 945
				},
				"2024-07-09": {
					"avg": 1042,
					"count": 1,
					"min": 1042,
					"max": 1042
				},
				"2024-07-10": {
					"avg": 1122,
					"count": 1,
					"min": 1122,
					"max": 1122
				},
				"2024-07-11": {
					"avg": 967,
					"count": 1,
					"min": 967,
					"max": 967
				},
				"2024-07-12": {
					"avg": 967,
					"count": 1,
					"min": 967,
					"max": 967
				},
				"2024-07-13": {
					"avg": 1110,
					"count": 1,
					"min": 1110,
					"max": 1110
				},
				"2024-07-18": {
					"avg": 930,
					"count": 1,
					"min": 930,
					"max": 930
				},
				"2024-07-25": {
					"avg": 820,
					"count": 1,
					"min": 820,
					"max": 820
				},
				"2024-07-26": {
					"avg": 861,
					"count": 1,
					"min": 861,
					"max": 861
				},
				"2024-07-27": {
					"avg": 819,
					"count": 1,
					"min": 819,
					"max": 819
				},
				"2024-07-29": {
					"avg": 1398,
					"count": 1,
					"min": 1398,
					"max": 1398
				},
				"2024-07-31": {
					"avg": 820,
					"count": 1,
					"min": 820,
					"max": 820
				},
				"2024-08-02": {
					"avg": 820,
					"count": 1,
					"min": 820,
					"max": 820
				},
				"2024-08-03": {
					"avg": 1109,
					"count": 2,
					"min": 820,
					"max": 1397
				},
				"2024-08-05": {
					"avg": 906,
					"count": 1,
					"min": 906,
					"max": 906
				},
				"2024-08-07": {
					"avg": 3408,
					"count": 1,
					"min": 3408,
					"max": 3408
				},
				"2024-08-08": {
					"avg": 899,
					"count": 1,
					"min": 899,
					"max": 899
				},
				"2024-08-12": {
					"avg": 1160,
					"count": 1,
					"min": 1160,
					"max": 1160
				},
				"2024-08-15": {
					"avg": 949,
					"count": 2,
					"min": 949,
					"max": 949
				},
				"2024-08-17": {
					"avg": 970,
					"count": 1,
					"min": 970,
					"max": 970
				},
				"2024-08-20": {
					"avg": 1143,
					"count": 3,
					"min": 999,
					"max": 1430
				},
				"2024-08-21": {
					"avg": 1020,
					"count": 3,
					"min": 1011,
					"max": 1039
				},
				"2024-08-26": {
					"avg": 999,
					"count": 1,
					"min": 999,
					"max": 999
				},
				"2024-08-31": {
					"avg": 700,
					"count": 1,
					"min": 700,
					"max": 700
				},
				"2024-09-05": {
					"avg": 929,
					"count": 1,
					"min": 929,
					"max": 929
				},
				"2024-09-13": {
					"avg": 902,
					"count": 1,
					"min": 902,
					"max": 902
				},
				"2024-09-17": {
					"avg": 998,
					"count": 1,
					"min": 998,
					"max": 998
				},
				"2024-09-18": {
					"avg": 1039,
					"count": 1,
					"min": 1039,
					"max": 1039
				},
				"2024-09-21": {
					"avg": 950,
					"count": 1,
					"min": 950,
					"max": 950
				},
				"2024-09-22": {
					"avg": 950,
					"count": 1,
					"min": 950,
					"max": 950
				}
			},
			"avg": 1101,
			"avg7": -1,
			"avg28": -1
		},
		"normal-played": {
			"history": {
				"2024-05-25": {
					"avg": 1730,
					"count": 1,
					"min": 1730,
					"max": 1730
				},
				"2024-05-26": {
					"avg": 1698,
					"count": 2,
					"min": 1697,
					"max": 1698
				},
				"2024-05-29": {
					"avg": 3519,
					"count": 1,
					"min": 3519,
					"max": 3519
				},
				"2024-05-30": {
					"avg": 1675,
					"count": 1,
					"min": 1675,
					"max": 1675
				},
				"2024-06-02": {
					"avg": 1698,
					"count": 7,
					"min": 1698,
					"max": 1698
				},
				"2024-06-04": {
					"avg": 1799,
					"count": 2,
					"min": 1598,
					"max": 1999
				},
				"2024-06-06": {
					"avg": 1592,
					"count": 2,
					"min": 1586,
					"max": 1598
				},
				"2024-06-08": {
					"avg": 1804,
					"count": 1,
					"min": 1804,
					"max": 1804
				},
				"2024-06-09": {
					"avg": 1650,
					"count": 1,
					"min": 1650,
					"max": 1650
				},
				"2024-06-11": {
					"avg": 3894,
					"count": 3,
					"min": 1185,
					"max": 8999
				},
				"2024-06-12": {
					"avg": 1817,
					"count": 3,
					"min": 1700,
					"max": 1898
				},
				"2024-06-16": {
					"avg": 1586,
					"count": 1,
					"min": 1586,
					"max": 1586
				},
				"2024-06-18": {
					"avg": 1586,
					"count": 1,
					"min": 1586,
					"max": 1586
				},
				"2024-06-19": {
					"avg": 2627,
					"count": 1,
					"min": 2627,
					"max": 2627
				},
				"2024-06-20": {
					"avg": 2298,
					"count": 1,
					"min": 2298,
					"max": 2298
				},
				"2024-06-21": {
					"avg": 1464,
					"count": 1,
					"min": 1464,
					"max": 1464
				},
				"2024-06-22": {
					"avg": 4567,
					"count": 2,
					"min": 1537,
					"max": 7597
				},
				"2024-06-23": {
					"avg": 1464,
					"count": 1,
					"min": 1464,
					"max": 1464
				},
				"2024-06-26": {
					"avg": 1771,
					"count": 2,
					"min": 1464,
					"max": 2078
				},
				"2024-06-28": {
					"avg": 1732,
					"count": 2,
					"min": 1464,
					"max": 1999
				},
				"2024-06-30": {
					"avg": 1599,
					"count": 1,
					"min": 1599,
					"max": 1599
				},
				"2024-07-02": {
					"avg": 2101,
					"count": 2,
					"min": 1575,
					"max": 2627
				},
				"2024-07-03": {
					"avg": 1558,
					"count": 1,
					"min": 1558,
					"max": 1558
				},
				"2024-07-04": {
					"avg": 1558,
					"count": 1,
					"min": 1558,
					"max": 1558
				},
				"2024-07-05": {
					"avg": 2184,
					"count": 2,
					"min": 1629,
					"max": 2739
				},
				"2024-07-06": {
					"avg": 1711,
					"count": 1,
					"min": 1711,
					"max": 1711
				},
				"2024-07-07": {
					"avg": 6699,
					"count": 1,
					"min": 6699,
					"max": 6699
				},
				"2024-07-09": {
					"avg": 2465,
					"count": 3,
					"min": 1825,
					"max": 3639
				},
				"2024-07-10": {
					"avg": 2000,
					"count": 1,
					"min": 2000,
					"max": 2000
				},
				"2024-07-11": {
					"avg": 1921,
					"count": 1,
					"min": 1921,
					"max": 1921
				},
				"2024-07-12": {
					"avg": 1999,
					"count": 1,
					"min": 1999,
					"max": 1999
				},
				"2024-07-13": {
					"avg": 4809,
					"count": 2,
					"min": 1739,
					"max": 7878
				},
				"2024-07-14": {
					"avg": 1921,
					"count": 1,
					"min": 1921,
					"max": 1921
				},
				"2024-07-16": {
					"avg": 3341,
					"count": 4,
					"min": 1700,
					"max": 8097
				},
				"2024-07-17": {
					"avg": 2091,
					"count": 5,
					"min": 1763,
					"max": 2252
				},
				"2024-07-18": {
					"avg": 1921,
					"count": 1,
					"min": 1921,
					"max": 1921
				},
				"2024-07-20": {
					"avg": 2249,
					"count": 1,
					"min": 2249,
					"max": 2249
				},
				"2024-07-23": {
					"avg": 2628,
					"count": 1,
					"min": 2628,
					"max": 2628
				},
				"2024-07-26": {
					"avg": 2255,
					"count": 4,
					"min": 2249,
					"max": 2272
				},
				"2024-07-28": {
					"avg": 3774,
					"count": 1,
					"min": 3774,
					"max": 3774
				},
				"2024-07-29": {
					"avg": 2299,
					"count": 1,
					"min": 2299,
					"max": 2299
				},
				"2024-07-31": {
					"avg": 9999,
					"count": 1,
					"min": 9999,
					"max": 9999
				},
				"2024-08-01": {
					"avg": 2149,
					"count": 1,
					"min": 2149,
					"max": 2149
				},
				"2024-08-03": {
					"avg": 2195,
					"count": 1,
					"min": 2195,
					"max": 2195
				},
				"2024-08-06": {
					"avg": 2299,
					"count": 1,
					"min": 2299,
					"max": 2299
				},
				"2024-08-07": {
					"avg": 1991,
					"count": 1,
					"min": 1991,
					"max": 1991
				},
				"2024-08-09": {
					"avg": 2729,
					"count": 3,
					"min": 2729,
					"max": 2729
				},
				"2024-08-12": {
					"avg": 2266,
					"count": 2,
					"min": 1899,
					"max": 2632
				},
				"2024-08-14": {
					"avg": 3936,
					"count": 1,
					"min": 3936,
					"max": 3936
				},
				"2024-08-17": {
					"avg": 2641,
					"count": 3,
					"min": 1900,
					"max": 3936
				},
				"2024-08-18": {
					"avg": 2111,
					"count": 1,
					"min": 2111,
					"max": 2111
				},
				"2024-08-19": {
					"avg": 998,
					"count": 1,
					"min": 998,
					"max": 998
				},
				"2024-08-21": {
					"avg": 1749,
					"count": 1,
					"min": 1749,
					"max": 1749
				},
				"2024-08-22": {
					"avg": 2419,
					"count": 2,
					"min": 2419,
					"max": 2419
				},
				"2024-08-27": {
					"avg": 1749,
					"count": 1,
					"min": 1749,
					"max": 1749
				},
				"2024-08-30": {
					"avg": 1990,
					"count": 1,
					"min": 1990,
					"max": 1990
				},
				"2024-08-31": {
					"avg": 2115,
					"count": 3,
					"min": 1994,
					"max": 2352
				},
				"2024-09-02": {
					"avg": 8549,
					"count": 1,
					"min": 8549,
					"max": 8549
				},
				"2024-09-03": {
					"avg": 2213,
					"count": 2,
					"min": 2199,
					"max": 2227
				},
				"2024-09-04": {
					"avg": 5301,
					"count": 4,
					"min": 2194,
					"max": 8596
				},
				"2024-09-06": {
					"avg": 1990,
					"count": 1,
					"min": 1990,
					"max": 1990
				},
				"2024-09-08": {
					"avg": 1990,
					"count": 2,
					"min": 1990,
					"max": 1990
				},
				"2024-09-11": {
					"avg": 2698,
					"count": 1,
					"min": 2698,
					"max": 2698
				},
				"2024-09-14": {
					"avg": 1988,
					"count": 1,
					"min": 1988,
					"max": 1988
				},
				"2024-09-15": {
					"avg": 1987,
					"count": 1,
					"min": 1987,
					"max": 1987
				},
				"2024-09-16": {
					"avg": 1987,
					"count": 1,
					"min": 1987,
					"max": 1987
				},
				"2024-09-18": {
					"avg": 2000,
					"count": 1,
					"min": 2000,
					"max": 2000
				},
				"2024-09-19": {
					"avg": 2069,
					"count": 2,
					"min": 1987,
					"max": 2150
				},
				"2024-09-21": {
					"avg": 2307,
					"count": 1,
					"min": 2307,
					"max": 2307
				},
				"2024-09-23": {
					"avg": 2049,
					"count": 1,
					"min": 2049,
					"max": 2049
				}
			},
			"avg": 2533,
			"avg7": -1,
			"avg28": -1
		},
		"normal-nearmint": {
			"history": {
				"2024-05-24": {
					"avg": 5202,
					"count": 2,
					"min": 5099,
					"max": 5304
				},
				"2024-05-25": {
					"avg": 5599,
					"count": 1,
					"min": 5599,
					"max": 5599
				},
				"2024-05-29": {
					"avg": 23414,
					"count": 1,
					"min": 23414,
					"max": 23414
				},
				"2024-05-31": {
					"avg": 5095,
					"count": 1,
					"min": 5095,
					"max": 5095
				},
				"2024-06-01": {
					"avg": 5698,
					"count": 1,
					"min": 5698,
					"max": 5698
				},
				"2024-06-02": {
					"avg": 5698,
					"count": 1,
					"min": 5698,
					"max": 5698
				},
				"2024-06-12": {
					"avg": 4400,
					"count": 2,
					"min": 4400,
					"max": 4400
				},
				"2024-06-16": {
					"avg": 5097,
					"count": 1,
					"min": 5097,
					"max": 5097
				},
				"2024-06-19": {
					"avg": 5422,
					"count": 1,
					"min": 5422,
					"max": 5422
				},
				"2024-06-22": {
					"avg": 16622,
					"count": 1,
					"min": 16622,
					"max": 16622
				},
				"2024-06-30": {
					"avg": 5383,
					"count": 1,
					"min": 5383,
					"max": 5383
				},
				"2024-07-02": {
					"avg": 5938,
					"count": 1,
					"min": 5938,
					"max": 5938
				},
				"2024-07-03": {
					"avg": 4899,
					"count": 1,
					"min": 4899,
					"max": 4899
				},
				"2024-07-05": {
					"avg": 5599,
					"count": 2,
					"min": 5398,
					"max": 5799
				},
				"2024-07-06": {
					"avg": 5383,
					"count": 1,
					"min": 5383,
					"max": 5383
				},
				"2024-07-14": {
					"avg": 5496,
					"count": 1,
					"min": 5496,
					"max": 5496
				},
				"2024-07-16": {
					"avg": 5449,
					"count": 1,
					"min": 5449,
					"max": 5449
				},
				"2024-07-25": {
					"avg": 5299,
					"count": 1,
					"min": 5299,
					"max": 5299
				},
				"2024-07-31": {
					"avg": 6137,
					"count": 2,
					"min": 5275,
					"max": 6998
				},
				"2024-08-01": {
					"avg": 5489,
					"count": 2,
					"min": 5482,
					"max": 5496
				},
				"2024-08-15": {
					"avg": 5450,
					"count": 2,
					"min": 5401,
					"max": 5499
				},
				"2024-08-17": {
					"avg": 5199,
					"count": 1,
					"min": 5199,
					"max": 5199
				},
				"2024-08-18": {
					"avg": 4999,
					"count": 1,
					"min": 4999,
					"max": 4999
				},
				"2024-08-19": {
					"avg": 5314,
					"count": 1,
					"min": 5314,
					"max": 5314
				},
				"2024-08-20": {
					"avg": 5656,
					"count": 2,
					"min": 5314,
					"max": 5997
				},
				"2024-08-27": {
					"avg": 7096,
					"count": 1,
					"min": 7096,
					"max": 7096
				},
				"2024-08-31": {
					"avg": 5200,
					"count": 1,
					"min": 5200,
					"max": 5200
				},
				"2024-09-01": {
					"avg": 13899,
					"count": 1,
					"min": 13899,
					"max": 13899
				},
				"2024-09-02": {
					"avg": 7287,
					"count": 1,
					"min": 7287,
					"max": 7287
				},
				"2024-09-08": {
					"avg": 5907,
					"count": 1,
					"min": 5907,
					"max": 5907
				},
				"2024-09-16": {
					"avg": 4749,
					"count": 2,
					"min": 4499,
					"max": 4999
				},
				"2024-09-18": {
					"avg": 5415,
					"count": 1,
					"min": 5415,
					"max": 5415
				},
				"2024-09-21": {
					"avg": 5316,
					"count": 1,
					"min": 5316,
					"max": 5316
				}
			},
			"avg": 6378,
			"avg7": -1,
			"avg28": -1
		}
	}
}