{
	"data": {
		"normal-good": {
			"history": {
				"2022-11-12": {
					"avg": 1049,
					"count": 1
				},
				"2022-11-18": {
					"avg": 1389,
					"count": 2
				},
				"2022-11-19": {
					"avg": 764,
					"count": 3,
					"min": 399,
					"max": 1393
				},
				"2022-11-20": {
					"avg": 1209,
					"count": 1,
					"min": 1209,
					"max": 1209
				},
				"2022-11-21": {
					"avg": 1214,
					"count": 1,
					"min": 1214,
					"max": 1214
				},
				"2022-11-22": {
					"avg": 530,
					"count": 2,
					"min": 499,
					"max": 560
				},
				"2022-11-23": {
					"avg": 1533,
					"count": 2,
					"min": 1266,
					"max": 1800
				},
				"2022-11-24": {
					"avg": 974,
					"count": 3,
					"min": 497,
					"max": 1925
				},
				"2022-11-25": {
					"avg": 1423,
					"count": 6,
					"min": 1200,
					"max": 1978
				},
				"2022-11-26": {
					"avg": 1810,
					"count": 3,
					"min": 1227,
					"max": 2977
				},
				"2022-11-27": {
					"avg": 1356,
					"count": 2,
					"min": 1227,
					"max": 1484
				},
				"2022-11-28": {
					"avg": 1068,
					"count": 3,
					"min": 596,
					"max": 1895
				},
				"2022-11-29": {
					"avg": 698,
					"count": 1,
					"min": 698,
					"max": 698
				},
				"2022-11-30": {
					"avg": 969,
					"count": 5,
					"min": 698,
					"max": 1911
				},
				"2022-12-01": {
					"avg": 1022,
					"count": 2,
					"min": 800,
					"max": 1243
				},
				"2022-12-02": {
					"avg": 850,
					"count": 2,
					"min": 424,
					"max": 1276
				},
				"2022-12-03": {
					"avg": 780,
					"count": 5,
					"min": 499,
					"max": 1225
				},
				"2022-12-04": {
					"avg": 840,
					"count": 3,
					"min": 499,
					"max": 1243
				},
				"2022-12-05": {
					"avg": 1289,
					"count": 2,
					"min": 1227,
					"max": 1351
				},
				"2022-12-06": {
					"avg": 800,
					"count": 1,
					"min": 800,
					"max": 800
				},
				"2022-12-07": {
					"avg": 1073,
					"count": 7,
					"min": 847,
					"max": 1893
				},
				"2022-12-09": {
					"avg": 1338,
					"count": 1,
					"min": 1338,
					"max": 1338
				},
				"2022-12-10": {
					"avg": 1250,
					"count": 1,
					"min": 1250,
					"max": 1250
				},
				"2022-12-11": {
					"avg": 1371,
					"count": 6,
					"min": 499,
					"max": 1997
				},
				"2022-12-12": {
					"avg": 1663,
					"count": 4,
					"min": 792,
					"max": 1999
				},
				"2022-12-15": {
					"avg": 1650,
					"count": 2,
					"min": 1300,
					"max": 2000
				},
				"2022-12-16": {
					"avg": 1916,
					"count": 10,
					"min": 995,
					"max": 2717
				},
				"2022-12-17": {
					"avg": 2898,
					"count": 1,
					"min": 2898,
					"max": 2898
				},
				"2022-12-18": {
					"avg": 676,
					"count": 5,
					"min": 571,
					"max": 1023
				},
				"2022-12-20": {
					"avg": 1074,
					"count": 2,
					"min": 799,
					"max": 1349
				},
				"2022-12-21": {
					"avg": 1771,
					"count": 4,
					"min": 688,
					"max": 2499
				},
				"2022-12-22": {
					"avg": 1389,
					"count": 1,
					"min": 1389,
					"max": 1389
				},
				"2022-12-23": {
					"avg": 1306,
					"count": 1,
					"min": 1306,
					"max": 1306
				},
				"2022-12-24": {
					"avg": 864,
					"count": 3,
					"min": 697,
					"max": 1196
				},
				"2022-12-25": {
					"avg": 1395,
					"count": 1,
					"min": 1395,
					"max": 1395
				},
				"2022-12-26": {
					"avg": 4625,
					"count": 2,
					"min": 4607,
					"max": 4643
				},
				"2022-12-27": {
					"avg": 1296,
					"count": 2,
					"min": 900,
					"max": 1692
				},
				"2022-12-28": {
					"avg": 977,
					"count": 4,
					"min": 714,
					"max": 1436
				},
				"2022-12-29": {
					"avg": 4428,
					"count": 2,
					"min": 4099,
					"max": 4757
				},
				"2022-12-30": {
					"avg": 1502,
					"count": 3,
					"min": 1429,
					"max": 1648
				},
				"2023-01-01": {
					"avg": 500,
					"count": 3,
					"min": 500,
					"max": 500
				},
				"2023-01-02": {
					"avg": 859,
					"count": 1,
					"min": 859,
					"max": 859
				},
				"2023-01-03": {
					"avg": 1712,
					"count": 4,
					"min": 823,
					"max": 3140
				},
				"2023-01-04": {
					"avg": 1055,
					"count": 2,
					"min": 811,
					"max": 1299
				},
				"2023-01-05": {
					"avg": 1022,
					"count": 1,
					"min": 1022,
					"max": 1022
				},
				"2023-01-06": {
					"avg": 1733,
					"count": 5,
					"min": 809,
					"max": 4149
				},
				"2023-01-08": {
					"avg": 1298,
					"count": 1,
					"min": 1298,
					"max": 1298
				},
				"2023-01-09": {
					"avg": 988,
					"count": 4,
					"min": 650,
					"max": 1599
				},
				"2023-01-10": {
					"avg": 8124,
					"count": 1,
					"min": 8124,
					"max": 8124
				},
				"2023-01-11": {
					"avg": 1446,
					"count": 3,
					"min": 993,
					"max": 1695
				},
				"2023-01-12": {
					"avg": 2693,
					"count": 4,
					"min": 1400,
					"max": 4280
				},
				"2023-02-06": {
					"avg": 2489,
					"count": 1,
					"min": 2489,
					"max": 2489
				},
				"2023-02-07": {
					"avg": 1465,
					"count": 3,
					"min": 799,
					"max": 2795
				},
				"2023-02-08": {
					"avg": 1106,
					"count": 1,
					"min": 1106,
					"max": 1106
				},
				"2023-02-09": {
					"avg": 1311,
					"count": 3,
					"min": 996,
					"max": 1497
				},
				"2023-02-10": {
					"avg": 1073,
					"count": 1,
					"min": 1073,
					"max": 1073
				},
				"2023-02-11": {
					"avg": 1976,
					"count": 3,
					"min": 995,
					"max": 2997
				},
				"2023-02-12": {
					"avg": 997,
					"count": 2,
					"min": 995,
					"max": 998
				},
				"2023-02-13": {
					"avg": 928,
					"count": 5,
					"min": 750,
					"max": 995
				},
				"2023-02-14": {
					"avg": 4398,
					"count": 1,
					"min": 4398,
					"max": 4398
				},
				"2023-02-15": {
					"avg": 897,
					"count": 2,
					"min": 794,
					"max": 999
				},
				"2023-02-16": {
					"avg": 1697,
					"count": 2,
					"min": 1495,
					"max": 1898
				},
				"2023-02-17": {
					"avg": 2499,
					"count": 1,
					"min": 2499,
					"max": 2499
				},
				"2023-02-18": {
					"avg": 1268,
					"count": 2,
					"min": 1021,
					"max": 1514
				},
				"2023-02-19": {
					"avg": 1870,
					"count": 2,
					"min": 949,
					"max": 2790
				},
				"2023-02-20": {
					"avg": 1897,
					"count": 3,
					"min": 1497,
					"max": 2099
				},
				"2023-02-21": {
					"avg": 1173,
					"count": 2,
					"min": 849,
					"max": 1497
				},
				"2023-02-22": {
					"avg": 945,
					"count": 1,
					"min": 945,
					"max": 945
				},
				"2023-02-23": {
					"avg": 2097,
					"count": 2,
					"min": 1399,
					"max": 2795
				},
				"2023-02-24": {
					"avg": 831,
					"count": 3,
					"min": 471,
					"max": 1496
				},
				"2023-02-25": {
					"avg": 671,
					"count": 1,
					"min": 671,
					"max": 671
				},
				"2023-02-26": {
					"avg": 633,
					"count": 1,
					"min": 633,
					"max": 633
				},
				"2023-02-27": {
					"avg": 1399,
					"count": 1,
					"min": 1399,
					"max": 1399
				},
				"2023-02-28": {
					"avg": 1999,
					"count": 1,
					"min": 1999,
					"max": 1999
				},
				"2023-03-01": {
					"avg": 1149,
					"count": 5,
					"min": 416,
					"max": 2600
				},
				"2023-03-02": {
					"avg": 1356,
					"count": 6,
					"min": 999,
					"max": 1573
				},
				"2023-03-03": {
					"avg": 1809,
					"count": 2,
					"min": 748,
					"max": 2869
				},
				"2023-03-04": {
					"avg": 805,
					"count": 3,
					"min": 599,
					"max": 1066
				},
				"2023-03-05": {
					"avg": 975,
					"count": 2,
					"min": 900,
					"max": 1049
				},
				"2023-03-06": {
					"avg": 1472,
					"count": 2,
					"min": 1066,
					"max": 1878
				},
				"2023-03-07": {
					"avg": 1066,
					"count": 1,
					"min": 1066,
					"max": 1066
				},
				"2023-03-09": {
					"avg": 919,
					"count": 2,
					"min": 738,
					"max": 1100
				},
				"2023-03-10": {
					"avg": 1332,
					"count": 4,
					"min": 888,
					"max": 1774
				},
				"2023-03-12": {
					"avg": 875,
					"count": 5,
					"min": 738,
					"max": 1299
				},
				"2023-03-13": {
					"avg": 1562,
					"count": 3,
					"min": 1240,
					"max": 2148
				},
				"2023-03-14": {
					"avg": 1081,
					"count": 1,
					"min": 1081,
					"max": 1081
				},
				"2023-03-16": {
					"avg": 964,
					"count": 2,
					"min": 849,
					"max": 1078
				},
				"2023-03-17": {
					"avg": 2115,
					"count": 2,
					"min": 1278,
					"max": 2952
				},
				"2023-03-18": {
					"avg": 1175,
					"count": 2,
					"min": 899,
					"max": 1450
				},
				"2023-03-19": {
					"avg": 3140,
					"count": 1,
					"min": 3140,
					"max": 3140
				},
				"2023-03-20": {
					"avg": 1232,
					"count": 3,
					"min": 397,
					"max": 2099
				},
				"2023-03-21": {
					"avg": 1450,
					"count": 1,
					"min": 1450,
					"max": 1450
				},
				"2023-03-23": {
					"avg": 1035,
					"count": 2,
					"min": 925,
					"max": 1145
				},
				"2023-03-24": {
					"avg": 1889,
					"count": 2,
					"min": 1279,
					"max": 2499
				},
				"2023-03-25": {
					"avg": 1402,
					"count": 5,
					"min": 899,
					"max": 2499
				},
				"2023-03-26": {
					"avg": 1609,
					"count": 3,
					"min": 649,
					"max": 2248
				},
				"2023-03-27": {
					"avg": 1456,
					"count": 2,
					"min": 1174,
					"max": 1737
				},
				"2023-03-29": {
					"avg": 798,
					"count": 5,
					"min": 698,
					"max": 1049
				},
				"2023-03-31": {
					"avg": 1079,
					"count": 1,
					"min": 1079,
					"max": 1079
				},
				"2023-04-01": {
					"avg": 1177,
					"count": 4,
					"min": 798,
					"max": 2213
				},
				"2023-04-02": {
					"avg": 1012,
					"count": 1,
					"min": 1012,
					"max": 1012
				},
				"2023-04-03": {
					"avg": 2295,
					"count": 3,
					"min": 1989,
					"max": 2899
				},
				"2023-04-04": {
					"avg": 700,
					"count": 1,
					"min": 700,
					"max": 700
				},
				"2023-04-05": {
					"avg": 1339,
					"count": 4,
					"min": 829,
					"max": 2170
				},
				"2023-04-06": {
					"avg": 1460,
					"count": 2,
					"min": 1331,
					"max": 1588
				},
				"2023-04-07": {
					"avg": 824,
					"count": 2,
					"min": 798,
					"max": 850
				},
				"2023-04-08": {
					"avg": 1599,
					"count": 1,
					"min": 1599,
					"max": 1599
				},
				"2023-04-09": {
					"avg": 1331,
					"count": 1,
					"min": 1331,
					"max": 1331
				},
				"2023-04-10": {
					"avg": 3314,
					"count": 2,
					"min": 1330,
					"max": 5299
				},
				"2023-04-12": {
					"avg": 3650,
					"count": 2,
					"min": 1300,
					"max": 5999
				},
				"2023-04-13": {
					"avg": 1649,
					"count": 1,
					"min": 1649,
					"max": 1649
				},
				"2023-04-15": {
					"avg": 1730,
					"count": 3,
					"min": 1095,
					"max": 2999
				},
				"2023-04-16": {
					"avg": 1240,
					"count": 3,
					"min": 999,
					"max": 1396
				},
				"2023-04-17": {
					"avg": 2999,
					"count": 1,
					"min": 2999,
					"max": 2999
				},
				"2023-04-18": {
					"avg": 2071,
					"count": 1,
					"min": 2071,
					"max": 2071
				},
				"2023-04-19": {
					"avg": 1331,
					"count": 1,
					"min": 1331,
					"max": 1331
				},
				"2023-04-20": {
					"avg": 1470,
					"count": 4,
					"min": 900,
					"max": 1998
				},
				"2023-04-21": {
					"avg": 1299,
					"count": 2,
					"min": 1298,
					"max": 1299
				},
				"2023-04-22": {
					"avg": 1275,
					"count": 4,
					"min": 888,
					"max": 1430
				},
				"2023-04-23": {
					"avg": 1027,
					"count": 2,
					"min": 775,
					"max": 1278
				},
				"2023-04-25": {
					"avg": 1065,
					"count": 2,
					"min": 799,
					"max": 1330
				},
				"2023-04-26": {
					"avg": 680,
					"count": 1,
					"min": 680,
					"max": 680
				},
				"2023-04-27": {
					"avg": 989,
					"count": 2,
					"min": 979,
					"max": 999
				},
				"2023-04-28": {
					"avg": 1942,
					"count": 8,
					"min": 898,
					"max": 4934
				},
				"2023-04-29": {
					"avg": 1644,
					"count": 3,
					"min": 936,
					"max": 1998
				},
				"2023-04-30": {
					"avg": 5398,
					"count": 1,
					"min": 5398,
					"max": 5398
				},
				"2023-05-01": {
					"avg": 1142,
					"count": 2,
					"min": 786,
					"max": 1497
				},
				"2023-05-04": {
					"avg": 1724,
					"count": 4,
					"min": 1499,
					"max": 1995
				},
				"2023-05-05": {
					"avg": 800,
					"count": 1,
					"min": 800,
					"max": 800
				},
				"2023-05-06": {
					"avg": 1040,
					"count": 1,
					"min": 1040,
					"max": 1040
				},
				"2023-05-07": {
					"avg": 1225,
					"count": 1,
					"min": 1225,
					"max": 1225
				},
				"2023-05-08": {
					"avg": 1295,
					"count": 4,
					"min": 680,
					"max": 1799
				},
				"2023-05-09": {
					"avg": 1128,
					"count": 3,
					"min": 600,
					"max": 1649
				},
				"2023-05-10": {
					"avg": 1279,
					"count": 5,
					"min": 700,
					"max": 1798
				},
				"2023-05-11": {
					"avg": 698,
					"count": 1,
					"min": 698,
					"max": 698
				},
				"2023-05-12": {
					"avg": 799,
					"count": 2,
					"min": 799,
					"max": 799
				},
				"2023-05-13": {
					"avg": 698,
					"count": 1,
					"min": 698,
					"max": 698
				},
				"2023-05-18": {
					"avg": 698,
					"count": 1,
					"min": 698,
					"max": 698
				},
				"2023-05-19": {
					"avg": 1053,
					"count": 1,
					"min": 1053,
					"max": 1053
				},
				"2023-05-20": {
					"avg": 2380,
					"count": 1,
					"min": 2380,
					"max": 2380
				},
				"2023-05-21": {
					"avg": 1635,
					"count": 4,
					"min": 1049,
					"max": 2299
				},
				"2023-05-22": {
					"avg": 1350,
					"count": 2,
					"min": 600,
					"max": 2099
				},
				"2023-05-23": {
					"avg": 599,
					"count": 1,
					"min": 599,
					"max": 599
				},
				"2023-05-24": {
					"avg": 2078,
					"count": 6,
					"min": 1237,
					"max": 3149
				},
				"2023-05-25": {
					"avg": 699,
					"count": 1,
					"min": 699,
					"max": 699
				},
				"2023-05-26": {
					"avg": 949,
					"count": 4,
					"min": 600,
					"max": 1499
				},
				"2023-05-27": {
					"avg": 1216,
					"count": 4,
					"min": 698,
					"max": 1699
				},
				"2023-05-28": {
					"avg": 1118,
					"count": 4,
					"min": 694,
					"max": 1593
				},
				"2023-05-29": {
					"avg": 2874,
					"count": 1,
					"min": 2874,
					"max": 2874
				},
				"2023-05-31": {
					"avg": 1099,
					"count": 3,
					"min": 998,
					"max": 1300
				},
				"2023-06-01": {
					"avg": 1643,
					"count": 3,
					"min": 1237,
					"max": 2099
				},
				"2023-06-02": {
					"avg": 2935,
					"count": 2,
					"min": 2874,
					"max": 2997
				},
				"2023-06-03": {
					"avg": 900,
					"count": 1,
					"min": 900,
					"max": 900
				},
				"2023-06-04": {
					"avg": 882,
					"count": 3,
					"min": 475,
					"max": 1270
				},
				"2023-06-05": {
					"avg": 1642,
					"count": 5,
					"min": 1098,
					"max": 2099
				},
				"2023-06-07": {
					"avg": 1107,
					"count": 3,
					"min": 588,
					"max": 1699
				},
				"2023-06-08": {
					"avg": 1438,
					"count": 4,
					"min": 899,
					"max": 1799
				},
				"2023-06-09": {
					"avg": 914,
					"count": 3,
					"min": 320,
					"max": 1298
				},
				"2023-06-10": {
					"avg": 1094,
					"count": 1,
					"min": 1094,
					"max": 1094
				},
				"2023-06-11": {
					"avg": 1023,
					"count": 1,
					"min": 1023,
					"max": 1023
				},
				"2023-06-12": {
					"avg": 1453,
					"count": 2,
					"min": 1305,
					"max": 1600
				},
				"2023-06-13": {
					"avg": 1192,
					"count": 2,
					"min": 900,
					"max": 1483
				},
				"2023-06-14": {
					"avg": 2294,
					"count": 6,
					"min": 886,
					"max": 3124
				},
				"2023-06-15": {
					"avg": 1407,
					"count": 6,
					"min": 800,
					"max": 2269
				},
				"2023-06-16": {
					"avg": 1272,
					"count": 3,
					"min": 567,
					"max": 1899
				},
				"2023-06-17": {
					"avg": 800,
					"count": 1,
					"min": 800,
					"max": 800
				},
				"2023-06-18": {
					"avg": 1350,
					"count": 1,
					"min": 1350,
					"max": 1350
				},
				"2023-06-19": {
					"avg": 499,
					"count": 1,
					"min": 499,
					"max": 499
				},
				"2023-06-20": {
					"avg": 1704,
					"count": 7,
					"min": 1399,
					"max": 2099
				},
				"2023-06-21": {
					"avg": 1900,
					"count": 1,
					"min": 1900,
					"max": 1900
				},
				"2023-06-22": {
					"avg": 1203,
					"count": 6,
					"min": 467,
					"max": 2699
				},
				"2023-06-23": {
					"avg": 1872,
					"count": 4,
					"min": 800,
					"max": 2994
				},
				"2023-06-24": {
					"avg": 1493,
					"count": 1,
					"min": 1493,
					"max": 1493
				},
				"2023-06-26": {
					"avg": 2641,
					"count": 7,
					"min": 1598,
					"max": 2997
				},
				"2023-06-28": {
					"avg": 2184,
					"count": 2,
					"min": 1877,
					"max": 2490
				},
				"2023-06-29": {
					"avg": 1024,
					"count": 1,
					"min": 1024,
					"max": 1024
				},
				"2023-06-30": {
					"avg": 931,
					"count": 2,
					"min": 466,
					"max": 1395
				},
				"2023-07-01": {
					"avg": 1916,
					"count": 3,
					"min": 800,
					"max": 2999
				},
				"2023-07-02": {
					"avg": 2112,
					"count": 2,
					"min": 1044,
					"max": 3180
				},
				"2023-07-03": {
					"avg": 1374,
					"count": 2,
					"min": 1349,
					"max": 1398
				},
				"2023-07-05": {
					"avg": 3630,
					"count": 1,
					"min": 3630,
					"max": 3630
				},
				"2023-07-06": {
					"avg": 637,
					"count": 4,
					"min": 378,
					"max": 800
				},
				"2023-07-07": {
					"avg": 1223,
					"count": 5,
					"min": 873,
					"max": 1497
				},
				"2023-07-09": {
					"avg": 1251,
					"count": 3,
					"min": 800,
					"max": 2099
				},
				"2023-07-10": {
					"avg": 2649,
					"count": 2,
					"min": 2300,
					"max": 2998
				},
				"2023-07-11": {
					"avg": 1949,
					"count": 1,
					"min": 1949,
					"max": 1949
				},
				"2023-07-12": {
					"avg": 4474,
					"count": 2,
					"min": 849,
					"max": 8098
				},
				"2023-07-13": {
					"avg": 8098,
					"count": 1,
					"min": 8098,
					"max": 8098
				},
				"2023-07-14": {
					"avg": 1636,
					"count": 2,
					"min": 1198,
					"max": 2074
				},
				"2023-07-16": {
					"avg": 1024,
					"count": 3,
					"min": 374,
					"max": 1350
				},
				"2023-07-17": {
					"avg": 1200,
					"count": 2,
					"min": 899,
					"max": 1501
				},
				"2023-07-18": {
					"avg": 1368,
					"count": 2,
					"min": 1305,
					"max": 1431
				},
				"2023-07-19": {
					"avg": 1949,
					"count": 1,
					"min": 1949,
					"max": 1949
				},
				"2023-07-20": {
					"avg": 899,
					"count": 1,
					"min": 899,
					"max": 899
				},
				"2023-07-21": {
					"avg": 742,
					"count": 2,
					"min": 734,
					"max": 749
				},
				"2023-07-22": {
					"avg": 1290,
					"count": 3,
					"min": 481,
					"max": 2792
				},
				"2023-07-23": {
					"avg": 2599,
					"count": 2,
					"min": 2298,
					"max": 2899
				},
				"2023-07-24": {
					"avg": 1822,
					"count": 3,
					"min": 1417,
					"max": 2099
				},
				"2023-07-25": {
					"avg": 825,
					"count": 2,
					"min": 400,
					"max": 1250
				},
				"2023-07-26": {
					"avg": 1010,
					"count": 1,
					"min": 1010,
					"max": 1010
				},
				"2023-07-28": {
					"avg": 1508,
					"count": 2,
					"min": 1417,
					"max": 1599
				},
				"2023-07-29": {
					"avg": 2249,
					"count": 1,
					"min": 2249,
					"max": 2249
				},
				"2023-07-30": {
					"avg": 1010,
					"count": 1,
					"min": 1010,
					"max": 1010
				},
				"2023-07-31": {
					"avg": 1400,
					"count": 1,
					"min": 1400,
					"max": 1400
				},
				"2023-08-01": {
					"avg": 2813,
					"count": 6,
					"min": 2050,
					"max": 3489
				},
				"2023-08-02": {
					"avg": 2299,
					"count": 2,
					"min": 998,
					"max": 3599
				},
				"2023-08-03": {
					"avg": 1432,
					"count": 2,
					"min": 1365,
					"max": 1499
				},
				"2023-08-04": {
					"avg": 325,
					"count": 1,
					"min": 325,
					"max": 325
				},
				"2023-08-06": {
					"avg": 1466,
					"count": 2,
					"min": 1383,
					"max": 1549
				},
				"2023-08-07": {
					"avg": 902,
					"count": 2,
					"min": 559,
					"max": 1244
				},
				"2023-08-08": {
					"avg": 2310,
					"count": 4,
					"min": 948,
					"max": 4099
				},
				"2023-08-09": {
					"avg": 1083,
					"count": 6,
					"min": 947,
					"max": 1498
				},
				"2023-08-10": {
					"avg": 1787,
					"count": 3,
					"min": 1287,
					"max": 2578
				},
				"2023-08-11": {
					"avg": 1406,
					"count": 3,
					"min": 1244,
					"max": 1498
				},
				"2023-08-13": {
					"avg": 1399,
					"count": 1,
					"min": 1399,
					"max": 1399
				},
				"2023-08-14": {
					"avg": 1149,
					"count": 2,
					"min": 799,
					"max": 1498
				},
				"2023-08-15": {
					"avg": 2523,
					"count": 3,
					"min": 1999,
					"max": 2841
				},
				"2023-08-16": {
					"avg": 1214,
					"count": 3,
					"min": 900,
					"max": 1498
				},
				"2023-08-17": {
					"avg": 1875,
					"count": 1,
					"min": 1875,
					"max": 1875
				},
				"2023-08-18": {
					"avg": 1856,
					"count": 4,
					"min": 1049,
					"max": 2998
				},
				"2023-08-20": {
					"avg": 1499,
					"count": 1,
					"min": 1499,
					"max": 1499
				},
				"2023-08-22": {
					"avg": 1297,
					"count": 2,
					"min": 1096,
					"max": 1497
				},
				"2023-08-23": {
					"avg": 1055,
					"count": 3,
					"min": 493,
					"max": 1494
				},
				"2023-08-24": {
					"avg": 948,
					"count": 2,
					"min": 649,
					"max": 1247
				},
				"2023-08-25": {
					"avg": 1621,
					"count": 2,
					"min": 667,
					"max": 2575
				},
				"2023-08-26": {
					"avg": 600,
					"count": 2,
					"min": 449,
					"max": 750
				},
				"2023-08-27": {
					"avg": 1469,
					"count": 4,
					"min": 556,
					"max": 2729
				},
				"2023-08-28": {
					"avg": 340,
					"count": 1,
					"min": 340,
					"max": 340
				},
				"2023-08-29": {
					"avg": 2126,
					"count": 3,
					"min": 649,
					"max": 2999
				},
				"2023-08-31": {
					"avg": 1197,
					"count": 10,
					"min": 443,
					"max": 2575
				},
				"2023-09-01": {
					"avg": 1499,
					"count": 1,
					"min": 1499,
					"max": 1499
				},
				"2023-09-02": {
					"avg": 875,
					"count": 3,
					"min": 491,
					"max": 1085
				},
				"2023-09-03": {
					"avg": 2400,
					"count": 1,
					"min": 2400,
					"max": 2400
				},
				"2023-09-04": {
					"avg": 940,
					"count": 2,
					"min": 400,
					"max": 1480
				},
				"2023-09-05": {
					"avg": 2699,
					"count": 2,
					"min": 2398,
					"max": 2999
				},
				"2023-09-06": {
					"avg": 947,
					"count": 3,
					"min": 393,
					"max": 1250
				},
				"2023-09-07": {
					"avg": 3121,
					"count": 2,
					"min": 1495,
					"max": 4748
				},
				"2023-09-08": {
					"avg": 450,
					"count": 2,
					"min": 400,
					"max": 500
				},
				"2023-09-09": {
					"avg": 1799,
					"count": 2,
					"min": 1469,
					"max": 2128
				},
				"2023-09-10": {
					"avg": 1095,
					"count": 1,
					"min": 1095,
					"max": 1095
				},
				"2023-09-11": {
					"avg": 1547,
					"count": 2,
					"min": 1099,
					"max": 1995
				},
				"2023-09-12": {
					"avg": 1195,
					"count": 1,
					"min": 1195,
					"max": 1195
				},
				"2023-09-13": {
					"avg": 1430,
					"count": 1,
					"min": 1430,
					"max": 1430
				},
				"2023-09-14": {
					"avg": 1752,
					"count": 2,
					"min": 300,
					"max": 3204
				},
				"2023-09-15": {
					"avg": 2199,
					"count": 1,
					"min": 2199,
					"max": 2199
				},
				"2023-09-16": {
					"avg": 2023,
					"count": 3,
					"min": 400,
					"max": 4598
				},
				"2023-09-17": {
					"avg": 1368,
					"count": 2,
					"min": 1238,
					"max": 1498
				},
				"2023-09-20": {
					"avg": 1544,
					"count": 3,
					"min": 944,
					"max": 2200
				},
				"2023-09-21": {
					"avg": 945,
					"count": 1,
					"min": 945,
					"max": 945
				},
				"2023-09-22": {
					"avg": 982,
					"count": 3,
					"min": 589,
					"max": 1508
				},
				"2023-09-23": {
					"avg": 1654,
					"count": 3,
					"min": 999,
					"max": 2200
				},
				"2023-09-25": {
					"avg": 1032,
					"count": 2,
					"min": 943,
					"max": 1120
				},
				"2023-09-26": {
					"avg": 944,
					"count": 1,
					"min": 944,
					"max": 944
				},
				"2023-09-27": {
					"avg": 2499,
					"count": 1,
					"min": 2499,
					"max": 2499
				},
				"2023-09-28": {
					"avg": 499,
					"count": 1,
					"min": 499,
					"max": 499
				},
				"2023-09-29": {
					"avg": 956,
					"count": 4,
					"min": 400,
					"max": 1981
				},
				"2023-09-30": {
					"avg": 826,
					"count": 3,
					"min": 299,
					"max": 1236
				},
				"2023-10-01": {
					"avg": 1543,
					"count": 2,
					"min": 1488,
					"max": 1598
				},
				"2023-10-02": {
					"avg": 1681,
					"count": 2,
					"min": 998,
					"max": 2364
				},
				"2023-10-03": {
					"avg": 1299,
					"count": 1,
					"min": 1299,
					"max": 1299
				},
				"2023-10-05": {
					"avg": 1275,
					"count": 2,
					"min": 1063,
					"max": 1487
				},
				"2023-10-06": {
					"avg": 1224,
					"count": 4,
					"min": 998,
					"max": 1299
				},
				"2023-10-07": {
					"avg": 1065,
					"count": 1,
					"min": 1065,
					"max": 1065
				},
				"2023-10-08": {
					"avg": 499,
					"count": 1,
					"min": 499,
					"max": 499
				},
				"2023-10-10": {
					"avg": 1298,
					"count": 1,
					"min": 1298,
					"max": 1298
				},
				"2023-10-11": {
					"avg": 1641,
					"count": 3,
					"min": 499,
					"max": 2498
				},
				"2023-10-12": {
					"avg": 2799,
					"count": 1,
					"min": 2799,
					"max": 2799
				},
				"2023-10-13": {
					"avg": 1027,
					"count": 6,
					"min": 467,
					"max": 1602
				},
				"2023-10-14": {
					"avg": 1299,
					"count": 1,
					"min": 1299,
					"max": 1299
				},
				"2023-10-15": {
					"avg": 1515,
					"count": 6,
					"min": 467,
					"max": 5000
				},
				"2023-10-16": {
					"avg": 2026,
					"count": 2,
					"min": 1369,
					"max": 2682
				},
				"2023-10-17": {
					"avg": 1009,
					"count": 2,
					"min": 970,
					"max": 1049
				},
				"2023-10-19": {
					"avg": 565,
					"count": 2,
					"min": 530,
					"max": 599
				},
				"2023-10-21": {
					"avg": 598,
					"count": 1,
					"min": 598,
					"max": 598
				},
				"2023-10-22": {
					"avg": 593,
					"count": 3,
					"min": 380,
					"max": 800
				},
				"2023-10-23": {
					"avg": 1684,
					"count": 3,
					"min": 884,
					"max": 2578
				},
				"2023-10-24": {
					"avg": 1626,
					"count": 4,
					"min": 1415,
					"max": 1875
				},
				"2023-10-25": {
					"avg": 1171,
					"count": 4,
					"min": 899,
					"max": 1782
				},
				"2023-10-26": {
					"avg": 2372,
					"count": 1,
					"min": 2372,
					"max": 2372
				},
				"2023-10-27": {
					"avg": 921,
					"count": 3,
					"min": 749,
					"max": 1249
				},
				"2023-10-28": {
					"avg": 2019,
					"count": 3,
					"min": 1199,
					"max": 2574
				},
				"2023-10-29": {
					"avg": 1137,
					"count": 3,
					"min": 869,
					"max": 1294
				},
				"2023-10-30": {
					"avg": 1209,
					"count": 6,
					"min": 865,
					"max": 2036
				},
				"2023-10-31": {
					"avg": 713,
					"count": 10,
					"min": 497,
					"max": 1198
				},
				"2023-11-01": {
					"avg": 878,
					"count": 2,
					"min": 874,
					"max": 882
				},
				"2023-11-02": {
					"avg": 1981,
					"count": 1,
					"min": 1981,
					"max": 1981
				},
				"2023-11-03": {
					"avg": 786,
					"count": 2,
					"min": 452,
					"max": 1119
				},
				"2023-11-04": {
					"avg": 1365,
					"count": 3,
					"min": 598,
					"max": 2599
				},
				"2023-11-05": {
					"avg": 1219,
					"count": 1,
					"min": 1219,
					"max": 1219
				},
				"2023-11-06": {
					"avg": 986,
					"count": 3,
					"min": 404,
					"max": 1306
				},
				"2023-11-07": {
					"avg": 1991,
					"count": 2,
					"min": 1982,
					"max": 1999
				},
				"2023-11-08": {
					"avg": 2234,
					"count": 3,
					"min": 485,
					"max": 4999
				},
				"2023-11-09": {
					"avg": 1028,
					"count": 2,
					"min": 832,
					"max": 1223
				},
				"2023-11-10": {
					"avg": 2479,
					"count": 3,
					"min": 999,
					"max": 5000
				},
				"2023-11-11": {
					"avg": 1259,
					"count": 2,
					"min": 1218,
					"max": 1300
				},
				"2023-11-12": {
					"avg": 657,
					"count": 2,
					"min": 491,
					"max": 823
				},
				"2023-11-14": {
					"avg": 2659,
					"count": 2,
					"min": 999,
					"max": 4319
				},
				"2023-11-15": {
					"avg": 2009,
					"count": 4,
					"min": 834,
					"max": 3394
				},
				"2023-11-17": {
					"avg": 1699,
					"count": 2,
					"min": 1399,
					"max": 1999
				},
				"2023-11-19": {
					"avg": 1266,
					"count": 6,
					"min": 496,
					"max": 2199
				},
				"2023-11-20": {
					"avg": 1567,
					"count": 4,
					"min": 550,
					"max": 3199
				},
				"2023-11-21": {
					"avg": 1904,
					"count": 7,
					"min": 829,
					"max": 6159
				},
				"2023-11-23": {
					"avg": 699,
					"count": 1,
					"min": 699,
					"max": 699
				},
				"2023-11-24": {
					"avg": 1602,
					"count": 20,
					"min": 598,
					"max": 3199
				},
				"2023-11-25": {
					"avg": 634,
					"count": 2,
					"min": 600,
					"max": 668
				},
				"2023-11-26": {
					"avg": 1675,
					"count": 2,
					"min": 1155,
					"max": 2195
				},
				"2023-11-27": {
					"avg": 1256,
					"count": 3,
					"min": 1000,
					"max": 1599
				},
				"2024-05-16": {
					"avg": 1140,
					"count": 2,
					"min": 935,
					"max": 1345
				},
				"2024-05-17": {
					"avg": 1153,
					"count": 26,
					"min": 435,
					"max": 2452
				},
				"2024-05-18": {
					"avg": 1217,
					"count": 4,
					"min": 466,
					"max": 2000
				},
				"2024-05-21": {
					"avg": 1344,
					"count": 3,
					"min": 973,
					"max": 1996
				},
				"2024-05-22": {
					"avg": 2014,
					"count": 6,
					"min": 749,
					"max": 5698
				},
				"2024-05-23": {
					"avg": 2247,
					"count": 2,
					"min": 1398,
					"max": 3095
				},
				"2024-05-24": {
					"avg": 1400,
					"count": 1,
					"min": 1400,
					"max": 1400
				},
				"2024-05-27": {
					"avg": 1399,
					"count": 1,
					"min": 1399,
					"max": 1399
				},
				"2024-05-29": {
					"avg": 1486,
					"count": 1,
					"min": 1486,
					"max": 1486
				},
				"2024-06-01": {
					"avg": 2001,
					"count": 4,
					"min": 1449,
					"max": 2998
				},
				"2024-06-09": {
					"avg": 1699,
					"count": 2,
					"min": 1400,
					"max": 1997
				},
				"2024-06-11": {
					"avg": 1399,
					"count": 1,
					"min": 1399,
					"max": 1399
				},
				"2024-06-13": {
					"avg": 1398,
					"count": 1,
					"min": 1398,
					"max": 1398
				},
				"2024-06-14": {
					"avg": 1597,
					"count": 1,
					"min": 1597,
					"max": 1597
				},
				"2024-06-17": {
					"avg": 1419,
					"count": 1,
					"min": 1419,
					"max": 1419
				},
				"2024-06-18": {
					"avg": 1298,
					"count": 1,
					"min": 1298,
					"max": 1298
				},
				"2024-06-20": {
					"avg": 1544,
					"count": 2,
					"min": 1091,
					"max": 1997
				},
				"2024-06-21": {
					"avg": 1354,
					"count": 4,
					"min": 1091,
					"max": 1450
				},
				"2024-06-23": {
					"avg": 1090,
					"count": 1,
					"min": 1090,
					"max": 1090
				},
				"2024-06-25": {
					"avg": 1019,
					"count": 2,
					"min": 893,
					"max": 1144
				},
				"2024-06-26": {
					"avg": 4175,
					"count": 2,
					"min": 3198,
					"max": 5151
				},
				"2024-06-29": {
					"avg": 1467,
					"count": 1,
					"min": 1467,
					"max": 1467
				},
				"2024-06-30": {
					"avg": 1346,
					"count": 3,
					"min": 778,
					"max": 1762
				},
				"2024-07-01": {
					"avg": 2130,
					"count": 4,
					"min": 1389,
					"max": 4212
				},
				"2024-07-02": {
					"avg": 1600,
					"count": 1,
					"min": 1600,
					"max": 1600
				},
				"2024-07-03": {
					"avg": 1098,
					"count": 3,
					"min": 1097,
					"max": 1099
				},
				"2024-07-04": {
					"avg": 1547,
					"count": 5,
					"min": 1193,
					"max": 1649
				},
				"2024-07-05": {
					"avg": 1375,
					"count": 1,
					"min": 1375,
					"max": 1375
				},
				"2024-07-08": {
					"avg": 1500,
					"count": 1,
					"min": 1500,
					"max": 1500
				},
				"2024-07-09": {
					"avg": 1261,
					"count": 2,
					"min": 1219,
					"max": 1302
				},
				"2024-07-10": {
					"avg": 1198,
					"count": 1,
					"min": 1198,
					"max": 1198
				},
				"2024-07-11": {
					"avg": 1930,
					"count": 3,
					"min": 1270,
					"max": 3120
				},
				"2024-07-13": {
					"avg": 1370,
					"count": 1,
					"min": 1370,
					"max": 1370
				},
				"2024-07-16": {
					"avg": 1360,
					"count": 3,
					"min": 1256,
					"max": 1444
				},
				"2024-07-18": {
					"avg": 1249,
					"count": 1,
					"min": 1249,
					"max": 1249
				},
				"2024-07-19": {
					"avg": 1149,
					"count": 1,
					"min": 1149,
					"max": 1149
				},
				"2024-07-20": {
					"avg": 1185,
					"count": 2,
					"min": 1123,
					"max": 1246
				},
				"2024-07-21": {
					"avg": 1246,
					"count": 1,
					"min": 1246,
					"max": 1246
				},
				"2024-07-22": {
					"avg": 1238,
					"count": 1,
					"min": 1238,
					"max": 1238
				},
				"2024-07-27": {
					"avg": 1256,
					"count": 1,
					"min": 1256,
					"max": 1256
				},
				"2024-07-28": {
					"avg": 1268,
					"count": 2,
					"min": 1250,
					"max": 1285
				},
				"2024-07-30": {
					"avg": 3098,
					"count": 1,
					"min": 3098,
					"max": 3098
				},
				"2024-08-01": {
					"avg": 1589,
					"count": 3,
					"min": 1348,
					"max": 2050
				},
				"2024-08-02": {
					"avg": 1339,
					"count": 2,
					"min": 1199,
					"max": 1479
				},
				"2024-08-04": {
					"avg": 1499,
					"count": 1,
					"min": 1499,
					"max": 1499
				},
				"2024-08-05": {
					"avg": 1640,
					"count": 2,
					"min": 1281,
					"max": 1999
				},
				"2024-08-06": {
					"avg": 1375,
					"count": 1,
					"min": 1375,
					"max": 1375
				},
				"2024-08-07": {
					"avg": 1349,
					"count": 1,
					"min": 1349,
					"max": 1349
				},
				"2024-08-09": {
					"avg": 1995,
					"count": 1,
					"min": 1995,
					"max": 1995
				},
				"2024-08-10": {
					"avg": 1359,
					"count": 4,
					"min": 1217,
					"max": 1699
				},
				"2024-08-11": {
					"avg": 4134,
					"count": 1,
					"min": 4134,
					"max": 4134
				},
				"2024-08-14": {
					"avg": 1406,
					"count": 2,
					"min": 1313,
					"max": 1499
				},
				"2024-08-16": {
					"avg": 1145,
					"count": 1,
					"min": 1145,
					"max": 1145
				},
				"2024-08-18": {
					"avg": 1145,
					"count": 1,
					"min": 1145,
					"max": 1145
				},
				"2024-08-19": {
					"avg": 1552,
					"count": 1,
					"min": 1552,
					"max": 1552
				},
				"2024-08-20": {
					"avg": 1426,
					"count": 1,
					"min": 1426,
					"max": 1426
				},
				"2024-08-22": {
					"avg": 3100,
					"count": 1,
					"min": 3100,
					"max": 3100
				},
				"2024-08-27": {
					"avg": 1243,
					"count": 1,
					"min": 1243,
					"max": 1243
				},
				"2024-08-29": {
					"avg": 2899,
					"count": 1,
					"min": 2899,
					"max": 2899
				},
				"2024-09-01": {
					"avg": 1396,
					"count": 1,
					"min": 1396,
					"max": 1396
				},
				"2024-09-02": {
					"avg": 1297,
					"count": 2,
					"min": 1297,
					"max": 1297
				},
				"2024-09-03": {
					"avg": 1302,
					"count": 1,
					"min": 1302,
					"max": 1302
				},
				"2024-09-04": {
					"avg": 2683,
					"count": 2,
					"min": 1369,
					"max": 3996
				},
				"2024-09-05": {
					"avg": 1200,
					"count": 1,
					"min": 1200,
					"max": 1200
				},
				"2024-09-06": {
					"avg": 1338,
					"count": 2,
					"min": 1316,
					"max": 1359
				},
				"2024-09-08": {
					"avg": 1316,
					"count": 1,
					"min": 1316,
					"max": 1316
				},
				"2024-09-12": {
					"avg": 1369,
					"count": 1,
					"min": 1369,
					"max": 1369
				},
				"2024-09-13": {
					"avg": 1505,
					"count": 2,
					"min": 1434,
					"max": 1575
				},
				"2024-09-14": {
					"avg": 2150,
					"count": 3,
					"min": 1369,
					"max": 3709
				},
				"2024-09-15": {
					"avg": 2525,
					"count": 2,
					"min": 1496,
					"max": 3554
				},
				"2024-09-17": {
					"avg": 1300,
					"count": 1,
					"min": 1300,
					"max": 1300
				},
				"2024-09-18": {
					"avg": 1566,
					"count": 4,
					"min": 1364,
					"max": 1899
				},
				"2024-09-22": {
					"avg": 1589,
					"count": 1,
					"min": 1589,
					"max": 1589
				},
				"2024-09-23": {
					"avg": 1351,
					"count": 1,
					"min": 1351,
					"max": 1351
				}
			},
			"avg": 1484,
			"avg7": 1298,
			"avg28": 1298
		},
		"normal-played": {
			"history": {
				"2024-05-27": {
					"avg": 969,
					"count": 3,
					"min": 966,
					"max": 974
				},
				"2024-05-29": {
					"avg": 2012,
					"count": 2,
					"min": 975,
					"max": 3048
				},
				"2024-05-30": {
					"avg": 1029,
					"count": 2,
					"min": 1029,
					"max": 1029
				},
				"2024-05-31": {
					"avg": 1029,
					"count": 1,
					"min": 1029,
					"max": 1029
				},
				"2024-06-01": {
					"avg": 1210,
					"count": 1,
					"min": 1210,
					"max": 1210
				},
				"2024-06-02": {
					"avg": 1068,
					"count": 1,
					"min": 1068,
					"max": 1068
				},
				"2024-06-04": {
					"avg": 1199,
					"count": 1,
					"min": 1199,
					"max": 1199
				},
				"2024-06-06": {
					"avg": 1351,
					"count": 3,
					"min": 1000,
					"max": 2050
				},
				"2024-06-08": {
					"avg": 1029,
					"count": 1,
					"min": 1029,
					"max": 1029
				},
				"2024-06-10": {
					"avg": 1005,
					"count": 1,
					"min": 1005,
					"max": 1005
				},
				"2024-06-15": {
					"avg": 1199,
					"count": 1,
					"min": 1199,
					"max": 1199
				},
				"2024-06-17": {
					"avg": 1263,
					"count": 3,
					"min": 800,
					"max": 2050
				},
				"2024-06-19": {
					"avg": 1300,
					"count": 2,
					"min": 1182,
					"max": 1417
				},
				"2024-06-20": {
					"avg": 1199,
					"count": 1,
					"min": 1199,
					"max": 1199
				},
				"2024-06-22": {
					"avg": 1511,
					"count": 2,
					"min": 922,
					"max": 2100
				},
				"2024-06-26": {
					"avg": 799,
					"count": 1,
					"min": 799,
					"max": 799
				},
				"2024-06-27": {
					"avg": 800,
					"count": 1,
					"min": 800,
					"max": 800
				},
				"2024-06-30": {
					"avg": 749,
					"count": 1,
					"min": 749,
					"max": 749
				},
				"2024-07-02": {
					"avg": 777,
					"count": 1,
					"min": 777,
					"max": 777
				},
				"2024-07-03": {
					"avg": 800,
					"count": 1,
					"min": 800,
					"max": 800
				},
				"2024-07-04": {
					"avg": 895,
					"count": 1,
					"min": 895,
					"max": 895
				},
				"2024-07-05": {
					"avg": 1335,
					"count": 1,
					"min": 1335,
					"max": 1335
				},
				"2024-07-06": {
					"avg": 2124,
					"count": 1,
					"min": 2124,
					"max": 2124
				},
				"2024-07-07": {
					"avg": 1501,
					"count": 2,
					"min": 777,
					"max": 2224
				},
				"2024-07-11": {
					"avg": 999,
					"count": 1,
					"min": 999,
					"max": 999
				},
				"2024-07-12": {
					"avg": 1023,
					"count": 2,
					"min": 871,
					"max": 1175
				},
				"2024-07-14": {
					"avg": 815,
					"count": 2,
					"min": 815,
					"max": 815
				},
				"2024-07-15": {
					"avg": 875,
					"count": 1,
					"min": 875,
					"max": 875
				},
				"2024-07-17": {
					"avg": 944,
					"count": 4,
					"min": 899,
					"max": 997
				},
				"2024-07-18": {
					"avg": 868,
					"count": 1,
					"min": 868,
					"max": 868
				},
				"2024-07-20": {
					"avg": 867,
					"count": 2,
					"min": 859,
					"max": 875
				},
				"2024-07-22": {
					"avg": 1048,
					"count": 1,
					"min": 1048,
					"max": 1048
				},
				"2024-07-25": {
					"avg": 1370,
					"count": 2,
					"min": 815,
					"max": 1924
				},
				"2024-07-26": {
					"avg": 890,
					"count": 4,
					"min": 846,
					"max": 996
				},
				"2024-07-28": {
					"avg": 999,
					"count": 1,
					"min": 999,
					"max": 999
				},
				"2024-08-05": {
					"avg": 980,
					"count": 1,
					"min": 980,
					"max": 980
				},
				"2024-08-06": {
					"avg": 1965,
					"count": 1,
					"min": 1965,
					"max": 1965
				},
				"2024-08-07": {
					"avg": 984,
					"count": 3,
					"min": 955,
					"max": 999
				},
				"2024-08-08": {
					"avg": 1429,
					"count": 2,
					"min": 935,
					"max": 1923
				},
				"2024-08-09": {
					"avg": 848,
					"count": 1,
					"min": 848,
					"max": 848
				},
				"2024-08-10": {
					"avg": 855,
					"count": 1,
					"min": 855,
					"max": 855
				},
				"2024-08-11": {
					"avg": 1945,
					"count": 1,
					"min": 1945,
					"max": 1945
				},
				"2024-08-13": {
					"avg": 853,
					"count": 1,
					"min": 853,
					"max": 853
				},
				"2024-08-16": {
					"avg": 827,
					"count": 1,
					"min": 827,
					"max": 827
				},
				"2024-08-17": {
					"avg": 856,
					"count": 1,
					"min": 856,
					"max": 856
				},
				"2024-08-18": {
					"avg": 732,
					"count": 1,
					"min": 732,
					"max": 732
				},
				"2024-08-19": {
					"avg": 955,
					"count": 1,
					"min": 955,
					"max": 955
				},
				"2024-08-21": {
					"avg": 1110,
					"count": 1,
					"min": 1110,
					"max": 1110
				},
				"2024-08-23": {
					"avg": 1563,
					"count": 1,
					"min": 1563,
					"max": 1563
				},
				"2024-08-24": {
					"avg": 832,
					"count": 1,
					"min": 832,
					"max": 832
				},
				"2024-08-27": {
					"avg": 857,
					"count": 1,
					"min": 857,
					"max": 857
				},
				"2024-08-30": {
					"avg": 953,
					"count": 1,
					"min": 953,
					"max": 953
				},
				"2024-08-31": {
					"avg": 1091,
					"count": 2,
					"min": 832,
					"max": 1349
				},
				"2024-09-01": {
					"avg": 1264,
					"count": 2,
					"min": 802,
					"max": 1725
				},
				"2024-09-02": {
					"avg": 1725,
					"count": 1,
					"min": 1725,
					"max": 1725
				},
				"2024-09-03": {
					"avg": 832,
					"count": 4,
					"min": 818,
					"max": 845
				},
				"2024-09-05": {
					"avg": 850,
					"count": 1,
					"min": 850,
					"max": 850
				},
				"2024-09-06": {
					"avg": 777,
					"count": 1,
					"min": 777,
					"max": 777
				},
				"2024-09-08": {
					"avg": 848,
					"count": 3,
					"min": 833,
					"max": 861
				},
				"2024-09-09": {
					"avg": 1069,
					"count": 1,
					"min": 1069,
					"max": 1069
				},
				"2024-09-10": {
					"avg": 948,
					"count": 1,
					"min": 948,
					"max": 948
				},
				"2024-09-12": {
					"avg": 774,
					"count": 2,
					"min": 770,
					"max": 777
				},
				"2024-09-15": {
					"avg": 769,
					"count": 1,
					"min": 769,
					"max": 769
				},
				"2024-09-16": {
					"avg": 818,
					"count": 1,
					"min": 818,
					"max": 818
				},
				"2024-09-17": {
					"avg": 873,
					"count": 2,
					"min": 819,
					"max": 926
				},
				"2024-09-18": {
					"avg": 1605,
					"count": 1,
					"min": 1605,
					"max": 1605
				},
				"2024-09-21": {
					"avg": 1602,
					"count": 1,
					"min": 1602,
					"max": 1602
				},
				"2024-09-22": {
					"avg": 937,
					"count": 1,
					"min": 937,
					"max": 937
				},
				"2024-09-23": {
					"avg": 819,
					"count": 2,
					"min": 819,
					"max": 819
				}
			},
			"avg": 1083,
			"avg7": -1,
			"avg28": -1
		},
		"normal-poor": {
			"history": {
				"2024-05-27": {
					"avg": 372,
					"count": 1,
					"min": 372,
					"max": 372
				},
				"2024-05-31": {
					"avg": 489,
					"count": 2,
					"min": 489,
					"max": 489
				},
				"2024-06-02": {
					"avg": 489,
					"count": 1,
					"min": 489,
					"max": 489
				},
				"2024-06-03": {
					"avg": 489,
					"count": 1,
					"min": 489,
					"max": 489
				},
				"2024-06-04": {
					"avg": 489,
					"count": 1,
					"min": 489,
					"max": 489
				},
				"2024-06-11": {
					"avg": 724,
					"count": 1,
					"min": 724,
					"max": 724
				},
				"2024-06-13": {
					"avg": 525,
					"count": 1,
					"min": 525,
					"max": 525
				},
				"2024-06-19": {
					"avg": 299,
					"count": 1,
					"min": 299,
					"max": 299
				},
				"2024-06-25": {
					"avg": 499,
					"count": 1,
					"min": 499,
					"max": 499
				},
				"2024-06-27": {
					"avg": 477,
					"count": 2,
					"min": 377,
					"max": 576
				},
				"2024-06-30": {
					"avg": 454,
					"count": 2,
					"min": 435,
					"max": 472
				},
				"2024-07-01": {
					"avg": 899,
					"count": 1,
					"min": 899,
					"max": 899
				},
				"2024-07-03": {
					"avg": 240,
					"count": 1,
					"min": 240,
					"max": 240
				},
				"2024-07-07": {
					"avg": 500,
					"count": 1,
					"min": 500,
					"max": 500
				},
				"2024-07-12": {
					"avg": 398,
					"count": 1,
					"min": 398,
					"max": 398
				},
				"2024-07-14": {
					"avg": 530,
					"count": 1,
					"min": 530,
					"max": 530
				},
				"2024-07-15": {
					"avg": 432,
					"count": 1,
					"min": 432,
					"max": 432
				},
				"2024-07-17": {
					"avg": 366,
					"count": 2,
					"min": 305,
					"max": 427
				},
				"2024-07-21": {
					"avg": 688,
					"count": 2,
					"min": 427,
					"max": 949
				},
				"2024-07-26": {
					"avg": 385,
					"count": 1,
					"min": 385,
					"max": 385
				},
				"2024-07-29": {
					"avg": 775,
					"count": 1,
					"min": 775,
					"max": 775
				},
				"2024-08-03": {
					"avg": 500,
					"count": 1,
					"min": 500,
					"max": 500
				},
				"2024-08-08": {
					"avg": 842,
					"count": 2,
					"min": 533,
					"max": 1150
				},
				"2024-08-14": {
					"avg": 382,
					"count": 1,
					"min": 382,
					"max": 382
				},
				"2024-08-16": {
					"avg": 1605,
					"count": 1,
					"min": 1605,
					"max": 1605
				},
				"2024-08-18": {
					"avg": 544,
					"count": 3,
					"min": 499,
					"max": 626
				},
				"2024-08-19": {
					"avg": 532,
					"count": 1,
					"min": 532,
					"max": 532
				},
				"2024-08-20": {
					"avg": 587,
					"count": 1,
					"min": 587,
					"max": 587
				},
				"2024-08-23": {
					"avg": 611,
					"count": 1,
					"min": 611,
					"max": 611
				},
				"2024-08-26": {
					"avg": 545,
					"count": 1,
					"min": 545,
					"max": 545
				},
				"2024-09-06": {
					"avg": 494,
					"count": 1,
					"min": 494,
					"max": 494
				},
				"2024-09-11": {
					"avg": 457,
					"count": 2,
					"min": 415,
					"max": 499
				},
				"2024-09-13": {
					"avg": 510,
					"count": 1,
					"min": 510,
					"max": 510
				},
				"2024-09-15": {
					"avg": 529,
					"count": 1,
					"min": 529,
					"max": 529
				},
				"2024-09-21": {
					"avg": 472,
					"count": 1,
					"min": 472,
					"max": 472
				}
			},
			"avg": 545,
			"avg7": -1,
			"avg28": -1
		},
		"normal-nearmint": {
			"history": {
				"2024-05-23": {
					"avg": 1997,
					"count": 1,
					"min": 1997,
					"max": 1997
				},
				"2024-05-24": {
					"avg": 1999,
					"count": 1,
					"min": 1999,
					"max": 1999
				},
				"2024-05-26": {
					"avg": 1999,
					"count": 1,
					"min": 1999,
					"max": 1999
				},
				"2024-05-29": {
					"avg": 2204,
					"count": 1,
					"min": 2204,
					"max": 2204
				},
				"2024-05-31": {
					"avg": 2075,
					"count": 1,
					"min": 2075,
					"max": 2075
				},
				"2024-06-01": {
					"avg": 2225,
					"count": 1,
					"min": 2225,
					"max": 2225
				},
				"2024-06-04": {
					"avg": 2187,
					"count": 1,
					"min": 2187,
					"max": 2187
				},
				"2024-06-12": {
					"avg": 2198,
					"count": 1,
					"min": 2198,
					"max": 2198
				},
				"2024-06-13": {
					"avg": 2198,
					"count": 1,
					"min": 2198,
					"max": 2198
				},
				"2024-06-16": {
					"avg": 2077,
					"count": 1,
					"min": 2077,
					"max": 2077
				},
				"2024-06-17": {
					"avg": 2295,
					"count": 1,
					"min": 2295,
					"max": 2295
				},
				"2024-06-18": {
					"avg": 2375,
					"count": 1,
					"min": 2375,
					"max": 2375
				},
				"2024-06-19": {
					"avg": 2326,
					"count": 1,
					"min": 2326,
					"max": 2326
				},
				"2024-06-22": {
					"avg": 5769,
					"count": 1,
					"min": 5769,
					"max": 5769
				},
				"2024-06-25": {
					"avg": 2293,
					"count": 2,
					"min": 2084,
					"max": 2501
				},
				"2024-06-28": {
					"avg": 2085,
					"count": 1,
					"min": 2085,
					"max": 2085
				},
				"2024-06-30": {
					"avg": 2588,
					"count": 2,
					"min": 2097,
					"max": 3078
				},
				"2024-07-04": {
					"avg": 2295,
					"count": 1,
					"min": 2295,
					"max": 2295
				},
				"2024-07-05": {
					"avg": 2195,
					"count": 1,
					"min": 2195,
					"max": 2195
				},
				"2024-07-10": {
					"avg": 1899,
					"count": 2,
					"min": 1898,
					"max": 1899
				},
				"2024-07-12": {
					"avg": 3708,
					"count": 3,
					"min": 2295,
					"max": 5868
				},
				"2024-07-14": {
					"avg": 2098,
					"count": 1,
					"min": 2098,
					"max": 2098
				},
				"2024-07-17": {
					"avg": 4050,
					"count": 2,
					"min": 2100,
					"max": 5999
				},
				"2024-07-23": {
					"avg": 2098,
					"count": 1,
					"min": 2098,
					"max": 2098
				},
				"2024-07-24": {
					"avg": 2036,
					"count": 3,
					"min": 1899,
					"max": 2259
				},
				"2024-07-29": {
					"avg": 2949,
					"count": 1,
					"min": 2949,
					"max": 2949
				},
				"2024-08-08": {
					"avg": 5998,
					"count": 1,
					"min": 5998,
					"max": 5998
				},
				"2024-08-10": {
					"avg": 2201,
					"count": 3,
					"min": 2149,
					"max": 2256
				},
				"2024-08-11": {
					"avg": 5699,
					"count": 1,
					"min": 5699,
					"max": 5699
				},
				"2024-08-15": {
					"avg": 2151,
					"count": 1,
					"min": 2151,
					"max": 2151
				},
				"2024-08-17": {
					"avg": 2173,
					"count": 1,
					"min": 2173,
					"max": 2173
				},
				"2024-08-23": {
					"avg": 1997,
					"count": 1,
					"min": 1997,
					"max": 1997
				},
				"2024-08-27": {
					"avg": 2272,
					"count": 1,
					"min": 2272,
					"max": 2272
				},
				"2024-09-09": {
					"avg": 2100,
					"count": 1,
					"min": 2100,
					"max": 2100
				},
				"2024-09-11": {
					"avg": 2599,
					"count": 1,
					"min": 2599,
					"max": 2599
				},
				"2024-09-12": {
					"avg": 1996,
					"count": 1,
					"min": 1996,
					"max": 1996
				},
				"2024-09-18": {
					"avg": 1998,
					"count": 2,
					"min": 1997,
					"max": 1999
				},
				"2024-09-19": {
					"avg": 2449,
					"count": 2,
					"min": 2399,
					"max": 2499
				},
				"2024-09-21": {
					"avg": 1948,
					"count": 1,
					"min": 1948,
					"max": 1948
				}
			},
			"avg": 2568,
			"avg7": -1,
			"avg28": -1
		},
		"normal-used": {
			"history": {
				"2024-05-24": {
					"avg": 500,
					"count": 1,
					"min": 500,
					"max": 500
				},
				"2024-05-25": {
					"avg": 500,
					"count": 1,
					"min": 500,
					"max": 500
				},
				"2024-05-26": {
					"avg": 999,
					"count": 4,
					"min": 500,
					"max": 1498
				},
				"2024-06-03": {
					"avg": 683,
					"count": 1,
					"min": 683,
					"max": 683
				},
				"2024-06-04": {
					"avg": 857,
					"count": 1,
					"min": 857,
					"max": 857
				},
				"2024-06-08": {
					"avg": 599,
					"count": 1,
					"min": 599,
					"max": 599
				},
				"2024-06-09": {
					"avg": 1522,
					"count": 1,
					"min": 1522,
					"max": 1522
				},
				"2024-06-10": {
					"avg": 600,
					"count": 1,
					"min": 600,
					"max": 600
				},
				"2024-06-15": {
					"avg": 399,
					"count": 1,
					"min": 399,
					"max": 399
				},
				"2024-06-18": {
					"avg": 559,
					"count": 2,
					"min": 520,
					"max": 597
				},
				"2024-06-23": {
					"avg": 588,
					"count": 1,
					"min": 588,
					"max": 588
				},
				"2024-06-25": {
					"avg": 550,
					"count": 1,
					"min": 550,
					"max": 550
				},
				"2024-06-27": {
					"avg": 767,
					"count": 3,
					"min": 574,
					"max": 996
				},
				"2024-07-03": {
					"avg": 302,
					"count": 2,
					"min": 290,
					"max": 313
				},
				"2024-07-04": {
					"avg": 521,
					"count": 1,
					"min": 521,
					"max": 521
				},
				"2024-07-06": {
					"avg": 657,
					"count": 1,
					"min": 657,
					"max": 657
				},
				"2024-07-14": {
					"avg": 649,
					"count": 1,
					"min": 649,
					"max": 649
				},
				"2024-07-16": {
					"avg": 475,
					"count": 1,
					"min": 475,
					"max": 475
				},
				"2024-07-18": {
					"avg": 762,
					"count": 3,
					"min": 483,
					"max": 1299
				},
				"2024-07-19": {
					"avg": 643,
					"count": 1,
					"min": 643,
					"max": 643
				},
				"2024-07-20": {
					"avg": 516,
					"count": 1,
					"min": 516,
					"max": 516
				},
				"2024-07-23": {
					"avg": 635,
					"count": 1,
					"min": 635,
					"max": 635
				},
				"2024-07-25": {
					"avg": 674,
					"count": 1,
					"min": 674,
					"max": 674
				},
				"2024-07-29": {
					"avg": 597,
					"count": 1,
					"min": 597,
					"max": 597
				},
				"2024-08-03": {
					"avg": 503,
					"count": 1,
					"min": 503,
					"max": 503
				},
				"2024-08-05": {
					"avg": 640,
					"count": 2,
					"min": 619,
					"max": 660
				},
				"2024-08-08": {
					"avg": 628,
					"count": 3,
					"min": 603,
					"max": 640
				},
				"2024-08-17": {
					"avg": 619,
					"count": 1,
					"min": 619,
					"max": 619
				},
				"2024-08-18": {
					"avg": 1463,
					"count": 1,
					"min": 1463,
					"max": 1463
				},
				"2024-08-19": {
					"avg": 627,
					"count": 1,
					"min": 627,
					"max": 627
				},
				"2024-08-22": {
					"avg": 596,
					"count": 1,
					"min": 596,
					"max": 596
				},
				"2024-08-24": {
					"avg": 527,
					"count": 1,
					"min": 527,
					"max": 527
				},
				"2024-08-26": {
					"avg": 626,
					"count": 1,
					"min": 626,
					"max": 626
				},
				"2024-08-29": {
					"avg": 569,
					"count": 1,
					"min": 569,
					"max": 569
				},
				"2024-09-01": {
					"avg": 525,
					"count": 1,
					"min": 525,
					"max": 525
				},
				"2024-09-02": {
					"avg": 527,
					"count": 2,
					"min": 526,
					"max": 527
				},
				"2024-09-04": {
					"avg": 875,
					"count": 1,
					"min": 875,
					"max": 875
				},
				"2024-09-05": {
					"avg": 695,
					"count": 1,
					"min": 695,
					"max": 695
				},
				"2024-09-07": {
					"avg": 848,
					"count": 1,
					"min": 848,
					"max": 848
				},
				"2024-09-08": {
					"avg": 623,
					"count": 1,
					"min": 623,
					"max": 623
				},
				"2024-09-10": {
					"avg": 527,
					"count": 1,
					"min": 527,
					"max": 527
				},
				"2024-09-11": {
					"avg": 546,
					"count": 1,
					"min": 546,
					"max": 546
				},
				"2024-09-12": {
					"avg": 524,
					"count": 2,
					"min": 499,
					"max": 549
				},
				"2024-09-14": {
					"avg": 728,
					"count": 1,
					"min": 728,
					"max": 728
				},
				"2024-09-15": {
					"avg": 678,
					"count": 1,
					"min": 678,
					"max": 678
				},
				"2024-09-18": {
					"avg": 624,
					"count": 1,
					"min": 624,
					"max": 624
				}
			},
			"avg": 666,
			"avg7": -1,
			"avg28": -1
		}
	}
}