{
	"data": {
		"normal-good": {
			"history": {
				"2022-11-13": {
					"avg": 217,
					"count": 7
				},
				"2022-11-14": {
					"avg": 266,
					"count": 5
				},
				"2022-11-15": {
					"avg": 225,
					"count": 1
				},
				"2022-11-16": {
					"avg": 115,
					"count": 1
				},
				"2022-11-17": {
					"avg": 227,
					"count": 3
				},
				"2022-11-18": {
					"avg": 107,
					"count": 1
				},
				"2022-11-22": {
					"avg": 149,
					"count": 1,
					"min": 149,
					"max": 149
				},
				"2022-11-25": {
					"avg": 151,
					"count": 15,
					"min": 47,
					"max": 345
				},
				"2022-11-27": {
					"avg": 178,
					"count": 3,
					"min": 137,
					"max": 260
				},
				"2022-11-28": {
					"avg": 313,
					"count": 6,
					"min": 225,
					"max": 497
				},
				"2022-11-29": {
					"avg": 348,
					"count": 7,
					"min": 105,
					"max": 900
				},
				"2022-12-01": {
					"avg": 105,
					"count": 2,
					"min": 104,
					"max": 105
				},
				"2022-12-02": {
					"avg": 139,
					"count": 4,
					"min": 112,
					"max": 218
				},
				"2022-12-03": {
					"avg": 145,
					"count": 1,
					"min": 145,
					"max": 145
				},
				"2022-12-04": {
					"avg": 182,
					"count": 4,
					"min": 156,
					"max": 260
				},
				"2022-12-05": {
					"avg": 208,
					"count": 14,
					"min": 156,
					"max": 304
				},
				"2022-12-06": {
					"avg": 260,
					"count": 2,
					"min": 260,
					"max": 260
				},
				"2022-12-07": {
					"avg": 321,
					"count": 6,
					"min": 190,
					"max": 543
				},
				"2022-12-09": {
					"avg": 260,
					"count": 1,
					"min": 260,
					"max": 260
				},
				"2022-12-10": {
					"avg": 219,
					"count": 7,
					"min": 156,
					"max": 298
				},
				"2022-12-11": {
					"avg": 692,
					"count": 2,
					"min": 451,
					"max": 933
				},
				"2022-12-12": {
					"avg": 247,
					"count": 3,
					"min": 183,
					"max": 297
				},
				"2022-12-13": {
					"avg": 476,
					"count": 1,
					"min": 476,
					"max": 476
				},
				"2022-12-14": {
					"avg": 185,
					"count": 5,
					"min": 166,
					"max": 260
				},
				"2022-12-15": {
					"avg": 310,
					"count": 2,
					"min": 308,
					"max": 312
				},
				"2022-12-16": {
					"avg": 224,
					"count": 16,
					"min": 149,
					"max": 456
				},
				"2022-12-17": {
					"avg": 206,
					"count": 2,
					"min": 149,
					"max": 263
				},
				"2022-12-18": {
					"avg": 456,
					"count": 1,
					"min": 456,
					"max": 456
				},
				"2022-12-19": {
					"avg": 261,
					"count": 3,
					"min": 172,
					"max": 349
				},
				"2022-12-21": {
					"avg": 438,
					"count": 2,
					"min": 325,
					"max": 550
				},
				"2022-12-22": {
					"avg": 161,
					"count": 2,
					"min": 143,
					"max": 179
				},
				"2022-12-23": {
					"avg": 126,
					"count": 6,
					"min": 58,
					"max": 218
				},
				"2022-12-24": {
					"avg": 598,
					"count": 3,
					"min": 598,
					"max": 598
				},
				"2022-12-25": {
					"avg": 153,
					"count": 1,
					"min": 153,
					"max": 153
				},
				"2022-12-26": {
					"avg": 206,
					"count": 1,
					"min": 206,
					"max": 206
				},
				"2022-12-27": {
					"avg": 301,
					"count": 2,
					"min": 252,
					"max": 349
				},
				"2022-12-28": {
					"avg": 400,
					"count": 3,
					"min": 142,
					"max": 760
				},
				"2022-12-29": {
					"avg": 503,
					"count": 3,
					"min": 298,
					"max": 912
				},
				"2022-12-30": {
					"avg": 317,
					"count": 14,
					"min": 252,
					"max": 811
				},
				"2023-01-01": {
					"avg": 145,
					"count": 1,
					"min": 145,
					"max": 145
				},
				"2023-01-02": {
					"avg": 272,
					"count": 5,
					"min": 141,
					"max": 459
				},
				"2023-01-03": {
					"avg": 481,
					"count": 5,
					"min": 349,
					"max": 850
				},
				"2023-01-04": {
					"avg": 500,
					"count": 1,
					"min": 500,
					"max": 500
				},
				"2023-01-05": {
					"avg": 424,
					"count": 6,
					"min": 259,
					"max": 568
				},
				"2023-01-06": {
					"avg": 190,
					"count": 3,
					"min": 100,
					"max": 265
				},
				"2023-01-07": {
					"avg": 216,
					"count": 3,
					"min": 99,
					"max": 274
				},
				"2023-01-08": {
					"avg": 1355,
					"count": 1,
					"min": 1355,
					"max": 1355
				},
				"2023-01-09": {
					"avg": 202,
					"count": 8,
					"min": 118,
					"max": 263
				},
				"2023-01-10": {
					"avg": 200,
					"count": 1,
					"min": 200,
					"max": 200
				},
				"2023-01-11": {
					"avg": 582,
					"count": 7,
					"min": 432,
					"max": 667
				},
				"2023-01-12": {
					"avg": 186,
					"count": 4,
					"min": 150,
					"max": 248
				},
				"2023-02-07": {
					"avg": 237,
					"count": 2,
					"min": 223,
					"max": 250
				},
				"2023-02-08": {
					"avg": 545,
					"count": 2,
					"min": 221,
					"max": 869
				},
				"2023-02-09": {
					"avg": 349,
					"count": 1,
					"min": 349,
					"max": 349
				},
				"2023-02-10": {
					"avg": 185,
					"count": 3,
					"min": 156,
					"max": 200
				},
				"2023-02-11": {
					"avg": 196,
					"count": 7,
					"min": 124,
					"max": 381
				},
				"2023-02-12": {
					"avg": 378,
					"count": 5,
					"min": 297,
					"max": 598
				},
				"2023-02-13": {
					"avg": 382,
					"count": 2,
					"min": 359,
					"max": 405
				},
				"2023-02-14": {
					"avg": 294,
					"count": 5,
					"min": 199,
					"max": 418
				},
				"2023-02-15": {
					"avg": 254,
					"count": 5,
					"min": 125,
					"max": 474
				},
				"2023-02-16": {
					"avg": 561,
					"count": 2,
					"min": 548,
					"max": 573
				},
				"2023-02-17": {
					"avg": 217,
					"count": 2,
					"min": 199,
					"max": 235
				},
				"2023-02-18": {
					"avg": 197,
					"count": 2,
					"min": 93,
					"max": 300
				},
				"2023-02-19": {
					"avg": 474,
					"count": 5,
					"min": 246,
					"max": 869
				},
				"2023-02-20": {
					"avg": 213,
					"count": 7,
					"min": 129,
					"max": 385
				},
				"2023-02-21": {
					"avg": 200,
					"count": 2,
					"min": 146,
					"max": 254
				},
				"2023-02-22": {
					"avg": 424,
					"count": 2,
					"min": 225,
					"max": 623
				},
				"2023-02-23": {
					"avg": 624,
					"count": 2,
					"min": 349,
					"max": 899
				},
				"2023-02-24": {
					"avg": 364,
					"count": 2,
					"min": 189,
					"max": 539
				},
				"2023-02-25": {
					"avg": 104,
					"count": 2,
					"min": 104,
					"max": 104
				},
				"2023-02-26": {
					"avg": 211,
					"count": 9,
					"min": 104,
					"max": 869
				},
				"2023-02-27": {
					"avg": 399,
					"count": 1,
					"min": 399,
					"max": 399
				},
				"2023-02-28": {
					"avg": 265,
					"count": 3,
					"min": 205,
					"max": 300
				},
				"2023-03-01": {
					"avg": 216,
					"count": 5,
					"min": 137,
					"max": 300
				},
				"2023-03-03": {
					"avg": 237,
					"count": 7,
					"min": 111,
					"max": 300
				},
				"2023-03-04": {
					"avg": 107,
					"count": 1,
					"min": 107,
					"max": 107
				},
				"2023-03-05": {
					"avg": 338,
					"count": 1,
					"min": 338,
					"max": 338
				},
				"2023-03-06": {
					"avg": 332,
					"count": 3,
					"min": 248,
					"max": 450
				},
				"2023-03-09": {
					"avg": 224,
					"count": 3,
					"min": 123,
					"max": 349
				},
				"2023-03-10": {
					"avg": 312,
					"count": 4,
					"min": 200,
					"max": 421
				},
				"2023-03-11": {
					"avg": 268,
					"count": 2,
					"min": 206,
					"max": 329
				},
				"2023-03-12": {
					"avg": 194,
					"count": 2,
					"min": 99,
					"max": 289
				},
				"2023-03-13": {
					"avg": 297,
					"count": 3,
					"min": 179,
					"max": 383
				},
				"2023-03-14": {
					"avg": 221,
					"count": 3,
					"min": 221,
					"max": 221
				},
				"2023-03-16": {
					"avg": 509,
					"count": 3,
					"min": 206,
					"max": 673
				},
				"2023-03-17": {
					"avg": 295,
					"count": 5,
					"min": 206,
					"max": 449
				},
				"2023-03-18": {
					"avg": 418,
					"count": 3,
					"min": 300,
					"max": 607
				},
				"2023-03-20": {
					"avg": 294,
					"count": 3,
					"min": 178,
					"max": 527
				},
				"2023-03-21": {
					"avg": 859,
					"count": 1,
					"min": 859,
					"max": 859
				},
				"2023-03-22": {
					"avg": 234,
					"count": 2,
					"min": 120,
					"max": 349
				},
				"2023-03-24": {
					"avg": 250,
					"count": 2,
					"min": 250,
					"max": 250
				},
				"2023-03-25": {
					"avg": 312,
					"count": 2,
					"min": 225,
					"max": 399
				},
				"2023-03-26": {
					"avg": 1098,
					"count": 1,
					"min": 1098,
					"max": 1098
				},
				"2023-03-28": {
					"avg": 248,
					"count": 4,
					"min": 35,
					"max": 673
				},
				"2023-03-29": {
					"avg": 104,
					"count": 3,
					"min": 50,
					"max": 202
				},
				"2023-03-31": {
					"avg": 199,
					"count": 5,
					"min": 50,
					"max": 524
				},
				"2023-04-01": {
					"avg": 220,
					"count": 4,
					"min": 100,
					"max": 446
				},
				"2023-04-02": {
					"avg": 155,
					"count": 2,
					"min": 60,
					"max": 250
				},
				"2023-04-03": {
					"avg": 524,
					"count": 1,
					"min": 524,
					"max": 524
				},
				"2023-04-04": {
					"avg": 455,
					"count": 6,
					"min": 330,
					"max": 525
				},
				"2023-04-05": {
					"avg": 325,
					"count": 5,
					"min": 124,
					"max": 698
				},
				"2023-04-07": {
					"avg": 156,
					"count": 1,
					"min": 156,
					"max": 156
				},
				"2023-04-08": {
					"avg": 289,
					"count": 1,
					"min": 289,
					"max": 289
				},
				"2023-04-09": {
					"avg": 242,
					"count": 6,
					"min": 218,
					"max": 349
				},
				"2023-04-11": {
					"avg": 159,
					"count": 1,
					"min": 159,
					"max": 159
				},
				"2023-04-12": {
					"avg": 430,
					"count": 2,
					"min": 60,
					"max": 799
				},
				"2023-04-13": {
					"avg": 405,
					"count": 5,
					"min": 168,
					"max": 638
				},
				"2023-04-14": {
					"avg": 274,
					"count": 1,
					"min": 274,
					"max": 274
				},
				"2023-04-15": {
					"avg": 640,
					"count": 1,
					"min": 640,
					"max": 640
				},
				"2023-04-16": {
					"avg": 259,
					"count": 1,
					"min": 259,
					"max": 259
				},
				"2023-04-17": {
					"avg": 301,
					"count": 3,
					"min": 225,
					"max": 349
				},
				"2023-04-18": {
					"avg": 458,
					"count": 3,
					"min": 244,
					"max": 798
				},
				"2023-04-19": {
					"avg": 160,
					"count": 2,
					"min": 56,
					"max": 263
				},
				"2023-04-20": {
					"avg": 831,
					"count": 2,
					"min": 698,
					"max": 963
				},
				"2023-04-21": {
					"avg": 94,
					"count": 1,
					"min": 94,
					"max": 94
				},
				"2023-04-22": {
					"avg": 149,
					"count": 1,
					"min": 149,
					"max": 149
				},
				"2023-04-23": {
					"avg": 606,
					"count": 3,
					"min": 250,
					"max": 869
				},
				"2023-04-25": {
					"avg": 698,
					"count": 1,
					"min": 698,
					"max": 698
				},
				"2023-04-26": {
					"avg": 815,
					"count": 2,
					"min": 256,
					"max": 1374
				},
				"2023-04-27": {
					"avg": 330,
					"count": 2,
					"min": 35,
					"max": 624
				},
				"2023-04-28": {
					"avg": 207,
					"count": 6,
					"min": 149,
					"max": 306
				},
				"2023-04-29": {
					"avg": 157,
					"count": 2,
					"min": 149,
					"max": 164
				},
				"2023-04-30": {
					"avg": 963,
					"count": 1,
					"min": 963,
					"max": 963
				},
				"2023-05-01": {
					"avg": 311,
					"count": 2,
					"min": 272,
					"max": 349
				},
				"2023-05-02": {
					"avg": 212,
					"count": 3,
					"min": 169,
					"max": 299
				},
				"2023-05-03": {
					"avg": 268,
					"count": 2,
					"min": 268,
					"max": 268
				},
				"2023-05-04": {
					"avg": 297,
					"count": 3,
					"min": 199,
					"max": 400
				},
				"2023-05-05": {
					"avg": 184,
					"count": 1,
					"min": 184,
					"max": 184
				},
				"2023-05-06": {
					"avg": 147,
					"count": 2,
					"min": 35,
					"max": 259
				},
				"2023-05-07": {
					"avg": 182,
					"count": 20,
					"min": 35,
					"max": 399
				},
				"2023-05-08": {
					"avg": 320,
					"count": 1,
					"min": 320,
					"max": 320
				},
				"2023-05-10": {
					"avg": 1158,
					"count": 1,
					"min": 1158,
					"max": 1158
				},
				"2023-05-12": {
					"avg": 229,
					"count": 4,
					"min": 206,
					"max": 298
				},
				"2023-05-13": {
					"avg": 304,
					"count": 3,
					"min": 206,
					"max": 378
				},
				"2023-05-14": {
					"avg": 132,
					"count": 2,
					"min": 65,
					"max": 199
				},
				"2023-05-16": {
					"avg": 322,
					"count": 3,
					"min": 229,
					"max": 507
				},
				"2023-05-17": {
					"avg": 436,
					"count": 4,
					"min": 200,
					"max": 598
				},
				"2023-05-18": {
					"avg": 454,
					"count": 3,
					"min": 150,
					"max": 1003
				},
				"2023-05-19": {
					"avg": 195,
					"count": 5,
					"min": 175,
					"max": 200
				},
				"2023-05-20": {
					"avg": 225,
					"count": 2,
					"min": 184,
					"max": 265
				},
				"2023-05-23": {
					"avg": 298,
					"count": 3,
					"min": 297,
					"max": 299
				},
				"2023-05-24": {
					"avg": 246,
					"count": 13,
					"min": 99,
					"max": 595
				},
				"2023-05-25": {
					"avg": 298,
					"count": 2,
					"min": 297,
					"max": 299
				},
				"2023-05-27": {
					"avg": 253,
					"count": 15,
					"min": 83,
					"max": 858
				},
				"2023-05-28": {
					"avg": 205,
					"count": 2,
					"min": 152,
					"max": 259
				},
				"2023-05-29": {
					"avg": 298,
					"count": 1,
					"min": 298,
					"max": 298
				},
				"2023-06-01": {
					"avg": 387,
					"count": 4,
					"min": 246,
					"max": 723
				},
				"2023-06-02": {
					"avg": 429,
					"count": 3,
					"min": 250,
					"max": 698
				},
				"2023-06-04": {
					"avg": 858,
					"count": 1,
					"min": 858,
					"max": 858
				},
				"2023-06-05": {
					"avg": 567,
					"count": 3,
					"min": 168,
					"max": 926
				},
				"2023-06-06": {
					"avg": 858,
					"count": 2,
					"min": 858,
					"max": 858
				},
				"2023-06-07": {
					"avg": 268,
					"count": 3,
					"min": 70,
					"max": 438
				},
				"2023-06-09": {
					"avg": 161,
					"count": 3,
					"min": 161,
					"max": 161
				},
				"2023-06-13": {
					"avg": 76,
					"count": 1,
					"min": 76,
					"max": 76
				},
				"2023-06-14": {
					"avg": 318,
					"count": 3,
					"min": 225,
					"max": 482
				},
				"2023-06-15": {
					"avg": 472,
					"count": 3,
					"min": 198,
					"max": 999
				},
				"2023-06-16": {
					"avg": 599,
					"count": 2,
					"min": 200,
					"max": 998
				},
				"2023-06-17": {
					"avg": 278,
					"count": 4,
					"min": 115,
					"max": 624
				},
				"2023-06-18": {
					"avg": 199,
					"count": 1,
					"min": 199,
					"max": 199
				},
				"2023-06-20": {
					"avg": 233,
					"count": 4,
					"min": 170,
					"max": 338
				},
				"2023-06-22": {
					"avg": 161,
					"count": 5,
					"min": 112,
					"max": 212
				},
				"2023-06-23": {
					"avg": 275,
					"count": 3,
					"min": 195,
					"max": 346
				},
				"2023-06-24": {
					"avg": 322,
					"count": 2,
					"min": 295,
					"max": 349
				},
				"2023-06-25": {
					"avg": 611,
					"count": 2,
					"min": 363,
					"max": 858
				},
				"2023-06-26": {
					"avg": 210,
					"count": 7,
					"min": 108,
					"max": 256
				},
				"2023-06-28": {
					"avg": 472,
					"count": 4,
					"min": 205,
					"max": 960
				},
				"2023-06-29": {
					"avg": 331,
					"count": 7,
					"min": 204,
					"max": 399
				},
				"2023-06-30": {
					"avg": 300,
					"count": 1,
					"min": 300,
					"max": 300
				},
				"2023-07-01": {
					"avg": 314,
					"count": 1,
					"min": 314,
					"max": 314
				},
				"2023-07-02": {
					"avg": 101,
					"count": 1,
					"min": 101,
					"max": 101
				},
				"2023-07-03": {
					"avg": 366,
					"count": 4,
					"min": 293,
					"max": 578
				},
				"2023-07-04": {
					"avg": 171,
					"count": 2,
					"min": 142,
					"max": 199
				},
				"2023-07-05": {
					"avg": 212,
					"count": 3,
					"min": 211,
					"max": 214
				},
				"2023-07-06": {
					"avg": 202,
					"count": 6,
					"min": 80,
					"max": 382
				},
				"2023-07-07": {
					"avg": 251,
					"count": 4,
					"min": 190,
					"max": 345
				},
				"2023-07-08": {
					"avg": 212,
					"count": 1,
					"min": 212,
					"max": 212
				},
				"2023-07-09": {
					"avg": 349,
					"count": 3,
					"min": 349,
					"max": 349
				},
				"2023-07-10": {
					"avg": 312,
					"count": 8,
					"min": 188,
					"max": 637
				},
				"2023-07-11": {
					"avg": 640,
					"count": 3,
					"min": 380,
					"max": 866
				},
				"2023-07-12": {
					"avg": 607,
					"count": 8,
					"min": 125,
					"max": 1598
				},
				"2023-07-13": {
					"avg": 290,
					"count": 4,
					"min": 214,
					"max": 332
				},
				"2023-07-14": {
					"avg": 414,
					"count": 3,
					"min": 119,
					"max": 894
				},
				"2023-07-15": {
					"avg": 167,
					"count": 4,
					"min": 117,
					"max": 225
				},
				"2023-07-16": {
					"avg": 277,
					"count": 2,
					"min": 233,
					"max": 320
				},
				"2023-07-17": {
					"avg": 599,
					"count": 1,
					"min": 599,
					"max": 599
				},
				"2023-07-18": {
					"avg": 317,
					"count": 3,
					"min": 278,
					"max": 349
				},
				"2023-07-19": {
					"avg": 301,
					"count": 1,
					"min": 301,
					"max": 301
				},
				"2023-07-20": {
					"avg": 232,
					"count": 21,
					"min": 227,
					"max": 293
				},
				"2023-07-21": {
					"avg": 428,
					"count": 7,
					"min": 121,
					"max": 919
				},
				"2023-07-22": {
					"avg": 225,
					"count": 1,
					"min": 225,
					"max": 225
				},
				"2023-07-23": {
					"avg": 293,
					"count": 1,
					"min": 293,
					"max": 293
				},
				"2023-07-25": {
					"avg": 273,
					"count": 11,
					"min": 75,
					"max": 507
				},
				"2023-07-27": {
					"avg": 499,
					"count": 1,
					"min": 499,
					"max": 499
				},
				"2023-07-28": {
					"avg": 632,
					"count": 1,
					"min": 632,
					"max": 632
				},
				"2023-07-29": {
					"avg": 464,
					"count": 3,
					"min": 194,
					"max": 599
				},
				"2023-07-30": {
					"avg": 995,
					"count": 1,
					"min": 995,
					"max": 995
				},
				"2023-07-31": {
					"avg": 635,
					"count": 1,
					"min": 635,
					"max": 635
				},
				"2023-08-01": {
					"avg": 362,
					"count": 8,
					"min": 226,
					"max": 509
				},
				"2023-08-02": {
					"avg": 259,
					"count": 2,
					"min": 219,
					"max": 299
				},
				"2023-08-03": {
					"avg": 226,
					"count": 4,
					"min": 159,
					"max": 309
				},
				"2023-08-04": {
					"avg": 344,
					"count": 9,
					"min": 217,
					"max": 563
				},
				"2023-08-06": {
					"avg": 105,
					"count": 1,
					"min": 105,
					"max": 105
				},
				"2023-08-07": {
					"avg": 204,
					"count": 3,
					"min": 120,
					"max": 259
				},
				"2023-08-08": {
					"avg": 580,
					"count": 3,
					"min": 252,
					"max": 890
				},
				"2023-08-09": {
					"avg": 366,
					"count": 9,
					"min": 225,
					"max": 998
				},
				"2023-08-10": {
					"avg": 191,
					"count": 4,
					"min": 169,
					"max": 223
				},
				"2023-08-11": {
					"avg": 290,
					"count": 3,
					"min": 225,
					"max": 324
				},
				"2023-08-12": {
					"avg": 259,
					"count": 3,
					"min": 126,
					"max": 372
				},
				"2023-08-13": {
					"avg": 221,
					"count": 2,
					"min": 221,
					"max": 221
				},
				"2023-08-14": {
					"avg": 160,
					"count": 7,
					"min": 80,
					"max": 248
				},
				"2023-08-15": {
					"avg": 272,
					"count": 3,
					"min": 231,
					"max": 293
				},
				"2023-08-16": {
					"avg": 391,
					"count": 6,
					"min": 226,
					"max": 998
				},
				"2023-08-18": {
					"avg": 466,
					"count": 6,
					"min": 107,
					"max": 800
				},
				"2023-08-19": {
					"avg": 421,
					"count": 2,
					"min": 313,
					"max": 528
				},
				"2023-08-20": {
					"avg": 713,
					"count": 2,
					"min": 349,
					"max": 1077
				},
				"2023-08-21": {
					"avg": 362,
					"count": 2,
					"min": 140,
					"max": 583
				},
				"2023-08-22": {
					"avg": 250,
					"count": 2,
					"min": 215,
					"max": 284
				},
				"2023-08-23": {
					"avg": 270,
					"count": 3,
					"min": 135,
					"max": 385
				},
				"2023-08-24": {
					"avg": 376,
					"count": 6,
					"min": 187,
					"max": 583
				},
				"2023-08-25": {
					"avg": 233,
					"count": 11,
					"min": 158,
					"max": 331
				},
				"2023-08-26": {
					"avg": 504,
					"count": 3,
					"min": 337,
					"max": 786
				},
				"2023-08-27": {
					"avg": 242,
					"count": 5,
					"min": 211,
					"max": 298
				},
				"2023-08-28": {
					"avg": 415,
					"count": 3,
					"min": 165,
					"max": 893
				},
				"2023-08-29": {
					"avg": 134,
					"count": 1,
					"min": 134,
					"max": 134
				},
				"2023-08-30": {
					"avg": 256,
					"count": 6,
					"min": 100,
					"max": 337
				},
				"2023-08-31": {
					"avg": 287,
					"count": 3,
					"min": 244,
					"max": 319
				},
				"2023-09-01": {
					"avg": 299,
					"count": 7,
					"min": 99,
					"max": 669
				},
				"2023-09-03": {
					"avg": 365,
					"count": 2,
					"min": 330,
					"max": 399
				},
				"2023-09-04": {
					"avg": 209,
					"count": 4,
					"min": 135,
					"max": 319
				},
				"2023-09-05": {
					"avg": 337,
					"count": 1,
					"min": 337,
					"max": 337
				},
				"2023-09-06": {
					"avg": 309,
					"count": 1,
					"min": 309,
					"max": 309
				},
				"2023-09-07": {
					"avg": 292,
					"count": 2,
					"min": 246,
					"max": 337
				},
				"2023-09-09": {
					"avg": 189,
					"count": 16,
					"min": 88,
					"max": 287
				},
				"2023-09-10": {
					"avg": 287,
					"count": 1,
					"min": 287,
					"max": 287
				},
				"2023-09-11": {
					"avg": 272,
					"count": 4,
					"min": 60,
					"max": 510
				},
				"2023-09-12": {
					"avg": 422,
					"count": 4,
					"min": 337,
					"max": 641
				},
				"2023-09-13": {
					"avg": 370,
					"count": 1,
					"min": 370,
					"max": 370
				},
				"2023-09-14": {
					"avg": 220,
					"count": 3,
					"min": 60,
					"max": 319
				},
				"2023-09-15": {
					"avg": 829,
					"count": 1,
					"min": 829,
					"max": 829
				},
				"2023-09-16": {
					"avg": 245,
					"count": 6,
					"min": 93,
					"max": 300
				},
				"2023-09-17": {
					"avg": 215,
					"count": 3,
					"min": 144,
					"max": 281
				},
				"2023-09-18": {
					"avg": 307,
					"count": 1,
					"min": 307,
					"max": 307
				},
				"2023-09-19": {
					"avg": 815,
					"count": 3,
					"min": 549,
					"max": 1248
				},
				"2023-09-20": {
					"avg": 255,
					"count": 4,
					"min": 175,
					"max": 307
				},
				"2023-09-21": {
					"avg": 220,
					"count": 4,
					"min": 198,
					"max": 278
				},
				"2023-09-22": {
					"avg": 960,
					"count": 1,
					"min": 960,
					"max": 960
				},
				"2023-09-23": {
					"avg": 209,
					"count": 1,
					"min": 209,
					"max": 209
				},
				"2023-09-25": {
					"avg": 150,
					"count": 5,
					"min": 87,
					"max": 211
				},
				"2023-09-26": {
					"avg": 363,
					"count": 4,
					"min": 198,
					"max": 649
				},
				"2023-09-27": {
					"avg": 363,
					"count": 2,
					"min": 176,
					"max": 550
				},
				"2023-09-28": {
					"avg": 130,
					"count": 2,
					"min": 113,
					"max": 147
				},
				"2023-09-29": {
					"avg": 196,
					"count": 2,
					"min": 189,
					"max": 202
				},
				"2023-09-30": {
					"avg": 318,
					"count": 1,
					"min": 318,
					"max": 318
				},
				"2023-10-02": {
					"avg": 215,
					"count": 7,
					"min": 49,
					"max": 553
				},
				"2023-10-03": {
					"avg": 636,
					"count": 3,
					"min": 195,
					"max": 1118
				},
				"2023-10-04": {
					"avg": 319,
					"count": 5,
					"min": 75,
					"max": 899
				},
				"2023-10-05": {
					"avg": 198,
					"count": 1,
					"min": 198,
					"max": 198
				},
				"2023-10-06": {
					"avg": 302,
					"count": 4,
					"min": 155,
					"max": 416
				},
				"2023-10-07": {
					"avg": 273,
					"count": 4,
					"min": 99,
					"max": 349
				},
				"2023-10-08": {
					"avg": 616,
					"count": 1,
					"min": 616,
					"max": 616
				},
				"2023-10-09": {
					"avg": 312,
					"count": 13,
					"min": 145,
					"max": 609
				},
				"2023-10-11": {
					"avg": 1068,
					"count": 1,
					"min": 1068,
					"max": 1068
				},
				"2023-10-12": {
					"avg": 132,
					"count": 2,
					"min": 90,
					"max": 174
				},
				"2023-10-13": {
					"avg": 231,
					"count": 6,
					"min": 50,
					"max": 662
				},
				"2023-10-14": {
					"avg": 187,
					"count": 1,
					"min": 187,
					"max": 187
				},
				"2023-10-15": {
					"avg": 238,
					"count": 2,
					"min": 235,
					"max": 241
				},
				"2023-10-16": {
					"avg": 244,
					"count": 3,
					"min": 147,
					"max": 399
				},
				"2023-10-17": {
					"avg": 420,
					"count": 2,
					"min": 250,
					"max": 590
				},
				"2023-10-18": {
					"avg": 218,
					"count": 3,
					"min": 190,
					"max": 266
				},
				"2023-10-19": {
					"avg": 657,
					"count": 2,
					"min": 590,
					"max": 724
				},
				"2023-10-21": {
					"avg": 188,
					"count": 2,
					"min": 104,
					"max": 272
				},
				"2023-10-22": {
					"avg": 363,
					"count": 4,
					"min": 75,
					"max": 948
				},
				"2023-10-23": {
					"avg": 631,
					"count": 2,
					"min": 403,
					"max": 858
				},
				"2023-10-24": {
					"avg": 377,
					"count": 1,
					"min": 377,
					"max": 377
				},
				"2023-10-25": {
					"avg": 164,
					"count": 4,
					"min": 120,
					"max": 179
				},
				"2023-10-26": {
					"avg": 290,
					"count": 5,
					"min": 173,
					"max": 551
				},
				"2023-10-27": {
					"avg": 113,
					"count": 1,
					"min": 113,
					"max": 113
				},
				"2023-10-28": {
					"avg": 668,
					"count": 3,
					"min": 416,
					"max": 998
				},
				"2023-10-29": {
					"avg": 1548,
					"count": 1,
					"min": 1548,
					"max": 1548
				},
				"2023-10-30": {
					"avg": 229,
					"count": 5,
					"min": 99,
					"max": 324
				},
				"2023-10-31": {
					"avg": 454,
					"count": 6,
					"min": 250,
					"max": 662
				},
				"2023-11-01": {
					"avg": 253,
					"count": 8,
					"min": 85,
					"max": 416
				},
				"2023-11-02": {
					"avg": 999,
					"count": 1,
					"min": 999,
					"max": 999
				},
				"2023-11-03": {
					"avg": 310,
					"count": 3,
					"min": 237,
					"max": 403
				},
				"2023-11-04": {
					"avg": 539,
					"count": 2,
					"min": 376,
					"max": 701
				},
				"2023-11-06": {
					"avg": 384,
					"count": 6,
					"min": 198,
					"max": 478
				},
				"2023-11-07": {
					"avg": 648,
					"count": 1,
					"min": 648,
					"max": 648
				},
				"2023-11-09": {
					"avg": 764,
					"count": 4,
					"min": 99,
					"max": 2748
				},
				"2023-11-10": {
					"avg": 376,
					"count": 1,
					"min": 376,
					"max": 376
				},
				"2023-11-11": {
					"avg": 288,
					"count": 3,
					"min": 60,
					"max": 669
				},
				"2023-11-12": {
					"avg": 250,
					"count": 1,
					"min": 250,
					"max": 250
				},
				"2023-11-13": {
					"avg": 297,
					"count": 3,
					"min": 194,
					"max": 416
				},
				"2023-11-14": {
					"avg": 308,
					"count": 1,
					"min": 308,
					"max": 308
				},
				"2023-11-15": {
					"avg": 342,
					"count": 3,
					"min": 197,
					"max": 451
				},
				"2023-11-16": {
					"avg": 145,
					"count": 1,
					"min": 145,
					"max": 145
				},
				"2023-11-18": {
					"avg": 556,
					"count": 2,
					"min": 181,
					"max": 931
				},
				"2023-11-19": {
					"avg": 197,
					"count": 1,
					"min": 197,
					"max": 197
				},
				"2023-11-20": {
					"avg": 898,
					"count": 1,
					"min": 898,
					"max": 898
				},
				"2023-11-21": {
					"avg": 403,
					"count": 1,
					"min": 403,
					"max": 403
				},
				"2023-11-23": {
					"avg": 181,
					"count": 2,
					"min": 164,
					"max": 197
				},
				"2023-11-24": {
					"avg": 297,
					"count": 36,
					"min": 150,
					"max": 898
				},
				"2023-11-25": {
					"avg": 256,
					"count": 1,
					"min": 256,
					"max": 256
				},
				"2023-11-26": {
					"avg": 565,
					"count": 1,
					"min": 565,
					"max": 565
				},
				"2023-11-27": {
					"avg": 319,
					"count": 3,
					"min": 215,
					"max": 432
				},
				"2024-05-16": {
					"avg": 319,
					"count": 1,
					"min": 319,
					"max": 319
				},
				"2024-05-17": {
					"avg": 294,
					"count": 53,
					"min": 99,
					"max": 807
				},
				"2024-05-18": {
					"avg": 319,
					"count": 21,
					"min": 237,
					"max": 648
				},
				"2024-05-21": {
					"avg": 352,
					"count": 2,
					"min": 294,
					"max": 410
				},
				"2024-05-22": {
					"avg": 514,
					"count": 4,
					"min": 309,
					"max": 699
				},
				"2024-05-23": {
					"avg": 487,
					"count": 2,
					"min": 174,
					"max": 799
				},
				"2024-05-24": {
					"avg": 286,
					"count": 1,
					"min": 286,
					"max": 286
				},
				"2024-05-25": {
					"avg": 395,
					"count": 3,
					"min": 187,
					"max": 688
				},
				"2024-05-26": {
					"avg": 314,
					"count": 1,
					"min": 314,
					"max": 314
				},
				"2024-05-27": {
					"avg": 286,
					"count": 1,
					"min": 286,
					"max": 286
				},
				"2024-05-28": {
					"avg": 483,
					"count": 1,
					"min": 483,
					"max": 483
				},
				"2024-05-29": {
					"avg": 640,
					"count": 1,
					"min": 640,
					"max": 640
				},
				"2024-05-31": {
					"avg": 606,
					"count": 1,
					"min": 606,
					"max": 606
				},
				"2024-06-02": {
					"avg": 442,
					"count": 2,
					"min": 314,
					"max": 570
				},
				"2024-06-04": {
					"avg": 155,
					"count": 2,
					"min": 155,
					"max": 155
				},
				"2024-06-05": {
					"avg": 165,
					"count": 1,
					"min": 165,
					"max": 165
				},
				"2024-06-06": {
					"avg": 200,
					"count": 1,
					"min": 200,
					"max": 200
				},
				"2024-06-07": {
					"avg": 231,
					"count": 5,
					"min": 165,
					"max": 309
				},
				"2024-06-08": {
					"avg": 593,
					"count": 1,
					"min": 593,
					"max": 593
				},
				"2024-06-09": {
					"avg": 264,
					"count": 1,
					"min": 264,
					"max": 264
				},
				"2024-06-11": {
					"avg": 570,
					"count": 1,
					"min": 570,
					"max": 570
				},
				"2024-06-12": {
					"avg": 639,
					"count": 3,
					"min": 605,
					"max": 688
				},
				"2024-06-13": {
					"avg": 317,
					"count": 1,
					"min": 317,
					"max": 317
				},
				"2024-06-14": {
					"avg": 200,
					"count": 1,
					"min": 200,
					"max": 200
				},
				"2024-06-16": {
					"avg": 304,
					"count": 2,
					"min": 285,
					"max": 322
				},
				"2024-06-17": {
					"avg": 231,
					"count": 3,
					"min": 185,
					"max": 322
				},
				"2024-06-18": {
					"avg": 271,
					"count": 3,
					"min": 185,
					"max": 314
				},
				"2024-06-20": {
					"avg": 325,
					"count": 1,
					"min": 325,
					"max": 325
				},
				"2024-06-22": {
					"avg": 377,
					"count": 2,
					"min": 200,
					"max": 554
				},
				"2024-06-24": {
					"avg": 247,
					"count": 5,
					"min": 180,
					"max": 398
				},
				"2024-06-25": {
					"avg": 278,
					"count": 1,
					"min": 278,
					"max": 278
				},
				"2024-06-28": {
					"avg": 178,
					"count": 1,
					"min": 178,
					"max": 178
				},
				"2024-06-29": {
					"avg": 232,
					"count": 2,
					"min": 190,
					"max": 274
				},
				"2024-06-30": {
					"avg": 299,
					"count": 4,
					"min": 294,
					"max": 315
				},
				"2024-07-01": {
					"avg": 654,
					"count": 1,
					"min": 654,
					"max": 654
				},
				"2024-07-03": {
					"avg": 332,
					"count": 4,
					"min": 217,
					"max": 567
				},
				"2024-07-04": {
					"avg": 261,
					"count": 4,
					"min": 217,
					"max": 341
				},
				"2024-07-08": {
					"avg": 234,
					"count": 4,
					"min": 150,
					"max": 307
				},
				"2024-07-09": {
					"avg": 568,
					"count": 1,
					"min": 568,
					"max": 568
				},
				"2024-07-10": {
					"avg": 1026,
					"count": 2,
					"min": 976,
					"max": 1076
				},
				"2024-07-11": {
					"avg": 199,
					"count": 1,
					"min": 199,
					"max": 199
				},
				"2024-07-12": {
					"avg": 261,
					"count": 3,
					"min": 238,
					"max": 295
				},
				"2024-07-15": {
					"avg": 607,
					"count": 1,
					"min": 607,
					"max": 607
				},
				"2024-07-16": {
					"avg": 269,
					"count": 1,
					"min": 269,
					"max": 269
				},
				"2024-07-19": {
					"avg": 327,
					"count": 1,
					"min": 327,
					"max": 327
				},
				"2024-07-20": {
					"avg": 683,
					"count": 3,
					"min": 412,
					"max": 1058
				},
				"2024-07-22": {
					"avg": 245,
					"count": 1,
					"min": 245,
					"max": 245
				},
				"2024-07-23": {
					"avg": 103,
					"count": 1,
					"min": 103,
					"max": 103
				},
				"2024-07-25": {
					"avg": 297,
					"count": 2,
					"min": 233,
					"max": 361
				},
				"2024-07-26": {
					"avg": 199,
					"count": 1,
					"min": 199,
					"max": 199
				},
				"2024-07-28": {
					"avg": 622,
					"count": 1,
					"min": 622,
					"max": 622
				},
				"2024-07-31": {
					"avg": 308,
					"count": 1,
					"min": 308,
					"max": 308
				},
				"2024-08-01": {
					"avg": 398,
					"count": 4,
					"min": 243,
					"max": 778
				},
				"2024-08-05": {
					"avg": 189,
					"count": 2,
					"min": 109,
					"max": 269
				},
				"2024-08-06": {
					"avg": 252,
					"count": 1,
					"min": 252,
					"max": 252
				},
				"2024-08-08": {
					"avg": 416,
					"count": 2,
					"min": 301,
					"max": 530
				},
				"2024-08-10": {
					"avg": 533,
					"count": 2,
					"min": 199,
					"max": 866
				},
				"2024-08-13": {
					"avg": 226,
					"count": 5,
					"min": 155,
					"max": 335
				},
				"2024-08-14": {
					"avg": 324,
					"count": 2,
					"min": 310,
					"max": 338
				},
				"2024-08-16": {
					"avg": 274,
					"count": 1,
					"min": 274,
					"max": 274
				},
				"2024-08-17": {
					"avg": 286,
					"count": 4,
					"min": 204,
					"max": 382
				},
				"2024-08-18": {
					"avg": 403,
					"count": 2,
					"min": 295,
					"max": 510
				},
				"2024-08-19": {
					"avg": 200,
					"count": 1,
					"min": 200,
					"max": 200
				},
				"2024-08-20": {
					"avg": 416,
					"count": 2,
					"min": 305,
					"max": 527
				},
				"2024-08-23": {
					"avg": 530,
					"count": 2,
					"min": 194,
					"max": 866
				},
				"2024-08-24": {
					"avg": 360,
					"count": 2,
					"min": 145,
					"max": 575
				},
				"2024-08-26": {
					"avg": 478,
					"count": 2,
					"min": 329,
					"max": 626
				},
				"2024-08-28": {
					"avg": 292,
					"count": 4,
					"min": 292,
					"max": 292
				},
				"2024-09-03": {
					"avg": 312,
					"count": 1,
					"min": 312,
					"max": 312
				},
				"2024-09-04": {
					"avg": 209,
					"count": 1,
					"min": 209,
					"max": 209
				},
				"2024-09-05": {
					"avg": 319,
					"count": 1,
					"min": 319,
					"max": 319
				},
				"2024-09-07": {
					"avg": 403,
					"count": 2,
					"min": 209,
					"max": 597
				},
				"2024-09-09": {
					"avg": 203,
					"count": 1,
					"min": 203,
					"max": 203
				},
				"2024-09-10": {
					"avg": 186,
					"count": 1,
					"min": 186,
					"max": 186
				},
				"2024-09-12": {
					"avg": 338,
					"count": 1,
					"min": 338,
					"max": 338
				},
				"2024-09-17": {
					"avg": 412,
					"count": 2,
					"min": 280,
					"max": 543
				},
				"2024-09-18": {
					"avg": 601,
					"count": 2,
					"min": 597,
					"max": 605
				},
				"2024-09-21": {
					"avg": 151,
					"count": 1,
					"min": 151,
					"max": 151
				}
			},
			"avg": 314,
			"avg7": 313,
			"avg28": 313
		},
		"normal-nearmint": {
			"history": {
				"2024-05-24": {
					"avg": 400,
					"count": 1,
					"min": 400,
					"max": 400
				},
				"2024-05-26": {
					"avg": 412,
					"count": 1,
					"min": 412,
					"max": 412
				},
				"2024-05-27": {
					"avg": 442,
					"count": 1,
					"min": 442,
					"max": 442
				},
				"2024-05-30": {
					"avg": 898,
					"count": 1,
					"min": 898,
					"max": 898
				},
				"2024-05-31": {
					"avg": 898,
					"count": 1,
					"min": 898,
					"max": 898
				},
				"2024-06-01": {
					"avg": 874,
					"count": 1,
					"min": 874,
					"max": 874
				},
				"2024-06-04": {
					"avg": 424,
					"count": 1,
					"min": 424,
					"max": 424
				},
				"2024-06-05": {
					"avg": 916,
					"count": 1,
					"min": 916,
					"max": 916
				},
				"2024-06-07": {
					"avg": 320,
					"count": 1,
					"min": 320,
					"max": 320
				},
				"2024-06-08": {
					"avg": 270,
					"count": 1,
					"min": 270,
					"max": 270
				},
				"2024-06-09": {
					"avg": 270,
					"count": 1,
					"min": 270,
					"max": 270
				},
				"2024-06-10": {
					"avg": 414,
					"count": 2,
					"min": 392,
					"max": 435
				},
				"2024-06-11": {
					"avg": 683,
					"count": 2,
					"min": 416,
					"max": 950
				},
				"2024-06-15": {
					"avg": 349,
					"count": 1,
					"min": 349,
					"max": 349
				},
				"2024-06-16": {
					"avg": 662,
					"count": 2,
					"min": 449,
					"max": 874
				},
				"2024-06-19": {
					"avg": 394,
					"count": 3,
					"min": 348,
					"max": 486
				},
				"2024-06-21": {
					"avg": 306,
					"count": 3,
					"min": 269,
					"max": 324
				},
				"2024-06-22": {
					"avg": 365,
					"count": 2,
					"min": 365,
					"max": 365
				},
				"2024-06-24": {
					"avg": 325,
					"count": 1,
					"min": 325,
					"max": 325
				},
				"2024-06-25": {
					"avg": 348,
					"count": 1,
					"min": 348,
					"max": 348
				},
				"2024-06-27": {
					"avg": 999,
					"count": 1,
					"min": 999,
					"max": 999
				},
				"2024-06-29": {
					"avg": 297,
					"count": 1,
					"min": 297,
					"max": 297
				},
				"2024-07-01": {
					"avg": 687,
					"count": 3,
					"min": 297,
					"max": 898
				},
				"2024-07-02": {
					"avg": 323,
					"count": 2,
					"min": 297,
					"max": 348
				},
				"2024-07-03": {
					"avg": 431,
					"count": 2,
					"min": 371,
					"max": 491
				},
				"2024-07-04": {
					"avg": 680,
					"count": 3,
					"min": 424,
					"max": 807
				},
				"2024-07-10": {
					"avg": 297,
					"count": 2,
					"min": 297,
					"max": 297
				},
				"2024-07-11": {
					"avg": 297,
					"count": 1,
					"min": 297,
					"max": 297
				},
				"2024-07-12": {
					"avg": 402,
					"count": 5,
					"min": 200,
					"max": 820
				},
				"2024-07-13": {
					"avg": 314,
					"count": 4,
					"min": 297,
					"max": 365
				},
				"2024-07-14": {
					"avg": 299,
					"count": 4,
					"min": 299,
					"max": 299
				},
				"2024-07-15": {
					"avg": 297,
					"count": 1,
					"min": 297,
					"max": 297
				},
				"2024-07-16": {
					"avg": 874,
					"count": 1,
					"min": 874,
					"max": 874
				},
				"2024-07-19": {
					"avg": 675,
					"count": 4,
					"min": 295,
					"max": 1094
				},
				"2024-07-22": {
					"avg": 839,
					"count": 2,
					"min": 402,
					"max": 1276
				},
				"2024-07-26": {
					"avg": 297,
					"count": 1,
					"min": 297,
					"max": 297
				},
				"2024-07-27": {
					"avg": 297,
					"count": 1,
					"min": 297,
					"max": 297
				},
				"2024-07-28": {
					"avg": 651,
					"count": 2,
					"min": 334,
					"max": 967
				},
				"2024-07-31": {
					"avg": 207,
					"count": 1,
					"min": 207,
					"max": 207
				},
				"2024-08-03": {
					"avg": 605,
					"count": 2,
					"min": 297,
					"max": 913
				},
				"2024-08-04": {
					"avg": 356,
					"count": 1,
					"min": 356,
					"max": 356
				},
				"2024-08-06": {
					"avg": 506,
					"count": 2,
					"min": 424,
					"max": 587
				},
				"2024-08-07": {
					"avg": 302,
					"count": 1,
					"min": 302,
					"max": 302
				},
				"2024-08-09": {
					"avg": 388,
					"count": 2,
					"min": 288,
					"max": 487
				},
				"2024-08-10": {
					"avg": 283,
					"count": 1,
					"min": 283,
					"max": 283
				},
				"2024-08-11": {
					"avg": 356,
					"count": 1,
					"min": 356,
					"max": 356
				},
				"2024-08-13": {
					"avg": 997,
					"count": 1,
					"min": 997,
					"max": 997
				},
				"2024-08-15": {
					"avg": 395,
					"count": 1,
					"min": 395,
					"max": 395
				},
				"2024-08-16": {
					"avg": 284,
					"count": 1,
					"min": 284,
					"max": 284
				},
				"2024-08-19": {
					"avg": 297,
					"count": 1,
					"min": 297,
					"max": 297
				},
				"2024-08-21": {
					"avg": 302,
					"count": 3,
					"min": 239,
					"max": 427
				},
				"2024-08-23": {
					"avg": 524,
					"count": 1,
					"min": 524,
					"max": 524
				},
				"2024-08-25": {
					"avg": 280,
					"count": 1,
					"min": 280,
					"max": 280
				},
				"2024-08-26": {
					"avg": 844,
					"count": 1,
					"min": 844,
					"max": 844
				},
				"2024-08-28": {
					"avg": 613,
					"count": 2,
					"min": 426,
					"max": 800
				},
				"2024-08-30": {
					"avg": 588,
					"count": 3,
					"min": 349,
					"max": 997
				},
				"2024-09-06": {
					"avg": 292,
					"count": 2,
					"min": 292,
					"max": 292
				},
				"2024-09-09": {
					"avg": 1023,
					"count": 1,
					"min": 1023,
					"max": 1023
				},
				"2024-09-10": {
					"avg": 330,
					"count": 2,
					"min": 310,
					"max": 349
				},
				"2024-09-11": {
					"avg": 349,
					"count": 1,
					"min": 349,
					"max": 349
				},
				"2024-09-13": {
					"avg": 298,
					"count": 1,
					"min": 298,
					"max": 298
				},
				"2024-09-14": {
					"avg": 349,
					"count": 1,
					"min": 349,
					"max": 349
				},
				"2024-09-20": {
					"avg": 563,
					"count": 3,
					"min": 292,
					"max": 997
				},
				"2024-09-21": {
					"avg": 449,
					"count": 1,
					"min": 449,
					"max": 449
				}
			},
			"avg": 478,
			"avg7": -1,
			"avg28": -1
		},
		"normal-played": {
			"history": {
				"2024-05-23": {
					"avg": 242,
					"count": 1,
					"min": 242,
					"max": 242
				},
				"2024-05-26": {
					"avg": 250,
					"count": 1,
					"min": 250,
					"max": 250
				},
				"2024-05-27": {
					"avg": 247,
					"count": 1,
					"min": 247,
					"max": 247
				},
				"2024-06-01": {
					"avg": 448,
					"count": 2,
					"min": 307,
					"max": 588
				},
				"2024-06-02": {
					"avg": 206,
					"count": 2,
					"min": 161,
					"max": 250
				},
				"2024-06-06": {
					"avg": 177,
					"count": 2,
					"min": 104,
					"max": 250
				},
				"2024-06-07": {
					"avg": 317,
					"count": 3,
					"min": 159,
					"max": 396
				},
				"2024-06-13": {
					"avg": 128,
					"count": 1,
					"min": 128,
					"max": 128
				},
				"2024-06-15": {
					"avg": 859,
					"count": 1,
					"min": 859,
					"max": 859
				},
				"2024-06-19": {
					"avg": 281,
					"count": 1,
					"min": 281,
					"max": 281
				},
				"2024-06-20": {
					"avg": 276,
					"count": 1,
					"min": 276,
					"max": 276
				},
				"2024-06-21": {
					"avg": 249,
					"count": 1,
					"min": 249,
					"max": 249
				},
				"2024-06-22": {
					"avg": 329,
					"count": 3,
					"min": 272,
					"max": 443
				},
				"2024-06-23": {
					"avg": 759,
					"count": 1,
					"min": 759,
					"max": 759
				},
				"2024-06-28": {
					"avg": 349,
					"count": 1,
					"min": 349,
					"max": 349
				},
				"2024-07-01": {
					"avg": 104,
					"count": 1,
					"min": 104,
					"max": 104
				},
				"2024-07-03": {
					"avg": 190,
					"count": 1,
					"min": 190,
					"max": 190
				},
				"2024-07-08": {
					"avg": 219,
					"count": 2,
					"min": 178,
					"max": 259
				},
				"2024-07-10": {
					"avg": 177,
					"count": 2,
					"min": 175,
					"max": 178
				},
				"2024-07-11": {
					"avg": 141,
					"count": 2,
					"min": 104,
					"max": 178
				},
				"2024-07-12": {
					"avg": 977,
					"count": 1,
					"min": 977,
					"max": 977
				},
				"2024-07-15": {
					"avg": 300,
					"count": 1,
					"min": 300,
					"max": 300
				},
				"2024-07-16": {
					"avg": 176,
					"count": 2,
					"min": 173,
					"max": 178
				},
				"2024-07-19": {
					"avg": 173,
					"count": 1,
					"min": 173,
					"max": 173
				},
				"2024-07-20": {
					"avg": 149,
					"count": 1,
					"min": 149,
					"max": 149
				},
				"2024-07-22": {
					"avg": 256,
					"count": 2,
					"min": 235,
					"max": 277
				},
				"2024-07-26": {
					"avg": 274,
					"count": 4,
					"min": 251,
					"max": 284
				},
				"2024-07-29": {
					"avg": 114,
					"count": 1,
					"min": 114,
					"max": 114
				},
				"2024-07-30": {
					"avg": 178,
					"count": 1,
					"min": 178,
					"max": 178
				},
				"2024-08-01": {
					"avg": 219,
					"count": 1,
					"min": 219,
					"max": 219
				},
				"2024-08-03": {
					"avg": 169,
					"count": 1,
					"min": 169,
					"max": 169
				},
				"2024-08-05": {
					"avg": 358,
					"count": 3,
					"min": 275,
					"max": 449
				},
				"2024-08-10": {
					"avg": 300,
					"count": 1,
					"min": 300,
					"max": 300
				},
				"2024-08-11": {
					"avg": 102,
					"count": 1,
					"min": 102,
					"max": 102
				},
				"2024-08-18": {
					"avg": 224,
					"count": 1,
					"min": 224,
					"max": 224
				},
				"2024-08-19": {
					"avg": 224,
					"count": 1,
					"min": 224,
					"max": 224
				},
				"2024-08-21": {
					"avg": 192,
					"count": 2,
					"min": 157,
					"max": 226
				},
				"2024-08-24": {
					"avg": 282,
					"count": 1,
					"min": 282,
					"max": 282
				},
				"2024-08-25": {
					"avg": 232,
					"count": 2,
					"min": 226,
					"max": 238
				},
				"2024-08-27": {
					"avg": 145,
					"count": 1,
					"min": 145,
					"max": 145
				},
				"2024-08-30": {
					"avg": 250,
					"count": 5,
					"min": 151,
					"max": 497
				},
				"2024-08-31": {
					"avg": 227,
					"count": 1,
					"min": 227,
					"max": 227
				},
				"2024-09-01": {
					"avg": 212,
					"count": 2,
					"min": 170,
					"max": 253
				},
				"2024-09-02": {
					"avg": 273,
					"count": 2,
					"min": 198,
					"max": 348
				},
				"2024-09-03": {
					"avg": 117,
					"count": 2,
					"min": 100,
					"max": 134
				},
				"2024-09-05": {
					"avg": 264,
					"count": 1,
					"min": 264,
					"max": 264
				},
				"2024-09-07": {
					"avg": 536,
					"count": 3,
					"min": 169,
					"max": 1197
				},
				"2024-09-08": {
					"avg": 278,
					"count": 1,
					"min": 278,
					"max": 278
				},
				"2024-09-14": {
					"avg": 263,
					"count": 1,
					"min": 263,
					"max": 263
				},
				"2024-09-15": {
					"avg": 153,
					"count": 1,
					"min": 153,
					"max": 153
				},
				"2024-09-16": {
					"avg": 178,
					"count": 2,
					"min": 178,
					"max": 178
				},
				"2024-09-18": {
					"avg": 251,
					"count": 3,
					"min": 140,
					"max": 327
				},
				"2024-09-20": {
					"avg": 701,
					"count": 1,
					"min": 701,
					"max": 701
				},
				"2024-09-21": {
					"avg": 228,
					"count": 1,
					"min": 228,
					"max": 228
				},
				"2024-09-22": {
					"avg": 601,
					"count": 1,
					"min": 601,
					"max": 601
				}
			},
			"avg": 278,
			"avg7": -1,
			"avg28": -1
		},
		"normal-used": {
			"history": {
				"2024-05-24": {
					"avg": 105,
					"count": 1,
					"min": 105,
					"max": 105
				},
				"2024-05-26": {
					"avg": 778,
					"count": 3,
					"min": 620,
					"max": 1094
				},
				"2024-05-30": {
					"avg": 94,
					"count": 1,
					"min": 94,
					"max": 94
				},
				"2024-06-06": {
					"avg": 98,
					"count": 2,
					"min": 96,
					"max": 99
				},
				"2024-06-21": {
					"avg": 92,
					"count": 2,
					"min": 90,
					"max": 93
				},
				"2024-06-24": {
					"avg": 679,
					"count": 1,
					"min": 679,
					"max": 679
				},
				"2024-06-25": {
					"avg": 99,
					"count": 1,
					"min": 99,
					"max": 99
				},
				"2024-06-30": {
					"avg": 208,
					"count": 4,
					"min": 208,
					"max": 208
				},
				"2024-07-04": {
					"avg": 119,
					"count": 1,
					"min": 119,
					"max": 119
				},
				"2024-07-07": {
					"avg": 199,
					"count": 1,
					"min": 199,
					"max": 199
				},
				"2024-07-08": {
					"avg": 119,
					"count": 1,
					"min": 119,
					"max": 119
				},
				"2024-07-10": {
					"avg": 119,
					"count": 3,
					"min": 119,
					"max": 119
				},
				"2024-07-11": {
					"avg": 94,
					"count": 1,
					"min": 94,
					"max": 94
				},
				"2024-07-14": {
					"avg": 2098,
					"count": 1,
					"min": 2098,
					"max": 2098
				},
				"2024-07-16": {
					"avg": 94,
					"count": 1,
					"min": 94,
					"max": 94
				},
				"2024-07-20": {
					"avg": 115,
					"count": 1,
					"min": 115,
					"max": 115
				},
				"2024-07-23": {
					"avg": 176,
					"count": 4,
					"min": 94,
					"max": 205
				},
				"2024-07-25": {
					"avg": 94,
					"count": 1,
					"min": 94,
					"max": 94
				},
				"2024-07-26": {
					"avg": 169,
					"count": 1,
					"min": 169,
					"max": 169
				},
				"2024-07-27": {
					"avg": 226,
					"count": 1,
					"min": 226,
					"max": 226
				},
				"2024-07-28": {
					"avg": 104,
					"count": 1,
					"min": 104,
					"max": 104
				},
				"2024-07-30": {
					"avg": 245,
					"count": 3,
					"min": 245,
					"max": 245
				},
				"2024-08-01": {
					"avg": 175,
					"count": 2,
					"min": 100,
					"max": 250
				},
				"2024-08-05": {
					"avg": 215,
					"count": 3,
					"min": 59,
					"max": 293
				},
				"2024-08-06": {
					"avg": 90,
					"count": 1,
					"min": 90,
					"max": 90
				},
				"2024-08-07": {
					"avg": 363,
					"count": 2,
					"min": 90,
					"max": 635
				},
				"2024-08-10": {
					"avg": 530,
					"count": 1,
					"min": 530,
					"max": 530
				},
				"2024-08-12": {
					"avg": 293,
					"count": 1,
					"min": 293,
					"max": 293
				},
				"2024-08-13": {
					"avg": 582,
					"count": 1,
					"min": 582,
					"max": 582
				},
				"2024-08-20": {
					"avg": 109,
					"count": 1,
					"min": 109,
					"max": 109
				},
				"2024-08-23": {
					"avg": 177,
					"count": 1,
					"min": 177,
					"max": 177
				},
				"2024-09-03": {
					"avg": 109,
					"count": 1,
					"min": 109,
					"max": 109
				},
				"2024-09-05": {
					"avg": 341,
					"count": 2,
					"min": 99,
					"max": 582
				},
				"2024-09-06": {
					"avg": 115,
					"count": 1,
					"min": 115,
					"max": 115
				},
				"2024-09-08": {
					"avg": 100,
					"count": 1,
					"min": 100,
					"max": 100
				},
				"2024-09-10": {
					"avg": 97,
					"count": 1,
					"min": 97,
					"max": 97
				},
				"2024-09-14": {
					"avg": 430,
					"count": 2,
					"min": 239,
					"max": 620
				},
				"2024-09-22": {
					"avg": 121,
					"count": 1,
					"min": 121,
					"max": 121
				}
			},
			"avg": 264,
			"avg7": -1,
			"avg28": -1
		},
		"normal-poor": {
			"history": {
				"2024-05-24": {
					"avg": 178,
					"count": 2,
					"min": 160,
					"max": 196
				},
				"2024-05-30": {
					"avg": 196,
					"count": 1,
					"min": 196,
					"max": 196
				},
				"2024-06-11": {
					"avg": 172,
					"count": 1,
					"min": 172,
					"max": 172
				},
				"2024-06-13": {
					"avg": 112,
					"count": 2,
					"min": 26,
					"max": 198
				},
				"2024-06-15": {
					"avg": 185,
					"count": 1,
					"min": 185,
					"max": 185
				},
				"2024-06-23": {
					"avg": 149,
					"count": 1,
					"min": 149,
					"max": 149
				},
				"2024-06-25": {
					"avg": 208,
					"count": 1,
					"min": 208,
					"max": 208
				},
				"2024-06-27": {
					"avg": 59,
					"count": 6,
					"min": 59,
					"max": 59
				},
				"2024-06-30": {
					"avg": 178,
					"count": 2,
					"min": 178,
					"max": 178
				},
				"2024-07-03": {
					"avg": 201,
					"count": 1,
					"min": 201,
					"max": 201
				},
				"2024-07-13": {
					"avg": 450,
					"count": 1,
					"min": 450,
					"max": 450
				},
				"2024-07-17": {
					"avg": 213,
					"count": 1,
					"min": 213,
					"max": 213
				},
				"2024-07-21": {
					"avg": 89,
					"count": 1,
					"min": 89,
					"max": 89
				},
				"2024-07-23": {
					"avg": 241,
					"count": 5,
					"min": 100,
					"max": 275
				},
				"2024-07-25": {
					"avg": 202,
					"count": 1,
					"min": 202,
					"max": 202
				},
				"2024-08-02": {
					"avg": 70,
					"count": 1,
					"min": 70,
					"max": 70
				},
				"2024-08-05": {
					"avg": 173,
					"count": 1,
					"min": 173,
					"max": 173
				},
				"2024-08-16": {
					"avg": 93,
					"count": 10,
					"min": 50,
					"max": 333
				},
				"2024-08-25": {
					"avg": 177,
					"count": 1,
					"min": 177,
					"max": 177
				},
				"2024-08-26": {
					"avg": 99,
					"count": 1,
					"min": 99,
					"max": 99
				},
				"2024-08-28": {
					"avg": 177,
					"count": 1,
					"min": 177,
					"max": 177
				},
				"2024-08-31": {
					"avg": 390,
					"count": 2,
					"min": 201,
					"max": 578
				},
				"2024-09-09": {
					"avg": 79,
					"count": 1,
					"min": 79,
					"max": 79
				},
				"2024-09-13": {
					"avg": 86,
					"count": 1,
					"min": 86,
					"max": 86
				},
				"2024-09-21": {
					"avg": 206,
					"count": 1,
					"min": 206,
					"max": 206
				}
			},
			"avg": 156,
			"avg7": -1,
			"avg28": -1
		}
	}
}