{
	"data": {
		"normal-good": {
			"history": {
				"2022-11-12": {
					"avg": 134,
					"count": 2
				},
				"2022-11-13": {
					"avg": 155,
					"count": 3
				},
				"2022-11-14": {
					"avg": 207,
					"count": 2
				},
				"2022-11-15": {
					"avg": 129,
					"count": 2
				},
				"2022-11-16": {
					"avg": 54,
					"count": 20
				},
				"2022-11-17": {
					"avg": 263,
					"count": 3
				},
				"2022-11-19": {
					"avg": 219,
					"count": 3,
					"min": 50,
					"max": 556
				},
				"2022-11-21": {
					"avg": 152,
					"count": 1,
					"min": 152,
					"max": 152
				},
				"2022-11-22": {
					"avg": 311,
					"count": 4,
					"min": 68,
					"max": 649
				},
				"2022-11-23": {
					"avg": 57,
					"count": 4,
					"min": 41,
					"max": 74
				},
				"2022-11-24": {
					"avg": 469,
					"count": 3,
					"min": 297,
					"max": 556
				},
				"2022-11-25": {
					"avg": 79,
					"count": 23,
					"min": 21,
					"max": 552
				},
				"2022-11-26": {
					"avg": 34,
					"count": 2,
					"min": 29,
					"max": 39
				},
				"2022-11-27": {
					"avg": 39,
					"count": 3,
					"min": 39,
					"max": 39
				},
				"2022-11-28": {
					"avg": 190,
					"count": 3,
					"min": 29,
					"max": 502
				},
				"2022-11-29": {
					"avg": 355,
					"count": 4,
					"min": 38,
					"max": 1194
				},
				"2022-11-30": {
					"avg": 88,
					"count": 2,
					"min": 37,
					"max": 139
				},
				"2022-12-01": {
					"avg": 144,
					"count": 2,
					"min": 139,
					"max": 150
				},
				"2022-12-02": {
					"avg": 51,
					"count": 3,
					"min": 40,
					"max": 73
				},
				"2022-12-03": {
					"avg": 41,
					"count": 3,
					"min": 41,
					"max": 41
				},
				"2022-12-04": {
					"avg": 73,
					"count": 2,
					"min": 72,
					"max": 73
				},
				"2022-12-05": {
					"avg": 224,
					"count": 4,
					"min": 66,
					"max": 428
				},
				"2022-12-06": {
					"avg": 337,
					"count": 3,
					"min": 47,
					"max": 899
				},
				"2022-12-07": {
					"avg": 167,
					"count": 7,
					"min": 43,
					"max": 494
				},
				"2022-12-09": {
					"avg": 32,
					"count": 4,
					"min": 25,
					"max": 44
				},
				"2022-12-10": {
					"avg": 59,
					"count": 3,
					"min": 39,
					"max": 72
				},
				"2022-12-11": {
					"avg": 335,
					"count": 2,
					"min": 70,
					"max": 599
				},
				"2022-12-12": {
					"avg": 599,
					"count": 1,
					"min": 599,
					"max": 599
				},
				"2022-12-13": {
					"avg": 262,
					"count": 3,
					"min": 72,
					"max": 640
				},
				"2022-12-14": {
					"avg": 54,
					"count": 3,
					"min": 44,
					"max": 73
				},
				"2022-12-15": {
					"avg": 201,
					"count": 2,
					"min": 73,
					"max": 330
				},
				"2022-12-16": {
					"avg": 102,
					"count": 30,
					"min": 37,
					"max": 442
				},
				"2022-12-17": {
					"avg": 161,
					"count": 4,
					"min": 143,
					"max": 174
				},
				"2022-12-18": {
					"avg": 260,
					"count": 3,
					"min": 24,
					"max": 593
				},
				"2022-12-19": {
					"avg": 114,
					"count": 3,
					"min": 44,
					"max": 149
				},
				"2022-12-20": {
					"avg": 480,
					"count": 2,
					"min": 320,
					"max": 640
				},
				"2022-12-21": {
					"avg": 409,
					"count": 1,
					"min": 409,
					"max": 409
				},
				"2022-12-22": {
					"avg": 148,
					"count": 4,
					"min": 44,
					"max": 339
				},
				"2022-12-23": {
					"avg": 67,
					"count": 7,
					"min": 20,
					"max": 149
				},
				"2022-12-24": {
					"avg": 209,
					"count": 12,
					"min": 29,
					"max": 395
				},
				"2022-12-25": {
					"avg": 235,
					"count": 2,
					"min": 150,
					"max": 320
				},
				"2022-12-26": {
					"avg": 335,
					"count": 7,
					"min": 53,
					"max": 640
				},
				"2022-12-27": {
					"avg": 330,
					"count": 1,
					"min": 330,
					"max": 330
				},
				"2022-12-28": {
					"avg": 257,
					"count": 6,
					"min": 58,
					"max": 961
				},
				"2022-12-29": {
					"avg": 104,
					"count": 3,
					"min": 65,
					"max": 148
				},
				"2022-12-30": {
					"avg": 159,
					"count": 5,
					"min": 41,
					"max": 284
				},
				"2022-12-31": {
					"avg": 103,
					"count": 2,
					"min": 65,
					"max": 142
				},
				"2023-01-01": {
					"avg": 132,
					"count": 6,
					"min": 132,
					"max": 132
				},
				"2023-01-02": {
					"avg": 228,
					"count": 2,
					"min": 148,
					"max": 308
				},
				"2023-01-03": {
					"avg": 154,
					"count": 5,
					"min": 57,
					"max": 400
				},
				"2023-01-04": {
					"avg": 99,
					"count": 1,
					"min": 99,
					"max": 99
				},
				"2023-01-05": {
					"avg": 135,
					"count": 6,
					"min": 20,
					"max": 399
				},
				"2023-01-06": {
					"avg": 90,
					"count": 2,
					"min": 81,
					"max": 99
				},
				"2023-01-07": {
					"avg": 263,
					"count": 4,
					"min": 88,
					"max": 529
				},
				"2023-01-08": {
					"avg": 424,
					"count": 3,
					"min": 125,
					"max": 598
				},
				"2023-01-09": {
					"avg": 277,
					"count": 3,
					"min": 22,
					"max": 763
				},
				"2023-01-10": {
					"avg": 43,
					"count": 1,
					"min": 43,
					"max": 43
				},
				"2023-01-11": {
					"avg": 155,
					"count": 29,
					"min": 43,
					"max": 400
				},
				"2023-01-12": {
					"avg": 159,
					"count": 4,
					"min": 43,
					"max": 269
				},
				"2023-02-06": {
					"avg": 397,
					"count": 2,
					"min": 115,
					"max": 678
				},
				"2023-02-07": {
					"avg": 147,
					"count": 2,
					"min": 147,
					"max": 147
				},
				"2023-02-08": {
					"avg": 544,
					"count": 1,
					"min": 544,
					"max": 544
				},
				"2023-02-09": {
					"avg": 211,
					"count": 15,
					"min": 85,
					"max": 274
				},
				"2023-02-10": {
					"avg": 204,
					"count": 5,
					"min": 25,
					"max": 649
				},
				"2023-02-11": {
					"avg": 123,
					"count": 9,
					"min": 23,
					"max": 410
				},
				"2023-02-12": {
					"avg": 195,
					"count": 5,
					"min": 35,
					"max": 424
				},
				"2023-02-13": {
					"avg": 35,
					"count": 1,
					"min": 35,
					"max": 35
				},
				"2023-02-14": {
					"avg": 317,
					"count": 4,
					"min": 43,
					"max": 544
				},
				"2023-02-15": {
					"avg": 80,
					"count": 9,
					"min": 35,
					"max": 192
				},
				"2023-02-16": {
					"avg": 339,
					"count": 3,
					"min": 43,
					"max": 544
				},
				"2023-02-17": {
					"avg": 250,
					"count": 3,
					"min": 117,
					"max": 499
				},
				"2023-02-18": {
					"avg": 363,
					"count": 5,
					"min": 47,
					"max": 1098
				},
				"2023-02-19": {
					"avg": 161,
					"count": 2,
					"min": 47,
					"max": 275
				},
				"2023-02-20": {
					"avg": 136,
					"count": 11,
					"min": 43,
					"max": 299
				},
				"2023-02-21": {
					"avg": 123,
					"count": 2,
					"min": 99,
					"max": 148
				},
				"2023-02-22": {
					"avg": 119,
					"count": 3,
					"min": 17,
					"max": 287
				},
				"2023-02-23": {
					"avg": 337,
					"count": 5,
					"min": 71,
					"max": 499
				},
				"2023-02-24": {
					"avg": 263,
					"count": 5,
					"min": 56,
					"max": 649
				},
				"2023-02-25": {
					"avg": 135,
					"count": 11,
					"min": 134,
					"max": 149
				},
				"2023-02-26": {
					"avg": 335,
					"count": 3,
					"min": 147,
					"max": 499
				},
				"2023-02-27": {
					"avg": 189,
					"count": 5,
					"min": 56,
					"max": 420
				},
				"2023-02-28": {
					"avg": 73,
					"count": 5,
					"min": 35,
					"max": 129
				},
				"2023-03-01": {
					"avg": 137,
					"count": 1,
					"min": 137,
					"max": 137
				},
				"2023-03-02": {
					"avg": 80,
					"count": 26,
					"min": 49,
					"max": 298
				},
				"2023-03-03": {
					"avg": 130,
					"count": 7,
					"min": 43,
					"max": 649
				},
				"2023-03-04": {
					"avg": 92,
					"count": 5,
					"min": 24,
					"max": 298
				},
				"2023-03-05": {
					"avg": 46,
					"count": 1,
					"min": 46,
					"max": 46
				},
				"2023-03-06": {
					"avg": 37,
					"count": 2,
					"min": 27,
					"max": 46
				},
				"2023-03-07": {
					"avg": 99,
					"count": 2,
					"min": 44,
					"max": 154
				},
				"2023-03-09": {
					"avg": 139,
					"count": 5,
					"min": 44,
					"max": 297
				},
				"2023-03-10": {
					"avg": 178,
					"count": 6,
					"min": 44,
					"max": 428
				},
				"2023-03-11": {
					"avg": 58,
					"count": 3,
					"min": 25,
					"max": 100
				},
				"2023-03-12": {
					"avg": 132,
					"count": 4,
					"min": 24,
					"max": 210
				},
				"2023-03-13": {
					"avg": 231,
					"count": 4,
					"min": 71,
					"max": 614
				},
				"2023-03-14": {
					"avg": 171,
					"count": 4,
					"min": 24,
					"max": 292
				},
				"2023-03-15": {
					"avg": 54,
					"count": 1,
					"min": 54,
					"max": 54
				},
				"2023-03-16": {
					"avg": 228,
					"count": 3,
					"min": 45,
					"max": 499
				},
				"2023-03-17": {
					"avg": 101,
					"count": 6,
					"min": 13,
					"max": 178
				},
				"2023-03-18": {
					"avg": 432,
					"count": 3,
					"min": 200,
					"max": 697
				},
				"2023-03-19": {
					"avg": 278,
					"count": 5,
					"min": 194,
					"max": 300
				},
				"2023-03-20": {
					"avg": 190,
					"count": 2,
					"min": 190,
					"max": 190
				},
				"2023-03-21": {
					"avg": 242,
					"count": 5,
					"min": 176,
					"max": 359
				},
				"2023-03-22": {
					"avg": 447,
					"count": 2,
					"min": 198,
					"max": 697
				},
				"2023-03-23": {
					"avg": 141,
					"count": 4,
					"min": 44,
					"max": 288
				},
				"2023-03-24": {
					"avg": 130,
					"count": 3,
					"min": 106,
					"max": 146
				},
				"2023-03-25": {
					"avg": 64,
					"count": 19,
					"min": 44,
					"max": 295
				},
				"2023-03-27": {
					"avg": 135,
					"count": 2,
					"min": 135,
					"max": 135
				},
				"2023-03-28": {
					"avg": 220,
					"count": 3,
					"min": 43,
					"max": 438
				},
				"2023-03-29": {
					"avg": 998,
					"count": 1,
					"min": 998,
					"max": 998
				},
				"2023-03-31": {
					"avg": 174,
					"count": 5,
					"min": 56,
					"max": 297
				},
				"2023-04-01": {
					"avg": 227,
					"count": 7,
					"min": 43,
					"max": 438
				},
				"2023-04-02": {
					"avg": 162,
					"count": 5,
					"min": 60,
					"max": 297
				},
				"2023-04-03": {
					"avg": 50,
					"count": 6,
					"min": 43,
					"max": 54
				},
				"2023-04-04": {
					"avg": 464,
					"count": 2,
					"min": 20,
					"max": 908
				},
				"2023-04-05": {
					"avg": 308,
					"count": 8,
					"min": 53,
					"max": 499
				},
				"2023-04-06": {
					"avg": 94,
					"count": 19,
					"min": 53,
					"max": 526
				},
				"2023-04-07": {
					"avg": 155,
					"count": 3,
					"min": 106,
					"max": 250
				},
				"2023-04-08": {
					"avg": 82,
					"count": 3,
					"min": 48,
					"max": 149
				},
				"2023-04-09": {
					"avg": 138,
					"count": 9,
					"min": 35,
					"max": 425
				},
				"2023-04-10": {
					"avg": 384,
					"count": 2,
					"min": 119,
					"max": 649
				},
				"2023-04-11": {
					"avg": 186,
					"count": 13,
					"min": 53,
					"max": 387
				},
				"2023-04-12": {
					"avg": 1219,
					"count": 3,
					"min": 65,
					"max": 3094
				},
				"2023-04-13": {
					"avg": 385,
					"count": 6,
					"min": 174,
					"max": 787
				},
				"2023-04-15": {
					"avg": 319,
					"count": 2,
					"min": 288,
					"max": 350
				},
				"2023-04-16": {
					"avg": 80,
					"count": 6,
					"min": 42,
					"max": 194
				},
				"2023-04-18": {
					"avg": 40,
					"count": 1,
					"min": 40,
					"max": 40
				},
				"2023-04-19": {
					"avg": 118,
					"count": 2,
					"min": 110,
					"max": 126
				},
				"2023-04-20": {
					"avg": 93,
					"count": 3,
					"min": 20,
					"max": 139
				},
				"2023-04-21": {
					"avg": 113,
					"count": 14,
					"min": 20,
					"max": 697
				},
				"2023-04-22": {
					"avg": 211,
					"count": 10,
					"min": 34,
					"max": 536
				},
				"2023-04-23": {
					"avg": 47,
					"count": 2,
					"min": 43,
					"max": 50
				},
				"2023-04-25": {
					"avg": 60,
					"count": 3,
					"min": 25,
					"max": 106
				},
				"2023-04-27": {
					"avg": 147,
					"count": 2,
					"min": 44,
					"max": 250
				},
				"2023-04-28": {
					"avg": 115,
					"count": 11,
					"min": 21,
					"max": 599
				},
				"2023-04-29": {
					"avg": 89,
					"count": 5,
					"min": 46,
					"max": 154
				},
				"2023-04-30": {
					"avg": 119,
					"count": 2,
					"min": 119,
					"max": 119
				},
				"2023-05-01": {
					"avg": 35,
					"count": 8,
					"min": 33,
					"max": 52
				},
				"2023-05-02": {
					"avg": 395,
					"count": 1,
					"min": 395,
					"max": 395
				},
				"2023-05-04": {
					"avg": 88,
					"count": 2,
					"min": 53,
					"max": 123
				},
				"2023-05-05": {
					"avg": 399,
					"count": 1,
					"min": 399,
					"max": 399
				},
				"2023-05-06": {
					"avg": 112,
					"count": 2,
					"min": 75,
					"max": 149
				},
				"2023-05-07": {
					"avg": 150,
					"count": 20,
					"min": 34,
					"max": 375
				},
				"2023-05-08": {
					"avg": 149,
					"count": 1,
					"min": 149,
					"max": 149
				},
				"2023-05-09": {
					"avg": 364,
					"count": 2,
					"min": 43,
					"max": 685
				},
				"2023-05-10": {
					"avg": 43,
					"count": 1,
					"min": 43,
					"max": 43
				},
				"2023-05-12": {
					"avg": 110,
					"count": 5,
					"min": 22,
					"max": 393
				},
				"2023-05-14": {
					"avg": 349,
					"count": 1,
					"min": 349,
					"max": 349
				},
				"2023-05-15": {
					"avg": 75,
					"count": 1,
					"min": 75,
					"max": 75
				},
				"2023-05-16": {
					"avg": 75,
					"count": 1,
					"min": 75,
					"max": 75
				},
				"2023-05-17": {
					"avg": 292,
					"count": 6,
					"min": 140,
					"max": 664
				},
				"2023-05-18": {
					"avg": 537,
					"count": 1,
					"min": 537,
					"max": 537
				},
				"2023-05-19": {
					"avg": 50,
					"count": 18,
					"min": 40,
					"max": 53
				},
				"2023-05-20": {
					"avg": 99,
					"count": 2,
					"min": 99,
					"max": 99
				},
				"2023-05-21": {
					"avg": 615,
					"count": 2,
					"min": 449,
					"max": 780
				},
				"2023-05-22": {
					"avg": 261,
					"count": 3,
					"min": 25,
					"max": 697
				},
				"2023-05-23": {
					"avg": 228,
					"count": 3,
					"min": 25,
					"max": 524
				},
				"2023-05-24": {
					"avg": 81,
					"count": 11,
					"min": 25,
					"max": 497
				},
				"2023-05-25": {
					"avg": 114,
					"count": 3,
					"min": 25,
					"max": 168
				},
				"2023-05-26": {
					"avg": 868,
					"count": 1,
					"min": 868,
					"max": 868
				},
				"2023-05-27": {
					"avg": 170,
					"count": 15,
					"min": 25,
					"max": 449
				},
				"2023-05-28": {
					"avg": 84,
					"count": 2,
					"min": 84,
					"max": 84
				},
				"2023-05-29": {
					"avg": 259,
					"count": 6,
					"min": 124,
					"max": 505
				},
				"2023-05-30": {
					"avg": 205,
					"count": 3,
					"min": 38,
					"max": 496
				},
				"2023-05-31": {
					"avg": 164,
					"count": 3,
					"min": 54,
					"max": 363
				},
				"2023-06-01": {
					"avg": 101,
					"count": 4,
					"min": 25,
					"max": 175
				},
				"2023-06-02": {
					"avg": 293,
					"count": 5,
					"min": 25,
					"max": 1098
				},
				"2023-06-04": {
					"avg": 473,
					"count": 5,
					"min": 297,
					"max": 535
				},
				"2023-06-05": {
					"avg": 135,
					"count": 3,
					"min": 78,
					"max": 180
				},
				"2023-06-06": {
					"avg": 81,
					"count": 1,
					"min": 81,
					"max": 81
				},
				"2023-06-07": {
					"avg": 261,
					"count": 3,
					"min": 81,
					"max": 569
				},
				"2023-06-08": {
					"avg": 145,
					"count": 2,
					"min": 137,
					"max": 153
				},
				"2023-06-09": {
					"avg": 30,
					"count": 1,
					"min": 30,
					"max": 30
				},
				"2023-06-10": {
					"avg": 88,
					"count": 3,
					"min": 38,
					"max": 145
				},
				"2023-06-11": {
					"avg": 54,
					"count": 1,
					"min": 54,
					"max": 54
				},
				"2023-06-12": {
					"avg": 117,
					"count": 1,
					"min": 117,
					"max": 117
				},
				"2023-06-13": {
					"avg": 197,
					"count": 6,
					"min": 123,
					"max": 375
				},
				"2023-06-15": {
					"avg": 390,
					"count": 3,
					"min": 171,
					"max": 499
				},
				"2023-06-16": {
					"avg": 165,
					"count": 1,
					"min": 165,
					"max": 165
				},
				"2023-06-17": {
					"avg": 40,
					"count": 37,
					"min": 37,
					"max": 75
				},
				"2023-06-18": {
					"avg": 286,
					"count": 11,
					"min": 44,
					"max": 540
				},
				"2023-06-19": {
					"avg": 197,
					"count": 8,
					"min": 84,
					"max": 499
				},
				"2023-06-20": {
					"avg": 137,
					"count": 1,
					"min": 137,
					"max": 137
				},
				"2023-06-21": {
					"avg": 164,
					"count": 4,
					"min": 54,
					"max": 395
				},
				"2023-06-22": {
					"avg": 193,
					"count": 11,
					"min": 25,
					"max": 740
				},
				"2023-06-23": {
					"avg": 55,
					"count": 5,
					"min": 27,
					"max": 93
				},
				"2023-06-24": {
					"avg": 106,
					"count": 2,
					"min": 101,
					"max": 111
				},
				"2023-06-25": {
					"avg": 1047,
					"count": 4,
					"min": 38,
					"max": 3499
				},
				"2023-06-26": {
					"avg": 138,
					"count": 6,
					"min": 129,
					"max": 149
				},
				"2023-06-27": {
					"avg": 430,
					"count": 7,
					"min": 148,
					"max": 553
				},
				"2023-06-29": {
					"avg": 135,
					"count": 7,
					"min": 19,
					"max": 288
				},
				"2023-06-30": {
					"avg": 450,
					"count": 1,
					"min": 450,
					"max": 450
				},
				"2023-07-01": {
					"avg": 128,
					"count": 1,
					"min": 128,
					"max": 128
				},
				"2023-07-02": {
					"avg": 282,
					"count": 3,
					"min": 87,
					"max": 632
				},
				"2023-07-03": {
					"avg": 157,
					"count": 8,
					"min": 41,
					"max": 450
				},
				"2023-07-04": {
					"avg": 44,
					"count": 2,
					"min": 42,
					"max": 47
				},
				"2023-07-06": {
					"avg": 280,
					"count": 5,
					"min": 34,
					"max": 1048
				},
				"2023-07-07": {
					"avg": 204,
					"count": 4,
					"min": 49,
					"max": 499
				},
				"2023-07-08": {
					"avg": 66,
					"count": 4,
					"min": 39,
					"max": 128
				},
				"2023-07-09": {
					"avg": 147,
					"count": 1,
					"min": 147,
					"max": 147
				},
				"2023-07-10": {
					"avg": 223,
					"count": 4,
					"min": 49,
					"max": 457
				},
				"2023-07-11": {
					"avg": 60,
					"count": 4,
					"min": 30,
					"max": 149
				},
				"2023-07-12": {
					"avg": 189,
					"count": 5,
					"min": 19,
					"max": 499
				},
				"2023-07-13": {
					"avg": 111,
					"count": 1,
					"min": 111,
					"max": 111
				},
				"2023-07-14": {
					"avg": 447,
					"count": 7,
					"min": 111,
					"max": 697
				},
				"2023-07-15": {
					"avg": 355,
					"count": 4,
					"min": 50,
					"max": 1048
				},
				"2023-07-16": {
					"avg": 63,
					"count": 5,
					"min": 19,
					"max": 128
				},
				"2023-07-17": {
					"avg": 253,
					"count": 2,
					"min": 51,
					"max": 454
				},
				"2023-07-18": {
					"avg": 201,
					"count": 17,
					"min": 37,
					"max": 451
				},
				"2023-07-19": {
					"avg": 41,
					"count": 2,
					"min": 31,
					"max": 50
				},
				"2023-07-20": {
					"avg": 46,
					"count": 3,
					"min": 35,
					"max": 60
				},
				"2023-07-21": {
					"avg": 106,
					"count": 2,
					"min": 44,
					"max": 168
				},
				"2023-07-22": {
					"avg": 44,
					"count": 1,
					"min": 44,
					"max": 44
				},
				"2023-07-23": {
					"avg": 69,
					"count": 1,
					"min": 69,
					"max": 69
				},
				"2023-07-24": {
					"avg": 160,
					"count": 46,
					"min": 119,
					"max": 697
				},
				"2023-07-25": {
					"avg": 94,
					"count": 12,
					"min": 24,
					"max": 297
				},
				"2023-07-26": {
					"avg": 53,
					"count": 29,
					"min": 43,
					"max": 129
				},
				"2023-07-27": {
					"avg": 81,
					"count": 4,
					"min": 39,
					"max": 183
				},
				"2023-07-28": {
					"avg": 270,
					"count": 3,
					"min": 44,
					"max": 499
				},
				"2023-07-29": {
					"avg": 304,
					"count": 8,
					"min": 30,
					"max": 592
				},
				"2023-07-30": {
					"avg": 1434,
					"count": 5,
					"min": 116,
					"max": 5499
				},
				"2023-07-31": {
					"avg": 113,
					"count": 6,
					"min": 52,
					"max": 166
				},
				"2023-08-01": {
					"avg": 202,
					"count": 6,
					"min": 149,
					"max": 274
				},
				"2023-08-02": {
					"avg": 92,
					"count": 4,
					"min": 54,
					"max": 166
				},
				"2023-08-04": {
					"avg": 106,
					"count": 3,
					"min": 26,
					"max": 166
				},
				"2023-08-05": {
					"avg": 233,
					"count": 2,
					"min": 53,
					"max": 412
				},
				"2023-08-06": {
					"avg": 170,
					"count": 2,
					"min": 100,
					"max": 239
				},
				"2023-08-07": {
					"avg": 139,
					"count": 5,
					"min": 35,
					"max": 260
				},
				"2023-08-08": {
					"avg": 88,
					"count": 9,
					"min": 42,
					"max": 108
				},
				"2023-08-09": {
					"avg": 72,
					"count": 9,
					"min": 50,
					"max": 136
				},
				"2023-08-10": {
					"avg": 87,
					"count": 3,
					"min": 50,
					"max": 154
				},
				"2023-08-11": {
					"avg": 303,
					"count": 4,
					"min": 119,
					"max": 524
				},
				"2023-08-12": {
					"avg": 241,
					"count": 4,
					"min": 43,
					"max": 499
				},
				"2023-08-13": {
					"avg": 209,
					"count": 4,
					"min": 151,
					"max": 306
				},
				"2023-08-14": {
					"avg": 146,
					"count": 8,
					"min": 23,
					"max": 508
				},
				"2023-08-15": {
					"avg": 91,
					"count": 3,
					"min": 25,
					"max": 158
				},
				"2023-08-16": {
					"avg": 168,
					"count": 10,
					"min": 35,
					"max": 544
				},
				"2023-08-17": {
					"avg": 446,
					"count": 3,
					"min": 129,
					"max": 686
				},
				"2023-08-18": {
					"avg": 192,
					"count": 4,
					"min": 27,
					"max": 424
				},
				"2023-08-19": {
					"avg": 449,
					"count": 1,
					"min": 449,
					"max": 449
				},
				"2023-08-20": {
					"avg": 233,
					"count": 11,
					"min": 29,
					"max": 527
				},
				"2023-08-21": {
					"avg": 456,
					"count": 3,
					"min": 271,
					"max": 598
				},
				"2023-08-23": {
					"avg": 232,
					"count": 8,
					"min": 35,
					"max": 798
				},
				"2023-08-24": {
					"avg": 143,
					"count": 8,
					"min": 29,
					"max": 260
				},
				"2023-08-25": {
					"avg": 217,
					"count": 13,
					"min": 40,
					"max": 900
				},
				"2023-08-26": {
					"avg": 124,
					"count": 1,
					"min": 124,
					"max": 124
				},
				"2023-08-27": {
					"avg": 160,
					"count": 12,
					"min": 29,
					"max": 312
				},
				"2023-08-28": {
					"avg": 214,
					"count": 7,
					"min": 51,
					"max": 499
				},
				"2023-08-29": {
					"avg": 161,
					"count": 4,
					"min": 43,
					"max": 346
				},
				"2023-08-30": {
					"avg": 127,
					"count": 2,
					"min": 127,
					"max": 127
				},
				"2023-08-31": {
					"avg": 224,
					"count": 8,
					"min": 76,
					"max": 259
				},
				"2023-09-01": {
					"avg": 91,
					"count": 3,
					"min": 42,
					"max": 188
				},
				"2023-09-02": {
					"avg": 156,
					"count": 19,
					"min": 76,
					"max": 222
				},
				"2023-09-03": {
					"avg": 270,
					"count": 5,
					"min": 84,
					"max": 499
				},
				"2023-09-04": {
					"avg": 954,
					"count": 1,
					"min": 954,
					"max": 954
				},
				"2023-09-05": {
					"avg": 316,
					"count": 7,
					"min": 42,
					"max": 549
				},
				"2023-09-06": {
					"avg": 282,
					"count": 2,
					"min": 65,
					"max": 499
				},
				"2023-09-07": {
					"avg": 108,
					"count": 2,
					"min": 49,
					"max": 166
				},
				"2023-09-08": {
					"avg": 221,
					"count": 3,
					"min": 139,
					"max": 302
				},
				"2023-09-09": {
					"avg": 56,
					"count": 10,
					"min": 42,
					"max": 118
				},
				"2023-09-10": {
					"avg": 587,
					"count": 2,
					"min": 29,
					"max": 1145
				},
				"2023-09-11": {
					"avg": 106,
					"count": 5,
					"min": 83,
					"max": 149
				},
				"2023-09-12": {
					"avg": 143,
					"count": 4,
					"min": 83,
					"max": 281
				},
				"2023-09-13": {
					"avg": 58,
					"count": 3,
					"min": 44,
					"max": 82
				},
				"2023-09-14": {
					"avg": 175,
					"count": 25,
					"min": 33,
					"max": 1427
				},
				"2023-09-16": {
					"avg": 48,
					"count": 2,
					"min": 48,
					"max": 48
				},
				"2023-09-17": {
					"avg": 37,
					"count": 2,
					"min": 25,
					"max": 48
				},
				"2023-09-18": {
					"avg": 48,
					"count": 1,
					"min": 48,
					"max": 48
				},
				"2023-09-19": {
					"avg": 160,
					"count": 10,
					"min": 43,
					"max": 349
				},
				"2023-09-20": {
					"avg": 44,
					"count": 1,
					"min": 44,
					"max": 44
				},
				"2023-09-21": {
					"avg": 138,
					"count": 1,
					"min": 138,
					"max": 138
				},
				"2023-09-22": {
					"avg": 457,
					"count": 3,
					"min": 75,
					"max": 697
				},
				"2023-09-23": {
					"avg": 79,
					"count": 3,
					"min": 58,
					"max": 94
				},
				"2023-09-24": {
					"avg": 54,
					"count": 4,
					"min": 25,
					"max": 119
				},
				"2023-09-25": {
					"avg": 129,
					"count": 8,
					"min": 25,
					"max": 420
				},
				"2023-09-26": {
					"avg": 182,
					"count": 4,
					"min": 29,
					"max": 359
				},
				"2023-09-27": {
					"avg": 149,
					"count": 2,
					"min": 124,
					"max": 174
				},
				"2023-09-28": {
					"avg": 134,
					"count": 1,
					"min": 134,
					"max": 134
				},
				"2023-09-29": {
					"avg": 183,
					"count": 4,
					"min": 110,
					"max": 384
				},
				"2023-09-30": {
					"avg": 229,
					"count": 11,
					"min": 44,
					"max": 536
				},
				"2023-10-01": {
					"avg": 163,
					"count": 2,
					"min": 142,
					"max": 184
				},
				"2023-10-02": {
					"avg": 114,
					"count": 2,
					"min": 29,
					"max": 198
				},
				"2023-10-03": {
					"avg": 208,
					"count": 6,
					"min": 128,
					"max": 397
				},
				"2023-10-04": {
					"avg": 201,
					"count": 6,
					"min": 49,
					"max": 474
				},
				"2023-10-05": {
					"avg": 206,
					"count": 4,
					"min": 48,
					"max": 383
				},
				"2023-10-06": {
					"avg": 91,
					"count": 4,
					"min": 25,
					"max": 187
				},
				"2023-10-07": {
					"avg": 143,
					"count": 3,
					"min": 123,
					"max": 168
				},
				"2023-10-08": {
					"avg": 140,
					"count": 2,
					"min": 50,
					"max": 229
				},
				"2023-10-09": {
					"avg": 90,
					"count": 13,
					"min": 25,
					"max": 164
				},
				"2023-10-10": {
					"avg": 262,
					"count": 2,
					"min": 99,
					"max": 424
				},
				"2023-10-11": {
					"avg": 36,
					"count": 2,
					"min": 23,
					"max": 48
				},
				"2023-10-12": {
					"avg": 182,
					"count": 11,
					"min": 50,
					"max": 384
				},
				"2023-10-13": {
					"avg": 314,
					"count": 3,
					"min": 139,
					"max": 654
				},
				"2023-10-14": {
					"avg": 206,
					"count": 4,
					"min": 99,
					"max": 343
				},
				"2023-10-15": {
					"avg": 83,
					"count": 1,
					"min": 83,
					"max": 83
				},
				"2023-10-16": {
					"avg": 176,
					"count": 3,
					"min": 49,
					"max": 343
				},
				"2023-10-17": {
					"avg": 69,
					"count": 2,
					"min": 37,
					"max": 100
				},
				"2023-10-18": {
					"avg": 167,
					"count": 5,
					"min": 154,
					"max": 199
				},
				"2023-10-19": {
					"avg": 172,
					"count": 27,
					"min": 103,
					"max": 499
				},
				"2023-10-20": {
					"avg": 169,
					"count": 9,
					"min": 40,
					"max": 510
				},
				"2023-10-21": {
					"avg": 64,
					"count": 5,
					"min": 49,
					"max": 99
				},
				"2023-10-22": {
					"avg": 133,
					"count": 6,
					"min": 100,
					"max": 140
				},
				"2023-10-23": {
					"avg": 253,
					"count": 4,
					"min": 99,
					"max": 649
				},
				"2023-10-24": {
					"avg": 93,
					"count": 2,
					"min": 25,
					"max": 160
				},
				"2023-10-25": {
					"avg": 441,
					"count": 1,
					"min": 441,
					"max": 441
				},
				"2023-10-26": {
					"avg": 123,
					"count": 1,
					"min": 123,
					"max": 123
				},
				"2023-10-27": {
					"avg": 899,
					"count": 1,
					"min": 899,
					"max": 899
				},
				"2023-10-28": {
					"avg": 121,
					"count": 6,
					"min": 29,
					"max": 276
				},
				"2023-10-29": {
					"avg": 363,
					"count": 4,
					"min": 99,
					"max": 809
				},
				"2023-10-30": {
					"avg": 497,
					"count": 5,
					"min": 138,
					"max": 1558
				},
				"2023-10-31": {
					"avg": 308,
					"count": 5,
					"min": 29,
					"max": 519
				},
				"2023-11-01": {
					"avg": 368,
					"count": 2,
					"min": 86,
					"max": 649
				},
				"2023-11-02": {
					"avg": 344,
					"count": 3,
					"min": 35,
					"max": 604
				},
				"2023-11-03": {
					"avg": 105,
					"count": 2,
					"min": 76,
					"max": 134
				},
				"2023-11-04": {
					"avg": 167,
					"count": 3,
					"min": 76,
					"max": 344
				},
				"2023-11-05": {
					"avg": 362,
					"count": 2,
					"min": 124,
					"max": 599
				},
				"2023-11-06": {
					"avg": 150,
					"count": 9,
					"min": 124,
					"max": 254
				},
				"2023-11-07": {
					"avg": 130,
					"count": 3,
					"min": 50,
					"max": 199
				},
				"2023-11-08": {
					"avg": 320,
					"count": 2,
					"min": 115,
					"max": 524
				},
				"2023-11-09": {
					"avg": 107,
					"count": 3,
					"min": 96,
					"max": 127
				},
				"2023-11-10": {
					"avg": 247,
					"count": 3,
					"min": 99,
					"max": 500
				},
				"2023-11-11": {
					"avg": 107,
					"count": 4,
					"min": 95,
					"max": 123
				},
				"2023-11-12": {
					"avg": 140,
					"count": 1,
					"min": 140,
					"max": 140
				},
				"2023-11-13": {
					"avg": 25,
					"count": 1,
					"min": 25,
					"max": 25
				},
				"2023-11-14": {
					"avg": 193,
					"count": 3,
					"min": 24,
					"max": 519
				},
				"2023-11-15": {
					"avg": 270,
					"count": 8,
					"min": 34,
					"max": 324
				},
				"2023-11-16": {
					"avg": 19,
					"count": 1,
					"min": 19,
					"max": 19
				},
				"2023-11-17": {
					"avg": 98,
					"count": 5,
					"min": 35,
					"max": 119
				},
				"2023-11-18": {
					"avg": 1001,
					"count": 1,
					"min": 1001,
					"max": 1001
				},
				"2023-11-19": {
					"avg": 312,
					"count": 3,
					"min": 168,
					"max": 598
				},
				"2023-11-20": {
					"avg": 103,
					"count": 5,
					"min": 25,
					"max": 128
				},
				"2023-11-21": {
					"avg": 122,
					"count": 4,
					"min": 39,
					"max": 226
				},
				"2023-11-22": {
					"avg": 307,
					"count": 13,
					"min": 99,
					"max": 324
				},
				"2023-11-23": {
					"avg": 795,
					"count": 4,
					"min": 38,
					"max": 2499
				},
				"2023-11-24": {
					"avg": 197,
					"count": 39,
					"min": 23,
					"max": 575
				},
				"2023-11-26": {
					"avg": 181,
					"count": 3,
					"min": 25,
					"max": 399
				},
				"2023-11-27": {
					"avg": 210,
					"count": 9,
					"min": 45,
					"max": 698
				},
				"2024-05-15": {
					"avg": 221,
					"count": 1,
					"min": 221,
					"max": 221
				},
				"2024-05-16": {
					"avg": 233,
					"count": 7,
					"min": 62,
					"max": 550
				},
				"2024-05-17": {
					"avg": 173,
					"count": 45,
					"min": 13,
					"max": 544
				},
				"2024-05-18": {
					"avg": 206,
					"count": 35,
					"min": 22,
					"max": 536
				},
				"2024-05-19": {
					"avg": 174,
					"count": 7,
					"min": 43,
					"max": 397
				},
				"2024-05-20": {
					"avg": 137,
					"count": 1,
					"min": 137,
					"max": 137
				},
				"2024-05-21": {
					"avg": 85,
					"count": 5,
					"min": 38,
					"max": 148
				},
				"2024-05-22": {
					"avg": 195,
					"count": 4,
					"min": 65,
					"max": 399
				},
				"2024-05-23": {
					"avg": 127,
					"count": 7,
					"min": 127,
					"max": 127
				},
				"2024-05-24": {
					"avg": 44,
					"count": 1,
					"min": 44,
					"max": 44
				},
				"2024-05-25": {
					"avg": 46,
					"count": 2,
					"min": 42,
					"max": 50
				},
				"2024-05-27": {
					"avg": 145,
					"count": 21,
					"min": 44,
					"max": 471
				},
				"2024-05-29": {
					"avg": 280,
					"count": 5,
					"min": 161,
					"max": 430
				},
				"2024-05-30": {
					"avg": 285,
					"count": 1,
					"min": 285,
					"max": 285
				},
				"2024-05-31": {
					"avg": 147,
					"count": 2,
					"min": 147,
					"max": 147
				},
				"2024-06-01": {
					"avg": 204,
					"count": 3,
					"min": 70,
					"max": 424
				},
				"2024-06-02": {
					"avg": 124,
					"count": 3,
					"min": 43,
					"max": 279
				},
				"2024-06-03": {
					"avg": 502,
					"count": 1,
					"min": 502,
					"max": 502
				},
				"2024-06-04": {
					"avg": 113,
					"count": 2,
					"min": 49,
					"max": 177
				},
				"2024-06-05": {
					"avg": 120,
					"count": 1,
					"min": 120,
					"max": 120
				},
				"2024-06-07": {
					"avg": 137,
					"count": 3,
					"min": 43,
					"max": 226
				},
				"2024-06-08": {
					"avg": 116,
					"count": 2,
					"min": 50,
					"max": 182
				},
				"2024-06-09": {
					"avg": 35,
					"count": 2,
					"min": 20,
					"max": 50
				},
				"2024-06-13": {
					"avg": 20,
					"count": 1,
					"min": 20,
					"max": 20
				},
				"2024-06-14": {
					"avg": 1085,
					"count": 1,
					"min": 1085,
					"max": 1085
				},
				"2024-06-18": {
					"avg": 238,
					"count": 6,
					"min": 142,
					"max": 279
				},
				"2024-06-19": {
					"avg": 142,
					"count": 1,
					"min": 142,
					"max": 142
				},
				"2024-06-22": {
					"avg": 142,
					"count": 1,
					"min": 142,
					"max": 142
				},
				"2024-06-23": {
					"avg": 480,
					"count": 1,
					"min": 480,
					"max": 480
				},
				"2024-06-24": {
					"avg": 176,
					"count": 4,
					"min": 100,
					"max": 401
				},
				"2024-06-25": {
					"avg": 145,
					"count": 1,
					"min": 145,
					"max": 145
				},
				"2024-06-27": {
					"avg": 481,
					"count": 2,
					"min": 400,
					"max": 562
				},
				"2024-06-30": {
					"avg": 234,
					"count": 2,
					"min": 165,
					"max": 303
				},
				"2024-07-01": {
					"avg": 78,
					"count": 1,
					"min": 78,
					"max": 78
				},
				"2024-07-02": {
					"avg": 80,
					"count": 2,
					"min": 41,
					"max": 118
				},
				"2024-07-03": {
					"avg": 359,
					"count": 3,
					"min": 144,
					"max": 541
				},
				"2024-07-05": {
					"avg": 177,
					"count": 1,
					"min": 177,
					"max": 177
				},
				"2024-07-06": {
					"avg": 535,
					"count": 1,
					"min": 535,
					"max": 535
				},
				"2024-07-07": {
					"avg": 135,
					"count": 2,
					"min": 99,
					"max": 171
				},
				"2024-07-08": {
					"avg": 315,
					"count": 3,
					"min": 164,
					"max": 480
				},
				"2024-07-10": {
					"avg": 221,
					"count": 2,
					"min": 43,
					"max": 399
				},
				"2024-07-11": {
					"avg": 221,
					"count": 3,
					"min": 49,
					"max": 495
				},
				"2024-07-12": {
					"avg": 224,
					"count": 3,
					"min": 224,
					"max": 224
				},
				"2024-07-13": {
					"avg": 169,
					"count": 2,
					"min": 158,
					"max": 179
				},
				"2024-07-14": {
					"avg": 140,
					"count": 1,
					"min": 140,
					"max": 140
				},
				"2024-07-15": {
					"avg": 220,
					"count": 3,
					"min": 50,
					"max": 401
				},
				"2024-07-17": {
					"avg": 197,
					"count": 1,
					"min": 197,
					"max": 197
				},
				"2024-07-18": {
					"avg": 526,
					"count": 5,
					"min": 305,
					"max": 580
				},
				"2024-07-19": {
					"avg": 426,
					"count": 2,
					"min": 395,
					"max": 457
				},
				"2024-07-20": {
					"avg": 398,
					"count": 3,
					"min": 179,
					"max": 614
				},
				"2024-07-21": {
					"avg": 329,
					"count": 2,
					"min": 161,
					"max": 497
				},
				"2024-07-22": {
					"avg": 101,
					"count": 3,
					"min": 49,
					"max": 177
				},
				"2024-07-23": {
					"avg": 101,
					"count": 1,
					"min": 101,
					"max": 101
				},
				"2024-07-24": {
					"avg": 343,
					"count": 2,
					"min": 153,
					"max": 533
				},
				"2024-07-25": {
					"avg": 160,
					"count": 2,
					"min": 142,
					"max": 177
				},
				"2024-07-26": {
					"avg": 497,
					"count": 1,
					"min": 497,
					"max": 497
				},
				"2024-07-27": {
					"avg": 181,
					"count": 2,
					"min": 181,
					"max": 181
				},
				"2024-07-31": {
					"avg": 176,
					"count": 3,
					"min": 118,
					"max": 293
				},
				"2024-08-02": {
					"avg": 166,
					"count": 4,
					"min": 166,
					"max": 166
				},
				"2024-08-03": {
					"avg": 52,
					"count": 1,
					"min": 52,
					"max": 52
				},
				"2024-08-04": {
					"avg": 246,
					"count": 4,
					"min": 118,
					"max": 497
				},
				"2024-08-05": {
					"avg": 1496,
					"count": 2,
					"min": 574,
					"max": 2418
				},
				"2024-08-06": {
					"avg": 55,
					"count": 1,
					"min": 55,
					"max": 55
				},
				"2024-08-07": {
					"avg": 55,
					"count": 1,
					"min": 55,
					"max": 55
				},
				"2024-08-08": {
					"avg": 77,
					"count": 2,
					"min": 59,
					"max": 95
				},
				"2024-08-12": {
					"avg": 93,
					"count": 3,
					"min": 43,
					"max": 157
				},
				"2024-08-13": {
					"avg": 148,
					"count": 1,
					"min": 148,
					"max": 148
				},
				"2024-08-14": {
					"avg": 337,
					"count": 1,
					"min": 337,
					"max": 337
				},
				"2024-08-15": {
					"avg": 219,
					"count": 1,
					"min": 219,
					"max": 219
				},
				"2024-08-16": {
					"avg": 214,
					"count": 7,
					"min": 55,
					"max": 476
				},
				"2024-08-17": {
					"avg": 155,
					"count": 3,
					"min": 70,
					"max": 222
				},
				"2024-08-18": {
					"avg": 661,
					"count": 8,
					"min": 661,
					"max": 661
				},
				"2024-08-20": {
					"avg": 218,
					"count": 7,
					"min": 54,
					"max": 336
				},
				"2024-08-21": {
					"avg": 20,
					"count": 1,
					"min": 20,
					"max": 20
				},
				"2024-08-24": {
					"avg": 59,
					"count": 6,
					"min": 59,
					"max": 59
				},
				"2024-08-25": {
					"avg": 217,
					"count": 4,
					"min": 52,
					"max": 522
				},
				"2024-08-28": {
					"avg": 163,
					"count": 2,
					"min": 147,
					"max": 179
				},
				"2024-08-29": {
					"avg": 440,
					"count": 1,
					"min": 440,
					"max": 440
				},
				"2024-08-30": {
					"avg": 128,
					"count": 5,
					"min": 59,
					"max": 206
				},
				"2024-08-31": {
					"avg": 259,
					"count": 3,
					"min": 48,
					"max": 580
				},
				"2024-09-01": {
					"avg": 734,
					"count": 5,
					"min": 70,
					"max": 1075
				},
				"2024-09-02": {
					"avg": 199,
					"count": 2,
					"min": 48,
					"max": 349
				},
				"2024-09-03": {
					"avg": 291,
					"count": 4,
					"min": 49,
					"max": 374
				},
				"2024-09-06": {
					"avg": 461,
					"count": 3,
					"min": 70,
					"max": 1016
				},
				"2024-09-08": {
					"avg": 543,
					"count": 2,
					"min": 37,
					"max": 1049
				},
				"2024-09-09": {
					"avg": 163,
					"count": 2,
					"min": 161,
					"max": 165
				},
				"2024-09-11": {
					"avg": 35,
					"count": 1,
					"min": 35,
					"max": 35
				},
				"2024-09-12": {
					"avg": 127,
					"count": 3,
					"min": 95,
					"max": 176
				},
				"2024-09-13": {
					"avg": 148,
					"count": 1,
					"min": 148,
					"max": 148
				},
				"2024-09-14": {
					"avg": 148,
					"count": 1,
					"min": 148,
					"max": 148
				},
				"2024-09-15": {
					"avg": 141,
					"count": 5,
					"min": 38,
					"max": 324
				},
				"2024-09-16": {
					"avg": 358,
					"count": 6,
					"min": 47,
					"max": 497
				},
				"2024-09-17": {
					"avg": 243,
					"count": 3,
					"min": 59,
					"max": 489
				},
				"2024-09-18": {
					"avg": 222,
					"count": 3,
					"min": 35,
					"max": 422
				},
				"2024-09-19": {
					"avg": 25,
					"count": 1,
					"min": 25,
					"max": 25
				},
				"2024-09-21": {
					"avg": 254,
					"count": 3,
					"min": 98,
					"max": 497
				},
				"2024-09-22": {
					"avg": 275,
					"count": 3,
					"min": 139,
					"max": 480
				},
				"2024-09-23": {
					"avg": 408,
					"count": 2,
					"min": 391,
					"max": 425
				}
			},
			"avg": 189,
			"avg7": 185,
			"avg28": 185
		},
		"normal-used": {
			"history": {
				"2024-05-24": {
					"avg": 25,
					"count": 1,
					"min": 25,
					"max": 25
				},
				"2024-05-27": {
					"avg": 127,
					"count": 1,
					"min": 127,
					"max": 127
				},
				"2024-06-01": {
					"avg": 29,
					"count": 1,
					"min": 29,
					"max": 29
				},
				"2024-06-03": {
					"avg": 148,
					"count": 1,
					"min": 148,
					"max": 148
				},
				"2024-06-07": {
					"avg": 28,
					"count": 2,
					"min": 28,
					"max": 28
				},
				"2024-06-08": {
					"avg": 443,
					"count": 1,
					"min": 443,
					"max": 443
				},
				"2024-06-09": {
					"avg": 89,
					"count": 2,
					"min": 29,
					"max": 148
				},
				"2024-06-10": {
					"avg": 29,
					"count": 1,
					"min": 29,
					"max": 29
				},
				"2024-06-11": {
					"avg": 127,
					"count": 1,
					"min": 127,
					"max": 127
				},
				"2024-06-14": {
					"avg": 206,
					"count": 2,
					"min": 197,
					"max": 215
				},
				"2024-06-20": {
					"avg": 36,
					"count": 3,
					"min": 29,
					"max": 50
				},
				"2024-06-21": {
					"avg": 26,
					"count": 3,
					"min": 25,
					"max": 29
				},
				"2024-06-25": {
					"avg": 221,
					"count": 1,
					"min": 221,
					"max": 221
				},
				"2024-06-26": {
					"avg": 50,
					"count": 1,
					"min": 50,
					"max": 50
				},
				"2024-06-27": {
					"avg": 23,
					"count": 1,
					"min": 23,
					"max": 23
				},
				"2024-06-28": {
					"avg": 29,
					"count": 7,
					"min": 29,
					"max": 29
				},
				"2024-06-30": {
					"avg": 49,
					"count": 1,
					"min": 49,
					"max": 49
				},
				"2024-07-18": {
					"avg": 543,
					"count": 1,
					"min": 543,
					"max": 543
				},
				"2024-07-19": {
					"avg": 98,
					"count": 1,
					"min": 98,
					"max": 98
				},
				"2024-07-23": {
					"avg": 114,
					"count": 2,
					"min": 114,
					"max": 114
				},
				"2024-07-24": {
					"avg": 18,
					"count": 2,
					"min": 18,
					"max": 18
				},
				"2024-07-28": {
					"avg": 150,
					"count": 2,
					"min": 142,
					"max": 157
				},
				"2024-08-10": {
					"avg": 377,
					"count": 2,
					"min": 246,
					"max": 507
				},
				"2024-08-16": {
					"avg": 128,
					"count": 4,
					"min": 15,
					"max": 218
				},
				"2024-08-26": {
					"avg": 55,
					"count": 2,
					"min": 25,
					"max": 85
				},
				"2024-08-29": {
					"avg": 167,
					"count": 1,
					"min": 167,
					"max": 167
				},
				"2024-08-31": {
					"avg": 169,
					"count": 5,
					"min": 85,
					"max": 249
				},
				"2024-09-08": {
					"avg": 27,
					"count": 1,
					"min": 27,
					"max": 27
				},
				"2024-09-13": {
					"avg": 122,
					"count": 2,
					"min": 96,
					"max": 147
				},
				"2024-09-16": {
					"avg": 39,
					"count": 1,
					"min": 39,
					"max": 39
				},
				"2024-09-22": {
					"avg": 218,
					"count": 3,
					"min": 31,
					"max": 588
				},
				"2024-09-23": {
					"avg": 35,
					"count": 4,
					"min": 35,
					"max": 35
				}
			},
			"avg": 111,
			"avg7": -1,
			"avg28": -1
		},
		"normal-nearmint": {
			"history": {
				"2024-05-23": {
					"avg": 529,
					"count": 4,
					"min": 529,
					"max": 529
				},
				"2024-05-24": {
					"avg": 121,
					"count": 4,
					"min": 64,
					"max": 197
				},
				"2024-05-25": {
					"avg": 316,
					"count": 2,
					"min": 192,
					"max": 439
				},
				"2024-05-27": {
					"avg": 147,
					"count": 1,
					"min": 147,
					"max": 147
				},
				"2024-05-30": {
					"avg": 284,
					"count": 4,
					"min": 149,
					"max": 625
				},
				"2024-06-01": {
					"avg": 550,
					"count": 2,
					"min": 550,
					"max": 550
				},
				"2024-06-02": {
					"avg": 82,
					"count": 3,
					"min": 61,
					"max": 124
				},
				"2024-06-04": {
					"avg": 59,
					"count": 1,
					"min": 59,
					"max": 59
				},
				"2024-06-05": {
					"avg": 341,
					"count": 2,
					"min": 59,
					"max": 623
				},
				"2024-06-06": {
					"avg": 605,
					"count": 1,
					"min": 605,
					"max": 605
				},
				"2024-06-07": {
					"avg": 648,
					"count": 2,
					"min": 598,
					"max": 697
				},
				"2024-06-08": {
					"avg": 385,
					"count": 2,
					"min": 219,
					"max": 550
				},
				"2024-06-10": {
					"avg": 195,
					"count": 3,
					"min": 148,
					"max": 225
				},
				"2024-06-11": {
					"avg": 324,
					"count": 2,
					"min": 98,
					"max": 550
				},
				"2024-06-12": {
					"avg": 197,
					"count": 1,
					"min": 197,
					"max": 197
				},
				"2024-06-13": {
					"avg": 169,
					"count": 2,
					"min": 147,
					"max": 191
				},
				"2024-06-14": {
					"avg": 366,
					"count": 2,
					"min": 212,
					"max": 520
				},
				"2024-06-15": {
					"avg": 389,
					"count": 2,
					"min": 258,
					"max": 520
				},
				"2024-06-16": {
					"avg": 357,
					"count": 3,
					"min": 95,
					"max": 755
				},
				"2024-06-17": {
					"avg": 233,
					"count": 8,
					"min": 65,
					"max": 440
				},
				"2024-06-18": {
					"avg": 147,
					"count": 1,
					"min": 147,
					"max": 147
				},
				"2024-06-19": {
					"avg": 159,
					"count": 2,
					"min": 152,
					"max": 165
				},
				"2024-06-20": {
					"avg": 923,
					"count": 1,
					"min": 923,
					"max": 923
				},
				"2024-06-21": {
					"avg": 294,
					"count": 4,
					"min": 90,
					"max": 522
				},
				"2024-06-22": {
					"avg": 147,
					"count": 1,
					"min": 147,
					"max": 147
				},
				"2024-06-25": {
					"avg": 697,
					"count": 1,
					"min": 697,
					"max": 697
				},
				"2024-06-26": {
					"avg": 280,
					"count": 1,
					"min": 280,
					"max": 280
				},
				"2024-06-28": {
					"avg": 406,
					"count": 2,
					"min": 212,
					"max": 599
				},
				"2024-06-29": {
					"avg": 97,
					"count": 1,
					"min": 97,
					"max": 97
				},
				"2024-06-30": {
					"avg": 595,
					"count": 1,
					"min": 595,
					"max": 595
				},
				"2024-07-01": {
					"avg": 310,
					"count": 2,
					"min": 97,
					"max": 523
				},
				"2024-07-02": {
					"avg": 158,
					"count": 2,
					"min": 154,
					"max": 162
				},
				"2024-07-05": {
					"avg": 252,
					"count": 20,
					"min": 193,
					"max": 280
				},
				"2024-07-06": {
					"avg": 142,
					"count": 8,
					"min": 30,
					"max": 597
				},
				"2024-07-07": {
					"avg": 247,
					"count": 4,
					"min": 30,
					"max": 617
				},
				"2024-07-08": {
					"avg": 152,
					"count": 2,
					"min": 151,
					"max": 152
				},
				"2024-07-09": {
					"avg": 97,
					"count": 1,
					"min": 97,
					"max": 97
				},
				"2024-07-10": {
					"avg": 697,
					"count": 1,
					"min": 697,
					"max": 697
				},
				"2024-07-11": {
					"avg": 40,
					"count": 4,
					"min": 40,
					"max": 40
				},
				"2024-07-12": {
					"avg": 162,
					"count": 1,
					"min": 162,
					"max": 162
				},
				"2024-07-13": {
					"avg": 210,
					"count": 4,
					"min": 97,
					"max": 548
				},
				"2024-07-14": {
					"avg": 697,
					"count": 1,
					"min": 697,
					"max": 697
				},
				"2024-07-16": {
					"avg": 332,
					"count": 2,
					"min": 139,
					"max": 524
				},
				"2024-07-19": {
					"avg": 346,
					"count": 2,
					"min": 97,
					"max": 595
				},
				"2024-07-21": {
					"avg": 532,
					"count": 2,
					"min": 167,
					"max": 896
				},
				"2024-07-22": {
					"avg": 146,
					"count": 2,
					"min": 97,
					"max": 195
				},
				"2024-07-23": {
					"avg": 65,
					"count": 1,
					"min": 65,
					"max": 65
				},
				"2024-07-24": {
					"avg": 54,
					"count": 1,
					"min": 54,
					"max": 54
				},
				"2024-07-25": {
					"avg": 241,
					"count": 5,
					"min": 66,
					"max": 599
				},
				"2024-07-26": {
					"avg": 187,
					"count": 3,
					"min": 167,
					"max": 204
				},
				"2024-07-27": {
					"avg": 256,
					"count": 2,
					"min": 65,
					"max": 446
				},
				"2024-07-29": {
					"avg": 229,
					"count": 4,
					"min": 69,
					"max": 552
				},
				"2024-07-30": {
					"avg": 631,
					"count": 2,
					"min": 168,
					"max": 1094
				},
				"2024-07-31": {
					"avg": 148,
					"count": 3,
					"min": 119,
					"max": 204
				},
				"2024-08-03": {
					"avg": 454,
					"count": 2,
					"min": 97,
					"max": 811
				},
				"2024-08-07": {
					"avg": 66,
					"count": 1,
					"min": 66,
					"max": 66
				},
				"2024-08-08": {
					"avg": 196,
					"count": 1,
					"min": 196,
					"max": 196
				},
				"2024-08-09": {
					"avg": 629,
					"count": 1,
					"min": 629,
					"max": 629
				},
				"2024-08-10": {
					"avg": 198,
					"count": 1,
					"min": 198,
					"max": 198
				},
				"2024-08-11": {
					"avg": 374,
					"count": 2,
					"min": 149,
					"max": 599
				},
				"2024-08-12": {
					"avg": 97,
					"count": 1,
					"min": 97,
					"max": 97
				},
				"2024-08-13": {
					"avg": 171,
					"count": 1,
					"min": 171,
					"max": 171
				},
				"2024-08-16": {
					"avg": 412,
					"count": 3,
					"min": 224,
					"max": 755
				},
				"2024-08-17": {
					"avg": 896,
					"count": 1,
					"min": 896,
					"max": 896
				},
				"2024-08-19": {
					"avg": 97,
					"count": 1,
					"min": 97,
					"max": 97
				},
				"2024-08-21": {
					"avg": 392,
					"count": 4,
					"min": 171,
					"max": 697
				},
				"2024-08-23": {
					"avg": 176,
					"count": 2,
					"min": 174,
					"max": 177
				},
				"2024-08-24": {
					"avg": 204,
					"count": 1,
					"min": 204,
					"max": 204
				},
				"2024-08-26": {
					"avg": 350,
					"count": 2,
					"min": 97,
					"max": 603
				},
				"2024-08-27": {
					"avg": 204,
					"count": 1,
					"min": 204,
					"max": 204
				},
				"2024-08-28": {
					"avg": 83,
					"count": 1,
					"min": 83,
					"max": 83
				},
				"2024-08-30": {
					"avg": 196,
					"count": 6,
					"min": 80,
					"max": 525
				},
				"2024-08-31": {
					"avg": 119,
					"count": 1,
					"min": 119,
					"max": 119
				},
				"2024-09-01": {
					"avg": 307,
					"count": 2,
					"min": 88,
					"max": 525
				},
				"2024-09-02": {
					"avg": 697,
					"count": 2,
					"min": 697,
					"max": 697
				},
				"2024-09-03": {
					"avg": 423,
					"count": 3,
					"min": 97,
					"max": 628
				},
				"2024-09-04": {
					"avg": 97,
					"count": 1,
					"min": 97,
					"max": 97
				},
				"2024-09-05": {
					"avg": 533,
					"count": 1,
					"min": 533,
					"max": 533
				},
				"2024-09-07": {
					"avg": 427,
					"count": 3,
					"min": 69,
					"max": 1019
				},
				"2024-09-09": {
					"avg": 82,
					"count": 2,
					"min": 69,
					"max": 95
				},
				"2024-09-10": {
					"avg": 300,
					"count": 6,
					"min": 69,
					"max": 540
				},
				"2024-09-12": {
					"avg": 172,
					"count": 1,
					"min": 172,
					"max": 172
				},
				"2024-09-13": {
					"avg": 542,
					"count": 1,
					"min": 542,
					"max": 542
				},
				"2024-09-15": {
					"avg": 455,
					"count": 2,
					"min": 116,
					"max": 794
				},
				"2024-09-16": {
					"avg": 118,
					"count": 1,
					"min": 118,
					"max": 118
				},
				"2024-09-18": {
					"avg": 451,
					"count": 4,
					"min": 86,
					"max": 1073
				},
				"2024-09-19": {
					"avg": 545,
					"count": 1,
					"min": 545,
					"max": 545
				},
				"2024-09-20": {
					"avg": 256,
					"count": 3,
					"min": 88,
					"max": 545
				},
				"2024-09-21": {
					"avg": 603,
					"count": 1,
					"min": 603,
					"max": 603
				},
				"2024-09-22": {
					"avg": 329,
					"count": 2,
					"min": 111,
					"max": 547
				}
			},
			"avg": 292,
			"avg7": -1,
			"avg28": -1
		},
		"normal-played": {
			"history": {
				"2024-05-23": {
					"avg": 35,
					"count": 1,
					"min": 35,
					"max": 35
				},
				"2024-05-25": {
					"avg": 35,
					"count": 1,
					"min": 35,
					"max": 35
				},
				"2024-05-26": {
					"avg": 30,
					"count": 1,
					"min": 30,
					"max": 30
				},
				"2024-05-27": {
					"avg": 154,
					"count": 2,
					"min": 50,
					"max": 257
				},
				"2024-05-30": {
					"avg": 49,
					"count": 1,
					"min": 49,
					"max": 49
				},
				"2024-06-01": {
					"avg": 139,
					"count": 1,
					"min": 139,
					"max": 139
				},
				"2024-06-06": {
					"avg": 85,
					"count": 2,
					"min": 35,
					"max": 134
				},
				"2024-06-07": {
					"avg": 179,
					"count": 7,
					"min": 126,
					"max": 231
				},
				"2024-06-13": {
					"avg": 151,
					"count": 2,
					"min": 135,
					"max": 166
				},
				"2024-06-19": {
					"avg": 140,
					"count": 1,
					"min": 140,
					"max": 140
				},
				"2024-06-20": {
					"avg": 234,
					"count": 1,
					"min": 234,
					"max": 234
				},
				"2024-06-21": {
					"avg": 155,
					"count": 1,
					"min": 155,
					"max": 155
				},
				"2024-06-22": {
					"avg": 136,
					"count": 2,
					"min": 132,
					"max": 140
				},
				"2024-06-23": {
					"avg": 231,
					"count": 1,
					"min": 231,
					"max": 231
				},
				"2024-06-25": {
					"avg": 297,
					"count": 1,
					"min": 297,
					"max": 297
				},
				"2024-06-28": {
					"avg": 30,
					"count": 1,
					"min": 30,
					"max": 30
				},
				"2024-07-03": {
					"avg": 136,
					"count": 2,
					"min": 135,
					"max": 137
				},
				"2024-07-04": {
					"avg": 94,
					"count": 3,
					"min": 46,
					"max": 137
				},
				"2024-07-05": {
					"avg": 36,
					"count": 1,
					"min": 36,
					"max": 36
				},
				"2024-07-06": {
					"avg": 132,
					"count": 1,
					"min": 132,
					"max": 132
				},
				"2024-07-07": {
					"avg": 35,
					"count": 1,
					"min": 35,
					"max": 35
				},
				"2024-07-09": {
					"avg": 148,
					"count": 2,
					"min": 140,
					"max": 156
				},
				"2024-07-12": {
					"avg": 27,
					"count": 14,
					"min": 23,
					"max": 33
				},
				"2024-07-13": {
					"avg": 935,
					"count": 1,
					"min": 935,
					"max": 935
				},
				"2024-07-14": {
					"avg": 239,
					"count": 1,
					"min": 239,
					"max": 239
				},
				"2024-07-16": {
					"avg": 145,
					"count": 1,
					"min": 145,
					"max": 145
				},
				"2024-07-19": {
					"avg": 38,
					"count": 1,
					"min": 38,
					"max": 38
				},
				"2024-07-20": {
					"avg": 102,
					"count": 3,
					"min": 29,
					"max": 153
				},
				"2024-07-22": {
					"avg": 180,
					"count": 3,
					"min": 141,
					"max": 254
				},
				"2024-07-23": {
					"avg": 26,
					"count": 3,
					"min": 26,
					"max": 26
				},
				"2024-07-24": {
					"avg": 60,
					"count": 1,
					"min": 60,
					"max": 60
				},
				"2024-07-25": {
					"avg": 87,
					"count": 2,
					"min": 25,
					"max": 148
				},
				"2024-07-26": {
					"avg": 99,
					"count": 4,
					"min": 49,
					"max": 149
				},
				"2024-07-31": {
					"avg": 58,
					"count": 1,
					"min": 58,
					"max": 58
				},
				"2024-08-01": {
					"avg": 259,
					"count": 1,
					"min": 259,
					"max": 259
				},
				"2024-08-03": {
					"avg": 112,
					"count": 3,
					"min": 38,
					"max": 261
				},
				"2024-08-04": {
					"avg": 124,
					"count": 1,
					"min": 124,
					"max": 124
				},
				"2024-08-05": {
					"avg": 49,
					"count": 1,
					"min": 49,
					"max": 49
				},
				"2024-08-10": {
					"avg": 35,
					"count": 1,
					"min": 35,
					"max": 35
				},
				"2024-08-11": {
					"avg": 492,
					"count": 2,
					"min": 123,
					"max": 861
				},
				"2024-08-13": {
					"avg": 262,
					"count": 1,
					"min": 262,
					"max": 262
				},
				"2024-08-14": {
					"avg": 301,
					"count": 2,
					"min": 147,
					"max": 455
				},
				"2024-08-16": {
					"avg": 119,
					"count": 1,
					"min": 119,
					"max": 119
				},
				"2024-08-17": {
					"avg": 124,
					"count": 1,
					"min": 124,
					"max": 124
				},
				"2024-08-20": {
					"avg": 64,
					"count": 3,
					"min": 34,
					"max": 123
				},
				"2024-08-21": {
					"avg": 125,
					"count": 1,
					"min": 125,
					"max": 125
				},
				"2024-08-23": {
					"avg": 111,
					"count": 4,
					"min": 30,
					"max": 239
				},
				"2024-08-24": {
					"avg": 154,
					"count": 4,
					"min": 154,
					"max": 154
				},
				"2024-08-26": {
					"avg": 30,
					"count": 1,
					"min": 30,
					"max": 30
				},
				"2024-08-27": {
					"avg": 339,
					"count": 1,
					"min": 339,
					"max": 339
				},
				"2024-08-29": {
					"avg": 162,
					"count": 1,
					"min": 162,
					"max": 162
				},
				"2024-08-30": {
					"avg": 424,
					"count": 1,
					"min": 424,
					"max": 424
				},
				"2024-08-31": {
					"avg": 172,
					"count": 12,
					"min": 31,
					"max": 299
				},
				"2024-09-01": {
					"avg": 47,
					"count": 11,
					"min": 35,
					"max": 49
				},
				"2024-09-02": {
					"avg": 167,
					"count": 2,
					"min": 22,
					"max": 311
				},
				"2024-09-03": {
					"avg": 147,
					"count": 2,
					"min": 137,
					"max": 157
				},
				"2024-09-04": {
					"avg": 38,
					"count": 1,
					"min": 38,
					"max": 38
				},
				"2024-09-05": {
					"avg": 23,
					"count": 1,
					"min": 23,
					"max": 23
				},
				"2024-09-06": {
					"avg": 154,
					"count": 2,
					"min": 147,
					"max": 161
				},
				"2024-09-07": {
					"avg": 31,
					"count": 2,
					"min": 28,
					"max": 34
				},
				"2024-09-08": {
					"avg": 31,
					"count": 6,
					"min": 29,
					"max": 31
				},
				"2024-09-09": {
					"avg": 158,
					"count": 2,
					"min": 158,
					"max": 158
				},
				"2024-09-11": {
					"avg": 29,
					"count": 1,
					"min": 29,
					"max": 29
				},
				"2024-09-15": {
					"avg": 27,
					"count": 1,
					"min": 27,
					"max": 27
				},
				"2024-09-16": {
					"avg": 49,
					"count": 14,
					"min": 49,
					"max": 49
				},
				"2024-09-19": {
					"avg": 37,
					"count": 3,
					"min": 29,
					"max": 40
				},
				"2024-09-23": {
					"avg": 35,
					"count": 1,
					"min": 35,
					"max": 35
				}
			},
			"avg": 113,
			"avg7": -1,
			"avg28": -1
		},
		"normal-poor": {
			"history": {
				"2024-06-10": {
					"avg": 35,
					"count": 1,
					"min": 35,
					"max": 35
				},
				"2024-06-25": {
					"avg": 147,
					"count": 1,
					"min": 147,
					"max": 147
				},
				"2024-06-27": {
					"avg": 141,
					"count": 1,
					"min": 141,
					"max": 141
				},
				"2024-06-30": {
					"avg": 19,
					"count": 1,
					"min": 19,
					"max": 19
				},
				"2024-07-06": {
					"avg": 217,
					"count": 1,
					"min": 217,
					"max": 217
				},
				"2024-07-10": {
					"avg": 26,
					"count": 1,
					"min": 26,
					"max": 26
				},
				"2024-07-12": {
					"avg": 184,
					"count": 1,
					"min": 184,
					"max": 184
				},
				"2024-07-14": {
					"avg": 19,
					"count": 1,
					"min": 19,
					"max": 19
				},
				"2024-07-15": {
					"avg": 65,
					"count": 3,
					"min": 26,
					"max": 141
				},
				"2024-07-20": {
					"avg": 14,
					"count": 1,
					"min": 14,
					"max": 14
				},
				"2024-07-23": {
					"avg": 163,
					"count": 7,
					"min": 25,
					"max": 214
				},
				"2024-07-26": {
					"avg": 88,
					"count": 1,
					"min": 88,
					"max": 88
				},
				"2024-08-04": {
					"avg": 29,
					"count": 1,
					"min": 29,
					"max": 29
				},
				"2024-08-07": {
					"avg": 150,
					"count": 1,
					"min": 150,
					"max": 150
				},
				"2024-08-11": {
					"avg": 25,
					"count": 1,
					"min": 25,
					"max": 25
				},
				"2024-08-12": {
					"avg": 31,
					"count": 2,
					"min": 23,
					"max": 39
				},
				"2024-08-16": {
					"avg": 103,
					"count": 7,
					"min": 39,
					"max": 114
				},
				"2024-08-18": {
					"avg": 35,
					"count": 1,
					"min": 35,
					"max": 35
				},
				"2024-08-23": {
					"avg": 152,
					"count": 1,
					"min": 152,
					"max": 152
				},
				"2024-08-25": {
					"avg": 35,
					"count": 1,
					"min": 35,
					"max": 35
				},
				"2024-08-31": {
					"avg": 199,
					"count": 2,
					"min": 199,
					"max": 199
				},
				"2024-09-04": {
					"avg": 150,
					"count": 1,
					"min": 150,
					"max": 150
				},
				"2024-09-08": {
					"avg": 25,
					"count": 4,
					"min": 25,
					"max": 25
				},
				"2024-09-14": {
					"avg": 14,
					"count": 1,
					"min": 14,
					"max": 14
				},
				"2024-09-18": {
					"avg": 40,
					"count": 2,
					"min": 15,
					"max": 64
				},
				"2024-09-20": {
					"avg": 210,
					"count": 1,
					"min": 210,
					"max": 210
				}
			},
			"avg": 95,
			"avg7": -1,
			"avg28": -1
		}
	}
}