{
	"data": {
		"normal-good": {
			"history": {
				"2022-11-13": {
					"avg": 91,
					"count": 7
				},
				"2022-11-14": {
					"avg": 174,
					"count": 8
				},
				"2022-11-15": {
					"avg": 135,
					"count": 4
				},
				"2022-11-16": {
					"avg": 132,
					"count": 4
				},
				"2022-11-17": {
					"avg": 207,
					"count": 2
				},
				"2022-11-18": {
					"avg": 25,
					"count": 2
				},
				"2022-11-19": {
					"avg": 496,
					"count": 1,
					"min": 496,
					"max": 496
				},
				"2022-11-22": {
					"avg": 458,
					"count": 2,
					"min": 458,
					"max": 458
				},
				"2022-11-23": {
					"avg": 27,
					"count": 1,
					"min": 27,
					"max": 27
				},
				"2022-11-24": {
					"avg": 111,
					"count": 1,
					"min": 111,
					"max": 111
				},
				"2022-11-25": {
					"avg": 71,
					"count": 18,
					"min": 24,
					"max": 173
				},
				"2022-11-27": {
					"avg": 27,
					"count": 1,
					"min": 27,
					"max": 27
				},
				"2022-11-28": {
					"avg": 95,
					"count": 3,
					"min": 29,
					"max": 173
				},
				"2022-11-29": {
					"avg": 46,
					"count": 8,
					"min": 21,
					"max": 134
				},
				"2022-11-30": {
					"avg": 27,
					"count": 1,
					"min": 27,
					"max": 27
				},
				"2022-12-01": {
					"avg": 70,
					"count": 4,
					"min": 35,
					"max": 172
				},
				"2022-12-02": {
					"avg": 114,
					"count": 3,
					"min": 35,
					"max": 272
				},
				"2022-12-03": {
					"avg": 240,
					"count": 3,
					"min": 35,
					"max": 649
				},
				"2022-12-04": {
					"avg": 321,
					"count": 3,
					"min": 35,
					"max": 894
				},
				"2022-12-05": {
					"avg": 36,
					"count": 17,
					"min": 20,
					"max": 234
				},
				"2022-12-06": {
					"avg": 262,
					"count": 4,
					"min": 33,
					"max": 868
				},
				"2022-12-07": {
					"avg": 103,
					"count": 10,
					"min": 34,
					"max": 483
				},
				"2022-12-09": {
					"avg": 133,
					"count": 2,
					"min": 35,
					"max": 230
				},
				"2022-12-10": {
					"avg": 96,
					"count": 2,
					"min": 69,
					"max": 123
				},
				"2022-12-11": {
					"avg": 299,
					"count": 1,
					"min": 299,
					"max": 299
				},
				"2022-12-12": {
					"avg": 178,
					"count": 2,
					"min": 57,
					"max": 299
				},
				"2022-12-13": {
					"avg": 361,
					"count": 2,
					"min": 300,
					"max": 421
				},
				"2022-12-15": {
					"avg": 259,
					"count": 4,
					"min": 44,
					"max": 558
				},
				"2022-12-16": {
					"avg": 109,
					"count": 19,
					"min": 34,
					"max": 432
				},
				"2022-12-17": {
					"avg": 94,
					"count": 5,
					"min": 25,
					"max": 181
				},
				"2022-12-18": {
					"avg": 152,
					"count": 3,
					"min": 44,
					"max": 368
				},
				"2022-12-20": {
					"avg": 104,
					"count": 4,
					"min": 77,
					"max": 114
				},
				"2022-12-21": {
					"avg": 107,
					"count": 6,
					"min": 50,
					"max": 138
				},
				"2022-12-23": {
					"avg": 90,
					"count": 7,
					"min": 20,
					"max": 136
				},
				"2022-12-24": {
					"avg": 61,
					"count": 1,
					"min": 61,
					"max": 61
				},
				"2022-12-26": {
					"avg": 135,
					"count": 3,
					"min": 102,
					"max": 152
				},
				"2022-12-28": {
					"avg": 43,
					"count": 2,
					"min": 23,
					"max": 62
				},
				"2022-12-29": {
					"avg": 84,
					"count": 23,
					"min": 49,
					"max": 87
				},
				"2022-12-30": {
					"avg": 124,
					"count": 3,
					"min": 49,
					"max": 254
				},
				"2022-12-31": {
					"avg": 325,
					"count": 5,
					"min": 104,
					"max": 465
				},
				"2023-01-01": {
					"avg": 320,
					"count": 7,
					"min": 29,
					"max": 1625
				},
				"2023-01-02": {
					"avg": 124,
					"count": 4,
					"min": 124,
					"max": 124
				},
				"2023-01-03": {
					"avg": 36,
					"count": 16,
					"min": 29,
					"max": 129
				},
				"2023-01-04": {
					"avg": 49,
					"count": 1,
					"min": 49,
					"max": 49
				},
				"2023-01-05": {
					"avg": 122,
					"count": 7,
					"min": 25,
					"max": 167
				},
				"2023-01-06": {
					"avg": 58,
					"count": 3,
					"min": 25,
					"max": 99
				},
				"2023-01-07": {
					"avg": 72,
					"count": 1,
					"min": 72,
					"max": 72
				},
				"2023-01-08": {
					"avg": 208,
					"count": 3,
					"min": 167,
					"max": 268
				},
				"2023-01-09": {
					"avg": 75,
					"count": 4,
					"min": 25,
					"max": 124
				},
				"2023-01-10": {
					"avg": 174,
					"count": 4,
					"min": 49,
					"max": 299
				},
				"2023-01-11": {
					"avg": 98,
					"count": 11,
					"min": 49,
					"max": 268
				},
				"2023-01-12": {
					"avg": 64,
					"count": 4,
					"min": 25,
					"max": 101
				},
				"2023-02-06": {
					"avg": 137,
					"count": 3,
					"min": 79,
					"max": 218
				},
				"2023-02-07": {
					"avg": 168,
					"count": 5,
					"min": 145,
					"max": 250
				},
				"2023-02-08": {
					"avg": 250,
					"count": 4,
					"min": 250,
					"max": 250
				},
				"2023-02-09": {
					"avg": 73,
					"count": 2,
					"min": 25,
					"max": 120
				},
				"2023-02-10": {
					"avg": 36,
					"count": 3,
					"min": 25,
					"max": 57
				},
				"2023-02-11": {
					"avg": 104,
					"count": 5,
					"min": 44,
					"max": 149
				},
				"2023-02-12": {
					"avg": 103,
					"count": 9,
					"min": 49,
					"max": 250
				},
				"2023-02-13": {
					"avg": 110,
					"count": 13,
					"min": 25,
					"max": 117
				},
				"2023-02-14": {
					"avg": 178,
					"count": 4,
					"min": 154,
					"max": 250
				},
				"2023-02-15": {
					"avg": 112,
					"count": 2,
					"min": 25,
					"max": 198
				},
				"2023-02-17": {
					"avg": 149,
					"count": 1,
					"min": 149,
					"max": 149
				},
				"2023-02-18": {
					"avg": 145,
					"count": 5,
					"min": 50,
					"max": 399
				},
				"2023-02-19": {
					"avg": 148,
					"count": 6,
					"min": 42,
					"max": 374
				},
				"2023-02-20": {
					"avg": 102,
					"count": 7,
					"min": 50,
					"max": 128
				},
				"2023-02-21": {
					"avg": 76,
					"count": 2,
					"min": 52,
					"max": 100
				},
				"2023-02-22": {
					"avg": 43,
					"count": 2,
					"min": 25,
					"max": 60
				},
				"2023-02-23": {
					"avg": 187,
					"count": 4,
					"min": 52,
					"max": 299
				},
				"2023-02-24": {
					"avg": 128,
					"count": 3,
					"min": 124,
					"max": 137
				},
				"2023-02-25": {
					"avg": 102,
					"count": 2,
					"min": 79,
					"max": 124
				},
				"2023-02-26": {
					"avg": 177,
					"count": 3,
					"min": 64,
					"max": 338
				},
				"2023-02-27": {
					"avg": 75,
					"count": 7,
					"min": 29,
					"max": 159
				},
				"2023-02-28": {
					"avg": 54,
					"count": 3,
					"min": 33,
					"max": 79
				},
				"2023-03-01": {
					"avg": 127,
					"count": 3,
					"min": 53,
					"max": 200
				},
				"2023-03-02": {
					"avg": 62,
					"count": 2,
					"min": 35,
					"max": 88
				},
				"2023-03-03": {
					"avg": 290,
					"count": 3,
					"min": 286,
					"max": 299
				},
				"2023-03-04": {
					"avg": 79,
					"count": 5,
					"min": 30,
					"max": 139
				},
				"2023-03-05": {
					"avg": 150,
					"count": 2,
					"min": 60,
					"max": 239
				},
				"2023-03-06": {
					"avg": 223,
					"count": 2,
					"min": 49,
					"max": 397
				},
				"2023-03-07": {
					"avg": 217,
					"count": 4,
					"min": 60,
					"max": 299
				},
				"2023-03-09": {
					"avg": 77,
					"count": 5,
					"min": 33,
					"max": 144
				},
				"2023-03-10": {
					"avg": 62,
					"count": 6,
					"min": 46,
					"max": 100
				},
				"2023-03-11": {
					"avg": 126,
					"count": 4,
					"min": 86,
					"max": 186
				},
				"2023-03-12": {
					"avg": 158,
					"count": 3,
					"min": 45,
					"max": 299
				},
				"2023-03-13": {
					"avg": 248,
					"count": 2,
					"min": 47,
					"max": 449
				},
				"2023-03-14": {
					"avg": 74,
					"count": 2,
					"min": 47,
					"max": 100
				},
				"2023-03-15": {
					"avg": 48,
					"count": 1,
					"min": 48,
					"max": 48
				},
				"2023-03-16": {
					"avg": 216,
					"count": 2,
					"min": 216,
					"max": 216
				},
				"2023-03-17": {
					"avg": 124,
					"count": 1,
					"min": 124,
					"max": 124
				},
				"2023-03-18": {
					"avg": 140,
					"count": 2,
					"min": 131,
					"max": 148
				},
				"2023-03-19": {
					"avg": 179,
					"count": 3,
					"min": 32,
					"max": 339
				},
				"2023-03-21": {
					"avg": 89,
					"count": 1,
					"min": 89,
					"max": 89
				},
				"2023-03-22": {
					"avg": 254,
					"count": 1,
					"min": 254,
					"max": 254
				},
				"2023-03-23": {
					"avg": 30,
					"count": 1,
					"min": 30,
					"max": 30
				},
				"2023-03-24": {
					"avg": 102,
					"count": 3,
					"min": 84,
					"max": 124
				},
				"2023-03-25": {
					"avg": 185,
					"count": 31,
					"min": 77,
					"max": 269
				},
				"2023-03-27": {
					"avg": 90,
					"count": 3,
					"min": 40,
					"max": 131
				},
				"2023-03-28": {
					"avg": 226,
					"count": 3,
					"min": 125,
					"max": 424
				},
				"2023-03-29": {
					"avg": 147,
					"count": 2,
					"min": 44,
					"max": 250
				},
				"2023-03-31": {
					"avg": 129,
					"count": 9,
					"min": 92,
					"max": 134
				},
				"2023-04-01": {
					"avg": 153,
					"count": 8,
					"min": 45,
					"max": 424
				},
				"2023-04-02": {
					"avg": 42,
					"count": 3,
					"min": 42,
					"max": 42
				},
				"2023-04-03": {
					"avg": 132,
					"count": 2,
					"min": 125,
					"max": 139
				},
				"2023-04-04": {
					"avg": 682,
					"count": 2,
					"min": 200,
					"max": 1164
				},
				"2023-04-05": {
					"avg": 52,
					"count": 3,
					"min": 40,
					"max": 58
				},
				"2023-04-06": {
					"avg": 81,
					"count": 14,
					"min": 40,
					"max": 434
				},
				"2023-04-07": {
					"avg": 78,
					"count": 4,
					"min": 39,
					"max": 117
				},
				"2023-04-08": {
					"avg": 265,
					"count": 2,
					"min": 15,
					"max": 514
				},
				"2023-04-09": {
					"avg": 68,
					"count": 6,
					"min": 40,
					"max": 130
				},
				"2023-04-10": {
					"avg": 230,
					"count": 2,
					"min": 119,
					"max": 342
				},
				"2023-04-11": {
					"avg": 85,
					"count": 2,
					"min": 40,
					"max": 129
				},
				"2023-04-12": {
					"avg": 177,
					"count": 4,
					"min": 60,
					"max": 274
				},
				"2023-04-13": {
					"avg": 58,
					"count": 1,
					"min": 58,
					"max": 58
				},
				"2023-04-14": {
					"avg": 58,
					"count": 1,
					"min": 58,
					"max": 58
				},
				"2023-04-15": {
					"avg": 88,
					"count": 2,
					"min": 76,
					"max": 99
				},
				"2023-04-16": {
					"avg": 95,
					"count": 2,
					"min": 65,
					"max": 125
				},
				"2023-04-18": {
					"avg": 84,
					"count": 2,
					"min": 24,
					"max": 144
				},
				"2023-04-19": {
					"avg": 61,
					"count": 2,
					"min": 45,
					"max": 77
				},
				"2023-04-20": {
					"avg": 112,
					"count": 2,
					"min": 98,
					"max": 125
				},
				"2023-04-21": {
					"avg": 24,
					"count": 17,
					"min": 20,
					"max": 66
				},
				"2023-04-22": {
					"avg": 129,
					"count": 8,
					"min": 35,
					"max": 468
				},
				"2023-04-23": {
					"avg": 79,
					"count": 3,
					"min": 60,
					"max": 99
				},
				"2023-04-25": {
					"avg": 73,
					"count": 2,
					"min": 69,
					"max": 77
				},
				"2023-04-27": {
					"avg": 40,
					"count": 1,
					"min": 40,
					"max": 40
				},
				"2023-04-28": {
					"avg": 73,
					"count": 7,
					"min": 33,
					"max": 200
				},
				"2023-04-29": {
					"avg": 268,
					"count": 2,
					"min": 144,
					"max": 392
				},
				"2023-04-30": {
					"avg": 234,
					"count": 1,
					"min": 234,
					"max": 234
				},
				"2023-05-01": {
					"avg": 119,
					"count": 1,
					"min": 119,
					"max": 119
				},
				"2023-05-02": {
					"avg": 237,
					"count": 2,
					"min": 49,
					"max": 424
				},
				"2023-05-03": {
					"avg": 90,
					"count": 4,
					"min": 70,
					"max": 148
				},
				"2023-05-04": {
					"avg": 69,
					"count": 14,
					"min": 58,
					"max": 70
				},
				"2023-05-05": {
					"avg": 131,
					"count": 3,
					"min": 75,
					"max": 198
				},
				"2023-05-06": {
					"avg": 181,
					"count": 4,
					"min": 44,
					"max": 488
				},
				"2023-05-07": {
					"avg": 105,
					"count": 21,
					"min": 75,
					"max": 375
				},
				"2023-05-10": {
					"avg": 97,
					"count": 1,
					"min": 97,
					"max": 97
				},
				"2023-05-11": {
					"avg": 108,
					"count": 1,
					"min": 108,
					"max": 108
				},
				"2023-05-12": {
					"avg": 199,
					"count": 3,
					"min": 199,
					"max": 199
				},
				"2023-05-13": {
					"avg": 35,
					"count": 2,
					"min": 35,
					"max": 35
				},
				"2023-05-14": {
					"avg": 89,
					"count": 11,
					"min": 89,
					"max": 89
				},
				"2023-05-15": {
					"avg": 48,
					"count": 1,
					"min": 48,
					"max": 48
				},
				"2023-05-16": {
					"avg": 250,
					"count": 1,
					"min": 250,
					"max": 250
				},
				"2023-05-17": {
					"avg": 290,
					"count": 4,
					"min": 79,
					"max": 478
				},
				"2023-05-18": {
					"avg": 183,
					"count": 1,
					"min": 183,
					"max": 183
				},
				"2023-05-19": {
					"avg": 133,
					"count": 5,
					"min": 41,
					"max": 171
				},
				"2023-05-20": {
					"avg": 255,
					"count": 3,
					"min": 76,
					"max": 612
				},
				"2023-05-22": {
					"avg": 76,
					"count": 2,
					"min": 76,
					"max": 76
				},
				"2023-05-23": {
					"avg": 283,
					"count": 2,
					"min": 25,
					"max": 540
				},
				"2023-05-24": {
					"avg": 86,
					"count": 12,
					"min": 33,
					"max": 149
				},
				"2023-05-25": {
					"avg": 181,
					"count": 9,
					"min": 44,
					"max": 649
				},
				"2023-05-26": {
					"avg": 356,
					"count": 4,
					"min": 199,
					"max": 825
				},
				"2023-05-27": {
					"avg": 115,
					"count": 15,
					"min": 44,
					"max": 250
				},
				"2023-05-28": {
					"avg": 269,
					"count": 2,
					"min": 113,
					"max": 424
				},
				"2023-05-29": {
					"avg": 34,
					"count": 4,
					"min": 26,
					"max": 36
				},
				"2023-05-30": {
					"avg": 158,
					"count": 3,
					"min": 98,
					"max": 250
				},
				"2023-05-31": {
					"avg": 99,
					"count": 3,
					"min": 49,
					"max": 125
				},
				"2023-06-01": {
					"avg": 102,
					"count": 11,
					"min": 44,
					"max": 210
				},
				"2023-06-02": {
					"avg": 88,
					"count": 17,
					"min": 40,
					"max": 147
				},
				"2023-06-04": {
					"avg": 192,
					"count": 3,
					"min": 77,
					"max": 250
				},
				"2023-06-05": {
					"avg": 135,
					"count": 5,
					"min": 94,
					"max": 151
				},
				"2023-06-06": {
					"avg": 132,
					"count": 3,
					"min": 44,
					"max": 268
				},
				"2023-06-07": {
					"avg": 182,
					"count": 1,
					"min": 182,
					"max": 182
				},
				"2023-06-08": {
					"avg": 112,
					"count": 1,
					"min": 112,
					"max": 112
				},
				"2023-06-09": {
					"avg": 38,
					"count": 3,
					"min": 25,
					"max": 49
				},
				"2023-06-10": {
					"avg": 252,
					"count": 1,
					"min": 252,
					"max": 252
				},
				"2023-06-11": {
					"avg": 46,
					"count": 1,
					"min": 46,
					"max": 46
				},
				"2023-06-12": {
					"avg": 93,
					"count": 2,
					"min": 40,
					"max": 145
				},
				"2023-06-13": {
					"avg": 105,
					"count": 1,
					"min": 105,
					"max": 105
				},
				"2023-06-14": {
					"avg": 173,
					"count": 4,
					"min": 44,
					"max": 474
				},
				"2023-06-15": {
					"avg": 199,
					"count": 5,
					"min": 75,
					"max": 347
				},
				"2023-06-16": {
					"avg": 59,
					"count": 2,
					"min": 46,
					"max": 72
				},
				"2023-06-17": {
					"avg": 23,
					"count": 2,
					"min": 23,
					"max": 23
				},
				"2023-06-18": {
					"avg": 136,
					"count": 5,
					"min": 44,
					"max": 268
				},
				"2023-06-20": {
					"avg": 123,
					"count": 4,
					"min": 40,
					"max": 264
				},
				"2023-06-21": {
					"avg": 100,
					"count": 1,
					"min": 100,
					"max": 100
				},
				"2023-06-22": {
					"avg": 131,
					"count": 9,
					"min": 26,
					"max": 474
				},
				"2023-06-23": {
					"avg": 152,
					"count": 10,
					"min": 32,
					"max": 470
				},
				"2023-06-24": {
					"avg": 79,
					"count": 4,
					"min": 40,
					"max": 128
				},
				"2023-06-25": {
					"avg": 108,
					"count": 3,
					"min": 46,
					"max": 153
				},
				"2023-06-26": {
					"avg": 99,
					"count": 5,
					"min": 34,
					"max": 230
				},
				"2023-06-27": {
					"avg": 309,
					"count": 2,
					"min": 268,
					"max": 349
				},
				"2023-06-28": {
					"avg": 100,
					"count": 1,
					"min": 100,
					"max": 100
				},
				"2023-06-29": {
					"avg": 82,
					"count": 6,
					"min": 46,
					"max": 139
				},
				"2023-06-30": {
					"avg": 108,
					"count": 7,
					"min": 75,
					"max": 250
				},
				"2023-07-01": {
					"avg": 45,
					"count": 2,
					"min": 44,
					"max": 46
				},
				"2023-07-02": {
					"avg": 76,
					"count": 2,
					"min": 51,
					"max": 100
				},
				"2023-07-03": {
					"avg": 107,
					"count": 2,
					"min": 34,
					"max": 180
				},
				"2023-07-04": {
					"avg": 70,
					"count": 5,
					"min": 43,
					"max": 120
				},
				"2023-07-05": {
					"avg": 81,
					"count": 4,
					"min": 33,
					"max": 126
				},
				"2023-07-06": {
					"avg": 619,
					"count": 2,
					"min": 190,
					"max": 1048
				},
				"2023-07-07": {
					"avg": 150,
					"count": 1,
					"min": 150,
					"max": 150
				},
				"2023-07-08": {
					"avg": 41,
					"count": 4,
					"min": 25,
					"max": 79
				},
				"2023-07-10": {
					"avg": 464,
					"count": 5,
					"min": 41,
					"max": 1865
				},
				"2023-07-11": {
					"avg": 129,
					"count": 2,
					"min": 100,
					"max": 158
				},
				"2023-07-12": {
					"avg": 111,
					"count": 2,
					"min": 42,
					"max": 180
				},
				"2023-07-13": {
					"avg": 42,
					"count": 1,
					"min": 42,
					"max": 42
				},
				"2023-07-14": {
					"avg": 282,
					"count": 3,
					"min": 85,
					"max": 660
				},
				"2023-07-15": {
					"avg": 271,
					"count": 3,
					"min": 40,
					"max": 698
				},
				"2023-07-16": {
					"avg": 242,
					"count": 6,
					"min": 40,
					"max": 524
				},
				"2023-07-17": {
					"avg": 81,
					"count": 2,
					"min": 57,
					"max": 105
				},
				"2023-07-18": {
					"avg": 49,
					"count": 17,
					"min": 39,
					"max": 154
				},
				"2023-07-19": {
					"avg": 35,
					"count": 3,
					"min": 29,
					"max": 40
				},
				"2023-07-20": {
					"avg": 157,
					"count": 1,
					"min": 157,
					"max": 157
				},
				"2023-07-21": {
					"avg": 154,
					"count": 3,
					"min": 122,
					"max": 183
				},
				"2023-07-22": {
					"avg": 44,
					"count": 5,
					"min": 34,
					"max": 85
				},
				"2023-07-23": {
					"avg": 33,
					"count": 3,
					"min": 29,
					"max": 40
				},
				"2023-07-24": {
					"avg": 73,
					"count": 3,
					"min": 39,
					"max": 100
				},
				"2023-07-25": {
					"avg": 94,
					"count": 16,
					"min": 22,
					"max": 214
				},
				"2023-07-26": {
					"avg": 58,
					"count": 17,
					"min": 30,
					"max": 123
				},
				"2023-07-27": {
					"avg": 111,
					"count": 3,
					"min": 85,
					"max": 155
				},
				"2023-07-28": {
					"avg": 326,
					"count": 5,
					"min": 129,
					"max": 698
				},
				"2023-07-29": {
					"avg": 181,
					"count": 4,
					"min": 95,
					"max": 328
				},
				"2023-07-30": {
					"avg": 369,
					"count": 3,
					"min": 107,
					"max": 774
				},
				"2023-07-31": {
					"avg": 225,
					"count": 6,
					"min": 34,
					"max": 834
				},
				"2023-08-01": {
					"avg": 215,
					"count": 6,
					"min": 90,
					"max": 834
				},
				"2023-08-02": {
					"avg": 74,
					"count": 5,
					"min": 34,
					"max": 178
				},
				"2023-08-03": {
					"avg": 64,
					"count": 3,
					"min": 40,
					"max": 95
				},
				"2023-08-04": {
					"avg": 97,
					"count": 8,
					"min": 36,
					"max": 158
				},
				"2023-08-05": {
					"avg": 136,
					"count": 3,
					"min": 86,
					"max": 197
				},
				"2023-08-06": {
					"avg": 194,
					"count": 1,
					"min": 194,
					"max": 194
				},
				"2023-08-07": {
					"avg": 92,
					"count": 3,
					"min": 79,
					"max": 111
				},
				"2023-08-08": {
					"avg": 139,
					"count": 5,
					"min": 95,
					"max": 223
				},
				"2023-08-09": {
					"avg": 210,
					"count": 9,
					"min": 37,
					"max": 549
				},
				"2023-08-10": {
					"avg": 66,
					"count": 4,
					"min": 40,
					"max": 75
				},
				"2023-08-11": {
					"avg": 280,
					"count": 4,
					"min": 94,
					"max": 449
				},
				"2023-08-12": {
					"avg": 156,
					"count": 2,
					"min": 62,
					"max": 250
				},
				"2023-08-13": {
					"avg": 113,
					"count": 1,
					"min": 113,
					"max": 113
				},
				"2023-08-14": {
					"avg": 81,
					"count": 6,
					"min": 26,
					"max": 117
				},
				"2023-08-15": {
					"avg": 79,
					"count": 8,
					"min": 77,
					"max": 79
				},
				"2023-08-16": {
					"avg": 140,
					"count": 5,
					"min": 25,
					"max": 338
				},
				"2023-08-17": {
					"avg": 156,
					"count": 6,
					"min": 36,
					"max": 543
				},
				"2023-08-18": {
					"avg": 254,
					"count": 4,
					"min": 38,
					"max": 424
				},
				"2023-08-19": {
					"avg": 57,
					"count": 3,
					"min": 43,
					"max": 80
				},
				"2023-08-20": {
					"avg": 173,
					"count": 4,
					"min": 26,
					"max": 250
				},
				"2023-08-23": {
					"avg": 548,
					"count": 5,
					"min": 80,
					"max": 2103
				},
				"2023-08-24": {
					"avg": 99,
					"count": 5,
					"min": 25,
					"max": 179
				},
				"2023-08-25": {
					"avg": 148,
					"count": 14,
					"min": 23,
					"max": 625
				},
				"2023-08-26": {
					"avg": 97,
					"count": 4,
					"min": 26,
					"max": 136
				},
				"2023-08-27": {
					"avg": 24,
					"count": 2,
					"min": 20,
					"max": 27
				},
				"2023-08-28": {
					"avg": 108,
					"count": 7,
					"min": 26,
					"max": 250
				},
				"2023-08-29": {
					"avg": 85,
					"count": 4,
					"min": 49,
					"max": 143
				},
				"2023-08-30": {
					"avg": 46,
					"count": 7,
					"min": 21,
					"max": 50
				},
				"2023-08-31": {
					"avg": 924,
					"count": 2,
					"min": 57,
					"max": 1790
				},
				"2023-09-01": {
					"avg": 298,
					"count": 1,
					"min": 298,
					"max": 298
				},
				"2023-09-02": {
					"avg": 110,
					"count": 19,
					"min": 37,
					"max": 298
				},
				"2023-09-03": {
					"avg": 173,
					"count": 2,
					"min": 95,
					"max": 250
				},
				"2023-09-04": {
					"avg": 75,
					"count": 10,
					"min": 25,
					"max": 244
				},
				"2023-09-05": {
					"avg": 250,
					"count": 1,
					"min": 250,
					"max": 250
				},
				"2023-09-06": {
					"avg": 102,
					"count": 2,
					"min": 100,
					"max": 103
				},
				"2023-09-07": {
					"avg": 98,
					"count": 1,
					"min": 98,
					"max": 98
				},
				"2023-09-08": {
					"avg": 187,
					"count": 3,
					"min": 100,
					"max": 297
				},
				"2023-09-09": {
					"avg": 94,
					"count": 1,
					"min": 94,
					"max": 94
				},
				"2023-09-10": {
					"avg": 291,
					"count": 4,
					"min": 29,
					"max": 1074
				},
				"2023-09-11": {
					"avg": 53,
					"count": 8,
					"min": 32,
					"max": 123
				},
				"2023-09-12": {
					"avg": 139,
					"count": 3,
					"min": 42,
					"max": 255
				},
				"2023-09-13": {
					"avg": 190,
					"count": 2,
					"min": 113,
					"max": 267
				},
				"2023-09-14": {
					"avg": 153,
					"count": 5,
					"min": 30,
					"max": 318
				},
				"2023-09-15": {
					"avg": 120,
					"count": 4,
					"min": 78,
					"max": 148
				},
				"2023-09-16": {
					"avg": 139,
					"count": 1,
					"min": 139,
					"max": 139
				},
				"2023-09-17": {
					"avg": 284,
					"count": 6,
					"min": 25,
					"max": 527
				},
				"2023-09-18": {
					"avg": 29,
					"count": 1,
					"min": 29,
					"max": 29
				},
				"2023-09-19": {
					"avg": 244,
					"count": 8,
					"min": 198,
					"max": 250
				},
				"2023-09-20": {
					"avg": 169,
					"count": 2,
					"min": 41,
					"max": 298
				},
				"2023-09-21": {
					"avg": 38,
					"count": 1,
					"min": 38,
					"max": 38
				},
				"2023-09-22": {
					"avg": 189,
					"count": 2,
					"min": 127,
					"max": 250
				},
				"2023-09-23": {
					"avg": 41,
					"count": 4,
					"min": 41,
					"max": 41
				},
				"2023-09-24": {
					"avg": 121,
					"count": 5,
					"min": 34,
					"max": 408
				},
				"2023-09-25": {
					"avg": 60,
					"count": 7,
					"min": 25,
					"max": 104
				},
				"2023-09-26": {
					"avg": 112,
					"count": 5,
					"min": 38,
					"max": 134
				},
				"2023-09-27": {
					"avg": 34,
					"count": 1,
					"min": 34,
					"max": 34
				},
				"2023-09-28": {
					"avg": 80,
					"count": 5,
					"min": 30,
					"max": 179
				},
				"2023-09-30": {
					"avg": 277,
					"count": 8,
					"min": 26,
					"max": 1538
				},
				"2023-10-01": {
					"avg": 141,
					"count": 1,
					"min": 141,
					"max": 141
				},
				"2023-10-02": {
					"avg": 156,
					"count": 7,
					"min": 38,
					"max": 197
				},
				"2023-10-03": {
					"avg": 1687,
					"count": 5,
					"min": 197,
					"max": 2060
				},
				"2023-10-04": {
					"avg": 194,
					"count": 5,
					"min": 118,
					"max": 238
				},
				"2023-10-05": {
					"avg": 132,
					"count": 2,
					"min": 41,
					"max": 223
				},
				"2023-10-06": {
					"avg": 140,
					"count": 12,
					"min": 35,
					"max": 408
				},
				"2023-10-07": {
					"avg": 138,
					"count": 2,
					"min": 138,
					"max": 139
				},
				"2023-10-08": {
					"avg": 80,
					"count": 8,
					"min": 25,
					"max": 218
				},
				"2023-10-09": {
					"avg": 203,
					"count": 13,
					"min": 39,
					"max": 264
				},
				"2023-10-11": {
					"avg": 108,
					"count": 4,
					"min": 20,
					"max": 137
				},
				"2023-10-12": {
					"avg": 113,
					"count": 1,
					"min": 113,
					"max": 113
				},
				"2023-10-13": {
					"avg": 128,
					"count": 1,
					"min": 128,
					"max": 128
				},
				"2023-10-14": {
					"avg": 138,
					"count": 1,
					"min": 138,
					"max": 138
				},
				"2023-10-16": {
					"avg": 160,
					"count": 1,
					"min": 160,
					"max": 160
				},
				"2023-10-17": {
					"avg": 24,
					"count": 1,
					"min": 24,
					"max": 24
				},
				"2023-10-18": {
					"avg": 107,
					"count": 5,
					"min": 36,
					"max": 157
				},
				"2023-10-19": {
					"avg": 196,
					"count": 6,
					"min": 110,
					"max": 219
				},
				"2023-10-20": {
					"avg": 160,
					"count": 1,
					"min": 160,
					"max": 160
				},
				"2023-10-21": {
					"avg": 34,
					"count": 3,
					"min": 32,
					"max": 39
				},
				"2023-10-22": {
					"avg": 77,
					"count": 5,
					"min": 39,
					"max": 218
				},
				"2023-10-23": {
					"avg": 128,
					"count": 3,
					"min": 99,
					"max": 150
				},
				"2023-10-24": {
					"avg": 144,
					"count": 2,
					"min": 128,
					"max": 160
				},
				"2023-10-26": {
					"avg": 100,
					"count": 1,
					"min": 100,
					"max": 100
				},
				"2023-10-27": {
					"avg": 247,
					"count": 3,
					"min": 99,
					"max": 424
				},
				"2023-10-28": {
					"avg": 114,
					"count": 7,
					"min": 25,
					"max": 129
				},
				"2023-10-29": {
					"avg": 184,
					"count": 8,
					"min": 79,
					"max": 528
				},
				"2023-10-30": {
					"avg": 124,
					"count": 4,
					"min": 34,
					"max": 211
				},
				"2023-10-31": {
					"avg": 216,
					"count": 2,
					"min": 134,
					"max": 298
				},
				"2023-11-01": {
					"avg": 308,
					"count": 5,
					"min": 141,
					"max": 623
				},
				"2023-11-02": {
					"avg": 76,
					"count": 3,
					"min": 40,
					"max": 124
				},
				"2023-11-03": {
					"avg": 97,
					"count": 3,
					"min": 39,
					"max": 126
				},
				"2023-11-04": {
					"avg": 130,
					"count": 2,
					"min": 100,
					"max": 160
				},
				"2023-11-05": {
					"avg": 74,
					"count": 2,
					"min": 23,
					"max": 124
				},
				"2023-11-06": {
					"avg": 161,
					"count": 3,
					"min": 124,
					"max": 209
				},
				"2023-11-07": {
					"avg": 74,
					"count": 6,
					"min": 25,
					"max": 274
				},
				"2023-11-08": {
					"avg": 250,
					"count": 1,
					"min": 250,
					"max": 250
				},
				"2023-11-09": {
					"avg": 100,
					"count": 1,
					"min": 100,
					"max": 100
				},
				"2023-11-10": {
					"avg": 149,
					"count": 15,
					"min": 39,
					"max": 199
				},
				"2023-11-11": {
					"avg": 63,
					"count": 3,
					"min": 32,
					"max": 92
				},
				"2023-11-12": {
					"avg": 223,
					"count": 1,
					"min": 223,
					"max": 223
				},
				"2023-11-13": {
					"avg": 113,
					"count": 2,
					"min": 65,
					"max": 160
				},
				"2023-11-14": {
					"avg": 160,
					"count": 3,
					"min": 124,
					"max": 219
				},
				"2023-11-15": {
					"avg": 121,
					"count": 6,
					"min": 24,
					"max": 219
				},
				"2023-11-16": {
					"avg": 32,
					"count": 2,
					"min": 23,
					"max": 40
				},
				"2023-11-17": {
					"avg": 113,
					"count": 6,
					"min": 63,
					"max": 127
				},
				"2023-11-18": {
					"avg": 324,
					"count": 6,
					"min": 124,
					"max": 500
				},
				"2023-11-19": {
					"avg": 114,
					"count": 4,
					"min": 99,
					"max": 138
				},
				"2023-11-20": {
					"avg": 76,
					"count": 2,
					"min": 25,
					"max": 126
				},
				"2023-11-21": {
					"avg": 166,
					"count": 9,
					"min": 37,
					"max": 599
				},
				"2023-11-22": {
					"avg": 92,
					"count": 1,
					"min": 92,
					"max": 92
				},
				"2023-11-23": {
					"avg": 321,
					"count": 1,
					"min": 321,
					"max": 321
				},
				"2023-11-24": {
					"avg": 177,
					"count": 38,
					"min": 23,
					"max": 564
				},
				"2023-11-25": {
					"avg": 95,
					"count": 2,
					"min": 95,
					"max": 95
				},
				"2023-11-26": {
					"avg": 219,
					"count": 1,
					"min": 219,
					"max": 219
				},
				"2023-11-27": {
					"avg": 160,
					"count": 6,
					"min": 23,
					"max": 347
				},
				"2024-05-15": {
					"avg": 160,
					"count": 2,
					"min": 149,
					"max": 171
				},
				"2024-05-16": {
					"avg": 156,
					"count": 11,
					"min": 37,
					"max": 474
				},
				"2024-05-17": {
					"avg": 189,
					"count": 45,
					"min": 20,
					"max": 527
				},
				"2024-05-18": {
					"avg": 266,
					"count": 31,
					"min": 29,
					"max": 544
				},
				"2024-05-19": {
					"avg": 135,
					"count": 4,
					"min": 25,
					"max": 397
				},
				"2024-05-20": {
					"avg": 181,
					"count": 36,
					"min": 130,
					"max": 229
				},
				"2024-05-21": {
					"avg": 36,
					"count": 1,
					"min": 36,
					"max": 36
				},
				"2024-05-22": {
					"avg": 228,
					"count": 8,
					"min": 25,
					"max": 278
				},
				"2024-05-23": {
					"avg": 121,
					"count": 4,
					"min": 121,
					"max": 121
				},
				"2024-05-24": {
					"avg": 51,
					"count": 19,
					"min": 39,
					"max": 189
				},
				"2024-05-25": {
					"avg": 367,
					"count": 2,
					"min": 180,
					"max": 554
				},
				"2024-05-27": {
					"avg": 160,
					"count": 5,
					"min": 35,
					"max": 244
				},
				"2024-05-28": {
					"avg": 461,
					"count": 1,
					"min": 461,
					"max": 461
				},
				"2024-05-29": {
					"avg": 430,
					"count": 1,
					"min": 430,
					"max": 430
				},
				"2024-05-30": {
					"avg": 462,
					"count": 4,
					"min": 142,
					"max": 568
				},
				"2024-05-31": {
					"avg": 91,
					"count": 2,
					"min": 39,
					"max": 142
				},
				"2024-06-01": {
					"avg": 319,
					"count": 1,
					"min": 319,
					"max": 319
				},
				"2024-06-03": {
					"avg": 256,
					"count": 14,
					"min": 256,
					"max": 256
				},
				"2024-06-04": {
					"avg": 167,
					"count": 2,
					"min": 161,
					"max": 172
				},
				"2024-06-05": {
					"avg": 182,
					"count": 3,
					"min": 105,
					"max": 244
				},
				"2024-06-06": {
					"avg": 40,
					"count": 2,
					"min": 39,
					"max": 40
				},
				"2024-06-07": {
					"avg": 119,
					"count": 5,
					"min": 40,
					"max": 144
				},
				"2024-06-08": {
					"avg": 480,
					"count": 1,
					"min": 480,
					"max": 480
				},
				"2024-06-09": {
					"avg": 91,
					"count": 2,
					"min": 40,
					"max": 142
				},
				"2024-06-11": {
					"avg": 36,
					"count": 1,
					"min": 36,
					"max": 36
				},
				"2024-06-12": {
					"avg": 192,
					"count": 1,
					"min": 192,
					"max": 192
				},
				"2024-06-14": {
					"avg": 155,
					"count": 1,
					"min": 155,
					"max": 155
				},
				"2024-06-15": {
					"avg": 222,
					"count": 3,
					"min": 186,
					"max": 293
				},
				"2024-06-16": {
					"avg": 197,
					"count": 1,
					"min": 197,
					"max": 197
				},
				"2024-06-17": {
					"avg": 147,
					"count": 1,
					"min": 147,
					"max": 147
				},
				"2024-06-18": {
					"avg": 86,
					"count": 3,
					"min": 22,
					"max": 197
				},
				"2024-06-19": {
					"avg": 171,
					"count": 2,
					"min": 144,
					"max": 197
				},
				"2024-06-21": {
					"avg": 162,
					"count": 1,
					"min": 162,
					"max": 162
				},
				"2024-06-23": {
					"avg": 1548,
					"count": 1,
					"min": 1548,
					"max": 1548
				},
				"2024-06-25": {
					"avg": 57,
					"count": 2,
					"min": 39,
					"max": 75
				},
				"2024-06-26": {
					"avg": 193,
					"count": 3,
					"min": 161,
					"max": 256
				},
				"2024-06-27": {
					"avg": 145,
					"count": 2,
					"min": 145,
					"max": 145
				},
				"2024-06-28": {
					"avg": 45,
					"count": 1,
					"min": 45,
					"max": 45
				},
				"2024-06-30": {
					"avg": 192,
					"count": 2,
					"min": 161,
					"max": 222
				},
				"2024-07-02": {
					"avg": 136,
					"count": 3,
					"min": 120,
					"max": 169
				},
				"2024-07-03": {
					"avg": 297,
					"count": 16,
					"min": 57,
					"max": 563
				},
				"2024-07-04": {
					"avg": 71,
					"count": 2,
					"min": 43,
					"max": 99
				},
				"2024-07-08": {
					"avg": 159,
					"count": 4,
					"min": 57,
					"max": 463
				},
				"2024-07-10": {
					"avg": 224,
					"count": 3,
					"min": 224,
					"max": 224
				},
				"2024-07-12": {
					"avg": 45,
					"count": 1,
					"min": 45,
					"max": 45
				},
				"2024-07-13": {
					"avg": 162,
					"count": 1,
					"min": 162,
					"max": 162
				},
				"2024-07-15": {
					"avg": 213,
					"count": 4,
					"min": 46,
					"max": 463
				},
				"2024-07-16": {
					"avg": 710,
					"count": 1,
					"min": 710,
					"max": 710
				},
				"2024-07-17": {
					"avg": 250,
					"count": 2,
					"min": 250,
					"max": 250
				},
				"2024-07-18": {
					"avg": 563,
					"count": 5,
					"min": 563,
					"max": 563
				},
				"2024-07-19": {
					"avg": 31,
					"count": 1,
					"min": 31,
					"max": 31
				},
				"2024-07-20": {
					"avg": 192,
					"count": 5,
					"min": 158,
					"max": 309
				},
				"2024-07-21": {
					"avg": 95,
					"count": 2,
					"min": 41,
					"max": 148
				},
				"2024-07-22": {
					"avg": 148,
					"count": 1,
					"min": 148,
					"max": 148
				},
				"2024-07-24": {
					"avg": 100,
					"count": 1,
					"min": 100,
					"max": 100
				},
				"2024-07-25": {
					"avg": 192,
					"count": 1,
					"min": 192,
					"max": 192
				},
				"2024-07-26": {
					"avg": 159,
					"count": 2,
					"min": 151,
					"max": 167
				},
				"2024-07-27": {
					"avg": 181,
					"count": 1,
					"min": 181,
					"max": 181
				},
				"2024-07-28": {
					"avg": 455,
					"count": 5,
					"min": 37,
					"max": 560
				},
				"2024-07-30": {
					"avg": 89,
					"count": 2,
					"min": 25,
					"max": 152
				},
				"2024-07-31": {
					"avg": 117,
					"count": 2,
					"min": 57,
					"max": 177
				},
				"2024-08-01": {
					"avg": 188,
					"count": 3,
					"min": 49,
					"max": 463
				},
				"2024-08-02": {
					"avg": 151,
					"count": 4,
					"min": 151,
					"max": 151
				},
				"2024-08-03": {
					"avg": 615,
					"count": 2,
					"min": 167,
					"max": 1063
				},
				"2024-08-04": {
					"avg": 92,
					"count": 3,
					"min": 57,
					"max": 151
				},
				"2024-08-05": {
					"avg": 118,
					"count": 3,
					"min": 49,
					"max": 164
				},
				"2024-08-06": {
					"avg": 127,
					"count": 3,
					"min": 57,
					"max": 162
				},
				"2024-08-07": {
					"avg": 135,
					"count": 3,
					"min": 75,
					"max": 179
				},
				"2024-08-08": {
					"avg": 109,
					"count": 2,
					"min": 55,
					"max": 162
				},
				"2024-08-10": {
					"avg": 50,
					"count": 1,
					"min": 50,
					"max": 50
				},
				"2024-08-12": {
					"avg": 142,
					"count": 5,
					"min": 57,
					"max": 198
				},
				"2024-08-13": {
					"avg": 150,
					"count": 1,
					"min": 150,
					"max": 150
				},
				"2024-08-14": {
					"avg": 269,
					"count": 2,
					"min": 75,
					"max": 463
				},
				"2024-08-15": {
					"avg": 256,
					"count": 3,
					"min": 152,
					"max": 463
				},
				"2024-08-16": {
					"avg": 221,
					"count": 7,
					"min": 50,
					"max": 727
				},
				"2024-08-17": {
					"avg": 241,
					"count": 3,
					"min": 167,
					"max": 384
				},
				"2024-08-18": {
					"avg": 55,
					"count": 1,
					"min": 55,
					"max": 55
				},
				"2024-08-19": {
					"avg": 44,
					"count": 3,
					"min": 40,
					"max": 51
				},
				"2024-08-20": {
					"avg": 172,
					"count": 3,
					"min": 46,
					"max": 324
				},
				"2024-08-21": {
					"avg": 49,
					"count": 4,
					"min": 49,
					"max": 49
				},
				"2024-08-22": {
					"avg": 40,
					"count": 1,
					"min": 40,
					"max": 40
				},
				"2024-08-23": {
					"avg": 89,
					"count": 2,
					"min": 39,
					"max": 139
				},
				"2024-08-25": {
					"avg": 83,
					"count": 3,
					"min": 40,
					"max": 167
				},
				"2024-08-27": {
					"avg": 210,
					"count": 1,
					"min": 210,
					"max": 210
				},
				"2024-08-28": {
					"avg": 50,
					"count": 1,
					"min": 50,
					"max": 50
				},
				"2024-08-30": {
					"avg": 322,
					"count": 6,
					"min": 59,
					"max": 494
				},
				"2024-08-31": {
					"avg": 173,
					"count": 5,
					"min": 35,
					"max": 563
				},
				"2024-09-01": {
					"avg": 92,
					"count": 2,
					"min": 78,
					"max": 105
				},
				"2024-09-03": {
					"avg": 97,
					"count": 2,
					"min": 46,
					"max": 148
				},
				"2024-09-04": {
					"avg": 37,
					"count": 1,
					"min": 37,
					"max": 37
				},
				"2024-09-05": {
					"avg": 194,
					"count": 8,
					"min": 99,
					"max": 463
				},
				"2024-09-06": {
					"avg": 234,
					"count": 4,
					"min": 57,
					"max": 563
				},
				"2024-09-07": {
					"avg": 85,
					"count": 2,
					"min": 85,
					"max": 85
				},
				"2024-09-09": {
					"avg": 150,
					"count": 1,
					"min": 150,
					"max": 150
				},
				"2024-09-10": {
					"avg": 53,
					"count": 7,
					"min": 37,
					"max": 150
				},
				"2024-09-11": {
					"avg": 58,
					"count": 3,
					"min": 37,
					"max": 99
				},
				"2024-09-13": {
					"avg": 122,
					"count": 3,
					"min": 85,
					"max": 172
				},
				"2024-09-15": {
					"avg": 138,
					"count": 7,
					"min": 37,
					"max": 249
				},
				"2024-09-16": {
					"avg": 115,
					"count": 1,
					"min": 115,
					"max": 115
				},
				"2024-09-17": {
					"avg": 50,
					"count": 5,
					"min": 40,
					"max": 59
				},
				"2024-09-18": {
					"avg": 105,
					"count": 2,
					"min": 33,
					"max": 176
				},
				"2024-09-19": {
					"avg": 37,
					"count": 2,
					"min": 25,
					"max": 49
				},
				"2024-09-22": {
					"avg": 49,
					"count": 1,
					"min": 49,
					"max": 49
				},
				"2024-09-23": {
					"avg": 193,
					"count": 1,
					"min": 193,
					"max": 193
				}
			},
			"avg": 150,
			"avg7": 201,
			"avg28": 201
		},
		"normal-nearmint": {
			"history": {
				"2024-05-24": {
					"avg": 172,
					"count": 4,
					"min": 172,
					"max": 172
				},
				"2024-05-25": {
					"avg": 176,
					"count": 1,
					"min": 176,
					"max": 176
				},
				"2024-05-26": {
					"avg": 354,
					"count": 2,
					"min": 149,
					"max": 559
				},
				"2024-05-27": {
					"avg": 172,
					"count": 12,
					"min": 149,
					"max": 422
				},
				"2024-05-31": {
					"avg": 183,
					"count": 2,
					"min": 44,
					"max": 321
				},
				"2024-06-01": {
					"avg": 132,
					"count": 2,
					"min": 95,
					"max": 168
				},
				"2024-06-02": {
					"avg": 149,
					"count": 1,
					"min": 149,
					"max": 149
				},
				"2024-06-03": {
					"avg": 202,
					"count": 1,
					"min": 202,
					"max": 202
				},
				"2024-06-04": {
					"avg": 185,
					"count": 1,
					"min": 185,
					"max": 185
				},
				"2024-06-05": {
					"avg": 282,
					"count": 1,
					"min": 282,
					"max": 282
				},
				"2024-06-06": {
					"avg": 184,
					"count": 1,
					"min": 184,
					"max": 184
				},
				"2024-06-07": {
					"avg": 227,
					"count": 2,
					"min": 199,
					"max": 254
				},
				"2024-06-08": {
					"avg": 56,
					"count": 1,
					"min": 56,
					"max": 56
				},
				"2024-06-09": {
					"avg": 149,
					"count": 1,
					"min": 149,
					"max": 149
				},
				"2024-06-11": {
					"avg": 125,
					"count": 5,
					"min": 43,
					"max": 412
				},
				"2024-06-12": {
					"avg": 75,
					"count": 1,
					"min": 75,
					"max": 75
				},
				"2024-06-13": {
					"avg": 202,
					"count": 1,
					"min": 202,
					"max": 202
				},
				"2024-06-14": {
					"avg": 250,
					"count": 1,
					"min": 250,
					"max": 250
				},
				"2024-06-15": {
					"avg": 179,
					"count": 5,
					"min": 149,
					"max": 225
				},
				"2024-06-16": {
					"avg": 163,
					"count": 2,
					"min": 75,
					"max": 250
				},
				"2024-06-17": {
					"avg": 289,
					"count": 8,
					"min": 54,
					"max": 482
				},
				"2024-06-18": {
					"avg": 165,
					"count": 1,
					"min": 165,
					"max": 165
				},
				"2024-06-19": {
					"avg": 169,
					"count": 1,
					"min": 169,
					"max": 169
				},
				"2024-06-20": {
					"avg": 525,
					"count": 3,
					"min": 320,
					"max": 799
				},
				"2024-06-21": {
					"avg": 112,
					"count": 2,
					"min": 75,
					"max": 149
				},
				"2024-06-23": {
					"avg": 636,
					"count": 3,
					"min": 290,
					"max": 809
				},
				"2024-06-24": {
					"avg": 598,
					"count": 1,
					"min": 598,
					"max": 598
				},
				"2024-06-26": {
					"avg": 292,
					"count": 1,
					"min": 292,
					"max": 292
				},
				"2024-06-27": {
					"avg": 197,
					"count": 2,
					"min": 172,
					"max": 221
				},
				"2024-06-29": {
					"avg": 150,
					"count": 2,
					"min": 97,
					"max": 202
				},
				"2024-07-01": {
					"avg": 181,
					"count": 2,
					"min": 97,
					"max": 264
				},
				"2024-07-03": {
					"avg": 97,
					"count": 1,
					"min": 97,
					"max": 97
				},
				"2024-07-05": {
					"avg": 321,
					"count": 24,
					"min": 188,
					"max": 548
				},
				"2024-07-06": {
					"avg": 208,
					"count": 1,
					"min": 208,
					"max": 208
				},
				"2024-07-07": {
					"avg": 104,
					"count": 2,
					"min": 43,
					"max": 165
				},
				"2024-07-09": {
					"avg": 97,
					"count": 1,
					"min": 97,
					"max": 97
				},
				"2024-07-10": {
					"avg": 124,
					"count": 6,
					"min": 43,
					"max": 284
				},
				"2024-07-11": {
					"avg": 217,
					"count": 9,
					"min": 43,
					"max": 1094
				},
				"2024-07-12": {
					"avg": 131,
					"count": 3,
					"min": 97,
					"max": 198
				},
				"2024-07-14": {
					"avg": 296,
					"count": 2,
					"min": 197,
					"max": 395
				},
				"2024-07-15": {
					"avg": 142,
					"count": 3,
					"min": 97,
					"max": 165
				},
				"2024-07-16": {
					"avg": 243,
					"count": 3,
					"min": 97,
					"max": 498
				},
				"2024-07-18": {
					"avg": 64,
					"count": 1,
					"min": 64,
					"max": 64
				},
				"2024-07-19": {
					"avg": 176,
					"count": 3,
					"min": 68,
					"max": 229
				},
				"2024-07-21": {
					"avg": 97,
					"count": 1,
					"min": 97,
					"max": 97
				},
				"2024-07-22": {
					"avg": 196,
					"count": 1,
					"min": 196,
					"max": 196
				},
				"2024-07-24": {
					"avg": 409,
					"count": 2,
					"min": 320,
					"max": 498
				},
				"2024-07-25": {
					"avg": 187,
					"count": 3,
					"min": 97,
					"max": 249
				},
				"2024-07-26": {
					"avg": 61,
					"count": 1,
					"min": 61,
					"max": 61
				},
				"2024-07-27": {
					"avg": 358,
					"count": 4,
					"min": 97,
					"max": 809
				},
				"2024-07-28": {
					"avg": 176,
					"count": 1,
					"min": 176,
					"max": 176
				},
				"2024-07-29": {
					"avg": 286,
					"count": 2,
					"min": 186,
					"max": 385
				},
				"2024-07-30": {
					"avg": 1094,
					"count": 1,
					"min": 1094,
					"max": 1094
				},
				"2024-07-31": {
					"avg": 227,
					"count": 3,
					"min": 109,
					"max": 397
				},
				"2024-08-02": {
					"avg": 212,
					"count": 1,
					"min": 212,
					"max": 212
				},
				"2024-08-03": {
					"avg": 496,
					"count": 7,
					"min": 97,
					"max": 617
				},
				"2024-08-04": {
					"avg": 86,
					"count": 1,
					"min": 86,
					"max": 86
				},
				"2024-08-06": {
					"avg": 207,
					"count": 4,
					"min": 187,
					"max": 214
				},
				"2024-08-07": {
					"avg": 356,
					"count": 4,
					"min": 125,
					"max": 624
				},
				"2024-08-08": {
					"avg": 153,
					"count": 1,
					"min": 153,
					"max": 153
				},
				"2024-08-10": {
					"avg": 423,
					"count": 3,
					"min": 178,
					"max": 896
				},
				"2024-08-11": {
					"avg": 60,
					"count": 1,
					"min": 60,
					"max": 60
				},
				"2024-08-12": {
					"avg": 97,
					"count": 1,
					"min": 97,
					"max": 97
				},
				"2024-08-13": {
					"avg": 149,
					"count": 1,
					"min": 149,
					"max": 149
				},
				"2024-08-14": {
					"avg": 199,
					"count": 4,
					"min": 78,
					"max": 340
				},
				"2024-08-15": {
					"avg": 214,
					"count": 1,
					"min": 214,
					"max": 214
				},
				"2024-08-16": {
					"avg": 122,
					"count": 2,
					"min": 60,
					"max": 184
				},
				"2024-08-17": {
					"avg": 80,
					"count": 1,
					"min": 80,
					"max": 80
				},
				"2024-08-19": {
					"avg": 97,
					"count": 1,
					"min": 97,
					"max": 97
				},
				"2024-08-21": {
					"avg": 241,
					"count": 3,
					"min": 149,
					"max": 397
				},
				"2024-08-22": {
					"avg": 252,
					"count": 10,
					"min": 178,
					"max": 359
				},
				"2024-08-23": {
					"avg": 113,
					"count": 3,
					"min": 49,
					"max": 210
				},
				"2024-08-24": {
					"avg": 89,
					"count": 8,
					"min": 64,
					"max": 97
				},
				"2024-08-25": {
					"avg": 179,
					"count": 2,
					"min": 65,
					"max": 292
				},
				"2024-08-26": {
					"avg": 579,
					"count": 1,
					"min": 579,
					"max": 579
				},
				"2024-08-28": {
					"avg": 76,
					"count": 1,
					"min": 76,
					"max": 76
				},
				"2024-08-30": {
					"avg": 191,
					"count": 3,
					"min": 158,
					"max": 213
				},
				"2024-08-31": {
					"avg": 118,
					"count": 4,
					"min": 49,
					"max": 161
				},
				"2024-09-01": {
					"avg": 176,
					"count": 1,
					"min": 176,
					"max": 176
				},
				"2024-09-02": {
					"avg": 99,
					"count": 1,
					"min": 99,
					"max": 99
				},
				"2024-09-03": {
					"avg": 288,
					"count": 2,
					"min": 288,
					"max": 288
				},
				"2024-09-04": {
					"avg": 97,
					"count": 1,
					"min": 97,
					"max": 97
				},
				"2024-09-06": {
					"avg": 90,
					"count": 1,
					"min": 90,
					"max": 90
				},
				"2024-09-07": {
					"avg": 214,
					"count": 5,
					"min": 66,
					"max": 399
				},
				"2024-09-09": {
					"avg": 329,
					"count": 2,
					"min": 59,
					"max": 598
				},
				"2024-09-10": {
					"avg": 59,
					"count": 2,
					"min": 59,
					"max": 59
				},
				"2024-09-11": {
					"avg": 265,
					"count": 1,
					"min": 265,
					"max": 265
				},
				"2024-09-12": {
					"avg": 66,
					"count": 3,
					"min": 66,
					"max": 66
				},
				"2024-09-14": {
					"avg": 207,
					"count": 1,
					"min": 207,
					"max": 207
				},
				"2024-09-15": {
					"avg": 177,
					"count": 1,
					"min": 177,
					"max": 177
				},
				"2024-09-16": {
					"avg": 59,
					"count": 1,
					"min": 59,
					"max": 59
				},
				"2024-09-17": {
					"avg": 222,
					"count": 1,
					"min": 222,
					"max": 222
				},
				"2024-09-18": {
					"avg": 216,
					"count": 3,
					"min": 72,
					"max": 399
				},
				"2024-09-19": {
					"avg": 59,
					"count": 1,
					"min": 59,
					"max": 59
				},
				"2024-09-20": {
					"avg": 97,
					"count": 14,
					"min": 60,
					"max": 222
				},
				"2024-09-21": {
					"avg": 70,
					"count": 1,
					"min": 70,
					"max": 70
				},
				"2024-09-22": {
					"avg": 411,
					"count": 3,
					"min": 86,
					"max": 624
				}
			},
			"avg": 223,
			"avg7": -1,
			"avg28": -1
		},
		"normal-played": {
			"history": {
				"2024-05-23": {
					"avg": 52,
					"count": 2,
					"min": 30,
					"max": 73
				},
				"2024-05-24": {
					"avg": 25,
					"count": 1,
					"min": 25,
					"max": 25
				},
				"2024-05-26": {
					"avg": 30,
					"count": 2,
					"min": 30,
					"max": 30
				},
				"2024-05-27": {
					"avg": 96,
					"count": 2,
					"min": 50,
					"max": 142
				},
				"2024-05-31": {
					"avg": 26,
					"count": 1,
					"min": 26,
					"max": 26
				},
				"2024-06-02": {
					"avg": 19,
					"count": 1,
					"min": 19,
					"max": 19
				},
				"2024-06-04": {
					"avg": 90,
					"count": 1,
					"min": 90,
					"max": 90
				},
				"2024-06-06": {
					"avg": 149,
					"count": 2,
					"min": 147,
					"max": 151
				},
				"2024-06-07": {
					"avg": 159,
					"count": 18,
					"min": 30,
					"max": 229
				},
				"2024-06-08": {
					"avg": 96,
					"count": 3,
					"min": 30,
					"max": 229
				},
				"2024-06-09": {
					"avg": 62,
					"count": 2,
					"min": 25,
					"max": 99
				},
				"2024-06-13": {
					"avg": 230,
					"count": 2,
					"min": 230,
					"max": 230
				},
				"2024-06-15": {
					"avg": 142,
					"count": 1,
					"min": 142,
					"max": 142
				},
				"2024-06-18": {
					"avg": 145,
					"count": 1,
					"min": 145,
					"max": 145
				},
				"2024-06-19": {
					"avg": 142,
					"count": 1,
					"min": 142,
					"max": 142
				},
				"2024-06-20": {
					"avg": 144,
					"count": 5,
					"min": 90,
					"max": 160
				},
				"2024-06-21": {
					"avg": 109,
					"count": 5,
					"min": 99,
					"max": 148
				},
				"2024-06-22": {
					"avg": 127,
					"count": 3,
					"min": 127,
					"max": 127
				},
				"2024-06-25": {
					"avg": 142,
					"count": 1,
					"min": 142,
					"max": 142
				},
				"2024-06-28": {
					"avg": 150,
					"count": 3,
					"min": 142,
					"max": 154
				},
				"2024-06-29": {
					"avg": 39,
					"count": 1,
					"min": 39,
					"max": 39
				},
				"2024-06-30": {
					"avg": 142,
					"count": 1,
					"min": 142,
					"max": 142
				},
				"2024-07-02": {
					"avg": 70,
					"count": 1,
					"min": 70,
					"max": 70
				},
				"2024-07-04": {
					"avg": 72,
					"count": 12,
					"min": 58,
					"max": 142
				},
				"2024-07-07": {
					"avg": 92,
					"count": 2,
					"min": 30,
					"max": 154
				},
				"2024-07-09": {
					"avg": 58,
					"count": 1,
					"min": 58,
					"max": 58
				},
				"2024-07-10": {
					"avg": 29,
					"count": 1,
					"min": 29,
					"max": 29
				},
				"2024-07-11": {
					"avg": 192,
					"count": 1,
					"min": 192,
					"max": 192
				},
				"2024-07-12": {
					"avg": 24,
					"count": 7,
					"min": 20,
					"max": 33
				},
				"2024-07-13": {
					"avg": 145,
					"count": 1,
					"min": 145,
					"max": 145
				},
				"2024-07-14": {
					"avg": 73,
					"count": 1,
					"min": 73,
					"max": 73
				},
				"2024-07-16": {
					"avg": 90,
					"count": 2,
					"min": 30,
					"max": 149
				},
				"2024-07-19": {
					"avg": 25,
					"count": 1,
					"min": 25,
					"max": 25
				},
				"2024-07-20": {
					"avg": 33,
					"count": 1,
					"min": 33,
					"max": 33
				},
				"2024-07-21": {
					"avg": 114,
					"count": 1,
					"min": 114,
					"max": 114
				},
				"2024-07-22": {
					"avg": 165,
					"count": 2,
					"min": 165,
					"max": 165
				},
				"2024-07-23": {
					"avg": 107,
					"count": 3,
					"min": 91,
					"max": 115
				},
				"2024-07-24": {
					"avg": 122,
					"count": 4,
					"min": 35,
					"max": 157
				},
				"2024-07-26": {
					"avg": 127,
					"count": 3,
					"min": 127,
					"max": 127
				},
				"2024-07-27": {
					"avg": 179,
					"count": 1,
					"min": 179,
					"max": 179
				},
				"2024-07-29": {
					"avg": 189,
					"count": 1,
					"min": 189,
					"max": 189
				},
				"2024-07-31": {
					"avg": 157,
					"count": 3,
					"min": 157,
					"max": 157
				},
				"2024-08-01": {
					"avg": 148,
					"count": 1,
					"min": 148,
					"max": 148
				},
				"2024-08-03": {
					"avg": 127,
					"count": 3,
					"min": 127,
					"max": 127
				},
				"2024-08-04": {
					"avg": 164,
					"count": 1,
					"min": 164,
					"max": 164
				},
				"2024-08-10": {
					"avg": 225,
					"count": 1,
					"min": 225,
					"max": 225
				},
				"2024-08-11": {
					"avg": 182,
					"count": 3,
					"min": 30,
					"max": 481
				},
				"2024-08-13": {
					"avg": 90,
					"count": 1,
					"min": 90,
					"max": 90
				},
				"2024-08-14": {
					"avg": 164,
					"count": 3,
					"min": 164,
					"max": 164
				},
				"2024-08-16": {
					"avg": 81,
					"count": 2,
					"min": 39,
					"max": 122
				},
				"2024-08-17": {
					"avg": 189,
					"count": 1,
					"min": 189,
					"max": 189
				},
				"2024-08-19": {
					"avg": 180,
					"count": 6,
					"min": 26,
					"max": 281
				},
				"2024-08-21": {
					"avg": 69,
					"count": 2,
					"min": 62,
					"max": 75
				},
				"2024-08-22": {
					"avg": 26,
					"count": 1,
					"min": 26,
					"max": 26
				},
				"2024-08-23": {
					"avg": 82,
					"count": 7,
					"min": 26,
					"max": 156
				},
				"2024-08-24": {
					"avg": 140,
					"count": 7,
					"min": 119,
					"max": 149
				},
				"2024-08-25": {
					"avg": 217,
					"count": 7,
					"min": 128,
					"max": 519
				},
				"2024-08-27": {
					"avg": 30,
					"count": 1,
					"min": 30,
					"max": 30
				},
				"2024-08-28": {
					"avg": 152,
					"count": 1,
					"min": 152,
					"max": 152
				},
				"2024-08-29": {
					"avg": 164,
					"count": 1,
					"min": 164,
					"max": 164
				},
				"2024-08-30": {
					"avg": 40,
					"count": 3,
					"min": 40,
					"max": 40
				},
				"2024-09-01": {
					"avg": 40,
					"count": 15,
					"min": 40,
					"max": 40
				},
				"2024-09-02": {
					"avg": 235,
					"count": 1,
					"min": 235,
					"max": 235
				},
				"2024-09-03": {
					"avg": 59,
					"count": 4,
					"min": 33,
					"max": 137
				},
				"2024-09-04": {
					"avg": 20,
					"count": 1,
					"min": 20,
					"max": 20
				},
				"2024-09-05": {
					"avg": 40,
					"count": 1,
					"min": 40,
					"max": 40
				},
				"2024-09-06": {
					"avg": 94,
					"count": 3,
					"min": 59,
					"max": 162
				},
				"2024-09-07": {
					"avg": 128,
					"count": 3,
					"min": 128,
					"max": 128
				},
				"2024-09-08": {
					"avg": 152,
					"count": 1,
					"min": 152,
					"max": 152
				},
				"2024-09-10": {
					"avg": 52,
					"count": 9,
					"min": 27,
					"max": 137
				},
				"2024-09-12": {
					"avg": 109,
					"count": 2,
					"min": 28,
					"max": 189
				},
				"2024-09-13": {
					"avg": 55,
					"count": 4,
					"min": 32,
					"max": 70
				},
				"2024-09-14": {
					"avg": 129,
					"count": 1,
					"min": 129,
					"max": 129
				},
				"2024-09-15": {
					"avg": 34,
					"count": 2,
					"min": 29,
					"max": 39
				},
				"2024-09-16": {
					"avg": 40,
					"count": 3,
					"min": 40,
					"max": 40
				},
				"2024-09-18": {
					"avg": 217,
					"count": 2,
					"min": 217,
					"max": 217
				},
				"2024-09-22": {
					"avg": 174,
					"count": 1,
					"min": 174,
					"max": 174
				},
				"2024-09-23": {
					"avg": 40,
					"count": 4,
					"min": 40,
					"max": 40
				}
			},
			"avg": 106,
			"avg7": -1,
			"avg28": -1
		},
		"normal-used": {
			"history": {
				"2024-05-27": {
					"avg": 142,
					"count": 1,
					"min": 142,
					"max": 142
				},
				"2024-06-05": {
					"avg": 50,
					"count": 1,
					"min": 50,
					"max": 50
				},
				"2024-06-07": {
					"avg": 52,
					"count": 4,
					"min": 24,
					"max": 135
				},
				"2024-06-10": {
					"avg": 24,
					"count": 1,
					"min": 24,
					"max": 24
				},
				"2024-06-20": {
					"avg": 24,
					"count": 2,
					"min": 24,
					"max": 24
				},
				"2024-06-25": {
					"avg": 131,
					"count": 1,
					"min": 131,
					"max": 131
				},
				"2024-07-06": {
					"avg": 35,
					"count": 2,
					"min": 23,
					"max": 47
				},
				"2024-07-09": {
					"avg": 39,
					"count": 2,
					"min": 39,
					"max": 39
				},
				"2024-07-12": {
					"avg": 26,
					"count": 2,
					"min": 26,
					"max": 26
				},
				"2024-07-13": {
					"avg": 162,
					"count": 1,
					"min": 162,
					"max": 162
				},
				"2024-07-14": {
					"avg": 29,
					"count": 1,
					"min": 29,
					"max": 29
				},
				"2024-07-15": {
					"avg": 77,
					"count": 1,
					"min": 77,
					"max": 77
				},
				"2024-07-19": {
					"avg": 59,
					"count": 1,
					"min": 59,
					"max": 59
				},
				"2024-07-20": {
					"avg": 104,
					"count": 2,
					"min": 104,
					"max": 104
				},
				"2024-07-22": {
					"avg": 75,
					"count": 1,
					"min": 75,
					"max": 75
				},
				"2024-07-23": {
					"avg": 217,
					"count": 3,
					"min": 217,
					"max": 217
				},
				"2024-07-24": {
					"avg": 18,
					"count": 1,
					"min": 18,
					"max": 18
				},
				"2024-07-31": {
					"avg": 35,
					"count": 2,
					"min": 35,
					"max": 35
				},
				"2024-08-01": {
					"avg": 29,
					"count": 1,
					"min": 29,
					"max": 29
				},
				"2024-08-07": {
					"avg": 24,
					"count": 1,
					"min": 24,
					"max": 24
				},
				"2024-08-12": {
					"avg": 24,
					"count": 1,
					"min": 24,
					"max": 24
				},
				"2024-08-13": {
					"avg": 151,
					"count": 1,
					"min": 151,
					"max": 151
				},
				"2024-08-14": {
					"avg": 64,
					"count": 3,
					"min": 35,
					"max": 123
				},
				"2024-08-16": {
					"avg": 146,
					"count": 1,
					"min": 146,
					"max": 146
				},
				"2024-08-20": {
					"avg": 159,
					"count": 3,
					"min": 27,
					"max": 224
				},
				"2024-08-21": {
					"avg": 77,
					"count": 2,
					"min": 77,
					"max": 77
				},
				"2024-08-22": {
					"avg": 35,
					"count": 3,
					"min": 35,
					"max": 35
				},
				"2024-08-23": {
					"avg": 84,
					"count": 2,
					"min": 25,
					"max": 142
				},
				"2024-08-24": {
					"avg": 25,
					"count": 1,
					"min": 25,
					"max": 25
				},
				"2024-08-27": {
					"avg": 25,
					"count": 1,
					"min": 25,
					"max": 25
				},
				"2024-08-28": {
					"avg": 29,
					"count": 2,
					"min": 29,
					"max": 29
				},
				"2024-09-03": {
					"avg": 25,
					"count": 1,
					"min": 25,
					"max": 25
				},
				"2024-09-06": {
					"avg": 224,
					"count": 1,
					"min": 224,
					"max": 224
				},
				"2024-09-09": {
					"avg": 25,
					"count": 1,
					"min": 25,
					"max": 25
				},
				"2024-09-10": {
					"avg": 26,
					"count": 3,
					"min": 26,
					"max": 26
				},
				"2024-09-13": {
					"avg": 77,
					"count": 1,
					"min": 77,
					"max": 77
				},
				"2024-09-15": {
					"avg": 50,
					"count": 1,
					"min": 50,
					"max": 50
				},
				"2024-09-18": {
					"avg": 38,
					"count": 1,
					"min": 38,
					"max": 38
				},
				"2024-09-20": {
					"avg": 209,
					"count": 1,
					"min": 209,
					"max": 209
				}
			},
			"avg": 73,
			"avg7": -1,
			"avg28": -1
		},
		"normal-poor": {
			"history": {
				"2024-05-29": {
					"avg": 128,
					"count": 1,
					"min": 128,
					"max": 128
				},
				"2024-05-31": {
					"avg": 128,
					"count": 1,
					"min": 128,
					"max": 128
				},
				"2024-06-02": {
					"avg": 17,
					"count": 1,
					"min": 17,
					"max": 17
				},
				"2024-06-10": {
					"avg": 21,
					"count": 1,
					"min": 21,
					"max": 21
				},
				"2024-06-17": {
					"avg": 30,
					"count": 1,
					"min": 30,
					"max": 30
				},
				"2024-07-02": {
					"avg": 143,
					"count": 3,
					"min": 143,
					"max": 143
				},
				"2024-07-05": {
					"avg": 147,
					"count": 1,
					"min": 147,
					"max": 147
				},
				"2024-07-06": {
					"avg": 245,
					"count": 1,
					"min": 245,
					"max": 245
				},
				"2024-07-09": {
					"avg": 121,
					"count": 2,
					"min": 121,
					"max": 121
				},
				"2024-07-10": {
					"avg": 21,
					"count": 1,
					"min": 21,
					"max": 21
				},
				"2024-07-13": {
					"avg": 122,
					"count": 1,
					"min": 122,
					"max": 122
				},
				"2024-07-20": {
					"avg": 15,
					"count": 1,
					"min": 15,
					"max": 15
				},
				"2024-07-23": {
					"avg": 89,
					"count": 5,
					"min": 22,
					"max": 143
				},
				"2024-07-26": {
					"avg": 22,
					"count": 1,
					"min": 22,
					"max": 22
				},
				"2024-07-29": {
					"avg": 174,
					"count": 1,
					"min": 174,
					"max": 174
				},
				"2024-08-02": {
					"avg": 27,
					"count": 7,
					"min": 21,
					"max": 28
				},
				"2024-08-03": {
					"avg": 35,
					"count": 1,
					"min": 35,
					"max": 35
				},
				"2024-08-07": {
					"avg": 147,
					"count": 1,
					"min": 147,
					"max": 147
				},
				"2024-08-16": {
					"avg": 149,
					"count": 10,
					"min": 113,
					"max": 271
				},
				"2024-08-17": {
					"avg": 162,
					"count": 2,
					"min": 162,
					"max": 162
				},
				"2024-08-18": {
					"avg": 152,
					"count": 3,
					"min": 152,
					"max": 152
				},
				"2024-08-19": {
					"avg": 144,
					"count": 1,
					"min": 144,
					"max": 144
				},
				"2024-08-21": {
					"avg": 147,
					"count": 1,
					"min": 147,
					"max": 147
				},
				"2024-08-24": {
					"avg": 8,
					"count": 1,
					"min": 8,
					"max": 8
				},
				"2024-08-28": {
					"avg": 22,
					"count": 1,
					"min": 22,
					"max": 22
				},
				"2024-08-30": {
					"avg": 89,
					"count": 2,
					"min": 25,
					"max": 152
				},
				"2024-09-02": {
					"avg": 220,
					"count": 1,
					"min": 220,
					"max": 220
				},
				"2024-09-04": {
					"avg": 152,
					"count": 1,
					"min": 152,
					"max": 152
				},
				"2024-09-06": {
					"avg": 84,
					"count": 2,
					"min": 25,
					"max": 142
				},
				"2024-09-21": {
					"avg": 25,
					"count": 1,
					"min": 25,
					"max": 25
				}
			},
			"avg": 103,
			"avg7": -1,
			"avg28": -1
		}
	}
}