{
	"data": {
		"normal-good": {
			"history": {
				"2022-11-12": {
					"avg": 38,
					"count": 1
				},
				"2022-11-13": {
					"avg": 181,
					"count": 9
				},
				"2022-11-14": {
					"avg": 121,
					"count": 7
				},
				"2022-11-15": {
					"avg": 248,
					"count": 1
				},
				"2022-11-16": {
					"avg": 147,
					"count": 5
				},
				"2022-11-17": {
					"avg": 207,
					"count": 4
				},
				"2022-11-18": {
					"avg": 138,
					"count": 4
				},
				"2022-11-19": {
					"avg": 556,
					"count": 1,
					"min": 556,
					"max": 556
				},
				"2022-11-22": {
					"avg": 124,
					"count": 3,
					"min": 43,
					"max": 164
				},
				"2022-11-23": {
					"avg": 119,
					"count": 1,
					"min": 119,
					"max": 119
				},
				"2022-11-24": {
					"avg": 286,
					"count": 3,
					"min": 36,
					"max": 574
				},
				"2022-11-25": {
					"avg": 47,
					"count": 15,
					"min": 22,
					"max": 150
				},
				"2022-11-26": {
					"avg": 800,
					"count": 17,
					"min": 33,
					"max": 848
				},
				"2022-11-27": {
					"avg": 50,
					"count": 7,
					"min": 19,
					"max": 150
				},
				"2022-11-28": {
					"avg": 29,
					"count": 1,
					"min": 29,
					"max": 29
				},
				"2022-11-29": {
					"avg": 67,
					"count": 7,
					"min": 33,
					"max": 138
				},
				"2022-12-01": {
					"avg": 65,
					"count": 3,
					"min": 33,
					"max": 123
				},
				"2022-12-02": {
					"avg": 94,
					"count": 4,
					"min": 38,
					"max": 113
				},
				"2022-12-03": {
					"avg": 37,
					"count": 1,
					"min": 37,
					"max": 37
				},
				"2022-12-04": {
					"avg": 73,
					"count": 5,
					"min": 37,
					"max": 190
				},
				"2022-12-05": {
					"avg": 213,
					"count": 2,
					"min": 48,
					"max": 378
				},
				"2022-12-06": {
					"avg": 865,
					"count": 1,
					"min": 865,
					"max": 865
				},
				"2022-12-07": {
					"avg": 132,
					"count": 7,
					"min": 24,
					"max": 487
				},
				"2022-12-09": {
					"avg": 47,
					"count": 2,
					"min": 38,
					"max": 56
				},
				"2022-12-10": {
					"avg": 110,
					"count": 11,
					"min": 38,
					"max": 141
				},
				"2022-12-11": {
					"avg": 175,
					"count": 3,
					"min": 38,
					"max": 244
				},
				"2022-12-12": {
					"avg": 143,
					"count": 2,
					"min": 35,
					"max": 250
				},
				"2022-12-13": {
					"avg": 253,
					"count": 3,
					"min": 87,
					"max": 423
				},
				"2022-12-14": {
					"avg": 110,
					"count": 3,
					"min": 37,
					"max": 146
				},
				"2022-12-15": {
					"avg": 215,
					"count": 3,
					"min": 149,
					"max": 248
				},
				"2022-12-16": {
					"avg": 172,
					"count": 17,
					"min": 46,
					"max": 490
				},
				"2022-12-17": {
					"avg": 42,
					"count": 2,
					"min": 39,
					"max": 45
				},
				"2022-12-18": {
					"avg": 160,
					"count": 5,
					"min": 29,
					"max": 349
				},
				"2022-12-19": {
					"avg": 121,
					"count": 3,
					"min": 93,
					"max": 141
				},
				"2022-12-20": {
					"avg": 139,
					"count": 6,
					"min": 110,
					"max": 246
				},
				"2022-12-21": {
					"avg": 200,
					"count": 5,
					"min": 35,
					"max": 470
				},
				"2022-12-22": {
					"avg": 93,
					"count": 2,
					"min": 45,
					"max": 141
				},
				"2022-12-23": {
					"avg": 128,
					"count": 8,
					"min": 37,
					"max": 248
				},
				"2022-12-24": {
					"avg": 144,
					"count": 2,
					"min": 40,
					"max": 248
				},
				"2022-12-25": {
					"avg": 194,
					"count": 2,
					"min": 141,
					"max": 248
				},
				"2022-12-26": {
					"avg": 179,
					"count": 3,
					"min": 144,
					"max": 250
				},
				"2022-12-27": {
					"avg": 113,
					"count": 5,
					"min": 75,
					"max": 164
				},
				"2022-12-28": {
					"avg": 52,
					"count": 3,
					"min": 32,
					"max": 69
				},
				"2022-12-29": {
					"avg": 127,
					"count": 3,
					"min": 49,
					"max": 246
				},
				"2022-12-30": {
					"avg": 144,
					"count": 2,
					"min": 141,
					"max": 148
				},
				"2022-12-31": {
					"avg": 134,
					"count": 6,
					"min": 33,
					"max": 250
				},
				"2023-01-01": {
					"avg": 776,
					"count": 9,
					"min": 32,
					"max": 1636
				},
				"2023-01-02": {
					"avg": 121,
					"count": 8,
					"min": 96,
					"max": 146
				},
				"2023-01-03": {
					"avg": 206,
					"count": 3,
					"min": 146,
					"max": 324
				},
				"2023-01-04": {
					"avg": 49,
					"count": 2,
					"min": 49,
					"max": 49
				},
				"2023-01-05": {
					"avg": 111,
					"count": 8,
					"min": 25,
					"max": 159
				},
				"2023-01-06": {
					"avg": 78,
					"count": 3,
					"min": 45,
					"max": 139
				},
				"2023-01-07": {
					"avg": 50,
					"count": 54,
					"min": 50,
					"max": 50
				},
				"2023-01-08": {
					"avg": 248,
					"count": 1,
					"min": 248,
					"max": 248
				},
				"2023-01-09": {
					"avg": 121,
					"count": 10,
					"min": 25,
					"max": 248
				},
				"2023-01-11": {
					"avg": 90,
					"count": 30,
					"min": 25,
					"max": 248
				},
				"2023-01-12": {
					"avg": 76,
					"count": 5,
					"min": 20,
					"max": 197
				},
				"2023-02-06": {
					"avg": 370,
					"count": 2,
					"min": 154,
					"max": 586
				},
				"2023-02-07": {
					"avg": 43,
					"count": 1,
					"min": 43,
					"max": 43
				},
				"2023-02-08": {
					"avg": 196,
					"count": 5,
					"min": 140,
					"max": 210
				},
				"2023-02-09": {
					"avg": 132,
					"count": 3,
					"min": 43,
					"max": 209
				},
				"2023-02-10": {
					"avg": 51,
					"count": 6,
					"min": 25,
					"max": 138
				},
				"2023-02-11": {
					"avg": 185,
					"count": 4,
					"min": 49,
					"max": 250
				},
				"2023-02-12": {
					"avg": 106,
					"count": 6,
					"min": 38,
					"max": 250
				},
				"2023-02-13": {
					"avg": 108,
					"count": 10,
					"min": 44,
					"max": 200
				},
				"2023-02-14": {
					"avg": 297,
					"count": 6,
					"min": 144,
					"max": 620
				},
				"2023-02-15": {
					"avg": 121,
					"count": 2,
					"min": 57,
					"max": 184
				},
				"2023-02-17": {
					"avg": 167,
					"count": 2,
					"min": 134,
					"max": 199
				},
				"2023-02-18": {
					"avg": 168,
					"count": 1,
					"min": 168,
					"max": 168
				},
				"2023-02-19": {
					"avg": 76,
					"count": 4,
					"min": 38,
					"max": 129
				},
				"2023-02-20": {
					"avg": 102,
					"count": 23,
					"min": 38,
					"max": 248
				},
				"2023-02-21": {
					"avg": 180,
					"count": 1,
					"min": 180,
					"max": 180
				},
				"2023-02-22": {
					"avg": 75,
					"count": 1,
					"min": 75,
					"max": 75
				},
				"2023-02-23": {
					"avg": 191,
					"count": 5,
					"min": 157,
					"max": 248
				},
				"2023-02-24": {
					"avg": 83,
					"count": 3,
					"min": 33,
					"max": 129
				},
				"2023-02-25": {
					"avg": 143,
					"count": 7,
					"min": 58,
					"max": 250
				},
				"2023-02-26": {
					"avg": 178,
					"count": 6,
					"min": 37,
					"max": 248
				},
				"2023-02-27": {
					"avg": 95,
					"count": 6,
					"min": 33,
					"max": 164
				},
				"2023-02-28": {
					"avg": 148,
					"count": 3,
					"min": 33,
					"max": 248
				},
				"2023-03-01": {
					"avg": 81,
					"count": 2,
					"min": 35,
					"max": 127
				},
				"2023-03-02": {
					"avg": 80,
					"count": 2,
					"min": 58,
					"max": 101
				},
				"2023-03-03": {
					"avg": 113,
					"count": 9,
					"min": 39,
					"max": 248
				},
				"2023-03-04": {
					"avg": 35,
					"count": 1,
					"min": 35,
					"max": 35
				},
				"2023-03-05": {
					"avg": 191,
					"count": 5,
					"min": 136,
					"max": 395
				},
				"2023-03-07": {
					"avg": 207,
					"count": 6,
					"min": 40,
					"max": 305
				},
				"2023-03-09": {
					"avg": 118,
					"count": 6,
					"min": 45,
					"max": 247
				},
				"2023-03-10": {
					"avg": 133,
					"count": 4,
					"min": 49,
					"max": 248
				},
				"2023-03-11": {
					"avg": 39,
					"count": 1,
					"min": 39,
					"max": 39
				},
				"2023-03-13": {
					"avg": 248,
					"count": 1,
					"min": 248,
					"max": 248
				},
				"2023-03-14": {
					"avg": 91,
					"count": 2,
					"min": 12,
					"max": 171
				},
				"2023-03-15": {
					"avg": 24,
					"count": 1,
					"min": 24,
					"max": 24
				},
				"2023-03-16": {
					"avg": 301,
					"count": 2,
					"min": 287,
					"max": 314
				},
				"2023-03-17": {
					"avg": 64,
					"count": 3,
					"min": 30,
					"max": 124
				},
				"2023-03-18": {
					"avg": 144,
					"count": 2,
					"min": 123,
					"max": 165
				},
				"2023-03-19": {
					"avg": 95,
					"count": 2,
					"min": 24,
					"max": 165
				},
				"2023-03-20": {
					"avg": 120,
					"count": 6,
					"min": 50,
					"max": 134
				},
				"2023-03-21": {
					"avg": 424,
					"count": 1,
					"min": 424,
					"max": 424
				},
				"2023-03-22": {
					"avg": 431,
					"count": 2,
					"min": 320,
					"max": 541
				},
				"2023-03-23": {
					"avg": 109,
					"count": 8,
					"min": 39,
					"max": 125
				},
				"2023-03-24": {
					"avg": 105,
					"count": 2,
					"min": 85,
					"max": 124
				},
				"2023-03-25": {
					"avg": 155,
					"count": 4,
					"min": 117,
					"max": 201
				},
				"2023-03-26": {
					"avg": 85,
					"count": 2,
					"min": 45,
					"max": 124
				},
				"2023-03-27": {
					"avg": 106,
					"count": 2,
					"min": 75,
					"max": 136
				},
				"2023-03-28": {
					"avg": 134,
					"count": 6,
					"min": 26,
					"max": 395
				},
				"2023-03-29": {
					"avg": 144,
					"count": 3,
					"min": 45,
					"max": 250
				},
				"2023-03-31": {
					"avg": 137,
					"count": 2,
					"min": 41,
					"max": 233
				},
				"2023-04-01": {
					"avg": 293,
					"count": 7,
					"min": 30,
					"max": 395
				},
				"2023-04-02": {
					"avg": 148,
					"count": 8,
					"min": 30,
					"max": 318
				},
				"2023-04-03": {
					"avg": 133,
					"count": 8,
					"min": 87,
					"max": 139
				},
				"2023-04-04": {
					"avg": 148,
					"count": 1,
					"min": 148,
					"max": 148
				},
				"2023-04-05": {
					"avg": 175,
					"count": 14,
					"min": 40,
					"max": 424
				},
				"2023-04-06": {
					"avg": 45,
					"count": 1,
					"min": 45,
					"max": 45
				},
				"2023-04-07": {
					"avg": 149,
					"count": 2,
					"min": 149,
					"max": 149
				},
				"2023-04-08": {
					"avg": 133,
					"count": 2,
					"min": 38,
					"max": 227
				},
				"2023-04-09": {
					"avg": 81,
					"count": 5,
					"min": 30,
					"max": 174
				},
				"2023-04-10": {
					"avg": 152,
					"count": 4,
					"min": 69,
					"max": 342
				},
				"2023-04-11": {
					"avg": 89,
					"count": 2,
					"min": 40,
					"max": 137
				},
				"2023-04-12": {
					"avg": 161,
					"count": 1,
					"min": 161,
					"max": 161
				},
				"2023-04-13": {
					"avg": 201,
					"count": 9,
					"min": 45,
					"max": 250
				},
				"2023-04-14": {
					"avg": 136,
					"count": 1,
					"min": 136,
					"max": 136
				},
				"2023-04-16": {
					"avg": 174,
					"count": 2,
					"min": 52,
					"max": 295
				},
				"2023-04-17": {
					"avg": 194,
					"count": 1,
					"min": 194,
					"max": 194
				},
				"2023-04-18": {
					"avg": 61,
					"count": 3,
					"min": 30,
					"max": 124
				},
				"2023-04-19": {
					"avg": 100,
					"count": 2,
					"min": 69,
					"max": 132
				},
				"2023-04-20": {
					"avg": 335,
					"count": 4,
					"min": 124,
					"max": 546
				},
				"2023-04-21": {
					"avg": 21,
					"count": 23,
					"min": 20,
					"max": 49
				},
				"2023-04-22": {
					"avg": 148,
					"count": 9,
					"min": 69,
					"max": 457
				},
				"2023-04-23": {
					"avg": 21,
					"count": 1,
					"min": 21,
					"max": 21
				},
				"2023-04-25": {
					"avg": 75,
					"count": 1,
					"min": 75,
					"max": 75
				},
				"2023-04-26": {
					"avg": 124,
					"count": 1,
					"min": 124,
					"max": 124
				},
				"2023-04-27": {
					"avg": 200,
					"count": 1,
					"min": 200,
					"max": 200
				},
				"2023-04-28": {
					"avg": 111,
					"count": 3,
					"min": 79,
					"max": 137
				},
				"2023-04-29": {
					"avg": 140,
					"count": 6,
					"min": 38,
					"max": 388
				},
				"2023-04-30": {
					"avg": 174,
					"count": 8,
					"min": 174,
					"max": 174
				},
				"2023-05-01": {
					"avg": 85,
					"count": 5,
					"min": 49,
					"max": 94
				},
				"2023-05-02": {
					"avg": 241,
					"count": 1,
					"min": 241,
					"max": 241
				},
				"2023-05-03": {
					"avg": 242,
					"count": 1,
					"min": 242,
					"max": 242
				},
				"2023-05-04": {
					"avg": 56,
					"count": 2,
					"min": 44,
					"max": 69
				},
				"2023-05-05": {
					"avg": 163,
					"count": 3,
					"min": 134,
					"max": 198
				},
				"2023-05-06": {
					"avg": 104,
					"count": 3,
					"min": 42,
					"max": 227
				},
				"2023-05-07": {
					"avg": 163,
					"count": 21,
					"min": 23,
					"max": 245
				},
				"2023-05-09": {
					"avg": 67,
					"count": 4,
					"min": 29,
					"max": 152
				},
				"2023-05-10": {
					"avg": 432,
					"count": 3,
					"min": 144,
					"max": 576
				},
				"2023-05-11": {
					"avg": 227,
					"count": 1,
					"min": 227,
					"max": 227
				},
				"2023-05-12": {
					"avg": 96,
					"count": 3,
					"min": 25,
					"max": 238
				},
				"2023-05-13": {
					"avg": 69,
					"count": 1,
					"min": 69,
					"max": 69
				},
				"2023-05-15": {
					"avg": 36,
					"count": 2,
					"min": 30,
					"max": 41
				},
				"2023-05-16": {
					"avg": 197,
					"count": 2,
					"min": 161,
					"max": 232
				},
				"2023-05-17": {
					"avg": 34,
					"count": 1,
					"min": 34,
					"max": 34
				},
				"2023-05-18": {
					"avg": 238,
					"count": 2,
					"min": 227,
					"max": 250
				},
				"2023-05-19": {
					"avg": 100,
					"count": 6,
					"min": 34,
					"max": 137
				},
				"2023-05-20": {
					"avg": 33,
					"count": 2,
					"min": 25,
					"max": 40
				},
				"2023-05-21": {
					"avg": 31,
					"count": 1,
					"min": 31,
					"max": 31
				},
				"2023-05-23": {
					"avg": 189,
					"count": 4,
					"min": 36,
					"max": 530
				},
				"2023-05-24": {
					"avg": 80,
					"count": 11,
					"min": 31,
					"max": 218
				},
				"2023-05-25": {
					"avg": 145,
					"count": 7,
					"min": 40,
					"max": 248
				},
				"2023-05-26": {
					"avg": 248,
					"count": 1,
					"min": 248,
					"max": 248
				},
				"2023-05-27": {
					"avg": 145,
					"count": 16,
					"min": 24,
					"max": 250
				},
				"2023-05-28": {
					"avg": 217,
					"count": 2,
					"min": 185,
					"max": 250
				},
				"2023-05-29": {
					"avg": 118,
					"count": 22,
					"min": 35,
					"max": 244
				},
				"2023-05-30": {
					"avg": 247,
					"count": 1,
					"min": 247,
					"max": 247
				},
				"2023-05-31": {
					"avg": 127,
					"count": 3,
					"min": 38,
					"max": 229
				},
				"2023-06-01": {
					"avg": 68,
					"count": 7,
					"min": 34,
					"max": 218
				},
				"2023-06-02": {
					"avg": 81,
					"count": 9,
					"min": 75,
					"max": 129
				},
				"2023-06-03": {
					"avg": 138,
					"count": 2,
					"min": 57,
					"max": 218
				},
				"2023-06-04": {
					"avg": 145,
					"count": 2,
					"min": 40,
					"max": 250
				},
				"2023-06-05": {
					"avg": 171,
					"count": 4,
					"min": 124,
					"max": 218
				},
				"2023-06-06": {
					"avg": 115,
					"count": 3,
					"min": 38,
					"max": 268
				},
				"2023-06-07": {
					"avg": 100,
					"count": 6,
					"min": 29,
					"max": 198
				},
				"2023-06-08": {
					"avg": 731,
					"count": 1,
					"min": 731,
					"max": 731
				},
				"2023-06-09": {
					"avg": 31,
					"count": 1,
					"min": 31,
					"max": 31
				},
				"2023-06-10": {
					"avg": 244,
					"count": 1,
					"min": 244,
					"max": 244
				},
				"2023-06-11": {
					"avg": 38,
					"count": 1,
					"min": 38,
					"max": 38
				},
				"2023-06-12": {
					"avg": 137,
					"count": 1,
					"min": 137,
					"max": 137
				},
				"2023-06-13": {
					"avg": 234,
					"count": 2,
					"min": 40,
					"max": 428
				},
				"2023-06-14": {
					"avg": 142,
					"count": 2,
					"min": 38,
					"max": 246
				},
				"2023-06-15": {
					"avg": 199,
					"count": 2,
					"min": 31,
					"max": 367
				},
				"2023-06-16": {
					"avg": 148,
					"count": 5,
					"min": 38,
					"max": 298
				},
				"2023-06-17": {
					"avg": 76,
					"count": 17,
					"min": 31,
					"max": 223
				},
				"2023-06-18": {
					"avg": 217,
					"count": 5,
					"min": 41,
					"max": 268
				},
				"2023-06-19": {
					"avg": 185,
					"count": 7,
					"min": 38,
					"max": 248
				},
				"2023-06-20": {
					"avg": 182,
					"count": 4,
					"min": 59,
					"max": 252
				},
				"2023-06-21": {
					"avg": 78,
					"count": 5,
					"min": 38,
					"max": 137
				},
				"2023-06-22": {
					"avg": 108,
					"count": 10,
					"min": 25,
					"max": 424
				},
				"2023-06-23": {
					"avg": 251,
					"count": 8,
					"min": 37,
					"max": 455
				},
				"2023-06-24": {
					"avg": 139,
					"count": 1,
					"min": 139,
					"max": 139
				},
				"2023-06-25": {
					"avg": 94,
					"count": 5,
					"min": 32,
					"max": 169
				},
				"2023-06-26": {
					"avg": 145,
					"count": 6,
					"min": 122,
					"max": 248
				},
				"2023-06-28": {
					"avg": 111,
					"count": 7,
					"min": 34,
					"max": 199
				},
				"2023-06-29": {
					"avg": 54,
					"count": 7,
					"min": 34,
					"max": 129
				},
				"2023-06-30": {
					"avg": 152,
					"count": 7,
					"min": 37,
					"max": 250
				},
				"2023-07-01": {
					"avg": 61,
					"count": 2,
					"min": 47,
					"max": 75
				},
				"2023-07-02": {
					"avg": 148,
					"count": 1,
					"min": 148,
					"max": 148
				},
				"2023-07-03": {
					"avg": 177,
					"count": 6,
					"min": 30,
					"max": 236
				},
				"2023-07-04": {
					"avg": 41,
					"count": 11,
					"min": 30,
					"max": 136
				},
				"2023-07-05": {
					"avg": 66,
					"count": 2,
					"min": 31,
					"max": 100
				},
				"2023-07-06": {
					"avg": 86,
					"count": 2,
					"min": 34,
					"max": 137
				},
				"2023-07-07": {
					"avg": 110,
					"count": 4,
					"min": 44,
					"max": 134
				},
				"2023-07-08": {
					"avg": 140,
					"count": 3,
					"min": 40,
					"max": 248
				},
				"2023-07-09": {
					"avg": 124,
					"count": 1,
					"min": 124,
					"max": 124
				},
				"2023-07-10": {
					"avg": 197,
					"count": 6,
					"min": 40,
					"max": 474
				},
				"2023-07-11": {
					"avg": 40,
					"count": 7,
					"min": 30,
					"max": 53
				},
				"2023-07-12": {
					"avg": 146,
					"count": 4,
					"min": 34,
					"max": 478
				},
				"2023-07-13": {
					"avg": 94,
					"count": 7,
					"min": 94,
					"max": 94
				},
				"2023-07-14": {
					"avg": 134,
					"count": 3,
					"min": 75,
					"max": 248
				},
				"2023-07-15": {
					"avg": 246,
					"count": 4,
					"min": 50,
					"max": 698
				},
				"2023-07-16": {
					"avg": 88,
					"count": 4,
					"min": 34,
					"max": 248
				},
				"2023-07-17": {
					"avg": 241,
					"count": 3,
					"min": 50,
					"max": 599
				},
				"2023-07-18": {
					"avg": 139,
					"count": 4,
					"min": 57,
					"max": 250
				},
				"2023-07-19": {
					"avg": 39,
					"count": 5,
					"min": 38,
					"max": 39
				},
				"2023-07-20": {
					"avg": 134,
					"count": 5,
					"min": 23,
					"max": 248
				},
				"2023-07-21": {
					"avg": 98,
					"count": 2,
					"min": 59,
					"max": 136
				},
				"2023-07-22": {
					"avg": 104,
					"count": 6,
					"min": 38,
					"max": 154
				},
				"2023-07-23": {
					"avg": 223,
					"count": 1,
					"min": 223,
					"max": 223
				},
				"2023-07-24": {
					"avg": 117,
					"count": 13,
					"min": 23,
					"max": 424
				},
				"2023-07-25": {
					"avg": 97,
					"count": 11,
					"min": 70,
					"max": 225
				},
				"2023-07-26": {
					"avg": 78,
					"count": 7,
					"min": 38,
					"max": 129
				},
				"2023-07-27": {
					"avg": 86,
					"count": 2,
					"min": 23,
					"max": 148
				},
				"2023-07-28": {
					"avg": 199,
					"count": 5,
					"min": 57,
					"max": 424
				},
				"2023-07-29": {
					"avg": 113,
					"count": 11,
					"min": 24,
					"max": 199
				},
				"2023-07-30": {
					"avg": 220,
					"count": 5,
					"min": 94,
					"max": 723
				},
				"2023-07-31": {
					"avg": 35,
					"count": 3,
					"min": 23,
					"max": 57
				},
				"2023-08-01": {
					"avg": 123,
					"count": 5,
					"min": 78,
					"max": 219
				},
				"2023-08-02": {
					"avg": 63,
					"count": 9,
					"min": 29,
					"max": 160
				},
				"2023-08-03": {
					"avg": 124,
					"count": 4,
					"min": 119,
					"max": 138
				},
				"2023-08-04": {
					"avg": 98,
					"count": 7,
					"min": 29,
					"max": 137
				},
				"2023-08-05": {
					"avg": 147,
					"count": 2,
					"min": 25,
					"max": 268
				},
				"2023-08-06": {
					"avg": 142,
					"count": 2,
					"min": 85,
					"max": 199
				},
				"2023-08-07": {
					"avg": 82,
					"count": 17,
					"min": 29,
					"max": 85
				},
				"2023-08-08": {
					"avg": 125,
					"count": 7,
					"min": 26,
					"max": 175
				},
				"2023-08-09": {
					"avg": 96,
					"count": 15,
					"min": 85,
					"max": 199
				},
				"2023-08-10": {
					"avg": 123,
					"count": 6,
					"min": 37,
					"max": 250
				},
				"2023-08-11": {
					"avg": 153,
					"count": 8,
					"min": 38,
					"max": 449
				},
				"2023-08-12": {
					"avg": 94,
					"count": 4,
					"min": 26,
					"max": 199
				},
				"2023-08-13": {
					"avg": 137,
					"count": 1,
					"min": 137,
					"max": 137
				},
				"2023-08-14": {
					"avg": 124,
					"count": 14,
					"min": 70,
					"max": 318
				},
				"2023-08-15": {
					"avg": 139,
					"count": 3,
					"min": 79,
					"max": 259
				},
				"2023-08-16": {
					"avg": 235,
					"count": 5,
					"min": 29,
					"max": 541
				},
				"2023-08-17": {
					"avg": 211,
					"count": 3,
					"min": 29,
					"max": 405
				},
				"2023-08-18": {
					"avg": 303,
					"count": 2,
					"min": 207,
					"max": 399
				},
				"2023-08-19": {
					"avg": 72,
					"count": 1,
					"min": 72,
					"max": 72
				},
				"2023-08-20": {
					"avg": 243,
					"count": 3,
					"min": 157,
					"max": 399
				},
				"2023-08-23": {
					"avg": 595,
					"count": 4,
					"min": 57,
					"max": 2163
				},
				"2023-08-24": {
					"avg": 190,
					"count": 5,
					"min": 62,
					"max": 445
				},
				"2023-08-25": {
					"avg": 162,
					"count": 12,
					"min": 24,
					"max": 600
				},
				"2023-08-26": {
					"avg": 108,
					"count": 3,
					"min": 59,
					"max": 133
				},
				"2023-08-27": {
					"avg": 39,
					"count": 4,
					"min": 21,
					"max": 69
				},
				"2023-08-28": {
					"avg": 41,
					"count": 4,
					"min": 20,
					"max": 61
				},
				"2023-08-29": {
					"avg": 100,
					"count": 5,
					"min": 30,
					"max": 118
				},
				"2023-08-30": {
					"avg": 110,
					"count": 4,
					"min": 51,
					"max": 211
				},
				"2023-08-31": {
					"avg": 134,
					"count": 3,
					"min": 51,
					"max": 225
				},
				"2023-09-01": {
					"avg": 95,
					"count": 5,
					"min": 29,
					"max": 162
				},
				"2023-09-02": {
					"avg": 148,
					"count": 14,
					"min": 58,
					"max": 549
				},
				"2023-09-03": {
					"avg": 226,
					"count": 9,
					"min": 80,
					"max": 310
				},
				"2023-09-04": {
					"avg": 130,
					"count": 2,
					"min": 33,
					"max": 226
				},
				"2023-09-05": {
					"avg": 126,
					"count": 2,
					"min": 33,
					"max": 218
				},
				"2023-09-06": {
					"avg": 93,
					"count": 2,
					"min": 35,
					"max": 150
				},
				"2023-09-07": {
					"avg": 64,
					"count": 1,
					"min": 64,
					"max": 64
				},
				"2023-09-08": {
					"avg": 148,
					"count": 2,
					"min": 146,
					"max": 150
				},
				"2023-09-09": {
					"avg": 155,
					"count": 14,
					"min": 30,
					"max": 536
				},
				"2023-09-10": {
					"avg": 79,
					"count": 5,
					"min": 36,
					"max": 169
				},
				"2023-09-11": {
					"avg": 77,
					"count": 5,
					"min": 35,
					"max": 133
				},
				"2023-09-12": {
					"avg": 116,
					"count": 7,
					"min": 26,
					"max": 255
				},
				"2023-09-13": {
					"avg": 228,
					"count": 4,
					"min": 29,
					"max": 648
				},
				"2023-09-14": {
					"avg": 124,
					"count": 3,
					"min": 119,
					"max": 131
				},
				"2023-09-15": {
					"avg": 95,
					"count": 6,
					"min": 50,
					"max": 121
				},
				"2023-09-17": {
					"avg": 93,
					"count": 2,
					"min": 47,
					"max": 138
				},
				"2023-09-18": {
					"avg": 41,
					"count": 5,
					"min": 31,
					"max": 50
				},
				"2023-09-19": {
					"avg": 447,
					"count": 5,
					"min": 138,
					"max": 1538
				},
				"2023-09-20": {
					"avg": 33,
					"count": 2,
					"min": 26,
					"max": 39
				},
				"2023-09-21": {
					"avg": 39,
					"count": 1,
					"min": 39,
					"max": 39
				},
				"2023-09-22": {
					"avg": 128,
					"count": 1,
					"min": 128,
					"max": 128
				},
				"2023-09-23": {
					"avg": 53,
					"count": 32,
					"min": 26,
					"max": 125
				},
				"2023-09-24": {
					"avg": 165,
					"count": 5,
					"min": 50,
					"max": 600
				},
				"2023-09-25": {
					"avg": 46,
					"count": 7,
					"min": 25,
					"max": 118
				},
				"2023-09-26": {
					"avg": 109,
					"count": 3,
					"min": 79,
					"max": 124
				},
				"2023-09-27": {
					"avg": 130,
					"count": 3,
					"min": 66,
					"max": 201
				},
				"2023-09-28": {
					"avg": 162,
					"count": 2,
					"min": 79,
					"max": 244
				},
				"2023-09-29": {
					"avg": 147,
					"count": 7,
					"min": 118,
					"max": 239
				},
				"2023-09-30": {
					"avg": 404,
					"count": 10,
					"min": 20,
					"max": 1548
				},
				"2023-10-01": {
					"avg": 121,
					"count": 3,
					"min": 50,
					"max": 178
				},
				"2023-10-02": {
					"avg": 121,
					"count": 4,
					"min": 80,
					"max": 139
				},
				"2023-10-03": {
					"avg": 580,
					"count": 16,
					"min": 32,
					"max": 2046
				},
				"2023-10-04": {
					"avg": 131,
					"count": 8,
					"min": 45,
					"max": 234
				},
				"2023-10-05": {
					"avg": 77,
					"count": 4,
					"min": 32,
					"max": 127
				},
				"2023-10-06": {
					"avg": 188,
					"count": 8,
					"min": 25,
					"max": 399
				},
				"2023-10-07": {
					"avg": 28,
					"count": 8,
					"min": 25,
					"max": 35
				},
				"2023-10-08": {
					"avg": 245,
					"count": 10,
					"min": 25,
					"max": 534
				},
				"2023-10-09": {
					"avg": 35,
					"count": 10,
					"min": 25,
					"max": 119
				},
				"2023-10-10": {
					"avg": 50,
					"count": 1,
					"min": 50,
					"max": 50
				},
				"2023-10-11": {
					"avg": 120,
					"count": 3,
					"min": 38,
					"max": 161
				},
				"2023-10-12": {
					"avg": 114,
					"count": 5,
					"min": 35,
					"max": 134
				},
				"2023-10-13": {
					"avg": 62,
					"count": 3,
					"min": 25,
					"max": 80
				},
				"2023-10-15": {
					"avg": 131,
					"count": 6,
					"min": 49,
					"max": 231
				},
				"2023-10-16": {
					"avg": 99,
					"count": 2,
					"min": 49,
					"max": 149
				},
				"2023-10-17": {
					"avg": 83,
					"count": 5,
					"min": 45,
					"max": 145
				},
				"2023-10-18": {
					"avg": 199,
					"count": 3,
					"min": 50,
					"max": 399
				},
				"2023-10-19": {
					"avg": 148,
					"count": 1,
					"min": 148,
					"max": 148
				},
				"2023-10-21": {
					"avg": 144,
					"count": 1,
					"min": 144,
					"max": 144
				},
				"2023-10-22": {
					"avg": 297,
					"count": 3,
					"min": 144,
					"max": 500
				},
				"2023-10-23": {
					"avg": 121,
					"count": 7,
					"min": 35,
					"max": 198
				},
				"2023-10-24": {
					"avg": 131,
					"count": 1,
					"min": 131,
					"max": 131
				},
				"2023-10-25": {
					"avg": 64,
					"count": 10,
					"min": 10,
					"max": 141
				},
				"2023-10-26": {
					"avg": 103,
					"count": 2,
					"min": 52,
					"max": 154
				},
				"2023-10-27": {
					"avg": 201,
					"count": 4,
					"min": 119,
					"max": 435
				},
				"2023-10-28": {
					"avg": 137,
					"count": 1,
					"min": 137,
					"max": 137
				},
				"2023-10-29": {
					"avg": 294,
					"count": 5,
					"min": 25,
					"max": 498
				},
				"2023-10-30": {
					"avg": 247,
					"count": 7,
					"min": 151,
					"max": 508
				},
				"2023-10-31": {
					"avg": 134,
					"count": 7,
					"min": 20,
					"max": 179
				},
				"2023-11-01": {
					"avg": 217,
					"count": 7,
					"min": 35,
					"max": 623
				},
				"2023-11-02": {
					"avg": 32,
					"count": 2,
					"min": 30,
					"max": 35
				},
				"2023-11-03": {
					"avg": 99,
					"count": 4,
					"min": 19,
					"max": 179
				},
				"2023-11-04": {
					"avg": 200,
					"count": 2,
					"min": 152,
					"max": 247
				},
				"2023-11-06": {
					"avg": 172,
					"count": 9,
					"min": 146,
					"max": 247
				},
				"2023-11-07": {
					"avg": 185,
					"count": 3,
					"min": 134,
					"max": 244
				},
				"2023-11-08": {
					"avg": 248,
					"count": 1,
					"min": 248,
					"max": 248
				},
				"2023-11-09": {
					"avg": 116,
					"count": 5,
					"min": 36,
					"max": 250
				},
				"2023-11-10": {
					"avg": 248,
					"count": 1,
					"min": 248,
					"max": 248
				},
				"2023-11-11": {
					"avg": 118,
					"count": 5,
					"min": 102,
					"max": 130
				},
				"2023-11-12": {
					"avg": 53,
					"count": 1,
					"min": 53,
					"max": 53
				},
				"2023-11-13": {
					"avg": 372,
					"count": 1,
					"min": 372,
					"max": 372
				},
				"2023-11-14": {
					"avg": 183,
					"count": 2,
					"min": 140,
					"max": 225
				},
				"2023-11-15": {
					"avg": 110,
					"count": 4,
					"min": 19,
					"max": 225
				},
				"2023-11-16": {
					"avg": 35,
					"count": 1,
					"min": 35,
					"max": 35
				},
				"2023-11-17": {
					"avg": 249,
					"count": 8,
					"min": 58,
					"max": 600
				},
				"2023-11-19": {
					"avg": 184,
					"count": 2,
					"min": 119,
					"max": 248
				},
				"2023-11-20": {
					"avg": 49,
					"count": 1,
					"min": 49,
					"max": 49
				},
				"2023-11-21": {
					"avg": 231,
					"count": 32,
					"min": 35,
					"max": 454
				},
				"2023-11-22": {
					"avg": 157,
					"count": 15,
					"min": 40,
					"max": 179
				},
				"2023-11-23": {
					"avg": 482,
					"count": 24,
					"min": 248,
					"max": 752
				},
				"2023-11-24": {
					"avg": 162,
					"count": 38,
					"min": 19,
					"max": 428
				},
				"2023-11-25": {
					"avg": 152,
					"count": 1,
					"min": 152,
					"max": 152
				},
				"2023-11-26": {
					"avg": 74,
					"count": 4,
					"min": 34,
					"max": 120
				},
				"2023-11-27": {
					"avg": 112,
					"count": 7,
					"min": 20,
					"max": 219
				},
				"2024-05-15": {
					"avg": 57,
					"count": 1,
					"min": 57,
					"max": 57
				},
				"2024-05-16": {
					"avg": 158,
					"count": 7,
					"min": 24,
					"max": 449
				},
				"2024-05-17": {
					"avg": 177,
					"count": 80,
					"min": 13,
					"max": 531
				},
				"2024-05-18": {
					"avg": 179,
					"count": 25,
					"min": 29,
					"max": 449
				},
				"2024-05-19": {
					"avg": 83,
					"count": 3,
					"min": 25,
					"max": 146
				},
				"2024-05-20": {
					"avg": 165,
					"count": 29,
					"min": 79,
					"max": 189
				},
				"2024-05-22": {
					"avg": 139,
					"count": 14,
					"min": 25,
					"max": 167
				},
				"2024-05-23": {
					"avg": 123,
					"count": 7,
					"min": 119,
					"max": 147
				},
				"2024-05-24": {
					"avg": 45,
					"count": 18,
					"min": 39,
					"max": 105
				},
				"2024-05-25": {
					"avg": 188,
					"count": 1,
					"min": 188,
					"max": 188
				},
				"2024-05-27": {
					"avg": 163,
					"count": 7,
					"min": 31,
					"max": 242
				},
				"2024-05-29": {
					"avg": 418,
					"count": 1,
					"min": 418,
					"max": 418
				},
				"2024-05-31": {
					"avg": 122,
					"count": 4,
					"min": 33,
					"max": 171
				},
				"2024-06-02": {
					"avg": 187,
					"count": 1,
					"min": 187,
					"max": 187
				},
				"2024-06-03": {
					"avg": 179,
					"count": 11,
					"min": 174,
					"max": 229
				},
				"2024-06-04": {
					"avg": 122,
					"count": 3,
					"min": 35,
					"max": 189
				},
				"2024-06-07": {
					"avg": 115,
					"count": 7,
					"min": 50,
					"max": 238
				},
				"2024-06-08": {
					"avg": 309,
					"count": 3,
					"min": 229,
					"max": 468
				},
				"2024-06-09": {
					"avg": 89,
					"count": 2,
					"min": 35,
					"max": 142
				},
				"2024-06-11": {
					"avg": 40,
					"count": 2,
					"min": 40,
					"max": 40
				},
				"2024-06-12": {
					"avg": 35,
					"count": 1,
					"min": 35,
					"max": 35
				},
				"2024-06-13": {
					"avg": 150,
					"count": 1,
					"min": 150,
					"max": 150
				},
				"2024-06-14": {
					"avg": 162,
					"count": 2,
					"min": 150,
					"max": 174
				},
				"2024-06-15": {
					"avg": 422,
					"count": 1,
					"min": 422,
					"max": 422
				},
				"2024-06-16": {
					"avg": 198,
					"count": 3,
					"min": 163,
					"max": 235
				},
				"2024-06-17": {
					"avg": 186,
					"count": 2,
					"min": 50,
					"max": 322
				},
				"2024-06-18": {
					"avg": 180,
					"count": 2,
					"min": 171,
					"max": 189
				},
				"2024-06-20": {
					"avg": 123,
					"count": 4,
					"min": 33,
					"max": 196
				},
				"2024-06-22": {
					"avg": 167,
					"count": 6,
					"min": 39,
					"max": 221
				},
				"2024-06-26": {
					"avg": 1525,
					"count": 1,
					"min": 1525,
					"max": 1525
				},
				"2024-06-27": {
					"avg": 296,
					"count": 3,
					"min": 30,
					"max": 429
				},
				"2024-06-29": {
					"avg": 103,
					"count": 7,
					"min": 34,
					"max": 140
				},
				"2024-07-01": {
					"avg": 30,
					"count": 1,
					"min": 30,
					"max": 30
				},
				"2024-07-02": {
					"avg": 119,
					"count": 1,
					"min": 119,
					"max": 119
				},
				"2024-07-03": {
					"avg": 234,
					"count": 1,
					"min": 234,
					"max": 234
				},
				"2024-07-04": {
					"avg": 33,
					"count": 4,
					"min": 30,
					"max": 41
				},
				"2024-07-05": {
					"avg": 140,
					"count": 2,
					"min": 140,
					"max": 140
				},
				"2024-07-06": {
					"avg": 487,
					"count": 1,
					"min": 487,
					"max": 487
				},
				"2024-07-07": {
					"avg": 156,
					"count": 9,
					"min": 99,
					"max": 188
				},
				"2024-07-08": {
					"avg": 179,
					"count": 4,
					"min": 25,
					"max": 487
				},
				"2024-07-10": {
					"avg": 140,
					"count": 3,
					"min": 140,
					"max": 140
				},
				"2024-07-11": {
					"avg": 36,
					"count": 3,
					"min": 34,
					"max": 39
				},
				"2024-07-13": {
					"avg": 168,
					"count": 1,
					"min": 168,
					"max": 168
				},
				"2024-07-14": {
					"avg": 140,
					"count": 1,
					"min": 140,
					"max": 140
				},
				"2024-07-15": {
					"avg": 234,
					"count": 1,
					"min": 234,
					"max": 234
				},
				"2024-07-16": {
					"avg": 44,
					"count": 1,
					"min": 44,
					"max": 44
				},
				"2024-07-17": {
					"avg": 160,
					"count": 3,
					"min": 26,
					"max": 288
				},
				"2024-07-18": {
					"avg": 469,
					"count": 1,
					"min": 469,
					"max": 469
				},
				"2024-07-19": {
					"avg": 82,
					"count": 3,
					"min": 30,
					"max": 177
				},
				"2024-07-20": {
					"avg": 216,
					"count": 4,
					"min": 100,
					"max": 304
				},
				"2024-07-21": {
					"avg": 89,
					"count": 8,
					"min": 39,
					"max": 199
				},
				"2024-07-24": {
					"avg": 40,
					"count": 2,
					"min": 38,
					"max": 41
				},
				"2024-07-25": {
					"avg": 34,
					"count": 1,
					"min": 34,
					"max": 34
				},
				"2024-07-26": {
					"avg": 151,
					"count": 1,
					"min": 151,
					"max": 151
				},
				"2024-07-27": {
					"avg": 172,
					"count": 1,
					"min": 172,
					"max": 172
				},
				"2024-07-28": {
					"avg": 108,
					"count": 3,
					"min": 38,
					"max": 211
				},
				"2024-07-29": {
					"avg": 43,
					"count": 1,
					"min": 43,
					"max": 43
				},
				"2024-07-30": {
					"avg": 40,
					"count": 2,
					"min": 39,
					"max": 40
				},
				"2024-07-31": {
					"avg": 199,
					"count": 1,
					"min": 199,
					"max": 199
				},
				"2024-08-01": {
					"avg": 469,
					"count": 1,
					"min": 469,
					"max": 469
				},
				"2024-08-02": {
					"avg": 165,
					"count": 4,
					"min": 152,
					"max": 172
				},
				"2024-08-03": {
					"avg": 571,
					"count": 2,
					"min": 98,
					"max": 1044
				},
				"2024-08-04": {
					"avg": 140,
					"count": 3,
					"min": 99,
					"max": 197
				},
				"2024-08-05": {
					"avg": 129,
					"count": 3,
					"min": 35,
					"max": 201
				},
				"2024-08-06": {
					"avg": 35,
					"count": 1,
					"min": 35,
					"max": 35
				},
				"2024-08-07": {
					"avg": 35,
					"count": 1,
					"min": 35,
					"max": 35
				},
				"2024-08-08": {
					"avg": 126,
					"count": 4,
					"min": 55,
					"max": 224
				},
				"2024-08-10": {
					"avg": 39,
					"count": 1,
					"min": 39,
					"max": 39
				},
				"2024-08-11": {
					"avg": 248,
					"count": 3,
					"min": 35,
					"max": 487
				},
				"2024-08-12": {
					"avg": 148,
					"count": 3,
					"min": 55,
					"max": 220
				},
				"2024-08-13": {
					"avg": 158,
					"count": 5,
					"min": 140,
					"max": 165
				},
				"2024-08-14": {
					"avg": 469,
					"count": 1,
					"min": 469,
					"max": 469
				},
				"2024-08-17": {
					"avg": 240,
					"count": 5,
					"min": 34,
					"max": 569
				},
				"2024-08-19": {
					"avg": 167,
					"count": 1,
					"min": 167,
					"max": 167
				},
				"2024-08-20": {
					"avg": 162,
					"count": 4,
					"min": 147,
					"max": 174
				},
				"2024-08-21": {
					"avg": 67,
					"count": 1,
					"min": 67,
					"max": 67
				},
				"2024-08-22": {
					"avg": 55,
					"count": 1,
					"min": 55,
					"max": 55
				},
				"2024-08-23": {
					"avg": 111,
					"count": 2,
					"min": 49,
					"max": 173
				},
				"2024-08-24": {
					"avg": 59,
					"count": 9,
					"min": 25,
					"max": 124
				},
				"2024-08-25": {
					"avg": 202,
					"count": 1,
					"min": 202,
					"max": 202
				},
				"2024-08-28": {
					"avg": 103,
					"count": 2,
					"min": 46,
					"max": 160
				},
				"2024-08-30": {
					"avg": 245,
					"count": 2,
					"min": 51,
					"max": 439
				},
				"2024-08-31": {
					"avg": 36,
					"count": 1,
					"min": 36,
					"max": 36
				},
				"2024-09-01": {
					"avg": 188,
					"count": 2,
					"min": 35,
					"max": 341
				},
				"2024-09-02": {
					"avg": 25,
					"count": 1,
					"min": 25,
					"max": 25
				},
				"2024-09-03": {
					"avg": 137,
					"count": 1,
					"min": 137,
					"max": 137
				},
				"2024-09-04": {
					"avg": 139,
					"count": 2,
					"min": 28,
					"max": 249
				},
				"2024-09-05": {
					"avg": 163,
					"count": 4,
					"min": 163,
					"max": 163
				},
				"2024-09-06": {
					"avg": 358,
					"count": 2,
					"min": 147,
					"max": 569
				},
				"2024-09-07": {
					"avg": 131,
					"count": 2,
					"min": 36,
					"max": 225
				},
				"2024-09-09": {
					"avg": 131,
					"count": 2,
					"min": 109,
					"max": 153
				},
				"2024-09-11": {
					"avg": 90,
					"count": 3,
					"min": 36,
					"max": 199
				},
				"2024-09-12": {
					"avg": 376,
					"count": 1,
					"min": 376,
					"max": 376
				},
				"2024-09-13": {
					"avg": 167,
					"count": 1,
					"min": 167,
					"max": 167
				},
				"2024-09-14": {
					"avg": 298,
					"count": 7,
					"min": 36,
					"max": 583
				},
				"2024-09-15": {
					"avg": 224,
					"count": 1,
					"min": 224,
					"max": 224
				},
				"2024-09-16": {
					"avg": 167,
					"count": 2,
					"min": 163,
					"max": 171
				},
				"2024-09-17": {
					"avg": 272,
					"count": 2,
					"min": 160,
					"max": 384
				},
				"2024-09-18": {
					"avg": 202,
					"count": 1,
					"min": 202,
					"max": 202
				},
				"2024-09-19": {
					"avg": 202,
					"count": 1,
					"min": 202,
					"max": 202
				},
				"2024-09-20": {
					"avg": 35,
					"count": 10,
					"min": 26,
					"max": 36
				},
				"2024-09-21": {
					"avg": 133,
					"count": 3,
					"min": 37,
					"max": 234
				},
				"2024-09-22": {
					"avg": 311,
					"count": 4,
					"min": 36,
					"max": 569
				},
				"2024-09-23": {
					"avg": 55,
					"count": 4,
					"min": 55,
					"max": 55
				}
			},
			"avg": 154,
			"avg7": 168,
			"avg28": 168
		},
		"normal-played": {
			"history": {
				"2024-05-23": {
					"avg": 43,
					"count": 2,
					"min": 35,
					"max": 50
				},
				"2024-05-24": {
					"avg": 37,
					"count": 9,
					"min": 29,
					"max": 65
				},
				"2024-05-27": {
					"avg": 136,
					"count": 2,
					"min": 100,
					"max": 172
				},
				"2024-05-28": {
					"avg": 92,
					"count": 2,
					"min": 50,
					"max": 134
				},
				"2024-05-31": {
					"avg": 29,
					"count": 1,
					"min": 29,
					"max": 29
				},
				"2024-06-01": {
					"avg": 134,
					"count": 1,
					"min": 134,
					"max": 134
				},
				"2024-06-05": {
					"avg": 116,
					"count": 4,
					"min": 13,
					"max": 150
				},
				"2024-06-06": {
					"avg": 167,
					"count": 2,
					"min": 135,
					"max": 199
				},
				"2024-06-07": {
					"avg": 193,
					"count": 8,
					"min": 142,
					"max": 223
				},
				"2024-06-08": {
					"avg": 223,
					"count": 3,
					"min": 223,
					"max": 223
				},
				"2024-06-12": {
					"avg": 138,
					"count": 1,
					"min": 138,
					"max": 138
				},
				"2024-06-15": {
					"avg": 201,
					"count": 1,
					"min": 201,
					"max": 201
				},
				"2024-06-17": {
					"avg": 130,
					"count": 1,
					"min": 130,
					"max": 130
				},
				"2024-06-18": {
					"avg": 97,
					"count": 1,
					"min": 97,
					"max": 97
				},
				"2024-06-19": {
					"avg": 151,
					"count": 2,
					"min": 150,
					"max": 151
				},
				"2024-06-20": {
					"avg": 256,
					"count": 2,
					"min": 237,
					"max": 274
				},
				"2024-06-21": {
					"avg": 99,
					"count": 4,
					"min": 99,
					"max": 99
				},
				"2024-06-22": {
					"avg": 378,
					"count": 1,
					"min": 378,
					"max": 378
				},
				"2024-06-24": {
					"avg": 29,
					"count": 2,
					"min": 29,
					"max": 29
				},
				"2024-06-25": {
					"avg": 224,
					"count": 1,
					"min": 224,
					"max": 224
				},
				"2024-06-27": {
					"avg": 72,
					"count": 4,
					"min": 31,
					"max": 193
				},
				"2024-06-29": {
					"avg": 120,
					"count": 5,
					"min": 46,
					"max": 147
				},
				"2024-07-02": {
					"avg": 187,
					"count": 2,
					"min": 187,
					"max": 187
				},
				"2024-07-04": {
					"avg": 97,
					"count": 1,
					"min": 97,
					"max": 97
				},
				"2024-07-07": {
					"avg": 127,
					"count": 1,
					"min": 127,
					"max": 127
				},
				"2024-07-08": {
					"avg": 33,
					"count": 1,
					"min": 33,
					"max": 33
				},
				"2024-07-09": {
					"avg": 28,
					"count": 1,
					"min": 28,
					"max": 28
				},
				"2024-07-11": {
					"avg": 25,
					"count": 1,
					"min": 25,
					"max": 25
				},
				"2024-07-12": {
					"avg": 79,
					"count": 1,
					"min": 79,
					"max": 79
				},
				"2024-07-16": {
					"avg": 111,
					"count": 3,
					"min": 35,
					"max": 150
				},
				"2024-07-17": {
					"avg": 113,
					"count": 3,
					"min": 28,
					"max": 155
				},
				"2024-07-19": {
					"avg": 42,
					"count": 7,
					"min": 25,
					"max": 115
				},
				"2024-07-20": {
					"avg": 63,
					"count": 4,
					"min": 46,
					"max": 114
				},
				"2024-07-22": {
					"avg": 81,
					"count": 2,
					"min": 80,
					"max": 82
				},
				"2024-07-23": {
					"avg": 139,
					"count": 1,
					"min": 139,
					"max": 139
				},
				"2024-07-26": {
					"avg": 45,
					"count": 3,
					"min": 45,
					"max": 45
				},
				"2024-08-04": {
					"avg": 161,
					"count": 1,
					"min": 161,
					"max": 161
				},
				"2024-08-07": {
					"avg": 172,
					"count": 1,
					"min": 172,
					"max": 172
				},
				"2024-08-11": {
					"avg": 33,
					"count": 1,
					"min": 33,
					"max": 33
				},
				"2024-08-12": {
					"avg": 35,
					"count": 1,
					"min": 35,
					"max": 35
				},
				"2024-08-13": {
					"avg": 86,
					"count": 1,
					"min": 86,
					"max": 86
				},
				"2024-08-14": {
					"avg": 161,
					"count": 3,
					"min": 161,
					"max": 161
				},
				"2024-08-16": {
					"avg": 81,
					"count": 5,
					"min": 21,
					"max": 154
				},
				"2024-08-17": {
					"avg": 138,
					"count": 1,
					"min": 138,
					"max": 138
				},
				"2024-08-19": {
					"avg": 81,
					"count": 3,
					"min": 25,
					"max": 152
				},
				"2024-08-20": {
					"avg": 128,
					"count": 2,
					"min": 26,
					"max": 230
				},
				"2024-08-21": {
					"avg": 91,
					"count": 2,
					"min": 65,
					"max": 116
				},
				"2024-08-23": {
					"avg": 25,
					"count": 2,
					"min": 25,
					"max": 25
				},
				"2024-08-24": {
					"avg": 152,
					"count": 4,
					"min": 152,
					"max": 152
				},
				"2024-08-25": {
					"avg": 148,
					"count": 1,
					"min": 148,
					"max": 148
				},
				"2024-08-26": {
					"avg": 114,
					"count": 2,
					"min": 86,
					"max": 142
				},
				"2024-08-27": {
					"avg": 193,
					"count": 2,
					"min": 46,
					"max": 339
				},
				"2024-08-29": {
					"avg": 152,
					"count": 1,
					"min": 152,
					"max": 152
				},
				"2024-08-30": {
					"avg": 147,
					"count": 2,
					"min": 147,
					"max": 147
				},
				"2024-09-01": {
					"avg": 45,
					"count": 4,
					"min": 45,
					"max": 45
				},
				"2024-09-06": {
					"avg": 133,
					"count": 2,
					"min": 80,
					"max": 186
				},
				"2024-09-08": {
					"avg": 26,
					"count": 1,
					"min": 26,
					"max": 26
				},
				"2024-09-10": {
					"avg": 39,
					"count": 2,
					"min": 28,
					"max": 49
				},
				"2024-09-11": {
					"avg": 31,
					"count": 1,
					"min": 31,
					"max": 31
				},
				"2024-09-13": {
					"avg": 88,
					"count": 1,
					"min": 88,
					"max": 88
				},
				"2024-09-14": {
					"avg": 27,
					"count": 1,
					"min": 27,
					"max": 27
				},
				"2024-09-16": {
					"avg": 45,
					"count": 10,
					"min": 45,
					"max": 45
				},
				"2024-09-21": {
					"avg": 172,
					"count": 1,
					"min": 172,
					"max": 172
				}
			},
			"avg": 102,
			"avg7": -1,
			"avg28": -1
		},
		"normal-poor": {
			"history": {
				"2024-05-28": {
					"avg": 214,
					"count": 3,
					"min": 214,
					"max": 214
				},
				"2024-05-31": {
					"avg": 35,
					"count": 1,
					"min": 35,
					"max": 35
				},
				"2024-06-25": {
					"avg": 64,
					"count": 1,
					"min": 64,
					"max": 64
				},
				"2024-06-28": {
					"avg": 18,
					"count": 1,
					"min": 18,
					"max": 18
				},
				"2024-07-02": {
					"avg": 56,
					"count": 3,
					"min": 15,
					"max": 137
				},
				"2024-07-04": {
					"avg": 18,
					"count": 1,
					"min": 18,
					"max": 18
				},
				"2024-07-10": {
					"avg": 94,
					"count": 2,
					"min": 70,
					"max": 118
				},
				"2024-07-18": {
					"avg": 209,
					"count": 3,
					"min": 209,
					"max": 209
				},
				"2024-07-19": {
					"avg": 35,
					"count": 1,
					"min": 35,
					"max": 35
				},
				"2024-07-21": {
					"avg": 35,
					"count": 1,
					"min": 35,
					"max": 35
				},
				"2024-07-23": {
					"avg": 55,
					"count": 6,
					"min": 25,
					"max": 115
				},
				"2024-07-26": {
					"avg": 133,
					"count": 3,
					"min": 108,
					"max": 145
				},
				"2024-07-27": {
					"avg": 578,
					"count": 1,
					"min": 578,
					"max": 578
				},
				"2024-07-29": {
					"avg": 174,
					"count": 1,
					"min": 174,
					"max": 174
				},
				"2024-08-02": {
					"avg": 18,
					"count": 1,
					"min": 18,
					"max": 18
				},
				"2024-08-08": {
					"avg": 147,
					"count": 4,
					"min": 142,
					"max": 152
				},
				"2024-08-16": {
					"avg": 154,
					"count": 5,
					"min": 116,
					"max": 184
				},
				"2024-08-18": {
					"avg": 653,
					"count": 3,
					"min": 653,
					"max": 653
				},
				"2024-08-20": {
					"avg": 35,
					"count": 1,
					"min": 35,
					"max": 35
				},
				"2024-08-23": {
					"avg": 25,
					"count": 1,
					"min": 25,
					"max": 25
				},
				"2024-09-01": {
					"avg": 174,
					"count": 1,
					"min": 174,
					"max": 174
				},
				"2024-09-04": {
					"avg": 137,
					"count": 1,
					"min": 137,
					"max": 137
				},
				"2024-09-06": {
					"avg": 25,
					"count": 1,
					"min": 25,
					"max": 25
				},
				"2024-09-18": {
					"avg": 52,
					"count": 1,
					"min": 52,
					"max": 52
				}
			},
			"avg": 151,
			"avg7": -1,
			"avg28": -1
		},
		"normal-nearmint": {
			"history": {
				"2024-05-24": {
					"avg": 156,
					"count": 1,
					"min": 156,
					"max": 156
				},
				"2024-05-25": {
					"avg": 252,
					"count": 1,
					"min": 252,
					"max": 252
				},
				"2024-05-26": {
					"avg": 119,
					"count": 8,
					"min": 119,
					"max": 119
				},
				"2024-05-27": {
					"avg": 324,
					"count": 3,
					"min": 288,
					"max": 373
				},
				"2024-05-31": {
					"avg": 58,
					"count": 1,
					"min": 58,
					"max": 58
				},
				"2024-06-01": {
					"avg": 173,
					"count": 3,
					"min": 55,
					"max": 252
				},
				"2024-06-02": {
					"avg": 37,
					"count": 1,
					"min": 37,
					"max": 37
				},
				"2024-06-03": {
					"avg": 158,
					"count": 1,
					"min": 158,
					"max": 158
				},
				"2024-06-04": {
					"avg": 177,
					"count": 1,
					"min": 177,
					"max": 177
				},
				"2024-06-05": {
					"avg": 218,
					"count": 2,
					"min": 210,
					"max": 225
				},
				"2024-06-06": {
					"avg": 752,
					"count": 1,
					"min": 752,
					"max": 752
				},
				"2024-06-07": {
					"avg": 289,
					"count": 2,
					"min": 179,
					"max": 399
				},
				"2024-06-08": {
					"avg": 189,
					"count": 1,
					"min": 189,
					"max": 189
				},
				"2024-06-10": {
					"avg": 304,
					"count": 1,
					"min": 304,
					"max": 304
				},
				"2024-06-11": {
					"avg": 264,
					"count": 3,
					"min": 197,
					"max": 399
				},
				"2024-06-13": {
					"avg": 184,
					"count": 2,
					"min": 142,
					"max": 225
				},
				"2024-06-14": {
					"avg": 76,
					"count": 2,
					"min": 53,
					"max": 99
				},
				"2024-06-15": {
					"avg": 118,
					"count": 4,
					"min": 53,
					"max": 312
				},
				"2024-06-16": {
					"avg": 264,
					"count": 3,
					"min": 56,
					"max": 409
				},
				"2024-06-17": {
					"avg": 99,
					"count": 2,
					"min": 55,
					"max": 142
				},
				"2024-06-18": {
					"avg": 152,
					"count": 1,
					"min": 152,
					"max": 152
				},
				"2024-06-19": {
					"avg": 285,
					"count": 2,
					"min": 172,
					"max": 398
				},
				"2024-06-20": {
					"avg": 341,
					"count": 3,
					"min": 211,
					"max": 600
				},
				"2024-06-21": {
					"avg": 39,
					"count": 1,
					"min": 39,
					"max": 39
				},
				"2024-06-23": {
					"avg": 338,
					"count": 2,
					"min": 231,
					"max": 444
				},
				"2024-06-24": {
					"avg": 175,
					"count": 1,
					"min": 175,
					"max": 175
				},
				"2024-06-26": {
					"avg": 2398,
					"count": 1,
					"min": 2398,
					"max": 2398
				},
				"2024-06-28": {
					"avg": 77,
					"count": 1,
					"min": 77,
					"max": 77
				},
				"2024-06-29": {
					"avg": 215,
					"count": 2,
					"min": 77,
					"max": 353
				},
				"2024-07-01": {
					"avg": 154,
					"count": 2,
					"min": 77,
					"max": 231
				},
				"2024-07-02": {
					"avg": 77,
					"count": 2,
					"min": 77,
					"max": 77
				},
				"2024-07-03": {
					"avg": 120,
					"count": 6,
					"min": 51,
					"max": 148
				},
				"2024-07-04": {
					"avg": 444,
					"count": 1,
					"min": 444,
					"max": 444
				},
				"2024-07-05": {
					"avg": 349,
					"count": 15,
					"min": 77,
					"max": 523
				},
				"2024-07-06": {
					"avg": 278,
					"count": 1,
					"min": 278,
					"max": 278
				},
				"2024-07-07": {
					"avg": 109,
					"count": 2,
					"min": 46,
					"max": 171
				},
				"2024-07-08": {
					"avg": 177,
					"count": 1,
					"min": 177,
					"max": 177
				},
				"2024-07-09": {
					"avg": 88,
					"count": 2,
					"min": 77,
					"max": 99
				},
				"2024-07-10": {
					"avg": 57,
					"count": 6,
					"min": 48,
					"max": 77
				},
				"2024-07-11": {
					"avg": 96,
					"count": 10,
					"min": 48,
					"max": 270
				},
				"2024-07-12": {
					"avg": 195,
					"count": 3,
					"min": 77,
					"max": 309
				},
				"2024-07-14": {
					"avg": 309,
					"count": 1,
					"min": 309,
					"max": 309
				},
				"2024-07-16": {
					"avg": 135,
					"count": 3,
					"min": 77,
					"max": 199
				},
				"2024-07-17": {
					"avg": 64,
					"count": 3,
					"min": 64,
					"max": 64
				},
				"2024-07-19": {
					"avg": 425,
					"count": 3,
					"min": 175,
					"max": 874
				},
				"2024-07-20": {
					"avg": 183,
					"count": 7,
					"min": 57,
					"max": 204
				},
				"2024-07-22": {
					"avg": 129,
					"count": 6,
					"min": 77,
					"max": 191
				},
				"2024-07-23": {
					"avg": 202,
					"count": 3,
					"min": 199,
					"max": 204
				},
				"2024-07-25": {
					"avg": 77,
					"count": 1,
					"min": 77,
					"max": 77
				},
				"2024-07-26": {
					"avg": 236,
					"count": 3,
					"min": 172,
					"max": 337
				},
				"2024-07-27": {
					"avg": 217,
					"count": 4,
					"min": 77,
					"max": 564
				},
				"2024-07-28": {
					"avg": 281,
					"count": 2,
					"min": 225,
					"max": 336
				},
				"2024-07-29": {
					"avg": 229,
					"count": 3,
					"min": 175,
					"max": 326
				},
				"2024-07-30": {
					"avg": 243,
					"count": 3,
					"min": 77,
					"max": 444
				},
				"2024-07-31": {
					"avg": 55,
					"count": 1,
					"min": 55,
					"max": 55
				},
				"2024-08-03": {
					"avg": 190,
					"count": 3,
					"min": 77,
					"max": 247
				},
				"2024-08-05": {
					"avg": 219,
					"count": 1,
					"min": 219,
					"max": 219
				},
				"2024-08-06": {
					"avg": 158,
					"count": 3,
					"min": 77,
					"max": 198
				},
				"2024-08-07": {
					"avg": 128,
					"count": 2,
					"min": 77,
					"max": 179
				},
				"2024-08-09": {
					"avg": 77,
					"count": 1,
					"min": 77,
					"max": 77
				},
				"2024-08-10": {
					"avg": 386,
					"count": 3,
					"min": 77,
					"max": 876
				},
				"2024-08-11": {
					"avg": 143,
					"count": 5,
					"min": 49,
					"max": 166
				},
				"2024-08-12": {
					"avg": 118,
					"count": 2,
					"min": 77,
					"max": 159
				},
				"2024-08-15": {
					"avg": 143,
					"count": 2,
					"min": 77,
					"max": 209
				},
				"2024-08-16": {
					"avg": 324,
					"count": 2,
					"min": 49,
					"max": 599
				},
				"2024-08-19": {
					"avg": 76,
					"count": 2,
					"min": 75,
					"max": 77
				},
				"2024-08-21": {
					"avg": 124,
					"count": 3,
					"min": 77,
					"max": 199
				},
				"2024-08-22": {
					"avg": 247,
					"count": 4,
					"min": 247,
					"max": 247
				},
				"2024-08-26": {
					"avg": 77,
					"count": 1,
					"min": 77,
					"max": 77
				},
				"2024-08-29": {
					"avg": 77,
					"count": 1,
					"min": 77,
					"max": 77
				},
				"2024-08-30": {
					"avg": 188,
					"count": 2,
					"min": 49,
					"max": 326
				},
				"2024-09-01": {
					"avg": 205,
					"count": 2,
					"min": 164,
					"max": 245
				},
				"2024-09-03": {
					"avg": 247,
					"count": 1,
					"min": 247,
					"max": 247
				},
				"2024-09-04": {
					"avg": 77,
					"count": 1,
					"min": 77,
					"max": 77
				},
				"2024-09-05": {
					"avg": 499,
					"count": 1,
					"min": 499,
					"max": 499
				},
				"2024-09-06": {
					"avg": 74,
					"count": 2,
					"min": 51,
					"max": 96
				},
				"2024-09-07": {
					"avg": 204,
					"count": 4,
					"min": 51,
					"max": 449
				},
				"2024-09-09": {
					"avg": 94,
					"count": 5,
					"min": 51,
					"max": 176
				},
				"2024-09-10": {
					"avg": 129,
					"count": 5,
					"min": 50,
					"max": 325
				},
				"2024-09-11": {
					"avg": 138,
					"count": 3,
					"min": 51,
					"max": 215
				},
				"2024-09-12": {
					"avg": 51,
					"count": 4,
					"min": 51,
					"max": 51
				},
				"2024-09-13": {
					"avg": 234,
					"count": 1,
					"min": 234,
					"max": 234
				},
				"2024-09-14": {
					"avg": 67,
					"count": 1,
					"min": 67,
					"max": 67
				},
				"2024-09-16": {
					"avg": 79,
					"count": 1,
					"min": 79,
					"max": 79
				},
				"2024-09-17": {
					"avg": 232,
					"count": 1,
					"min": 232,
					"max": 232
				},
				"2024-09-18": {
					"avg": 120,
					"count": 4,
					"min": 67,
					"max": 195
				},
				"2024-09-19": {
					"avg": 215,
					"count": 1,
					"min": 215,
					"max": 215
				},
				"2024-09-20": {
					"avg": 252,
					"count": 2,
					"min": 231,
					"max": 272
				},
				"2024-09-21": {
					"avg": 107,
					"count": 3,
					"min": 64,
					"max": 178
				},
				"2024-09-22": {
					"avg": 185,
					"count": 1,
					"min": 185,
					"max": 185
				}
			},
			"avg": 194,
			"avg7": -1,
			"avg28": -1
		},
		"normal-used": {
			"history": {
				"2024-05-26": {
					"avg": 36,
					"count": 2,
					"min": 36,
					"max": 36
				},
				"2024-05-29": {
					"avg": 75,
					"count": 1,
					"min": 75,
					"max": 75
				},
				"2024-06-02": {
					"avg": 136,
					"count": 1,
					"min": 136,
					"max": 136
				},
				"2024-06-05": {
					"avg": 50,
					"count": 1,
					"min": 50,
					"max": 50
				},
				"2024-06-10": {
					"avg": 25,
					"count": 1,
					"min": 25,
					"max": 25
				},
				"2024-06-20": {
					"avg": 39,
					"count": 4,
					"min": 25,
					"max": 80
				},
				"2024-06-21": {
					"avg": 147,
					"count": 3,
					"min": 147,
					"max": 147
				},
				"2024-06-22": {
					"avg": 184,
					"count": 1,
					"min": 184,
					"max": 184
				},
				"2024-06-23": {
					"avg": 146,
					"count": 1,
					"min": 146,
					"max": 146
				},
				"2024-06-25": {
					"avg": 132,
					"count": 1,
					"min": 132,
					"max": 132
				},
				"2024-06-26": {
					"avg": 255,
					"count": 1,
					"min": 255,
					"max": 255
				},
				"2024-06-27": {
					"avg": 93,
					"count": 2,
					"min": 39,
					"max": 147
				},
				"2024-07-03": {
					"avg": 39,
					"count": 2,
					"min": 39,
					"max": 39
				},
				"2024-07-04": {
					"avg": 75,
					"count": 3,
					"min": 31,
					"max": 164
				},
				"2024-07-06": {
					"avg": 25,
					"count": 1,
					"min": 25,
					"max": 25
				},
				"2024-07-07": {
					"avg": 25,
					"count": 1,
					"min": 25,
					"max": 25
				},
				"2024-07-10": {
					"avg": 134,
					"count": 6,
					"min": 31,
					"max": 538
				},
				"2024-07-11": {
					"avg": 34,
					"count": 3,
					"min": 31,
					"max": 39
				},
				"2024-07-13": {
					"avg": 119,
					"count": 1,
					"min": 119,
					"max": 119
				},
				"2024-07-19": {
					"avg": 31,
					"count": 1,
					"min": 31,
					"max": 31
				},
				"2024-07-23": {
					"avg": 109,
					"count": 1,
					"min": 109,
					"max": 109
				},
				"2024-07-25": {
					"avg": 39,
					"count": 1,
					"min": 39,
					"max": 39
				},
				"2024-07-27": {
					"avg": 80,
					"count": 2,
					"min": 80,
					"max": 80
				},
				"2024-08-03": {
					"avg": 35,
					"count": 1,
					"min": 35,
					"max": 35
				},
				"2024-08-08": {
					"avg": 152,
					"count": 1,
					"min": 152,
					"max": 152
				},
				"2024-08-10": {
					"avg": 26,
					"count": 1,
					"min": 26,
					"max": 26
				},
				"2024-08-13": {
					"avg": 35,
					"count": 4,
					"min": 35,
					"max": 35
				},
				"2024-08-14": {
					"avg": 154,
					"count": 4,
					"min": 151,
					"max": 155
				},
				"2024-08-16": {
					"avg": 131,
					"count": 4,
					"min": 119,
					"max": 142
				},
				"2024-08-18": {
					"avg": 511,
					"count": 3,
					"min": 224,
					"max": 654
				},
				"2024-08-21": {
					"avg": 47,
					"count": 5,
					"min": 27,
					"max": 77
				},
				"2024-08-24": {
					"avg": 149,
					"count": 1,
					"min": 149,
					"max": 149
				},
				"2024-08-30": {
					"avg": 27,
					"count": 1,
					"min": 27,
					"max": 27
				},
				"2024-09-06": {
					"avg": 27,
					"count": 1,
					"min": 27,
					"max": 27
				},
				"2024-09-08": {
					"avg": 49,
					"count": 1,
					"min": 49,
					"max": 49
				},
				"2024-09-14": {
					"avg": 40,
					"count": 1,
					"min": 40,
					"max": 40
				},
				"2024-09-15": {
					"avg": 26,
					"count": 1,
					"min": 26,
					"max": 26
				},
				"2024-09-18": {
					"avg": 144,
					"count": 2,
					"min": 140,
					"max": 147
				},
				"2024-09-19": {
					"avg": 125,
					"count": 1,
					"min": 125,
					"max": 125
				},
				"2024-09-20": {
					"avg": 213,
					"count": 1,
					"min": 213,
					"max": 213
				}
			},
			"avg": 105,
			"avg7": -1,
			"avg28": -1
		}
	}
}