{
	"data": {
		"normal-good": {
			"history": {
				"2022-11-12": {
					"avg": 40,
					"count": 1
				},
				"2022-11-13": {
					"avg": 81,
					"count": 12
				},
				"2022-11-14": {
					"avg": 114,
					"count": 1
				},
				"2022-11-15": {
					"avg": 131,
					"count": 2
				},
				"2022-11-16": {
					"avg": 24,
					"count": 56
				},
				"2022-11-17": {
					"avg": 167,
					"count": 5
				},
				"2022-11-18": {
					"avg": 63,
					"count": 2
				},
				"2022-11-19": {
					"avg": 256,
					"count": 3,
					"min": 27,
					"max": 537
				},
				"2022-11-21": {
					"avg": 42,
					"count": 1,
					"min": 42,
					"max": 42
				},
				"2022-11-22": {
					"avg": 724,
					"count": 19,
					"min": 33,
					"max": 835
				},
				"2022-11-24": {
					"avg": 101,
					"count": 3,
					"min": 13,
					"max": 199
				},
				"2022-11-25": {
					"avg": 74,
					"count": 14,
					"min": 2,
					"max": 420
				},
				"2022-11-26": {
					"avg": 125,
					"count": 1,
					"min": 125,
					"max": 125
				},
				"2022-11-27": {
					"avg": 57,
					"count": 5,
					"min": 13,
					"max": 199
				},
				"2022-11-28": {
					"avg": 79,
					"count": 5,
					"min": 40,
					"max": 126
				},
				"2022-11-29": {
					"avg": 44,
					"count": 4,
					"min": 13,
					"max": 124
				},
				"2022-11-30": {
					"avg": 104,
					"count": 1,
					"min": 104,
					"max": 104
				},
				"2022-12-01": {
					"avg": 18,
					"count": 1,
					"min": 18,
					"max": 18
				},
				"2022-12-02": {
					"avg": 41,
					"count": 2,
					"min": 25,
					"max": 56
				},
				"2022-12-03": {
					"avg": 207,
					"count": 4,
					"min": 25,
					"max": 649
				},
				"2022-12-04": {
					"avg": 76,
					"count": 4,
					"min": 42,
					"max": 178
				},
				"2022-12-05": {
					"avg": 72,
					"count": 42,
					"min": 22,
					"max": 250
				},
				"2022-12-06": {
					"avg": 286,
					"count": 4,
					"min": 38,
					"max": 844
				},
				"2022-12-07": {
					"avg": 124,
					"count": 11,
					"min": 18,
					"max": 476
				},
				"2022-12-09": {
					"avg": 77,
					"count": 2,
					"min": 20,
					"max": 133
				},
				"2022-12-10": {
					"avg": 95,
					"count": 4,
					"min": 42,
					"max": 129
				},
				"2022-12-11": {
					"avg": 154,
					"count": 2,
					"min": 108,
					"max": 199
				},
				"2022-12-13": {
					"avg": 137,
					"count": 2,
					"min": 27,
					"max": 246
				},
				"2022-12-15": {
					"avg": 383,
					"count": 2,
					"min": 121,
					"max": 644
				},
				"2022-12-16": {
					"avg": 104,
					"count": 24,
					"min": 15,
					"max": 482
				},
				"2022-12-17": {
					"avg": 64,
					"count": 5,
					"min": 20,
					"max": 121
				},
				"2022-12-18": {
					"avg": 293,
					"count": 1,
					"min": 293,
					"max": 293
				},
				"2022-12-19": {
					"avg": 113,
					"count": 3,
					"min": 42,
					"max": 199
				},
				"2022-12-20": {
					"avg": 135,
					"count": 1,
					"min": 135,
					"max": 135
				},
				"2022-12-21": {
					"avg": 136,
					"count": 1,
					"min": 136,
					"max": 136
				},
				"2022-12-22": {
					"avg": 95,
					"count": 3,
					"min": 38,
					"max": 135
				},
				"2022-12-23": {
					"avg": 91,
					"count": 7,
					"min": 20,
					"max": 141
				},
				"2022-12-24": {
					"avg": 75,
					"count": 2,
					"min": 75,
					"max": 75
				},
				"2022-12-26": {
					"avg": 204,
					"count": 2,
					"min": 204,
					"max": 204
				},
				"2022-12-27": {
					"avg": 140,
					"count": 2,
					"min": 49,
					"max": 231
				},
				"2022-12-28": {
					"avg": 72,
					"count": 5,
					"min": 25,
					"max": 124
				},
				"2022-12-29": {
					"avg": 77,
					"count": 3,
					"min": 42,
					"max": 141
				},
				"2022-12-30": {
					"avg": 206,
					"count": 3,
					"min": 20,
					"max": 299
				},
				"2022-12-31": {
					"avg": 197,
					"count": 6,
					"min": 180,
					"max": 206
				},
				"2023-01-01": {
					"avg": 151,
					"count": 3,
					"min": 121,
					"max": 209
				},
				"2023-01-02": {
					"avg": 160,
					"count": 34,
					"min": 26,
					"max": 537
				},
				"2023-01-03": {
					"avg": 70,
					"count": 13,
					"min": 20,
					"max": 299
				},
				"2023-01-04": {
					"avg": 49,
					"count": 1,
					"min": 49,
					"max": 49
				},
				"2023-01-05": {
					"avg": 130,
					"count": 6,
					"min": 49,
					"max": 225
				},
				"2023-01-06": {
					"avg": 102,
					"count": 4,
					"min": 49,
					"max": 199
				},
				"2023-01-07": {
					"avg": 126,
					"count": 3,
					"min": 26,
					"max": 204
				},
				"2023-01-08": {
					"avg": 419,
					"count": 2,
					"min": 248,
					"max": 590
				},
				"2023-01-09": {
					"avg": 91,
					"count": 3,
					"min": 29,
					"max": 124
				},
				"2023-01-10": {
					"avg": 20,
					"count": 4,
					"min": 20,
					"max": 20
				},
				"2023-01-11": {
					"avg": 154,
					"count": 21,
					"min": 23,
					"max": 229
				},
				"2023-01-12": {
					"avg": 108,
					"count": 7,
					"min": 39,
					"max": 248
				},
				"2023-02-06": {
					"avg": 31,
					"count": 25,
					"min": 20,
					"max": 142
				},
				"2023-02-07": {
					"avg": 19,
					"count": 1,
					"min": 19,
					"max": 19
				},
				"2023-02-08": {
					"avg": 100,
					"count": 1,
					"min": 100,
					"max": 100
				},
				"2023-02-10": {
					"avg": 59,
					"count": 4,
					"min": 3,
					"max": 198
				},
				"2023-02-11": {
					"avg": 108,
					"count": 7,
					"min": 30,
					"max": 149
				},
				"2023-02-12": {
					"avg": 88,
					"count": 7,
					"min": 19,
					"max": 197
				},
				"2023-02-13": {
					"avg": 110,
					"count": 3,
					"min": 110,
					"max": 110
				},
				"2023-02-15": {
					"avg": 147,
					"count": 12,
					"min": 29,
					"max": 266
				},
				"2023-02-16": {
					"avg": 23,
					"count": 1,
					"min": 23,
					"max": 23
				},
				"2023-02-17": {
					"avg": 154,
					"count": 1,
					"min": 154,
					"max": 154
				},
				"2023-02-18": {
					"avg": 179,
					"count": 2,
					"min": 159,
					"max": 199
				},
				"2023-02-19": {
					"avg": 68,
					"count": 4,
					"min": 23,
					"max": 148
				},
				"2023-02-20": {
					"avg": 117,
					"count": 13,
					"min": 23,
					"max": 186
				},
				"2023-02-21": {
					"avg": 112,
					"count": 2,
					"min": 26,
					"max": 198
				},
				"2023-02-22": {
					"avg": 88,
					"count": 2,
					"min": 16,
					"max": 160
				},
				"2023-02-23": {
					"avg": 58,
					"count": 9,
					"min": 23,
					"max": 199
				},
				"2023-02-24": {
					"avg": 84,
					"count": 2,
					"min": 49,
					"max": 118
				},
				"2023-02-25": {
					"avg": 120,
					"count": 2,
					"min": 100,
					"max": 140
				},
				"2023-02-26": {
					"avg": 75,
					"count": 3,
					"min": 33,
					"max": 134
				},
				"2023-02-27": {
					"avg": 149,
					"count": 2,
					"min": 147,
					"max": 151
				},
				"2023-02-28": {
					"avg": 81,
					"count": 9,
					"min": 23,
					"max": 169
				},
				"2023-03-01": {
					"avg": 107,
					"count": 4,
					"min": 23,
					"max": 199
				},
				"2023-03-02": {
					"avg": 135,
					"count": 5,
					"min": 31,
					"max": 174
				},
				"2023-03-03": {
					"avg": 92,
					"count": 5,
					"min": 24,
					"max": 198
				},
				"2023-03-04": {
					"avg": 100,
					"count": 1,
					"min": 100,
					"max": 100
				},
				"2023-03-06": {
					"avg": 26,
					"count": 5,
					"min": 25,
					"max": 31
				},
				"2023-03-07": {
					"avg": 99,
					"count": 1,
					"min": 99,
					"max": 99
				},
				"2023-03-09": {
					"avg": 105,
					"count": 6,
					"min": 49,
					"max": 198
				},
				"2023-03-10": {
					"avg": 49,
					"count": 1,
					"min": 49,
					"max": 49
				},
				"2023-03-11": {
					"avg": 40,
					"count": 1,
					"min": 40,
					"max": 40
				},
				"2023-03-13": {
					"avg": 137,
					"count": 2,
					"min": 52,
					"max": 221
				},
				"2023-03-14": {
					"avg": 115,
					"count": 7,
					"min": 23,
					"max": 152
				},
				"2023-03-15": {
					"avg": 92,
					"count": 3,
					"min": 25,
					"max": 127
				},
				"2023-03-16": {
					"avg": 244,
					"count": 2,
					"min": 244,
					"max": 244
				},
				"2023-03-17": {
					"avg": 70,
					"count": 3,
					"min": 35,
					"max": 124
				},
				"2023-03-18": {
					"avg": 155,
					"count": 1,
					"min": 155,
					"max": 155
				},
				"2023-03-19": {
					"avg": 49,
					"count": 5,
					"min": 16,
					"max": 155
				},
				"2023-03-20": {
					"avg": 130,
					"count": 3,
					"min": 124,
					"max": 133
				},
				"2023-03-21": {
					"avg": 197,
					"count": 1,
					"min": 197,
					"max": 197
				},
				"2023-03-22": {
					"avg": 332,
					"count": 60,
					"min": 325,
					"max": 592
				},
				"2023-03-23": {
					"avg": 8,
					"count": 1,
					"min": 8,
					"max": 8
				},
				"2023-03-24": {
					"avg": 24,
					"count": 3,
					"min": 21,
					"max": 26
				},
				"2023-03-25": {
					"avg": 172,
					"count": 32,
					"min": 170,
					"max": 241
				},
				"2023-03-28": {
					"avg": 174,
					"count": 4,
					"min": 42,
					"max": 395
				},
				"2023-03-29": {
					"avg": 121,
					"count": 13,
					"min": 50,
					"max": 240
				},
				"2023-03-31": {
					"avg": 140,
					"count": 6,
					"min": 41,
					"max": 222
				},
				"2023-04-01": {
					"avg": 185,
					"count": 6,
					"min": 29,
					"max": 240
				},
				"2023-04-02": {
					"avg": 118,
					"count": 4,
					"min": 20,
					"max": 158
				},
				"2023-04-03": {
					"avg": 231,
					"count": 47,
					"min": 29,
					"max": 378
				},
				"2023-04-04": {
					"avg": 330,
					"count": 3,
					"min": 25,
					"max": 842
				},
				"2023-04-05": {
					"avg": 94,
					"count": 3,
					"min": 30,
					"max": 129
				},
				"2023-04-06": {
					"avg": 45,
					"count": 1,
					"min": 45,
					"max": 45
				},
				"2023-04-07": {
					"avg": 103,
					"count": 3,
					"min": 49,
					"max": 200
				},
				"2023-04-08": {
					"avg": 49,
					"count": 1,
					"min": 49,
					"max": 49
				},
				"2023-04-09": {
					"avg": 49,
					"count": 7,
					"min": 29,
					"max": 124
				},
				"2023-04-10": {
					"avg": 121,
					"count": 3,
					"min": 98,
					"max": 147
				},
				"2023-04-13": {
					"avg": 124,
					"count": 7,
					"min": 42,
					"max": 149
				},
				"2023-04-14": {
					"avg": 153,
					"count": 1,
					"min": 153,
					"max": 153
				},
				"2023-04-16": {
					"avg": 50,
					"count": 1,
					"min": 50,
					"max": 50
				},
				"2023-04-17": {
					"avg": 151,
					"count": 2,
					"min": 113,
					"max": 188
				},
				"2023-04-18": {
					"avg": 69,
					"count": 2,
					"min": 25,
					"max": 113
				},
				"2023-04-19": {
					"avg": 89,
					"count": 2,
					"min": 59,
					"max": 118
				},
				"2023-04-20": {
					"avg": 114,
					"count": 1,
					"min": 114,
					"max": 114
				},
				"2023-04-21": {
					"avg": 42,
					"count": 1,
					"min": 42,
					"max": 42
				},
				"2023-04-22": {
					"avg": 119,
					"count": 10,
					"min": 22,
					"max": 441
				},
				"2023-04-23": {
					"avg": 299,
					"count": 2,
					"min": 199,
					"max": 399
				},
				"2023-04-25": {
					"avg": 62,
					"count": 4,
					"min": 21,
					"max": 128
				},
				"2023-04-26": {
					"avg": 94,
					"count": 3,
					"min": 59,
					"max": 147
				},
				"2023-04-27": {
					"avg": 224,
					"count": 2,
					"min": 52,
					"max": 395
				},
				"2023-04-28": {
					"avg": 73,
					"count": 55,
					"min": 29,
					"max": 149
				},
				"2023-04-29": {
					"avg": 105,
					"count": 2,
					"min": 59,
					"max": 150
				},
				"2023-05-01": {
					"avg": 121,
					"count": 7,
					"min": 49,
					"max": 196
				},
				"2023-05-02": {
					"avg": 774,
					"count": 11,
					"min": 198,
					"max": 832
				},
				"2023-05-03": {
					"avg": 106,
					"count": 2,
					"min": 15,
					"max": 196
				},
				"2023-05-04": {
					"avg": 148,
					"count": 1,
					"min": 148,
					"max": 148
				},
				"2023-05-05": {
					"avg": 131,
					"count": 4,
					"min": 30,
					"max": 223
				},
				"2023-05-06": {
					"avg": 37,
					"count": 2,
					"min": 24,
					"max": 49
				},
				"2023-05-07": {
					"avg": 104,
					"count": 28,
					"min": 68,
					"max": 168
				},
				"2023-05-08": {
					"avg": 146,
					"count": 1,
					"min": 146,
					"max": 146
				},
				"2023-05-09": {
					"avg": 58,
					"count": 5,
					"min": 35,
					"max": 127
				},
				"2023-05-10": {
					"avg": 114,
					"count": 3,
					"min": 59,
					"max": 185
				},
				"2023-05-11": {
					"avg": 499,
					"count": 1,
					"min": 499,
					"max": 499
				},
				"2023-05-12": {
					"avg": 233,
					"count": 1,
					"min": 233,
					"max": 233
				},
				"2023-05-13": {
					"avg": 179,
					"count": 1,
					"min": 179,
					"max": 179
				},
				"2023-05-14": {
					"avg": 17,
					"count": 1,
					"min": 17,
					"max": 17
				},
				"2023-05-15": {
					"avg": 34,
					"count": 1,
					"min": 34,
					"max": 34
				},
				"2023-05-17": {
					"avg": 47,
					"count": 2,
					"min": 35,
					"max": 59
				},
				"2023-05-18": {
					"avg": 34,
					"count": 1,
					"min": 34,
					"max": 34
				},
				"2023-05-19": {
					"avg": 80,
					"count": 11,
					"min": 24,
					"max": 200
				},
				"2023-05-20": {
					"avg": 308,
					"count": 2,
					"min": 60,
					"max": 556
				},
				"2023-05-21": {
					"avg": 149,
					"count": 1,
					"min": 149,
					"max": 149
				},
				"2023-05-22": {
					"avg": 47,
					"count": 2,
					"min": 35,
					"max": 59
				},
				"2023-05-23": {
					"avg": 100,
					"count": 3,
					"min": 25,
					"max": 149
				},
				"2023-05-24": {
					"avg": 99,
					"count": 10,
					"min": 22,
					"max": 222
				},
				"2023-05-25": {
					"avg": 123,
					"count": 4,
					"min": 48,
					"max": 158
				},
				"2023-05-26": {
					"avg": 32,
					"count": 1,
					"min": 32,
					"max": 32
				},
				"2023-05-27": {
					"avg": 78,
					"count": 16,
					"min": 35,
					"max": 149
				},
				"2023-05-28": {
					"avg": 192,
					"count": 3,
					"min": 49,
					"max": 467
				},
				"2023-05-29": {
					"avg": 68,
					"count": 5,
					"min": 26,
					"max": 237
				},
				"2023-05-30": {
					"avg": 181,
					"count": 1,
					"min": 181,
					"max": 181
				},
				"2023-05-31": {
					"avg": 183,
					"count": 2,
					"min": 117,
					"max": 248
				},
				"2023-06-01": {
					"avg": 52,
					"count": 67,
					"min": 39,
					"max": 71
				},
				"2023-06-02": {
					"avg": 157,
					"count": 7,
					"min": 144,
					"max": 185
				},
				"2023-06-03": {
					"avg": 72,
					"count": 2,
					"min": 44,
					"max": 100
				},
				"2023-06-04": {
					"avg": 112,
					"count": 3,
					"min": 39,
					"max": 149
				},
				"2023-06-05": {
					"avg": 233,
					"count": 3,
					"min": 233,
					"max": 233
				},
				"2023-06-06": {
					"avg": 142,
					"count": 4,
					"min": 75,
					"max": 223
				},
				"2023-06-07": {
					"avg": 165,
					"count": 2,
					"min": 152,
					"max": 178
				},
				"2023-06-08": {
					"avg": 709,
					"count": 1,
					"min": 709,
					"max": 709
				},
				"2023-06-10": {
					"avg": 109,
					"count": 2,
					"min": 35,
					"max": 183
				},
				"2023-06-11": {
					"avg": 36,
					"count": 1,
					"min": 36,
					"max": 36
				},
				"2023-06-12": {
					"avg": 73,
					"count": 2,
					"min": 33,
					"max": 113
				},
				"2023-06-14": {
					"avg": 81,
					"count": 3,
					"min": 24,
					"max": 121
				},
				"2023-06-15": {
					"avg": 291,
					"count": 4,
					"min": 36,
					"max": 656
				},
				"2023-06-16": {
					"avg": 65,
					"count": 3,
					"min": 36,
					"max": 100
				},
				"2023-06-17": {
					"avg": 82,
					"count": 54,
					"min": 25,
					"max": 139
				},
				"2023-06-18": {
					"avg": 130,
					"count": 6,
					"min": 36,
					"max": 225
				},
				"2023-06-19": {
					"avg": 133,
					"count": 7,
					"min": 40,
					"max": 149
				},
				"2023-06-20": {
					"avg": 104,
					"count": 4,
					"min": 36,
					"max": 185
				},
				"2023-06-21": {
					"avg": 48,
					"count": 1,
					"min": 48,
					"max": 48
				},
				"2023-06-22": {
					"avg": 152,
					"count": 7,
					"min": 36,
					"max": 424
				},
				"2023-06-23": {
					"avg": 143,
					"count": 10,
					"min": 34,
					"max": 441
				},
				"2023-06-24": {
					"avg": 148,
					"count": 3,
					"min": 100,
					"max": 212
				},
				"2023-06-25": {
					"avg": 83,
					"count": 2,
					"min": 22,
					"max": 143
				},
				"2023-06-26": {
					"avg": 90,
					"count": 7,
					"min": 22,
					"max": 145
				},
				"2023-06-27": {
					"avg": 149,
					"count": 1,
					"min": 149,
					"max": 149
				},
				"2023-06-28": {
					"avg": 112,
					"count": 2,
					"min": 75,
					"max": 149
				},
				"2023-06-29": {
					"avg": 25,
					"count": 1,
					"min": 25,
					"max": 25
				},
				"2023-06-30": {
					"avg": 191,
					"count": 3,
					"min": 25,
					"max": 399
				},
				"2023-07-01": {
					"avg": 99,
					"count": 2,
					"min": 54,
					"max": 143
				},
				"2023-07-02": {
					"avg": 113,
					"count": 2,
					"min": 25,
					"max": 200
				},
				"2023-07-03": {
					"avg": 128,
					"count": 9,
					"min": 25,
					"max": 450
				},
				"2023-07-04": {
					"avg": 56,
					"count": 25,
					"min": 22,
					"max": 148
				},
				"2023-07-05": {
					"avg": 125,
					"count": 5,
					"min": 34,
					"max": 156
				},
				"2023-07-06": {
					"avg": 132,
					"count": 2,
					"min": 30,
					"max": 234
				},
				"2023-07-07": {
					"avg": 150,
					"count": 3,
					"min": 75,
					"max": 225
				},
				"2023-07-08": {
					"avg": 61,
					"count": 3,
					"min": 25,
					"max": 129
				},
				"2023-07-09": {
					"avg": 28,
					"count": 3,
					"min": 25,
					"max": 30
				},
				"2023-07-10": {
					"avg": 980,
					"count": 2,
					"min": 117,
					"max": 1842
				},
				"2023-07-11": {
					"avg": 43,
					"count": 3,
					"min": 25,
					"max": 75
				},
				"2023-07-12": {
					"avg": 136,
					"count": 1,
					"min": 136,
					"max": 136
				},
				"2023-07-13": {
					"avg": 25,
					"count": 1,
					"min": 25,
					"max": 25
				},
				"2023-07-14": {
					"avg": 270,
					"count": 11,
					"min": 71,
					"max": 429
				},
				"2023-07-15": {
					"avg": 364,
					"count": 2,
					"min": 130,
					"max": 598
				},
				"2023-07-16": {
					"avg": 42,
					"count": 2,
					"min": 40,
					"max": 44
				},
				"2023-07-17": {
					"avg": 78,
					"count": 2,
					"min": 44,
					"max": 113
				},
				"2023-07-18": {
					"avg": 52,
					"count": 24,
					"min": 36,
					"max": 149
				},
				"2023-07-19": {
					"avg": 93,
					"count": 4,
					"min": 25,
					"max": 176
				},
				"2023-07-20": {
					"avg": 111,
					"count": 57,
					"min": 22,
					"max": 225
				},
				"2023-07-21": {
					"avg": 185,
					"count": 2,
					"min": 121,
					"max": 248
				},
				"2023-07-22": {
					"avg": 79,
					"count": 2,
					"min": 33,
					"max": 125
				},
				"2023-07-23": {
					"avg": 340,
					"count": 2,
					"min": 225,
					"max": 455
				},
				"2023-07-24": {
					"avg": 210,
					"count": 3,
					"min": 75,
					"max": 278
				},
				"2023-07-25": {
					"avg": 247,
					"count": 11,
					"min": 19,
					"max": 417
				},
				"2023-07-26": {
					"avg": 98,
					"count": 2,
					"min": 76,
					"max": 119
				},
				"2023-07-27": {
					"avg": 31,
					"count": 1,
					"min": 31,
					"max": 31
				},
				"2023-07-28": {
					"avg": 257,
					"count": 5,
					"min": 25,
					"max": 499
				},
				"2023-07-29": {
					"avg": 44,
					"count": 27,
					"min": 21,
					"max": 246
				},
				"2023-07-30": {
					"avg": 417,
					"count": 4,
					"min": 66,
					"max": 1048
				},
				"2023-07-31": {
					"avg": 443,
					"count": 2,
					"min": 51,
					"max": 834
				},
				"2023-08-01": {
					"avg": 97,
					"count": 5,
					"min": 71,
					"max": 174
				},
				"2023-08-02": {
					"avg": 39,
					"count": 3,
					"min": 19,
					"max": 53
				},
				"2023-08-03": {
					"avg": 49,
					"count": 2,
					"min": 44,
					"max": 53
				},
				"2023-08-04": {
					"avg": 186,
					"count": 3,
					"min": 19,
					"max": 485
				},
				"2023-08-05": {
					"avg": 29,
					"count": 1,
					"min": 29,
					"max": 29
				},
				"2023-08-06": {
					"avg": 70,
					"count": 3,
					"min": 22,
					"max": 94
				},
				"2023-08-07": {
					"avg": 97,
					"count": 15,
					"min": 31,
					"max": 429
				},
				"2023-08-09": {
					"avg": 83,
					"count": 7,
					"min": 17,
					"max": 127
				},
				"2023-08-10": {
					"avg": 62,
					"count": 6,
					"min": 18,
					"max": 137
				},
				"2023-08-11": {
					"avg": 96,
					"count": 3,
					"min": 57,
					"max": 136
				},
				"2023-08-12": {
					"avg": 118,
					"count": 7,
					"min": 31,
					"max": 149
				},
				"2023-08-14": {
					"avg": 55,
					"count": 6,
					"min": 18,
					"max": 70
				},
				"2023-08-15": {
					"avg": 208,
					"count": 1,
					"min": 208,
					"max": 208
				},
				"2023-08-16": {
					"avg": 66,
					"count": 9,
					"min": 30,
					"max": 223
				},
				"2023-08-17": {
					"avg": 212,
					"count": 3,
					"min": 45,
					"max": 371
				},
				"2023-08-18": {
					"avg": 175,
					"count": 4,
					"min": 130,
					"max": 219
				},
				"2023-08-19": {
					"avg": 48,
					"count": 2,
					"min": 42,
					"max": 53
				},
				"2023-08-20": {
					"avg": 152,
					"count": 1,
					"min": 152,
					"max": 152
				},
				"2023-08-21": {
					"avg": 549,
					"count": 1,
					"min": 549,
					"max": 549
				},
				"2023-08-23": {
					"avg": 100,
					"count": 3,
					"min": 42,
					"max": 141
				},
				"2023-08-24": {
					"avg": 135,
					"count": 4,
					"min": 48,
					"max": 225
				},
				"2023-08-25": {
					"avg": 135,
					"count": 14,
					"min": 18,
					"max": 424
				},
				"2023-08-26": {
					"avg": 143,
					"count": 1,
					"min": 143,
					"max": 143
				},
				"2023-08-27": {
					"avg": 30,
					"count": 2,
					"min": 15,
					"max": 44
				},
				"2023-08-28": {
					"avg": 78,
					"count": 6,
					"min": 15,
					"max": 149
				},
				"2023-08-29": {
					"avg": 229,
					"count": 1,
					"min": 229,
					"max": 229
				},
				"2023-08-30": {
					"avg": 111,
					"count": 4,
					"min": 25,
					"max": 149
				},
				"2023-08-31": {
					"avg": 47,
					"count": 3,
					"min": 31,
					"max": 78
				},
				"2023-09-01": {
					"avg": 49,
					"count": 2,
					"min": 42,
					"max": 56
				},
				"2023-09-02": {
					"avg": 96,
					"count": 21,
					"min": 37,
					"max": 139
				},
				"2023-09-03": {
					"avg": 175,
					"count": 9,
					"min": 49,
					"max": 219
				},
				"2023-09-04": {
					"avg": 146,
					"count": 11,
					"min": 117,
					"max": 150
				},
				"2023-09-05": {
					"avg": 137,
					"count": 1,
					"min": 137,
					"max": 137
				},
				"2023-09-06": {
					"avg": 112,
					"count": 2,
					"min": 25,
					"max": 198
				},
				"2023-09-08": {
					"avg": 87,
					"count": 2,
					"min": 25,
					"max": 149
				},
				"2023-09-09": {
					"avg": 147,
					"count": 36,
					"min": 23,
					"max": 528
				},
				"2023-09-10": {
					"avg": 577,
					"count": 2,
					"min": 79,
					"max": 1074
				},
				"2023-09-11": {
					"avg": 54,
					"count": 5,
					"min": 29,
					"max": 119
				},
				"2023-09-12": {
					"avg": 154,
					"count": 3,
					"min": 114,
					"max": 229
				},
				"2023-09-13": {
					"avg": 127,
					"count": 2,
					"min": 30,
					"max": 225
				},
				"2023-09-14": {
					"avg": 156,
					"count": 3,
					"min": 115,
					"max": 237
				},
				"2023-09-15": {
					"avg": 86,
					"count": 3,
					"min": 30,
					"max": 114
				},
				"2023-09-17": {
					"avg": 32,
					"count": 2,
					"min": 30,
					"max": 34
				},
				"2023-09-18": {
					"avg": 35,
					"count": 2,
					"min": 25,
					"max": 44
				},
				"2023-09-19": {
					"avg": 145,
					"count": 3,
					"min": 115,
					"max": 197
				},
				"2023-09-20": {
					"avg": 77,
					"count": 4,
					"min": 25,
					"max": 157
				},
				"2023-09-21": {
					"avg": 44,
					"count": 1,
					"min": 44,
					"max": 44
				},
				"2023-09-22": {
					"avg": 99,
					"count": 3,
					"min": 25,
					"max": 149
				},
				"2023-09-23": {
					"avg": 34,
					"count": 14,
					"min": 25,
					"max": 139
				},
				"2023-09-24": {
					"avg": 71,
					"count": 4,
					"min": 25,
					"max": 124
				},
				"2023-09-25": {
					"avg": 71,
					"count": 6,
					"min": 25,
					"max": 110
				},
				"2023-09-26": {
					"avg": 85,
					"count": 4,
					"min": 25,
					"max": 119
				},
				"2023-09-27": {
					"avg": 78,
					"count": 2,
					"min": 39,
					"max": 117
				},
				"2023-09-28": {
					"avg": 110,
					"count": 4,
					"min": 39,
					"max": 149
				},
				"2023-09-30": {
					"avg": 115,
					"count": 1,
					"min": 115,
					"max": 115
				},
				"2023-10-01": {
					"avg": 225,
					"count": 1,
					"min": 225,
					"max": 225
				},
				"2023-10-02": {
					"avg": 44,
					"count": 1,
					"min": 44,
					"max": 44
				},
				"2023-10-03": {
					"avg": 142,
					"count": 2,
					"min": 116,
					"max": 167
				},
				"2023-10-04": {
					"avg": 132,
					"count": 5,
					"min": 32,
					"max": 371
				},
				"2023-10-05": {
					"avg": 45,
					"count": 1,
					"min": 45,
					"max": 45
				},
				"2023-10-06": {
					"avg": 96,
					"count": 5,
					"min": 25,
					"max": 130
				},
				"2023-10-07": {
					"avg": 36,
					"count": 2,
					"min": 33,
					"max": 38
				},
				"2023-10-08": {
					"avg": 115,
					"count": 5,
					"min": 30,
					"max": 197
				},
				"2023-10-09": {
					"avg": 78,
					"count": 13,
					"min": 25,
					"max": 215
				},
				"2023-10-11": {
					"avg": 1101,
					"count": 2,
					"min": 159,
					"max": 2043
				},
				"2023-10-12": {
					"avg": 45,
					"count": 2,
					"min": 45,
					"max": 45
				},
				"2023-10-13": {
					"avg": 96,
					"count": 22,
					"min": 19,
					"max": 524
				},
				"2023-10-16": {
					"avg": 292,
					"count": 5,
					"min": 139,
					"max": 498
				},
				"2023-10-17": {
					"avg": 156,
					"count": 3,
					"min": 25,
					"max": 399
				},
				"2023-10-18": {
					"avg": 68,
					"count": 3,
					"min": 29,
					"max": 147
				},
				"2023-10-19": {
					"avg": 125,
					"count": 1,
					"min": 125,
					"max": 125
				},
				"2023-10-20": {
					"avg": 149,
					"count": 16,
					"min": 31,
					"max": 197
				},
				"2023-10-21": {
					"avg": 34,
					"count": 1,
					"min": 34,
					"max": 34
				},
				"2023-10-22": {
					"avg": 225,
					"count": 4,
					"min": 34,
					"max": 520
				},
				"2023-10-23": {
					"avg": 93,
					"count": 2,
					"min": 44,
					"max": 142
				},
				"2023-10-24": {
					"avg": 46,
					"count": 1,
					"min": 46,
					"max": 46
				},
				"2023-10-25": {
					"avg": 96,
					"count": 4,
					"min": 44,
					"max": 124
				},
				"2023-10-26": {
					"avg": 103,
					"count": 3,
					"min": 94,
					"max": 114
				},
				"2023-10-27": {
					"avg": 99,
					"count": 1,
					"min": 99,
					"max": 99
				},
				"2023-10-28": {
					"avg": 121,
					"count": 10,
					"min": 20,
					"max": 174
				},
				"2023-10-29": {
					"avg": 270,
					"count": 2,
					"min": 99,
					"max": 441
				},
				"2023-10-30": {
					"avg": 213,
					"count": 4,
					"min": 21,
					"max": 328
				},
				"2023-10-31": {
					"avg": 123,
					"count": 7,
					"min": 36,
					"max": 149
				},
				"2023-11-01": {
					"avg": 266,
					"count": 4,
					"min": 44,
					"max": 598
				},
				"2023-11-02": {
					"avg": 49,
					"count": 1,
					"min": 49,
					"max": 49
				},
				"2023-11-03": {
					"avg": 44,
					"count": 1,
					"min": 44,
					"max": 44
				},
				"2023-11-04": {
					"avg": 234,
					"count": 3,
					"min": 49,
					"max": 519
				},
				"2023-11-05": {
					"avg": 114,
					"count": 3,
					"min": 114,
					"max": 114
				},
				"2023-11-06": {
					"avg": 167,
					"count": 3,
					"min": 114,
					"max": 239
				},
				"2023-11-07": {
					"avg": 174,
					"count": 4,
					"min": 123,
					"max": 225
				},
				"2023-11-08": {
					"avg": 159,
					"count": 2,
					"min": 119,
					"max": 199
				},
				"2023-11-09": {
					"avg": 80,
					"count": 3,
					"min": 44,
					"max": 100
				},
				"2023-11-10": {
					"avg": 40,
					"count": 1,
					"min": 40,
					"max": 40
				},
				"2023-11-11": {
					"avg": 102,
					"count": 3,
					"min": 96,
					"max": 115
				},
				"2023-11-13": {
					"avg": 291,
					"count": 1,
					"min": 291,
					"max": 291
				},
				"2023-11-14": {
					"avg": 182,
					"count": 2,
					"min": 113,
					"max": 250
				},
				"2023-11-15": {
					"avg": 94,
					"count": 7,
					"min": 19,
					"max": 225
				},
				"2023-11-17": {
					"avg": 183,
					"count": 9,
					"min": 25,
					"max": 554
				},
				"2023-11-18": {
					"avg": 137,
					"count": 2,
					"min": 121,
					"max": 152
				},
				"2023-11-19": {
					"avg": 153,
					"count": 2,
					"min": 108,
					"max": 197
				},
				"2023-11-20": {
					"avg": 202,
					"count": 2,
					"min": 108,
					"max": 296
				},
				"2023-11-21": {
					"avg": 66,
					"count": 3,
					"min": 25,
					"max": 141
				},
				"2023-11-22": {
					"avg": 149,
					"count": 11,
					"min": 149,
					"max": 149
				},
				"2023-11-23": {
					"avg": 398,
					"count": 37,
					"min": 110,
					"max": 729
				},
				"2023-11-24": {
					"avg": 181,
					"count": 41,
					"min": 20,
					"max": 423
				},
				"2023-11-26": {
					"avg": 234,
					"count": 2,
					"min": 120,
					"max": 347
				},
				"2023-11-27": {
					"avg": 141,
					"count": 6,
					"min": 20,
					"max": 209
				},
				"2024-05-15": {
					"avg": 64,
					"count": 2,
					"min": 49,
					"max": 78
				},
				"2024-05-16": {
					"avg": 120,
					"count": 3,
					"min": 83,
					"max": 139
				},
				"2024-05-17": {
					"avg": 176,
					"count": 92,
					"min": 13,
					"max": 541
				},
				"2024-05-18": {
					"avg": 134,
					"count": 30,
					"min": 24,
					"max": 314
				},
				"2024-05-19": {
					"avg": 225,
					"count": 3,
					"min": 49,
					"max": 424
				},
				"2024-05-20": {
					"avg": 145,
					"count": 24,
					"min": 33,
					"max": 154
				},
				"2024-05-21": {
					"avg": 235,
					"count": 19,
					"min": 32,
					"max": 356
				},
				"2024-05-22": {
					"avg": 202,
					"count": 3,
					"min": 25,
					"max": 451
				},
				"2024-05-24": {
					"avg": 31,
					"count": 17,
					"min": 25,
					"max": 33
				},
				"2024-05-25": {
					"avg": 242,
					"count": 3,
					"min": 30,
					"max": 596
				},
				"2024-05-26": {
					"avg": 25,
					"count": 1,
					"min": 25,
					"max": 25
				},
				"2024-05-27": {
					"avg": 154,
					"count": 6,
					"min": 25,
					"max": 254
				},
				"2024-05-29": {
					"avg": 268,
					"count": 4,
					"min": 200,
					"max": 398
				},
				"2024-05-30": {
					"avg": 205,
					"count": 2,
					"min": 137,
					"max": 272
				},
				"2024-05-31": {
					"avg": 128,
					"count": 3,
					"min": 28,
					"max": 323
				},
				"2024-06-02": {
					"avg": 62,
					"count": 2,
					"min": 28,
					"max": 95
				},
				"2024-06-03": {
					"avg": 236,
					"count": 1,
					"min": 236,
					"max": 236
				},
				"2024-06-04": {
					"avg": 108,
					"count": 3,
					"min": 28,
					"max": 179
				},
				"2024-06-05": {
					"avg": 27,
					"count": 1,
					"min": 27,
					"max": 27
				},
				"2024-06-06": {
					"avg": 49,
					"count": 1,
					"min": 49,
					"max": 49
				},
				"2024-06-07": {
					"avg": 39,
					"count": 5,
					"min": 18,
					"max": 92
				},
				"2024-06-09": {
					"avg": 84,
					"count": 2,
					"min": 30,
					"max": 137
				},
				"2024-06-10": {
					"avg": 152,
					"count": 1,
					"min": 152,
					"max": 152
				},
				"2024-06-11": {
					"avg": 29,
					"count": 1,
					"min": 29,
					"max": 29
				},
				"2024-06-14": {
					"avg": 170,
					"count": 3,
					"min": 137,
					"max": 220
				},
				"2024-06-15": {
					"avg": 238,
					"count": 1,
					"min": 238,
					"max": 238
				},
				"2024-06-16": {
					"avg": 102,
					"count": 1,
					"min": 102,
					"max": 102
				},
				"2024-06-17": {
					"avg": 146,
					"count": 1,
					"min": 146,
					"max": 146
				},
				"2024-06-18": {
					"avg": 132,
					"count": 3,
					"min": 26,
					"max": 222
				},
				"2024-06-19": {
					"avg": 137,
					"count": 3,
					"min": 36,
					"max": 272
				},
				"2024-06-21": {
					"avg": 95,
					"count": 7,
					"min": 14,
					"max": 147
				},
				"2024-06-22": {
					"avg": 301,
					"count": 2,
					"min": 224,
					"max": 378
				},
				"2024-06-23": {
					"avg": 242,
					"count": 4,
					"min": 137,
					"max": 448
				},
				"2024-06-24": {
					"avg": 229,
					"count": 1,
					"min": 229,
					"max": 229
				},
				"2024-06-25": {
					"avg": 128,
					"count": 2,
					"min": 109,
					"max": 146
				},
				"2024-06-27": {
					"avg": 95,
					"count": 3,
					"min": 33,
					"max": 126
				},
				"2024-06-29": {
					"avg": 209,
					"count": 1,
					"min": 209,
					"max": 209
				},
				"2024-06-30": {
					"avg": 151,
					"count": 2,
					"min": 30,
					"max": 272
				},
				"2024-07-01": {
					"avg": 154,
					"count": 2,
					"min": 99,
					"max": 209
				},
				"2024-07-02": {
					"avg": 117,
					"count": 4,
					"min": 113,
					"max": 129
				},
				"2024-07-03": {
					"avg": 423,
					"count": 6,
					"min": 127,
					"max": 548
				},
				"2024-07-04": {
					"avg": 173,
					"count": 3,
					"min": 99,
					"max": 272
				},
				"2024-07-07": {
					"avg": 165,
					"count": 3,
					"min": 152,
					"max": 189
				},
				"2024-07-08": {
					"avg": 149,
					"count": 3,
					"min": 146,
					"max": 150
				},
				"2024-07-09": {
					"avg": 127,
					"count": 3,
					"min": 30,
					"max": 175
				},
				"2024-07-10": {
					"avg": 26,
					"count": 1,
					"min": 26,
					"max": 26
				},
				"2024-07-11": {
					"avg": 174,
					"count": 1,
					"min": 174,
					"max": 174
				},
				"2024-07-12": {
					"avg": 89,
					"count": 2,
					"min": 28,
					"max": 150
				},
				"2024-07-13": {
					"avg": 147,
					"count": 1,
					"min": 147,
					"max": 147
				},
				"2024-07-15": {
					"avg": 210,
					"count": 1,
					"min": 210,
					"max": 210
				},
				"2024-07-18": {
					"avg": 537,
					"count": 7,
					"min": 451,
					"max": 552
				},
				"2024-07-19": {
					"avg": 52,
					"count": 7,
					"min": 22,
					"max": 139
				},
				"2024-07-20": {
					"avg": 123,
					"count": 4,
					"min": 111,
					"max": 151
				},
				"2024-07-21": {
					"avg": 103,
					"count": 4,
					"min": 36,
					"max": 249
				},
				"2024-07-25": {
					"avg": 152,
					"count": 1,
					"min": 152,
					"max": 152
				},
				"2024-07-26": {
					"avg": 85,
					"count": 2,
					"min": 30,
					"max": 139
				},
				"2024-07-27": {
					"avg": 150,
					"count": 5,
					"min": 30,
					"max": 277
				},
				"2024-07-29": {
					"avg": 98,
					"count": 3,
					"min": 35,
					"max": 224
				},
				"2024-07-30": {
					"avg": 76,
					"count": 2,
					"min": 12,
					"max": 139
				},
				"2024-08-01": {
					"avg": 161,
					"count": 2,
					"min": 161,
					"max": 161
				},
				"2024-08-02": {
					"avg": 126,
					"count": 3,
					"min": 126,
					"max": 126
				},
				"2024-08-04": {
					"avg": 100,
					"count": 2,
					"min": 87,
					"max": 113
				},
				"2024-08-05": {
					"avg": 55,
					"count": 1,
					"min": 55,
					"max": 55
				},
				"2024-08-06": {
					"avg": 215,
					"count": 3,
					"min": 30,
					"max": 307
				},
				"2024-08-08": {
					"avg": 50,
					"count": 1,
					"min": 50,
					"max": 50
				},
				"2024-08-09": {
					"avg": 191,
					"count": 1,
					"min": 191,
					"max": 191
				},
				"2024-08-10": {
					"avg": 38,
					"count": 3,
					"min": 31,
					"max": 53
				},
				"2024-08-12": {
					"avg": 107,
					"count": 3,
					"min": 35,
					"max": 249
				},
				"2024-08-14": {
					"avg": 38,
					"count": 1,
					"min": 38,
					"max": 38
				},
				"2024-08-15": {
					"avg": 43,
					"count": 2,
					"min": 38,
					"max": 47
				},
				"2024-08-16": {
					"avg": 375,
					"count": 2,
					"min": 23,
					"max": 726
				},
				"2024-08-17": {
					"avg": 298,
					"count": 2,
					"min": 43,
					"max": 552
				},
				"2024-08-18": {
					"avg": 139,
					"count": 1,
					"min": 139,
					"max": 139
				},
				"2024-08-19": {
					"avg": 216,
					"count": 3,
					"min": 157,
					"max": 277
				},
				"2024-08-21": {
					"avg": 97,
					"count": 2,
					"min": 32,
					"max": 162
				},
				"2024-08-23": {
					"avg": 115,
					"count": 3,
					"min": 33,
					"max": 157
				},
				"2024-08-24": {
					"avg": 213,
					"count": 1,
					"min": 213,
					"max": 213
				},
				"2024-08-25": {
					"avg": 131,
					"count": 2,
					"min": 36,
					"max": 226
				},
				"2024-08-26": {
					"avg": 35,
					"count": 1,
					"min": 35,
					"max": 35
				},
				"2024-08-27": {
					"avg": 28,
					"count": 2,
					"min": 20,
					"max": 35
				},
				"2024-08-29": {
					"avg": 147,
					"count": 1,
					"min": 147,
					"max": 147
				},
				"2024-08-30": {
					"avg": 282,
					"count": 2,
					"min": 238,
					"max": 325
				},
				"2024-08-31": {
					"avg": 94,
					"count": 2,
					"min": 41,
					"max": 146
				},
				"2024-09-01": {
					"avg": 146,
					"count": 1,
					"min": 146,
					"max": 146
				},
				"2024-09-02": {
					"avg": 116,
					"count": 3,
					"min": 50,
					"max": 152
				},
				"2024-09-03": {
					"avg": 179,
					"count": 5,
					"min": 35,
					"max": 249
				},
				"2024-09-04": {
					"avg": 83,
					"count": 5,
					"min": 29,
					"max": 273
				},
				"2024-09-06": {
					"avg": 235,
					"count": 3,
					"min": 29,
					"max": 552
				},
				"2024-09-07": {
					"avg": 147,
					"count": 1,
					"min": 147,
					"max": 147
				},
				"2024-09-09": {
					"avg": 125,
					"count": 2,
					"min": 99,
					"max": 151
				},
				"2024-09-11": {
					"avg": 452,
					"count": 1,
					"min": 452,
					"max": 452
				},
				"2024-09-12": {
					"avg": 192,
					"count": 8,
					"min": 30,
					"max": 215
				},
				"2024-09-13": {
					"avg": 112,
					"count": 3,
					"min": 27,
					"max": 157
				},
				"2024-09-15": {
					"avg": 92,
					"count": 4,
					"min": 27,
					"max": 114
				},
				"2024-09-16": {
					"avg": 94,
					"count": 2,
					"min": 30,
					"max": 157
				},
				"2024-09-17": {
					"avg": 24,
					"count": 3,
					"min": 24,
					"max": 24
				},
				"2024-09-18": {
					"avg": 181,
					"count": 2,
					"min": 33,
					"max": 328
				},
				"2024-09-19": {
					"avg": 131,
					"count": 2,
					"min": 130,
					"max": 131
				},
				"2024-09-20": {
					"avg": 177,
					"count": 2,
					"min": 25,
					"max": 328
				},
				"2024-09-21": {
					"avg": 179,
					"count": 3,
					"min": 131,
					"max": 242
				},
				"2024-09-22": {
					"avg": 502,
					"count": 2,
					"min": 452,
					"max": 552
				},
				"2024-09-23": {
					"avg": 95,
					"count": 5,
					"min": 50,
					"max": 273
				}
			},
			"avg": 141,
			"avg7": 170,
			"avg28": 170
		},
		"normal-played": {
			"history": {
				"2024-05-23": {
					"avg": 131,
					"count": 1,
					"min": 131,
					"max": 131
				},
				"2024-05-27": {
					"avg": 100,
					"count": 1,
					"min": 100,
					"max": 100
				},
				"2024-05-28": {
					"avg": 25,
					"count": 1,
					"min": 25,
					"max": 25
				},
				"2024-05-29": {
					"avg": 200,
					"count": 1,
					"min": 200,
					"max": 200
				},
				"2024-06-06": {
					"avg": 108,
					"count": 3,
					"min": 37,
					"max": 154
				},
				"2024-06-07": {
					"avg": 127,
					"count": 7,
					"min": 11,
					"max": 223
				},
				"2024-06-10": {
					"avg": 147,
					"count": 4,
					"min": 145,
					"max": 147
				},
				"2024-06-19": {
					"avg": 25,
					"count": 1,
					"min": 25,
					"max": 25
				},
				"2024-06-20": {
					"avg": 36,
					"count": 1,
					"min": 36,
					"max": 36
				},
				"2024-06-22": {
					"avg": 197,
					"count": 1,
					"min": 197,
					"max": 197
				},
				"2024-06-23": {
					"avg": 233,
					"count": 1,
					"min": 233,
					"max": 233
				},
				"2024-06-26": {
					"avg": 1539,
					"count": 1,
					"min": 1539,
					"max": 1539
				},
				"2024-06-27": {
					"avg": 29,
					"count": 5,
					"min": 29,
					"max": 29
				},
				"2024-06-29": {
					"avg": 180,
					"count": 3,
					"min": 100,
					"max": 229
				},
				"2024-07-01": {
					"avg": 100,
					"count": 1,
					"min": 100,
					"max": 100
				},
				"2024-07-04": {
					"avg": 136,
					"count": 1,
					"min": 136,
					"max": 136
				},
				"2024-07-07": {
					"avg": 34,
					"count": 1,
					"min": 34,
					"max": 34
				},
				"2024-07-08": {
					"avg": 36,
					"count": 1,
					"min": 36,
					"max": 36
				},
				"2024-07-11": {
					"avg": 79,
					"count": 1,
					"min": 79,
					"max": 79
				},
				"2024-07-12": {
					"avg": 24,
					"count": 1,
					"min": 24,
					"max": 24
				},
				"2024-07-15": {
					"avg": 45,
					"count": 3,
					"min": 12,
					"max": 100
				},
				"2024-07-16": {
					"avg": 25,
					"count": 1,
					"min": 25,
					"max": 25
				},
				"2024-07-19": {
					"avg": 36,
					"count": 7,
					"min": 15,
					"max": 65
				},
				"2024-07-20": {
					"avg": 17,
					"count": 1,
					"min": 17,
					"max": 17
				},
				"2024-07-21": {
					"avg": 25,
					"count": 1,
					"min": 25,
					"max": 25
				},
				"2024-07-22": {
					"avg": 120,
					"count": 4,
					"min": 23,
					"max": 190
				},
				"2024-07-23": {
					"avg": 82,
					"count": 5,
					"min": 17,
					"max": 133
				},
				"2024-07-25": {
					"avg": 172,
					"count": 1,
					"min": 172,
					"max": 172
				},
				"2024-07-26": {
					"avg": 143,
					"count": 4,
					"min": 142,
					"max": 146
				},
				"2024-07-27": {
					"avg": 25,
					"count": 1,
					"min": 25,
					"max": 25
				},
				"2024-07-30": {
					"avg": 25,
					"count": 1,
					"min": 25,
					"max": 25
				},
				"2024-08-01": {
					"avg": 179,
					"count": 1,
					"min": 179,
					"max": 179
				},
				"2024-08-04": {
					"avg": 66,
					"count": 2,
					"min": 18,
					"max": 114
				},
				"2024-08-05": {
					"avg": 80,
					"count": 23,
					"min": 25,
					"max": 122
				},
				"2024-08-07": {
					"avg": 38,
					"count": 1,
					"min": 38,
					"max": 38
				},
				"2024-08-08": {
					"avg": 124,
					"count": 1,
					"min": 124,
					"max": 124
				},
				"2024-08-11": {
					"avg": 459,
					"count": 1,
					"min": 459,
					"max": 459
				},
				"2024-08-12": {
					"avg": 25,
					"count": 2,
					"min": 15,
					"max": 34
				},
				"2024-08-13": {
					"avg": 68,
					"count": 1,
					"min": 68,
					"max": 68
				},
				"2024-08-14": {
					"avg": 69,
					"count": 2,
					"min": 25,
					"max": 112
				},
				"2024-08-16": {
					"avg": 28,
					"count": 6,
					"min": 21,
					"max": 50
				},
				"2024-08-17": {
					"avg": 303,
					"count": 1,
					"min": 303,
					"max": 303
				},
				"2024-08-19": {
					"avg": 25,
					"count": 1,
					"min": 25,
					"max": 25
				},
				"2024-08-21": {
					"avg": 38,
					"count": 1,
					"min": 38,
					"max": 38
				},
				"2024-08-24": {
					"avg": 109,
					"count": 3,
					"min": 40,
					"max": 144
				},
				"2024-08-28": {
					"avg": 146,
					"count": 1,
					"min": 146,
					"max": 146
				},
				"2024-08-29": {
					"avg": 90,
					"count": 2,
					"min": 23,
					"max": 157
				},
				"2024-08-30": {
					"avg": 25,
					"count": 1,
					"min": 25,
					"max": 25
				},
				"2024-08-31": {
					"avg": 20,
					"count": 1,
					"min": 20,
					"max": 20
				},
				"2024-09-01": {
					"avg": 39,
					"count": 2,
					"min": 19,
					"max": 58
				},
				"2024-09-04": {
					"avg": 150,
					"count": 1,
					"min": 150,
					"max": 150
				},
				"2024-09-06": {
					"avg": 167,
					"count": 1,
					"min": 167,
					"max": 167
				},
				"2024-09-08": {
					"avg": 68,
					"count": 1,
					"min": 68,
					"max": 68
				},
				"2024-09-09": {
					"avg": 118,
					"count": 1,
					"min": 118,
					"max": 118
				},
				"2024-09-13": {
					"avg": 95,
					"count": 3,
					"min": 68,
					"max": 149
				},
				"2024-09-14": {
					"avg": 122,
					"count": 1,
					"min": 122,
					"max": 122
				},
				"2024-09-15": {
					"avg": 50,
					"count": 1,
					"min": 50,
					"max": 50
				},
				"2024-09-22": {
					"avg": 29,
					"count": 1,
					"min": 29,
					"max": 29
				}
			},
			"avg": 100,
			"avg7": -1,
			"avg28": -1
		},
		"normal-nearmint": {
			"history": {
				"2024-05-26": {
					"avg": 544,
					"count": 1,
					"min": 544,
					"max": 544
				},
				"2024-05-27": {
					"avg": 236,
					"count": 3,
					"min": 147,
					"max": 337
				},
				"2024-05-29": {
					"avg": 175,
					"count": 3,
					"min": 175,
					"max": 175
				},
				"2024-05-30": {
					"avg": 55,
					"count": 1,
					"min": 55,
					"max": 55
				},
				"2024-05-31": {
					"avg": 224,
					"count": 3,
					"min": 121,
					"max": 307
				},
				"2024-06-01": {
					"avg": 243,
					"count": 1,
					"min": 243,
					"max": 243
				},
				"2024-06-02": {
					"avg": 124,
					"count": 1,
					"min": 124,
					"max": 124
				},
				"2024-06-03": {
					"avg": 183,
					"count": 1,
					"min": 183,
					"max": 183
				},
				"2024-06-05": {
					"avg": 248,
					"count": 3,
					"min": 99,
					"max": 374
				},
				"2024-06-06": {
					"avg": 115,
					"count": 3,
					"min": 115,
					"max": 115
				},
				"2024-06-07": {
					"avg": 183,
					"count": 1,
					"min": 183,
					"max": 183
				},
				"2024-06-08": {
					"avg": 179,
					"count": 1,
					"min": 179,
					"max": 179
				},
				"2024-06-09": {
					"avg": 124,
					"count": 1,
					"min": 124,
					"max": 124
				},
				"2024-06-11": {
					"avg": 262,
					"count": 4,
					"min": 30,
					"max": 543
				},
				"2024-06-12": {
					"avg": 40,
					"count": 1,
					"min": 40,
					"max": 40
				},
				"2024-06-13": {
					"avg": 179,
					"count": 2,
					"min": 175,
					"max": 182
				},
				"2024-06-15": {
					"avg": 164,
					"count": 2,
					"min": 129,
					"max": 199
				},
				"2024-06-16": {
					"avg": 130,
					"count": 27,
					"min": 49,
					"max": 243
				},
				"2024-06-17": {
					"avg": 183,
					"count": 7,
					"min": 45,
					"max": 444
				},
				"2024-06-18": {
					"avg": 152,
					"count": 2,
					"min": 152,
					"max": 152
				},
				"2024-06-19": {
					"avg": 92,
					"count": 4,
					"min": 25,
					"max": 163
				},
				"2024-06-20": {
					"avg": 580,
					"count": 1,
					"min": 580,
					"max": 580
				},
				"2024-06-21": {
					"avg": 40,
					"count": 1,
					"min": 40,
					"max": 40
				},
				"2024-06-23": {
					"avg": 421,
					"count": 1,
					"min": 421,
					"max": 421
				},
				"2024-06-24": {
					"avg": 222,
					"count": 1,
					"min": 222,
					"max": 222
				},
				"2024-06-25": {
					"avg": 355,
					"count": 1,
					"min": 355,
					"max": 355
				},
				"2024-06-26": {
					"avg": 1226,
					"count": 2,
					"min": 153,
					"max": 2298
				},
				"2024-06-27": {
					"avg": 99,
					"count": 2,
					"min": 99,
					"max": 99
				},
				"2024-06-29": {
					"avg": 230,
					"count": 2,
					"min": 162,
					"max": 297
				},
				"2024-07-01": {
					"avg": 66,
					"count": 3,
					"min": 43,
					"max": 77
				},
				"2024-07-02": {
					"avg": 139,
					"count": 1,
					"min": 139,
					"max": 139
				},
				"2024-07-04": {
					"avg": 199,
					"count": 1,
					"min": 199,
					"max": 199
				},
				"2024-07-05": {
					"avg": 330,
					"count": 11,
					"min": 168,
					"max": 524
				},
				"2024-07-06": {
					"avg": 222,
					"count": 1,
					"min": 222,
					"max": 222
				},
				"2024-07-07": {
					"avg": 129,
					"count": 1,
					"min": 129,
					"max": 129
				},
				"2024-07-08": {
					"avg": 151,
					"count": 1,
					"min": 151,
					"max": 151
				},
				"2024-07-09": {
					"avg": 77,
					"count": 1,
					"min": 77,
					"max": 77
				},
				"2024-07-11": {
					"avg": 160,
					"count": 8,
					"min": 30,
					"max": 1074
				},
				"2024-07-12": {
					"avg": 142,
					"count": 1,
					"min": 142,
					"max": 142
				},
				"2024-07-15": {
					"avg": 163,
					"count": 2,
					"min": 152,
					"max": 173
				},
				"2024-07-16": {
					"avg": 156,
					"count": 3,
					"min": 50,
					"max": 289
				},
				"2024-07-19": {
					"avg": 164,
					"count": 5,
					"min": 28,
					"max": 320
				},
				"2024-07-20": {
					"avg": 40,
					"count": 1,
					"min": 40,
					"max": 40
				},
				"2024-07-22": {
					"avg": 173,
					"count": 2,
					"min": 173,
					"max": 173
				},
				"2024-07-23": {
					"avg": 297,
					"count": 1,
					"min": 297,
					"max": 297
				},
				"2024-07-24": {
					"avg": 148,
					"count": 17,
					"min": 49,
					"max": 165
				},
				"2024-07-25": {
					"avg": 138,
					"count": 2,
					"min": 46,
					"max": 229
				},
				"2024-07-26": {
					"avg": 190,
					"count": 16,
					"min": 77,
					"max": 254
				},
				"2024-07-27": {
					"avg": 225,
					"count": 2,
					"min": 129,
					"max": 320
				},
				"2024-07-29": {
					"avg": 128,
					"count": 3,
					"min": 44,
					"max": 294
				},
				"2024-07-30": {
					"avg": 1074,
					"count": 1,
					"min": 1074,
					"max": 1074
				},
				"2024-07-31": {
					"avg": 326,
					"count": 1,
					"min": 326,
					"max": 326
				},
				"2024-08-03": {
					"avg": 118,
					"count": 4,
					"min": 50,
					"max": 267
				},
				"2024-08-04": {
					"avg": 44,
					"count": 2,
					"min": 40,
					"max": 48
				},
				"2024-08-05": {
					"avg": 75,
					"count": 1,
					"min": 75,
					"max": 75
				},
				"2024-08-06": {
					"avg": 77,
					"count": 1,
					"min": 77,
					"max": 77
				},
				"2024-08-10": {
					"avg": 286,
					"count": 5,
					"min": 74,
					"max": 876
				},
				"2024-08-11": {
					"avg": 94,
					"count": 2,
					"min": 55,
					"max": 132
				},
				"2024-08-12": {
					"avg": 76,
					"count": 3,
					"min": 75,
					"max": 77
				},
				"2024-08-14": {
					"avg": 301,
					"count": 1,
					"min": 301,
					"max": 301
				},
				"2024-08-15": {
					"avg": 55,
					"count": 1,
					"min": 55,
					"max": 55
				},
				"2024-08-16": {
					"avg": 55,
					"count": 1,
					"min": 55,
					"max": 55
				},
				"2024-08-17": {
					"avg": 341,
					"count": 3,
					"min": 74,
					"max": 876
				},
				"2024-08-20": {
					"avg": 339,
					"count": 1,
					"min": 339,
					"max": 339
				},
				"2024-08-21": {
					"avg": 191,
					"count": 4,
					"min": 87,
					"max": 302
				},
				"2024-08-23": {
					"avg": 161,
					"count": 1,
					"min": 161,
					"max": 161
				},
				"2024-08-24": {
					"avg": 109,
					"count": 8,
					"min": 77,
					"max": 326
				},
				"2024-08-25": {
					"avg": 314,
					"count": 3,
					"min": 177,
					"max": 444
				},
				"2024-08-26": {
					"avg": 70,
					"count": 2,
					"min": 62,
					"max": 77
				},
				"2024-08-27": {
					"avg": 77,
					"count": 1,
					"min": 77,
					"max": 77
				},
				"2024-08-28": {
					"avg": 55,
					"count": 1,
					"min": 55,
					"max": 55
				},
				"2024-08-30": {
					"avg": 234,
					"count": 3,
					"min": 55,
					"max": 474
				},
				"2024-08-31": {
					"avg": 227,
					"count": 3,
					"min": 32,
					"max": 574
				},
				"2024-09-01": {
					"avg": 39,
					"count": 1,
					"min": 39,
					"max": 39
				},
				"2024-09-02": {
					"avg": 75,
					"count": 2,
					"min": 75,
					"max": 75
				},
				"2024-09-03": {
					"avg": 324,
					"count": 1,
					"min": 324,
					"max": 324
				},
				"2024-09-04": {
					"avg": 189,
					"count": 2,
					"min": 77,
					"max": 301
				},
				"2024-09-07": {
					"avg": 199,
					"count": 2,
					"min": 49,
					"max": 349
				},
				"2024-09-08": {
					"avg": 542,
					"count": 1,
					"min": 542,
					"max": 542
				},
				"2024-09-09": {
					"avg": 291,
					"count": 6,
					"min": 49,
					"max": 574
				},
				"2024-09-10": {
					"avg": 45,
					"count": 3,
					"min": 39,
					"max": 52
				},
				"2024-09-11": {
					"avg": 188,
					"count": 3,
					"min": 173,
					"max": 197
				},
				"2024-09-13": {
					"avg": 114,
					"count": 2,
					"min": 52,
					"max": 176
				},
				"2024-09-16": {
					"avg": 115,
					"count": 2,
					"min": 59,
					"max": 171
				},
				"2024-09-17": {
					"avg": 249,
					"count": 1,
					"min": 249,
					"max": 249
				},
				"2024-09-18": {
					"avg": 153,
					"count": 7,
					"min": 52,
					"max": 197
				},
				"2024-09-19": {
					"avg": 241,
					"count": 6,
					"min": 52,
					"max": 302
				},
				"2024-09-20": {
					"avg": 119,
					"count": 3,
					"min": 55,
					"max": 174
				},
				"2024-09-21": {
					"avg": 63,
					"count": 1,
					"min": 63,
					"max": 63
				},
				"2024-09-22": {
					"avg": 43,
					"count": 1,
					"min": 43,
					"max": 43
				},
				"2024-09-23": {
					"avg": 324,
					"count": 1,
					"min": 324,
					"max": 324
				}
			},
			"avg": 190,
			"avg7": -1,
			"avg28": -1
		},
		"normal-used": {
			"history": {
				"2024-05-24": {
					"avg": 30,
					"count": 2,
					"min": 30,
					"max": 30
				},
				"2024-05-26": {
					"avg": 132,
					"count": 1,
					"min": 132,
					"max": 132
				},
				"2024-05-29": {
					"avg": 75,
					"count": 1,
					"min": 75,
					"max": 75
				},
				"2024-06-08": {
					"avg": 425,
					"count": 1,
					"min": 425,
					"max": 425
				},
				"2024-06-20": {
					"avg": 22,
					"count": 1,
					"min": 22,
					"max": 22
				},
				"2024-06-24": {
					"avg": 39,
					"count": 1,
					"min": 39,
					"max": 39
				},
				"2024-07-04": {
					"avg": 39,
					"count": 1,
					"min": 39,
					"max": 39
				},
				"2024-07-14": {
					"avg": 29,
					"count": 1,
					"min": 29,
					"max": 29
				},
				"2024-07-15": {
					"avg": 77,
					"count": 1,
					"min": 77,
					"max": 77
				},
				"2024-07-21": {
					"avg": 35,
					"count": 1,
					"min": 35,
					"max": 35
				},
				"2024-07-23": {
					"avg": 142,
					"count": 1,
					"min": 142,
					"max": 142
				},
				"2024-07-24": {
					"avg": 30,
					"count": 1,
					"min": 30,
					"max": 30
				},
				"2024-07-26": {
					"avg": 75,
					"count": 1,
					"min": 75,
					"max": 75
				},
				"2024-07-30": {
					"avg": 158,
					"count": 1,
					"min": 158,
					"max": 158
				},
				"2024-08-01": {
					"avg": 30,
					"count": 1,
					"min": 30,
					"max": 30
				},
				"2024-08-08": {
					"avg": 123,
					"count": 1,
					"min": 123,
					"max": 123
				},
				"2024-08-14": {
					"avg": 3,
					"count": 1,
					"min": 3,
					"max": 3
				},
				"2024-08-16": {
					"avg": 102,
					"count": 3,
					"min": 17,
					"max": 150
				},
				"2024-08-19": {
					"avg": 24,
					"count": 1,
					"min": 24,
					"max": 24
				},
				"2024-08-21": {
					"avg": 77,
					"count": 2,
					"min": 77,
					"max": 77
				},
				"2024-08-23": {
					"avg": 150,
					"count": 1,
					"min": 150,
					"max": 150
				},
				"2024-08-31": {
					"avg": 48,
					"count": 1,
					"min": 48,
					"max": 48
				},
				"2024-09-01": {
					"avg": 75,
					"count": 1,
					"min": 75,
					"max": 75
				},
				"2024-09-13": {
					"avg": 157,
					"count": 1,
					"min": 157,
					"max": 157
				},
				"2024-09-18": {
					"avg": 147,
					"count": 1,
					"min": 147,
					"max": 147
				},
				"2024-09-22": {
					"avg": 137,
					"count": 1,
					"min": 137,
					"max": 137
				},
				"2024-09-23": {
					"avg": 177,
					"count": 1,
					"min": 177,
					"max": 177
				}
			},
			"avg": 93,
			"avg7": -1,
			"avg28": -1
		},
		"normal-poor": {
			"history": {
				"2024-05-30": {
					"avg": 132,
					"count": 1,
					"min": 132,
					"max": 132
				},
				"2024-05-31": {
					"avg": 105,
					"count": 1,
					"min": 105,
					"max": 105
				},
				"2024-06-22": {
					"avg": 166,
					"count": 1,
					"min": 166,
					"max": 166
				},
				"2024-06-25": {
					"avg": 116,
					"count": 2,
					"min": 105,
					"max": 127
				},
				"2024-07-04": {
					"avg": 117,
					"count": 2,
					"min": 20,
					"max": 213
				},
				"2024-07-06": {
					"avg": 163,
					"count": 1,
					"min": 163,
					"max": 163
				},
				"2024-07-11": {
					"avg": 15,
					"count": 1,
					"min": 15,
					"max": 15
				},
				"2024-07-13": {
					"avg": 915,
					"count": 1,
					"min": 915,
					"max": 915
				},
				"2024-07-14": {
					"avg": 15,
					"count": 1,
					"min": 15,
					"max": 15
				},
				"2024-07-15": {
					"avg": 137,
					"count": 1,
					"min": 137,
					"max": 137
				},
				"2024-07-20": {
					"avg": 10,
					"count": 1,
					"min": 10,
					"max": 10
				},
				"2024-07-23": {
					"avg": 133,
					"count": 5,
					"min": 20,
					"max": 210
				},
				"2024-07-25": {
					"avg": 132,
					"count": 1,
					"min": 132,
					"max": 132
				},
				"2024-07-29": {
					"avg": 174,
					"count": 1,
					"min": 174,
					"max": 174
				},
				"2024-08-01": {
					"avg": 15,
					"count": 1,
					"min": 15,
					"max": 15
				},
				"2024-08-09": {
					"avg": 25,
					"count": 1,
					"min": 25,
					"max": 25
				},
				"2024-08-11": {
					"avg": 10,
					"count": 2,
					"min": 10,
					"max": 10
				},
				"2024-08-16": {
					"avg": 124,
					"count": 5,
					"min": 20,
					"max": 264
				},
				"2024-08-17": {
					"avg": 15,
					"count": 1,
					"min": 15,
					"max": 15
				},
				"2024-09-06": {
					"avg": 15,
					"count": 1,
					"min": 15,
					"max": 15
				}
			},
			"avg": 123,
			"avg7": -1,
			"avg28": -1
		}
	}
}