{
	"data": {
		"normal-good": {
			"history": {
				"2022-11-12": {
					"avg": 29,
					"count": 1
				},
				"2022-11-13": {
					"avg": 39,
					"count": 19
				},
				"2022-11-14": {
					"avg": 122,
					"count": 1
				},
				"2022-11-15": {
					"avg": 150,
					"count": 2
				},
				"2022-11-16": {
					"avg": 57,
					"count": 54
				},
				"2022-11-17": {
					"avg": 203,
					"count": 4
				},
				"2022-11-18": {
					"avg": 297,
					"count": 1
				},
				"2022-11-19": {
					"avg": 220,
					"count": 3,
					"min": 25,
					"max": 537
				},
				"2022-11-20": {
					"avg": 98,
					"count": 1,
					"min": 98,
					"max": 98
				},
				"2022-11-21": {
					"avg": 297,
					"count": 3,
					"min": 297,
					"max": 297
				},
				"2022-11-22": {
					"avg": 28,
					"count": 2,
					"min": 27,
					"max": 29
				},
				"2022-11-24": {
					"avg": 537,
					"count": 1,
					"min": 537,
					"max": 537
				},
				"2022-11-25": {
					"avg": 50,
					"count": 18,
					"min": 17,
					"max": 190
				},
				"2022-11-26": {
					"avg": 463,
					"count": 66,
					"min": 17,
					"max": 840
				},
				"2022-11-27": {
					"avg": 107,
					"count": 4,
					"min": 23,
					"max": 190
				},
				"2022-11-28": {
					"avg": 85,
					"count": 3,
					"min": 24,
					"max": 133
				},
				"2022-11-29": {
					"avg": 75,
					"count": 8,
					"min": 25,
					"max": 127
				},
				"2022-12-01": {
					"avg": 35,
					"count": 1,
					"min": 35,
					"max": 35
				},
				"2022-12-02": {
					"avg": 25,
					"count": 12,
					"min": 20,
					"max": 25
				},
				"2022-12-04": {
					"avg": 85,
					"count": 5,
					"min": 32,
					"max": 271
				},
				"2022-12-05": {
					"avg": 93,
					"count": 51,
					"min": 9,
					"max": 375
				},
				"2022-12-06": {
					"avg": 839,
					"count": 1,
					"min": 839,
					"max": 839
				},
				"2022-12-07": {
					"avg": 185,
					"count": 4,
					"min": 24,
					"max": 487
				},
				"2022-12-09": {
					"avg": 64,
					"count": 2,
					"min": 30,
					"max": 97
				},
				"2022-12-10": {
					"avg": 144,
					"count": 8,
					"min": 120,
					"max": 283
				},
				"2022-12-11": {
					"avg": 207,
					"count": 3,
					"min": 20,
					"max": 301
				},
				"2022-12-13": {
					"avg": 175,
					"count": 6,
					"min": 97,
					"max": 190
				},
				"2022-12-14": {
					"avg": 176,
					"count": 2,
					"min": 124,
					"max": 227
				},
				"2022-12-15": {
					"avg": 129,
					"count": 4,
					"min": 36,
					"max": 297
				},
				"2022-12-16": {
					"avg": 208,
					"count": 20,
					"min": 27,
					"max": 2044
				},
				"2022-12-17": {
					"avg": 84,
					"count": 5,
					"min": 75,
					"max": 118
				},
				"2022-12-18": {
					"avg": 221,
					"count": 2,
					"min": 49,
					"max": 393
				},
				"2022-12-19": {
					"avg": 43,
					"count": 1,
					"min": 43,
					"max": 43
				},
				"2022-12-20": {
					"avg": 185,
					"count": 1,
					"min": 185,
					"max": 185
				},
				"2022-12-21": {
					"avg": 164,
					"count": 5,
					"min": 50,
					"max": 297
				},
				"2022-12-22": {
					"avg": 32,
					"count": 3,
					"min": 32,
					"max": 32
				},
				"2022-12-23": {
					"avg": 111,
					"count": 6,
					"min": 110,
					"max": 111
				},
				"2022-12-24": {
					"avg": 54,
					"count": 5,
					"min": 20,
					"max": 75
				},
				"2022-12-25": {
					"avg": 323,
					"count": 3,
					"min": 36,
					"max": 897
				},
				"2022-12-26": {
					"avg": 215,
					"count": 4,
					"min": 175,
					"max": 229
				},
				"2022-12-27": {
					"avg": 15,
					"count": 2,
					"min": 15,
					"max": 15
				},
				"2022-12-28": {
					"avg": 55,
					"count": 5,
					"min": 21,
					"max": 127
				},
				"2022-12-29": {
					"avg": 126,
					"count": 4,
					"min": 49,
					"max": 199
				},
				"2022-12-30": {
					"avg": 28,
					"count": 3,
					"min": 20,
					"max": 38
				},
				"2022-12-31": {
					"avg": 20,
					"count": 2,
					"min": 20,
					"max": 20
				},
				"2023-01-01": {
					"avg": 1315,
					"count": 5,
					"min": 29,
					"max": 1636
				},
				"2023-01-02": {
					"avg": 134,
					"count": 48,
					"min": 23,
					"max": 432
				},
				"2023-01-03": {
					"avg": 142,
					"count": 6,
					"min": 38,
					"max": 299
				},
				"2023-01-04": {
					"avg": 159,
					"count": 2,
					"min": 20,
					"max": 297
				},
				"2023-01-05": {
					"avg": 100,
					"count": 4,
					"min": 20,
					"max": 136
				},
				"2023-01-06": {
					"avg": 248,
					"count": 11,
					"min": 120,
					"max": 367
				},
				"2023-01-07": {
					"avg": 123,
					"count": 2,
					"min": 97,
					"max": 148
				},
				"2023-01-08": {
					"avg": 183,
					"count": 4,
					"min": 25,
					"max": 297
				},
				"2023-01-09": {
					"avg": 110,
					"count": 10,
					"min": 20,
					"max": 151
				},
				"2023-01-10": {
					"avg": 120,
					"count": 8,
					"min": 49,
					"max": 219
				},
				"2023-01-11": {
					"avg": 115,
					"count": 4,
					"min": 24,
					"max": 257
				},
				"2023-01-12": {
					"avg": 105,
					"count": 7,
					"min": 15,
					"max": 147
				},
				"2023-02-06": {
					"avg": 26,
					"count": 12,
					"min": 13,
					"max": 29
				},
				"2023-02-07": {
					"avg": 25,
					"count": 3,
					"min": 25,
					"max": 25
				},
				"2023-02-10": {
					"avg": 147,
					"count": 7,
					"min": 17,
					"max": 301
				},
				"2023-02-11": {
					"avg": 21,
					"count": 6,
					"min": 20,
					"max": 25
				},
				"2023-02-12": {
					"avg": 89,
					"count": 6,
					"min": 24,
					"max": 347
				},
				"2023-02-13": {
					"avg": 63,
					"count": 2,
					"min": 27,
					"max": 99
				},
				"2023-02-14": {
					"avg": 344,
					"count": 4,
					"min": 38,
					"max": 792
				},
				"2023-02-15": {
					"avg": 122,
					"count": 13,
					"min": 30,
					"max": 274
				},
				"2023-02-17": {
					"avg": 277,
					"count": 3,
					"min": 179,
					"max": 453
				},
				"2023-02-18": {
					"avg": 209,
					"count": 4,
					"min": 159,
					"max": 225
				},
				"2023-02-19": {
					"avg": 65,
					"count": 4,
					"min": 23,
					"max": 148
				},
				"2023-02-20": {
					"avg": 70,
					"count": 32,
					"min": 29,
					"max": 199
				},
				"2023-02-21": {
					"avg": 178,
					"count": 6,
					"min": 154,
					"max": 284
				},
				"2023-02-22": {
					"avg": 127,
					"count": 3,
					"min": 15,
					"max": 347
				},
				"2023-02-23": {
					"avg": 299,
					"count": 3,
					"min": 225,
					"max": 347
				},
				"2023-02-24": {
					"avg": 147,
					"count": 3,
					"min": 132,
					"max": 154
				},
				"2023-02-25": {
					"avg": 209,
					"count": 27,
					"min": 124,
					"max": 230
				},
				"2023-02-26": {
					"avg": 129,
					"count": 1,
					"min": 129,
					"max": 129
				},
				"2023-02-27": {
					"avg": 226,
					"count": 6,
					"min": 39,
					"max": 509
				},
				"2023-02-28": {
					"avg": 150,
					"count": 7,
					"min": 29,
					"max": 199
				},
				"2023-03-01": {
					"avg": 241,
					"count": 3,
					"min": 51,
					"max": 548
				},
				"2023-03-02": {
					"avg": 106,
					"count": 5,
					"min": 29,
					"max": 154
				},
				"2023-03-03": {
					"avg": 142,
					"count": 4,
					"min": 39,
					"max": 347
				},
				"2023-03-06": {
					"avg": 62,
					"count": 3,
					"min": 25,
					"max": 137
				},
				"2023-03-07": {
					"avg": 19,
					"count": 1,
					"min": 19,
					"max": 19
				},
				"2023-03-09": {
					"avg": 195,
					"count": 3,
					"min": 126,
					"max": 301
				},
				"2023-03-10": {
					"avg": 286,
					"count": 2,
					"min": 225,
					"max": 347
				},
				"2023-03-11": {
					"avg": 250,
					"count": 2,
					"min": 50,
					"max": 449
				},
				"2023-03-12": {
					"avg": 299,
					"count": 1,
					"min": 299,
					"max": 299
				},
				"2023-03-13": {
					"avg": 168,
					"count": 3,
					"min": 19,
					"max": 449
				},
				"2023-03-14": {
					"avg": 71,
					"count": 2,
					"min": 18,
					"max": 124
				},
				"2023-03-15": {
					"avg": 158,
					"count": 8,
					"min": 18,
					"max": 329
				},
				"2023-03-16": {
					"avg": 137,
					"count": 1,
					"min": 137,
					"max": 137
				},
				"2023-03-18": {
					"avg": 129,
					"count": 1,
					"min": 129,
					"max": 129
				},
				"2023-03-20": {
					"avg": 85,
					"count": 3,
					"min": 15,
					"max": 124
				},
				"2023-03-21": {
					"avg": 193,
					"count": 4,
					"min": 100,
					"max": 399
				},
				"2023-03-22": {
					"avg": 329,
					"count": 44,
					"min": 328,
					"max": 332
				},
				"2023-03-23": {
					"avg": 27,
					"count": 2,
					"min": 9,
					"max": 44
				},
				"2023-03-24": {
					"avg": 107,
					"count": 6,
					"min": 22,
					"max": 124
				},
				"2023-03-25": {
					"avg": 88,
					"count": 4,
					"min": 25,
					"max": 242
				},
				"2023-03-26": {
					"avg": 100,
					"count": 1,
					"min": 100,
					"max": 100
				},
				"2023-03-27": {
					"avg": 102,
					"count": 3,
					"min": 75,
					"max": 115
				},
				"2023-03-28": {
					"avg": 249,
					"count": 2,
					"min": 119,
					"max": 378
				},
				"2023-03-29": {
					"avg": 118,
					"count": 4,
					"min": 15,
					"max": 225
				},
				"2023-03-31": {
					"avg": 144,
					"count": 9,
					"min": 119,
					"max": 284
				},
				"2023-04-01": {
					"avg": 438,
					"count": 16,
					"min": 24,
					"max": 509
				},
				"2023-04-02": {
					"avg": 174,
					"count": 4,
					"min": 20,
					"max": 350
				},
				"2023-04-03": {
					"avg": 261,
					"count": 37,
					"min": 15,
					"max": 393
				},
				"2023-04-04": {
					"avg": 159,
					"count": 6,
					"min": 25,
					"max": 825
				},
				"2023-04-05": {
					"avg": 64,
					"count": 5,
					"min": 25,
					"max": 148
				},
				"2023-04-06": {
					"avg": 200,
					"count": 3,
					"min": 27,
					"max": 524
				},
				"2023-04-07": {
					"avg": 259,
					"count": 3,
					"min": 114,
					"max": 524
				},
				"2023-04-08": {
					"avg": 40,
					"count": 2,
					"min": 21,
					"max": 58
				},
				"2023-04-09": {
					"avg": 136,
					"count": 6,
					"min": 27,
					"max": 399
				},
				"2023-04-10": {
					"avg": 170,
					"count": 3,
					"min": 40,
					"max": 359
				},
				"2023-04-11": {
					"avg": 24,
					"count": 1,
					"min": 24,
					"max": 24
				},
				"2023-04-13": {
					"avg": 99,
					"count": 2,
					"min": 22,
					"max": 175
				},
				"2023-04-14": {
					"avg": 198,
					"count": 1,
					"min": 198,
					"max": 198
				},
				"2023-04-15": {
					"avg": 99,
					"count": 1,
					"min": 99,
					"max": 99
				},
				"2023-04-16": {
					"avg": 111,
					"count": 3,
					"min": 25,
					"max": 168
				},
				"2023-04-18": {
					"avg": 120,
					"count": 2,
					"min": 20,
					"max": 219
				},
				"2023-04-19": {
					"avg": 207,
					"count": 3,
					"min": 116,
					"max": 283
				},
				"2023-04-20": {
					"avg": 198,
					"count": 2,
					"min": 113,
					"max": 283
				},
				"2023-04-21": {
					"avg": 188,
					"count": 3,
					"min": 29,
					"max": 499
				},
				"2023-04-22": {
					"avg": 262,
					"count": 9,
					"min": 50,
					"max": 523
				},
				"2023-04-23": {
					"avg": 158,
					"count": 7,
					"min": 32,
					"max": 378
				},
				"2023-04-26": {
					"avg": 95,
					"count": 2,
					"min": 16,
					"max": 174
				},
				"2023-04-27": {
					"avg": 50,
					"count": 1,
					"min": 50,
					"max": 50
				},
				"2023-04-28": {
					"avg": 119,
					"count": 14,
					"min": 29,
					"max": 349
				},
				"2023-04-29": {
					"avg": 141,
					"count": 2,
					"min": 128,
					"max": 153
				},
				"2023-04-30": {
					"avg": 216,
					"count": 1,
					"min": 216,
					"max": 216
				},
				"2023-05-01": {
					"avg": 119,
					"count": 5,
					"min": 111,
					"max": 152
				},
				"2023-05-02": {
					"avg": 782,
					"count": 35,
					"min": 114,
					"max": 832
				},
				"2023-05-03": {
					"avg": 70,
					"count": 3,
					"min": 70,
					"max": 70
				},
				"2023-05-04": {
					"avg": 137,
					"count": 1,
					"min": 137,
					"max": 137
				},
				"2023-05-05": {
					"avg": 219,
					"count": 6,
					"min": 25,
					"max": 362
				},
				"2023-05-06": {
					"avg": 32,
					"count": 3,
					"min": 24,
					"max": 49
				},
				"2023-05-07": {
					"avg": 78,
					"count": 29,
					"min": 15,
					"max": 316
				},
				"2023-05-08": {
					"avg": 20,
					"count": 1,
					"min": 20,
					"max": 20
				},
				"2023-05-09": {
					"avg": 29,
					"count": 6,
					"min": 24,
					"max": 30
				},
				"2023-05-10": {
					"avg": 106,
					"count": 3,
					"min": 24,
					"max": 269
				},
				"2023-05-11": {
					"avg": 252,
					"count": 1,
					"min": 252,
					"max": 252
				},
				"2023-05-12": {
					"avg": 298,
					"count": 4,
					"min": 298,
					"max": 298
				},
				"2023-05-13": {
					"avg": 347,
					"count": 1,
					"min": 347,
					"max": 347
				},
				"2023-05-14": {
					"avg": 82,
					"count": 16,
					"min": 82,
					"max": 82
				},
				"2023-05-15": {
					"avg": 28,
					"count": 3,
					"min": 25,
					"max": 35
				},
				"2023-05-17": {
					"avg": 336,
					"count": 5,
					"min": 148,
					"max": 504
				},
				"2023-05-18": {
					"avg": 157,
					"count": 2,
					"min": 115,
					"max": 199
				},
				"2023-05-19": {
					"avg": 28,
					"count": 7,
					"min": 24,
					"max": 53
				},
				"2023-05-20": {
					"avg": 29,
					"count": 2,
					"min": 25,
					"max": 32
				},
				"2023-05-22": {
					"avg": 362,
					"count": 3,
					"min": 24,
					"max": 1023
				},
				"2023-05-23": {
					"avg": 76,
					"count": 2,
					"min": 24,
					"max": 127
				},
				"2023-05-24": {
					"avg": 103,
					"count": 11,
					"min": 24,
					"max": 274
				},
				"2023-05-25": {
					"avg": 124,
					"count": 10,
					"min": 23,
					"max": 327
				},
				"2023-05-26": {
					"avg": 315,
					"count": 3,
					"min": 15,
					"max": 818
				},
				"2023-05-27": {
					"avg": 102,
					"count": 15,
					"min": 15,
					"max": 275
				},
				"2023-05-28": {
					"avg": 145,
					"count": 4,
					"min": 49,
					"max": 350
				},
				"2023-05-29": {
					"avg": 81,
					"count": 4,
					"min": 19,
					"max": 146
				},
				"2023-05-30": {
					"avg": 205,
					"count": 3,
					"min": 114,
					"max": 250
				},
				"2023-06-01": {
					"avg": 120,
					"count": 134,
					"min": 35,
					"max": 177
				},
				"2023-06-02": {
					"avg": 81,
					"count": 2,
					"min": 34,
					"max": 127
				},
				"2023-06-04": {
					"avg": 404,
					"count": 4,
					"min": 250,
					"max": 639
				},
				"2023-06-06": {
					"avg": 138,
					"count": 2,
					"min": 25,
					"max": 250
				},
				"2023-06-07": {
					"avg": 176,
					"count": 4,
					"min": 100,
					"max": 337
				},
				"2023-06-08": {
					"avg": 344,
					"count": 3,
					"min": 113,
					"max": 804
				},
				"2023-06-10": {
					"avg": 91,
					"count": 6,
					"min": 25,
					"max": 333
				},
				"2023-06-11": {
					"avg": 65,
					"count": 2,
					"min": 29,
					"max": 100
				},
				"2023-06-12": {
					"avg": 74,
					"count": 2,
					"min": 29,
					"max": 120
				},
				"2023-06-13": {
					"avg": 47,
					"count": 3,
					"min": 25,
					"max": 90
				},
				"2023-06-14": {
					"avg": 330,
					"count": 2,
					"min": 323,
					"max": 337
				},
				"2023-06-15": {
					"avg": 250,
					"count": 1,
					"min": 250,
					"max": 250
				},
				"2023-06-16": {
					"avg": 142,
					"count": 3,
					"min": 29,
					"max": 347
				},
				"2023-06-17": {
					"avg": 29,
					"count": 34,
					"min": 27,
					"max": 49
				},
				"2023-06-18": {
					"avg": 172,
					"count": 45,
					"min": 41,
					"max": 295
				},
				"2023-06-19": {
					"avg": 77,
					"count": 2,
					"min": 53,
					"max": 100
				},
				"2023-06-20": {
					"avg": 105,
					"count": 3,
					"min": 99,
					"max": 113
				},
				"2023-06-21": {
					"avg": 286,
					"count": 4,
					"min": 221,
					"max": 424
				},
				"2023-06-22": {
					"avg": 92,
					"count": 15,
					"min": 25,
					"max": 424
				},
				"2023-06-23": {
					"avg": 95,
					"count": 9,
					"min": 23,
					"max": 147
				},
				"2023-06-24": {
					"avg": 75,
					"count": 1,
					"min": 75,
					"max": 75
				},
				"2023-06-25": {
					"avg": 71,
					"count": 2,
					"min": 29,
					"max": 113
				},
				"2023-06-26": {
					"avg": 67,
					"count": 6,
					"min": 27,
					"max": 225
				},
				"2023-06-27": {
					"avg": 198,
					"count": 1,
					"min": 198,
					"max": 198
				},
				"2023-06-28": {
					"avg": 316,
					"count": 2,
					"min": 132,
					"max": 499
				},
				"2023-06-29": {
					"avg": 16,
					"count": 3,
					"min": 12,
					"max": 25
				},
				"2023-06-30": {
					"avg": 118,
					"count": 5,
					"min": 25,
					"max": 439
				},
				"2023-07-01": {
					"avg": 29,
					"count": 1,
					"min": 29,
					"max": 29
				},
				"2023-07-02": {
					"avg": 74,
					"count": 3,
					"min": 29,
					"max": 124
				},
				"2023-07-03": {
					"avg": 43,
					"count": 6,
					"min": 25,
					"max": 124
				},
				"2023-07-04": {
					"avg": 27,
					"count": 39,
					"min": 24,
					"max": 127
				},
				"2023-07-05": {
					"avg": 55,
					"count": 4,
					"min": 25,
					"max": 100
				},
				"2023-07-06": {
					"avg": 118,
					"count": 15,
					"min": 26,
					"max": 165
				},
				"2023-07-07": {
					"avg": 173,
					"count": 3,
					"min": 119,
					"max": 200
				},
				"2023-07-08": {
					"avg": 190,
					"count": 10,
					"min": 29,
					"max": 359
				},
				"2023-07-09": {
					"avg": 179,
					"count": 6,
					"min": 26,
					"max": 389
				},
				"2023-07-10": {
					"avg": 537,
					"count": 4,
					"min": 26,
					"max": 1834
				},
				"2023-07-11": {
					"avg": 382,
					"count": 2,
					"min": 165,
					"max": 599
				},
				"2023-07-12": {
					"avg": 257,
					"count": 3,
					"min": 100,
					"max": 445
				},
				"2023-07-13": {
					"avg": 100,
					"count": 1,
					"min": 100,
					"max": 100
				},
				"2023-07-14": {
					"avg": 385,
					"count": 14,
					"min": 65,
					"max": 699
				},
				"2023-07-15": {
					"avg": 100,
					"count": 2,
					"min": 35,
					"max": 165
				},
				"2023-07-16": {
					"avg": 28,
					"count": 2,
					"min": 26,
					"max": 29
				},
				"2023-07-17": {
					"avg": 148,
					"count": 4,
					"min": 51,
					"max": 406
				},
				"2023-07-18": {
					"avg": 107,
					"count": 5,
					"min": 57,
					"max": 119
				},
				"2023-07-19": {
					"avg": 161,
					"count": 3,
					"min": 29,
					"max": 424
				},
				"2023-07-20": {
					"avg": 120,
					"count": 72,
					"min": 29,
					"max": 129
				},
				"2023-07-21": {
					"avg": 144,
					"count": 2,
					"min": 100,
					"max": 189
				},
				"2023-07-22": {
					"avg": 71,
					"count": 3,
					"min": 18,
					"max": 119
				},
				"2023-07-24": {
					"avg": 111,
					"count": 2,
					"min": 68,
					"max": 153
				},
				"2023-07-25": {
					"avg": 136,
					"count": 13,
					"min": 27,
					"max": 409
				},
				"2023-07-26": {
					"avg": 67,
					"count": 34,
					"min": 24,
					"max": 219
				},
				"2023-07-27": {
					"avg": 86,
					"count": 5,
					"min": 25,
					"max": 223
				},
				"2023-07-28": {
					"avg": 415,
					"count": 3,
					"min": 113,
					"max": 708
				},
				"2023-07-29": {
					"avg": 616,
					"count": 24,
					"min": 25,
					"max": 825
				},
				"2023-07-30": {
					"avg": 420,
					"count": 4,
					"min": 79,
					"max": 1039
				},
				"2023-07-31": {
					"avg": 25,
					"count": 1,
					"min": 25,
					"max": 25
				},
				"2023-08-01": {
					"avg": 162,
					"count": 7,
					"min": 62,
					"max": 339
				},
				"2023-08-02": {
					"avg": 143,
					"count": 6,
					"min": 12,
					"max": 519
				},
				"2023-08-03": {
					"avg": 94,
					"count": 2,
					"min": 62,
					"max": 126
				},
				"2023-08-04": {
					"avg": 204,
					"count": 5,
					"min": 62,
					"max": 599
				},
				"2023-08-05": {
					"avg": 49,
					"count": 2,
					"min": 25,
					"max": 73
				},
				"2023-08-06": {
					"avg": 105,
					"count": 3,
					"min": 29,
					"max": 258
				},
				"2023-08-07": {
					"avg": 29,
					"count": 2,
					"min": 29,
					"max": 29
				},
				"2023-08-08": {
					"avg": 51,
					"count": 4,
					"min": 25,
					"max": 125
				},
				"2023-08-09": {
					"avg": 92,
					"count": 7,
					"min": 25,
					"max": 125
				},
				"2023-08-10": {
					"avg": 60,
					"count": 3,
					"min": 34,
					"max": 110
				},
				"2023-08-11": {
					"avg": 136,
					"count": 6,
					"min": 26,
					"max": 345
				},
				"2023-08-12": {
					"avg": 135,
					"count": 7,
					"min": 29,
					"max": 294
				},
				"2023-08-14": {
					"avg": 64,
					"count": 5,
					"min": 64,
					"max": 64
				},
				"2023-08-16": {
					"avg": 328,
					"count": 2,
					"min": 57,
					"max": 599
				},
				"2023-08-17": {
					"avg": 255,
					"count": 2,
					"min": 53,
					"max": 456
				},
				"2023-08-18": {
					"avg": 399,
					"count": 1,
					"min": 399,
					"max": 399
				},
				"2023-08-19": {
					"avg": 50,
					"count": 1,
					"min": 50,
					"max": 50
				},
				"2023-08-20": {
					"avg": 177,
					"count": 6,
					"min": 53,
					"max": 298
				},
				"2023-08-21": {
					"avg": 549,
					"count": 1,
					"min": 549,
					"max": 549
				},
				"2023-08-23": {
					"avg": 339,
					"count": 3,
					"min": 147,
					"max": 723
				},
				"2023-08-24": {
					"avg": 205,
					"count": 4,
					"min": 52,
					"max": 549
				},
				"2023-08-25": {
					"avg": 147,
					"count": 12,
					"min": 20,
					"max": 700
				},
				"2023-08-26": {
					"avg": 147,
					"count": 1,
					"min": 147,
					"max": 147
				},
				"2023-08-27": {
					"avg": 138,
					"count": 3,
					"min": 119,
					"max": 148
				},
				"2023-08-28": {
					"avg": 102,
					"count": 6,
					"min": 15,
					"max": 316
				},
				"2023-08-31": {
					"avg": 159,
					"count": 3,
					"min": 39,
					"max": 399
				},
				"2023-09-01": {
					"avg": 20,
					"count": 1,
					"min": 20,
					"max": 20
				},
				"2023-09-02": {
					"avg": 26,
					"count": 1,
					"min": 26,
					"max": 26
				},
				"2023-09-03": {
					"avg": 201,
					"count": 12,
					"min": 100,
					"max": 221
				},
				"2023-09-04": {
					"avg": 208,
					"count": 3,
					"min": 71,
					"max": 427
				},
				"2023-09-05": {
					"avg": 38,
					"count": 1,
					"min": 38,
					"max": 38
				},
				"2023-09-06": {
					"avg": 122,
					"count": 3,
					"min": 29,
					"max": 297
				},
				"2023-09-07": {
					"avg": 150,
					"count": 1,
					"min": 150,
					"max": 150
				},
				"2023-09-08": {
					"avg": 70,
					"count": 2,
					"min": 19,
					"max": 120
				},
				"2023-09-09": {
					"avg": 208,
					"count": 18,
					"min": 21,
					"max": 527
				},
				"2023-09-10": {
					"avg": 25,
					"count": 1,
					"min": 25,
					"max": 25
				},
				"2023-09-11": {
					"avg": 63,
					"count": 5,
					"min": 42,
					"max": 119
				},
				"2023-09-12": {
					"avg": 98,
					"count": 4,
					"min": 50,
					"max": 126
				},
				"2023-09-13": {
					"avg": 174,
					"count": 2,
					"min": 50,
					"max": 297
				},
				"2023-09-14": {
					"avg": 146,
					"count": 8,
					"min": 114,
					"max": 219
				},
				"2023-09-15": {
					"avg": 100,
					"count": 3,
					"min": 51,
					"max": 124
				},
				"2023-09-16": {
					"avg": 159,
					"count": 1,
					"min": 159,
					"max": 159
				},
				"2023-09-17": {
					"avg": 37,
					"count": 2,
					"min": 25,
					"max": 49
				},
				"2023-09-18": {
					"avg": 148,
					"count": 3,
					"min": 29,
					"max": 297
				},
				"2023-09-19": {
					"avg": 282,
					"count": 10,
					"min": 49,
					"max": 1203
				},
				"2023-09-20": {
					"avg": 30,
					"count": 3,
					"min": 26,
					"max": 38
				},
				"2023-09-22": {
					"avg": 225,
					"count": 2,
					"min": 26,
					"max": 424
				},
				"2023-09-23": {
					"avg": 294,
					"count": 7,
					"min": 27,
					"max": 1600
				},
				"2023-09-24": {
					"avg": 49,
					"count": 3,
					"min": 29,
					"max": 68
				},
				"2023-09-25": {
					"avg": 105,
					"count": 13,
					"min": 29,
					"max": 135
				},
				"2023-09-26": {
					"avg": 114,
					"count": 2,
					"min": 114,
					"max": 114
				},
				"2023-09-27": {
					"avg": 57,
					"count": 3,
					"min": 29,
					"max": 114
				},
				"2023-09-28": {
					"avg": 61,
					"count": 3,
					"min": 25,
					"max": 130
				},
				"2023-09-29": {
					"avg": 297,
					"count": 1,
					"min": 297,
					"max": 297
				},
				"2023-09-30": {
					"avg": 301,
					"count": 10,
					"min": 119,
					"max": 528
				},
				"2023-10-01": {
					"avg": 134,
					"count": 5,
					"min": 29,
					"max": 264
				},
				"2023-10-02": {
					"avg": 169,
					"count": 4,
					"min": 49,
					"max": 230
				},
				"2023-10-04": {
					"avg": 172,
					"count": 4,
					"min": 50,
					"max": 285
				},
				"2023-10-05": {
					"avg": 49,
					"count": 1,
					"min": 49,
					"max": 49
				},
				"2023-10-06": {
					"avg": 89,
					"count": 5,
					"min": 25,
					"max": 119
				},
				"2023-10-07": {
					"avg": 47,
					"count": 1,
					"min": 47,
					"max": 47
				},
				"2023-10-08": {
					"avg": 323,
					"count": 4,
					"min": 124,
					"max": 659
				},
				"2023-10-09": {
					"avg": 64,
					"count": 15,
					"min": 23,
					"max": 221
				},
				"2023-10-10": {
					"avg": 158,
					"count": 4,
					"min": 26,
					"max": 304
				},
				"2023-10-11": {
					"avg": 128,
					"count": 1,
					"min": 128,
					"max": 128
				},
				"2023-10-12": {
					"avg": 27,
					"count": 6,
					"min": 25,
					"max": 27
				},
				"2023-10-13": {
					"avg": 264,
					"count": 1,
					"min": 264,
					"max": 264
				},
				"2023-10-14": {
					"avg": 132,
					"count": 2,
					"min": 125,
					"max": 139
				},
				"2023-10-15": {
					"avg": 26,
					"count": 1,
					"min": 26,
					"max": 26
				},
				"2023-10-16": {
					"avg": 324,
					"count": 9,
					"min": 38,
					"max": 1598
				},
				"2023-10-17": {
					"avg": 218,
					"count": 3,
					"min": 126,
					"max": 383
				},
				"2023-10-18": {
					"avg": 148,
					"count": 8,
					"min": 144,
					"max": 173
				},
				"2023-10-19": {
					"avg": 64,
					"count": 20,
					"min": 25,
					"max": 175
				},
				"2023-10-20": {
					"avg": 157,
					"count": 43,
					"min": 133,
					"max": 241
				},
				"2023-10-21": {
					"avg": 20,
					"count": 1,
					"min": 20,
					"max": 20
				},
				"2023-10-22": {
					"avg": 109,
					"count": 7,
					"min": 86,
					"max": 119
				},
				"2023-10-23": {
					"avg": 304,
					"count": 1,
					"min": 304,
					"max": 304
				},
				"2023-10-24": {
					"avg": 112,
					"count": 4,
					"min": 25,
					"max": 172
				},
				"2023-10-25": {
					"avg": 140,
					"count": 7,
					"min": 10,
					"max": 444
				},
				"2023-10-26": {
					"avg": 94,
					"count": 3,
					"min": 20,
					"max": 145
				},
				"2023-10-27": {
					"avg": 107,
					"count": 2,
					"min": 99,
					"max": 114
				},
				"2023-10-28": {
					"avg": 125,
					"count": 1,
					"min": 125,
					"max": 125
				},
				"2023-10-29": {
					"avg": 139,
					"count": 3,
					"min": 99,
					"max": 169
				},
				"2023-10-30": {
					"avg": 205,
					"count": 5,
					"min": 25,
					"max": 424
				},
				"2023-10-31": {
					"avg": 141,
					"count": 7,
					"min": 25,
					"max": 299
				},
				"2023-11-01": {
					"avg": 158,
					"count": 2,
					"min": 83,
					"max": 233
				},
				"2023-11-02": {
					"avg": 240,
					"count": 3,
					"min": 30,
					"max": 345
				},
				"2023-11-04": {
					"avg": 112,
					"count": 2,
					"min": 50,
					"max": 174
				},
				"2023-11-05": {
					"avg": 114,
					"count": 2,
					"min": 114,
					"max": 114
				},
				"2023-11-06": {
					"avg": 141,
					"count": 3,
					"min": 25,
					"max": 297
				},
				"2023-11-07": {
					"avg": 120,
					"count": 3,
					"min": 25,
					"max": 218
				},
				"2023-11-08": {
					"avg": 252,
					"count": 2,
					"min": 25,
					"max": 478
				},
				"2023-11-09": {
					"avg": 111,
					"count": 3,
					"min": 95,
					"max": 124
				},
				"2023-11-10": {
					"avg": 292,
					"count": 2,
					"min": 159,
					"max": 424
				},
				"2023-11-11": {
					"avg": 71,
					"count": 2,
					"min": 27,
					"max": 114
				},
				"2023-11-13": {
					"avg": 112,
					"count": 5,
					"min": 108,
					"max": 113
				},
				"2023-11-14": {
					"avg": 162,
					"count": 2,
					"min": 25,
					"max": 299
				},
				"2023-11-15": {
					"avg": 113,
					"count": 6,
					"min": 19,
					"max": 231
				},
				"2023-11-16": {
					"avg": 24,
					"count": 1,
					"min": 24,
					"max": 24
				},
				"2023-11-17": {
					"avg": 121,
					"count": 3,
					"min": 110,
					"max": 131
				},
				"2023-11-18": {
					"avg": 543,
					"count": 2,
					"min": 113,
					"max": 973
				},
				"2023-11-19": {
					"avg": 249,
					"count": 2,
					"min": 99,
					"max": 399
				},
				"2023-11-20": {
					"avg": 140,
					"count": 2,
					"min": 49,
					"max": 231
				},
				"2023-11-21": {
					"avg": 185,
					"count": 6,
					"min": 16,
					"max": 649
				},
				"2023-11-24": {
					"avg": 123,
					"count": 40,
					"min": 19,
					"max": 409
				},
				"2023-11-26": {
					"avg": 102,
					"count": 8,
					"min": 39,
					"max": 130
				},
				"2023-11-27": {
					"avg": 159,
					"count": 3,
					"min": 19,
					"max": 339
				},
				"2024-05-15": {
					"avg": 45,
					"count": 1,
					"min": 45,
					"max": 45
				},
				"2024-05-16": {
					"avg": 204,
					"count": 4,
					"min": 15,
					"max": 424
				},
				"2024-05-17": {
					"avg": 189,
					"count": 44,
					"min": 18,
					"max": 519
				},
				"2024-05-18": {
					"avg": 180,
					"count": 29,
					"min": 18,
					"max": 519
				},
				"2024-05-19": {
					"avg": 74,
					"count": 3,
					"min": 49,
					"max": 125
				},
				"2024-05-20": {
					"avg": 244,
					"count": 30,
					"min": 175,
					"max": 479
				},
				"2024-05-21": {
					"avg": 230,
					"count": 7,
					"min": 29,
					"max": 618
				},
				"2024-05-22": {
					"avg": 107,
					"count": 4,
					"min": 25,
					"max": 149
				},
				"2024-05-23": {
					"avg": 137,
					"count": 9,
					"min": 118,
					"max": 226
				},
				"2024-05-24": {
					"avg": 33,
					"count": 21,
					"min": 33,
					"max": 33
				},
				"2024-05-25": {
					"avg": 92,
					"count": 2,
					"min": 28,
					"max": 155
				},
				"2024-05-27": {
					"avg": 221,
					"count": 3,
					"min": 218,
					"max": 223
				},
				"2024-05-28": {
					"avg": 351,
					"count": 2,
					"min": 219,
					"max": 483
				},
				"2024-05-31": {
					"avg": 84,
					"count": 4,
					"min": 19,
					"max": 142
				},
				"2024-06-02": {
					"avg": 136,
					"count": 1,
					"min": 136,
					"max": 136
				},
				"2024-06-03": {
					"avg": 148,
					"count": 1,
					"min": 148,
					"max": 148
				},
				"2024-06-07": {
					"avg": 126,
					"count": 4,
					"min": 25,
					"max": 212
				},
				"2024-06-08": {
					"avg": 65,
					"count": 2,
					"min": 30,
					"max": 100
				},
				"2024-06-10": {
					"avg": 94,
					"count": 3,
					"min": 29,
					"max": 152
				},
				"2024-06-11": {
					"avg": 124,
					"count": 1,
					"min": 124,
					"max": 124
				},
				"2024-06-12": {
					"avg": 25,
					"count": 3,
					"min": 25,
					"max": 25
				},
				"2024-06-13": {
					"avg": 25,
					"count": 1,
					"min": 25,
					"max": 25
				},
				"2024-06-14": {
					"avg": 138,
					"count": 1,
					"min": 138,
					"max": 138
				},
				"2024-06-16": {
					"avg": 92,
					"count": 2,
					"min": 29,
					"max": 154
				},
				"2024-06-17": {
					"avg": 25,
					"count": 1,
					"min": 25,
					"max": 25
				},
				"2024-06-18": {
					"avg": 164,
					"count": 1,
					"min": 164,
					"max": 164
				},
				"2024-06-19": {
					"avg": 25,
					"count": 1,
					"min": 25,
					"max": 25
				},
				"2024-06-20": {
					"avg": 153,
					"count": 3,
					"min": 75,
					"max": 288
				},
				"2024-06-25": {
					"avg": 214,
					"count": 1,
					"min": 214,
					"max": 214
				},
				"2024-06-26": {
					"avg": 173,
					"count": 2,
					"min": 25,
					"max": 320
				},
				"2024-06-27": {
					"avg": 270,
					"count": 3,
					"min": 129,
					"max": 551
				},
				"2024-06-28": {
					"avg": 30,
					"count": 1,
					"min": 30,
					"max": 30
				},
				"2024-06-29": {
					"avg": 89,
					"count": 2,
					"min": 28,
					"max": 150
				},
				"2024-06-30": {
					"avg": 147,
					"count": 2,
					"min": 141,
					"max": 152
				},
				"2024-07-02": {
					"avg": 118,
					"count": 4,
					"min": 118,
					"max": 118
				},
				"2024-07-03": {
					"avg": 169,
					"count": 2,
					"min": 124,
					"max": 214
				},
				"2024-07-04": {
					"avg": 309,
					"count": 1,
					"min": 309,
					"max": 309
				},
				"2024-07-06": {
					"avg": 141,
					"count": 8,
					"min": 99,
					"max": 153
				},
				"2024-07-07": {
					"avg": 185,
					"count": 1,
					"min": 185,
					"max": 185
				},
				"2024-07-08": {
					"avg": 163,
					"count": 3,
					"min": 157,
					"max": 166
				},
				"2024-07-09": {
					"avg": 44,
					"count": 1,
					"min": 44,
					"max": 44
				},
				"2024-07-11": {
					"avg": 141,
					"count": 3,
					"min": 129,
					"max": 152
				},
				"2024-07-12": {
					"avg": 84,
					"count": 5,
					"min": 30,
					"max": 118
				},
				"2024-07-13": {
					"avg": 932,
					"count": 1,
					"min": 932,
					"max": 932
				},
				"2024-07-14": {
					"avg": 32,
					"count": 1,
					"min": 32,
					"max": 32
				},
				"2024-07-15": {
					"avg": 26,
					"count": 2,
					"min": 19,
					"max": 33
				},
				"2024-07-16": {
					"avg": 500,
					"count": 2,
					"min": 141,
					"max": 858
				},
				"2024-07-17": {
					"avg": 270,
					"count": 2,
					"min": 270,
					"max": 270
				},
				"2024-07-19": {
					"avg": 95,
					"count": 3,
					"min": 35,
					"max": 215
				},
				"2024-07-20": {
					"avg": 171,
					"count": 5,
					"min": 115,
					"max": 350
				},
				"2024-07-21": {
					"avg": 164,
					"count": 2,
					"min": 36,
					"max": 291
				},
				"2024-07-22": {
					"avg": 126,
					"count": 2,
					"min": 105,
					"max": 146
				},
				"2024-07-24": {
					"avg": 31,
					"count": 5,
					"min": 19,
					"max": 39
				},
				"2024-07-25": {
					"avg": 152,
					"count": 1,
					"min": 152,
					"max": 152
				},
				"2024-07-26": {
					"avg": 130,
					"count": 4,
					"min": 30,
					"max": 198
				},
				"2024-07-27": {
					"avg": 158,
					"count": 1,
					"min": 158,
					"max": 158
				},
				"2024-07-29": {
					"avg": 124,
					"count": 1,
					"min": 124,
					"max": 124
				},
				"2024-07-30": {
					"avg": 39,
					"count": 7,
					"min": 39,
					"max": 39
				},
				"2024-08-01": {
					"avg": 653,
					"count": 1,
					"min": 653,
					"max": 653
				},
				"2024-08-02": {
					"avg": 102,
					"count": 4,
					"min": 20,
					"max": 129
				},
				"2024-08-04": {
					"avg": 146,
					"count": 1,
					"min": 146,
					"max": 146
				},
				"2024-08-05": {
					"avg": 161,
					"count": 4,
					"min": 142,
					"max": 217
				},
				"2024-08-06": {
					"avg": 30,
					"count": 1,
					"min": 30,
					"max": 30
				},
				"2024-08-07": {
					"avg": 66,
					"count": 23,
					"min": 30,
					"max": 217
				},
				"2024-08-08": {
					"avg": 39,
					"count": 1,
					"min": 39,
					"max": 39
				},
				"2024-08-10": {
					"avg": 33,
					"count": 4,
					"min": 31,
					"max": 39
				},
				"2024-08-12": {
					"avg": 83,
					"count": 2,
					"min": 31,
					"max": 134
				},
				"2024-08-13": {
					"avg": 99,
					"count": 25,
					"min": 31,
					"max": 229
				},
				"2024-08-14": {
					"avg": 214,
					"count": 2,
					"min": 166,
					"max": 261
				},
				"2024-08-15": {
					"avg": 147,
					"count": 1,
					"min": 147,
					"max": 147
				},
				"2024-08-17": {
					"avg": 107,
					"count": 3,
					"min": 30,
					"max": 256
				},
				"2024-08-18": {
					"avg": 447,
					"count": 3,
					"min": 215,
					"max": 562
				},
				"2024-08-19": {
					"avg": 27,
					"count": 1,
					"min": 27,
					"max": 27
				},
				"2024-08-21": {
					"avg": 33,
					"count": 1,
					"min": 33,
					"max": 33
				},
				"2024-08-23": {
					"avg": 136,
					"count": 3,
					"min": 27,
					"max": 222
				},
				"2024-08-24": {
					"avg": 149,
					"count": 4,
					"min": 149,
					"max": 149
				},
				"2024-08-25": {
					"avg": 277,
					"count": 1,
					"min": 277,
					"max": 277
				},
				"2024-08-26": {
					"avg": 149,
					"count": 1,
					"min": 149,
					"max": 149
				},
				"2024-08-27": {
					"avg": 30,
					"count": 9,
					"min": 30,
					"max": 30
				},
				"2024-08-28": {
					"avg": 49,
					"count": 2,
					"min": 32,
					"max": 65
				},
				"2024-08-29": {
					"avg": 149,
					"count": 3,
					"min": 147,
					"max": 154
				},
				"2024-08-30": {
					"avg": 751,
					"count": 2,
					"min": 412,
					"max": 1090
				},
				"2024-08-31": {
					"avg": 228,
					"count": 3,
					"min": 39,
					"max": 555
				},
				"2024-09-01": {
					"avg": 39,
					"count": 9,
					"min": 39,
					"max": 39
				},
				"2024-09-02": {
					"avg": 147,
					"count": 1,
					"min": 147,
					"max": 147
				},
				"2024-09-03": {
					"avg": 92,
					"count": 2,
					"min": 36,
					"max": 147
				},
				"2024-09-04": {
					"avg": 95,
					"count": 4,
					"min": 29,
					"max": 159
				},
				"2024-09-06": {
					"avg": 294,
					"count": 2,
					"min": 32,
					"max": 555
				},
				"2024-09-07": {
					"avg": 174,
					"count": 2,
					"min": 131,
					"max": 217
				},
				"2024-09-08": {
					"avg": 90,
					"count": 1,
					"min": 90,
					"max": 90
				},
				"2024-09-10": {
					"avg": 49,
					"count": 1,
					"min": 49,
					"max": 49
				},
				"2024-09-11": {
					"avg": 30,
					"count": 1,
					"min": 30,
					"max": 30
				},
				"2024-09-12": {
					"avg": 40,
					"count": 2,
					"min": 30,
					"max": 50
				},
				"2024-09-13": {
					"avg": 159,
					"count": 1,
					"min": 159,
					"max": 159
				},
				"2024-09-14": {
					"avg": 32,
					"count": 1,
					"min": 32,
					"max": 32
				},
				"2024-09-16": {
					"avg": 44,
					"count": 2,
					"min": 32,
					"max": 56
				},
				"2024-09-17": {
					"avg": 244,
					"count": 2,
					"min": 233,
					"max": 254
				},
				"2024-09-18": {
					"avg": 148,
					"count": 2,
					"min": 39,
					"max": 256
				},
				"2024-09-20": {
					"avg": 198,
					"count": 2,
					"min": 47,
					"max": 348
				},
				"2024-09-21": {
					"avg": 141,
					"count": 4,
					"min": 25,
					"max": 225
				},
				"2024-09-23": {
					"avg": 39,
					"count": 4,
					"min": 39,
					"max": 39
				}
			},
			"avg": 164,
			"avg7": 196,
			"avg28": 196
		},
		"normal-played": {
			"history": {
				"2024-05-23": {
					"avg": 25,
					"count": 1,
					"min": 25,
					"max": 25
				},
				"2024-05-24": {
					"avg": 23,
					"count": 10,
					"min": 15,
					"max": 25
				},
				"2024-05-25": {
					"avg": 114,
					"count": 1,
					"min": 114,
					"max": 114
				},
				"2024-05-27": {
					"avg": 142,
					"count": 1,
					"min": 142,
					"max": 142
				},
				"2024-05-28": {
					"avg": 25,
					"count": 1,
					"min": 25,
					"max": 25
				},
				"2024-05-31": {
					"avg": 141,
					"count": 3,
					"min": 137,
					"max": 143
				},
				"2024-06-01": {
					"avg": 72,
					"count": 2,
					"min": 43,
					"max": 100
				},
				"2024-06-02": {
					"avg": 20,
					"count": 1,
					"min": 20,
					"max": 20
				},
				"2024-06-03": {
					"avg": 164,
					"count": 4,
					"min": 150,
					"max": 207
				},
				"2024-06-04": {
					"avg": 25,
					"count": 1,
					"min": 25,
					"max": 25
				},
				"2024-06-06": {
					"avg": 150,
					"count": 1,
					"min": 150,
					"max": 150
				},
				"2024-06-07": {
					"avg": 156,
					"count": 6,
					"min": 142,
					"max": 219
				},
				"2024-06-10": {
					"avg": 147,
					"count": 3,
					"min": 147,
					"max": 147
				},
				"2024-06-11": {
					"avg": 22,
					"count": 1,
					"min": 22,
					"max": 22
				},
				"2024-06-17": {
					"avg": 123,
					"count": 1,
					"min": 123,
					"max": 123
				},
				"2024-06-19": {
					"avg": 81,
					"count": 2,
					"min": 18,
					"max": 144
				},
				"2024-06-20": {
					"avg": 257,
					"count": 1,
					"min": 257,
					"max": 257
				},
				"2024-06-21": {
					"avg": 178,
					"count": 1,
					"min": 178,
					"max": 178
				},
				"2024-06-22": {
					"avg": 197,
					"count": 2,
					"min": 22,
					"max": 372
				},
				"2024-06-23": {
					"avg": 23,
					"count": 1,
					"min": 23,
					"max": 23
				},
				"2024-06-26": {
					"avg": 298,
					"count": 1,
					"min": 298,
					"max": 298
				},
				"2024-06-27": {
					"avg": 26,
					"count": 3,
					"min": 23,
					"max": 27
				},
				"2024-06-29": {
					"avg": 129,
					"count": 2,
					"min": 18,
					"max": 239
				},
				"2024-07-01": {
					"avg": 67,
					"count": 2,
					"min": 34,
					"max": 100
				},
				"2024-07-02": {
					"avg": 45,
					"count": 3,
					"min": 25,
					"max": 85
				},
				"2024-07-03": {
					"avg": 29,
					"count": 1,
					"min": 29,
					"max": 29
				},
				"2024-07-04": {
					"avg": 67,
					"count": 3,
					"min": 18,
					"max": 147
				},
				"2024-07-08": {
					"avg": 17,
					"count": 1,
					"min": 17,
					"max": 17
				},
				"2024-07-11": {
					"avg": 24,
					"count": 1,
					"min": 24,
					"max": 24
				},
				"2024-07-15": {
					"avg": 55,
					"count": 2,
					"min": 18,
					"max": 92
				},
				"2024-07-16": {
					"avg": 21,
					"count": 1,
					"min": 21,
					"max": 21
				},
				"2024-07-19": {
					"avg": 23,
					"count": 3,
					"min": 23,
					"max": 23
				},
				"2024-07-20": {
					"avg": 109,
					"count": 5,
					"min": 109,
					"max": 109
				},
				"2024-07-22": {
					"avg": 158,
					"count": 3,
					"min": 100,
					"max": 199
				},
				"2024-07-23": {
					"avg": 21,
					"count": 1,
					"min": 21,
					"max": 21
				},
				"2024-07-26": {
					"avg": 23,
					"count": 2,
					"min": 20,
					"max": 25
				},
				"2024-07-27": {
					"avg": 25,
					"count": 2,
					"min": 25,
					"max": 25
				},
				"2024-07-29": {
					"avg": 25,
					"count": 1,
					"min": 25,
					"max": 25
				},
				"2024-08-05": {
					"avg": 123,
					"count": 10,
					"min": 123,
					"max": 123
				},
				"2024-08-08": {
					"avg": 24,
					"count": 1,
					"min": 24,
					"max": 24
				},
				"2024-08-10": {
					"avg": 24,
					"count": 1,
					"min": 24,
					"max": 24
				},
				"2024-08-12": {
					"avg": 15,
					"count": 1,
					"min": 15,
					"max": 15
				},
				"2024-08-13": {
					"avg": 173,
					"count": 2,
					"min": 140,
					"max": 206
				},
				"2024-08-14": {
					"avg": 178,
					"count": 2,
					"min": 157,
					"max": 199
				},
				"2024-08-15": {
					"avg": 314,
					"count": 1,
					"min": 314,
					"max": 314
				},
				"2024-08-16": {
					"avg": 112,
					"count": 1,
					"min": 112,
					"max": 112
				},
				"2024-08-17": {
					"avg": 142,
					"count": 1,
					"min": 142,
					"max": 142
				},
				"2024-08-18": {
					"avg": 124,
					"count": 2,
					"min": 23,
					"max": 224
				},
				"2024-08-20": {
					"avg": 24,
					"count": 1,
					"min": 24,
					"max": 24
				},
				"2024-08-21": {
					"avg": 145,
					"count": 2,
					"min": 145,
					"max": 145
				},
				"2024-08-23": {
					"avg": 104,
					"count": 2,
					"min": 25,
					"max": 182
				},
				"2024-08-24": {
					"avg": 143,
					"count": 7,
					"min": 142,
					"max": 144
				},
				"2024-08-25": {
					"avg": 99,
					"count": 1,
					"min": 99,
					"max": 99
				},
				"2024-08-29": {
					"avg": 20,
					"count": 1,
					"min": 20,
					"max": 20
				},
				"2024-08-30": {
					"avg": 152,
					"count": 4,
					"min": 152,
					"max": 152
				},
				"2024-08-31": {
					"avg": 102,
					"count": 2,
					"min": 29,
					"max": 175
				},
				"2024-09-01": {
					"avg": 152,
					"count": 1,
					"min": 152,
					"max": 152
				},
				"2024-09-02": {
					"avg": 206,
					"count": 1,
					"min": 206,
					"max": 206
				},
				"2024-09-03": {
					"avg": 84,
					"count": 2,
					"min": 25,
					"max": 142
				},
				"2024-09-06": {
					"avg": 110,
					"count": 3,
					"min": 22,
					"max": 207
				},
				"2024-09-07": {
					"avg": 131,
					"count": 3,
					"min": 79,
					"max": 157
				},
				"2024-09-08": {
					"avg": 523,
					"count": 1,
					"min": 523,
					"max": 523
				},
				"2024-09-11": {
					"avg": 270,
					"count": 1,
					"min": 270,
					"max": 270
				},
				"2024-09-13": {
					"avg": 61,
					"count": 2,
					"min": 21,
					"max": 101
				},
				"2024-09-14": {
					"avg": 84,
					"count": 2,
					"min": 20,
					"max": 147
				},
				"2024-09-15": {
					"avg": 85,
					"count": 1,
					"min": 85,
					"max": 85
				},
				"2024-09-16": {
					"avg": 25,
					"count": 1,
					"min": 25,
					"max": 25
				},
				"2024-09-18": {
					"avg": 149,
					"count": 2,
					"min": 119,
					"max": 178
				},
				"2024-09-19": {
					"avg": 113,
					"count": 1,
					"min": 113,
					"max": 113
				},
				"2024-09-23": {
					"avg": 49,
					"count": 1,
					"min": 49,
					"max": 49
				}
			},
			"avg": 105,
			"avg7": -1,
			"avg28": -1
		},
		"normal-nearmint": {
			"history": {
				"2024-05-23": {
					"avg": 234,
					"count": 2,
					"min": 234,
					"max": 234
				},
				"2024-05-26": {
					"avg": 543,
					"count": 1,
					"min": 543,
					"max": 543
				},
				"2024-05-27": {
					"avg": 238,
					"count": 4,
					"min": 144,
					"max": 520
				},
				"2024-05-29": {
					"avg": 424,
					"count": 1,
					"min": 424,
					"max": 424
				},
				"2024-05-30": {
					"avg": 169,
					"count": 2,
					"min": 149,
					"max": 188
				},
				"2024-06-01": {
					"avg": 186,
					"count": 2,
					"min": 171,
					"max": 200
				},
				"2024-06-02": {
					"avg": 90,
					"count": 2,
					"min": 55,
					"max": 124
				},
				"2024-06-03": {
					"avg": 186,
					"count": 1,
					"min": 186,
					"max": 186
				},
				"2024-06-05": {
					"avg": 405,
					"count": 1,
					"min": 405,
					"max": 405
				},
				"2024-06-07": {
					"avg": 374,
					"count": 2,
					"min": 249,
					"max": 499
				},
				"2024-06-08": {
					"avg": 329,
					"count": 2,
					"min": 184,
					"max": 474
				},
				"2024-06-09": {
					"avg": 124,
					"count": 1,
					"min": 124,
					"max": 124
				},
				"2024-06-10": {
					"avg": 221,
					"count": 3,
					"min": 148,
					"max": 368
				},
				"2024-06-12": {
					"avg": 50,
					"count": 1,
					"min": 50,
					"max": 50
				},
				"2024-06-14": {
					"avg": 46,
					"count": 1,
					"min": 46,
					"max": 46
				},
				"2024-06-15": {
					"avg": 325,
					"count": 3,
					"min": 129,
					"max": 498
				},
				"2024-06-16": {
					"avg": 199,
					"count": 5,
					"min": 49,
					"max": 474
				},
				"2024-06-17": {
					"avg": 195,
					"count": 17,
					"min": 99,
					"max": 672
				},
				"2024-06-18": {
					"avg": 147,
					"count": 2,
					"min": 147,
					"max": 147
				},
				"2024-06-19": {
					"avg": 138,
					"count": 2,
					"min": 129,
					"max": 147
				},
				"2024-06-20": {
					"avg": 650,
					"count": 1,
					"min": 650,
					"max": 650
				},
				"2024-06-21": {
					"avg": 227,
					"count": 4,
					"min": 45,
					"max": 406
				},
				"2024-06-23": {
					"avg": 370,
					"count": 1,
					"min": 370,
					"max": 370
				},
				"2024-06-24": {
					"avg": 45,
					"count": 1,
					"min": 45,
					"max": 45
				},
				"2024-06-25": {
					"avg": 521,
					"count": 1,
					"min": 521,
					"max": 521
				},
				"2024-06-26": {
					"avg": 352,
					"count": 1,
					"min": 352,
					"max": 352
				},
				"2024-06-27": {
					"avg": 199,
					"count": 3,
					"min": 99,
					"max": 399
				},
				"2024-06-29": {
					"avg": 57,
					"count": 1,
					"min": 57,
					"max": 57
				},
				"2024-07-01": {
					"avg": 57,
					"count": 1,
					"min": 57,
					"max": 57
				},
				"2024-07-02": {
					"avg": 304,
					"count": 9,
					"min": 129,
					"max": 348
				},
				"2024-07-05": {
					"avg": 202,
					"count": 25,
					"min": 57,
					"max": 521
				},
				"2024-07-06": {
					"avg": 326,
					"count": 2,
					"min": 280,
					"max": 371
				},
				"2024-07-07": {
					"avg": 163,
					"count": 1,
					"min": 163,
					"max": 163
				},
				"2024-07-08": {
					"avg": 321,
					"count": 2,
					"min": 168,
					"max": 474
				},
				"2024-07-09": {
					"avg": 57,
					"count": 1,
					"min": 57,
					"max": 57
				},
				"2024-07-10": {
					"avg": 42,
					"count": 18,
					"min": 25,
					"max": 124
				},
				"2024-07-11": {
					"avg": 57,
					"count": 7,
					"min": 57,
					"max": 57
				},
				"2024-07-12": {
					"avg": 148,
					"count": 1,
					"min": 148,
					"max": 148
				},
				"2024-07-13": {
					"avg": 120,
					"count": 2,
					"min": 67,
					"max": 173
				},
				"2024-07-14": {
					"avg": 379,
					"count": 1,
					"min": 379,
					"max": 379
				},
				"2024-07-15": {
					"avg": 67,
					"count": 1,
					"min": 67,
					"max": 67
				},
				"2024-07-16": {
					"avg": 67,
					"count": 1,
					"min": 67,
					"max": 67
				},
				"2024-07-17": {
					"avg": 25,
					"count": 1,
					"min": 25,
					"max": 25
				},
				"2024-07-19": {
					"avg": 134,
					"count": 8,
					"min": 25,
					"max": 375
				},
				"2024-07-20": {
					"avg": 173,
					"count": 1,
					"min": 173,
					"max": 173
				},
				"2024-07-21": {
					"avg": 67,
					"count": 1,
					"min": 67,
					"max": 67
				},
				"2024-07-22": {
					"avg": 188,
					"count": 4,
					"min": 49,
					"max": 345
				},
				"2024-07-24": {
					"avg": 155,
					"count": 5,
					"min": 151,
					"max": 166
				},
				"2024-07-25": {
					"avg": 146,
					"count": 2,
					"min": 67,
					"max": 224
				},
				"2024-07-26": {
					"avg": 71,
					"count": 2,
					"min": 67,
					"max": 75
				},
				"2024-07-27": {
					"avg": 78,
					"count": 7,
					"min": 51,
					"max": 148
				},
				"2024-07-29": {
					"avg": 198,
					"count": 3,
					"min": 53,
					"max": 315
				},
				"2024-07-30": {
					"avg": 152,
					"count": 1,
					"min": 152,
					"max": 152
				},
				"2024-08-01": {
					"avg": 98,
					"count": 1,
					"min": 98,
					"max": 98
				},
				"2024-08-03": {
					"avg": 314,
					"count": 2,
					"min": 250,
					"max": 377
				},
				"2024-08-04": {
					"avg": 54,
					"count": 1,
					"min": 54,
					"max": 54
				},
				"2024-08-05": {
					"avg": 55,
					"count": 1,
					"min": 55,
					"max": 55
				},
				"2024-08-06": {
					"avg": 173,
					"count": 2,
					"min": 173,
					"max": 173
				},
				"2024-08-07": {
					"avg": 293,
					"count": 2,
					"min": 274,
					"max": 311
				},
				"2024-08-09": {
					"avg": 165,
					"count": 2,
					"min": 55,
					"max": 274
				},
				"2024-08-10": {
					"avg": 173,
					"count": 1,
					"min": 173,
					"max": 173
				},
				"2024-08-11": {
					"avg": 137,
					"count": 1,
					"min": 137,
					"max": 137
				},
				"2024-08-12": {
					"avg": 67,
					"count": 1,
					"min": 67,
					"max": 67
				},
				"2024-08-13": {
					"avg": 137,
					"count": 1,
					"min": 137,
					"max": 137
				},
				"2024-08-14": {
					"avg": 54,
					"count": 1,
					"min": 54,
					"max": 54
				},
				"2024-08-15": {
					"avg": 419,
					"count": 3,
					"min": 148,
					"max": 629
				},
				"2024-08-16": {
					"avg": 266,
					"count": 3,
					"min": 49,
					"max": 574
				},
				"2024-08-17": {
					"avg": 460,
					"count": 2,
					"min": 54,
					"max": 866
				},
				"2024-08-19": {
					"avg": 60,
					"count": 3,
					"min": 56,
					"max": 67
				},
				"2024-08-21": {
					"avg": 244,
					"count": 2,
					"min": 176,
					"max": 311
				},
				"2024-08-23": {
					"avg": 176,
					"count": 4,
					"min": 49,
					"max": 325
				},
				"2024-08-24": {
					"avg": 67,
					"count": 7,
					"min": 67,
					"max": 67
				},
				"2024-08-25": {
					"avg": 153,
					"count": 1,
					"min": 153,
					"max": 153
				},
				"2024-08-26": {
					"avg": 119,
					"count": 1,
					"min": 119,
					"max": 119
				},
				"2024-08-27": {
					"avg": 57,
					"count": 1,
					"min": 57,
					"max": 57
				},
				"2024-08-28": {
					"avg": 58,
					"count": 1,
					"min": 58,
					"max": 58
				},
				"2024-08-30": {
					"avg": 262,
					"count": 8,
					"min": 49,
					"max": 426
				},
				"2024-08-31": {
					"avg": 67,
					"count": 1,
					"min": 67,
					"max": 67
				},
				"2024-09-01": {
					"avg": 299,
					"count": 1,
					"min": 299,
					"max": 299
				},
				"2024-09-03": {
					"avg": 334,
					"count": 9,
					"min": 98,
					"max": 418
				},
				"2024-09-04": {
					"avg": 67,
					"count": 1,
					"min": 67,
					"max": 67
				},
				"2024-09-07": {
					"avg": 254,
					"count": 3,
					"min": 49,
					"max": 629
				},
				"2024-09-08": {
					"avg": 614,
					"count": 2,
					"min": 164,
					"max": 1063
				},
				"2024-09-09": {
					"avg": 49,
					"count": 1,
					"min": 49,
					"max": 49
				},
				"2024-09-10": {
					"avg": 48,
					"count": 3,
					"min": 45,
					"max": 51
				},
				"2024-09-11": {
					"avg": 285,
					"count": 1,
					"min": 285,
					"max": 285
				},
				"2024-09-13": {
					"avg": 417,
					"count": 2,
					"min": 408,
					"max": 426
				},
				"2024-09-14": {
					"avg": 241,
					"count": 3,
					"min": 50,
					"max": 474
				},
				"2024-09-16": {
					"avg": 128,
					"count": 3,
					"min": 49,
					"max": 281
				},
				"2024-09-18": {
					"avg": 67,
					"count": 1,
					"min": 67,
					"max": 67
				},
				"2024-09-19": {
					"avg": 167,
					"count": 2,
					"min": 49,
					"max": 285
				},
				"2024-09-20": {
					"avg": 208,
					"count": 2,
					"min": 133,
					"max": 283
				},
				"2024-09-21": {
					"avg": 63,
					"count": 1,
					"min": 63,
					"max": 63
				},
				"2024-09-22": {
					"avg": 270,
					"count": 4,
					"min": 165,
					"max": 474
				}
			},
			"avg": 192,
			"avg7": -1,
			"avg28": -1
		},
		"normal-used": {
			"history": {
				"2024-05-27": {
					"avg": 50,
					"count": 1,
					"min": 50,
					"max": 50
				},
				"2024-05-29": {
					"avg": 68,
					"count": 1,
					"min": 68,
					"max": 68
				},
				"2024-06-03": {
					"avg": 68,
					"count": 1,
					"min": 68,
					"max": 68
				},
				"2024-06-04": {
					"avg": 74,
					"count": 1,
					"min": 74,
					"max": 74
				},
				"2024-06-05": {
					"avg": 50,
					"count": 2,
					"min": 50,
					"max": 50
				},
				"2024-06-07": {
					"avg": 133,
					"count": 1,
					"min": 133,
					"max": 133
				},
				"2024-06-17": {
					"avg": 121,
					"count": 1,
					"min": 121,
					"max": 121
				},
				"2024-06-20": {
					"avg": 17,
					"count": 4,
					"min": 17,
					"max": 17
				},
				"2024-06-22": {
					"avg": 168,
					"count": 6,
					"min": 165,
					"max": 169
				},
				"2024-06-23": {
					"avg": 137,
					"count": 1,
					"min": 137,
					"max": 137
				},
				"2024-06-25": {
					"avg": 110,
					"count": 1,
					"min": 110,
					"max": 110
				},
				"2024-06-29": {
					"avg": 39,
					"count": 1,
					"min": 39,
					"max": 39
				},
				"2024-07-06": {
					"avg": 19,
					"count": 1,
					"min": 19,
					"max": 19
				},
				"2024-07-07": {
					"avg": 94,
					"count": 3,
					"min": 17,
					"max": 132
				},
				"2024-07-09": {
					"avg": 19,
					"count": 1,
					"min": 19,
					"max": 19
				},
				"2024-07-11": {
					"avg": 68,
					"count": 1,
					"min": 68,
					"max": 68
				},
				"2024-07-18": {
					"avg": 108,
					"count": 1,
					"min": 108,
					"max": 108
				},
				"2024-07-19": {
					"avg": 15,
					"count": 1,
					"min": 15,
					"max": 15
				},
				"2024-07-20": {
					"avg": 25,
					"count": 1,
					"min": 25,
					"max": 25
				},
				"2024-07-22": {
					"avg": 75,
					"count": 1,
					"min": 75,
					"max": 75
				},
				"2024-07-23": {
					"avg": 190,
					"count": 3,
					"min": 142,
					"max": 214
				},
				"2024-07-24": {
					"avg": 41,
					"count": 2,
					"min": 16,
					"max": 65
				},
				"2024-07-30": {
					"avg": 20,
					"count": 1,
					"min": 20,
					"max": 20
				},
				"2024-08-01": {
					"avg": 68,
					"count": 1,
					"min": 68,
					"max": 68
				},
				"2024-08-04": {
					"avg": 65,
					"count": 1,
					"min": 65,
					"max": 65
				},
				"2024-08-05": {
					"avg": 147,
					"count": 10,
					"min": 147,
					"max": 147
				},
				"2024-08-06": {
					"avg": 66,
					"count": 1,
					"min": 66,
					"max": 66
				},
				"2024-08-07": {
					"avg": 15,
					"count": 1,
					"min": 15,
					"max": 15
				},
				"2024-08-10": {
					"avg": 510,
					"count": 1,
					"min": 510,
					"max": 510
				},
				"2024-08-16": {
					"avg": 82,
					"count": 8,
					"min": 14,
					"max": 150
				},
				"2024-08-18": {
					"avg": 546,
					"count": 4,
					"min": 546,
					"max": 546
				},
				"2024-08-20": {
					"avg": 68,
					"count": 1,
					"min": 68,
					"max": 68
				},
				"2024-08-21": {
					"avg": 75,
					"count": 1,
					"min": 75,
					"max": 75
				},
				"2024-08-23": {
					"avg": 143,
					"count": 1,
					"min": 143,
					"max": 143
				},
				"2024-09-06": {
					"avg": 21,
					"count": 1,
					"min": 21,
					"max": 21
				},
				"2024-09-08": {
					"avg": 23,
					"count": 1,
					"min": 23,
					"max": 23
				},
				"2024-09-16": {
					"avg": 114,
					"count": 1,
					"min": 114,
					"max": 114
				},
				"2024-09-19": {
					"avg": 40,
					"count": 1,
					"min": 40,
					"max": 40
				},
				"2024-09-20": {
					"avg": 147,
					"count": 1,
					"min": 147,
					"max": 147
				},
				"2024-09-21": {
					"avg": 148,
					"count": 1,
					"min": 148,
					"max": 148
				},
				"2024-09-22": {
					"avg": 147,
					"count": 1,
					"min": 147,
					"max": 147
				}
			},
			"avg": 125,
			"avg7": -1,
			"avg28": -1
		},
		"normal-poor": {
			"history": {
				"2024-05-30": {
					"avg": 132,
					"count": 1,
					"min": 132,
					"max": 132
				},
				"2024-06-13": {
					"avg": 33,
					"count": 1,
					"min": 33,
					"max": 33
				},
				"2024-06-18": {
					"avg": 57,
					"count": 1,
					"min": 57,
					"max": 57
				},
				"2024-06-20": {
					"avg": 16,
					"count": 1,
					"min": 16,
					"max": 16
				},
				"2024-06-22": {
					"avg": 164,
					"count": 1,
					"min": 164,
					"max": 164
				},
				"2024-06-26": {
					"avg": 178,
					"count": 1,
					"min": 178,
					"max": 178
				},
				"2024-06-28": {
					"avg": 17,
					"count": 1,
					"min": 17,
					"max": 17
				},
				"2024-07-03": {
					"avg": 10,
					"count": 1,
					"min": 10,
					"max": 10
				},
				"2024-07-04": {
					"avg": 75,
					"count": 2,
					"min": 17,
					"max": 133
				},
				"2024-07-14": {
					"avg": 109,
					"count": 1,
					"min": 109,
					"max": 109
				},
				"2024-07-23": {
					"avg": 98,
					"count": 7,
					"min": 13,
					"max": 209
				},
				"2024-07-28": {
					"avg": 25,
					"count": 1,
					"min": 25,
					"max": 25
				},
				"2024-08-02": {
					"avg": 14,
					"count": 1,
					"min": 14,
					"max": 14
				},
				"2024-08-10": {
					"avg": 54,
					"count": 1,
					"min": 54,
					"max": 54
				},
				"2024-08-11": {
					"avg": 12,
					"count": 6,
					"min": 12,
					"max": 12
				},
				"2024-08-16": {
					"avg": 122,
					"count": 4,
					"min": 110,
					"max": 132
				},
				"2024-08-22": {
					"avg": 35,
					"count": 2,
					"min": 35,
					"max": 35
				},
				"2024-09-03": {
					"avg": 47,
					"count": 1,
					"min": 47,
					"max": 47
				},
				"2024-09-14": {
					"avg": 55,
					"count": 1,
					"min": 55,
					"max": 55
				},
				"2024-09-16": {
					"avg": 17,
					"count": 1,
					"min": 17,
					"max": 17
				},
				"2024-09-19": {
					"avg": 49,
					"count": 1,
					"min": 49,
					"max": 49
				},
				"2024-09-22": {
					"avg": 17,
					"count": 1,
					"min": 17,
					"max": 17
				},
				"2024-09-23": {
					"avg": 53,
					"count": 1,
					"min": 53,
					"max": 53
				}
			},
			"avg": 64,
			"avg7": -1,
			"avg28": -1
		}
	}
}