{
	"data": {
		"normal-good": {
			"history": {
				"2022-11-12": {
					"avg": 59,
					"count": 1
				},
				"2022-11-13": {
					"avg": 121,
					"count": 2
				},
				"2022-11-14": {
					"avg": 228,
					"count": 3
				},
				"2022-11-15": {
					"avg": 187,
					"count": 4
				},
				"2022-11-16": {
					"avg": 94,
					"count": 7
				},
				"2022-11-17": {
					"avg": 39,
					"count": 2
				},
				"2022-11-18": {
					"avg": 74,
					"count": 2
				},
				"2022-11-19": {
					"avg": 377,
					"count": 9,
					"min": 52,
					"max": 433
				},
				"2022-11-21": {
					"avg": 300,
					"count": 1,
					"min": 300,
					"max": 300
				},
				"2022-11-22": {
					"avg": 133,
					"count": 3,
					"min": 57,
					"max": 200
				},
				"2022-11-23": {
					"avg": 25,
					"count": 1,
					"min": 25,
					"max": 25
				},
				"2022-11-24": {
					"avg": 80,
					"count": 2,
					"min": 56,
					"max": 103
				},
				"2022-11-25": {
					"avg": 72,
					"count": 14,
					"min": 26,
					"max": 297
				},
				"2022-11-26": {
					"avg": 794,
					"count": 17,
					"min": 34,
					"max": 841
				},
				"2022-11-27": {
					"avg": 104,
					"count": 6,
					"min": 32,
					"max": 295
				},
				"2022-11-28": {
					"avg": 88,
					"count": 4,
					"min": 35,
					"max": 153
				},
				"2022-11-29": {
					"avg": 58,
					"count": 5,
					"min": 27,
					"max": 147
				},
				"2022-12-01": {
					"avg": 38,
					"count": 4,
					"min": 25,
					"max": 59
				},
				"2022-12-02": {
					"avg": 79,
					"count": 2,
					"min": 59,
					"max": 99
				},
				"2022-12-03": {
					"avg": 126,
					"count": 3,
					"min": 51,
					"max": 211
				},
				"2022-12-04": {
					"avg": 138,
					"count": 3,
					"min": 59,
					"max": 295
				},
				"2022-12-05": {
					"avg": 85,
					"count": 19,
					"min": 25,
					"max": 662
				},
				"2022-12-06": {
					"avg": 308,
					"count": 3,
					"min": 38,
					"max": 847
				},
				"2022-12-07": {
					"avg": 121,
					"count": 9,
					"min": 47,
					"max": 523
				},
				"2022-12-09": {
					"avg": 78,
					"count": 4,
					"min": 57,
					"max": 120
				},
				"2022-12-10": {
					"avg": 102,
					"count": 5,
					"min": 59,
					"max": 146
				},
				"2022-12-11": {
					"avg": 107,
					"count": 5,
					"min": 59,
					"max": 299
				},
				"2022-12-12": {
					"avg": 178,
					"count": 2,
					"min": 3,
					"max": 352
				},
				"2022-12-13": {
					"avg": 59,
					"count": 1,
					"min": 59,
					"max": 59
				},
				"2022-12-14": {
					"avg": 24,
					"count": 1,
					"min": 24,
					"max": 24
				},
				"2022-12-15": {
					"avg": 85,
					"count": 6,
					"min": 24,
					"max": 158
				},
				"2022-12-16": {
					"avg": 142,
					"count": 20,
					"min": 32,
					"max": 430
				},
				"2022-12-17": {
					"avg": 83,
					"count": 8,
					"min": 50,
					"max": 154
				},
				"2022-12-18": {
					"avg": 234,
					"count": 2,
					"min": 26,
					"max": 443
				},
				"2022-12-20": {
					"avg": 251,
					"count": 2,
					"min": 246,
					"max": 256
				},
				"2022-12-21": {
					"avg": 142,
					"count": 2,
					"min": 119,
					"max": 166
				},
				"2022-12-22": {
					"avg": 137,
					"count": 2,
					"min": 124,
					"max": 149
				},
				"2022-12-23": {
					"avg": 208,
					"count": 10,
					"min": 15,
					"max": 573
				},
				"2022-12-25": {
					"avg": 531,
					"count": 2,
					"min": 65,
					"max": 997
				},
				"2022-12-26": {
					"avg": 122,
					"count": 1,
					"min": 122,
					"max": 122
				},
				"2022-12-27": {
					"avg": 183,
					"count": 4,
					"min": 59,
					"max": 277
				},
				"2022-12-28": {
					"avg": 171,
					"count": 4,
					"min": 35,
					"max": 382
				},
				"2022-12-29": {
					"avg": 98,
					"count": 21,
					"min": 75,
					"max": 284
				},
				"2022-12-30": {
					"avg": 159,
					"count": 5,
					"min": 29,
					"max": 542
				},
				"2022-12-31": {
					"avg": 43,
					"count": 2,
					"min": 29,
					"max": 56
				},
				"2023-01-01": {
					"avg": 1293,
					"count": 4,
					"min": 262,
					"max": 1636
				},
				"2023-01-02": {
					"avg": 85,
					"count": 6,
					"min": 25,
					"max": 213
				},
				"2023-01-03": {
					"avg": 203,
					"count": 6,
					"min": 30,
					"max": 300
				},
				"2023-01-04": {
					"avg": 199,
					"count": 1,
					"min": 199,
					"max": 199
				},
				"2023-01-05": {
					"avg": 107,
					"count": 29,
					"min": 29,
					"max": 174
				},
				"2023-01-06": {
					"avg": 281,
					"count": 5,
					"min": 165,
					"max": 349
				},
				"2023-01-07": {
					"avg": 248,
					"count": 2,
					"min": 199,
					"max": 297
				},
				"2023-01-08": {
					"avg": 186,
					"count": 7,
					"min": 159,
					"max": 349
				},
				"2023-01-09": {
					"avg": 333,
					"count": 4,
					"min": 32,
					"max": 892
				},
				"2023-01-10": {
					"avg": 137,
					"count": 3,
					"min": 32,
					"max": 225
				},
				"2023-01-11": {
					"avg": 97,
					"count": 26,
					"min": 50,
					"max": 349
				},
				"2023-01-12": {
					"avg": 93,
					"count": 5,
					"min": 34,
					"max": 197
				},
				"2023-02-06": {
					"avg": 293,
					"count": 3,
					"min": 79,
					"max": 624
				},
				"2023-02-07": {
					"avg": 399,
					"count": 1,
					"min": 399,
					"max": 399
				},
				"2023-02-08": {
					"avg": 90,
					"count": 21,
					"min": 50,
					"max": 146
				},
				"2023-02-10": {
					"avg": 77,
					"count": 3,
					"min": 25,
					"max": 136
				},
				"2023-02-11": {
					"avg": 101,
					"count": 7,
					"min": 32,
					"max": 184
				},
				"2023-02-12": {
					"avg": 177,
					"count": 6,
					"min": 37,
					"max": 300
				},
				"2023-02-13": {
					"avg": 119,
					"count": 5,
					"min": 119,
					"max": 119
				},
				"2023-02-14": {
					"avg": 250,
					"count": 3,
					"min": 164,
					"max": 399
				},
				"2023-02-15": {
					"avg": 149,
					"count": 3,
					"min": 115,
					"max": 187
				},
				"2023-02-16": {
					"avg": 143,
					"count": 8,
					"min": 100,
					"max": 349
				},
				"2023-02-17": {
					"avg": 268,
					"count": 2,
					"min": 137,
					"max": 399
				},
				"2023-02-18": {
					"avg": 103,
					"count": 3,
					"min": 32,
					"max": 145
				},
				"2023-02-19": {
					"avg": 98,
					"count": 5,
					"min": 39,
					"max": 166
				},
				"2023-02-20": {
					"avg": 156,
					"count": 13,
					"min": 44,
					"max": 250
				},
				"2023-02-21": {
					"avg": 234,
					"count": 2,
					"min": 190,
					"max": 278
				},
				"2023-02-23": {
					"avg": 336,
					"count": 4,
					"min": 246,
					"max": 497
				},
				"2023-02-24": {
					"avg": 257,
					"count": 3,
					"min": 215,
					"max": 278
				},
				"2023-02-25": {
					"avg": 150,
					"count": 4,
					"min": 149,
					"max": 151
				},
				"2023-02-26": {
					"avg": 154,
					"count": 3,
					"min": 30,
					"max": 294
				},
				"2023-02-27": {
					"avg": 100,
					"count": 4,
					"min": 35,
					"max": 194
				},
				"2023-02-28": {
					"avg": 175,
					"count": 4,
					"min": 40,
					"max": 269
				},
				"2023-03-01": {
					"avg": 121,
					"count": 5,
					"min": 26,
					"max": 293
				},
				"2023-03-02": {
					"avg": 146,
					"count": 5,
					"min": 81,
					"max": 184
				},
				"2023-03-03": {
					"avg": 56,
					"count": 4,
					"min": 39,
					"max": 99
				},
				"2023-03-04": {
					"avg": 97,
					"count": 6,
					"min": 40,
					"max": 250
				},
				"2023-03-05": {
					"avg": 67,
					"count": 2,
					"min": 67,
					"max": 67
				},
				"2023-03-07": {
					"avg": 192,
					"count": 3,
					"min": 50,
					"max": 380
				},
				"2023-03-09": {
					"avg": 156,
					"count": 5,
					"min": 67,
					"max": 213
				},
				"2023-03-10": {
					"avg": 195,
					"count": 5,
					"min": 43,
					"max": 368
				},
				"2023-03-11": {
					"avg": 99,
					"count": 1,
					"min": 99,
					"max": 99
				},
				"2023-03-12": {
					"avg": 69,
					"count": 2,
					"min": 69,
					"max": 69
				},
				"2023-03-13": {
					"avg": 156,
					"count": 2,
					"min": 50,
					"max": 262
				},
				"2023-03-14": {
					"avg": 98,
					"count": 2,
					"min": 47,
					"max": 149
				},
				"2023-03-15": {
					"avg": 145,
					"count": 2,
					"min": 141,
					"max": 149
				},
				"2023-03-16": {
					"avg": 304,
					"count": 10,
					"min": 40,
					"max": 400
				},
				"2023-03-17": {
					"avg": 137,
					"count": 1,
					"min": 137,
					"max": 137
				},
				"2023-03-18": {
					"avg": 175,
					"count": 1,
					"min": 175,
					"max": 175
				},
				"2023-03-19": {
					"avg": 128,
					"count": 1,
					"min": 128,
					"max": 128
				},
				"2023-03-21": {
					"avg": 250,
					"count": 1,
					"min": 250,
					"max": 250
				},
				"2023-03-22": {
					"avg": 346,
					"count": 22,
					"min": 100,
					"max": 578
				},
				"2023-03-23": {
					"avg": 144,
					"count": 2,
					"min": 139,
					"max": 148
				},
				"2023-03-24": {
					"avg": 249,
					"count": 3,
					"min": 119,
					"max": 499
				},
				"2023-03-25": {
					"avg": 196,
					"count": 44,
					"min": 42,
					"max": 267
				},
				"2023-03-27": {
					"avg": 63,
					"count": 4,
					"min": 36,
					"max": 125
				},
				"2023-03-28": {
					"avg": 221,
					"count": 3,
					"min": 67,
					"max": 431
				},
				"2023-03-31": {
					"avg": 159,
					"count": 3,
					"min": 75,
					"max": 254
				},
				"2023-04-01": {
					"avg": 267,
					"count": 8,
					"min": 49,
					"max": 497
				},
				"2023-04-02": {
					"avg": 164,
					"count": 3,
					"min": 32,
					"max": 289
				},
				"2023-04-03": {
					"avg": 138,
					"count": 20,
					"min": 79,
					"max": 160
				},
				"2023-04-04": {
					"avg": 336,
					"count": 6,
					"min": 51,
					"max": 842
				},
				"2023-04-05": {
					"avg": 49,
					"count": 3,
					"min": 42,
					"max": 54
				},
				"2023-04-06": {
					"avg": 58,
					"count": 38,
					"min": 32,
					"max": 541
				},
				"2023-04-07": {
					"avg": 77,
					"count": 2,
					"min": 75,
					"max": 79
				},
				"2023-04-08": {
					"avg": 179,
					"count": 1,
					"min": 179,
					"max": 179
				},
				"2023-04-09": {
					"avg": 110,
					"count": 5,
					"min": 43,
					"max": 186
				},
				"2023-04-10": {
					"avg": 177,
					"count": 4,
					"min": 42,
					"max": 497
				},
				"2023-04-12": {
					"avg": 157,
					"count": 2,
					"min": 79,
					"max": 235
				},
				"2023-04-13": {
					"avg": 196,
					"count": 4,
					"min": 73,
					"max": 279
				},
				"2023-04-15": {
					"avg": 349,
					"count": 1,
					"min": 349,
					"max": 349
				},
				"2023-04-16": {
					"avg": 97,
					"count": 2,
					"min": 43,
					"max": 150
				},
				"2023-04-17": {
					"avg": 309,
					"count": 6,
					"min": 100,
					"max": 431
				},
				"2023-04-18": {
					"avg": 127,
					"count": 2,
					"min": 64,
					"max": 189
				},
				"2023-04-19": {
					"avg": 99,
					"count": 2,
					"min": 75,
					"max": 122
				},
				"2023-04-20": {
					"avg": 134,
					"count": 2,
					"min": 128,
					"max": 139
				},
				"2023-04-21": {
					"avg": 79,
					"count": 3,
					"min": 38,
					"max": 100
				},
				"2023-04-22": {
					"avg": 199,
					"count": 6,
					"min": 30,
					"max": 301
				},
				"2023-04-23": {
					"avg": 252,
					"count": 4,
					"min": 71,
					"max": 474
				},
				"2023-04-26": {
					"avg": 146,
					"count": 3,
					"min": 42,
					"max": 272
				},
				"2023-04-27": {
					"avg": 174,
					"count": 1,
					"min": 174,
					"max": 174
				},
				"2023-04-28": {
					"avg": 183,
					"count": 4,
					"min": 50,
					"max": 374
				},
				"2023-04-29": {
					"avg": 142,
					"count": 1,
					"min": 142,
					"max": 142
				},
				"2023-04-30": {
					"avg": 199,
					"count": 2,
					"min": 163,
					"max": 234
				},
				"2023-05-01": {
					"avg": 300,
					"count": 2,
					"min": 125,
					"max": 474
				},
				"2023-05-02": {
					"avg": 139,
					"count": 1,
					"min": 139,
					"max": 139
				},
				"2023-05-03": {
					"avg": 399,
					"count": 1,
					"min": 399,
					"max": 399
				},
				"2023-05-04": {
					"avg": 148,
					"count": 3,
					"min": 125,
					"max": 169
				},
				"2023-05-05": {
					"avg": 215,
					"count": 4,
					"min": 125,
					"max": 279
				},
				"2023-05-07": {
					"avg": 180,
					"count": 20,
					"min": 34,
					"max": 482
				},
				"2023-05-08": {
					"avg": 32,
					"count": 1,
					"min": 32,
					"max": 32
				},
				"2023-05-09": {
					"avg": 42,
					"count": 1,
					"min": 42,
					"max": 42
				},
				"2023-05-10": {
					"avg": 196,
					"count": 1,
					"min": 196,
					"max": 196
				},
				"2023-05-11": {
					"avg": 574,
					"count": 1,
					"min": 574,
					"max": 574
				},
				"2023-05-12": {
					"avg": 186,
					"count": 3,
					"min": 62,
					"max": 370
				},
				"2023-05-13": {
					"avg": 177,
					"count": 4,
					"min": 50,
					"max": 399
				},
				"2023-05-14": {
					"avg": 26,
					"count": 1,
					"min": 26,
					"max": 26
				},
				"2023-05-15": {
					"avg": 171,
					"count": 2,
					"min": 163,
					"max": 178
				},
				"2023-05-17": {
					"avg": 201,
					"count": 5,
					"min": 48,
					"max": 437
				},
				"2023-05-19": {
					"avg": 94,
					"count": 6,
					"min": 38,
					"max": 372
				},
				"2023-05-20": {
					"avg": 62,
					"count": 1,
					"min": 62,
					"max": 62
				},
				"2023-05-21": {
					"avg": 185,
					"count": 2,
					"min": 156,
					"max": 213
				},
				"2023-05-23": {
					"avg": 34,
					"count": 3,
					"min": 26,
					"max": 38
				},
				"2023-05-24": {
					"avg": 123,
					"count": 15,
					"min": 38,
					"max": 266
				},
				"2023-05-25": {
					"avg": 202,
					"count": 4,
					"min": 49,
					"max": 374
				},
				"2023-05-26": {
					"avg": 137,
					"count": 1,
					"min": 137,
					"max": 137
				},
				"2023-05-27": {
					"avg": 93,
					"count": 14,
					"min": 29,
					"max": 371
				},
				"2023-05-28": {
					"avg": 163,
					"count": 1,
					"min": 163,
					"max": 163
				},
				"2023-05-29": {
					"avg": 79,
					"count": 15,
					"min": 37,
					"max": 325
				},
				"2023-05-30": {
					"avg": 160,
					"count": 4,
					"min": 51,
					"max": 349
				},
				"2023-05-31": {
					"avg": 69,
					"count": 1,
					"min": 69,
					"max": 69
				},
				"2023-06-01": {
					"avg": 83,
					"count": 5,
					"min": 42,
					"max": 164
				},
				"2023-06-02": {
					"avg": 152,
					"count": 9,
					"min": 43,
					"max": 374
				},
				"2023-06-04": {
					"avg": 349,
					"count": 2,
					"min": 349,
					"max": 349
				},
				"2023-06-05": {
					"avg": 288,
					"count": 8,
					"min": 56,
					"max": 848
				},
				"2023-06-06": {
					"avg": 245,
					"count": 3,
					"min": 85,
					"max": 399
				},
				"2023-06-07": {
					"avg": 159,
					"count": 2,
					"min": 64,
					"max": 255
				},
				"2023-06-10": {
					"avg": 170,
					"count": 3,
					"min": 39,
					"max": 429
				},
				"2023-06-11": {
					"avg": 51,
					"count": 1,
					"min": 51,
					"max": 51
				},
				"2023-06-12": {
					"avg": 92,
					"count": 2,
					"min": 41,
					"max": 142
				},
				"2023-06-13": {
					"avg": 66,
					"count": 7,
					"min": 19,
					"max": 140
				},
				"2023-06-14": {
					"avg": 208,
					"count": 3,
					"min": 92,
					"max": 431
				},
				"2023-06-15": {
					"avg": 67,
					"count": 3,
					"min": 51,
					"max": 100
				},
				"2023-06-16": {
					"avg": 76,
					"count": 2,
					"min": 51,
					"max": 100
				},
				"2023-06-18": {
					"avg": 159,
					"count": 6,
					"min": 51,
					"max": 289
				},
				"2023-06-19": {
					"avg": 229,
					"count": 5,
					"min": 199,
					"max": 349
				},
				"2023-06-20": {
					"avg": 177,
					"count": 3,
					"min": 39,
					"max": 348
				},
				"2023-06-21": {
					"avg": 145,
					"count": 1,
					"min": 145,
					"max": 145
				},
				"2023-06-22": {
					"avg": 155,
					"count": 7,
					"min": 39,
					"max": 499
				},
				"2023-06-23": {
					"avg": 254,
					"count": 6,
					"min": 51,
					"max": 700
				},
				"2023-06-24": {
					"avg": 126,
					"count": 4,
					"min": 100,
					"max": 150
				},
				"2023-06-25": {
					"avg": 95,
					"count": 2,
					"min": 51,
					"max": 138
				},
				"2023-06-26": {
					"avg": 161,
					"count": 8,
					"min": 43,
					"max": 403
				},
				"2023-06-28": {
					"avg": 75,
					"count": 1,
					"min": 75,
					"max": 75
				},
				"2023-06-29": {
					"avg": 51,
					"count": 1,
					"min": 51,
					"max": 51
				},
				"2023-06-30": {
					"avg": 90,
					"count": 4,
					"min": 43,
					"max": 215
				},
				"2023-07-02": {
					"avg": 146,
					"count": 1,
					"min": 146,
					"max": 146
				},
				"2023-07-03": {
					"avg": 84,
					"count": 5,
					"min": 50,
					"max": 163
				},
				"2023-07-04": {
					"avg": 140,
					"count": 4,
					"min": 50,
					"max": 225
				},
				"2023-07-05": {
					"avg": 118,
					"count": 3,
					"min": 51,
					"max": 164
				},
				"2023-07-06": {
					"avg": 245,
					"count": 17,
					"min": 44,
					"max": 1098
				},
				"2023-07-07": {
					"avg": 212,
					"count": 6,
					"min": 142,
					"max": 324
				},
				"2023-07-08": {
					"avg": 94,
					"count": 5,
					"min": 26,
					"max": 143
				},
				"2023-07-09": {
					"avg": 65,
					"count": 12,
					"min": 50,
					"max": 143
				},
				"2023-07-10": {
					"avg": 294,
					"count": 5,
					"min": 43,
					"max": 724
				},
				"2023-07-11": {
					"avg": 131,
					"count": 3,
					"min": 51,
					"max": 171
				},
				"2023-07-12": {
					"avg": 284,
					"count": 2,
					"min": 189,
					"max": 378
				},
				"2023-07-13": {
					"avg": 524,
					"count": 1,
					"min": 524,
					"max": 524
				},
				"2023-07-14": {
					"avg": 317,
					"count": 5,
					"min": 103,
					"max": 450
				},
				"2023-07-15": {
					"avg": 185,
					"count": 6,
					"min": 57,
					"max": 453
				},
				"2023-07-16": {
					"avg": 110,
					"count": 3,
					"min": 57,
					"max": 179
				},
				"2023-07-17": {
					"avg": 126,
					"count": 1,
					"min": 126,
					"max": 126
				},
				"2023-07-18": {
					"avg": 112,
					"count": 3,
					"min": 61,
					"max": 158
				},
				"2023-07-19": {
					"avg": 38,
					"count": 3,
					"min": 30,
					"max": 50
				},
				"2023-07-20": {
					"avg": 74,
					"count": 2,
					"min": 52,
					"max": 95
				},
				"2023-07-21": {
					"avg": 198,
					"count": 2,
					"min": 151,
					"max": 244
				},
				"2023-07-22": {
					"avg": 44,
					"count": 3,
					"min": 40,
					"max": 52
				},
				"2023-07-23": {
					"avg": 248,
					"count": 2,
					"min": 117,
					"max": 379
				},
				"2023-07-24": {
					"avg": 135,
					"count": 5,
					"min": 41,
					"max": 453
				},
				"2023-07-25": {
					"avg": 174,
					"count": 12,
					"min": 26,
					"max": 421
				},
				"2023-07-26": {
					"avg": 139,
					"count": 27,
					"min": 27,
					"max": 218
				},
				"2023-07-27": {
					"avg": 127,
					"count": 2,
					"min": 41,
					"max": 214
				},
				"2023-07-28": {
					"avg": 434,
					"count": 4,
					"min": 156,
					"max": 769
				},
				"2023-07-29": {
					"avg": 209,
					"count": 8,
					"min": 83,
					"max": 442
				},
				"2023-07-30": {
					"avg": 740,
					"count": 1,
					"min": 740,
					"max": 740
				},
				"2023-07-31": {
					"avg": 326,
					"count": 4,
					"min": 41,
					"max": 853
				},
				"2023-08-01": {
					"avg": 156,
					"count": 5,
					"min": 99,
					"max": 254
				},
				"2023-08-02": {
					"avg": 101,
					"count": 6,
					"min": 35,
					"max": 219
				},
				"2023-08-03": {
					"avg": 149,
					"count": 3,
					"min": 58,
					"max": 225
				},
				"2023-08-04": {
					"avg": 364,
					"count": 5,
					"min": 35,
					"max": 999
				},
				"2023-08-05": {
					"avg": 539,
					"count": 2,
					"min": 279,
					"max": 798
				},
				"2023-08-06": {
					"avg": 54,
					"count": 5,
					"min": 30,
					"max": 70
				},
				"2023-08-07": {
					"avg": 190,
					"count": 2,
					"min": 156,
					"max": 223
				},
				"2023-08-08": {
					"avg": 151,
					"count": 4,
					"min": 43,
					"max": 270
				},
				"2023-08-09": {
					"avg": 164,
					"count": 8,
					"min": 50,
					"max": 372
				},
				"2023-08-10": {
					"avg": 135,
					"count": 1,
					"min": 135,
					"max": 135
				},
				"2023-08-11": {
					"avg": 238,
					"count": 4,
					"min": 39,
					"max": 453
				},
				"2023-08-12": {
					"avg": 266,
					"count": 3,
					"min": 71,
					"max": 454
				},
				"2023-08-14": {
					"avg": 126,
					"count": 8,
					"min": 20,
					"max": 527
				},
				"2023-08-15": {
					"avg": 129,
					"count": 1,
					"min": 129,
					"max": 129
				},
				"2023-08-16": {
					"avg": 126,
					"count": 6,
					"min": 40,
					"max": 455
				},
				"2023-08-17": {
					"avg": 342,
					"count": 3,
					"min": 42,
					"max": 534
				},
				"2023-08-18": {
					"avg": 173,
					"count": 3,
					"min": 139,
					"max": 201
				},
				"2023-08-19": {
					"avg": 120,
					"count": 3,
					"min": 67,
					"max": 159
				},
				"2023-08-20": {
					"avg": 259,
					"count": 9,
					"min": 57,
					"max": 998
				},
				"2023-08-21": {
					"avg": 382,
					"count": 2,
					"min": 214,
					"max": 549
				},
				"2023-08-23": {
					"avg": 736,
					"count": 4,
					"min": 35,
					"max": 2466
				},
				"2023-08-24": {
					"avg": 203,
					"count": 6,
					"min": 75,
					"max": 340
				},
				"2023-08-25": {
					"avg": 86,
					"count": 10,
					"min": 40,
					"max": 149
				},
				"2023-08-26": {
					"avg": 193,
					"count": 1,
					"min": 193,
					"max": 193
				},
				"2023-08-27": {
					"avg": 67,
					"count": 3,
					"min": 26,
					"max": 100
				},
				"2023-08-28": {
					"avg": 241,
					"count": 5,
					"min": 40,
					"max": 447
				},
				"2023-08-31": {
					"avg": 159,
					"count": 4,
					"min": 121,
					"max": 194
				},
				"2023-09-02": {
					"avg": 197,
					"count": 9,
					"min": 161,
					"max": 227
				},
				"2023-09-03": {
					"avg": 181,
					"count": 5,
					"min": 39,
					"max": 349
				},
				"2023-09-04": {
					"avg": 133,
					"count": 5,
					"min": 29,
					"max": 497
				},
				"2023-09-05": {
					"avg": 198,
					"count": 1,
					"min": 198,
					"max": 198
				},
				"2023-09-06": {
					"avg": 266,
					"count": 2,
					"min": 158,
					"max": 374
				},
				"2023-09-07": {
					"avg": 242,
					"count": 1,
					"min": 242,
					"max": 242
				},
				"2023-09-08": {
					"avg": 156,
					"count": 1,
					"min": 156,
					"max": 156
				},
				"2023-09-09": {
					"avg": 116,
					"count": 2,
					"min": 73,
					"max": 158
				},
				"2023-09-10": {
					"avg": 303,
					"count": 4,
					"min": 39,
					"max": 1095
				},
				"2023-09-11": {
					"avg": 261,
					"count": 2,
					"min": 133,
					"max": 388
				},
				"2023-09-12": {
					"avg": 128,
					"count": 4,
					"min": 56,
					"max": 271
				},
				"2023-09-13": {
					"avg": 162,
					"count": 4,
					"min": 57,
					"max": 453
				},
				"2023-09-14": {
					"avg": 173,
					"count": 4,
					"min": 100,
					"max": 248
				},
				"2023-09-15": {
					"avg": 84,
					"count": 4,
					"min": 57,
					"max": 137
				},
				"2023-09-16": {
					"avg": 464,
					"count": 14,
					"min": 60,
					"max": 525
				},
				"2023-09-17": {
					"avg": 138,
					"count": 4,
					"min": 40,
					"max": 195
				},
				"2023-09-18": {
					"avg": 100,
					"count": 3,
					"min": 40,
					"max": 131
				},
				"2023-09-19": {
					"avg": 130,
					"count": 3,
					"min": 60,
					"max": 205
				},
				"2023-09-20": {
					"avg": 105,
					"count": 4,
					"min": 41,
					"max": 199
				},
				"2023-09-21": {
					"avg": 199,
					"count": 1,
					"min": 199,
					"max": 199
				},
				"2023-09-23": {
					"avg": 238,
					"count": 3,
					"min": 48,
					"max": 512
				},
				"2023-09-24": {
					"avg": 70,
					"count": 3,
					"min": 41,
					"max": 119
				},
				"2023-09-25": {
					"avg": 119,
					"count": 5,
					"min": 25,
					"max": 462
				},
				"2023-09-26": {
					"avg": 153,
					"count": 3,
					"min": 124,
					"max": 203
				},
				"2023-09-27": {
					"avg": 112,
					"count": 3,
					"min": 41,
					"max": 195
				},
				"2023-09-28": {
					"avg": 79,
					"count": 5,
					"min": 35,
					"max": 150
				},
				"2023-09-29": {
					"avg": 124,
					"count": 4,
					"min": 124,
					"max": 124
				},
				"2023-09-30": {
					"avg": 119,
					"count": 9,
					"min": 26,
					"max": 374
				},
				"2023-10-01": {
					"avg": 364,
					"count": 1,
					"min": 364,
					"max": 364
				},
				"2023-10-02": {
					"avg": 182,
					"count": 3,
					"min": 148,
					"max": 203
				},
				"2023-10-03": {
					"avg": 41,
					"count": 1,
					"min": 41,
					"max": 41
				},
				"2023-10-04": {
					"avg": 240,
					"count": 6,
					"min": 88,
					"max": 673
				},
				"2023-10-05": {
					"avg": 133,
					"count": 1,
					"min": 133,
					"max": 133
				},
				"2023-10-06": {
					"avg": 139,
					"count": 4,
					"min": 35,
					"max": 248
				},
				"2023-10-07": {
					"avg": 144,
					"count": 7,
					"min": 50,
					"max": 164
				},
				"2023-10-08": {
					"avg": 199,
					"count": 6,
					"min": 30,
					"max": 412
				},
				"2023-10-09": {
					"avg": 160,
					"count": 13,
					"min": 34,
					"max": 433
				},
				"2023-10-10": {
					"avg": 250,
					"count": 1,
					"min": 250,
					"max": 250
				},
				"2023-10-12": {
					"avg": 115,
					"count": 4,
					"min": 35,
					"max": 255
				},
				"2023-10-13": {
					"avg": 266,
					"count": 2,
					"min": 83,
					"max": 449
				},
				"2023-10-14": {
					"avg": 83,
					"count": 25,
					"min": 61,
					"max": 156
				},
				"2023-10-15": {
					"avg": 93,
					"count": 2,
					"min": 61,
					"max": 124
				},
				"2023-10-16": {
					"avg": 424,
					"count": 1,
					"min": 424,
					"max": 424
				},
				"2023-10-17": {
					"avg": 64,
					"count": 1,
					"min": 64,
					"max": 64
				},
				"2023-10-19": {
					"avg": 113,
					"count": 33,
					"min": 103,
					"max": 175
				},
				"2023-10-20": {
					"avg": 66,
					"count": 3,
					"min": 49,
					"max": 100
				},
				"2023-10-21": {
					"avg": 42,
					"count": 1,
					"min": 42,
					"max": 42
				},
				"2023-10-22": {
					"avg": 177,
					"count": 3,
					"min": 21,
					"max": 457
				},
				"2023-10-23": {
					"avg": 199,
					"count": 5,
					"min": 56,
					"max": 458
				},
				"2023-10-24": {
					"avg": 244,
					"count": 4,
					"min": 151,
					"max": 485
				},
				"2023-10-27": {
					"avg": 283,
					"count": 1,
					"min": 283,
					"max": 283
				},
				"2023-10-28": {
					"avg": 149,
					"count": 2,
					"min": 139,
					"max": 158
				},
				"2023-10-29": {
					"avg": 295,
					"count": 5,
					"min": 52,
					"max": 717
				},
				"2023-10-30": {
					"avg": 313,
					"count": 3,
					"min": 163,
					"max": 543
				},
				"2023-10-31": {
					"avg": 171,
					"count": 11,
					"min": 34,
					"max": 399
				},
				"2023-11-01": {
					"avg": 277,
					"count": 3,
					"min": 197,
					"max": 425
				},
				"2023-11-02": {
					"avg": 60,
					"count": 1,
					"min": 60,
					"max": 60
				},
				"2023-11-03": {
					"avg": 152,
					"count": 2,
					"min": 143,
					"max": 160
				},
				"2023-11-04": {
					"avg": 272,
					"count": 4,
					"min": 52,
					"max": 527
				},
				"2023-11-06": {
					"avg": 160,
					"count": 2,
					"min": 160,
					"max": 160
				},
				"2023-11-07": {
					"avg": 159,
					"count": 1,
					"min": 159,
					"max": 159
				},
				"2023-11-08": {
					"avg": 309,
					"count": 2,
					"min": 139,
					"max": 478
				},
				"2023-11-09": {
					"avg": 165,
					"count": 2,
					"min": 105,
					"max": 225
				},
				"2023-11-10": {
					"avg": 112,
					"count": 2,
					"min": 58,
					"max": 166
				},
				"2023-11-11": {
					"avg": 134,
					"count": 5,
					"min": 49,
					"max": 225
				},
				"2023-11-12": {
					"avg": 285,
					"count": 2,
					"min": 199,
					"max": 371
				},
				"2023-11-13": {
					"avg": 142,
					"count": 1,
					"min": 142,
					"max": 142
				},
				"2023-11-14": {
					"avg": 114,
					"count": 2,
					"min": 98,
					"max": 129
				},
				"2023-11-15": {
					"avg": 115,
					"count": 5,
					"min": 25,
					"max": 187
				},
				"2023-11-16": {
					"avg": 196,
					"count": 1,
					"min": 196,
					"max": 196
				},
				"2023-11-17": {
					"avg": 111,
					"count": 3,
					"min": 66,
					"max": 134
				},
				"2023-11-18": {
					"avg": 155,
					"count": 2,
					"min": 59,
					"max": 250
				},
				"2023-11-19": {
					"avg": 161,
					"count": 3,
					"min": 124,
					"max": 225
				},
				"2023-11-20": {
					"avg": 199,
					"count": 2,
					"min": 25,
					"max": 372
				},
				"2023-11-21": {
					"avg": 161,
					"count": 4,
					"min": 85,
					"max": 299
				},
				"2023-11-22": {
					"avg": 449,
					"count": 1,
					"min": 449,
					"max": 449
				},
				"2023-11-23": {
					"avg": 180,
					"count": 2,
					"min": 139,
					"max": 221
				},
				"2023-11-24": {
					"avg": 149,
					"count": 51,
					"min": 25,
					"max": 440
				},
				"2023-11-25": {
					"avg": 205,
					"count": 2,
					"min": 188,
					"max": 221
				},
				"2023-11-26": {
					"avg": 202,
					"count": 3,
					"min": 52,
					"max": 399
				},
				"2023-11-27": {
					"avg": 223,
					"count": 9,
					"min": 63,
					"max": 449
				},
				"2024-05-15": {
					"avg": 79,
					"count": 1,
					"min": 79,
					"max": 79
				},
				"2024-05-16": {
					"avg": 199,
					"count": 5,
					"min": 29,
					"max": 321
				},
				"2024-05-17": {
					"avg": 137,
					"count": 49,
					"min": 24,
					"max": 534
				},
				"2024-05-18": {
					"avg": 140,
					"count": 26,
					"min": 31,
					"max": 495
				},
				"2024-05-19": {
					"avg": 252,
					"count": 6,
					"min": 79,
					"max": 593
				},
				"2024-05-20": {
					"avg": 274,
					"count": 20,
					"min": 259,
					"max": 319
				},
				"2024-05-21": {
					"avg": 103,
					"count": 8,
					"min": 24,
					"max": 209
				},
				"2024-05-22": {
					"avg": 146,
					"count": 5,
					"min": 26,
					"max": 331
				},
				"2024-05-23": {
					"avg": 133,
					"count": 6,
					"min": 133,
					"max": 133
				},
				"2024-05-24": {
					"avg": 53,
					"count": 26,
					"min": 49,
					"max": 148
				},
				"2024-05-25": {
					"avg": 658,
					"count": 1,
					"min": 658,
					"max": 658
				},
				"2024-05-27": {
					"avg": 267,
					"count": 3,
					"min": 244,
					"max": 288
				},
				"2024-05-28": {
					"avg": 525,
					"count": 1,
					"min": 525,
					"max": 525
				},
				"2024-05-29": {
					"avg": 593,
					"count": 1,
					"min": 593,
					"max": 593
				},
				"2024-05-30": {
					"avg": 93,
					"count": 2,
					"min": 40,
					"max": 145
				},
				"2024-05-31": {
					"avg": 49,
					"count": 1,
					"min": 49,
					"max": 49
				},
				"2024-06-01": {
					"avg": 51,
					"count": 1,
					"min": 51,
					"max": 51
				},
				"2024-06-03": {
					"avg": 217,
					"count": 4,
					"min": 152,
					"max": 282
				},
				"2024-06-04": {
					"avg": 232,
					"count": 15,
					"min": 40,
					"max": 267
				},
				"2024-06-05": {
					"avg": 272,
					"count": 1,
					"min": 272,
					"max": 272
				},
				"2024-06-06": {
					"avg": 55,
					"count": 1,
					"min": 55,
					"max": 55
				},
				"2024-06-07": {
					"avg": 186,
					"count": 3,
					"min": 151,
					"max": 255
				},
				"2024-06-08": {
					"avg": 204,
					"count": 1,
					"min": 204,
					"max": 204
				},
				"2024-06-09": {
					"avg": 96,
					"count": 2,
					"min": 40,
					"max": 152
				},
				"2024-06-11": {
					"avg": 131,
					"count": 2,
					"min": 100,
					"max": 162
				},
				"2024-06-12": {
					"avg": 324,
					"count": 1,
					"min": 324,
					"max": 324
				},
				"2024-06-13": {
					"avg": 290,
					"count": 1,
					"min": 290,
					"max": 290
				},
				"2024-06-14": {
					"avg": 37,
					"count": 2,
					"min": 29,
					"max": 45
				},
				"2024-06-16": {
					"avg": 297,
					"count": 1,
					"min": 297,
					"max": 297
				},
				"2024-06-17": {
					"avg": 140,
					"count": 3,
					"min": 125,
					"max": 151
				},
				"2024-06-18": {
					"avg": 173,
					"count": 1,
					"min": 173,
					"max": 173
				},
				"2024-06-19": {
					"avg": 29,
					"count": 3,
					"min": 29,
					"max": 29
				},
				"2024-06-20": {
					"avg": 152,
					"count": 1,
					"min": 152,
					"max": 152
				},
				"2024-06-25": {
					"avg": 145,
					"count": 2,
					"min": 65,
					"max": 224
				},
				"2024-06-27": {
					"avg": 157,
					"count": 1,
					"min": 157,
					"max": 157
				},
				"2024-06-28": {
					"avg": 53,
					"count": 1,
					"min": 53,
					"max": 53
				},
				"2024-06-29": {
					"avg": 45,
					"count": 1,
					"min": 45,
					"max": 45
				},
				"2024-07-01": {
					"avg": 398,
					"count": 1,
					"min": 398,
					"max": 398
				},
				"2024-07-02": {
					"avg": 129,
					"count": 2,
					"min": 129,
					"max": 129
				},
				"2024-07-03": {
					"avg": 189,
					"count": 2,
					"min": 154,
					"max": 224
				},
				"2024-07-05": {
					"avg": 50,
					"count": 1,
					"min": 50,
					"max": 50
				},
				"2024-07-07": {
					"avg": 117,
					"count": 2,
					"min": 58,
					"max": 175
				},
				"2024-07-09": {
					"avg": 58,
					"count": 1,
					"min": 58,
					"max": 58
				},
				"2024-07-10": {
					"avg": 52,
					"count": 1,
					"min": 52,
					"max": 52
				},
				"2024-07-12": {
					"avg": 304,
					"count": 1,
					"min": 304,
					"max": 304
				},
				"2024-07-13": {
					"avg": 329,
					"count": 2,
					"min": 297,
					"max": 360
				},
				"2024-07-14": {
					"avg": 172,
					"count": 1,
					"min": 172,
					"max": 172
				},
				"2024-07-16": {
					"avg": 175,
					"count": 1,
					"min": 175,
					"max": 175
				},
				"2024-07-17": {
					"avg": 165,
					"count": 2,
					"min": 56,
					"max": 274
				},
				"2024-07-18": {
					"avg": 379,
					"count": 2,
					"min": 270,
					"max": 487
				},
				"2024-07-19": {
					"avg": 249,
					"count": 1,
					"min": 249,
					"max": 249
				},
				"2024-07-20": {
					"avg": 321,
					"count": 5,
					"min": 163,
					"max": 398
				},
				"2024-07-21": {
					"avg": 60,
					"count": 2,
					"min": 58,
					"max": 61
				},
				"2024-07-22": {
					"avg": 185,
					"count": 1,
					"min": 185,
					"max": 185
				},
				"2024-07-23": {
					"avg": 70,
					"count": 1,
					"min": 70,
					"max": 70
				},
				"2024-07-24": {
					"avg": 120,
					"count": 1,
					"min": 120,
					"max": 120
				},
				"2024-07-25": {
					"avg": 201,
					"count": 5,
					"min": 164,
					"max": 210
				},
				"2024-07-26": {
					"avg": 178,
					"count": 2,
					"min": 172,
					"max": 184
				},
				"2024-07-27": {
					"avg": 135,
					"count": 5,
					"min": 62,
					"max": 299
				},
				"2024-07-28": {
					"avg": 246,
					"count": 2,
					"min": 185,
					"max": 306
				},
				"2024-07-30": {
					"avg": 152,
					"count": 1,
					"min": 152,
					"max": 152
				},
				"2024-08-01": {
					"avg": 698,
					"count": 1,
					"min": 698,
					"max": 698
				},
				"2024-08-02": {
					"avg": 126,
					"count": 4,
					"min": 57,
					"max": 148
				},
				"2024-08-03": {
					"avg": 112,
					"count": 3,
					"min": 61,
					"max": 145
				},
				"2024-08-04": {
					"avg": 78,
					"count": 2,
					"min": 56,
					"max": 99
				},
				"2024-08-05": {
					"avg": 252,
					"count": 1,
					"min": 252,
					"max": 252
				},
				"2024-08-06": {
					"avg": 120,
					"count": 2,
					"min": 55,
					"max": 185
				},
				"2024-08-07": {
					"avg": 123,
					"count": 2,
					"min": 55,
					"max": 190
				},
				"2024-08-08": {
					"avg": 70,
					"count": 1,
					"min": 70,
					"max": 70
				},
				"2024-08-09": {
					"avg": 56,
					"count": 1,
					"min": 56,
					"max": 56
				},
				"2024-08-10": {
					"avg": 147,
					"count": 3,
					"min": 50,
					"max": 329
				},
				"2024-08-12": {
					"avg": 70,
					"count": 1,
					"min": 70,
					"max": 70
				},
				"2024-08-15": {
					"avg": 123,
					"count": 1,
					"min": 123,
					"max": 123
				},
				"2024-08-16": {
					"avg": 315,
					"count": 3,
					"min": 64,
					"max": 726
				},
				"2024-08-17": {
					"avg": 194,
					"count": 2,
					"min": 86,
					"max": 302
				},
				"2024-08-18": {
					"avg": 62,
					"count": 6,
					"min": 62,
					"max": 62
				},
				"2024-08-19": {
					"avg": 158,
					"count": 3,
					"min": 45,
					"max": 249
				},
				"2024-08-20": {
					"avg": 186,
					"count": 4,
					"min": 99,
					"max": 349
				},
				"2024-08-22": {
					"avg": 70,
					"count": 1,
					"min": 70,
					"max": 70
				},
				"2024-08-23": {
					"avg": 176,
					"count": 1,
					"min": 176,
					"max": 176
				},
				"2024-08-25": {
					"avg": 152,
					"count": 4,
					"min": 54,
					"max": 316
				},
				"2024-08-26": {
					"avg": 1059,
					"count": 3,
					"min": 1059,
					"max": 1059
				},
				"2024-08-27": {
					"avg": 197,
					"count": 1,
					"min": 197,
					"max": 197
				},
				"2024-08-29": {
					"avg": 184,
					"count": 1,
					"min": 184,
					"max": 184
				},
				"2024-08-30": {
					"avg": 239,
					"count": 2,
					"min": 152,
					"max": 325
				},
				"2024-08-31": {
					"avg": 121,
					"count": 3,
					"min": 22,
					"max": 282
				},
				"2024-09-02": {
					"avg": 150,
					"count": 1,
					"min": 150,
					"max": 150
				},
				"2024-09-03": {
					"avg": 181,
					"count": 3,
					"min": 64,
					"max": 325
				},
				"2024-09-04": {
					"avg": 45,
					"count": 1,
					"min": 45,
					"max": 45
				},
				"2024-09-06": {
					"avg": 453,
					"count": 2,
					"min": 180,
					"max": 726
				},
				"2024-09-07": {
					"avg": 180,
					"count": 2,
					"min": 180,
					"max": 180
				},
				"2024-09-09": {
					"avg": 48,
					"count": 1,
					"min": 48,
					"max": 48
				},
				"2024-09-10": {
					"avg": 152,
					"count": 1,
					"min": 152,
					"max": 152
				},
				"2024-09-13": {
					"avg": 178,
					"count": 2,
					"min": 175,
					"max": 180
				},
				"2024-09-15": {
					"avg": 148,
					"count": 4,
					"min": 48,
					"max": 297
				},
				"2024-09-16": {
					"avg": 117,
					"count": 2,
					"min": 62,
					"max": 172
				},
				"2024-09-17": {
					"avg": 106,
					"count": 4,
					"min": 48,
					"max": 248
				},
				"2024-09-18": {
					"avg": 300,
					"count": 3,
					"min": 292,
					"max": 309
				},
				"2024-09-19": {
					"avg": 138,
					"count": 2,
					"min": 26,
					"max": 249
				},
				"2024-09-20": {
					"avg": 187,
					"count": 4,
					"min": 67,
					"max": 377
				},
				"2024-09-21": {
					"avg": 123,
					"count": 3,
					"min": 68,
					"max": 181
				},
				"2024-09-23": {
					"avg": 151,
					"count": 1,
					"min": 151,
					"max": 151
				}
			},
			"avg": 173,
			"avg7": 166,
			"avg28": 166
		},
		"normal-nearmint": {
			"history": {
				"2024-05-25": {
					"avg": 77,
					"count": 1,
					"min": 77,
					"max": 77
				},
				"2024-05-27": {
					"avg": 192,
					"count": 3,
					"min": 79,
					"max": 349
				},
				"2024-05-31": {
					"avg": 125,
					"count": 2,
					"min": 62,
					"max": 188
				},
				"2024-06-01": {
					"avg": 213,
					"count": 3,
					"min": 60,
					"max": 390
				},
				"2024-06-02": {
					"avg": 446,
					"count": 2,
					"min": 62,
					"max": 830
				},
				"2024-06-03": {
					"avg": 199,
					"count": 1,
					"min": 199,
					"max": 199
				},
				"2024-06-04": {
					"avg": 261,
					"count": 13,
					"min": 261,
					"max": 261
				},
				"2024-06-05": {
					"avg": 408,
					"count": 1,
					"min": 408,
					"max": 408
				},
				"2024-06-06": {
					"avg": 468,
					"count": 6,
					"min": 189,
					"max": 867
				},
				"2024-06-07": {
					"avg": 399,
					"count": 1,
					"min": 399,
					"max": 399
				},
				"2024-06-08": {
					"avg": 203,
					"count": 2,
					"min": 184,
					"max": 221
				},
				"2024-06-10": {
					"avg": 449,
					"count": 2,
					"min": 399,
					"max": 499
				},
				"2024-06-11": {
					"avg": 185,
					"count": 29,
					"min": 50,
					"max": 447
				},
				"2024-06-13": {
					"avg": 253,
					"count": 2,
					"min": 205,
					"max": 300
				},
				"2024-06-15": {
					"avg": 289,
					"count": 3,
					"min": 199,
					"max": 367
				},
				"2024-06-16": {
					"avg": 244,
					"count": 3,
					"min": 99,
					"max": 413
				},
				"2024-06-17": {
					"avg": 221,
					"count": 1,
					"min": 221,
					"max": 221
				},
				"2024-06-18": {
					"avg": 187,
					"count": 2,
					"min": 170,
					"max": 204
				},
				"2024-06-19": {
					"avg": 347,
					"count": 2,
					"min": 170,
					"max": 524
				},
				"2024-06-20": {
					"avg": 299,
					"count": 2,
					"min": 98,
					"max": 500
				},
				"2024-06-23": {
					"avg": 352,
					"count": 2,
					"min": 205,
					"max": 498
				},
				"2024-06-27": {
					"avg": 206,
					"count": 4,
					"min": 99,
					"max": 387
				},
				"2024-06-29": {
					"avg": 228,
					"count": 3,
					"min": 77,
					"max": 387
				},
				"2024-06-30": {
					"avg": 77,
					"count": 1,
					"min": 77,
					"max": 77
				},
				"2024-07-01": {
					"avg": 157,
					"count": 3,
					"min": 77,
					"max": 316
				},
				"2024-07-05": {
					"avg": 250,
					"count": 32,
					"min": 77,
					"max": 524
				},
				"2024-07-06": {
					"avg": 300,
					"count": 1,
					"min": 300,
					"max": 300
				},
				"2024-07-07": {
					"avg": 148,
					"count": 3,
					"min": 50,
					"max": 221
				},
				"2024-07-08": {
					"avg": 187,
					"count": 1,
					"min": 187,
					"max": 187
				},
				"2024-07-09": {
					"avg": 77,
					"count": 1,
					"min": 77,
					"max": 77
				},
				"2024-07-10": {
					"avg": 147,
					"count": 2,
					"min": 50,
					"max": 244
				},
				"2024-07-11": {
					"avg": 231,
					"count": 8,
					"min": 50,
					"max": 1074
				},
				"2024-07-12": {
					"avg": 222,
					"count": 2,
					"min": 77,
					"max": 367
				},
				"2024-07-14": {
					"avg": 560,
					"count": 2,
					"min": 449,
					"max": 671
				},
				"2024-07-15": {
					"avg": 497,
					"count": 1,
					"min": 497,
					"max": 497
				},
				"2024-07-16": {
					"avg": 77,
					"count": 1,
					"min": 77,
					"max": 77
				},
				"2024-07-19": {
					"avg": 359,
					"count": 1,
					"min": 359,
					"max": 359
				},
				"2024-07-20": {
					"avg": 59,
					"count": 1,
					"min": 59,
					"max": 59
				},
				"2024-07-21": {
					"avg": 596,
					"count": 2,
					"min": 315,
					"max": 876
				},
				"2024-07-22": {
					"avg": 130,
					"count": 2,
					"min": 77,
					"max": 182
				},
				"2024-07-23": {
					"avg": 77,
					"count": 1,
					"min": 77,
					"max": 77
				},
				"2024-07-24": {
					"avg": 79,
					"count": 2,
					"min": 79,
					"max": 79
				},
				"2024-07-25": {
					"avg": 68,
					"count": 1,
					"min": 68,
					"max": 68
				},
				"2024-07-27": {
					"avg": 77,
					"count": 2,
					"min": 77,
					"max": 77
				},
				"2024-07-29": {
					"avg": 298,
					"count": 2,
					"min": 177,
					"max": 418
				},
				"2024-07-31": {
					"avg": 330,
					"count": 4,
					"min": 192,
					"max": 497
				},
				"2024-08-03": {
					"avg": 297,
					"count": 3,
					"min": 77,
					"max": 497
				},
				"2024-08-05": {
					"avg": 239,
					"count": 1,
					"min": 239,
					"max": 239
				},
				"2024-08-07": {
					"avg": 108,
					"count": 30,
					"min": 70,
					"max": 226
				},
				"2024-08-08": {
					"avg": 177,
					"count": 1,
					"min": 177,
					"max": 177
				},
				"2024-08-09": {
					"avg": 212,
					"count": 2,
					"min": 75,
					"max": 349
				},
				"2024-08-10": {
					"avg": 327,
					"count": 4,
					"min": 77,
					"max": 874
				},
				"2024-08-11": {
					"avg": 117,
					"count": 2,
					"min": 89,
					"max": 144
				},
				"2024-08-12": {
					"avg": 164,
					"count": 3,
					"min": 77,
					"max": 337
				},
				"2024-08-14": {
					"avg": 204,
					"count": 1,
					"min": 204,
					"max": 204
				},
				"2024-08-15": {
					"avg": 220,
					"count": 1,
					"min": 220,
					"max": 220
				},
				"2024-08-16": {
					"avg": 89,
					"count": 1,
					"min": 89,
					"max": 89
				},
				"2024-08-17": {
					"avg": 304,
					"count": 3,
					"min": 77,
					"max": 485
				},
				"2024-08-19": {
					"avg": 77,
					"count": 1,
					"min": 77,
					"max": 77
				},
				"2024-08-20": {
					"avg": 77,
					"count": 1,
					"min": 77,
					"max": 77
				},
				"2024-08-21": {
					"avg": 338,
					"count": 3,
					"min": 176,
					"max": 500
				},
				"2024-08-22": {
					"avg": 177,
					"count": 1,
					"min": 177,
					"max": 177
				},
				"2024-08-23": {
					"avg": 133,
					"count": 3,
					"min": 49,
					"max": 177
				},
				"2024-08-24": {
					"avg": 77,
					"count": 6,
					"min": 77,
					"max": 77
				},
				"2024-08-25": {
					"avg": 283,
					"count": 2,
					"min": 77,
					"max": 488
				},
				"2024-08-26": {
					"avg": 334,
					"count": 2,
					"min": 77,
					"max": 591
				},
				"2024-08-27": {
					"avg": 77,
					"count": 2,
					"min": 76,
					"max": 77
				},
				"2024-08-28": {
					"avg": 68,
					"count": 1,
					"min": 68,
					"max": 68
				},
				"2024-08-30": {
					"avg": 265,
					"count": 3,
					"min": 195,
					"max": 300
				},
				"2024-08-31": {
					"avg": 203,
					"count": 2,
					"min": 68,
					"max": 337
				},
				"2024-09-01": {
					"avg": 77,
					"count": 1,
					"min": 77,
					"max": 77
				},
				"2024-09-04": {
					"avg": 70,
					"count": 2,
					"min": 63,
					"max": 77
				},
				"2024-09-05": {
					"avg": 287,
					"count": 2,
					"min": 98,
					"max": 476
				},
				"2024-09-06": {
					"avg": 77,
					"count": 1,
					"min": 77,
					"max": 77
				},
				"2024-09-07": {
					"avg": 289,
					"count": 2,
					"min": 79,
					"max": 498
				},
				"2024-09-10": {
					"avg": 230,
					"count": 3,
					"min": 75,
					"max": 427
				},
				"2024-09-11": {
					"avg": 217,
					"count": 3,
					"min": 70,
					"max": 500
				},
				"2024-09-12": {
					"avg": 181,
					"count": 1,
					"min": 181,
					"max": 181
				},
				"2024-09-16": {
					"avg": 171,
					"count": 1,
					"min": 171,
					"max": 171
				},
				"2024-09-17": {
					"avg": 427,
					"count": 2,
					"min": 354,
					"max": 500
				},
				"2024-09-18": {
					"avg": 110,
					"count": 3,
					"min": 77,
					"max": 172
				},
				"2024-09-19": {
					"avg": 374,
					"count": 2,
					"min": 320,
					"max": 427
				},
				"2024-09-20": {
					"avg": 174,
					"count": 6,
					"min": 89,
					"max": 367
				},
				"2024-09-21": {
					"avg": 336,
					"count": 2,
					"min": 80,
					"max": 591
				},
				"2024-09-22": {
					"avg": 555,
					"count": 1,
					"min": 555,
					"max": 555
				}
			},
			"avg": 221,
			"avg7": -1,
			"avg28": -1
		},
		"normal-played": {
			"history": {
				"2024-05-24": {
					"avg": 54,
					"count": 2,
					"min": 30,
					"max": 77
				},
				"2024-05-25": {
					"avg": 50,
					"count": 1,
					"min": 50,
					"max": 50
				},
				"2024-05-27": {
					"avg": 75,
					"count": 2,
					"min": 50,
					"max": 100
				},
				"2024-05-29": {
					"avg": 152,
					"count": 2,
					"min": 103,
					"max": 200
				},
				"2024-06-01": {
					"avg": 163,
					"count": 1,
					"min": 163,
					"max": 163
				},
				"2024-06-02": {
					"avg": 116,
					"count": 1,
					"min": 116,
					"max": 116
				},
				"2024-06-04": {
					"avg": 147,
					"count": 1,
					"min": 147,
					"max": 147
				},
				"2024-06-05": {
					"avg": 105,
					"count": 1,
					"min": 105,
					"max": 105
				},
				"2024-06-06": {
					"avg": 687,
					"count": 3,
					"min": 50,
					"max": 1838
				},
				"2024-06-07": {
					"avg": 107,
					"count": 6,
					"min": 33,
					"max": 152
				},
				"2024-06-16": {
					"avg": 197,
					"count": 1,
					"min": 197,
					"max": 197
				},
				"2024-06-17": {
					"avg": 30,
					"count": 1,
					"min": 30,
					"max": 30
				},
				"2024-06-18": {
					"avg": 173,
					"count": 2,
					"min": 145,
					"max": 201
				},
				"2024-06-19": {
					"avg": 94,
					"count": 2,
					"min": 50,
					"max": 138
				},
				"2024-06-20": {
					"avg": 93,
					"count": 2,
					"min": 72,
					"max": 114
				},
				"2024-06-22": {
					"avg": 227,
					"count": 2,
					"min": 65,
					"max": 388
				},
				"2024-06-23": {
					"avg": 669,
					"count": 1,
					"min": 669,
					"max": 669
				},
				"2024-06-26": {
					"avg": 512,
					"count": 4,
					"min": 161,
					"max": 1563
				},
				"2024-07-01": {
					"avg": 33,
					"count": 1,
					"min": 33,
					"max": 33
				},
				"2024-07-02": {
					"avg": 52,
					"count": 5,
					"min": 33,
					"max": 115
				},
				"2024-07-03": {
					"avg": 39,
					"count": 1,
					"min": 39,
					"max": 39
				},
				"2024-07-04": {
					"avg": 156,
					"count": 2,
					"min": 152,
					"max": 160
				},
				"2024-07-06": {
					"avg": 25,
					"count": 1,
					"min": 25,
					"max": 25
				},
				"2024-07-07": {
					"avg": 39,
					"count": 1,
					"min": 39,
					"max": 39
				},
				"2024-07-08": {
					"avg": 28,
					"count": 1,
					"min": 28,
					"max": 28
				},
				"2024-07-10": {
					"avg": 39,
					"count": 1,
					"min": 39,
					"max": 39
				},
				"2024-07-11": {
					"avg": 39,
					"count": 2,
					"min": 38,
					"max": 39
				},
				"2024-07-12": {
					"avg": 36,
					"count": 1,
					"min": 36,
					"max": 36
				},
				"2024-07-15": {
					"avg": 39,
					"count": 1,
					"min": 39,
					"max": 39
				},
				"2024-07-16": {
					"avg": 129,
					"count": 2,
					"min": 106,
					"max": 152
				},
				"2024-07-20": {
					"avg": 32,
					"count": 1,
					"min": 32,
					"max": 32
				},
				"2024-07-22": {
					"avg": 139,
					"count": 4,
					"min": 35,
					"max": 227
				},
				"2024-07-23": {
					"avg": 124,
					"count": 2,
					"min": 124,
					"max": 124
				},
				"2024-07-25": {
					"avg": 181,
					"count": 5,
					"min": 103,
					"max": 201
				},
				"2024-07-26": {
					"avg": 78,
					"count": 3,
					"min": 35,
					"max": 155
				},
				"2024-07-27": {
					"avg": 81,
					"count": 2,
					"min": 46,
					"max": 116
				},
				"2024-07-28": {
					"avg": 122,
					"count": 1,
					"min": 122,
					"max": 122
				},
				"2024-07-30": {
					"avg": 192,
					"count": 1,
					"min": 192,
					"max": 192
				},
				"2024-07-31": {
					"avg": 72,
					"count": 1,
					"min": 72,
					"max": 72
				},
				"2024-08-02": {
					"avg": 187,
					"count": 1,
					"min": 187,
					"max": 187
				},
				"2024-08-04": {
					"avg": 124,
					"count": 1,
					"min": 124,
					"max": 124
				},
				"2024-08-05": {
					"avg": 138,
					"count": 1,
					"min": 138,
					"max": 138
				},
				"2024-08-07": {
					"avg": 35,
					"count": 1,
					"min": 35,
					"max": 35
				},
				"2024-08-09": {
					"avg": 65,
					"count": 1,
					"min": 65,
					"max": 65
				},
				"2024-08-13": {
					"avg": 149,
					"count": 1,
					"min": 149,
					"max": 149
				},
				"2024-08-14": {
					"avg": 126,
					"count": 4,
					"min": 46,
					"max": 172
				},
				"2024-08-15": {
					"avg": 405,
					"count": 1,
					"min": 405,
					"max": 405
				},
				"2024-08-16": {
					"avg": 82,
					"count": 3,
					"min": 46,
					"max": 124
				},
				"2024-08-18": {
					"avg": 35,
					"count": 1,
					"min": 35,
					"max": 35
				},
				"2024-08-20": {
					"avg": 157,
					"count": 1,
					"min": 157,
					"max": 157
				},
				"2024-08-22": {
					"avg": 35,
					"count": 3,
					"min": 35,
					"max": 35
				},
				"2024-08-27": {
					"avg": 252,
					"count": 2,
					"min": 164,
					"max": 339
				},
				"2024-08-30": {
					"avg": 201,
					"count": 3,
					"min": 135,
					"max": 334
				},
				"2024-08-31": {
					"avg": 174,
					"count": 5,
					"min": 149,
					"max": 226
				},
				"2024-09-02": {
					"avg": 198,
					"count": 1,
					"min": 198,
					"max": 198
				},
				"2024-09-03": {
					"avg": 192,
					"count": 1,
					"min": 192,
					"max": 192
				},
				"2024-09-06": {
					"avg": 98,
					"count": 1,
					"min": 98,
					"max": 98
				},
				"2024-09-07": {
					"avg": 46,
					"count": 3,
					"min": 46,
					"max": 46
				},
				"2024-09-09": {
					"avg": 37,
					"count": 1,
					"min": 37,
					"max": 37
				},
				"2024-09-10": {
					"avg": 38,
					"count": 1,
					"min": 38,
					"max": 38
				},
				"2024-09-12": {
					"avg": 91,
					"count": 2,
					"min": 33,
					"max": 148
				},
				"2024-09-14": {
					"avg": 101,
					"count": 2,
					"min": 65,
					"max": 137
				},
				"2024-09-15": {
					"avg": 37,
					"count": 1,
					"min": 37,
					"max": 37
				},
				"2024-09-16": {
					"avg": 159,
					"count": 2,
					"min": 159,
					"max": 159
				},
				"2024-09-18": {
					"avg": 156,
					"count": 1,
					"min": 156,
					"max": 156
				},
				"2024-09-23": {
					"avg": 97,
					"count": 3,
					"min": 60,
					"max": 171
				}
			},
			"avg": 145,
			"avg7": -1,
			"avg28": -1
		},
		"normal-used": {
			"history": {
				"2024-05-24": {
					"avg": 151,
					"count": 1,
					"min": 151,
					"max": 151
				},
				"2024-05-27": {
					"avg": 149,
					"count": 2,
					"min": 144,
					"max": 153
				},
				"2024-06-05": {
					"avg": 50,
					"count": 1,
					"min": 50,
					"max": 50
				},
				"2024-06-08": {
					"avg": 571,
					"count": 1,
					"min": 571,
					"max": 571
				},
				"2024-06-20": {
					"avg": 33,
					"count": 3,
					"min": 33,
					"max": 33
				},
				"2024-06-21": {
					"avg": 31,
					"count": 1,
					"min": 31,
					"max": 31
				},
				"2024-06-25": {
					"avg": 125,
					"count": 1,
					"min": 125,
					"max": 125
				},
				"2024-06-28": {
					"avg": 57,
					"count": 3,
					"min": 31,
					"max": 105
				},
				"2024-07-04": {
					"avg": 34,
					"count": 1,
					"min": 34,
					"max": 34
				},
				"2024-07-06": {
					"avg": 121,
					"count": 1,
					"min": 121,
					"max": 121
				},
				"2024-07-13": {
					"avg": 308,
					"count": 2,
					"min": 165,
					"max": 450
				},
				"2024-07-14": {
					"avg": 30,
					"count": 2,
					"min": 29,
					"max": 31
				},
				"2024-07-22": {
					"avg": 36,
					"count": 1,
					"min": 36,
					"max": 36
				},
				"2024-07-23": {
					"avg": 169,
					"count": 2,
					"min": 114,
					"max": 223
				},
				"2024-07-24": {
					"avg": 22,
					"count": 2,
					"min": 22,
					"max": 22
				},
				"2024-07-25": {
					"avg": 92,
					"count": 3,
					"min": 88,
					"max": 100
				},
				"2024-07-28": {
					"avg": 34,
					"count": 1,
					"min": 34,
					"max": 34
				},
				"2024-08-01": {
					"avg": 34,
					"count": 1,
					"min": 34,
					"max": 34
				},
				"2024-08-03": {
					"avg": 102,
					"count": 1,
					"min": 102,
					"max": 102
				},
				"2024-08-12": {
					"avg": 161,
					"count": 1,
					"min": 161,
					"max": 161
				},
				"2024-08-16": {
					"avg": 114,
					"count": 4,
					"min": 23,
					"max": 160
				},
				"2024-08-18": {
					"avg": 451,
					"count": 8,
					"min": 35,
					"max": 654
				},
				"2024-08-20": {
					"avg": 34,
					"count": 1,
					"min": 34,
					"max": 34
				},
				"2024-08-21": {
					"avg": 157,
					"count": 1,
					"min": 157,
					"max": 157
				},
				"2024-08-28": {
					"avg": 17,
					"count": 1,
					"min": 17,
					"max": 17
				},
				"2024-08-30": {
					"avg": 158,
					"count": 1,
					"min": 158,
					"max": 158
				},
				"2024-08-31": {
					"avg": 194,
					"count": 2,
					"min": 194,
					"max": 194
				},
				"2024-09-06": {
					"avg": 32,
					"count": 1,
					"min": 32,
					"max": 32
				},
				"2024-09-13": {
					"avg": 147,
					"count": 1,
					"min": 147,
					"max": 147
				},
				"2024-09-15": {
					"avg": 65,
					"count": 1,
					"min": 65,
					"max": 65
				},
				"2024-09-18": {
					"avg": 215,
					"count": 1,
					"min": 215,
					"max": 215
				},
				"2024-09-21": {
					"avg": 159,
					"count": 1,
					"min": 159,
					"max": 159
				},
				"2024-09-22": {
					"avg": 35,
					"count": 2,
					"min": 34,
					"max": 35
				},
				"2024-09-23": {
					"avg": 34,
					"count": 3,
					"min": 31,
					"max": 35
				}
			},
			"avg": 152,
			"avg7": -1,
			"avg28": -1
		},
		"normal-poor": {
			"history": {
				"2024-06-01": {
					"avg": 26,
					"count": 1,
					"min": 26,
					"max": 26
				},
				"2024-06-04": {
					"avg": 147,
					"count": 1,
					"min": 147,
					"max": 147
				},
				"2024-06-10": {
					"avg": 27,
					"count": 1,
					"min": 27,
					"max": 27
				},
				"2024-06-14": {
					"avg": 50,
					"count": 1,
					"min": 50,
					"max": 50
				},
				"2024-06-20": {
					"avg": 72,
					"count": 3,
					"min": 28,
					"max": 159
				},
				"2024-06-27": {
					"avg": 25,
					"count": 1,
					"min": 25,
					"max": 25
				},
				"2024-06-30": {
					"avg": 126,
					"count": 1,
					"min": 126,
					"max": 126
				},
				"2024-07-04": {
					"avg": 128,
					"count": 2,
					"min": 89,
					"max": 167
				},
				"2024-07-15": {
					"avg": 77,
					"count": 1,
					"min": 77,
					"max": 77
				},
				"2024-07-21": {
					"avg": 49,
					"count": 1,
					"min": 49,
					"max": 49
				},
				"2024-07-23": {
					"avg": 163,
					"count": 5,
					"min": 27,
					"max": 221
				},
				"2024-07-24": {
					"avg": 66,
					"count": 1,
					"min": 66,
					"max": 66
				},
				"2024-07-26": {
					"avg": 110,
					"count": 1,
					"min": 110,
					"max": 110
				},
				"2024-08-02": {
					"avg": 28,
					"count": 1,
					"min": 28,
					"max": 28
				},
				"2024-08-11": {
					"avg": 15,
					"count": 2,
					"min": 15,
					"max": 15
				},
				"2024-08-16": {
					"avg": 129,
					"count": 7,
					"min": 80,
					"max": 276
				},
				"2024-08-21": {
					"avg": 90,
					"count": 2,
					"min": 28,
					"max": 152
				},
				"2024-08-23": {
					"avg": 156,
					"count": 1,
					"min": 156,
					"max": 156
				},
				"2024-08-26": {
					"avg": 152,
					"count": 1,
					"min": 152,
					"max": 152
				},
				"2024-08-27": {
					"avg": 129,
					"count": 1,
					"min": 129,
					"max": 129
				},
				"2024-08-31": {
					"avg": 100,
					"count": 2,
					"min": 35,
					"max": 164
				},
				"2024-09-02": {
					"avg": 225,
					"count": 1,
					"min": 225,
					"max": 225
				},
				"2024-09-06": {
					"avg": 26,
					"count": 2,
					"min": 26,
					"max": 26
				},
				"2024-09-09": {
					"avg": 38,
					"count": 2,
					"min": 10,
					"max": 65
				},
				"2024-09-12": {
					"avg": 25,
					"count": 1,
					"min": 25,
					"max": 25
				},
				"2024-09-14": {
					"avg": 29,
					"count": 1,
					"min": 29,
					"max": 29
				}
			},
			"avg": 95,
			"avg7": -1,
			"avg28": -1
		}
	}
}