{
	"data": {
		"normal-good": {
			"history": {
				"2022-11-12": {
					"avg": 19,
					"count": 1
				},
				"2022-11-13": {
					"avg": 124,
					"count": 4
				},
				"2022-11-14": {
					"avg": 115,
					"count": 1
				},
				"2022-11-15": {
					"avg": 88,
					"count": 5
				},
				"2022-11-16": {
					"avg": 88,
					"count": 85
				},
				"2022-11-17": {
					"avg": 217,
					"count": 3
				},
				"2022-11-18": {
					"avg": 161,
					"count": 5
				},
				"2022-11-19": {
					"avg": 310,
					"count": 2,
					"min": 100,
					"max": 519
				},
				"2022-11-20": {
					"avg": 91,
					"count": 3,
					"min": 68,
					"max": 129
				},
				"2022-11-21": {
					"avg": 24,
					"count": 1,
					"min": 24,
					"max": 24
				},
				"2022-11-22": {
					"avg": 699,
					"count": 19,
					"min": 9,
					"max": 818
				},
				"2022-11-23": {
					"avg": 55,
					"count": 4,
					"min": 18,
					"max": 129
				},
				"2022-11-24": {
					"avg": 300,
					"count": 2,
					"min": 76,
					"max": 524
				},
				"2022-11-25": {
					"avg": 47,
					"count": 17,
					"min": 8,
					"max": 175
				},
				"2022-11-26": {
					"avg": 325,
					"count": 138,
					"min": 20,
					"max": 822
				},
				"2022-11-27": {
					"avg": 186,
					"count": 4,
					"min": 76,
					"max": 223
				},
				"2022-11-28": {
					"avg": 112,
					"count": 3,
					"min": 9,
					"max": 182
				},
				"2022-11-29": {
					"avg": 52,
					"count": 8,
					"min": 9,
					"max": 167
				},
				"2022-11-30": {
					"avg": 32,
					"count": 3,
					"min": 9,
					"max": 68
				},
				"2022-12-01": {
					"avg": 18,
					"count": 1,
					"min": 18,
					"max": 18
				},
				"2022-12-02": {
					"avg": 25,
					"count": 10,
					"min": 25,
					"max": 25
				},
				"2022-12-03": {
					"avg": 100,
					"count": 2,
					"min": 100,
					"max": 100
				},
				"2022-12-04": {
					"avg": 190,
					"count": 8,
					"min": 21,
					"max": 1098
				},
				"2022-12-05": {
					"avg": 146,
					"count": 39,
					"min": 15,
					"max": 225
				},
				"2022-12-06": {
					"avg": 29,
					"count": 5,
					"min": 18,
					"max": 74
				},
				"2022-12-07": {
					"avg": 133,
					"count": 8,
					"min": 76,
					"max": 469
				},
				"2022-12-09": {
					"avg": 49,
					"count": 4,
					"min": 13,
					"max": 146
				},
				"2022-12-10": {
					"avg": 72,
					"count": 10,
					"min": 15,
					"max": 116
				},
				"2022-12-11": {
					"avg": 84,
					"count": 5,
					"min": 15,
					"max": 262
				},
				"2022-12-12": {
					"avg": 45,
					"count": 11,
					"min": 15,
					"max": 199
				},
				"2022-12-13": {
					"avg": 205,
					"count": 3,
					"min": 19,
					"max": 412
				},
				"2022-12-14": {
					"avg": 162,
					"count": 1,
					"min": 162,
					"max": 162
				},
				"2022-12-15": {
					"avg": 49,
					"count": 4,
					"min": 22,
					"max": 76
				},
				"2022-12-16": {
					"avg": 119,
					"count": 21,
					"min": 15,
					"max": 519
				},
				"2022-12-17": {
					"avg": 85,
					"count": 3,
					"min": 19,
					"max": 120
				},
				"2022-12-18": {
					"avg": 124,
					"count": 15,
					"min": 97,
					"max": 175
				},
				"2022-12-19": {
					"avg": 119,
					"count": 1,
					"min": 119,
					"max": 119
				},
				"2022-12-20": {
					"avg": 140,
					"count": 2,
					"min": 82,
					"max": 197
				},
				"2022-12-21": {
					"avg": 119,
					"count": 1,
					"min": 119,
					"max": 119
				},
				"2022-12-22": {
					"avg": 49,
					"count": 1,
					"min": 49,
					"max": 49
				},
				"2022-12-23": {
					"avg": 97,
					"count": 9,
					"min": 19,
					"max": 197
				},
				"2022-12-24": {
					"avg": 106,
					"count": 2,
					"min": 37,
					"max": 174
				},
				"2022-12-25": {
					"avg": 456,
					"count": 2,
					"min": 15,
					"max": 897
				},
				"2022-12-26": {
					"avg": 127,
					"count": 9,
					"min": 124,
					"max": 148
				},
				"2022-12-27": {
					"avg": 38,
					"count": 6,
					"min": 15,
					"max": 82
				},
				"2022-12-28": {
					"avg": 67,
					"count": 2,
					"min": 15,
					"max": 119
				},
				"2022-12-29": {
					"avg": 92,
					"count": 4,
					"min": 20,
					"max": 197
				},
				"2022-12-30": {
					"avg": 35,
					"count": 2,
					"min": 20,
					"max": 50
				},
				"2022-12-31": {
					"avg": 155,
					"count": 8,
					"min": 20,
					"max": 174
				},
				"2023-01-01": {
					"avg": 108,
					"count": 1,
					"min": 108,
					"max": 108
				},
				"2023-01-02": {
					"avg": 160,
					"count": 153,
					"min": 20,
					"max": 519
				},
				"2023-01-03": {
					"avg": 122,
					"count": 10,
					"min": 20,
					"max": 299
				},
				"2023-01-04": {
					"avg": 36,
					"count": 3,
					"min": 25,
					"max": 59
				},
				"2023-01-05": {
					"avg": 49,
					"count": 7,
					"min": 15,
					"max": 118
				},
				"2023-01-06": {
					"avg": 37,
					"count": 5,
					"min": 19,
					"max": 105
				},
				"2023-01-07": {
					"avg": 54,
					"count": 9,
					"min": 10,
					"max": 150
				},
				"2023-01-08": {
					"avg": 246,
					"count": 4,
					"min": 19,
					"max": 568
				},
				"2023-01-09": {
					"avg": 108,
					"count": 2,
					"min": 19,
					"max": 197
				},
				"2023-01-10": {
					"avg": 120,
					"count": 5,
					"min": 20,
					"max": 275
				},
				"2023-01-11": {
					"avg": 120,
					"count": 16,
					"min": 15,
					"max": 475
				},
				"2023-01-12": {
					"avg": 66,
					"count": 8,
					"min": 20,
					"max": 108
				},
				"2023-02-06": {
					"avg": 42,
					"count": 20,
					"min": 24,
					"max": 154
				},
				"2023-02-07": {
					"avg": 91,
					"count": 5,
					"min": 12,
					"max": 199
				},
				"2023-02-08": {
					"avg": 288,
					"count": 2,
					"min": 49,
					"max": 526
				},
				"2023-02-10": {
					"avg": 106,
					"count": 11,
					"min": 4,
					"max": 349
				},
				"2023-02-11": {
					"avg": 103,
					"count": 10,
					"min": 17,
					"max": 209
				},
				"2023-02-12": {
					"avg": 35,
					"count": 10,
					"min": 17,
					"max": 197
				},
				"2023-02-13": {
					"avg": 88,
					"count": 7,
					"min": 19,
					"max": 197
				},
				"2023-02-14": {
					"avg": 416,
					"count": 1,
					"min": 416,
					"max": 416
				},
				"2023-02-15": {
					"avg": 103,
					"count": 12,
					"min": 19,
					"max": 310
				},
				"2023-02-16": {
					"avg": 75,
					"count": 11,
					"min": 25,
					"max": 132
				},
				"2023-02-17": {
					"avg": 249,
					"count": 3,
					"min": 75,
					"max": 519
				},
				"2023-02-18": {
					"avg": 214,
					"count": 5,
					"min": 20,
					"max": 723
				},
				"2023-02-19": {
					"avg": 72,
					"count": 3,
					"min": 13,
					"max": 129
				},
				"2023-02-20": {
					"avg": 123,
					"count": 41,
					"min": 12,
					"max": 197
				},
				"2023-02-21": {
					"avg": 157,
					"count": 2,
					"min": 116,
					"max": 198
				},
				"2023-02-22": {
					"avg": 69,
					"count": 1,
					"min": 69,
					"max": 69
				},
				"2023-02-23": {
					"avg": 144,
					"count": 9,
					"min": 19,
					"max": 274
				},
				"2023-02-24": {
					"avg": 215,
					"count": 5,
					"min": 29,
					"max": 298
				},
				"2023-02-25": {
					"avg": 116,
					"count": 5,
					"min": 116,
					"max": 116
				},
				"2023-02-26": {
					"avg": 511,
					"count": 2,
					"min": 124,
					"max": 897
				},
				"2023-02-27": {
					"avg": 332,
					"count": 2,
					"min": 145,
					"max": 519
				},
				"2023-02-28": {
					"avg": 63,
					"count": 49,
					"min": 15,
					"max": 145
				},
				"2023-03-01": {
					"avg": 33,
					"count": 2,
					"min": 25,
					"max": 40
				},
				"2023-03-02": {
					"avg": 55,
					"count": 5,
					"min": 15,
					"max": 154
				},
				"2023-03-03": {
					"avg": 98,
					"count": 5,
					"min": 27,
					"max": 135
				},
				"2023-03-04": {
					"avg": 8,
					"count": 1,
					"min": 8,
					"max": 8
				},
				"2023-03-05": {
					"avg": 142,
					"count": 6,
					"min": 20,
					"max": 399
				},
				"2023-03-06": {
					"avg": 23,
					"count": 2,
					"min": 19,
					"max": 26
				},
				"2023-03-07": {
					"avg": 204,
					"count": 16,
					"min": 19,
					"max": 1024
				},
				"2023-03-09": {
					"avg": 19,
					"count": 3,
					"min": 19,
					"max": 19
				},
				"2023-03-10": {
					"avg": 47,
					"count": 4,
					"min": 8,
					"max": 149
				},
				"2023-03-11": {
					"avg": 489,
					"count": 5,
					"min": 12,
					"max": 1824
				},
				"2023-03-13": {
					"avg": 129,
					"count": 2,
					"min": 10,
					"max": 248
				},
				"2023-03-14": {
					"avg": 358,
					"count": 6,
					"min": 17,
					"max": 1930
				},
				"2023-03-15": {
					"avg": 110,
					"count": 1,
					"min": 110,
					"max": 110
				},
				"2023-03-16": {
					"avg": 172,
					"count": 6,
					"min": 98,
					"max": 199
				},
				"2023-03-17": {
					"avg": 71,
					"count": 2,
					"min": 17,
					"max": 124
				},
				"2023-03-18": {
					"avg": 53,
					"count": 4,
					"min": 17,
					"max": 150
				},
				"2023-03-19": {
					"avg": 111,
					"count": 3,
					"min": 35,
					"max": 150
				},
				"2023-03-20": {
					"avg": 18,
					"count": 1,
					"min": 18,
					"max": 18
				},
				"2023-03-21": {
					"avg": 18,
					"count": 1,
					"min": 18,
					"max": 18
				},
				"2023-03-22": {
					"avg": 308,
					"count": 9,
					"min": 197,
					"max": 322
				},
				"2023-03-23": {
					"avg": 38,
					"count": 6,
					"min": 6,
					"max": 175
				},
				"2023-03-24": {
					"avg": 43,
					"count": 5,
					"min": 15,
					"max": 79
				},
				"2023-03-25": {
					"avg": 114,
					"count": 4,
					"min": 25,
					"max": 232
				},
				"2023-03-26": {
					"avg": 19,
					"count": 1,
					"min": 19,
					"max": 19
				},
				"2023-03-27": {
					"avg": 95,
					"count": 4,
					"min": 40,
					"max": 113
				},
				"2023-03-28": {
					"avg": 113,
					"count": 5,
					"min": 20,
					"max": 378
				},
				"2023-03-29": {
					"avg": 24,
					"count": 17,
					"min": 19,
					"max": 25
				},
				"2023-03-31": {
					"avg": 190,
					"count": 91,
					"min": 21,
					"max": 649
				},
				"2023-04-01": {
					"avg": 253,
					"count": 7,
					"min": 21,
					"max": 399
				},
				"2023-04-02": {
					"avg": 111,
					"count": 2,
					"min": 25,
					"max": 197
				},
				"2023-04-03": {
					"avg": 163,
					"count": 28,
					"min": 25,
					"max": 349
				},
				"2023-04-04": {
					"avg": 513,
					"count": 2,
					"min": 204,
					"max": 821
				},
				"2023-04-05": {
					"avg": 88,
					"count": 6,
					"min": 21,
					"max": 127
				},
				"2023-04-06": {
					"avg": 365,
					"count": 3,
					"min": 24,
					"max": 554
				},
				"2023-04-07": {
					"avg": 146,
					"count": 8,
					"min": 25,
					"max": 248
				},
				"2023-04-08": {
					"avg": 110,
					"count": 3,
					"min": 15,
					"max": 200
				},
				"2023-04-09": {
					"avg": 126,
					"count": 9,
					"min": 20,
					"max": 164
				},
				"2023-04-10": {
					"avg": 104,
					"count": 1,
					"min": 104,
					"max": 104
				},
				"2023-04-11": {
					"avg": 20,
					"count": 1,
					"min": 20,
					"max": 20
				},
				"2023-04-12": {
					"avg": 149,
					"count": 1,
					"min": 149,
					"max": 149
				},
				"2023-04-13": {
					"avg": 146,
					"count": 6,
					"min": 129,
					"max": 149
				},
				"2023-04-14": {
					"avg": 12,
					"count": 1,
					"min": 12,
					"max": 12
				},
				"2023-04-15": {
					"avg": 133,
					"count": 3,
					"min": 20,
					"max": 226
				},
				"2023-04-16": {
					"avg": 128,
					"count": 1,
					"min": 128,
					"max": 128
				},
				"2023-04-17": {
					"avg": 37,
					"count": 3,
					"min": 9,
					"max": 94
				},
				"2023-04-18": {
					"avg": 181,
					"count": 11,
					"min": 99,
					"max": 250
				},
				"2023-04-19": {
					"avg": 27,
					"count": 5,
					"min": 13,
					"max": 49
				},
				"2023-04-20": {
					"avg": 26,
					"count": 1,
					"min": 26,
					"max": 26
				},
				"2023-04-21": {
					"avg": 26,
					"count": 26,
					"min": 10,
					"max": 149
				},
				"2023-04-22": {
					"avg": 130,
					"count": 17,
					"min": 18,
					"max": 429
				},
				"2023-04-23": {
					"avg": 44,
					"count": 10,
					"min": 23,
					"max": 124
				},
				"2023-04-25": {
					"avg": 113,
					"count": 3,
					"min": 49,
					"max": 148
				},
				"2023-04-26": {
					"avg": 160,
					"count": 1,
					"min": 160,
					"max": 160
				},
				"2023-04-27": {
					"avg": 141,
					"count": 5,
					"min": 111,
					"max": 149
				},
				"2023-04-28": {
					"avg": 283,
					"count": 116,
					"min": 20,
					"max": 528
				},
				"2023-04-29": {
					"avg": 230,
					"count": 4,
					"min": 25,
					"max": 504
				},
				"2023-04-30": {
					"avg": 73,
					"count": 2,
					"min": 18,
					"max": 128
				},
				"2023-05-01": {
					"avg": 102,
					"count": 17,
					"min": 17,
					"max": 258
				},
				"2023-05-02": {
					"avg": 797,
					"count": 33,
					"min": 25,
					"max": 823
				},
				"2023-05-03": {
					"avg": 109,
					"count": 4,
					"min": 25,
					"max": 196
				},
				"2023-05-04": {
					"avg": 70,
					"count": 5,
					"min": 10,
					"max": 149
				},
				"2023-05-05": {
					"avg": 188,
					"count": 1,
					"min": 188,
					"max": 188
				},
				"2023-05-06": {
					"avg": 302,
					"count": 2,
					"min": 20,
					"max": 583
				},
				"2023-05-07": {
					"avg": 57,
					"count": 49,
					"min": 20,
					"max": 161
				},
				"2023-05-08": {
					"avg": 60,
					"count": 2,
					"min": 29,
					"max": 90
				},
				"2023-05-09": {
					"avg": 71,
					"count": 2,
					"min": 17,
					"max": 124
				},
				"2023-05-10": {
					"avg": 165,
					"count": 17,
					"min": 20,
					"max": 248
				},
				"2023-05-11": {
					"avg": 26,
					"count": 1,
					"min": 26,
					"max": 26
				},
				"2023-05-12": {
					"avg": 73,
					"count": 10,
					"min": 20,
					"max": 121
				},
				"2023-05-14": {
					"avg": 103,
					"count": 18,
					"min": 29,
					"max": 648
				},
				"2023-05-15": {
					"avg": 49,
					"count": 4,
					"min": 20,
					"max": 124
				},
				"2023-05-16": {
					"avg": 86,
					"count": 4,
					"min": 25,
					"max": 188
				},
				"2023-05-17": {
					"avg": 107,
					"count": 5,
					"min": 21,
					"max": 346
				},
				"2023-05-18": {
					"avg": 151,
					"count": 3,
					"min": 24,
					"max": 310
				},
				"2023-05-19": {
					"avg": 99,
					"count": 6,
					"min": 25,
					"max": 114
				},
				"2023-05-20": {
					"avg": 101,
					"count": 3,
					"min": 25,
					"max": 250
				},
				"2023-05-21": {
					"avg": 149,
					"count": 1,
					"min": 149,
					"max": 149
				},
				"2023-05-22": {
					"avg": 195,
					"count": 4,
					"min": 188,
					"max": 197
				},
				"2023-05-23": {
					"avg": 295,
					"count": 2,
					"min": 75,
					"max": 515
				},
				"2023-05-24": {
					"avg": 81,
					"count": 12,
					"min": 16,
					"max": 123
				},
				"2023-05-25": {
					"avg": 114,
					"count": 4,
					"min": 16,
					"max": 250
				},
				"2023-05-26": {
					"avg": 99,
					"count": 3,
					"min": 25,
					"max": 175
				},
				"2023-05-27": {
					"avg": 91,
					"count": 18,
					"min": 8,
					"max": 149
				},
				"2023-05-28": {
					"avg": 91,
					"count": 3,
					"min": 20,
					"max": 139
				},
				"2023-05-29": {
					"avg": 28,
					"count": 13,
					"min": 15,
					"max": 149
				},
				"2023-05-30": {
					"avg": 147,
					"count": 2,
					"min": 99,
					"max": 195
				},
				"2023-05-31": {
					"avg": 79,
					"count": 3,
					"min": 21,
					"max": 108
				},
				"2023-06-01": {
					"avg": 53,
					"count": 34,
					"min": 15,
					"max": 425
				},
				"2023-06-02": {
					"avg": 95,
					"count": 6,
					"min": 27,
					"max": 299
				},
				"2023-06-04": {
					"avg": 73,
					"count": 5,
					"min": 35,
					"max": 99
				},
				"2023-06-06": {
					"avg": 198,
					"count": 1,
					"min": 198,
					"max": 198
				},
				"2023-06-07": {
					"avg": 149,
					"count": 2,
					"min": 124,
					"max": 174
				},
				"2023-06-08": {
					"avg": 636,
					"count": 2,
					"min": 514,
					"max": 757
				},
				"2023-06-09": {
					"avg": 149,
					"count": 1,
					"min": 149,
					"max": 149
				},
				"2023-06-10": {
					"avg": 90,
					"count": 3,
					"min": 20,
					"max": 203
				},
				"2023-06-11": {
					"avg": 61,
					"count": 2,
					"min": 20,
					"max": 101
				},
				"2023-06-12": {
					"avg": 75,
					"count": 5,
					"min": 20,
					"max": 111
				},
				"2023-06-13": {
					"avg": 66,
					"count": 3,
					"min": 20,
					"max": 149
				},
				"2023-06-14": {
					"avg": 30,
					"count": 2,
					"min": 20,
					"max": 40
				},
				"2023-06-15": {
					"avg": 250,
					"count": 4,
					"min": 225,
					"max": 290
				},
				"2023-06-16": {
					"avg": 30,
					"count": 3,
					"min": 20,
					"max": 48
				},
				"2023-06-17": {
					"avg": 97,
					"count": 162,
					"min": 19,
					"max": 1625
				},
				"2023-06-18": {
					"avg": 97,
					"count": 36,
					"min": 48,
					"max": 120
				},
				"2023-06-19": {
					"avg": 149,
					"count": 1,
					"min": 149,
					"max": 149
				},
				"2023-06-20": {
					"avg": 69,
					"count": 6,
					"min": 17,
					"max": 180
				},
				"2023-06-21": {
					"avg": 49,
					"count": 1,
					"min": 49,
					"max": 49
				},
				"2023-06-22": {
					"avg": 137,
					"count": 5,
					"min": 18,
					"max": 424
				},
				"2023-06-23": {
					"avg": 31,
					"count": 3,
					"min": 18,
					"max": 58
				},
				"2023-06-24": {
					"avg": 33,
					"count": 2,
					"min": 18,
					"max": 48
				},
				"2023-06-25": {
					"avg": 87,
					"count": 4,
					"min": 17,
					"max": 186
				},
				"2023-06-26": {
					"avg": 94,
					"count": 7,
					"min": 22,
					"max": 108
				},
				"2023-06-27": {
					"avg": 129,
					"count": 9,
					"min": 129,
					"max": 129
				},
				"2023-06-28": {
					"avg": 59,
					"count": 3,
					"min": 36,
					"max": 102
				},
				"2023-06-29": {
					"avg": 102,
					"count": 5,
					"min": 25,
					"max": 196
				},
				"2023-06-30": {
					"avg": 71,
					"count": 4,
					"min": 18,
					"max": 149
				},
				"2023-07-01": {
					"avg": 65,
					"count": 4,
					"min": 19,
					"max": 181
				},
				"2023-07-02": {
					"avg": 73,
					"count": 3,
					"min": 44,
					"max": 124
				},
				"2023-07-03": {
					"avg": 83,
					"count": 8,
					"min": 21,
					"max": 208
				},
				"2023-07-04": {
					"avg": 30,
					"count": 93,
					"min": 20,
					"max": 274
				},
				"2023-07-05": {
					"avg": 79,
					"count": 3,
					"min": 20,
					"max": 169
				},
				"2023-07-06": {
					"avg": 82,
					"count": 3,
					"min": 25,
					"max": 117
				},
				"2023-07-07": {
					"avg": 133,
					"count": 7,
					"min": 25,
					"max": 182
				},
				"2023-07-08": {
					"avg": 121,
					"count": 7,
					"min": 20,
					"max": 149
				},
				"2023-07-09": {
					"avg": 66,
					"count": 4,
					"min": 22,
					"max": 110
				},
				"2023-07-10": {
					"avg": 193,
					"count": 5,
					"min": 47,
					"max": 407
				},
				"2023-07-11": {
					"avg": 46,
					"count": 3,
					"min": 16,
					"max": 98
				},
				"2023-07-12": {
					"avg": 25,
					"count": 2,
					"min": 25,
					"max": 25
				},
				"2023-07-13": {
					"avg": 149,
					"count": 1,
					"min": 149,
					"max": 149
				},
				"2023-07-14": {
					"avg": 120,
					"count": 5,
					"min": 68,
					"max": 181
				},
				"2023-07-15": {
					"avg": 88,
					"count": 4,
					"min": 25,
					"max": 178
				},
				"2023-07-16": {
					"avg": 108,
					"count": 2,
					"min": 19,
					"max": 197
				},
				"2023-07-17": {
					"avg": 47,
					"count": 1,
					"min": 47,
					"max": 47
				},
				"2023-07-18": {
					"avg": 77,
					"count": 8,
					"min": 18,
					"max": 248
				},
				"2023-07-19": {
					"avg": 145,
					"count": 7,
					"min": 22,
					"max": 424
				},
				"2023-07-20": {
					"avg": 122,
					"count": 5,
					"min": 10,
					"max": 337
				},
				"2023-07-21": {
					"avg": 77,
					"count": 3,
					"min": 15,
					"max": 116
				},
				"2023-07-22": {
					"avg": 119,
					"count": 7,
					"min": 17,
					"max": 149
				},
				"2023-07-23": {
					"avg": 275,
					"count": 2,
					"min": 251,
					"max": 299
				},
				"2023-07-24": {
					"avg": 20,
					"count": 2,
					"min": 19,
					"max": 20
				},
				"2023-07-25": {
					"avg": 93,
					"count": 15,
					"min": 6,
					"max": 407
				},
				"2023-07-26": {
					"avg": 89,
					"count": 99,
					"min": 10,
					"max": 212
				},
				"2023-07-27": {
					"avg": 27,
					"count": 3,
					"min": 27,
					"max": 27
				},
				"2023-07-28": {
					"avg": 319,
					"count": 3,
					"min": 110,
					"max": 424
				},
				"2023-07-29": {
					"avg": 169,
					"count": 117,
					"min": 19,
					"max": 820
				},
				"2023-07-30": {
					"avg": 630,
					"count": 5,
					"min": 20,
					"max": 1032
				},
				"2023-07-31": {
					"avg": 228,
					"count": 4,
					"min": 20,
					"max": 820
				},
				"2023-08-01": {
					"avg": 133,
					"count": 5,
					"min": 56,
					"max": 159
				},
				"2023-08-02": {
					"avg": 75,
					"count": 5,
					"min": 20,
					"max": 135
				},
				"2023-08-03": {
					"avg": 117,
					"count": 2,
					"min": 113,
					"max": 120
				},
				"2023-08-04": {
					"avg": 203,
					"count": 4,
					"min": 68,
					"max": 500
				},
				"2023-08-06": {
					"avg": 86,
					"count": 7,
					"min": 20,
					"max": 299
				},
				"2023-08-07": {
					"avg": 169,
					"count": 28,
					"min": 20,
					"max": 421
				},
				"2023-08-08": {
					"avg": 128,
					"count": 5,
					"min": 20,
					"max": 175
				},
				"2023-08-09": {
					"avg": 34,
					"count": 7,
					"min": 17,
					"max": 134
				},
				"2023-08-10": {
					"avg": 66,
					"count": 19,
					"min": 20,
					"max": 197
				},
				"2023-08-11": {
					"avg": 143,
					"count": 4,
					"min": 15,
					"max": 270
				},
				"2023-08-12": {
					"avg": 127,
					"count": 7,
					"min": 110,
					"max": 195
				},
				"2023-08-14": {
					"avg": 103,
					"count": 6,
					"min": 12,
					"max": 169
				},
				"2023-08-15": {
					"avg": 71,
					"count": 2,
					"min": 34,
					"max": 107
				},
				"2023-08-16": {
					"avg": 189,
					"count": 6,
					"min": 22,
					"max": 530
				},
				"2023-08-17": {
					"avg": 156,
					"count": 13,
					"min": 27,
					"max": 473
				},
				"2023-08-18": {
					"avg": 276,
					"count": 2,
					"min": 156,
					"max": 395
				},
				"2023-08-19": {
					"avg": 48,
					"count": 5,
					"min": 15,
					"max": 67
				},
				"2023-08-20": {
					"avg": 66,
					"count": 6,
					"min": 27,
					"max": 114
				},
				"2023-08-21": {
					"avg": 221,
					"count": 3,
					"min": 19,
					"max": 549
				},
				"2023-08-23": {
					"avg": 750,
					"count": 3,
					"min": 27,
					"max": 2195
				},
				"2023-08-24": {
					"avg": 339,
					"count": 6,
					"min": 29,
					"max": 549
				},
				"2023-08-25": {
					"avg": 185,
					"count": 12,
					"min": 56,
					"max": 575
				},
				"2023-08-27": {
					"avg": 53,
					"count": 4,
					"min": 10,
					"max": 118
				},
				"2023-08-28": {
					"avg": 22,
					"count": 3,
					"min": 8,
					"max": 29
				},
				"2023-08-29": {
					"avg": 172,
					"count": 2,
					"min": 146,
					"max": 198
				},
				"2023-08-30": {
					"avg": 107,
					"count": 4,
					"min": 99,
					"max": 110
				},
				"2023-08-31": {
					"avg": 212,
					"count": 2,
					"min": 29,
					"max": 395
				},
				"2023-09-01": {
					"avg": 23,
					"count": 2,
					"min": 10,
					"max": 36
				},
				"2023-09-02": {
					"avg": 272,
					"count": 2,
					"min": 29,
					"max": 514
				},
				"2023-09-03": {
					"avg": 195,
					"count": 25,
					"min": 15,
					"max": 215
				},
				"2023-09-04": {
					"avg": 77,
					"count": 3,
					"min": 10,
					"max": 205
				},
				"2023-09-05": {
					"avg": 102,
					"count": 4,
					"min": 29,
					"max": 229
				},
				"2023-09-06": {
					"avg": 57,
					"count": 3,
					"min": 10,
					"max": 129
				},
				"2023-09-07": {
					"avg": 270,
					"count": 2,
					"min": 116,
					"max": 424
				},
				"2023-09-08": {
					"avg": 35,
					"count": 3,
					"min": 15,
					"max": 75
				},
				"2023-09-09": {
					"avg": 93,
					"count": 2,
					"min": 47,
					"max": 139
				},
				"2023-09-10": {
					"avg": 347,
					"count": 4,
					"min": 114,
					"max": 1045
				},
				"2023-09-11": {
					"avg": 66,
					"count": 4,
					"min": 37,
					"max": 110
				},
				"2023-09-12": {
					"avg": 69,
					"count": 9,
					"min": 18,
					"max": 229
				},
				"2023-09-13": {
					"avg": 81,
					"count": 4,
					"min": 10,
					"max": 195
				},
				"2023-09-14": {
					"avg": 99,
					"count": 3,
					"min": 50,
					"max": 124
				},
				"2023-09-15": {
					"avg": 64,
					"count": 8,
					"min": 30,
					"max": 106
				},
				"2023-09-16": {
					"avg": 513,
					"count": 69,
					"min": 509,
					"max": 551
				},
				"2023-09-17": {
					"avg": 279,
					"count": 6,
					"min": 30,
					"max": 1195
				},
				"2023-09-18": {
					"avg": 140,
					"count": 3,
					"min": 30,
					"max": 283
				},
				"2023-09-19": {
					"avg": 129,
					"count": 14,
					"min": 11,
					"max": 197
				},
				"2023-09-20": {
					"avg": 60,
					"count": 3,
					"min": 18,
					"max": 137
				},
				"2023-09-21": {
					"avg": 87,
					"count": 2,
					"min": 50,
					"max": 124
				},
				"2023-09-22": {
					"avg": 70,
					"count": 1,
					"min": 70,
					"max": 70
				},
				"2023-09-23": {
					"avg": 109,
					"count": 14,
					"min": 25,
					"max": 1195
				},
				"2023-09-24": {
					"avg": 91,
					"count": 5,
					"min": 18,
					"max": 196
				},
				"2023-09-25": {
					"avg": 90,
					"count": 13,
					"min": 20,
					"max": 119
				},
				"2023-09-26": {
					"avg": 116,
					"count": 6,
					"min": 15,
					"max": 197
				},
				"2023-09-27": {
					"avg": 128,
					"count": 3,
					"min": 32,
					"max": 229
				},
				"2023-09-28": {
					"avg": 107,
					"count": 2,
					"min": 89,
					"max": 125
				},
				"2023-09-29": {
					"avg": 128,
					"count": 9,
					"min": 104,
					"max": 225
				},
				"2023-09-30": {
					"avg": 86,
					"count": 15,
					"min": 10,
					"max": 197
				},
				"2023-10-01": {
					"avg": 25,
					"count": 3,
					"min": 10,
					"max": 32
				},
				"2023-10-02": {
					"avg": 359,
					"count": 2,
					"min": 120,
					"max": 598
				},
				"2023-10-03": {
					"avg": 117,
					"count": 4,
					"min": 111,
					"max": 123
				},
				"2023-10-04": {
					"avg": 161,
					"count": 6,
					"min": 65,
					"max": 317
				},
				"2023-10-05": {
					"avg": 62,
					"count": 18,
					"min": 22,
					"max": 73
				},
				"2023-10-06": {
					"avg": 116,
					"count": 6,
					"min": 10,
					"max": 231
				},
				"2023-10-08": {
					"avg": 54,
					"count": 7,
					"min": 25,
					"max": 131
				},
				"2023-10-09": {
					"avg": 201,
					"count": 19,
					"min": 9,
					"max": 462
				},
				"2023-10-10": {
					"avg": 146,
					"count": 4,
					"min": 100,
					"max": 188
				},
				"2023-10-11": {
					"avg": 781,
					"count": 3,
					"min": 148,
					"max": 2048
				},
				"2023-10-12": {
					"avg": 237,
					"count": 7,
					"min": 32,
					"max": 519
				},
				"2023-10-13": {
					"avg": 141,
					"count": 19,
					"min": 22,
					"max": 423
				},
				"2023-10-14": {
					"avg": 122,
					"count": 1,
					"min": 122,
					"max": 122
				},
				"2023-10-15": {
					"avg": 80,
					"count": 1,
					"min": 80,
					"max": 80
				},
				"2023-10-16": {
					"avg": 192,
					"count": 7,
					"min": 21,
					"max": 270
				},
				"2023-10-17": {
					"avg": 40,
					"count": 5,
					"min": 20,
					"max": 119
				},
				"2023-10-18": {
					"avg": 190,
					"count": 9,
					"min": 82,
					"max": 311
				},
				"2023-10-19": {
					"avg": 37,
					"count": 25,
					"min": 15,
					"max": 119
				},
				"2023-10-20": {
					"avg": 143,
					"count": 28,
					"min": 49,
					"max": 177
				},
				"2023-10-21": {
					"avg": 68,
					"count": 1,
					"min": 68,
					"max": 68
				},
				"2023-10-22": {
					"avg": 86,
					"count": 1,
					"min": 86,
					"max": 86
				},
				"2023-10-23": {
					"avg": 184,
					"count": 4,
					"min": 15,
					"max": 408
				},
				"2023-10-24": {
					"avg": 111,
					"count": 1,
					"min": 111,
					"max": 111
				},
				"2023-10-25": {
					"avg": 10,
					"count": 7,
					"min": 10,
					"max": 10
				},
				"2023-10-26": {
					"avg": 23,
					"count": 3,
					"min": 16,
					"max": 38
				},
				"2023-10-27": {
					"avg": 99,
					"count": 1,
					"min": 99,
					"max": 99
				},
				"2023-10-28": {
					"avg": 116,
					"count": 32,
					"min": 110,
					"max": 165
				},
				"2023-10-29": {
					"avg": 245,
					"count": 5,
					"min": 32,
					"max": 465
				},
				"2023-10-30": {
					"avg": 157,
					"count": 4,
					"min": 15,
					"max": 328
				},
				"2023-10-31": {
					"avg": 138,
					"count": 26,
					"min": 49,
					"max": 199
				},
				"2023-11-01": {
					"avg": 203,
					"count": 9,
					"min": 110,
					"max": 598
				},
				"2023-11-02": {
					"avg": 32,
					"count": 1,
					"min": 32,
					"max": 32
				},
				"2023-11-03": {
					"avg": 89,
					"count": 4,
					"min": 32,
					"max": 248
				},
				"2023-11-04": {
					"avg": 76,
					"count": 4,
					"min": 46,
					"max": 149
				},
				"2023-11-05": {
					"avg": 168,
					"count": 6,
					"min": 110,
					"max": 454
				},
				"2023-11-06": {
					"avg": 192,
					"count": 4,
					"min": 118,
					"max": 302
				},
				"2023-11-07": {
					"avg": 192,
					"count": 2,
					"min": 188,
					"max": 197
				},
				"2023-11-08": {
					"avg": 209,
					"count": 2,
					"min": 197,
					"max": 221
				},
				"2023-11-09": {
					"avg": 64,
					"count": 2,
					"min": 32,
					"max": 95
				},
				"2023-11-10": {
					"avg": 23,
					"count": 60,
					"min": 18,
					"max": 99
				},
				"2023-11-11": {
					"avg": 74,
					"count": 3,
					"min": 20,
					"max": 110
				},
				"2023-11-12": {
					"avg": 195,
					"count": 1,
					"min": 195,
					"max": 195
				},
				"2023-11-13": {
					"avg": 129,
					"count": 1,
					"min": 129,
					"max": 129
				},
				"2023-11-14": {
					"avg": 240,
					"count": 28,
					"min": 116,
					"max": 1149
				},
				"2023-11-15": {
					"avg": 131,
					"count": 28,
					"min": 18,
					"max": 144
				},
				"2023-11-17": {
					"avg": 198,
					"count": 5,
					"min": 48,
					"max": 354
				},
				"2023-11-18": {
					"avg": 404,
					"count": 4,
					"min": 114,
					"max": 500
				},
				"2023-11-19": {
					"avg": 92,
					"count": 4,
					"min": 29,
					"max": 129
				},
				"2023-11-20": {
					"avg": 92,
					"count": 7,
					"min": 20,
					"max": 129
				},
				"2023-11-21": {
					"avg": 111,
					"count": 6,
					"min": 104,
					"max": 119
				},
				"2023-11-22": {
					"avg": 139,
					"count": 26,
					"min": 34,
					"max": 144
				},
				"2023-11-23": {
					"avg": 263,
					"count": 95,
					"min": 100,
					"max": 671
				},
				"2023-11-24": {
					"avg": 141,
					"count": 44,
					"min": 15,
					"max": 415
				},
				"2023-11-26": {
					"avg": 73,
					"count": 7,
					"min": 25,
					"max": 110
				},
				"2023-11-27": {
					"avg": 133,
					"count": 10,
					"min": 15,
					"max": 209
				},
				"2024-05-15": {
					"avg": 34,
					"count": 1,
					"min": 34,
					"max": 34
				},
				"2024-05-16": {
					"avg": 165,
					"count": 5,
					"min": 12,
					"max": 221
				},
				"2024-05-17": {
					"avg": 102,
					"count": 192,
					"min": 11,
					"max": 513
				},
				"2024-05-18": {
					"avg": 207,
					"count": 41,
					"min": 78,
					"max": 566
				},
				"2024-05-19": {
					"avg": 96,
					"count": 3,
					"min": 49,
					"max": 121
				},
				"2024-05-20": {
					"avg": 189,
					"count": 83,
					"min": 24,
					"max": 229
				},
				"2024-05-21": {
					"avg": 129,
					"count": 6,
					"min": 24,
					"max": 334
				},
				"2024-05-22": {
					"avg": 131,
					"count": 3,
					"min": 131,
					"max": 131
				},
				"2024-05-23": {
					"avg": 125,
					"count": 25,
					"min": 71,
					"max": 284
				},
				"2024-05-24": {
					"avg": 32,
					"count": 38,
					"min": 29,
					"max": 50
				},
				"2024-05-25": {
					"avg": 157,
					"count": 3,
					"min": 25,
					"max": 247
				},
				"2024-05-26": {
					"avg": 25,
					"count": 1,
					"min": 25,
					"max": 25
				},
				"2024-05-27": {
					"avg": 162,
					"count": 3,
					"min": 121,
					"max": 199
				},
				"2024-05-28": {
					"avg": 169,
					"count": 1,
					"min": 169,
					"max": 169
				},
				"2024-05-29": {
					"avg": 394,
					"count": 1,
					"min": 394,
					"max": 394
				},
				"2024-05-31": {
					"avg": 120,
					"count": 5,
					"min": 33,
					"max": 153
				},
				"2024-06-01": {
					"avg": 149,
					"count": 2,
					"min": 147,
					"max": 150
				},
				"2024-06-02": {
					"avg": 129,
					"count": 1,
					"min": 129,
					"max": 129
				},
				"2024-06-03": {
					"avg": 306,
					"count": 4,
					"min": 219,
					"max": 566
				},
				"2024-06-04": {
					"avg": 21,
					"count": 1,
					"min": 21,
					"max": 21
				},
				"2024-06-05": {
					"avg": 82,
					"count": 2,
					"min": 74,
					"max": 90
				},
				"2024-06-07": {
					"avg": 188,
					"count": 28,
					"min": 10,
					"max": 289
				},
				"2024-06-08": {
					"avg": 55,
					"count": 2,
					"min": 10,
					"max": 100
				},
				"2024-06-09": {
					"avg": 25,
					"count": 1,
					"min": 25,
					"max": 25
				},
				"2024-06-10": {
					"avg": 81,
					"count": 3,
					"min": 27,
					"max": 142
				},
				"2024-06-11": {
					"avg": 50,
					"count": 1,
					"min": 50,
					"max": 50
				},
				"2024-06-13": {
					"avg": 162,
					"count": 2,
					"min": 99,
					"max": 225
				},
				"2024-06-14": {
					"avg": 202,
					"count": 1,
					"min": 202,
					"max": 202
				},
				"2024-06-16": {
					"avg": 157,
					"count": 4,
					"min": 112,
					"max": 172
				},
				"2024-06-17": {
					"avg": 127,
					"count": 1,
					"min": 127,
					"max": 127
				},
				"2024-06-18": {
					"avg": 159,
					"count": 1,
					"min": 159,
					"max": 159
				},
				"2024-06-19": {
					"avg": 76,
					"count": 13,
					"min": 22,
					"max": 464
				},
				"2024-06-20": {
					"avg": 12,
					"count": 2,
					"min": 12,
					"max": 12
				},
				"2024-06-23": {
					"avg": 260,
					"count": 8,
					"min": 24,
					"max": 1549
				},
				"2024-06-24": {
					"avg": 106,
					"count": 8,
					"min": 106,
					"max": 106
				},
				"2024-06-25": {
					"avg": 149,
					"count": 1,
					"min": 149,
					"max": 149
				},
				"2024-06-26": {
					"avg": 144,
					"count": 2,
					"min": 144,
					"max": 144
				},
				"2024-06-27": {
					"avg": 551,
					"count": 1,
					"min": 551,
					"max": 551
				},
				"2024-06-30": {
					"avg": 177,
					"count": 1,
					"min": 177,
					"max": 177
				},
				"2024-07-02": {
					"avg": 30,
					"count": 2,
					"min": 26,
					"max": 33
				},
				"2024-07-03": {
					"avg": 126,
					"count": 5,
					"min": 20,
					"max": 209
				},
				"2024-07-04": {
					"avg": 12,
					"count": 1,
					"min": 12,
					"max": 12
				},
				"2024-07-05": {
					"avg": 271,
					"count": 2,
					"min": 135,
					"max": 406
				},
				"2024-07-06": {
					"avg": 352,
					"count": 3,
					"min": 187,
					"max": 669
				},
				"2024-07-07": {
					"avg": 32,
					"count": 1,
					"min": 32,
					"max": 32
				},
				"2024-07-08": {
					"avg": 147,
					"count": 3,
					"min": 147,
					"max": 147
				},
				"2024-07-09": {
					"avg": 87,
					"count": 1,
					"min": 87,
					"max": 87
				},
				"2024-07-10": {
					"avg": 32,
					"count": 1,
					"min": 32,
					"max": 32
				},
				"2024-07-11": {
					"avg": 106,
					"count": 4,
					"min": 106,
					"max": 106
				},
				"2024-07-12": {
					"avg": 25,
					"count": 1,
					"min": 25,
					"max": 25
				},
				"2024-07-13": {
					"avg": 931,
					"count": 1,
					"min": 931,
					"max": 931
				},
				"2024-07-14": {
					"avg": 76,
					"count": 2,
					"min": 29,
					"max": 123
				},
				"2024-07-15": {
					"avg": 45,
					"count": 1,
					"min": 45,
					"max": 45
				},
				"2024-07-16": {
					"avg": 694,
					"count": 1,
					"min": 694,
					"max": 694
				},
				"2024-07-18": {
					"avg": 53,
					"count": 3,
					"min": 15,
					"max": 128
				},
				"2024-07-19": {
					"avg": 24,
					"count": 5,
					"min": 24,
					"max": 24
				},
				"2024-07-20": {
					"avg": 135,
					"count": 10,
					"min": 75,
					"max": 293
				},
				"2024-07-21": {
					"avg": 174,
					"count": 1,
					"min": 174,
					"max": 174
				},
				"2024-07-22": {
					"avg": 93,
					"count": 3,
					"min": 29,
					"max": 125
				},
				"2024-07-23": {
					"avg": 110,
					"count": 1,
					"min": 110,
					"max": 110
				},
				"2024-07-25": {
					"avg": 140,
					"count": 2,
					"min": 132,
					"max": 148
				},
				"2024-07-26": {
					"avg": 80,
					"count": 2,
					"min": 25,
					"max": 134
				},
				"2024-07-27": {
					"avg": 109,
					"count": 4,
					"min": 25,
					"max": 155
				},
				"2024-07-28": {
					"avg": 145,
					"count": 5,
					"min": 143,
					"max": 148
				},
				"2024-07-30": {
					"avg": 57,
					"count": 2,
					"min": 33,
					"max": 80
				},
				"2024-08-01": {
					"avg": 567,
					"count": 3,
					"min": 220,
					"max": 1037
				},
				"2024-08-02": {
					"avg": 33,
					"count": 94,
					"min": 29,
					"max": 154
				},
				"2024-08-03": {
					"avg": 114,
					"count": 2,
					"min": 106,
					"max": 122
				},
				"2024-08-04": {
					"avg": 41,
					"count": 4,
					"min": 18,
					"max": 109
				},
				"2024-08-05": {
					"avg": 111,
					"count": 3,
					"min": 26,
					"max": 214
				},
				"2024-08-09": {
					"avg": 91,
					"count": 2,
					"min": 90,
					"max": 92
				},
				"2024-08-10": {
					"avg": 64,
					"count": 6,
					"min": 21,
					"max": 242
				},
				"2024-08-11": {
					"avg": 74,
					"count": 3,
					"min": 29,
					"max": 142
				},
				"2024-08-12": {
					"avg": 66,
					"count": 2,
					"min": 32,
					"max": 99
				},
				"2024-08-13": {
					"avg": 32,
					"count": 1,
					"min": 32,
					"max": 32
				},
				"2024-08-15": {
					"avg": 99,
					"count": 1,
					"min": 99,
					"max": 99
				},
				"2024-08-17": {
					"avg": 117,
					"count": 6,
					"min": 25,
					"max": 303
				},
				"2024-08-19": {
					"avg": 34,
					"count": 2,
					"min": 25,
					"max": 43
				},
				"2024-08-20": {
					"avg": 187,
					"count": 5,
					"min": 90,
					"max": 500
				},
				"2024-08-21": {
					"avg": 62,
					"count": 2,
					"min": 33,
					"max": 90
				},
				"2024-08-23": {
					"avg": 52,
					"count": 6,
					"min": 14,
					"max": 90
				},
				"2024-08-24": {
					"avg": 136,
					"count": 9,
					"min": 99,
					"max": 176
				},
				"2024-08-27": {
					"avg": 112,
					"count": 1,
					"min": 112,
					"max": 112
				},
				"2024-08-28": {
					"avg": 86,
					"count": 1,
					"min": 86,
					"max": 86
				},
				"2024-08-29": {
					"avg": 134,
					"count": 1,
					"min": 134,
					"max": 134
				},
				"2024-08-30": {
					"avg": 677,
					"count": 2,
					"min": 308,
					"max": 1045
				},
				"2024-08-31": {
					"avg": 130,
					"count": 4,
					"min": 86,
					"max": 218
				},
				"2024-09-01": {
					"avg": 197,
					"count": 4,
					"min": 25,
					"max": 544
				},
				"2024-09-03": {
					"avg": 176,
					"count": 3,
					"min": 133,
					"max": 223
				},
				"2024-09-04": {
					"avg": 40,
					"count": 5,
					"min": 13,
					"max": 134
				},
				"2024-09-06": {
					"avg": 14,
					"count": 4,
					"min": 12,
					"max": 18
				},
				"2024-09-07": {
					"avg": 969,
					"count": 1,
					"min": 969,
					"max": 969
				},
				"2024-09-08": {
					"avg": 1019,
					"count": 1,
					"min": 1019,
					"max": 1019
				},
				"2024-09-09": {
					"avg": 184,
					"count": 2,
					"min": 147,
					"max": 220
				},
				"2024-09-10": {
					"avg": 142,
					"count": 1,
					"min": 142,
					"max": 142
				},
				"2024-09-11": {
					"avg": 88,
					"count": 5,
					"min": 85,
					"max": 99
				},
				"2024-09-12": {
					"avg": 101,
					"count": 2,
					"min": 11,
					"max": 191
				},
				"2024-09-13": {
					"avg": 19,
					"count": 1,
					"min": 19,
					"max": 19
				},
				"2024-09-14": {
					"avg": 91,
					"count": 3,
					"min": 40,
					"max": 147
				},
				"2024-09-15": {
					"avg": 95,
					"count": 7,
					"min": 15,
					"max": 115
				},
				"2024-09-16": {
					"avg": 289,
					"count": 2,
					"min": 134,
					"max": 444
				},
				"2024-09-17": {
					"avg": 99,
					"count": 6,
					"min": 19,
					"max": 249
				},
				"2024-09-18": {
					"avg": 247,
					"count": 5,
					"min": 87,
					"max": 287
				},
				"2024-09-19": {
					"avg": 157,
					"count": 1,
					"min": 157,
					"max": 157
				},
				"2024-09-20": {
					"avg": 91,
					"count": 5,
					"min": 23,
					"max": 207
				},
				"2024-09-21": {
					"avg": 104,
					"count": 2,
					"min": 90,
					"max": 118
				},
				"2024-09-22": {
					"avg": 80,
					"count": 1,
					"min": 80,
					"max": 80
				},
				"2024-09-23": {
					"avg": 74,
					"count": 2,
					"min": 23,
					"max": 125
				}
			},
			"avg": 148,
			"avg7": 138,
			"avg28": 138
		},
		"normal-nearmint": {
			"history": {
				"2024-05-27": {
					"avg": 199,
					"count": 2,
					"min": 176,
					"max": 221
				},
				"2024-05-30": {
					"avg": 100,
					"count": 1,
					"min": 100,
					"max": 100
				},
				"2024-05-31": {
					"avg": 151,
					"count": 3,
					"min": 134,
					"max": 169
				},
				"2024-06-01": {
					"avg": 223,
					"count": 1,
					"min": 223,
					"max": 223
				},
				"2024-06-02": {
					"avg": 106,
					"count": 2,
					"min": 12,
					"max": 199
				},
				"2024-06-03": {
					"avg": 30,
					"count": 1,
					"min": 30,
					"max": 30
				},
				"2024-06-05": {
					"avg": 173,
					"count": 1,
					"min": 173,
					"max": 173
				},
				"2024-06-07": {
					"avg": 181,
					"count": 1,
					"min": 181,
					"max": 181
				},
				"2024-06-08": {
					"avg": 181,
					"count": 3,
					"min": 169,
					"max": 199
				},
				"2024-06-09": {
					"avg": 249,
					"count": 1,
					"min": 249,
					"max": 249
				},
				"2024-06-11": {
					"avg": 201,
					"count": 5,
					"min": 20,
					"max": 347
				},
				"2024-06-12": {
					"avg": 106,
					"count": 8,
					"min": 35,
					"max": 382
				},
				"2024-06-13": {
					"avg": 135,
					"count": 1,
					"min": 135,
					"max": 135
				},
				"2024-06-15": {
					"avg": 175,
					"count": 2,
					"min": 150,
					"max": 199
				},
				"2024-06-16": {
					"avg": 110,
					"count": 2,
					"min": 49,
					"max": 170
				},
				"2024-06-17": {
					"avg": 95,
					"count": 3,
					"min": 38,
					"max": 147
				},
				"2024-06-18": {
					"avg": 269,
					"count": 3,
					"min": 135,
					"max": 398
				},
				"2024-06-19": {
					"avg": 193,
					"count": 5,
					"min": 135,
					"max": 389
				},
				"2024-06-20": {
					"avg": 254,
					"count": 3,
					"min": 100,
					"max": 535
				},
				"2024-06-21": {
					"avg": 43,
					"count": 2,
					"min": 35,
					"max": 50
				},
				"2024-06-23": {
					"avg": 147,
					"count": 3,
					"min": 142,
					"max": 150
				},
				"2024-06-25": {
					"avg": 399,
					"count": 2,
					"min": 397,
					"max": 400
				},
				"2024-06-26": {
					"avg": 247,
					"count": 1,
					"min": 247,
					"max": 247
				},
				"2024-06-27": {
					"avg": 159,
					"count": 4,
					"min": 124,
					"max": 170
				},
				"2024-06-28": {
					"avg": 356,
					"count": 2,
					"min": 262,
					"max": 449
				},
				"2024-06-29": {
					"avg": 157,
					"count": 1,
					"min": 157,
					"max": 157
				},
				"2024-06-30": {
					"avg": 179,
					"count": 4,
					"min": 50,
					"max": 222
				},
				"2024-07-01": {
					"avg": 377,
					"count": 3,
					"min": 139,
					"max": 548
				},
				"2024-07-02": {
					"avg": 449,
					"count": 1,
					"min": 449,
					"max": 449
				},
				"2024-07-03": {
					"avg": 247,
					"count": 6,
					"min": 35,
					"max": 289
				},
				"2024-07-05": {
					"avg": 512,
					"count": 6,
					"min": 512,
					"max": 512
				},
				"2024-07-06": {
					"avg": 158,
					"count": 3,
					"min": 10,
					"max": 449
				},
				"2024-07-07": {
					"avg": 69,
					"count": 2,
					"min": 25,
					"max": 112
				},
				"2024-07-08": {
					"avg": 113,
					"count": 2,
					"min": 92,
					"max": 134
				},
				"2024-07-09": {
					"avg": 91,
					"count": 2,
					"min": 47,
					"max": 135
				},
				"2024-07-10": {
					"avg": 37,
					"count": 1,
					"min": 37,
					"max": 37
				},
				"2024-07-11": {
					"avg": 200,
					"count": 4,
					"min": 25,
					"max": 514
				},
				"2024-07-13": {
					"avg": 173,
					"count": 1,
					"min": 173,
					"max": 173
				},
				"2024-07-14": {
					"avg": 326,
					"count": 1,
					"min": 326,
					"max": 326
				},
				"2024-07-15": {
					"avg": 111,
					"count": 3,
					"min": 56,
					"max": 147
				},
				"2024-07-16": {
					"avg": 35,
					"count": 1,
					"min": 35,
					"max": 35
				},
				"2024-07-17": {
					"avg": 192,
					"count": 1,
					"min": 192,
					"max": 192
				},
				"2024-07-18": {
					"avg": 166,
					"count": 4,
					"min": 27,
					"max": 212
				},
				"2024-07-19": {
					"avg": 191,
					"count": 3,
					"min": 49,
					"max": 299
				},
				"2024-07-20": {
					"avg": 119,
					"count": 4,
					"min": 36,
					"max": 227
				},
				"2024-07-21": {
					"avg": 106,
					"count": 2,
					"min": 47,
					"max": 164
				},
				"2024-07-22": {
					"avg": 201,
					"count": 3,
					"min": 49,
					"max": 328
				},
				"2024-07-23": {
					"avg": 119,
					"count": 1,
					"min": 119,
					"max": 119
				},
				"2024-07-24": {
					"avg": 158,
					"count": 59,
					"min": 148,
					"max": 343
				},
				"2024-07-25": {
					"avg": 151,
					"count": 2,
					"min": 25,
					"max": 277
				},
				"2024-07-26": {
					"avg": 149,
					"count": 11,
					"min": 147,
					"max": 174
				},
				"2024-07-27": {
					"avg": 165,
					"count": 8,
					"min": 100,
					"max": 212
				},
				"2024-07-29": {
					"avg": 187,
					"count": 2,
					"min": 147,
					"max": 227
				},
				"2024-07-30": {
					"avg": 545,
					"count": 2,
					"min": 45,
					"max": 1044
				},
				"2024-07-31": {
					"avg": 98,
					"count": 3,
					"min": 25,
					"max": 225
				},
				"2024-08-02": {
					"avg": 230,
					"count": 1,
					"min": 230,
					"max": 230
				},
				"2024-08-03": {
					"avg": 47,
					"count": 1,
					"min": 47,
					"max": 47
				},
				"2024-08-04": {
					"avg": 39,
					"count": 2,
					"min": 32,
					"max": 46
				},
				"2024-08-06": {
					"avg": 183,
					"count": 6,
					"min": 47,
					"max": 230
				},
				"2024-08-07": {
					"avg": 143,
					"count": 3,
					"min": 63,
					"max": 198
				},
				"2024-08-08": {
					"avg": 163,
					"count": 7,
					"min": 150,
					"max": 197
				},
				"2024-08-09": {
					"avg": 36,
					"count": 2,
					"min": 36,
					"max": 36
				},
				"2024-08-10": {
					"avg": 307,
					"count": 4,
					"min": 44,
					"max": 846
				},
				"2024-08-11": {
					"avg": 197,
					"count": 4,
					"min": 34,
					"max": 279
				},
				"2024-08-12": {
					"avg": 47,
					"count": 1,
					"min": 47,
					"max": 47
				},
				"2024-08-13": {
					"avg": 124,
					"count": 1,
					"min": 124,
					"max": 124
				},
				"2024-08-14": {
					"avg": 470,
					"count": 2,
					"min": 45,
					"max": 894
				},
				"2024-08-15": {
					"avg": 165,
					"count": 4,
					"min": 147,
					"max": 171
				},
				"2024-08-16": {
					"avg": 167,
					"count": 2,
					"min": 34,
					"max": 299
				},
				"2024-08-17": {
					"avg": 171,
					"count": 1,
					"min": 171,
					"max": 171
				},
				"2024-08-18": {
					"avg": 34,
					"count": 1,
					"min": 34,
					"max": 34
				},
				"2024-08-19": {
					"avg": 120,
					"count": 3,
					"min": 36,
					"max": 161
				},
				"2024-08-20": {
					"avg": 171,
					"count": 1,
					"min": 171,
					"max": 171
				},
				"2024-08-21": {
					"avg": 160,
					"count": 5,
					"min": 150,
					"max": 197
				},
				"2024-08-24": {
					"avg": 127,
					"count": 39,
					"min": 31,
					"max": 148
				},
				"2024-08-25": {
					"avg": 195,
					"count": 4,
					"min": 171,
					"max": 267
				},
				"2024-08-26": {
					"avg": 994,
					"count": 1,
					"min": 994,
					"max": 994
				},
				"2024-08-27": {
					"avg": 535,
					"count": 1,
					"min": 535,
					"max": 535
				},
				"2024-08-28": {
					"avg": 175,
					"count": 1,
					"min": 175,
					"max": 175
				},
				"2024-08-29": {
					"avg": 150,
					"count": 1,
					"min": 150,
					"max": 150
				},
				"2024-08-30": {
					"avg": 169,
					"count": 2,
					"min": 39,
					"max": 299
				},
				"2024-08-31": {
					"avg": 38,
					"count": 2,
					"min": 31,
					"max": 45
				},
				"2024-09-04": {
					"avg": 47,
					"count": 1,
					"min": 47,
					"max": 47
				},
				"2024-09-05": {
					"avg": 230,
					"count": 4,
					"min": 171,
					"max": 362
				},
				"2024-09-06": {
					"avg": 48,
					"count": 3,
					"min": 48,
					"max": 48
				},
				"2024-09-07": {
					"avg": 397,
					"count": 4,
					"min": 41,
					"max": 1099
				},
				"2024-09-08": {
					"avg": 174,
					"count": 1,
					"min": 174,
					"max": 174
				},
				"2024-09-09": {
					"avg": 178,
					"count": 2,
					"min": 25,
					"max": 330
				},
				"2024-09-10": {
					"avg": 91,
					"count": 2,
					"min": 33,
					"max": 149
				},
				"2024-09-11": {
					"avg": 150,
					"count": 2,
					"min": 149,
					"max": 150
				},
				"2024-09-12": {
					"avg": 45,
					"count": 1,
					"min": 45,
					"max": 45
				},
				"2024-09-14": {
					"avg": 40,
					"count": 1,
					"min": 40,
					"max": 40
				},
				"2024-09-15": {
					"avg": 2029,
					"count": 1,
					"min": 2029,
					"max": 2029
				},
				"2024-09-16": {
					"avg": 155,
					"count": 1,
					"min": 155,
					"max": 155
				},
				"2024-09-17": {
					"avg": 175,
					"count": 1,
					"min": 175,
					"max": 175
				},
				"2024-09-18": {
					"avg": 112,
					"count": 5,
					"min": 25,
					"max": 179
				},
				"2024-09-20": {
					"avg": 161,
					"count": 28,
					"min": 35,
					"max": 235
				},
				"2024-09-21": {
					"avg": 308,
					"count": 4,
					"min": 99,
					"max": 687
				},
				"2024-09-22": {
					"avg": 175,
					"count": 5,
					"min": 46,
					"max": 574
				},
				"2024-09-23": {
					"avg": 113,
					"count": 2,
					"min": 49,
					"max": 176
				}
			},
			"avg": 180,
			"avg7": -1,
			"avg28": -1
		},
		"normal-played": {
			"history": {
				"2024-05-24": {
					"avg": 28,
					"count": 25,
					"min": 28,
					"max": 28
				},
				"2024-05-25": {
					"avg": 97,
					"count": 4,
					"min": 20,
					"max": 158
				},
				"2024-05-27": {
					"avg": 150,
					"count": 2,
					"min": 135,
					"max": 164
				},
				"2024-05-29": {
					"avg": 79,
					"count": 1,
					"min": 79,
					"max": 79
				},
				"2024-06-02": {
					"avg": 82,
					"count": 5,
					"min": 13,
					"max": 132
				},
				"2024-06-03": {
					"avg": 500,
					"count": 1,
					"min": 500,
					"max": 500
				},
				"2024-06-04": {
					"avg": 23,
					"count": 2,
					"min": 21,
					"max": 25
				},
				"2024-06-06": {
					"avg": 54,
					"count": 3,
					"min": 13,
					"max": 136
				},
				"2024-06-07": {
					"avg": 226,
					"count": 31,
					"min": 152,
					"max": 274
				},
				"2024-06-10": {
					"avg": 137,
					"count": 3,
					"min": 137,
					"max": 137
				},
				"2024-06-11": {
					"avg": 99,
					"count": 1,
					"min": 99,
					"max": 99
				},
				"2024-06-15": {
					"avg": 141,
					"count": 1,
					"min": 141,
					"max": 141
				},
				"2024-06-16": {
					"avg": 10,
					"count": 1,
					"min": 10,
					"max": 10
				},
				"2024-06-17": {
					"avg": 121,
					"count": 1,
					"min": 121,
					"max": 121
				},
				"2024-06-19": {
					"avg": 123,
					"count": 2,
					"min": 113,
					"max": 132
				},
				"2024-06-20": {
					"avg": 11,
					"count": 1,
					"min": 11,
					"max": 11
				},
				"2024-06-21": {
					"avg": 120,
					"count": 2,
					"min": 120,
					"max": 120
				},
				"2024-06-22": {
					"avg": 102,
					"count": 5,
					"min": 55,
					"max": 132
				},
				"2024-06-23": {
					"avg": 114,
					"count": 8,
					"min": 114,
					"max": 114
				},
				"2024-06-26": {
					"avg": 313,
					"count": 1,
					"min": 313,
					"max": 313
				},
				"2024-06-27": {
					"avg": 23,
					"count": 6,
					"min": 21,
					"max": 35
				},
				"2024-06-29": {
					"avg": 14,
					"count": 1,
					"min": 14,
					"max": 14
				},
				"2024-07-02": {
					"avg": 524,
					"count": 1,
					"min": 524,
					"max": 524
				},
				"2024-07-04": {
					"avg": 77,
					"count": 2,
					"min": 22,
					"max": 132
				},
				"2024-07-05": {
					"avg": 132,
					"count": 1,
					"min": 132,
					"max": 132
				},
				"2024-07-07": {
					"avg": 151,
					"count": 1,
					"min": 151,
					"max": 151
				},
				"2024-07-08": {
					"avg": 34,
					"count": 10,
					"min": 34,
					"max": 34
				},
				"2024-07-10": {
					"avg": 20,
					"count": 2,
					"min": 20,
					"max": 20
				},
				"2024-07-12": {
					"avg": 24,
					"count": 3,
					"min": 19,
					"max": 32
				},
				"2024-07-15": {
					"avg": 25,
					"count": 1,
					"min": 25,
					"max": 25
				},
				"2024-07-16": {
					"avg": 130,
					"count": 1,
					"min": 130,
					"max": 130
				},
				"2024-07-18": {
					"avg": 115,
					"count": 1,
					"min": 115,
					"max": 115
				},
				"2024-07-19": {
					"avg": 16,
					"count": 2,
					"min": 16,
					"max": 16
				},
				"2024-07-20": {
					"avg": 102,
					"count": 6,
					"min": 102,
					"max": 102
				},
				"2024-07-21": {
					"avg": 108,
					"count": 2,
					"min": 95,
					"max": 121
				},
				"2024-07-22": {
					"avg": 82,
					"count": 4,
					"min": 17,
					"max": 153
				},
				"2024-07-23": {
					"avg": 13,
					"count": 3,
					"min": 13,
					"max": 13
				},
				"2024-07-24": {
					"avg": 16,
					"count": 1,
					"min": 16,
					"max": 16
				},
				"2024-07-26": {
					"avg": 139,
					"count": 7,
					"min": 137,
					"max": 140
				},
				"2024-07-27": {
					"avg": 36,
					"count": 1,
					"min": 36,
					"max": 36
				},
				"2024-07-28": {
					"avg": 132,
					"count": 1,
					"min": 132,
					"max": 132
				},
				"2024-07-29": {
					"avg": 149,
					"count": 1,
					"min": 149,
					"max": 149
				},
				"2024-08-01": {
					"avg": 104,
					"count": 3,
					"min": 25,
					"max": 143
				},
				"2024-08-04": {
					"avg": 15,
					"count": 1,
					"min": 15,
					"max": 15
				},
				"2024-08-05": {
					"avg": 117,
					"count": 28,
					"min": 117,
					"max": 117
				},
				"2024-08-07": {
					"avg": 47,
					"count": 4,
					"min": 15,
					"max": 144
				},
				"2024-08-11": {
					"avg": 463,
					"count": 1,
					"min": 463,
					"max": 463
				},
				"2024-08-14": {
					"avg": 113,
					"count": 1,
					"min": 113,
					"max": 113
				},
				"2024-08-15": {
					"avg": 25,
					"count": 1,
					"min": 25,
					"max": 25
				},
				"2024-08-16": {
					"avg": 152,
					"count": 1,
					"min": 152,
					"max": 152
				},
				"2024-08-19": {
					"avg": 25,
					"count": 1,
					"min": 25,
					"max": 25
				},
				"2024-08-20": {
					"avg": 17,
					"count": 2,
					"min": 14,
					"max": 20
				},
				"2024-08-21": {
					"avg": 77,
					"count": 1,
					"min": 77,
					"max": 77
				},
				"2024-08-22": {
					"avg": 516,
					"count": 1,
					"min": 516,
					"max": 516
				},
				"2024-08-23": {
					"avg": 83,
					"count": 2,
					"min": 25,
					"max": 141
				},
				"2024-08-24": {
					"avg": 114,
					"count": 6,
					"min": 25,
					"max": 210
				},
				"2024-08-26": {
					"avg": 53,
					"count": 2,
					"min": 53,
					"max": 53
				},
				"2024-08-27": {
					"avg": 339,
					"count": 1,
					"min": 339,
					"max": 339
				},
				"2024-08-29": {
					"avg": 831,
					"count": 5,
					"min": 53,
					"max": 1025
				},
				"2024-08-30": {
					"avg": 80,
					"count": 2,
					"min": 14,
					"max": 145
				},
				"2024-08-31": {
					"avg": 205,
					"count": 3,
					"min": 25,
					"max": 437
				},
				"2024-09-01": {
					"avg": 26,
					"count": 14,
					"min": 19,
					"max": 27
				},
				"2024-09-02": {
					"avg": 25,
					"count": 1,
					"min": 25,
					"max": 25
				},
				"2024-09-03": {
					"avg": 349,
					"count": 3,
					"min": 14,
					"max": 1020
				},
				"2024-09-04": {
					"avg": 63,
					"count": 3,
					"min": 14,
					"max": 137
				},
				"2024-09-06": {
					"avg": 96,
					"count": 2,
					"min": 40,
					"max": 152
				},
				"2024-09-07": {
					"avg": 142,
					"count": 2,
					"min": 141,
					"max": 142
				},
				"2024-09-08": {
					"avg": 279,
					"count": 3,
					"min": 162,
					"max": 514
				},
				"2024-09-13": {
					"avg": 73,
					"count": 3,
					"min": 39,
					"max": 141
				},
				"2024-09-14": {
					"avg": 14,
					"count": 1,
					"min": 14,
					"max": 14
				},
				"2024-09-16": {
					"avg": 27,
					"count": 55,
					"min": 27,
					"max": 27
				},
				"2024-09-18": {
					"avg": 177,
					"count": 3,
					"min": 130,
					"max": 201
				},
				"2024-09-20": {
					"avg": 120,
					"count": 1,
					"min": 120,
					"max": 120
				},
				"2024-09-22": {
					"avg": 171,
					"count": 2,
					"min": 15,
					"max": 326
				},
				"2024-09-23": {
					"avg": 133,
					"count": 1,
					"min": 133,
					"max": 133
				}
			},
			"avg": 107,
			"avg7": -1,
			"avg28": -1
		},
		"normal-poor": {
			"history": {
				"2024-05-24": {
					"avg": 99,
					"count": 3,
					"min": 10,
					"max": 144
				},
				"2024-05-31": {
					"avg": 113,
					"count": 2,
					"min": 103,
					"max": 123
				},
				"2024-06-08": {
					"avg": 220,
					"count": 2,
					"min": 25,
					"max": 414
				},
				"2024-06-18": {
					"avg": 24,
					"count": 1,
					"min": 24,
					"max": 24
				},
				"2024-06-20": {
					"avg": 13,
					"count": 1,
					"min": 13,
					"max": 13
				},
				"2024-06-21": {
					"avg": 14,
					"count": 1,
					"min": 14,
					"max": 14
				},
				"2024-06-25": {
					"avg": 459,
					"count": 3,
					"min": 35,
					"max": 1209
				},
				"2024-06-28": {
					"avg": 13,
					"count": 4,
					"min": 10,
					"max": 14
				},
				"2024-07-08": {
					"avg": 24,
					"count": 1,
					"min": 24,
					"max": 24
				},
				"2024-07-14": {
					"avg": 9,
					"count": 1,
					"min": 9,
					"max": 9
				},
				"2024-07-19": {
					"avg": 76,
					"count": 2,
					"min": 15,
					"max": 136
				},
				"2024-07-23": {
					"avg": 129,
					"count": 10,
					"min": 9,
					"max": 208
				},
				"2024-07-25": {
					"avg": 12,
					"count": 1,
					"min": 12,
					"max": 12
				},
				"2024-07-26": {
					"avg": 25,
					"count": 1,
					"min": 25,
					"max": 25
				},
				"2024-07-28": {
					"avg": 25,
					"count": 1,
					"min": 25,
					"max": 25
				},
				"2024-08-05": {
					"avg": 22,
					"count": 1,
					"min": 22,
					"max": 22
				},
				"2024-08-16": {
					"avg": 37,
					"count": 7,
					"min": 9,
					"max": 110
				},
				"2024-08-18": {
					"avg": 133,
					"count": 1,
					"min": 133,
					"max": 133
				},
				"2024-08-21": {
					"avg": 11,
					"count": 2,
					"min": 6,
					"max": 15
				},
				"2024-08-26": {
					"avg": 11,
					"count": 2,
					"min": 11,
					"max": 11
				},
				"2024-08-28": {
					"avg": 1098,
					"count": 1,
					"min": 1098,
					"max": 1098
				},
				"2024-08-31": {
					"avg": 74,
					"count": 2,
					"min": 10,
					"max": 137
				},
				"2024-09-02": {
					"avg": 211,
					"count": 1,
					"min": 211,
					"max": 211
				},
				"2024-09-04": {
					"avg": 139,
					"count": 1,
					"min": 139,
					"max": 139
				},
				"2024-09-06": {
					"avg": 12,
					"count": 1,
					"min": 12,
					"max": 12
				},
				"2024-09-09": {
					"avg": 130,
					"count": 1,
					"min": 130,
					"max": 130
				},
				"2024-09-11": {
					"avg": 6,
					"count": 1,
					"min": 6,
					"max": 6
				}
			},
			"avg": 112,
			"avg7": -1,
			"avg28": -1
		},
		"normal-used": {
			"history": {
				"2024-06-20": {
					"avg": 19,
					"count": 3,
					"min": 19,
					"max": 19
				},
				"2024-06-22": {
					"avg": 142,
					"count": 1,
					"min": 142,
					"max": 142
				},
				"2024-07-04": {
					"avg": 19,
					"count": 1,
					"min": 19,
					"max": 19
				},
				"2024-07-07": {
					"avg": 12,
					"count": 1,
					"min": 12,
					"max": 12
				},
				"2024-07-09": {
					"avg": 132,
					"count": 1,
					"min": 132,
					"max": 132
				},
				"2024-07-15": {
					"avg": 68,
					"count": 1,
					"min": 68,
					"max": 68
				},
				"2024-07-20": {
					"avg": 12,
					"count": 1,
					"min": 12,
					"max": 12
				},
				"2024-07-21": {
					"avg": 126,
					"count": 3,
					"min": 101,
					"max": 177
				},
				"2024-07-23": {
					"avg": 19,
					"count": 1,
					"min": 19,
					"max": 19
				},
				"2024-07-24": {
					"avg": 12,
					"count": 2,
					"min": 12,
					"max": 12
				},
				"2024-07-25": {
					"avg": 25,
					"count": 1,
					"min": 25,
					"max": 25
				},
				"2024-08-05": {
					"avg": 11,
					"count": 1,
					"min": 11,
					"max": 11
				},
				"2024-08-06": {
					"avg": 121,
					"count": 2,
					"min": 121,
					"max": 121
				},
				"2024-08-07": {
					"avg": 30,
					"count": 1,
					"min": 30,
					"max": 30
				},
				"2024-08-08": {
					"avg": 114,
					"count": 1,
					"min": 114,
					"max": 114
				},
				"2024-08-14": {
					"avg": 422,
					"count": 1,
					"min": 422,
					"max": 422
				},
				"2024-08-16": {
					"avg": 121,
					"count": 4,
					"min": 109,
					"max": 132
				},
				"2024-08-18": {
					"avg": 18,
					"count": 1,
					"min": 18,
					"max": 18
				},
				"2024-08-21": {
					"avg": 24,
					"count": 1,
					"min": 24,
					"max": 24
				},
				"2024-08-24": {
					"avg": 23,
					"count": 3,
					"min": 23,
					"max": 23
				},
				"2024-08-25": {
					"avg": 29,
					"count": 1,
					"min": 29,
					"max": 29
				},
				"2024-08-31": {
					"avg": 128,
					"count": 3,
					"min": 128,
					"max": 128
				},
				"2024-09-06": {
					"avg": 147,
					"count": 1,
					"min": 147,
					"max": 147
				},
				"2024-09-09": {
					"avg": 15,
					"count": 1,
					"min": 15,
					"max": 15
				},
				"2024-09-15": {
					"avg": 20,
					"count": 1,
					"min": 20,
					"max": 20
				},
				"2024-09-16": {
					"avg": 16,
					"count": 2,
					"min": 16,
					"max": 16
				},
				"2024-09-17": {
					"avg": 169,
					"count": 3,
					"min": 169,
					"max": 169
				},
				"2024-09-18": {
					"avg": 145,
					"count": 1,
					"min": 145,
					"max": 145
				},
				"2024-09-23": {
					"avg": 25,
					"count": 4,
					"min": 25,
					"max": 25
				}
			},
			"avg": 77,
			"avg7": -1,
			"avg28": -1
		}
	}
}