{
	"data": {
		"normal-good": {
			"history": {
				"2022-11-12": {
					"avg": 17,
					"count": 1
				},
				"2022-11-13": {
					"avg": 97,
					"count": 2
				},
				"2022-11-14": {
					"avg": 85,
					"count": 4
				},
				"2022-11-15": {
					"avg": 144,
					"count": 4
				},
				"2022-11-16": {
					"avg": 49,
					"count": 122
				},
				"2022-11-17": {
					"avg": 189,
					"count": 4
				},
				"2022-11-19": {
					"avg": 185,
					"count": 3,
					"min": 17,
					"max": 519
				},
				"2022-11-20": {
					"avg": 149,
					"count": 1,
					"min": 149,
					"max": 149
				},
				"2022-11-21": {
					"avg": 22,
					"count": 1,
					"min": 22,
					"max": 22
				},
				"2022-11-22": {
					"avg": 25,
					"count": 28,
					"min": 25,
					"max": 25
				},
				"2022-11-23": {
					"avg": 124,
					"count": 1,
					"min": 124,
					"max": 124
				},
				"2022-11-24": {
					"avg": 81,
					"count": 3,
					"min": 20,
					"max": 149
				},
				"2022-11-25": {
					"avg": 89,
					"count": 16,
					"min": 12,
					"max": 221
				},
				"2022-11-26": {
					"avg": 818,
					"count": 16,
					"min": 818,
					"max": 818
				},
				"2022-11-27": {
					"avg": 144,
					"count": 1,
					"min": 144,
					"max": 144
				},
				"2022-11-28": {
					"avg": 27,
					"count": 11,
					"min": 9,
					"max": 59
				},
				"2022-11-29": {
					"avg": 72,
					"count": 6,
					"min": 13,
					"max": 125
				},
				"2022-11-30": {
					"avg": 13,
					"count": 3,
					"min": 9,
					"max": 15
				},
				"2022-12-01": {
					"avg": 40,
					"count": 7,
					"min": 15,
					"max": 67
				},
				"2022-12-02": {
					"avg": 20,
					"count": 2,
					"min": 17,
					"max": 23
				},
				"2022-12-03": {
					"avg": 63,
					"count": 1,
					"min": 63,
					"max": 63
				},
				"2022-12-04": {
					"avg": 61,
					"count": 5,
					"min": 19,
					"max": 75
				},
				"2022-12-05": {
					"avg": 68,
					"count": 148,
					"min": 17,
					"max": 244
				},
				"2022-12-06": {
					"avg": 283,
					"count": 3,
					"min": 13,
					"max": 820
				},
				"2022-12-07": {
					"avg": 155,
					"count": 10,
					"min": 15,
					"max": 463
				},
				"2022-12-09": {
					"avg": 15,
					"count": 4,
					"min": 11,
					"max": 20
				},
				"2022-12-10": {
					"avg": 69,
					"count": 327,
					"min": 12,
					"max": 508
				},
				"2022-12-11": {
					"avg": 15,
					"count": 1,
					"min": 15,
					"max": 15
				},
				"2022-12-12": {
					"avg": 14,
					"count": 11,
					"min": 12,
					"max": 20
				},
				"2022-12-13": {
					"avg": 104,
					"count": 2,
					"min": 59,
					"max": 149
				},
				"2022-12-14": {
					"avg": 22,
					"count": 3,
					"min": 11,
					"max": 29
				},
				"2022-12-15": {
					"avg": 42,
					"count": 2,
					"min": 24,
					"max": 59
				},
				"2022-12-16": {
					"avg": 150,
					"count": 23,
					"min": 11,
					"max": 412
				},
				"2022-12-17": {
					"avg": 82,
					"count": 3,
					"min": 15,
					"max": 115
				},
				"2022-12-18": {
					"avg": 189,
					"count": 21,
					"min": 12,
					"max": 618
				},
				"2022-12-20": {
					"avg": 244,
					"count": 1,
					"min": 244,
					"max": 244
				},
				"2022-12-21": {
					"avg": 95,
					"count": 3,
					"min": 21,
					"max": 149
				},
				"2022-12-22": {
					"avg": 25,
					"count": 1,
					"min": 25,
					"max": 25
				},
				"2022-12-23": {
					"avg": 96,
					"count": 8,
					"min": 15,
					"max": 121
				},
				"2022-12-25": {
					"avg": 435,
					"count": 2,
					"min": 22,
					"max": 847
				},
				"2022-12-26": {
					"avg": 164,
					"count": 3,
					"min": 75,
					"max": 213
				},
				"2022-12-27": {
					"avg": 127,
					"count": 2,
					"min": 111,
					"max": 143
				},
				"2022-12-28": {
					"avg": 75,
					"count": 8,
					"min": 23,
					"max": 167
				},
				"2022-12-29": {
					"avg": 448,
					"count": 11,
					"min": 20,
					"max": 588
				},
				"2022-12-30": {
					"avg": 85,
					"count": 3,
					"min": 20,
					"max": 210
				},
				"2022-12-31": {
					"avg": 34,
					"count": 31,
					"min": 20,
					"max": 123
				},
				"2023-01-01": {
					"avg": 123,
					"count": 2,
					"min": 108,
					"max": 139
				},
				"2023-01-02": {
					"avg": 109,
					"count": 93,
					"min": 15,
					"max": 512
				},
				"2023-01-03": {
					"avg": 122,
					"count": 6,
					"min": 9,
					"max": 299
				},
				"2023-01-04": {
					"avg": 27,
					"count": 2,
					"min": 25,
					"max": 29
				},
				"2023-01-05": {
					"avg": 83,
					"count": 6,
					"min": 20,
					"max": 122
				},
				"2023-01-06": {
					"avg": 50,
					"count": 4,
					"min": 6,
					"max": 110
				},
				"2023-01-07": {
					"avg": 64,
					"count": 2,
					"min": 29,
					"max": 99
				},
				"2023-01-08": {
					"avg": 77,
					"count": 14,
					"min": 30,
					"max": 339
				},
				"2023-01-09": {
					"avg": 87,
					"count": 4,
					"min": 20,
					"max": 110
				},
				"2023-01-10": {
					"avg": 82,
					"count": 9,
					"min": 20,
					"max": 114
				},
				"2023-01-11": {
					"avg": 83,
					"count": 33,
					"min": 15,
					"max": 149
				},
				"2023-01-12": {
					"avg": 136,
					"count": 22,
					"min": 15,
					"max": 523
				},
				"2023-02-06": {
					"avg": 23,
					"count": 3,
					"min": 23,
					"max": 23
				},
				"2023-02-07": {
					"avg": 99,
					"count": 3,
					"min": 13,
					"max": 147
				},
				"2023-02-10": {
					"avg": 39,
					"count": 20,
					"min": 8,
					"max": 284
				},
				"2023-02-11": {
					"avg": 161,
					"count": 6,
					"min": 18,
					"max": 211
				},
				"2023-02-12": {
					"avg": 43,
					"count": 5,
					"min": 12,
					"max": 129
				},
				"2023-02-13": {
					"avg": 88,
					"count": 8,
					"min": 19,
					"max": 101
				},
				"2023-02-15": {
					"avg": 66,
					"count": 12,
					"min": 16,
					"max": 129
				},
				"2023-02-16": {
					"avg": 38,
					"count": 2,
					"min": 12,
					"max": 63
				},
				"2023-02-17": {
					"avg": 187,
					"count": 4,
					"min": 19,
					"max": 519
				},
				"2023-02-18": {
					"avg": 113,
					"count": 1,
					"min": 113,
					"max": 113
				},
				"2023-02-19": {
					"avg": 88,
					"count": 11,
					"min": 18,
					"max": 148
				},
				"2023-02-20": {
					"avg": 173,
					"count": 8,
					"min": 148,
					"max": 248
				},
				"2023-02-21": {
					"avg": 66,
					"count": 2,
					"min": 19,
					"max": 113
				},
				"2023-02-22": {
					"avg": 113,
					"count": 1,
					"min": 113,
					"max": 113
				},
				"2023-02-23": {
					"avg": 59,
					"count": 2,
					"min": 19,
					"max": 99
				},
				"2023-02-24": {
					"avg": 107,
					"count": 3,
					"min": 99,
					"max": 123
				},
				"2023-02-25": {
					"avg": 106,
					"count": 7,
					"min": 39,
					"max": 138
				},
				"2023-02-26": {
					"avg": 128,
					"count": 11,
					"min": 19,
					"max": 310
				},
				"2023-02-27": {
					"avg": 315,
					"count": 2,
					"min": 110,
					"max": 519
				},
				"2023-02-28": {
					"avg": 77,
					"count": 37,
					"min": 17,
					"max": 143
				},
				"2023-03-01": {
					"avg": 67,
					"count": 2,
					"min": 24,
					"max": 110
				},
				"2023-03-02": {
					"avg": 132,
					"count": 12,
					"min": 19,
					"max": 175
				},
				"2023-03-03": {
					"avg": 53,
					"count": 4,
					"min": 15,
					"max": 93
				},
				"2023-03-04": {
					"avg": 37,
					"count": 6,
					"min": 11,
					"max": 49
				},
				"2023-03-05": {
					"avg": 24,
					"count": 1,
					"min": 24,
					"max": 24
				},
				"2023-03-07": {
					"avg": 162,
					"count": 11,
					"min": 19,
					"max": 199
				},
				"2023-03-09": {
					"avg": 31,
					"count": 6,
					"min": 19,
					"max": 86
				},
				"2023-03-10": {
					"avg": 46,
					"count": 3,
					"min": 19,
					"max": 99
				},
				"2023-03-12": {
					"avg": 54,
					"count": 5,
					"min": 19,
					"max": 118
				},
				"2023-03-13": {
					"avg": 361,
					"count": 2,
					"min": 198,
					"max": 524
				},
				"2023-03-14": {
					"avg": 133,
					"count": 13,
					"min": 24,
					"max": 156
				},
				"2023-03-15": {
					"avg": 169,
					"count": 2,
					"min": 17,
					"max": 320
				},
				"2023-03-16": {
					"avg": 150,
					"count": 1,
					"min": 150,
					"max": 150
				},
				"2023-03-17": {
					"avg": 124,
					"count": 1,
					"min": 124,
					"max": 124
				},
				"2023-03-18": {
					"avg": 255,
					"count": 2,
					"min": 145,
					"max": 365
				},
				"2023-03-19": {
					"avg": 36,
					"count": 11,
					"min": 12,
					"max": 248
				},
				"2023-03-21": {
					"avg": 110,
					"count": 2,
					"min": 86,
					"max": 134
				},
				"2023-03-22": {
					"avg": 147,
					"count": 1,
					"min": 147,
					"max": 147
				},
				"2023-03-24": {
					"avg": 91,
					"count": 36,
					"min": 23,
					"max": 114
				},
				"2023-03-25": {
					"avg": 140,
					"count": 36,
					"min": 19,
					"max": 154
				},
				"2023-03-26": {
					"avg": 111,
					"count": 1,
					"min": 111,
					"max": 111
				},
				"2023-03-27": {
					"avg": 46,
					"count": 2,
					"min": 35,
					"max": 57
				},
				"2023-03-28": {
					"avg": 171,
					"count": 3,
					"min": 25,
					"max": 378
				},
				"2023-03-29": {
					"avg": 72,
					"count": 9,
					"min": 17,
					"max": 225
				},
				"2023-03-31": {
					"avg": 120,
					"count": 41,
					"min": 10,
					"max": 145
				},
				"2023-04-01": {
					"avg": 109,
					"count": 5,
					"min": 16,
					"max": 157
				},
				"2023-04-02": {
					"avg": 55,
					"count": 4,
					"min": 19,
					"max": 90
				},
				"2023-04-03": {
					"avg": 113,
					"count": 16,
					"min": 11,
					"max": 128
				},
				"2023-04-04": {
					"avg": 287,
					"count": 4,
					"min": 90,
					"max": 827
				},
				"2023-04-05": {
					"avg": 77,
					"count": 9,
					"min": 19,
					"max": 123
				},
				"2023-04-06": {
					"avg": 14,
					"count": 23,
					"min": 11,
					"max": 48
				},
				"2023-04-07": {
					"avg": 99,
					"count": 13,
					"min": 25,
					"max": 199
				},
				"2023-04-09": {
					"avg": 105,
					"count": 9,
					"min": 24,
					"max": 146
				},
				"2023-04-10": {
					"avg": 102,
					"count": 4,
					"min": 79,
					"max": 110
				},
				"2023-04-12": {
					"avg": 95,
					"count": 2,
					"min": 25,
					"max": 164
				},
				"2023-04-13": {
					"avg": 119,
					"count": 4,
					"min": 79,
					"max": 138
				},
				"2023-04-14": {
					"avg": 158,
					"count": 3,
					"min": 146,
					"max": 175
				},
				"2023-04-15": {
					"avg": 19,
					"count": 1,
					"min": 19,
					"max": 19
				},
				"2023-04-16": {
					"avg": 25,
					"count": 1,
					"min": 25,
					"max": 25
				},
				"2023-04-17": {
					"avg": 138,
					"count": 1,
					"min": 138,
					"max": 138
				},
				"2023-04-18": {
					"avg": 110,
					"count": 15,
					"min": 20,
					"max": 167
				},
				"2023-04-19": {
					"avg": 68,
					"count": 2,
					"min": 25,
					"max": 110
				},
				"2023-04-20": {
					"avg": 103,
					"count": 4,
					"min": 15,
					"max": 165
				},
				"2023-04-21": {
					"avg": 19,
					"count": 1,
					"min": 19,
					"max": 19
				},
				"2023-04-22": {
					"avg": 118,
					"count": 12,
					"min": 15,
					"max": 287
				},
				"2023-04-23": {
					"avg": 31,
					"count": 2,
					"min": 11,
					"max": 50
				},
				"2023-04-25": {
					"avg": 103,
					"count": 2,
					"min": 59,
					"max": 148
				},
				"2023-04-26": {
					"avg": 52,
					"count": 4,
					"min": 19,
					"max": 63
				},
				"2023-04-27": {
					"avg": 19,
					"count": 1,
					"min": 19,
					"max": 19
				},
				"2023-04-28": {
					"avg": 111,
					"count": 81,
					"min": 18,
					"max": 573
				},
				"2023-04-29": {
					"avg": 72,
					"count": 2,
					"min": 25,
					"max": 119
				},
				"2023-05-01": {
					"avg": 112,
					"count": 11,
					"min": 26,
					"max": 179
				},
				"2023-05-02": {
					"avg": 796,
					"count": 33,
					"min": 25,
					"max": 823
				},
				"2023-05-03": {
					"avg": 146,
					"count": 1,
					"min": 146,
					"max": 146
				},
				"2023-05-04": {
					"avg": 82,
					"count": 2,
					"min": 19,
					"max": 144
				},
				"2023-05-05": {
					"avg": 157,
					"count": 3,
					"min": 75,
					"max": 199
				},
				"2023-05-06": {
					"avg": 51,
					"count": 4,
					"min": 22,
					"max": 138
				},
				"2023-05-07": {
					"avg": 133,
					"count": 116,
					"min": 11,
					"max": 211
				},
				"2023-05-08": {
					"avg": 29,
					"count": 1,
					"min": 29,
					"max": 29
				},
				"2023-05-09": {
					"avg": 17,
					"count": 1,
					"min": 17,
					"max": 17
				},
				"2023-05-10": {
					"avg": 127,
					"count": 13,
					"min": 17,
					"max": 149
				},
				"2023-05-11": {
					"avg": 82,
					"count": 2,
					"min": 26,
					"max": 138
				},
				"2023-05-13": {
					"avg": 99,
					"count": 1,
					"min": 99,
					"max": 99
				},
				"2023-05-14": {
					"avg": 71,
					"count": 27,
					"min": 68,
					"max": 73
				},
				"2023-05-15": {
					"avg": 76,
					"count": 5,
					"min": 19,
					"max": 104
				},
				"2023-05-16": {
					"avg": 147,
					"count": 1,
					"min": 147,
					"max": 147
				},
				"2023-05-17": {
					"avg": 63,
					"count": 5,
					"min": 15,
					"max": 145
				},
				"2023-05-18": {
					"avg": 98,
					"count": 5,
					"min": 19,
					"max": 254
				},
				"2023-05-19": {
					"avg": 62,
					"count": 45,
					"min": 25,
					"max": 573
				},
				"2023-05-20": {
					"avg": 247,
					"count": 3,
					"min": 25,
					"max": 519
				},
				"2023-05-21": {
					"avg": 284,
					"count": 2,
					"min": 19,
					"max": 548
				},
				"2023-05-23": {
					"avg": 29,
					"count": 1,
					"min": 29,
					"max": 29
				},
				"2023-05-24": {
					"avg": 92,
					"count": 16,
					"min": 17,
					"max": 145
				},
				"2023-05-25": {
					"avg": 53,
					"count": 3,
					"min": 11,
					"max": 128
				},
				"2023-05-26": {
					"avg": 50,
					"count": 2,
					"min": 50,
					"max": 50
				},
				"2023-05-27": {
					"avg": 104,
					"count": 16,
					"min": 16,
					"max": 428
				},
				"2023-05-28": {
					"avg": 58,
					"count": 1,
					"min": 58,
					"max": 58
				},
				"2023-05-29": {
					"avg": 30,
					"count": 11,
					"min": 17,
					"max": 149
				},
				"2023-05-30": {
					"avg": 53,
					"count": 5,
					"min": 19,
					"max": 99
				},
				"2023-05-31": {
					"avg": 38,
					"count": 1,
					"min": 38,
					"max": 38
				},
				"2023-06-01": {
					"avg": 179,
					"count": 47,
					"min": 17,
					"max": 526
				},
				"2023-06-02": {
					"avg": 31,
					"count": 4,
					"min": 19,
					"max": 39
				},
				"2023-06-04": {
					"avg": 35,
					"count": 2,
					"min": 19,
					"max": 50
				},
				"2023-06-05": {
					"avg": 53,
					"count": 7,
					"min": 19,
					"max": 124
				},
				"2023-06-06": {
					"avg": 83,
					"count": 4,
					"min": 38,
					"max": 198
				},
				"2023-06-07": {
					"avg": 116,
					"count": 1,
					"min": 116,
					"max": 116
				},
				"2023-06-08": {
					"avg": 149,
					"count": 1,
					"min": 149,
					"max": 149
				},
				"2023-06-10": {
					"avg": 46,
					"count": 3,
					"min": 20,
					"max": 88
				},
				"2023-06-11": {
					"avg": 21,
					"count": 2,
					"min": 21,
					"max": 21
				},
				"2023-06-12": {
					"avg": 74,
					"count": 3,
					"min": 9,
					"max": 113
				},
				"2023-06-13": {
					"avg": 413,
					"count": 3,
					"min": 413,
					"max": 413
				},
				"2023-06-14": {
					"avg": 33,
					"count": 2,
					"min": 19,
					"max": 47
				},
				"2023-06-15": {
					"avg": 311,
					"count": 3,
					"min": 100,
					"max": 573
				},
				"2023-06-16": {
					"avg": 40,
					"count": 3,
					"min": 19,
					"max": 50
				},
				"2023-06-17": {
					"avg": 55,
					"count": 87,
					"min": 15,
					"max": 121
				},
				"2023-06-18": {
					"avg": 149,
					"count": 68,
					"min": 22,
					"max": 174
				},
				"2023-06-19": {
					"avg": 98,
					"count": 36,
					"min": 15,
					"max": 119
				},
				"2023-06-20": {
					"avg": 48,
					"count": 3,
					"min": 19,
					"max": 99
				},
				"2023-06-21": {
					"avg": 45,
					"count": 4,
					"min": 27,
					"max": 52
				},
				"2023-06-22": {
					"avg": 126,
					"count": 11,
					"min": 15,
					"max": 424
				},
				"2023-06-23": {
					"avg": 232,
					"count": 10,
					"min": 22,
					"max": 425
				},
				"2023-06-24": {
					"avg": 100,
					"count": 5,
					"min": 26,
					"max": 134
				},
				"2023-06-25": {
					"avg": 31,
					"count": 1,
					"min": 31,
					"max": 31
				},
				"2023-06-26": {
					"avg": 110,
					"count": 6,
					"min": 110,
					"max": 111
				},
				"2023-06-27": {
					"avg": 51,
					"count": 3,
					"min": 17,
					"max": 118
				},
				"2023-06-28": {
					"avg": 47,
					"count": 8,
					"min": 25,
					"max": 101
				},
				"2023-06-29": {
					"avg": 91,
					"count": 2,
					"min": 50,
					"max": 131
				},
				"2023-06-30": {
					"avg": 64,
					"count": 20,
					"min": 31,
					"max": 126
				},
				"2023-07-01": {
					"avg": 25,
					"count": 1,
					"min": 25,
					"max": 25
				},
				"2023-07-02": {
					"avg": 78,
					"count": 2,
					"min": 44,
					"max": 113
				},
				"2023-07-03": {
					"avg": 49,
					"count": 8,
					"min": 18,
					"max": 134
				},
				"2023-07-04": {
					"avg": 33,
					"count": 85,
					"min": 20,
					"max": 135
				},
				"2023-07-05": {
					"avg": 97,
					"count": 3,
					"min": 22,
					"max": 146
				},
				"2023-07-06": {
					"avg": 87,
					"count": 30,
					"min": 17,
					"max": 974
				},
				"2023-07-07": {
					"avg": 66,
					"count": 3,
					"min": 24,
					"max": 149
				},
				"2023-07-08": {
					"avg": 67,
					"count": 4,
					"min": 15,
					"max": 120
				},
				"2023-07-09": {
					"avg": 30,
					"count": 1,
					"min": 30,
					"max": 30
				},
				"2023-07-10": {
					"avg": 76,
					"count": 11,
					"min": 39,
					"max": 165
				},
				"2023-07-11": {
					"avg": 150,
					"count": 4,
					"min": 25,
					"max": 435
				},
				"2023-07-12": {
					"avg": 272,
					"count": 2,
					"min": 25,
					"max": 518
				},
				"2023-07-13": {
					"avg": 296,
					"count": 2,
					"min": 85,
					"max": 507
				},
				"2023-07-14": {
					"avg": 64,
					"count": 4,
					"min": 26,
					"max": 110
				},
				"2023-07-15": {
					"avg": 10,
					"count": 1,
					"min": 10,
					"max": 10
				},
				"2023-07-16": {
					"avg": 21,
					"count": 1,
					"min": 21,
					"max": 21
				},
				"2023-07-17": {
					"avg": 34,
					"count": 2,
					"min": 20,
					"max": 47
				},
				"2023-07-18": {
					"avg": 109,
					"count": 3,
					"min": 99,
					"max": 128
				},
				"2023-07-19": {
					"avg": 44,
					"count": 3,
					"min": 11,
					"max": 111
				},
				"2023-07-20": {
					"avg": 149,
					"count": 6,
					"min": 25,
					"max": 548
				},
				"2023-07-21": {
					"avg": 184,
					"count": 3,
					"min": 17,
					"max": 424
				},
				"2023-07-22": {
					"avg": 71,
					"count": 2,
					"min": 22,
					"max": 119
				},
				"2023-07-23": {
					"avg": 89,
					"count": 4,
					"min": 22,
					"max": 199
				},
				"2023-07-24": {
					"avg": 67,
					"count": 1,
					"min": 67,
					"max": 67
				},
				"2023-07-25": {
					"avg": 176,
					"count": 17,
					"min": 13,
					"max": 407
				},
				"2023-07-26": {
					"avg": 75,
					"count": 8,
					"min": 15,
					"max": 110
				},
				"2023-07-27": {
					"avg": 15,
					"count": 1,
					"min": 15,
					"max": 15
				},
				"2023-07-28": {
					"avg": 224,
					"count": 3,
					"min": 124,
					"max": 424
				},
				"2023-07-29": {
					"avg": 50,
					"count": 10,
					"min": 17,
					"max": 125
				},
				"2023-07-30": {
					"avg": 705,
					"count": 3,
					"min": 42,
					"max": 1037
				},
				"2023-07-31": {
					"avg": 294,
					"count": 3,
					"min": 26,
					"max": 823
				},
				"2023-08-01": {
					"avg": 119,
					"count": 6,
					"min": 85,
					"max": 126
				},
				"2023-08-02": {
					"avg": 79,
					"count": 5,
					"min": 20,
					"max": 216
				},
				"2023-08-03": {
					"avg": 20,
					"count": 1,
					"min": 20,
					"max": 20
				},
				"2023-08-04": {
					"avg": 54,
					"count": 5,
					"min": 9,
					"max": 111
				},
				"2023-08-06": {
					"avg": 23,
					"count": 5,
					"min": 20,
					"max": 32
				},
				"2023-08-07": {
					"avg": 111,
					"count": 3,
					"min": 25,
					"max": 184
				},
				"2023-08-08": {
					"avg": 66,
					"count": 4,
					"min": 15,
					"max": 116
				},
				"2023-08-09": {
					"avg": 120,
					"count": 13,
					"min": 12,
					"max": 509
				},
				"2023-08-10": {
					"avg": 67,
					"count": 6,
					"min": 25,
					"max": 198
				},
				"2023-08-11": {
					"avg": 113,
					"count": 5,
					"min": 18,
					"max": 298
				},
				"2023-08-12": {
					"avg": 118,
					"count": 6,
					"min": 114,
					"max": 121
				},
				"2023-08-14": {
					"avg": 96,
					"count": 7,
					"min": 18,
					"max": 118
				},
				"2023-08-16": {
					"avg": 71,
					"count": 8,
					"min": 18,
					"max": 148
				},
				"2023-08-17": {
					"avg": 90,
					"count": 3,
					"min": 25,
					"max": 198
				},
				"2023-08-18": {
					"avg": 264,
					"count": 5,
					"min": 25,
					"max": 524
				},
				"2023-08-19": {
					"avg": 68,
					"count": 2,
					"min": 25,
					"max": 111
				},
				"2023-08-20": {
					"avg": 141,
					"count": 4,
					"min": 18,
					"max": 399
				},
				"2023-08-21": {
					"avg": 181,
					"count": 3,
					"min": 46,
					"max": 349
				},
				"2023-08-23": {
					"avg": 123,
					"count": 3,
					"min": 120,
					"max": 124
				},
				"2023-08-24": {
					"avg": 112,
					"count": 6,
					"min": 75,
					"max": 134
				},
				"2023-08-25": {
					"avg": 84,
					"count": 11,
					"min": 45,
					"max": 194
				},
				"2023-08-26": {
					"avg": 50,
					"count": 8,
					"min": 15,
					"max": 215
				},
				"2023-08-28": {
					"avg": 39,
					"count": 4,
					"min": 10,
					"max": 99
				},
				"2023-08-29": {
					"avg": 176,
					"count": 2,
					"min": 154,
					"max": 198
				},
				"2023-08-30": {
					"avg": 20,
					"count": 1,
					"min": 20,
					"max": 20
				},
				"2023-08-31": {
					"avg": 73,
					"count": 2,
					"min": 25,
					"max": 121
				},
				"2023-09-01": {
					"avg": 63,
					"count": 2,
					"min": 15,
					"max": 110
				},
				"2023-09-02": {
					"avg": 99,
					"count": 2,
					"min": 23,
					"max": 174
				},
				"2023-09-03": {
					"avg": 193,
					"count": 29,
					"min": 12,
					"max": 210
				},
				"2023-09-04": {
					"avg": 111,
					"count": 1,
					"min": 111,
					"max": 111
				},
				"2023-09-05": {
					"avg": 23,
					"count": 1,
					"min": 23,
					"max": 23
				},
				"2023-09-06": {
					"avg": 100,
					"count": 3,
					"min": 25,
					"max": 174
				},
				"2023-09-07": {
					"avg": 123,
					"count": 1,
					"min": 123,
					"max": 123
				},
				"2023-09-08": {
					"avg": 125,
					"count": 1,
					"min": 125,
					"max": 125
				},
				"2023-09-09": {
					"avg": 29,
					"count": 20,
					"min": 25,
					"max": 99
				},
				"2023-09-10": {
					"avg": 317,
					"count": 4,
					"min": 18,
					"max": 1023
				},
				"2023-09-11": {
					"avg": 86,
					"count": 3,
					"min": 24,
					"max": 126
				},
				"2023-09-12": {
					"avg": 123,
					"count": 6,
					"min": 25,
					"max": 229
				},
				"2023-09-13": {
					"avg": 339,
					"count": 3,
					"min": 18,
					"max": 499
				},
				"2023-09-14": {
					"avg": 44,
					"count": 2,
					"min": 44,
					"max": 44
				},
				"2023-09-15": {
					"avg": 40,
					"count": 2,
					"min": 24,
					"max": 56
				},
				"2023-09-17": {
					"avg": 139,
					"count": 4,
					"min": 25,
					"max": 204
				},
				"2023-09-18": {
					"avg": 62,
					"count": 4,
					"min": 13,
					"max": 110
				},
				"2023-09-19": {
					"avg": 63,
					"count": 9,
					"min": 6,
					"max": 134
				},
				"2023-09-20": {
					"avg": 16,
					"count": 2,
					"min": 6,
					"max": 25
				},
				"2023-09-23": {
					"avg": 85,
					"count": 31,
					"min": 25,
					"max": 204
				},
				"2023-09-24": {
					"avg": 51,
					"count": 2,
					"min": 21,
					"max": 80
				},
				"2023-09-25": {
					"avg": 93,
					"count": 11,
					"min": 9,
					"max": 129
				},
				"2023-09-26": {
					"avg": 88,
					"count": 3,
					"min": 61,
					"max": 102
				},
				"2023-09-27": {
					"avg": 88,
					"count": 2,
					"min": 22,
					"max": 154
				},
				"2023-09-28": {
					"avg": 91,
					"count": 2,
					"min": 61,
					"max": 121
				},
				"2023-09-29": {
					"avg": 102,
					"count": 10,
					"min": 102,
					"max": 102
				},
				"2023-09-30": {
					"avg": 75,
					"count": 7,
					"min": 26,
					"max": 190
				},
				"2023-10-01": {
					"avg": 24,
					"count": 1,
					"min": 24,
					"max": 24
				},
				"2023-10-02": {
					"avg": 311,
					"count": 2,
					"min": 122,
					"max": 499
				},
				"2023-10-03": {
					"avg": 18,
					"count": 1,
					"min": 18,
					"max": 18
				},
				"2023-10-04": {
					"avg": 119,
					"count": 15,
					"min": 67,
					"max": 124
				},
				"2023-10-05": {
					"avg": 49,
					"count": 13,
					"min": 20,
					"max": 149
				},
				"2023-10-06": {
					"avg": 109,
					"count": 7,
					"min": 10,
					"max": 231
				},
				"2023-10-08": {
					"avg": 234,
					"count": 3,
					"min": 61,
					"max": 519
				},
				"2023-10-09": {
					"avg": 160,
					"count": 13,
					"min": 40,
					"max": 250
				},
				"2023-10-10": {
					"avg": 109,
					"count": 2,
					"min": 101,
					"max": 116
				},
				"2023-10-11": {
					"avg": 1151,
					"count": 4,
					"min": 107,
					"max": 2048
				},
				"2023-10-12": {
					"avg": 63,
					"count": 6,
					"min": 18,
					"max": 154
				},
				"2023-10-13": {
					"avg": 91,
					"count": 5,
					"min": 23,
					"max": 209
				},
				"2023-10-14": {
					"avg": 13,
					"count": 1,
					"min": 13,
					"max": 13
				},
				"2023-10-15": {
					"avg": 95,
					"count": 2,
					"min": 90,
					"max": 100
				},
				"2023-10-16": {
					"avg": 207,
					"count": 8,
					"min": 107,
					"max": 270
				},
				"2023-10-17": {
					"avg": 95,
					"count": 3,
					"min": 8,
					"max": 159
				},
				"2023-10-18": {
					"avg": 109,
					"count": 9,
					"min": 17,
					"max": 147
				},
				"2023-10-19": {
					"avg": 33,
					"count": 53,
					"min": 17,
					"max": 108
				},
				"2023-10-20": {
					"avg": 155,
					"count": 41,
					"min": 10,
					"max": 223
				},
				"2023-10-21": {
					"avg": 34,
					"count": 4,
					"min": 17,
					"max": 52
				},
				"2023-10-22": {
					"avg": 110,
					"count": 5,
					"min": 108,
					"max": 111
				},
				"2023-10-23": {
					"avg": 126,
					"count": 3,
					"min": 9,
					"max": 269
				},
				"2023-10-25": {
					"avg": 10,
					"count": 2,
					"min": 10,
					"max": 10
				},
				"2023-10-26": {
					"avg": 110,
					"count": 1,
					"min": 110,
					"max": 110
				},
				"2023-10-27": {
					"avg": 66,
					"count": 2,
					"min": 32,
					"max": 99
				},
				"2023-10-28": {
					"avg": 107,
					"count": 26,
					"min": 18,
					"max": 174
				},
				"2023-10-29": {
					"avg": 382,
					"count": 1,
					"min": 382,
					"max": 382
				},
				"2023-10-30": {
					"avg": 241,
					"count": 3,
					"min": 119,
					"max": 328
				},
				"2023-10-31": {
					"avg": 74,
					"count": 6,
					"min": 27,
					"max": 129
				},
				"2023-11-01": {
					"avg": 109,
					"count": 4,
					"min": 15,
					"max": 169
				},
				"2023-11-02": {
					"avg": 160,
					"count": 4,
					"min": 27,
					"max": 368
				},
				"2023-11-03": {
					"avg": 129,
					"count": 1,
					"min": 129,
					"max": 129
				},
				"2023-11-04": {
					"avg": 289,
					"count": 4,
					"min": 27,
					"max": 500
				},
				"2023-11-05": {
					"avg": 100,
					"count": 4,
					"min": 100,
					"max": 100
				},
				"2023-11-06": {
					"avg": 212,
					"count": 3,
					"min": 138,
					"max": 278
				},
				"2023-11-07": {
					"avg": 99,
					"count": 2,
					"min": 35,
					"max": 162
				},
				"2023-11-09": {
					"avg": 68,
					"count": 10,
					"min": 18,
					"max": 108
				},
				"2023-11-10": {
					"avg": 112,
					"count": 15,
					"min": 100,
					"max": 117
				},
				"2023-11-11": {
					"avg": 100,
					"count": 1,
					"min": 100,
					"max": 100
				},
				"2023-11-12": {
					"avg": 124,
					"count": 1,
					"min": 124,
					"max": 124
				},
				"2023-11-13": {
					"avg": 102,
					"count": 3,
					"min": 99,
					"max": 107
				},
				"2023-11-14": {
					"avg": 101,
					"count": 2,
					"min": 5,
					"max": 198
				},
				"2023-11-15": {
					"avg": 81,
					"count": 5,
					"min": 19,
					"max": 122
				},
				"2023-11-16": {
					"avg": 25,
					"count": 2,
					"min": 25,
					"max": 25
				},
				"2023-11-17": {
					"avg": 136,
					"count": 4,
					"min": 19,
					"max": 178
				},
				"2023-11-18": {
					"avg": 112,
					"count": 99,
					"min": 98,
					"max": 157
				},
				"2023-11-19": {
					"avg": 62,
					"count": 2,
					"min": 25,
					"max": 99
				},
				"2023-11-21": {
					"avg": 240,
					"count": 4,
					"min": 39,
					"max": 573
				},
				"2023-11-22": {
					"avg": 99,
					"count": 1,
					"min": 99,
					"max": 99
				},
				"2023-11-23": {
					"avg": 127,
					"count": 7,
					"min": 107,
					"max": 149
				},
				"2023-11-24": {
					"avg": 144,
					"count": 39,
					"min": 27,
					"max": 528
				},
				"2023-11-25": {
					"avg": 179,
					"count": 1,
					"min": 179,
					"max": 179
				},
				"2023-11-26": {
					"avg": 80,
					"count": 3,
					"min": 39,
					"max": 162
				},
				"2023-11-27": {
					"avg": 129,
					"count": 4,
					"min": 100,
					"max": 174
				},
				"2024-05-15": {
					"avg": 147,
					"count": 1,
					"min": 147,
					"max": 147
				},
				"2024-05-16": {
					"avg": 209,
					"count": 1,
					"min": 209,
					"max": 209
				},
				"2024-05-17": {
					"avg": 93,
					"count": 196,
					"min": 11,
					"max": 514
				},
				"2024-05-18": {
					"avg": 148,
					"count": 25,
					"min": 38,
					"max": 248
				},
				"2024-05-19": {
					"avg": 150,
					"count": 11,
					"min": 10,
					"max": 528
				},
				"2024-05-20": {
					"avg": 80,
					"count": 17,
					"min": 80,
					"max": 80
				},
				"2024-05-21": {
					"avg": 30,
					"count": 3,
					"min": 18,
					"max": 39
				},
				"2024-05-22": {
					"avg": 126,
					"count": 1,
					"min": 126,
					"max": 126
				},
				"2024-05-23": {
					"avg": 188,
					"count": 16,
					"min": 128,
					"max": 285
				},
				"2024-05-24": {
					"avg": 39,
					"count": 57,
					"min": 14,
					"max": 105
				},
				"2024-05-25": {
					"avg": 111,
					"count": 4,
					"min": 24,
					"max": 161
				},
				"2024-05-26": {
					"avg": 16,
					"count": 1,
					"min": 16,
					"max": 16
				},
				"2024-05-27": {
					"avg": 157,
					"count": 5,
					"min": 105,
					"max": 199
				},
				"2024-05-28": {
					"avg": 304,
					"count": 1,
					"min": 304,
					"max": 304
				},
				"2024-05-29": {
					"avg": 239,
					"count": 2,
					"min": 80,
					"max": 398
				},
				"2024-05-30": {
					"avg": 116,
					"count": 10,
					"min": 56,
					"max": 123
				},
				"2024-05-31": {
					"avg": 134,
					"count": 3,
					"min": 127,
					"max": 147
				},
				"2024-06-01": {
					"avg": 100,
					"count": 5,
					"min": 100,
					"max": 100
				},
				"2024-06-02": {
					"avg": 117,
					"count": 1,
					"min": 117,
					"max": 117
				},
				"2024-06-03": {
					"avg": 155,
					"count": 5,
					"min": 15,
					"max": 221
				},
				"2024-06-04": {
					"avg": 367,
					"count": 2,
					"min": 141,
					"max": 593
				},
				"2024-06-07": {
					"avg": 154,
					"count": 2,
					"min": 149,
					"max": 159
				},
				"2024-06-08": {
					"avg": 120,
					"count": 2,
					"min": 100,
					"max": 139
				},
				"2024-06-09": {
					"avg": 89,
					"count": 3,
					"min": 13,
					"max": 127
				},
				"2024-06-10": {
					"avg": 13,
					"count": 2,
					"min": 13,
					"max": 13
				},
				"2024-06-12": {
					"avg": 98,
					"count": 2,
					"min": 56,
					"max": 140
				},
				"2024-06-14": {
					"avg": 201,
					"count": 1,
					"min": 201,
					"max": 201
				},
				"2024-06-16": {
					"avg": 135,
					"count": 1,
					"min": 135,
					"max": 135
				},
				"2024-06-17": {
					"avg": 112,
					"count": 1,
					"min": 112,
					"max": 112
				},
				"2024-06-18": {
					"avg": 105,
					"count": 2,
					"min": 56,
					"max": 154
				},
				"2024-06-19": {
					"avg": 146,
					"count": 1,
					"min": 146,
					"max": 146
				},
				"2024-06-20": {
					"avg": 18,
					"count": 4,
					"min": 13,
					"max": 30
				},
				"2024-06-21": {
					"avg": 55,
					"count": 7,
					"min": 25,
					"max": 120
				},
				"2024-06-22": {
					"avg": 135,
					"count": 1,
					"min": 135,
					"max": 135
				},
				"2024-06-23": {
					"avg": 25,
					"count": 10,
					"min": 25,
					"max": 25
				},
				"2024-06-24": {
					"avg": 32,
					"count": 4,
					"min": 24,
					"max": 58
				},
				"2024-06-25": {
					"avg": 162,
					"count": 1,
					"min": 162,
					"max": 162
				},
				"2024-06-26": {
					"avg": 773,
					"count": 2,
					"min": 7,
					"max": 1539
				},
				"2024-06-27": {
					"avg": 108,
					"count": 6,
					"min": 15,
					"max": 531
				},
				"2024-06-30": {
					"avg": 135,
					"count": 1,
					"min": 135,
					"max": 135
				},
				"2024-07-01": {
					"avg": 106,
					"count": 2,
					"min": 14,
					"max": 197
				},
				"2024-07-02": {
					"avg": 25,
					"count": 1,
					"min": 25,
					"max": 25
				},
				"2024-07-03": {
					"avg": 164,
					"count": 2,
					"min": 123,
					"max": 204
				},
				"2024-07-04": {
					"avg": 162,
					"count": 1,
					"min": 162,
					"max": 162
				},
				"2024-07-05": {
					"avg": 404,
					"count": 1,
					"min": 404,
					"max": 404
				},
				"2024-07-06": {
					"avg": 162,
					"count": 1,
					"min": 162,
					"max": 162
				},
				"2024-07-07": {
					"avg": 116,
					"count": 2,
					"min": 99,
					"max": 133
				},
				"2024-07-08": {
					"avg": 63,
					"count": 15,
					"min": 30,
					"max": 137
				},
				"2024-07-10": {
					"avg": 18,
					"count": 1,
					"min": 18,
					"max": 18
				},
				"2024-07-11": {
					"avg": 109,
					"count": 3,
					"min": 104,
					"max": 119
				},
				"2024-07-13": {
					"avg": 147,
					"count": 1,
					"min": 147,
					"max": 147
				},
				"2024-07-15": {
					"avg": 100,
					"count": 1,
					"min": 100,
					"max": 100
				},
				"2024-07-17": {
					"avg": 151,
					"count": 1,
					"min": 151,
					"max": 151
				},
				"2024-07-18": {
					"avg": 131,
					"count": 20,
					"min": 114,
					"max": 451
				},
				"2024-07-19": {
					"avg": 33,
					"count": 7,
					"min": 20,
					"max": 107
				},
				"2024-07-20": {
					"avg": 100,
					"count": 1,
					"min": 100,
					"max": 100
				},
				"2024-07-21": {
					"avg": 74,
					"count": 3,
					"min": 16,
					"max": 103
				},
				"2024-07-22": {
					"avg": 100,
					"count": 11,
					"min": 25,
					"max": 177
				},
				"2024-07-24": {
					"avg": 197,
					"count": 41,
					"min": 118,
					"max": 314
				},
				"2024-07-25": {
					"avg": 98,
					"count": 2,
					"min": 54,
					"max": 142
				},
				"2024-07-26": {
					"avg": 132,
					"count": 1,
					"min": 132,
					"max": 132
				},
				"2024-07-27": {
					"avg": 60,
					"count": 4,
					"min": 25,
					"max": 146
				},
				"2024-07-28": {
					"avg": 238,
					"count": 2,
					"min": 188,
					"max": 288
				},
				"2024-07-29": {
					"avg": 224,
					"count": 1,
					"min": 224,
					"max": 224
				},
				"2024-07-30": {
					"avg": 99,
					"count": 2,
					"min": 42,
					"max": 156
				},
				"2024-07-31": {
					"avg": 180,
					"count": 1,
					"min": 180,
					"max": 180
				},
				"2024-08-01": {
					"avg": 142,
					"count": 1,
					"min": 142,
					"max": 142
				},
				"2024-08-02": {
					"avg": 29,
					"count": 108,
					"min": 25,
					"max": 152
				},
				"2024-08-03": {
					"avg": 60,
					"count": 1,
					"min": 60,
					"max": 60
				},
				"2024-08-04": {
					"avg": 91,
					"count": 4,
					"min": 14,
					"max": 147
				},
				"2024-08-05": {
					"avg": 99,
					"count": 26,
					"min": 40,
					"max": 116
				},
				"2024-08-06": {
					"avg": 147,
					"count": 1,
					"min": 147,
					"max": 147
				},
				"2024-08-07": {
					"avg": 38,
					"count": 1,
					"min": 38,
					"max": 38
				},
				"2024-08-08": {
					"avg": 118,
					"count": 1,
					"min": 118,
					"max": 118
				},
				"2024-08-10": {
					"avg": 24,
					"count": 5,
					"min": 19,
					"max": 39
				},
				"2024-08-11": {
					"avg": 86,
					"count": 2,
					"min": 30,
					"max": 142
				},
				"2024-08-12": {
					"avg": 20,
					"count": 2,
					"min": 20,
					"max": 20
				},
				"2024-08-13": {
					"avg": 35,
					"count": 1,
					"min": 35,
					"max": 35
				},
				"2024-08-14": {
					"avg": 29,
					"count": 1,
					"min": 29,
					"max": 29
				},
				"2024-08-15": {
					"avg": 94,
					"count": 4,
					"min": 15,
					"max": 152
				},
				"2024-08-17": {
					"avg": 30,
					"count": 1,
					"min": 30,
					"max": 30
				},
				"2024-08-19": {
					"avg": 25,
					"count": 2,
					"min": 25,
					"max": 25
				},
				"2024-08-20": {
					"avg": 138,
					"count": 5,
					"min": 126,
					"max": 165
				},
				"2024-08-21": {
					"avg": 38,
					"count": 1,
					"min": 38,
					"max": 38
				},
				"2024-08-23": {
					"avg": 25,
					"count": 1,
					"min": 25,
					"max": 25
				},
				"2024-08-24": {
					"avg": 116,
					"count": 8,
					"min": 15,
					"max": 142
				},
				"2024-08-27": {
					"avg": 147,
					"count": 1,
					"min": 147,
					"max": 147
				},
				"2024-08-28": {
					"avg": 63,
					"count": 3,
					"min": 19,
					"max": 131
				},
				"2024-08-29": {
					"avg": 67,
					"count": 1,
					"min": 67,
					"max": 67
				},
				"2024-08-30": {
					"avg": 597,
					"count": 2,
					"min": 167,
					"max": 1027
				},
				"2024-08-31": {
					"avg": 145,
					"count": 7,
					"min": 18,
					"max": 552
				},
				"2024-09-01": {
					"avg": 171,
					"count": 9,
					"min": 18,
					"max": 552
				},
				"2024-09-02": {
					"avg": 2066,
					"count": 1,
					"min": 2066,
					"max": 2066
				},
				"2024-09-03": {
					"avg": 131,
					"count": 1,
					"min": 131,
					"max": 131
				},
				"2024-09-04": {
					"avg": 147,
					"count": 4,
					"min": 147,
					"max": 147
				},
				"2024-09-06": {
					"avg": 171,
					"count": 4,
					"min": 38,
					"max": 552
				},
				"2024-09-07": {
					"avg": 25,
					"count": 5,
					"min": 15,
					"max": 62
				},
				"2024-09-08": {
					"avg": 127,
					"count": 3,
					"min": 66,
					"max": 157
				},
				"2024-09-10": {
					"avg": 16,
					"count": 1,
					"min": 16,
					"max": 16
				},
				"2024-09-11": {
					"avg": 27,
					"count": 2,
					"min": 18,
					"max": 35
				},
				"2024-09-12": {
					"avg": 19,
					"count": 1,
					"min": 19,
					"max": 19
				},
				"2024-09-14": {
					"avg": 311,
					"count": 3,
					"min": 30,
					"max": 452
				},
				"2024-09-16": {
					"avg": 48,
					"count": 1,
					"min": 48,
					"max": 48
				},
				"2024-09-17": {
					"avg": 102,
					"count": 11,
					"min": 20,
					"max": 134
				},
				"2024-09-20": {
					"avg": 24,
					"count": 2,
					"min": 23,
					"max": 25
				},
				"2024-09-21": {
					"avg": 86,
					"count": 2,
					"min": 23,
					"max": 148
				},
				"2024-09-22": {
					"avg": 295,
					"count": 2,
					"min": 38,
					"max": 552
				}
			},
			"avg": 106,
			"avg7": 100,
			"avg28": 100
		},
		"normal-played": {
			"history": {
				"2024-05-24": {
					"avg": 21,
					"count": 12,
					"min": 21,
					"max": 21
				},
				"2024-05-25": {
					"avg": 89,
					"count": 2,
					"min": 75,
					"max": 103
				},
				"2024-05-27": {
					"avg": 134,
					"count": 1,
					"min": 134,
					"max": 134
				},
				"2024-05-31": {
					"avg": 156,
					"count": 1,
					"min": 156,
					"max": 156
				},
				"2024-06-02": {
					"avg": 127,
					"count": 1,
					"min": 127,
					"max": 127
				},
				"2024-06-03": {
					"avg": 500,
					"count": 1,
					"min": 500,
					"max": 500
				},
				"2024-06-06": {
					"avg": 127,
					"count": 1,
					"min": 127,
					"max": 127
				},
				"2024-06-07": {
					"avg": 134,
					"count": 5,
					"min": 16,
					"max": 164
				},
				"2024-06-10": {
					"avg": 137,
					"count": 4,
					"min": 137,
					"max": 137
				},
				"2024-06-19": {
					"avg": 104,
					"count": 5,
					"min": 104,
					"max": 104
				},
				"2024-06-21": {
					"avg": 15,
					"count": 1,
					"min": 15,
					"max": 15
				},
				"2024-06-22": {
					"avg": 136,
					"count": 3,
					"min": 132,
					"max": 138
				},
				"2024-06-23": {
					"avg": 109,
					"count": 8,
					"min": 109,
					"max": 109
				},
				"2024-06-24": {
					"avg": 15,
					"count": 1,
					"min": 15,
					"max": 15
				},
				"2024-06-25": {
					"avg": 17,
					"count": 1,
					"min": 17,
					"max": 17
				},
				"2024-06-27": {
					"avg": 21,
					"count": 6,
					"min": 21,
					"max": 21
				},
				"2024-06-29": {
					"avg": 33,
					"count": 3,
					"min": 17,
					"max": 40
				},
				"2024-06-30": {
					"avg": 28,
					"count": 5,
					"min": 3,
					"max": 127
				},
				"2024-07-02": {
					"avg": 172,
					"count": 2,
					"min": 172,
					"max": 172
				},
				"2024-07-03": {
					"avg": 15,
					"count": 1,
					"min": 15,
					"max": 15
				},
				"2024-07-04": {
					"avg": 115,
					"count": 2,
					"min": 17,
					"max": 212
				},
				"2024-07-06": {
					"avg": 3,
					"count": 1,
					"min": 3,
					"max": 3
				},
				"2024-07-08": {
					"avg": 57,
					"count": 13,
					"min": 26,
					"max": 433
				},
				"2024-07-09": {
					"avg": 124,
					"count": 1,
					"min": 124,
					"max": 124
				},
				"2024-07-10": {
					"avg": 5,
					"count": 1,
					"min": 5,
					"max": 5
				},
				"2024-07-11": {
					"avg": 11,
					"count": 2,
					"min": 10,
					"max": 12
				},
				"2024-07-12": {
					"avg": 67,
					"count": 3,
					"min": 15,
					"max": 137
				},
				"2024-07-13": {
					"avg": 913,
					"count": 1,
					"min": 913,
					"max": 913
				},
				"2024-07-18": {
					"avg": 108,
					"count": 1,
					"min": 108,
					"max": 108
				},
				"2024-07-19": {
					"avg": 15,
					"count": 1,
					"min": 15,
					"max": 15
				},
				"2024-07-20": {
					"avg": 101,
					"count": 7,
					"min": 101,
					"max": 101
				},
				"2024-07-23": {
					"avg": 9,
					"count": 2,
					"min": 9,
					"max": 9
				},
				"2024-07-24": {
					"avg": 130,
					"count": 18,
					"min": 20,
					"max": 167
				},
				"2024-07-26": {
					"avg": 132,
					"count": 4,
					"min": 132,
					"max": 132
				},
				"2024-07-30": {
					"avg": 100,
					"count": 1,
					"min": 100,
					"max": 100
				},
				"2024-07-31": {
					"avg": 80,
					"count": 2,
					"min": 30,
					"max": 129
				},
				"2024-08-04": {
					"avg": 62,
					"count": 2,
					"min": 15,
					"max": 109
				},
				"2024-08-05": {
					"avg": 16,
					"count": 4,
					"min": 14,
					"max": 17
				},
				"2024-08-06": {
					"avg": 25,
					"count": 1,
					"min": 25,
					"max": 25
				},
				"2024-08-07": {
					"avg": 15,
					"count": 6,
					"min": 15,
					"max": 15
				},
				"2024-08-10": {
					"avg": 84,
					"count": 2,
					"min": 15,
					"max": 152
				},
				"2024-08-14": {
					"avg": 130,
					"count": 16,
					"min": 32,
					"max": 149
				},
				"2024-08-16": {
					"avg": 9,
					"count": 6,
					"min": 9,
					"max": 9
				},
				"2024-08-18": {
					"avg": 541,
					"count": 5,
					"min": 533,
					"max": 543
				},
				"2024-08-20": {
					"avg": 75,
					"count": 2,
					"min": 20,
					"max": 130
				},
				"2024-08-21": {
					"avg": 139,
					"count": 1,
					"min": 139,
					"max": 139
				},
				"2024-08-24": {
					"avg": 85,
					"count": 8,
					"min": 27,
					"max": 142
				},
				"2024-08-25": {
					"avg": 25,
					"count": 3,
					"min": 25,
					"max": 25
				},
				"2024-08-27": {
					"avg": 35,
					"count": 10,
					"min": 35,
					"max": 35
				},
				"2024-08-29": {
					"avg": 142,
					"count": 1,
					"min": 142,
					"max": 142
				},
				"2024-08-30": {
					"avg": 72,
					"count": 2,
					"min": 13,
					"max": 130
				},
				"2024-09-01": {
					"avg": 26,
					"count": 18,
					"min": 15,
					"max": 49
				},
				"2024-09-04": {
					"avg": 77,
					"count": 3,
					"min": 13,
					"max": 204
				},
				"2024-09-06": {
					"avg": 25,
					"count": 4,
					"min": 3,
					"max": 41
				},
				"2024-09-09": {
					"avg": 250,
					"count": 1,
					"min": 250,
					"max": 250
				},
				"2024-09-13": {
					"avg": 67,
					"count": 3,
					"min": 36,
					"max": 130
				},
				"2024-09-14": {
					"avg": 26,
					"count": 5,
					"min": 3,
					"max": 35
				},
				"2024-09-16": {
					"avg": 24,
					"count": 47,
					"min": 24,
					"max": 24
				},
				"2024-09-18": {
					"avg": 118,
					"count": 6,
					"min": 15,
					"max": 173
				},
				"2024-09-19": {
					"avg": 15,
					"count": 1,
					"min": 15,
					"max": 15
				},
				"2024-09-20": {
					"avg": 201,
					"count": 1,
					"min": 201,
					"max": 201
				},
				"2024-09-21": {
					"avg": 20,
					"count": 1,
					"min": 20,
					"max": 20
				},
				"2024-09-22": {
					"avg": 46,
					"count": 1,
					"min": 46,
					"max": 46
				}
			},
			"avg": 77,
			"avg7": -1,
			"avg28": -1
		},
		"normal-nearmint": {
			"history": {
				"2024-05-24": {
					"avg": 524,
					"count": 1,
					"min": 524,
					"max": 524
				},
				"2024-05-25": {
					"avg": 99,
					"count": 1,
					"min": 99,
					"max": 99
				},
				"2024-05-27": {
					"avg": 134,
					"count": 3,
					"min": 107,
					"max": 149
				},
				"2024-05-29": {
					"avg": 150,
					"count": 10,
					"min": 150,
					"max": 150
				},
				"2024-05-30": {
					"avg": 42,
					"count": 1,
					"min": 42,
					"max": 42
				},
				"2024-05-31": {
					"avg": 28,
					"count": 1,
					"min": 28,
					"max": 28
				},
				"2024-06-01": {
					"avg": 158,
					"count": 2,
					"min": 97,
					"max": 219
				},
				"2024-06-03": {
					"avg": 29,
					"count": 1,
					"min": 29,
					"max": 29
				},
				"2024-06-05": {
					"avg": 77,
					"count": 3,
					"min": 33,
					"max": 100
				},
				"2024-06-06": {
					"avg": 192,
					"count": 6,
					"min": 177,
					"max": 228
				},
				"2024-06-07": {
					"avg": 148,
					"count": 1,
					"min": 148,
					"max": 148
				},
				"2024-06-08": {
					"avg": 215,
					"count": 2,
					"min": 159,
					"max": 270
				},
				"2024-06-09": {
					"avg": 171,
					"count": 1,
					"min": 171,
					"max": 171
				},
				"2024-06-11": {
					"avg": 115,
					"count": 5,
					"min": 29,
					"max": 197
				},
				"2024-06-12": {
					"avg": 26,
					"count": 1,
					"min": 26,
					"max": 26
				},
				"2024-06-15": {
					"avg": 68,
					"count": 9,
					"min": 32,
					"max": 224
				},
				"2024-06-16": {
					"avg": 136,
					"count": 3,
					"min": 105,
					"max": 152
				},
				"2024-06-17": {
					"avg": 30,
					"count": 1,
					"min": 30,
					"max": 30
				},
				"2024-06-18": {
					"avg": 174,
					"count": 2,
					"min": 127,
					"max": 221
				},
				"2024-06-19": {
					"avg": 180,
					"count": 5,
					"min": 29,
					"max": 528
				},
				"2024-06-20": {
					"avg": 528,
					"count": 1,
					"min": 528,
					"max": 528
				},
				"2024-06-21": {
					"avg": 71,
					"count": 3,
					"min": 39,
					"max": 120
				},
				"2024-06-22": {
					"avg": 50,
					"count": 1,
					"min": 50,
					"max": 50
				},
				"2024-06-23": {
					"avg": 100,
					"count": 3,
					"min": 100,
					"max": 100
				},
				"2024-06-25": {
					"avg": 149,
					"count": 1,
					"min": 149,
					"max": 149
				},
				"2024-06-26": {
					"avg": 1061,
					"count": 2,
					"min": 23,
					"max": 2098
				},
				"2024-06-27": {
					"avg": 45,
					"count": 3,
					"min": 27,
					"max": 54
				},
				"2024-06-29": {
					"avg": 151,
					"count": 1,
					"min": 151,
					"max": 151
				},
				"2024-07-01": {
					"avg": 43,
					"count": 5,
					"min": 29,
					"max": 100
				},
				"2024-07-03": {
					"avg": 131,
					"count": 1,
					"min": 131,
					"max": 131
				},
				"2024-07-04": {
					"avg": 103,
					"count": 1,
					"min": 103,
					"max": 103
				},
				"2024-07-05": {
					"avg": 273,
					"count": 8,
					"min": 37,
					"max": 504
				},
				"2024-07-07": {
					"avg": 109,
					"count": 1,
					"min": 109,
					"max": 109
				},
				"2024-07-08": {
					"avg": 93,
					"count": 4,
					"min": 10,
					"max": 220
				},
				"2024-07-09": {
					"avg": 37,
					"count": 1,
					"min": 37,
					"max": 37
				},
				"2024-07-11": {
					"avg": 25,
					"count": 1,
					"min": 25,
					"max": 25
				},
				"2024-07-14": {
					"avg": 149,
					"count": 4,
					"min": 30,
					"max": 283
				},
				"2024-07-15": {
					"avg": 119,
					"count": 3,
					"min": 84,
					"max": 147
				},
				"2024-07-16": {
					"avg": 49,
					"count": 1,
					"min": 49,
					"max": 49
				},
				"2024-07-18": {
					"avg": 196,
					"count": 7,
					"min": 147,
					"max": 204
				},
				"2024-07-19": {
					"avg": 65,
					"count": 9,
					"min": 25,
					"max": 207
				},
				"2024-07-21": {
					"avg": 97,
					"count": 2,
					"min": 37,
					"max": 157
				},
				"2024-07-22": {
					"avg": 147,
					"count": 3,
					"min": 132,
					"max": 157
				},
				"2024-07-23": {
					"avg": 228,
					"count": 13,
					"min": 104,
					"max": 944
				},
				"2024-07-24": {
					"avg": 158,
					"count": 60,
					"min": 39,
					"max": 199
				},
				"2024-07-25": {
					"avg": 80,
					"count": 1,
					"min": 80,
					"max": 80
				},
				"2024-07-26": {
					"avg": 147,
					"count": 1,
					"min": 147,
					"max": 147
				},
				"2024-07-27": {
					"avg": 210,
					"count": 11,
					"min": 14,
					"max": 614
				},
				"2024-07-28": {
					"avg": 312,
					"count": 2,
					"min": 25,
					"max": 598
				},
				"2024-07-29": {
					"avg": 96,
					"count": 2,
					"min": 22,
					"max": 169
				},
				"2024-07-30": {
					"avg": 1034,
					"count": 1,
					"min": 1034,
					"max": 1034
				},
				"2024-07-31": {
					"avg": 112,
					"count": 3,
					"min": 25,
					"max": 159
				},
				"2024-08-01": {
					"avg": 1024,
					"count": 1,
					"min": 1024,
					"max": 1024
				},
				"2024-08-03": {
					"avg": 37,
					"count": 1,
					"min": 37,
					"max": 37
				},
				"2024-08-04": {
					"avg": 81,
					"count": 3,
					"min": 22,
					"max": 198
				},
				"2024-08-05": {
					"avg": 132,
					"count": 1,
					"min": 132,
					"max": 132
				},
				"2024-08-07": {
					"avg": 87,
					"count": 1,
					"min": 87,
					"max": 87
				},
				"2024-08-08": {
					"avg": 119,
					"count": 8,
					"min": 87,
					"max": 214
				},
				"2024-08-09": {
					"avg": 27,
					"count": 1,
					"min": 27,
					"max": 27
				},
				"2024-08-10": {
					"avg": 304,
					"count": 4,
					"min": 30,
					"max": 836
				},
				"2024-08-11": {
					"avg": 32,
					"count": 1,
					"min": 32,
					"max": 32
				},
				"2024-08-12": {
					"avg": 37,
					"count": 1,
					"min": 37,
					"max": 37
				},
				"2024-08-13": {
					"avg": 119,
					"count": 1,
					"min": 119,
					"max": 119
				},
				"2024-08-15": {
					"avg": 236,
					"count": 2,
					"min": 148,
					"max": 324
				},
				"2024-08-16": {
					"avg": 314,
					"count": 2,
					"min": 29,
					"max": 598
				},
				"2024-08-17": {
					"avg": 433,
					"count": 2,
					"min": 30,
					"max": 836
				},
				"2024-08-19": {
					"avg": 30,
					"count": 2,
					"min": 23,
					"max": 37
				},
				"2024-08-21": {
					"avg": 150,
					"count": 2,
					"min": 147,
					"max": 152
				},
				"2024-08-22": {
					"avg": 128,
					"count": 1,
					"min": 128,
					"max": 128
				},
				"2024-08-23": {
					"avg": 241,
					"count": 2,
					"min": 179,
					"max": 303
				},
				"2024-08-24": {
					"avg": 121,
					"count": 32,
					"min": 39,
					"max": 144
				},
				"2024-08-25": {
					"avg": 318,
					"count": 1,
					"min": 318,
					"max": 318
				},
				"2024-08-26": {
					"avg": 1034,
					"count": 3,
					"min": 1034,
					"max": 1034
				},
				"2024-08-27": {
					"avg": 99,
					"count": 2,
					"min": 49,
					"max": 148
				},
				"2024-08-28": {
					"avg": 69,
					"count": 2,
					"min": 39,
					"max": 99
				},
				"2024-08-30": {
					"avg": 145,
					"count": 7,
					"min": 29,
					"max": 224
				},
				"2024-09-01": {
					"avg": 25,
					"count": 1,
					"min": 25,
					"max": 25
				},
				"2024-09-02": {
					"avg": 220,
					"count": 1,
					"min": 220,
					"max": 220
				},
				"2024-09-03": {
					"avg": 100,
					"count": 1,
					"min": 100,
					"max": 100
				},
				"2024-09-04": {
					"avg": 37,
					"count": 1,
					"min": 37,
					"max": 37
				},
				"2024-09-05": {
					"avg": 94,
					"count": 3,
					"min": 93,
					"max": 95
				},
				"2024-09-07": {
					"avg": 111,
					"count": 2,
					"min": 22,
					"max": 199
				},
				"2024-09-09": {
					"avg": 300,
					"count": 2,
					"min": 25,
					"max": 574
				},
				"2024-09-11": {
					"avg": 103,
					"count": 12,
					"min": 99,
					"max": 147
				},
				"2024-09-13": {
					"avg": 51,
					"count": 2,
					"min": 22,
					"max": 79
				},
				"2024-09-14": {
					"avg": 89,
					"count": 1,
					"min": 89,
					"max": 89
				},
				"2024-09-15": {
					"avg": 42,
					"count": 1,
					"min": 42,
					"max": 42
				},
				"2024-09-16": {
					"avg": 122,
					"count": 2,
					"min": 98,
					"max": 145
				},
				"2024-09-17": {
					"avg": 97,
					"count": 1,
					"min": 97,
					"max": 97
				},
				"2024-09-18": {
					"avg": 87,
					"count": 2,
					"min": 31,
					"max": 142
				},
				"2024-09-19": {
					"avg": 61,
					"count": 2,
					"min": 22,
					"max": 99
				},
				"2024-09-20": {
					"avg": 59,
					"count": 5,
					"min": 26,
					"max": 110
				},
				"2024-09-22": {
					"avg": 124,
					"count": 13,
					"min": 36,
					"max": 498
				}
			},
			"avg": 160,
			"avg7": -1,
			"avg28": -1
		},
		"normal-used": {
			"history": {
				"2024-05-26": {
					"avg": 131,
					"count": 1,
					"min": 131,
					"max": 131
				},
				"2024-05-31": {
					"avg": 72,
					"count": 2,
					"min": 25,
					"max": 119
				},
				"2024-06-03": {
					"avg": 31,
					"count": 1,
					"min": 31,
					"max": 31
				},
				"2024-06-07": {
					"avg": 12,
					"count": 2,
					"min": 12,
					"max": 12
				},
				"2024-06-08": {
					"avg": 422,
					"count": 1,
					"min": 422,
					"max": 422
				},
				"2024-06-10": {
					"avg": 13,
					"count": 4,
					"min": 13,
					"max": 13
				},
				"2024-06-12": {
					"avg": 30,
					"count": 1,
					"min": 30,
					"max": 30
				},
				"2024-06-17": {
					"avg": 121,
					"count": 1,
					"min": 121,
					"max": 121
				},
				"2024-07-04": {
					"avg": 16,
					"count": 1,
					"min": 16,
					"max": 16
				},
				"2024-07-09": {
					"avg": 131,
					"count": 1,
					"min": 131,
					"max": 131
				},
				"2024-07-11": {
					"avg": 15,
					"count": 1,
					"min": 15,
					"max": 15
				},
				"2024-07-14": {
					"avg": 15,
					"count": 1,
					"min": 15,
					"max": 15
				},
				"2024-07-18": {
					"avg": 105,
					"count": 2,
					"min": 105,
					"max": 105
				},
				"2024-07-22": {
					"avg": 75,
					"count": 1,
					"min": 75,
					"max": 75
				},
				"2024-07-24": {
					"avg": 18,
					"count": 2,
					"min": 11,
					"max": 25
				},
				"2024-07-25": {
					"avg": 14,
					"count": 1,
					"min": 14,
					"max": 14
				},
				"2024-07-28": {
					"avg": 25,
					"count": 1,
					"min": 25,
					"max": 25
				},
				"2024-07-30": {
					"avg": 141,
					"count": 6,
					"min": 141,
					"max": 141
				},
				"2024-07-31": {
					"avg": 78,
					"count": 1,
					"min": 78,
					"max": 78
				},
				"2024-08-09": {
					"avg": 19,
					"count": 1,
					"min": 19,
					"max": 19
				},
				"2024-08-11": {
					"avg": 113,
					"count": 5,
					"min": 16,
					"max": 503
				},
				"2024-08-12": {
					"avg": 121,
					"count": 2,
					"min": 10,
					"max": 232
				},
				"2024-08-16": {
					"avg": 93,
					"count": 3,
					"min": 8,
					"max": 143
				},
				"2024-08-20": {
					"avg": 67,
					"count": 4,
					"min": 67,
					"max": 67
				},
				"2024-08-24": {
					"avg": 25,
					"count": 1,
					"min": 25,
					"max": 25
				},
				"2024-08-30": {
					"avg": 140,
					"count": 1,
					"min": 140,
					"max": 140
				},
				"2024-09-01": {
					"avg": 30,
					"count": 1,
					"min": 30,
					"max": 30
				},
				"2024-09-06": {
					"avg": 14,
					"count": 1,
					"min": 14,
					"max": 14
				},
				"2024-09-13": {
					"avg": 137,
					"count": 1,
					"min": 137,
					"max": 137
				},
				"2024-09-15": {
					"avg": 19,
					"count": 1,
					"min": 19,
					"max": 19
				},
				"2024-09-18": {
					"avg": 15,
					"count": 2,
					"min": 15,
					"max": 15
				},
				"2024-09-19": {
					"avg": 25,
					"count": 1,
					"min": 25,
					"max": 25
				},
				"2024-09-23": {
					"avg": 23,
					"count": 4,
					"min": 23,
					"max": 23
				}
			},
			"avg": 73,
			"avg7": -1,
			"avg28": -1
		},
		"normal-poor": {
			"history": {
				"2024-06-02": {
					"avg": 10,
					"count": 1,
					"min": 10,
					"max": 10
				},
				"2024-06-07": {
					"avg": 10,
					"count": 1,
					"min": 10,
					"max": 10
				},
				"2024-06-14": {
					"avg": 25,
					"count": 1,
					"min": 25,
					"max": 25
				},
				"2024-06-20": {
					"avg": 14,
					"count": 4,
					"min": 11,
					"max": 18
				},
				"2024-06-21": {
					"avg": 10,
					"count": 1,
					"min": 10,
					"max": 10
				},
				"2024-06-22": {
					"avg": 159,
					"count": 2,
					"min": 159,
					"max": 159
				},
				"2024-06-23": {
					"avg": 25,
					"count": 4,
					"min": 25,
					"max": 25
				},
				"2024-06-25": {
					"avg": 76,
					"count": 2,
					"min": 25,
					"max": 127
				},
				"2024-06-28": {
					"avg": 13,
					"count": 10,
					"min": 13,
					"max": 13
				},
				"2024-06-30": {
					"avg": 7,
					"count": 1,
					"min": 7,
					"max": 7
				},
				"2024-07-02": {
					"avg": 7,
					"count": 1,
					"min": 7,
					"max": 7
				},
				"2024-07-04": {
					"avg": 332,
					"count": 4,
					"min": 159,
					"max": 506
				},
				"2024-07-06": {
					"avg": 133,
					"count": 2,
					"min": 110,
					"max": 155
				},
				"2024-07-15": {
					"avg": 10,
					"count": 1,
					"min": 10,
					"max": 10
				},
				"2024-07-16": {
					"avg": 25,
					"count": 1,
					"min": 25,
					"max": 25
				},
				"2024-07-18": {
					"avg": 137,
					"count": 1,
					"min": 137,
					"max": 137
				},
				"2024-07-20": {
					"avg": 8,
					"count": 1,
					"min": 8,
					"max": 8
				},
				"2024-07-31": {
					"avg": 99,
					"count": 1,
					"min": 99,
					"max": 99
				},
				"2024-08-03": {
					"avg": 134,
					"count": 1,
					"min": 134,
					"max": 134
				},
				"2024-08-07": {
					"avg": 1210,
					"count": 1,
					"min": 1210,
					"max": 1210
				},
				"2024-08-09": {
					"avg": 11,
					"count": 2,
					"min": 11,
					"max": 11
				},
				"2024-08-16": {
					"avg": 42,
					"count": 8,
					"min": 7,
					"max": 63
				},
				"2024-08-21": {
					"avg": 10,
					"count": 1,
					"min": 10,
					"max": 10
				},
				"2024-08-23": {
					"avg": 140,
					"count": 1,
					"min": 140,
					"max": 140
				},
				"2024-08-24": {
					"avg": 15,
					"count": 1,
					"min": 15,
					"max": 15
				},
				"2024-09-06": {
					"avg": 134,
					"count": 1,
					"min": 134,
					"max": 134
				},
				"2024-09-07": {
					"avg": 17,
					"count": 1,
					"min": 17,
					"max": 17
				},
				"2024-09-18": {
					"avg": 10,
					"count": 1,
					"min": 10,
					"max": 10
				},
				"2024-09-23": {
					"avg": 18,
					"count": 27,
					"min": 18,
					"max": 18
				}
			},
			"avg": 62,
			"avg7": -1,
			"avg28": -1
		}
	}
}