{
	"data": {
		"normal-good": {
			"history": {
				"2022-11-13": {
					"avg": 66,
					"count": 11
				},
				"2022-11-14": {
					"avg": 108,
					"count": 1
				},
				"2022-11-15": {
					"avg": 84,
					"count": 4
				},
				"2022-11-16": {
					"avg": 59,
					"count": 182
				},
				"2022-11-17": {
					"avg": 253,
					"count": 14
				},
				"2022-11-18": {
					"avg": 82,
					"count": 1
				},
				"2022-11-19": {
					"avg": 190,
					"count": 4,
					"min": 16,
					"max": 519
				},
				"2022-11-20": {
					"avg": 18,
					"count": 1,
					"min": 18,
					"max": 18
				},
				"2022-11-22": {
					"avg": 24,
					"count": 1,
					"min": 24,
					"max": 24
				},
				"2022-11-23": {
					"avg": 119,
					"count": 1,
					"min": 119,
					"max": 119
				},
				"2022-11-25": {
					"avg": 120,
					"count": 14,
					"min": 18,
					"max": 171
				},
				"2022-11-26": {
					"avg": 388,
					"count": 100,
					"min": 30,
					"max": 822
				},
				"2022-11-27": {
					"avg": 111,
					"count": 2,
					"min": 97,
					"max": 124
				},
				"2022-11-28": {
					"avg": 48,
					"count": 2,
					"min": 22,
					"max": 73
				},
				"2022-11-29": {
					"avg": 105,
					"count": 4,
					"min": 83,
					"max": 115
				},
				"2022-11-30": {
					"avg": 32,
					"count": 2,
					"min": 15,
					"max": 50
				},
				"2022-12-01": {
					"avg": 61,
					"count": 5,
					"min": 50,
					"max": 97
				},
				"2022-12-02": {
					"avg": 55,
					"count": 2,
					"min": 20,
					"max": 90
				},
				"2022-12-03": {
					"avg": 50,
					"count": 1,
					"min": 50,
					"max": 50
				},
				"2022-12-04": {
					"avg": 105,
					"count": 4,
					"min": 18,
					"max": 156
				},
				"2022-12-05": {
					"avg": 83,
					"count": 246,
					"min": 6,
					"max": 375
				},
				"2022-12-07": {
					"avg": 226,
					"count": 3,
					"min": 104,
					"max": 471
				},
				"2022-12-09": {
					"avg": 31,
					"count": 6,
					"min": 15,
					"max": 82
				},
				"2022-12-10": {
					"avg": 93,
					"count": 133,
					"min": 20,
					"max": 514
				},
				"2022-12-11": {
					"avg": 105,
					"count": 2,
					"min": 104,
					"max": 105
				},
				"2022-12-12": {
					"avg": 317,
					"count": 2,
					"min": 34,
					"max": 599
				},
				"2022-12-13": {
					"avg": 114,
					"count": 2,
					"min": 52,
					"max": 175
				},
				"2022-12-14": {
					"avg": 148,
					"count": 1,
					"min": 148,
					"max": 148
				},
				"2022-12-15": {
					"avg": 289,
					"count": 4,
					"min": 97,
					"max": 492
				},
				"2022-12-16": {
					"avg": 75,
					"count": 25,
					"min": 10,
					"max": 416
				},
				"2022-12-17": {
					"avg": 117,
					"count": 2,
					"min": 114,
					"max": 119
				},
				"2022-12-18": {
					"avg": 106,
					"count": 10,
					"min": 50,
					"max": 283
				},
				"2022-12-19": {
					"avg": 36,
					"count": 2,
					"min": 24,
					"max": 48
				},
				"2022-12-20": {
					"avg": 34,
					"count": 2,
					"min": 20,
					"max": 48
				},
				"2022-12-21": {
					"avg": 51,
					"count": 2,
					"min": 50,
					"max": 52
				},
				"2022-12-22": {
					"avg": 99,
					"count": 1,
					"min": 99,
					"max": 99
				},
				"2022-12-23": {
					"avg": 89,
					"count": 6,
					"min": 10,
					"max": 115
				},
				"2022-12-24": {
					"avg": 97,
					"count": 2,
					"min": 11,
					"max": 183
				},
				"2022-12-25": {
					"avg": 29,
					"count": 3,
					"min": 29,
					"max": 29
				},
				"2022-12-27": {
					"avg": 104,
					"count": 1,
					"min": 104,
					"max": 104
				},
				"2022-12-28": {
					"avg": 62,
					"count": 2,
					"min": 13,
					"max": 110
				},
				"2022-12-29": {
					"avg": 28,
					"count": 21,
					"min": 18,
					"max": 104
				},
				"2022-12-30": {
					"avg": 100,
					"count": 2,
					"min": 25,
					"max": 175
				},
				"2022-12-31": {
					"avg": 60,
					"count": 2,
					"min": 54,
					"max": 66
				},
				"2023-01-02": {
					"avg": 137,
					"count": 93,
					"min": 16,
					"max": 425
				},
				"2023-01-03": {
					"avg": 104,
					"count": 11,
					"min": 20,
					"max": 125
				},
				"2023-01-04": {
					"avg": 20,
					"count": 2,
					"min": 20,
					"max": 20
				},
				"2023-01-05": {
					"avg": 98,
					"count": 6,
					"min": 10,
					"max": 214
				},
				"2023-01-06": {
					"avg": 87,
					"count": 2,
					"min": 25,
					"max": 149
				},
				"2023-01-08": {
					"avg": 195,
					"count": 1,
					"min": 195,
					"max": 195
				},
				"2023-01-09": {
					"avg": 112,
					"count": 2,
					"min": 108,
					"max": 115
				},
				"2023-01-10": {
					"avg": 75,
					"count": 6,
					"min": 49,
					"max": 110
				},
				"2023-01-11": {
					"avg": 33,
					"count": 33,
					"min": 19,
					"max": 148
				},
				"2023-01-12": {
					"avg": 70,
					"count": 11,
					"min": 16,
					"max": 180
				},
				"2023-02-06": {
					"avg": 30,
					"count": 1,
					"min": 30,
					"max": 30
				},
				"2023-02-07": {
					"avg": 102,
					"count": 2,
					"min": 97,
					"max": 106
				},
				"2023-02-10": {
					"avg": 117,
					"count": 7,
					"min": 25,
					"max": 449
				},
				"2023-02-11": {
					"avg": 89,
					"count": 6,
					"min": 13,
					"max": 104
				},
				"2023-02-12": {
					"avg": 34,
					"count": 7,
					"min": 9,
					"max": 97
				},
				"2023-02-13": {
					"avg": 94,
					"count": 14,
					"min": 24,
					"max": 100
				},
				"2023-02-15": {
					"avg": 67,
					"count": 14,
					"min": 19,
					"max": 164
				},
				"2023-02-16": {
					"avg": 33,
					"count": 3,
					"min": 25,
					"max": 48
				},
				"2023-02-17": {
					"avg": 36,
					"count": 4,
					"min": 6,
					"max": 48
				},
				"2023-02-18": {
					"avg": 179,
					"count": 2,
					"min": 159,
					"max": 199
				},
				"2023-02-19": {
					"avg": 69,
					"count": 6,
					"min": 20,
					"max": 135
				},
				"2023-02-20": {
					"avg": 98,
					"count": 4,
					"min": 48,
					"max": 147
				},
				"2023-02-21": {
					"avg": 151,
					"count": 2,
					"min": 147,
					"max": 154
				},
				"2023-02-22": {
					"avg": 57,
					"count": 2,
					"min": 40,
					"max": 74
				},
				"2023-02-23": {
					"avg": 50,
					"count": 4,
					"min": 9,
					"max": 97
				},
				"2023-02-24": {
					"avg": 18,
					"count": 2,
					"min": 13,
					"max": 22
				},
				"2023-02-26": {
					"avg": 388,
					"count": 4,
					"min": 46,
					"max": 886
				},
				"2023-02-27": {
					"avg": 317,
					"count": 2,
					"min": 110,
					"max": 524
				},
				"2023-02-28": {
					"avg": 61,
					"count": 43,
					"min": 15,
					"max": 229
				},
				"2023-03-01": {
					"avg": 27,
					"count": 2,
					"min": 25,
					"max": 29
				},
				"2023-03-02": {
					"avg": 155,
					"count": 5,
					"min": 74,
					"max": 175
				},
				"2023-03-03": {
					"avg": 14,
					"count": 4,
					"min": 10,
					"max": 15
				},
				"2023-03-04": {
					"avg": 50,
					"count": 1,
					"min": 50,
					"max": 50
				},
				"2023-03-06": {
					"avg": 68,
					"count": 7,
					"min": 30,
					"max": 209
				},
				"2023-03-07": {
					"avg": 137,
					"count": 4,
					"min": 107,
					"max": 147
				},
				"2023-03-09": {
					"avg": 107,
					"count": 3,
					"min": 25,
					"max": 173
				},
				"2023-03-10": {
					"avg": 89,
					"count": 2,
					"min": 59,
					"max": 119
				},
				"2023-03-12": {
					"avg": 184,
					"count": 3,
					"min": 24,
					"max": 503
				},
				"2023-03-14": {
					"avg": 149,
					"count": 27,
					"min": 9,
					"max": 280
				},
				"2023-03-15": {
					"avg": 106,
					"count": 5,
					"min": 97,
					"max": 110
				},
				"2023-03-16": {
					"avg": 89,
					"count": 1,
					"min": 89,
					"max": 89
				},
				"2023-03-17": {
					"avg": 112,
					"count": 2,
					"min": 100,
					"max": 124
				},
				"2023-03-18": {
					"avg": 132,
					"count": 2,
					"min": 123,
					"max": 140
				},
				"2023-03-19": {
					"avg": 44,
					"count": 36,
					"min": 10,
					"max": 234
				},
				"2023-03-20": {
					"avg": 113,
					"count": 3,
					"min": 106,
					"max": 117
				},
				"2023-03-21": {
					"avg": 286,
					"count": 1,
					"min": 286,
					"max": 286
				},
				"2023-03-22": {
					"avg": 313,
					"count": 112,
					"min": 149,
					"max": 314
				},
				"2023-03-23": {
					"avg": 73,
					"count": 3,
					"min": 12,
					"max": 120
				},
				"2023-03-24": {
					"avg": 101,
					"count": 30,
					"min": 12,
					"max": 114
				},
				"2023-03-25": {
					"avg": 52,
					"count": 35,
					"min": 25,
					"max": 227
				},
				"2023-03-26": {
					"avg": 123,
					"count": 2,
					"min": 122,
					"max": 123
				},
				"2023-03-27": {
					"avg": 35,
					"count": 1,
					"min": 35,
					"max": 35
				},
				"2023-03-28": {
					"avg": 78,
					"count": 4,
					"min": 22,
					"max": 137
				},
				"2023-03-29": {
					"avg": 111,
					"count": 10,
					"min": 15,
					"max": 225
				},
				"2023-03-31": {
					"avg": 119,
					"count": 29,
					"min": 25,
					"max": 144
				},
				"2023-04-01": {
					"avg": 106,
					"count": 13,
					"min": 19,
					"max": 118
				},
				"2023-04-02": {
					"avg": 108,
					"count": 3,
					"min": 20,
					"max": 179
				},
				"2023-04-03": {
					"avg": 135,
					"count": 29,
					"min": 126,
					"max": 337
				},
				"2023-04-04": {
					"avg": 473,
					"count": 2,
					"min": 111,
					"max": 835
				},
				"2023-04-05": {
					"avg": 118,
					"count": 6,
					"min": 11,
					"max": 214
				},
				"2023-04-06": {
					"avg": 352,
					"count": 4,
					"min": 83,
					"max": 514
				},
				"2023-04-07": {
					"avg": 98,
					"count": 6,
					"min": 39,
					"max": 110
				},
				"2023-04-08": {
					"avg": 15,
					"count": 3,
					"min": 15,
					"max": 15
				},
				"2023-04-09": {
					"avg": 103,
					"count": 10,
					"min": 20,
					"max": 147
				},
				"2023-04-10": {
					"avg": 106,
					"count": 1,
					"min": 106,
					"max": 106
				},
				"2023-04-11": {
					"avg": 25,
					"count": 2,
					"min": 25,
					"max": 25
				},
				"2023-04-14": {
					"avg": 141,
					"count": 1,
					"min": 141,
					"max": 141
				},
				"2023-04-16": {
					"avg": 12,
					"count": 3,
					"min": 6,
					"max": 25
				},
				"2023-04-17": {
					"avg": 158,
					"count": 1,
					"min": 158,
					"max": 158
				},
				"2023-04-18": {
					"avg": 87,
					"count": 2,
					"min": 87,
					"max": 87
				},
				"2023-04-19": {
					"avg": 68,
					"count": 2,
					"min": 25,
					"max": 110
				},
				"2023-04-20": {
					"avg": 117,
					"count": 2,
					"min": 107,
					"max": 127
				},
				"2023-04-21": {
					"avg": 23,
					"count": 2,
					"min": 11,
					"max": 35
				},
				"2023-04-22": {
					"avg": 305,
					"count": 11,
					"min": 10,
					"max": 512
				},
				"2023-04-23": {
					"avg": 182,
					"count": 3,
					"min": 25,
					"max": 378
				},
				"2023-04-25": {
					"avg": 49,
					"count": 2,
					"min": 39,
					"max": 59
				},
				"2023-04-27": {
					"avg": 137,
					"count": 4,
					"min": 35,
					"max": 171
				},
				"2023-04-28": {
					"avg": 252,
					"count": 155,
					"min": 17,
					"max": 428
				},
				"2023-04-29": {
					"avg": 67,
					"count": 2,
					"min": 25,
					"max": 108
				},
				"2023-05-01": {
					"avg": 102,
					"count": 6,
					"min": 17,
					"max": 174
				},
				"2023-05-02": {
					"avg": 821,
					"count": 32,
					"min": 818,
					"max": 823
				},
				"2023-05-03": {
					"avg": 88,
					"count": 2,
					"min": 31,
					"max": 144
				},
				"2023-05-04": {
					"avg": 114,
					"count": 2,
					"min": 100,
					"max": 128
				},
				"2023-05-05": {
					"avg": 113,
					"count": 4,
					"min": 57,
					"max": 191
				},
				"2023-05-06": {
					"avg": 48,
					"count": 8,
					"min": 12,
					"max": 274
				},
				"2023-05-07": {
					"avg": 59,
					"count": 79,
					"min": 11,
					"max": 209
				},
				"2023-05-09": {
					"avg": 121,
					"count": 1,
					"min": 121,
					"max": 121
				},
				"2023-05-10": {
					"avg": 137,
					"count": 13,
					"min": 63,
					"max": 147
				},
				"2023-05-12": {
					"avg": 49,
					"count": 9,
					"min": 12,
					"max": 140
				},
				"2023-05-14": {
					"avg": 69,
					"count": 27,
					"min": 8,
					"max": 73
				},
				"2023-05-15": {
					"avg": 99,
					"count": 4,
					"min": 46,
					"max": 124
				},
				"2023-05-16": {
					"avg": 70,
					"count": 2,
					"min": 25,
					"max": 115
				},
				"2023-05-17": {
					"avg": 184,
					"count": 3,
					"min": 13,
					"max": 524
				},
				"2023-05-18": {
					"avg": 99,
					"count": 2,
					"min": 18,
					"max": 179
				},
				"2023-05-19": {
					"avg": 35,
					"count": 56,
					"min": 25,
					"max": 144
				},
				"2023-05-20": {
					"avg": 187,
					"count": 3,
					"min": 15,
					"max": 519
				},
				"2023-05-22": {
					"avg": 113,
					"count": 3,
					"min": 20,
					"max": 166
				},
				"2023-05-24": {
					"avg": 52,
					"count": 11,
					"min": 12,
					"max": 113
				},
				"2023-05-25": {
					"avg": 75,
					"count": 3,
					"min": 13,
					"max": 148
				},
				"2023-05-26": {
					"avg": 46,
					"count": 1,
					"min": 46,
					"max": 46
				},
				"2023-05-27": {
					"avg": 50,
					"count": 13,
					"min": 11,
					"max": 110
				},
				"2023-05-28": {
					"avg": 93,
					"count": 3,
					"min": 60,
					"max": 110
				},
				"2023-05-29": {
					"avg": 16,
					"count": 9,
					"min": 15,
					"max": 22
				},
				"2023-05-30": {
					"avg": 46,
					"count": 3,
					"min": 22,
					"max": 89
				},
				"2023-05-31": {
					"avg": 143,
					"count": 3,
					"min": 110,
					"max": 199
				},
				"2023-06-01": {
					"avg": 163,
					"count": 168,
					"min": 15,
					"max": 1099
				},
				"2023-06-02": {
					"avg": 111,
					"count": 3,
					"min": 64,
					"max": 149
				},
				"2023-06-04": {
					"avg": 74,
					"count": 2,
					"min": 48,
					"max": 99
				},
				"2023-06-05": {
					"avg": 26,
					"count": 1,
					"min": 26,
					"max": 26
				},
				"2023-06-06": {
					"avg": 59,
					"count": 2,
					"min": 19,
					"max": 99
				},
				"2023-06-07": {
					"avg": 77,
					"count": 2,
					"min": 25,
					"max": 129
				},
				"2023-06-10": {
					"avg": 38,
					"count": 4,
					"min": 15,
					"max": 102
				},
				"2023-06-12": {
					"avg": 100,
					"count": 1,
					"min": 100,
					"max": 100
				},
				"2023-06-13": {
					"avg": 13,
					"count": 2,
					"min": 13,
					"max": 13
				},
				"2023-06-14": {
					"avg": 12,
					"count": 1,
					"min": 12,
					"max": 12
				},
				"2023-06-15": {
					"avg": 222,
					"count": 5,
					"min": 13,
					"max": 527
				},
				"2023-06-16": {
					"avg": 102,
					"count": 2,
					"min": 79,
					"max": 124
				},
				"2023-06-17": {
					"avg": 84,
					"count": 74,
					"min": 13,
					"max": 126
				},
				"2023-06-18": {
					"avg": 159,
					"count": 115,
					"min": 25,
					"max": 196
				},
				"2023-06-19": {
					"avg": 18,
					"count": 1,
					"min": 18,
					"max": 18
				},
				"2023-06-20": {
					"avg": 22,
					"count": 2,
					"min": 19,
					"max": 25
				},
				"2023-06-22": {
					"avg": 110,
					"count": 9,
					"min": 13,
					"max": 399
				},
				"2023-06-23": {
					"avg": 344,
					"count": 17,
					"min": 19,
					"max": 500
				},
				"2023-06-24": {
					"avg": 80,
					"count": 7,
					"min": 25,
					"max": 144
				},
				"2023-06-25": {
					"avg": 51,
					"count": 3,
					"min": 15,
					"max": 118
				},
				"2023-06-26": {
					"avg": 93,
					"count": 6,
					"min": 15,
					"max": 108
				},
				"2023-06-27": {
					"avg": 155,
					"count": 8,
					"min": 103,
					"max": 197
				},
				"2023-06-28": {
					"avg": 99,
					"count": 1,
					"min": 99,
					"max": 99
				},
				"2023-06-29": {
					"avg": 60,
					"count": 2,
					"min": 25,
					"max": 94
				},
				"2023-06-30": {
					"avg": 138,
					"count": 3,
					"min": 15,
					"max": 383
				},
				"2023-07-01": {
					"avg": 108,
					"count": 1,
					"min": 108,
					"max": 108
				},
				"2023-07-02": {
					"avg": 38,
					"count": 3,
					"min": 25,
					"max": 50
				},
				"2023-07-03": {
					"avg": 17,
					"count": 2,
					"min": 15,
					"max": 19
				},
				"2023-07-04": {
					"avg": 42,
					"count": 85,
					"min": 15,
					"max": 133
				},
				"2023-07-05": {
					"avg": 125,
					"count": 3,
					"min": 110,
					"max": 156
				},
				"2023-07-06": {
					"avg": 155,
					"count": 45,
					"min": 15,
					"max": 948
				},
				"2023-07-07": {
					"avg": 24,
					"count": 1,
					"min": 24,
					"max": 24
				},
				"2023-07-08": {
					"avg": 75,
					"count": 3,
					"min": 10,
					"max": 120
				},
				"2023-07-09": {
					"avg": 113,
					"count": 1,
					"min": 113,
					"max": 113
				},
				"2023-07-10": {
					"avg": 54,
					"count": 4,
					"min": 35,
					"max": 68
				},
				"2023-07-11": {
					"avg": 285,
					"count": 5,
					"min": 24,
					"max": 435
				},
				"2023-07-12": {
					"avg": 175,
					"count": 3,
					"min": 18,
					"max": 481
				},
				"2023-07-13": {
					"avg": 59,
					"count": 3,
					"min": 15,
					"max": 125
				},
				"2023-07-14": {
					"avg": 187,
					"count": 5,
					"min": 65,
					"max": 509
				},
				"2023-07-15": {
					"avg": 55,
					"count": 2,
					"min": 20,
					"max": 90
				},
				"2023-07-16": {
					"avg": 49,
					"count": 5,
					"min": 10,
					"max": 104
				},
				"2023-07-17": {
					"avg": 51,
					"count": 2,
					"min": 43,
					"max": 58
				},
				"2023-07-18": {
					"avg": 55,
					"count": 5,
					"min": 10,
					"max": 131
				},
				"2023-07-19": {
					"avg": 24,
					"count": 2,
					"min": 24,
					"max": 24
				},
				"2023-07-20": {
					"avg": 47,
					"count": 15,
					"min": 21,
					"max": 122
				},
				"2023-07-21": {
					"avg": 70,
					"count": 3,
					"min": 15,
					"max": 169
				},
				"2023-07-22": {
					"avg": 220,
					"count": 6,
					"min": 15,
					"max": 383
				},
				"2023-07-23": {
					"avg": 69,
					"count": 4,
					"min": 15,
					"max": 184
				},
				"2023-07-24": {
					"avg": 63,
					"count": 1,
					"min": 63,
					"max": 63
				},
				"2023-07-25": {
					"avg": 144,
					"count": 11,
					"min": 15,
					"max": 409
				},
				"2023-07-26": {
					"avg": 55,
					"count": 6,
					"min": 11,
					"max": 130
				},
				"2023-07-27": {
					"avg": 15,
					"count": 1,
					"min": 15,
					"max": 15
				},
				"2023-07-28": {
					"avg": 341,
					"count": 3,
					"min": 125,
					"max": 499
				},
				"2023-07-29": {
					"avg": 134,
					"count": 65,
					"min": 15,
					"max": 499
				},
				"2023-07-30": {
					"avg": 465,
					"count": 5,
					"min": 31,
					"max": 1028
				},
				"2023-07-31": {
					"avg": 199,
					"count": 5,
					"min": 8,
					"max": 823
				},
				"2023-08-01": {
					"avg": 137,
					"count": 5,
					"min": 127,
					"max": 143
				},
				"2023-08-02": {
					"avg": 49,
					"count": 6,
					"min": 17,
					"max": 107
				},
				"2023-08-03": {
					"avg": 113,
					"count": 2,
					"min": 108,
					"max": 117
				},
				"2023-08-04": {
					"avg": 186,
					"count": 4,
					"min": 23,
					"max": 499
				},
				"2023-08-05": {
					"avg": 19,
					"count": 1,
					"min": 19,
					"max": 19
				},
				"2023-08-06": {
					"avg": 32,
					"count": 5,
					"min": 20,
					"max": 79
				},
				"2023-08-07": {
					"avg": 220,
					"count": 19,
					"min": 23,
					"max": 423
				},
				"2023-08-08": {
					"avg": 81,
					"count": 4,
					"min": 24,
					"max": 103
				},
				"2023-08-09": {
					"avg": 132,
					"count": 13,
					"min": 68,
					"max": 509
				},
				"2023-08-10": {
					"avg": 156,
					"count": 6,
					"min": 24,
					"max": 204
				},
				"2023-08-11": {
					"avg": 99,
					"count": 4,
					"min": 15,
					"max": 248
				},
				"2023-08-12": {
					"avg": 117,
					"count": 49,
					"min": 15,
					"max": 124
				},
				"2023-08-14": {
					"avg": 71,
					"count": 6,
					"min": 15,
					"max": 110
				},
				"2023-08-15": {
					"avg": 147,
					"count": 1,
					"min": 147,
					"max": 147
				},
				"2023-08-16": {
					"avg": 100,
					"count": 11,
					"min": 10,
					"max": 524
				},
				"2023-08-17": {
					"avg": 182,
					"count": 3,
					"min": 21,
					"max": 327
				},
				"2023-08-18": {
					"avg": 139,
					"count": 1,
					"min": 139,
					"max": 139
				},
				"2023-08-19": {
					"avg": 29,
					"count": 1,
					"min": 29,
					"max": 29
				},
				"2023-08-20": {
					"avg": 23,
					"count": 1,
					"min": 23,
					"max": 23
				},
				"2023-08-21": {
					"avg": 39,
					"count": 1,
					"min": 39,
					"max": 39
				},
				"2023-08-23": {
					"avg": 144,
					"count": 5,
					"min": 23,
					"max": 474
				},
				"2023-08-24": {
					"avg": 75,
					"count": 5,
					"min": 20,
					"max": 124
				},
				"2023-08-25": {
					"avg": 80,
					"count": 13,
					"min": 8,
					"max": 143
				},
				"2023-08-26": {
					"avg": 62,
					"count": 7,
					"min": 23,
					"max": 124
				},
				"2023-08-27": {
					"avg": 22,
					"count": 3,
					"min": 22,
					"max": 22
				},
				"2023-08-28": {
					"avg": 37,
					"count": 4,
					"min": 5,
					"max": 99
				},
				"2023-08-29": {
					"avg": 174,
					"count": 2,
					"min": 150,
					"max": 198
				},
				"2023-08-30": {
					"avg": 42,
					"count": 3,
					"min": 4,
					"max": 97
				},
				"2023-08-31": {
					"avg": 24,
					"count": 2,
					"min": 23,
					"max": 25
				},
				"2023-09-01": {
					"avg": 9,
					"count": 1,
					"min": 9,
					"max": 9
				},
				"2023-09-02": {
					"avg": 23,
					"count": 11,
					"min": 21,
					"max": 25
				},
				"2023-09-03": {
					"avg": 196,
					"count": 23,
					"min": 10,
					"max": 208
				},
				"2023-09-04": {
					"avg": 100,
					"count": 2,
					"min": 97,
					"max": 104
				},
				"2023-09-05": {
					"avg": 93,
					"count": 5,
					"min": 25,
					"max": 110
				},
				"2023-09-06": {
					"avg": 20,
					"count": 1,
					"min": 20,
					"max": 20
				},
				"2023-09-07": {
					"avg": 111,
					"count": 2,
					"min": 100,
					"max": 122
				},
				"2023-09-08": {
					"avg": 124,
					"count": 1,
					"min": 124,
					"max": 124
				},
				"2023-09-09": {
					"avg": 27,
					"count": 41,
					"min": 25,
					"max": 104
				},
				"2023-09-10": {
					"avg": 1075,
					"count": 1,
					"min": 1075,
					"max": 1075
				},
				"2023-09-11": {
					"avg": 89,
					"count": 4,
					"min": 23,
					"max": 124
				},
				"2023-09-12": {
					"avg": 119,
					"count": 3,
					"min": 24,
					"max": 229
				},
				"2023-09-13": {
					"avg": 304,
					"count": 3,
					"min": 13,
					"max": 449
				},
				"2023-09-14": {
					"avg": 93,
					"count": 3,
					"min": 34,
					"max": 122
				},
				"2023-09-15": {
					"avg": 153,
					"count": 1,
					"min": 153,
					"max": 153
				},
				"2023-09-16": {
					"avg": 90,
					"count": 4,
					"min": 45,
					"max": 105
				},
				"2023-09-17": {
					"avg": 72,
					"count": 31,
					"min": 54,
					"max": 199
				},
				"2023-09-18": {
					"avg": 123,
					"count": 5,
					"min": 10,
					"max": 284
				},
				"2023-09-19": {
					"avg": 23,
					"count": 1,
					"min": 23,
					"max": 23
				},
				"2023-09-20": {
					"avg": 25,
					"count": 2,
					"min": 24,
					"max": 25
				},
				"2023-09-22": {
					"avg": 63,
					"count": 2,
					"min": 15,
					"max": 110
				},
				"2023-09-23": {
					"avg": 153,
					"count": 23,
					"min": 25,
					"max": 549
				},
				"2023-09-24": {
					"avg": 88,
					"count": 2,
					"min": 73,
					"max": 103
				},
				"2023-09-25": {
					"avg": 87,
					"count": 12,
					"min": 15,
					"max": 144
				},
				"2023-09-26": {
					"avg": 103,
					"count": 2,
					"min": 103,
					"max": 103
				},
				"2023-09-27": {
					"avg": 71,
					"count": 2,
					"min": 23,
					"max": 119
				},
				"2023-09-28": {
					"avg": 139,
					"count": 2,
					"min": 124,
					"max": 154
				},
				"2023-09-29": {
					"avg": 101,
					"count": 12,
					"min": 101,
					"max": 101
				},
				"2023-09-30": {
					"avg": 196,
					"count": 12,
					"min": 104,
					"max": 303
				},
				"2023-10-01": {
					"avg": 19,
					"count": 2,
					"min": 15,
					"max": 23
				},
				"2023-10-02": {
					"avg": 185,
					"count": 8,
					"min": 82,
					"max": 449
				},
				"2023-10-03": {
					"avg": 168,
					"count": 1,
					"min": 168,
					"max": 168
				},
				"2023-10-04": {
					"avg": 144,
					"count": 6,
					"min": 29,
					"max": 327
				},
				"2023-10-05": {
					"avg": 260,
					"count": 21,
					"min": 62,
					"max": 581
				},
				"2023-10-06": {
					"avg": 132,
					"count": 3,
					"min": 77,
					"max": 221
				},
				"2023-10-07": {
					"avg": 16,
					"count": 1,
					"min": 16,
					"max": 16
				},
				"2023-10-08": {
					"avg": 57,
					"count": 5,
					"min": 25,
					"max": 122
				},
				"2023-10-09": {
					"avg": 71,
					"count": 24,
					"min": 17,
					"max": 239
				},
				"2023-10-10": {
					"avg": 100,
					"count": 1,
					"min": 100,
					"max": 100
				},
				"2023-10-11": {
					"avg": 24,
					"count": 1,
					"min": 24,
					"max": 24
				},
				"2023-10-12": {
					"avg": 45,
					"count": 7,
					"min": 18,
					"max": 110
				},
				"2023-10-13": {
					"avg": 24,
					"count": 5,
					"min": 4,
					"max": 39
				},
				"2023-10-14": {
					"avg": 11,
					"count": 1,
					"min": 11,
					"max": 11
				},
				"2023-10-16": {
					"avg": 112,
					"count": 7,
					"min": 15,
					"max": 270
				},
				"2023-10-17": {
					"avg": 88,
					"count": 7,
					"min": 15,
					"max": 399
				},
				"2023-10-18": {
					"avg": 132,
					"count": 1,
					"min": 132,
					"max": 132
				},
				"2023-10-19": {
					"avg": 52,
					"count": 36,
					"min": 15,
					"max": 209
				},
				"2023-10-20": {
					"avg": 148,
					"count": 31,
					"min": 15,
					"max": 171
				},
				"2023-10-21": {
					"avg": 15,
					"count": 8,
					"min": 12,
					"max": 15
				},
				"2023-10-23": {
					"avg": 103,
					"count": 4,
					"min": 13,
					"max": 261
				},
				"2023-10-24": {
					"avg": 133,
					"count": 1,
					"min": 133,
					"max": 133
				},
				"2023-10-25": {
					"avg": 77,
					"count": 6,
					"min": 10,
					"max": 411
				},
				"2023-10-26": {
					"avg": 15,
					"count": 1,
					"min": 15,
					"max": 15
				},
				"2023-10-28": {
					"avg": 115,
					"count": 56,
					"min": 15,
					"max": 149
				},
				"2023-10-29": {
					"avg": 416,
					"count": 2,
					"min": 382,
					"max": 449
				},
				"2023-10-30": {
					"avg": 226,
					"count": 2,
					"min": 124,
					"max": 328
				},
				"2023-10-31": {
					"avg": 12,
					"count": 1,
					"min": 12,
					"max": 12
				},
				"2023-11-01": {
					"avg": 299,
					"count": 2,
					"min": 149,
					"max": 449
				},
				"2023-11-02": {
					"avg": 30,
					"count": 1,
					"min": 30,
					"max": 30
				},
				"2023-11-03": {
					"avg": 97,
					"count": 1,
					"min": 97,
					"max": 97
				},
				"2023-11-04": {
					"avg": 162,
					"count": 6,
					"min": 39,
					"max": 525
				},
				"2023-11-06": {
					"avg": 150,
					"count": 3,
					"min": 111,
					"max": 215
				},
				"2023-11-07": {
					"avg": 145,
					"count": 3,
					"min": 114,
					"max": 162
				},
				"2023-11-08": {
					"avg": 97,
					"count": 1,
					"min": 97,
					"max": 97
				},
				"2023-11-09": {
					"avg": 49,
					"count": 9,
					"min": 15,
					"max": 108
				},
				"2023-11-10": {
					"avg": 96,
					"count": 1,
					"min": 96,
					"max": 96
				},
				"2023-11-11": {
					"avg": 96,
					"count": 7,
					"min": 25,
					"max": 154
				},
				"2023-11-13": {
					"avg": 99,
					"count": 1,
					"min": 99,
					"max": 99
				},
				"2023-11-14": {
					"avg": 3,
					"count": 1,
					"min": 3,
					"max": 3
				},
				"2023-11-15": {
					"avg": 66,
					"count": 4,
					"min": 19,
					"max": 100
				},
				"2023-11-16": {
					"avg": 15,
					"count": 1,
					"min": 15,
					"max": 15
				},
				"2023-11-17": {
					"avg": 134,
					"count": 5,
					"min": 39,
					"max": 177
				},
				"2023-11-18": {
					"avg": 147,
					"count": 14,
					"min": 19,
					"max": 157
				},
				"2023-11-19": {
					"avg": 97,
					"count": 1,
					"min": 97,
					"max": 97
				},
				"2023-11-20": {
					"avg": 131,
					"count": 3,
					"min": 99,
					"max": 196
				},
				"2023-11-21": {
					"avg": 166,
					"count": 4,
					"min": 15,
					"max": 524
				},
				"2023-11-22": {
					"avg": 99,
					"count": 1,
					"min": 99,
					"max": 99
				},
				"2023-11-23": {
					"avg": 157,
					"count": 1,
					"min": 157,
					"max": 157
				},
				"2023-11-24": {
					"avg": 116,
					"count": 47,
					"min": 25,
					"max": 202
				},
				"2023-11-25": {
					"avg": 15,
					"count": 1,
					"min": 15,
					"max": 15
				},
				"2023-11-26": {
					"avg": 72,
					"count": 4,
					"min": 34,
					"max": 105
				},
				"2023-11-27": {
					"avg": 81,
					"count": 7,
					"min": 16,
					"max": 174
				},
				"2024-05-15": {
					"avg": 29,
					"count": 1,
					"min": 29,
					"max": 29
				},
				"2024-05-16": {
					"avg": 197,
					"count": 4,
					"min": 111,
					"max": 225
				},
				"2024-05-17": {
					"avg": 85,
					"count": 221,
					"min": 2,
					"max": 209
				},
				"2024-05-18": {
					"avg": 173,
					"count": 34,
					"min": 45,
					"max": 558
				},
				"2024-05-19": {
					"avg": 79,
					"count": 1,
					"min": 79,
					"max": 79
				},
				"2024-05-20": {
					"avg": 137,
					"count": 53,
					"min": 100,
					"max": 449
				},
				"2024-05-21": {
					"avg": 50,
					"count": 1,
					"min": 50,
					"max": 50
				},
				"2024-05-22": {
					"avg": 60,
					"count": 3,
					"min": 20,
					"max": 129
				},
				"2024-05-23": {
					"avg": 175,
					"count": 8,
					"min": 57,
					"max": 297
				},
				"2024-05-24": {
					"avg": 55,
					"count": 64,
					"min": 15,
					"max": 106
				},
				"2024-05-25": {
					"avg": 141,
					"count": 5,
					"min": 15,
					"max": 549
				},
				"2024-05-26": {
					"avg": 221,
					"count": 1,
					"min": 221,
					"max": 221
				},
				"2024-05-27": {
					"avg": 175,
					"count": 2,
					"min": 151,
					"max": 198
				},
				"2024-05-29": {
					"avg": 383,
					"count": 1,
					"min": 383,
					"max": 383
				},
				"2024-05-31": {
					"avg": 161,
					"count": 1,
					"min": 161,
					"max": 161
				},
				"2024-06-01": {
					"avg": 40,
					"count": 1,
					"min": 40,
					"max": 40
				},
				"2024-06-02": {
					"avg": 39,
					"count": 1,
					"min": 39,
					"max": 39
				},
				"2024-06-03": {
					"avg": 191,
					"count": 5,
					"min": 134,
					"max": 219
				},
				"2024-06-05": {
					"avg": 85,
					"count": 1,
					"min": 85,
					"max": 85
				},
				"2024-06-07": {
					"avg": 218,
					"count": 4,
					"min": 154,
					"max": 247
				},
				"2024-06-09": {
					"avg": 70,
					"count": 2,
					"min": 12,
					"max": 127
				},
				"2024-06-10": {
					"avg": 141,
					"count": 2,
					"min": 141,
					"max": 141
				},
				"2024-06-11": {
					"avg": 25,
					"count": 1,
					"min": 25,
					"max": 25
				},
				"2024-06-12": {
					"avg": 25,
					"count": 3,
					"min": 12,
					"max": 50
				},
				"2024-06-14": {
					"avg": 127,
					"count": 1,
					"min": 127,
					"max": 127
				},
				"2024-06-16": {
					"avg": 139,
					"count": 1,
					"min": 139,
					"max": 139
				},
				"2024-06-17": {
					"avg": 127,
					"count": 3,
					"min": 121,
					"max": 134
				},
				"2024-06-18": {
					"avg": 140,
					"count": 2,
					"min": 139,
					"max": 140
				},
				"2024-06-19": {
					"avg": 61,
					"count": 2,
					"min": 16,
					"max": 106
				},
				"2024-06-20": {
					"avg": 12,
					"count": 2,
					"min": 12,
					"max": 12
				},
				"2024-06-21": {
					"avg": 76,
					"count": 4,
					"min": 25,
					"max": 120
				},
				"2024-06-22": {
					"avg": 141,
					"count": 5,
					"min": 126,
					"max": 151
				},
				"2024-06-23": {
					"avg": 159,
					"count": 37,
					"min": 151,
					"max": 433
				},
				"2024-06-24": {
					"avg": 22,
					"count": 3,
					"min": 22,
					"max": 22
				},
				"2024-06-26": {
					"avg": 316,
					"count": 1,
					"min": 316,
					"max": 316
				},
				"2024-06-27": {
					"avg": 124,
					"count": 5,
					"min": 22,
					"max": 531
				},
				"2024-06-29": {
					"avg": 159,
					"count": 4,
					"min": 50,
					"max": 201
				},
				"2024-07-01": {
					"avg": 99,
					"count": 1,
					"min": 99,
					"max": 99
				},
				"2024-07-02": {
					"avg": 96,
					"count": 4,
					"min": 33,
					"max": 167
				},
				"2024-07-03": {
					"avg": 62,
					"count": 2,
					"min": 17,
					"max": 106
				},
				"2024-07-04": {
					"avg": 10,
					"count": 1,
					"min": 10,
					"max": 10
				},
				"2024-07-05": {
					"avg": 329,
					"count": 3,
					"min": 137,
					"max": 443
				},
				"2024-07-06": {
					"avg": 107,
					"count": 2,
					"min": 7,
					"max": 206
				},
				"2024-07-07": {
					"avg": 129,
					"count": 2,
					"min": 129,
					"max": 129
				},
				"2024-07-08": {
					"avg": 106,
					"count": 1,
					"min": 106,
					"max": 106
				},
				"2024-07-11": {
					"avg": 199,
					"count": 1,
					"min": 199,
					"max": 199
				},
				"2024-07-12": {
					"avg": 78,
					"count": 2,
					"min": 17,
					"max": 139
				},
				"2024-07-14": {
					"avg": 72,
					"count": 2,
					"min": 29,
					"max": 114
				},
				"2024-07-17": {
					"avg": 137,
					"count": 1,
					"min": 137,
					"max": 137
				},
				"2024-07-18": {
					"avg": 114,
					"count": 15,
					"min": 114,
					"max": 114
				},
				"2024-07-19": {
					"avg": 17,
					"count": 5,
					"min": 17,
					"max": 17
				},
				"2024-07-20": {
					"avg": 5,
					"count": 1,
					"min": 5,
					"max": 5
				},
				"2024-07-21": {
					"avg": 88,
					"count": 6,
					"min": 16,
					"max": 103
				},
				"2024-07-22": {
					"avg": 158,
					"count": 4,
					"min": 100,
					"max": 180
				},
				"2024-07-24": {
					"avg": 146,
					"count": 8,
					"min": 132,
					"max": 148
				},
				"2024-07-25": {
					"avg": 178,
					"count": 2,
					"min": 137,
					"max": 219
				},
				"2024-07-27": {
					"avg": 106,
					"count": 2,
					"min": 25,
					"max": 186
				},
				"2024-07-29": {
					"avg": 15,
					"count": 1,
					"min": 15,
					"max": 15
				},
				"2024-07-31": {
					"avg": 107,
					"count": 3,
					"min": 59,
					"max": 131
				},
				"2024-08-01": {
					"avg": 1018,
					"count": 1,
					"min": 1018,
					"max": 1018
				},
				"2024-08-02": {
					"avg": 29,
					"count": 97,
					"min": 25,
					"max": 148
				},
				"2024-08-03": {
					"avg": 104,
					"count": 1,
					"min": 104,
					"max": 104
				},
				"2024-08-04": {
					"avg": 104,
					"count": 2,
					"min": 99,
					"max": 109
				},
				"2024-08-05": {
					"avg": 44,
					"count": 1,
					"min": 44,
					"max": 44
				},
				"2024-08-07": {
					"avg": 101,
					"count": 2,
					"min": 87,
					"max": 114
				},
				"2024-08-10": {
					"avg": 42,
					"count": 6,
					"min": 14,
					"max": 159
				},
				"2024-08-11": {
					"avg": 451,
					"count": 1,
					"min": 451,
					"max": 451
				},
				"2024-08-12": {
					"avg": 42,
					"count": 2,
					"min": 19,
					"max": 64
				},
				"2024-08-14": {
					"avg": 133,
					"count": 1,
					"min": 133,
					"max": 133
				},
				"2024-08-15": {
					"avg": 223,
					"count": 2,
					"min": 132,
					"max": 314
				},
				"2024-08-16": {
					"avg": 433,
					"count": 1,
					"min": 433,
					"max": 433
				},
				"2024-08-17": {
					"avg": 30,
					"count": 1,
					"min": 30,
					"max": 30
				},
				"2024-08-18": {
					"avg": 533,
					"count": 4,
					"min": 533,
					"max": 533
				},
				"2024-08-21": {
					"avg": 181,
					"count": 1,
					"min": 181,
					"max": 181
				},
				"2024-08-24": {
					"avg": 132,
					"count": 11,
					"min": 104,
					"max": 142
				},
				"2024-08-27": {
					"avg": 15,
					"count": 8,
					"min": 15,
					"max": 15
				},
				"2024-08-28": {
					"avg": 65,
					"count": 4,
					"min": 25,
					"max": 142
				},
				"2024-08-29": {
					"avg": 117,
					"count": 3,
					"min": 48,
					"max": 169
				},
				"2024-08-31": {
					"avg": 18,
					"count": 1,
					"min": 18,
					"max": 18
				},
				"2024-09-01": {
					"avg": 28,
					"count": 4,
					"min": 13,
					"max": 32
				},
				"2024-09-04": {
					"avg": 14,
					"count": 4,
					"min": 12,
					"max": 14
				},
				"2024-09-06": {
					"avg": 23,
					"count": 4,
					"min": 5,
					"max": 42
				},
				"2024-09-07": {
					"avg": 969,
					"count": 1,
					"min": 969,
					"max": 969
				},
				"2024-09-11": {
					"avg": 40,
					"count": 1,
					"min": 40,
					"max": 40
				},
				"2024-09-13": {
					"avg": 12,
					"count": 2,
					"min": 10,
					"max": 13
				},
				"2024-09-14": {
					"avg": 10,
					"count": 1,
					"min": 10,
					"max": 10
				},
				"2024-09-15": {
					"avg": 25,
					"count": 1,
					"min": 25,
					"max": 25
				},
				"2024-09-16": {
					"avg": 40,
					"count": 9,
					"min": 10,
					"max": 140
				},
				"2024-09-17": {
					"avg": 21,
					"count": 2,
					"min": 10,
					"max": 32
				},
				"2024-09-18": {
					"avg": 144,
					"count": 3,
					"min": 131,
					"max": 169
				},
				"2024-09-20": {
					"avg": 53,
					"count": 5,
					"min": 10,
					"max": 205
				},
				"2024-09-21": {
					"avg": 108,
					"count": 1,
					"min": 108,
					"max": 108
				},
				"2024-09-22": {
					"avg": 205,
					"count": 3,
					"min": 14,
					"max": 433
				}
			},
			"avg": 125,
			"avg7": 104,
			"avg28": 104
		},
		"normal-nearmint": {
			"history": {
				"2024-05-23": {
					"avg": 513,
					"count": 4,
					"min": 513,
					"max": 513
				},
				"2024-05-24": {
					"avg": 29,
					"count": 12,
					"min": 29,
					"max": 29
				},
				"2024-05-27": {
					"avg": 171,
					"count": 1,
					"min": 171,
					"max": 171
				},
				"2024-05-28": {
					"avg": 166,
					"count": 1,
					"min": 166,
					"max": 166
				},
				"2024-05-29": {
					"avg": 83,
					"count": 1,
					"min": 83,
					"max": 83
				},
				"2024-06-02": {
					"avg": 28,
					"count": 3,
					"min": 25,
					"max": 29
				},
				"2024-06-03": {
					"avg": 198,
					"count": 1,
					"min": 198,
					"max": 198
				},
				"2024-06-05": {
					"avg": 168,
					"count": 1,
					"min": 168,
					"max": 168
				},
				"2024-06-06": {
					"avg": 119,
					"count": 4,
					"min": 73,
					"max": 177
				},
				"2024-06-07": {
					"avg": 170,
					"count": 3,
					"min": 143,
					"max": 225
				},
				"2024-06-08": {
					"avg": 130,
					"count": 2,
					"min": 100,
					"max": 159
				},
				"2024-06-10": {
					"avg": 75,
					"count": 1,
					"min": 75,
					"max": 75
				},
				"2024-06-11": {
					"avg": 80,
					"count": 5,
					"min": 25,
					"max": 147
				},
				"2024-06-12": {
					"avg": 21,
					"count": 1,
					"min": 21,
					"max": 21
				},
				"2024-06-15": {
					"avg": 226,
					"count": 5,
					"min": 25,
					"max": 548
				},
				"2024-06-16": {
					"avg": 146,
					"count": 4,
					"min": 39,
					"max": 243
				},
				"2024-06-17": {
					"avg": 228,
					"count": 7,
					"min": 30,
					"max": 570
				},
				"2024-06-18": {
					"avg": 126,
					"count": 4,
					"min": 97,
					"max": 136
				},
				"2024-06-19": {
					"avg": 160,
					"count": 5,
					"min": 29,
					"max": 513
				},
				"2024-06-20": {
					"avg": 249,
					"count": 3,
					"min": 24,
					"max": 598
				},
				"2024-06-21": {
					"avg": 32,
					"count": 2,
					"min": 24,
					"max": 39
				},
				"2024-06-23": {
					"avg": 224,
					"count": 1,
					"min": 224,
					"max": 224
				},
				"2024-06-26": {
					"avg": 1149,
					"count": 2,
					"min": 200,
					"max": 2098
				},
				"2024-06-27": {
					"avg": 28,
					"count": 10,
					"min": 24,
					"max": 35
				},
				"2024-06-29": {
					"avg": 116,
					"count": 31,
					"min": 25,
					"max": 214
				},
				"2024-06-30": {
					"avg": 79,
					"count": 1,
					"min": 79,
					"max": 79
				},
				"2024-07-01": {
					"avg": 100,
					"count": 1,
					"min": 100,
					"max": 100
				},
				"2024-07-02": {
					"avg": 129,
					"count": 1,
					"min": 129,
					"max": 129
				},
				"2024-07-03": {
					"avg": 127,
					"count": 1,
					"min": 127,
					"max": 127
				},
				"2024-07-04": {
					"avg": 92,
					"count": 1,
					"min": 92,
					"max": 92
				},
				"2024-07-07": {
					"avg": 113,
					"count": 1,
					"min": 113,
					"max": 113
				},
				"2024-07-08": {
					"avg": 100,
					"count": 3,
					"min": 13,
					"max": 150
				},
				"2024-07-09": {
					"avg": 33,
					"count": 1,
					"min": 33,
					"max": 33
				},
				"2024-07-10": {
					"avg": 105,
					"count": 1,
					"min": 105,
					"max": 105
				},
				"2024-07-11": {
					"avg": 109,
					"count": 2,
					"min": 25,
					"max": 193
				},
				"2024-07-12": {
					"avg": 73,
					"count": 3,
					"min": 25,
					"max": 168
				},
				"2024-07-13": {
					"avg": 147,
					"count": 1,
					"min": 147,
					"max": 147
				},
				"2024-07-14": {
					"avg": 88,
					"count": 2,
					"min": 78,
					"max": 97
				},
				"2024-07-15": {
					"avg": 108,
					"count": 4,
					"min": 78,
					"max": 147
				},
				"2024-07-16": {
					"avg": 219,
					"count": 3,
					"min": 27,
					"max": 598
				},
				"2024-07-19": {
					"avg": 159,
					"count": 4,
					"min": 78,
					"max": 277
				},
				"2024-07-20": {
					"avg": 141,
					"count": 3,
					"min": 97,
					"max": 180
				},
				"2024-07-21": {
					"avg": 157,
					"count": 1,
					"min": 157,
					"max": 157
				},
				"2024-07-22": {
					"avg": 120,
					"count": 5,
					"min": 79,
					"max": 206
				},
				"2024-07-23": {
					"avg": 2093,
					"count": 1,
					"min": 2093,
					"max": 2093
				},
				"2024-07-24": {
					"avg": 134,
					"count": 64,
					"min": 25,
					"max": 149
				},
				"2024-07-25": {
					"avg": 63,
					"count": 2,
					"min": 25,
					"max": 100
				},
				"2024-07-26": {
					"avg": 138,
					"count": 14,
					"min": 97,
					"max": 141
				},
				"2024-07-27": {
					"avg": 167,
					"count": 13,
					"min": 20,
					"max": 213
				},
				"2024-07-29": {
					"avg": 107,
					"count": 2,
					"min": 25,
					"max": 188
				},
				"2024-07-31": {
					"avg": 25,
					"count": 1,
					"min": 25,
					"max": 25
				},
				"2024-08-02": {
					"avg": 97,
					"count": 11,
					"min": 97,
					"max": 97
				},
				"2024-08-03": {
					"avg": 97,
					"count": 3,
					"min": 47,
					"max": 196
				},
				"2024-08-04": {
					"avg": 167,
					"count": 3,
					"min": 25,
					"max": 328
				},
				"2024-08-05": {
					"avg": 27,
					"count": 2,
					"min": 25,
					"max": 28
				},
				"2024-08-06": {
					"avg": 97,
					"count": 10,
					"min": 97,
					"max": 97
				},
				"2024-08-07": {
					"avg": 90,
					"count": 1,
					"min": 90,
					"max": 90
				},
				"2024-08-09": {
					"avg": 30,
					"count": 2,
					"min": 30,
					"max": 30
				},
				"2024-08-10": {
					"avg": 103,
					"count": 3,
					"min": 30,
					"max": 150
				},
				"2024-08-12": {
					"avg": 105,
					"count": 2,
					"min": 47,
					"max": 162
				},
				"2024-08-13": {
					"avg": 119,
					"count": 1,
					"min": 119,
					"max": 119
				},
				"2024-08-14": {
					"avg": 257,
					"count": 3,
					"min": 27,
					"max": 548
				},
				"2024-08-15": {
					"avg": 175,
					"count": 1,
					"min": 175,
					"max": 175
				},
				"2024-08-16": {
					"avg": 250,
					"count": 3,
					"min": 25,
					"max": 598
				},
				"2024-08-17": {
					"avg": 438,
					"count": 2,
					"min": 30,
					"max": 846
				},
				"2024-08-18": {
					"avg": 25,
					"count": 3,
					"min": 25,
					"max": 25
				},
				"2024-08-19": {
					"avg": 29,
					"count": 1,
					"min": 29,
					"max": 29
				},
				"2024-08-21": {
					"avg": 174,
					"count": 2,
					"min": 152,
					"max": 195
				},
				"2024-08-22": {
					"avg": 149,
					"count": 2,
					"min": 141,
					"max": 157
				},
				"2024-08-23": {
					"avg": 303,
					"count": 1,
					"min": 303,
					"max": 303
				},
				"2024-08-24": {
					"avg": 48,
					"count": 7,
					"min": 39,
					"max": 99
				},
				"2024-08-25": {
					"avg": 328,
					"count": 1,
					"min": 328,
					"max": 328
				},
				"2024-08-26": {
					"avg": 860,
					"count": 5,
					"min": 126,
					"max": 1044
				},
				"2024-08-27": {
					"avg": 67,
					"count": 5,
					"min": 25,
					"max": 155
				},
				"2024-08-30": {
					"avg": 174,
					"count": 4,
					"min": 25,
					"max": 249
				},
				"2024-08-31": {
					"avg": 47,
					"count": 2,
					"min": 25,
					"max": 68
				},
				"2024-09-03": {
					"avg": 151,
					"count": 2,
					"min": 140,
					"max": 161
				},
				"2024-09-04": {
					"avg": 25,
					"count": 5,
					"min": 18,
					"max": 47
				},
				"2024-09-05": {
					"avg": 87,
					"count": 4,
					"min": 78,
					"max": 92
				},
				"2024-09-07": {
					"avg": 327,
					"count": 4,
					"min": 25,
					"max": 1017
				},
				"2024-09-09": {
					"avg": 25,
					"count": 2,
					"min": 24,
					"max": 25
				},
				"2024-09-10": {
					"avg": 34,
					"count": 3,
					"min": 25,
					"max": 47
				},
				"2024-09-11": {
					"avg": 88,
					"count": 11,
					"min": 85,
					"max": 88
				},
				"2024-09-13": {
					"avg": 88,
					"count": 1,
					"min": 88,
					"max": 88
				},
				"2024-09-15": {
					"avg": 22,
					"count": 1,
					"min": 22,
					"max": 22
				},
				"2024-09-16": {
					"avg": 87,
					"count": 3,
					"min": 25,
					"max": 206
				},
				"2024-09-18": {
					"avg": 86,
					"count": 2,
					"min": 32,
					"max": 140
				},
				"2024-09-20": {
					"avg": 74,
					"count": 3,
					"min": 25,
					"max": 108
				},
				"2024-09-22": {
					"avg": 279,
					"count": 4,
					"min": 33,
					"max": 548
				}
			},
			"avg": 147,
			"avg7": -1,
			"avg28": -1
		},
		"normal-played": {
			"history": {
				"2024-05-24": {
					"avg": 25,
					"count": 15,
					"min": 25,
					"max": 25
				},
				"2024-05-25": {
					"avg": 150,
					"count": 1,
					"min": 150,
					"max": 150
				},
				"2024-05-27": {
					"avg": 45,
					"count": 5,
					"min": 15,
					"max": 147
				},
				"2024-05-28": {
					"avg": 549,
					"count": 1,
					"min": 549,
					"max": 549
				},
				"2024-05-29": {
					"avg": 124,
					"count": 2,
					"min": 124,
					"max": 124
				},
				"2024-06-02": {
					"avg": 127,
					"count": 1,
					"min": 127,
					"max": 127
				},
				"2024-06-06": {
					"avg": 128,
					"count": 1,
					"min": 128,
					"max": 128
				},
				"2024-06-07": {
					"avg": 96,
					"count": 2,
					"min": 50,
					"max": 142
				},
				"2024-06-09": {
					"avg": 5,
					"count": 1,
					"min": 5,
					"max": 5
				},
				"2024-06-10": {
					"avg": 135,
					"count": 6,
					"min": 135,
					"max": 136
				},
				"2024-06-19": {
					"avg": 112,
					"count": 4,
					"min": 105,
					"max": 132
				},
				"2024-06-20": {
					"avg": 11,
					"count": 6,
					"min": 11,
					"max": 11
				},
				"2024-06-21": {
					"avg": 26,
					"count": 8,
					"min": 12,
					"max": 120
				},
				"2024-06-22": {
					"avg": 128,
					"count": 2,
					"min": 128,
					"max": 128
				},
				"2024-06-23": {
					"avg": 109,
					"count": 5,
					"min": 109,
					"max": 109
				},
				"2024-06-25": {
					"avg": 152,
					"count": 1,
					"min": 152,
					"max": 152
				},
				"2024-06-27": {
					"avg": 19,
					"count": 8,
					"min": 19,
					"max": 20
				},
				"2024-06-29": {
					"avg": 40,
					"count": 2,
					"min": 40,
					"max": 40
				},
				"2024-07-03": {
					"avg": 204,
					"count": 1,
					"min": 204,
					"max": 204
				},
				"2024-07-04": {
					"avg": 12,
					"count": 7,
					"min": 12,
					"max": 12
				},
				"2024-07-05": {
					"avg": 13,
					"count": 1,
					"min": 13,
					"max": 13
				},
				"2024-07-08": {
					"avg": 26,
					"count": 21,
					"min": 26,
					"max": 26
				},
				"2024-07-10": {
					"avg": 22,
					"count": 2,
					"min": 12,
					"max": 32
				},
				"2024-07-11": {
					"avg": 39,
					"count": 1,
					"min": 39,
					"max": 39
				},
				"2024-07-12": {
					"avg": 93,
					"count": 12,
					"min": 12,
					"max": 133
				},
				"2024-07-13": {
					"avg": 473,
					"count": 2,
					"min": 35,
					"max": 910
				},
				"2024-07-16": {
					"avg": 134,
					"count": 1,
					"min": 134,
					"max": 134
				},
				"2024-07-18": {
					"avg": 110,
					"count": 2,
					"min": 110,
					"max": 110
				},
				"2024-07-19": {
					"avg": 12,
					"count": 5,
					"min": 12,
					"max": 12
				},
				"2024-07-20": {
					"avg": 11,
					"count": 1,
					"min": 11,
					"max": 11
				},
				"2024-07-21": {
					"avg": 110,
					"count": 6,
					"min": 102,
					"max": 124
				},
				"2024-07-24": {
					"avg": 140,
					"count": 8,
					"min": 117,
					"max": 212
				},
				"2024-07-26": {
					"avg": 70,
					"count": 10,
					"min": 29,
					"max": 132
				},
				"2024-08-01": {
					"avg": 39,
					"count": 1,
					"min": 39,
					"max": 39
				},
				"2024-08-02": {
					"avg": 145,
					"count": 2,
					"min": 145,
					"max": 145
				},
				"2024-08-04": {
					"avg": 15,
					"count": 1,
					"min": 15,
					"max": 15
				},
				"2024-08-05": {
					"avg": 13,
					"count": 2,
					"min": 13,
					"max": 13
				},
				"2024-08-06": {
					"avg": 29,
					"count": 1,
					"min": 29,
					"max": 29
				},
				"2024-08-08": {
					"avg": 57,
					"count": 1,
					"min": 57,
					"max": 57
				},
				"2024-08-09": {
					"avg": 30,
					"count": 1,
					"min": 30,
					"max": 30
				},
				"2024-08-10": {
					"avg": 150,
					"count": 1,
					"min": 150,
					"max": 150
				},
				"2024-08-14": {
					"avg": 133,
					"count": 3,
					"min": 109,
					"max": 145
				},
				"2024-08-17": {
					"avg": 137,
					"count": 4,
					"min": 137,
					"max": 137
				},
				"2024-08-19": {
					"avg": 25,
					"count": 1,
					"min": 25,
					"max": 25
				},
				"2024-08-22": {
					"avg": 127,
					"count": 1,
					"min": 127,
					"max": 127
				},
				"2024-08-23": {
					"avg": 10,
					"count": 4,
					"min": 10,
					"max": 10
				},
				"2024-08-24": {
					"avg": 119,
					"count": 6,
					"min": 9,
					"max": 142
				},
				"2024-08-25": {
					"avg": 38,
					"count": 1,
					"min": 38,
					"max": 38
				},
				"2024-08-26": {
					"avg": 32,
					"count": 2,
					"min": 30,
					"max": 34
				},
				"2024-08-27": {
					"avg": 132,
					"count": 2,
					"min": 132,
					"max": 132
				},
				"2024-08-28": {
					"avg": 34,
					"count": 1,
					"min": 34,
					"max": 34
				},
				"2024-08-29": {
					"avg": 10,
					"count": 1,
					"min": 10,
					"max": 10
				},
				"2024-09-01": {
					"avg": 22,
					"count": 20,
					"min": 12,
					"max": 24
				},
				"2024-09-06": {
					"avg": 69,
					"count": 3,
					"min": 12,
					"max": 157
				},
				"2024-09-07": {
					"avg": 137,
					"count": 1,
					"min": 137,
					"max": 137
				},
				"2024-09-08": {
					"avg": 34,
					"count": 4,
					"min": 30,
					"max": 35
				},
				"2024-09-12": {
					"avg": 25,
					"count": 1,
					"min": 25,
					"max": 25
				},
				"2024-09-13": {
					"avg": 137,
					"count": 1,
					"min": 137,
					"max": 137
				},
				"2024-09-14": {
					"avg": 29,
					"count": 4,
					"min": 10,
					"max": 35
				},
				"2024-09-15": {
					"avg": 23,
					"count": 2,
					"min": 15,
					"max": 30
				},
				"2024-09-16": {
					"avg": 24,
					"count": 36,
					"min": 24,
					"max": 24
				},
				"2024-09-18": {
					"avg": 133,
					"count": 4,
					"min": 15,
					"max": 204
				},
				"2024-09-19": {
					"avg": 129,
					"count": 1,
					"min": 129,
					"max": 129
				}
			},
			"avg": 62,
			"avg7": -1,
			"avg28": -1
		},
		"normal-poor": {
			"history": {
				"2024-05-25": {
					"avg": 109,
					"count": 6,
					"min": 109,
					"max": 109
				},
				"2024-05-26": {
					"avg": 132,
					"count": 1,
					"min": 132,
					"max": 132
				},
				"2024-05-30": {
					"avg": 132,
					"count": 1,
					"min": 132,
					"max": 132
				},
				"2024-06-07": {
					"avg": 10,
					"count": 1,
					"min": 10,
					"max": 10
				},
				"2024-06-08": {
					"avg": 216,
					"count": 2,
					"min": 25,
					"max": 406
				},
				"2024-06-14": {
					"avg": 25,
					"count": 1,
					"min": 25,
					"max": 25
				},
				"2024-06-20": {
					"avg": 16,
					"count": 2,
					"min": 10,
					"max": 22
				},
				"2024-06-25": {
					"avg": 64,
					"count": 2,
					"min": 27,
					"max": 100
				},
				"2024-07-04": {
					"avg": 307,
					"count": 4,
					"min": 14,
					"max": 502
				},
				"2024-07-06": {
					"avg": 208,
					"count": 1,
					"min": 208,
					"max": 208
				},
				"2024-07-07": {
					"avg": 14,
					"count": 1,
					"min": 14,
					"max": 14
				},
				"2024-07-10": {
					"avg": 10,
					"count": 1,
					"min": 10,
					"max": 10
				},
				"2024-07-11": {
					"avg": 9,
					"count": 3,
					"min": 9,
					"max": 9
				},
				"2024-07-15": {
					"avg": 10,
					"count": 1,
					"min": 10,
					"max": 10
				},
				"2024-07-21": {
					"avg": 25,
					"count": 1,
					"min": 25,
					"max": 25
				},
				"2024-07-23": {
					"avg": 84,
					"count": 10,
					"min": 9,
					"max": 208
				},
				"2024-07-25": {
					"avg": 21,
					"count": 1,
					"min": 21,
					"max": 21
				},
				"2024-08-06": {
					"avg": 105,
					"count": 1,
					"min": 105,
					"max": 105
				},
				"2024-08-09": {
					"avg": 10,
					"count": 1,
					"min": 10,
					"max": 10
				},
				"2024-08-16": {
					"avg": 6,
					"count": 1,
					"min": 6,
					"max": 6
				},
				"2024-08-20": {
					"avg": 263,
					"count": 2,
					"min": 25,
					"max": 500
				},
				"2024-08-23": {
					"avg": 9,
					"count": 1,
					"min": 9,
					"max": 9
				},
				"2024-08-30": {
					"avg": 21,
					"count": 1,
					"min": 21,
					"max": 21
				},
				"2024-09-06": {
					"avg": 10,
					"count": 2,
					"min": 9,
					"max": 11
				},
				"2024-09-07": {
					"avg": 187,
					"count": 1,
					"min": 187,
					"max": 187
				},
				"2024-09-22": {
					"avg": 11,
					"count": 1,
					"min": 11,
					"max": 11
				}
			},
			"avg": 96,
			"avg7": -1,
			"avg28": -1
		},
		"normal-used": {
			"history": {
				"2024-05-24": {
					"avg": 145,
					"count": 1,
					"min": 145,
					"max": 145
				},
				"2024-05-25": {
					"avg": 108,
					"count": 2,
					"min": 108,
					"max": 108
				},
				"2024-05-29": {
					"avg": 63,
					"count": 1,
					"min": 63,
					"max": 63
				},
				"2024-05-31": {
					"avg": 25,
					"count": 1,
					"min": 25,
					"max": 25
				},
				"2024-06-09": {
					"avg": 10,
					"count": 1,
					"min": 10,
					"max": 10
				},
				"2024-06-18": {
					"avg": 137,
					"count": 1,
					"min": 137,
					"max": 137
				},
				"2024-06-20": {
					"avg": 14,
					"count": 5,
					"min": 14,
					"max": 14
				},
				"2024-07-09": {
					"avg": 127,
					"count": 1,
					"min": 127,
					"max": 127
				},
				"2024-07-15": {
					"avg": 15,
					"count": 1,
					"min": 15,
					"max": 15
				},
				"2024-07-18": {
					"avg": 105,
					"count": 1,
					"min": 105,
					"max": 105
				},
				"2024-07-20": {
					"avg": 8,
					"count": 1,
					"min": 8,
					"max": 8
				},
				"2024-07-21": {
					"avg": 8,
					"count": 1,
					"min": 8,
					"max": 8
				},
				"2024-07-22": {
					"avg": 13,
					"count": 1,
					"min": 13,
					"max": 13
				},
				"2024-07-24": {
					"avg": 25,
					"count": 1,
					"min": 25,
					"max": 25
				},
				"2024-07-25": {
					"avg": 14,
					"count": 1,
					"min": 14,
					"max": 14
				},
				"2024-08-01": {
					"avg": 25,
					"count": 1,
					"min": 25,
					"max": 25
				},
				"2024-08-07": {
					"avg": 1023,
					"count": 1,
					"min": 1023,
					"max": 1023
				},
				"2024-08-16": {
					"avg": 22,
					"count": 11,
					"min": 9,
					"max": 142
				},
				"2024-08-17": {
					"avg": 14,
					"count": 1,
					"min": 14,
					"max": 14
				},
				"2024-08-18": {
					"avg": 152,
					"count": 3,
					"min": 152,
					"max": 152
				},
				"2024-08-20": {
					"avg": 63,
					"count": 3,
					"min": 63,
					"max": 63
				},
				"2024-08-24": {
					"avg": 21,
					"count": 1,
					"min": 21,
					"max": 21
				},
				"2024-08-28": {
					"avg": 137,
					"count": 1,
					"min": 137,
					"max": 137
				},
				"2024-08-31": {
					"avg": 21,
					"count": 1,
					"min": 21,
					"max": 21
				},
				"2024-09-06": {
					"avg": 514,
					"count": 1,
					"min": 514,
					"max": 514
				},
				"2024-09-18": {
					"avg": 25,
					"count": 1,
					"min": 25,
					"max": 25
				},
				"2024-09-23": {
					"avg": 23,
					"count": 4,
					"min": 23,
					"max": 23
				}
			},
			"avg": 76,
			"avg7": -1,
			"avg28": -1
		}
	}
}