{
	"data": {
		"normal-good": {
			"history": {
				"2022-11-12": {
					"avg": 468,
					"count": 1
				},
				"2022-11-13": {
					"avg": 499,
					"count": 1
				},
				"2022-11-17": {
					"avg": 1499,
					"count": 1
				},
				"2022-11-18": {
					"avg": 756,
					"count": 3
				},
				"2022-11-19": {
					"avg": 1033,
					"count": 3,
					"min": 599,
					"max": 1900
				},
				"2022-11-20": {
					"avg": 1823,
					"count": 2,
					"min": 1248,
					"max": 2397
				},
				"2022-11-21": {
					"avg": 753,
					"count": 2,
					"min": 599,
					"max": 907
				},
				"2022-11-22": {
					"avg": 595,
					"count": 1,
					"min": 595,
					"max": 595
				},
				"2022-11-23": {
					"avg": 600,
					"count": 1,
					"min": 600,
					"max": 600
				},
				"2022-11-24": {
					"avg": 2594,
					"count": 1,
					"min": 2594,
					"max": 2594
				},
				"2022-11-25": {
					"avg": 1097,
					"count": 9,
					"min": 780,
					"max": 1599
				},
				"2022-11-26": {
					"avg": 1248,
					"count": 1,
					"min": 1248,
					"max": 1248
				},
				"2022-11-27": {
					"avg": 499,
					"count": 1,
					"min": 499,
					"max": 499
				},
				"2022-11-28": {
					"avg": 1009,
					"count": 3,
					"min": 924,
					"max": 1177
				},
				"2022-11-29": {
					"avg": 1916,
					"count": 2,
					"min": 1434,
					"max": 2397
				},
				"2022-11-30": {
					"avg": 1085,
					"count": 3,
					"min": 920,
					"max": 1398
				},
				"2022-12-02": {
					"avg": 1718,
					"count": 2,
					"min": 439,
					"max": 2997
				},
				"2022-12-03": {
					"avg": 1141,
					"count": 1,
					"min": 1141,
					"max": 1141
				},
				"2022-12-05": {
					"avg": 2121,
					"count": 3,
					"min": 1421,
					"max": 2523
				},
				"2022-12-07": {
					"avg": 1020,
					"count": 6,
					"min": 857,
					"max": 1339
				},
				"2022-12-09": {
					"avg": 1055,
					"count": 3,
					"min": 640,
					"max": 1495
				},
				"2022-12-10": {
					"avg": 1497,
					"count": 1,
					"min": 1497,
					"max": 1497
				},
				"2022-12-12": {
					"avg": 782,
					"count": 5,
					"min": 648,
					"max": 1053
				},
				"2022-12-13": {
					"avg": 669,
					"count": 2,
					"min": 648,
					"max": 689
				},
				"2022-12-14": {
					"avg": 1160,
					"count": 3,
					"min": 695,
					"max": 1398
				},
				"2022-12-16": {
					"avg": 2103,
					"count": 10,
					"min": 648,
					"max": 6537
				},
				"2022-12-19": {
					"avg": 944,
					"count": 2,
					"min": 943,
					"max": 945
				},
				"2022-12-20": {
					"avg": 681,
					"count": 3,
					"min": 654,
					"max": 699
				},
				"2022-12-21": {
					"avg": 1849,
					"count": 4,
					"min": 998,
					"max": 3000
				},
				"2022-12-22": {
					"avg": 2974,
					"count": 2,
					"min": 1497,
					"max": 4451
				},
				"2022-12-23": {
					"avg": 2076,
					"count": 6,
					"min": 737,
					"max": 5999
				},
				"2022-12-24": {
					"avg": 688,
					"count": 4,
					"min": 420,
					"max": 798
				},
				"2022-12-25": {
					"avg": 493,
					"count": 2,
					"min": 464,
					"max": 521
				},
				"2022-12-26": {
					"avg": 1674,
					"count": 3,
					"min": 999,
					"max": 2199
				},
				"2022-12-27": {
					"avg": 798,
					"count": 1,
					"min": 798,
					"max": 798
				},
				"2022-12-28": {
					"avg": 1812,
					"count": 3,
					"min": 1040,
					"max": 2298
				},
				"2022-12-29": {
					"avg": 3396,
					"count": 2,
					"min": 2342,
					"max": 4450
				},
				"2022-12-30": {
					"avg": 1063,
					"count": 5,
					"min": 463,
					"max": 1449
				},
				"2022-12-31": {
					"avg": 910,
					"count": 2,
					"min": 350,
					"max": 1470
				},
				"2023-01-01": {
					"avg": 402,
					"count": 1,
					"min": 402,
					"max": 402
				},
				"2023-01-02": {
					"avg": 587,
					"count": 3,
					"min": 364,
					"max": 748
				},
				"2023-01-03": {
					"avg": 3322,
					"count": 6,
					"min": 809,
					"max": 10124
				},
				"2023-01-04": {
					"avg": 813,
					"count": 4,
					"min": 499,
					"max": 998
				},
				"2023-01-05": {
					"avg": 1580,
					"count": 3,
					"min": 1194,
					"max": 2098
				},
				"2023-01-06": {
					"avg": 420,
					"count": 1,
					"min": 420,
					"max": 420
				},
				"2023-01-07": {
					"avg": 1362,
					"count": 3,
					"min": 989,
					"max": 2099
				},
				"2023-01-08": {
					"avg": 3159,
					"count": 3,
					"min": 1449,
					"max": 6578
				},
				"2023-01-09": {
					"avg": 2720,
					"count": 3,
					"min": 512,
					"max": 6578
				},
				"2023-01-10": {
					"avg": 2997,
					"count": 1,
					"min": 2997,
					"max": 2997
				},
				"2023-01-11": {
					"avg": 1262,
					"count": 6,
					"min": 677,
					"max": 2400
				},
				"2023-01-12": {
					"avg": 2167,
					"count": 8,
					"min": 999,
					"max": 6299
				},
				"2023-02-06": {
					"avg": 2191,
					"count": 2,
					"min": 1739,
					"max": 2642
				},
				"2023-02-07": {
					"avg": 1934,
					"count": 13,
					"min": 677,
					"max": 2799
				},
				"2023-02-08": {
					"avg": 899,
					"count": 1,
					"min": 899,
					"max": 899
				},
				"2023-02-09": {
					"avg": 1501,
					"count": 9,
					"min": 598,
					"max": 2799
				},
				"2023-02-10": {
					"avg": 899,
					"count": 1,
					"min": 899,
					"max": 899
				},
				"2023-02-11": {
					"avg": 1204,
					"count": 2,
					"min": 799,
					"max": 1608
				},
				"2023-02-12": {
					"avg": 990,
					"count": 2,
					"min": 799,
					"max": 1181
				},
				"2023-02-13": {
					"avg": 899,
					"count": 3,
					"min": 899,
					"max": 899
				},
				"2023-02-14": {
					"avg": 4187,
					"count": 4,
					"min": 500,
					"max": 9500
				},
				"2023-02-15": {
					"avg": 899,
					"count": 1,
					"min": 899,
					"max": 899
				},
				"2023-02-16": {
					"avg": 10624,
					"count": 1,
					"min": 10624,
					"max": 10624
				},
				"2023-02-17": {
					"avg": 1499,
					"count": 2,
					"min": 499,
					"max": 2498
				},
				"2023-02-18": {
					"avg": 610,
					"count": 2,
					"min": 180,
					"max": 1039
				},
				"2023-02-19": {
					"avg": 2199,
					"count": 1,
					"min": 2199,
					"max": 2199
				},
				"2023-02-20": {
					"avg": 3651,
					"count": 2,
					"min": 2399,
					"max": 4902
				},
				"2023-02-21": {
					"avg": 1504,
					"count": 4,
					"min": 590,
					"max": 3585
				},
				"2023-02-22": {
					"avg": 2596,
					"count": 2,
					"min": 1695,
					"max": 3497
				},
				"2023-02-23": {
					"avg": 1354,
					"count": 3,
					"min": 899,
					"max": 1700
				},
				"2023-02-24": {
					"avg": 2935,
					"count": 5,
					"min": 598,
					"max": 10007
				},
				"2023-02-25": {
					"avg": 1399,
					"count": 1,
					"min": 1399,
					"max": 1399
				},
				"2023-02-26": {
					"avg": 1078,
					"count": 2,
					"min": 670,
					"max": 1485
				},
				"2023-02-27": {
					"avg": 654,
					"count": 1,
					"min": 654,
					"max": 654
				},
				"2023-02-28": {
					"avg": 1726,
					"count": 4,
					"min": 969,
					"max": 3997
				},
				"2023-03-01": {
					"avg": 809,
					"count": 3,
					"min": 361,
					"max": 1469
				},
				"2023-03-02": {
					"avg": 1524,
					"count": 8,
					"min": 1099,
					"max": 1798
				},
				"2023-03-03": {
					"avg": 1432,
					"count": 6,
					"min": 598,
					"max": 3610
				},
				"2023-03-04": {
					"avg": 1453,
					"count": 4,
					"min": 1069,
					"max": 1998
				},
				"2023-03-05": {
					"avg": 1505,
					"count": 2,
					"min": 1461,
					"max": 1549
				},
				"2023-03-06": {
					"avg": 2114,
					"count": 4,
					"min": 1068,
					"max": 4625
				},
				"2023-03-09": {
					"avg": 1433,
					"count": 2,
					"min": 1195,
					"max": 1670
				},
				"2023-03-10": {
					"avg": 1579,
					"count": 4,
					"min": 1199,
					"max": 1797
				},
				"2023-03-11": {
					"avg": 1665,
					"count": 1,
					"min": 1665,
					"max": 1665
				},
				"2023-03-12": {
					"avg": 1901,
					"count": 3,
					"min": 826,
					"max": 2510
				},
				"2023-03-13": {
					"avg": 1616,
					"count": 3,
					"min": 1399,
					"max": 1750
				},
				"2023-03-15": {
					"avg": 2133,
					"count": 2,
					"min": 1198,
					"max": 3068
				},
				"2023-03-16": {
					"avg": 1399,
					"count": 1,
					"min": 1399,
					"max": 1399
				},
				"2023-03-17": {
					"avg": 1468,
					"count": 3,
					"min": 1190,
					"max": 1964
				},
				"2023-03-18": {
					"avg": 1250,
					"count": 1,
					"min": 1250,
					"max": 1250
				},
				"2023-03-19": {
					"avg": 468,
					"count": 1,
					"min": 468,
					"max": 468
				},
				"2023-03-20": {
					"avg": 1234,
					"count": 2,
					"min": 468,
					"max": 1999
				},
				"2023-03-22": {
					"avg": 1644,
					"count": 2,
					"min": 840,
					"max": 2448
				},
				"2023-03-23": {
					"avg": 698,
					"count": 3,
					"min": 449,
					"max": 1195
				},
				"2023-03-24": {
					"avg": 1862,
					"count": 4,
					"min": 1399,
					"max": 2499
				},
				"2023-03-25": {
					"avg": 2148,
					"count": 3,
					"min": 1461,
					"max": 2999
				},
				"2023-03-26": {
					"avg": 5097,
					"count": 2,
					"min": 1698,
					"max": 8495
				},
				"2023-03-27": {
					"avg": 2694,
					"count": 2,
					"min": 2392,
					"max": 2995
				},
				"2023-03-28": {
					"avg": 1499,
					"count": 1,
					"min": 1499,
					"max": 1499
				},
				"2023-03-29": {
					"avg": 4497,
					"count": 1,
					"min": 4497,
					"max": 4497
				},
				"2023-03-31": {
					"avg": 1075,
					"count": 3,
					"min": 500,
					"max": 1999
				},
				"2023-04-01": {
					"avg": 1048,
					"count": 1,
					"min": 1048,
					"max": 1048
				},
				"2023-04-03": {
					"avg": 3598,
					"count": 1,
					"min": 3598,
					"max": 3598
				},
				"2023-04-04": {
					"avg": 2151,
					"count": 6,
					"min": 1500,
					"max": 2535
				},
				"2023-04-05": {
					"avg": 2613,
					"count": 7,
					"min": 1575,
					"max": 4999
				},
				"2023-04-06": {
					"avg": 1699,
					"count": 1,
					"min": 1699,
					"max": 1699
				},
				"2023-04-07": {
					"avg": 3669,
					"count": 1,
					"min": 3669,
					"max": 3669
				},
				"2023-04-08": {
					"avg": 1188,
					"count": 1,
					"min": 1188,
					"max": 1188
				},
				"2023-04-09": {
					"avg": 3474,
					"count": 2,
					"min": 1449,
					"max": 5499
				},
				"2023-04-10": {
					"avg": 4374,
					"count": 2,
					"min": 1449,
					"max": 7299
				},
				"2023-04-11": {
					"avg": 1196,
					"count": 1,
					"min": 1196,
					"max": 1196
				},
				"2023-04-12": {
					"avg": 3083,
					"count": 6,
					"min": 750,
					"max": 7866
				},
				"2023-04-13": {
					"avg": 2100,
					"count": 1,
					"min": 2100,
					"max": 2100
				},
				"2023-04-15": {
					"avg": 2892,
					"count": 3,
					"min": 1188,
					"max": 6299
				},
				"2023-04-16": {
					"avg": 1262,
					"count": 2,
					"min": 723,
					"max": 1800
				},
				"2023-04-17": {
					"avg": 3599,
					"count": 1,
					"min": 3599,
					"max": 3599
				},
				"2023-04-18": {
					"avg": 2056,
					"count": 3,
					"min": 999,
					"max": 2769
				},
				"2023-04-21": {
					"avg": 2197,
					"count": 2,
					"min": 1399,
					"max": 2995
				},
				"2023-04-22": {
					"avg": 1250,
					"count": 7,
					"min": 456,
					"max": 2995
				},
				"2023-04-23": {
					"avg": 850,
					"count": 2,
					"min": 723,
					"max": 978
				},
				"2023-04-25": {
					"avg": 1125,
					"count": 1,
					"min": 1125,
					"max": 1125
				},
				"2023-04-26": {
					"avg": 1100,
					"count": 1,
					"min": 1100,
					"max": 1100
				},
				"2023-04-27": {
					"avg": 1274,
					"count": 3,
					"min": 1024,
					"max": 1399
				},
				"2023-04-28": {
					"avg": 1638,
					"count": 5,
					"min": 1024,
					"max": 2898
				},
				"2023-04-29": {
					"avg": 1211,
					"count": 1,
					"min": 1211,
					"max": 1211
				},
				"2023-04-30": {
					"avg": 2085,
					"count": 2,
					"min": 2070,
					"max": 2099
				},
				"2023-05-01": {
					"avg": 2454,
					"count": 1,
					"min": 2454,
					"max": 2454
				},
				"2023-05-02": {
					"avg": 1183,
					"count": 2,
					"min": 1116,
					"max": 1250
				},
				"2023-05-03": {
					"avg": 2482,
					"count": 1,
					"min": 2482,
					"max": 2482
				},
				"2023-05-04": {
					"avg": 2181,
					"count": 4,
					"min": 1425,
					"max": 2999
				},
				"2023-05-05": {
					"avg": 1100,
					"count": 1,
					"min": 1100,
					"max": 1100
				},
				"2023-05-08": {
					"avg": 801,
					"count": 6,
					"min": 598,
					"max": 998
				},
				"2023-05-09": {
					"avg": 2996,
					"count": 3,
					"min": 1750,
					"max": 5000
				},
				"2023-05-10": {
					"avg": 3499,
					"count": 1,
					"min": 3499,
					"max": 3499
				},
				"2023-05-11": {
					"avg": 9999,
					"count": 1,
					"min": 9999,
					"max": 9999
				},
				"2023-05-13": {
					"avg": 906,
					"count": 3,
					"min": 722,
					"max": 1000
				},
				"2023-05-14": {
					"avg": 2799,
					"count": 1,
					"min": 2799,
					"max": 2799
				},
				"2023-05-15": {
					"avg": 1483,
					"count": 1,
					"min": 1483,
					"max": 1483
				},
				"2023-05-16": {
					"avg": 1425,
					"count": 1,
					"min": 1425,
					"max": 1425
				},
				"2023-05-17": {
					"avg": 900,
					"count": 1,
					"min": 900,
					"max": 900
				},
				"2023-05-18": {
					"avg": 674,
					"count": 2,
					"min": 598,
					"max": 750
				},
				"2023-05-19": {
					"avg": 1172,
					"count": 4,
					"min": 705,
					"max": 1575
				},
				"2023-05-21": {
					"avg": 2186,
					"count": 4,
					"min": 895,
					"max": 3624
				},
				"2023-05-22": {
					"avg": 997,
					"count": 2,
					"min": 895,
					"max": 1099
				},
				"2023-05-23": {
					"avg": 1242,
					"count": 5,
					"min": 599,
					"max": 1524
				},
				"2023-05-24": {
					"avg": 1413,
					"count": 2,
					"min": 1250,
					"max": 1575
				},
				"2023-05-25": {
					"avg": 2905,
					"count": 4,
					"min": 1445,
					"max": 4099
				},
				"2023-05-26": {
					"avg": 1024,
					"count": 4,
					"min": 599,
					"max": 1469
				},
				"2023-05-27": {
					"avg": 1040,
					"count": 3,
					"min": 650,
					"max": 1574
				},
				"2023-05-28": {
					"avg": 900,
					"count": 2,
					"min": 895,
					"max": 906
				},
				"2023-05-30": {
					"avg": 912,
					"count": 4,
					"min": 589,
					"max": 1469
				},
				"2023-06-01": {
					"avg": 1333,
					"count": 3,
					"min": 887,
					"max": 1653
				},
				"2023-06-04": {
					"avg": 953,
					"count": 3,
					"min": 400,
					"max": 1581
				},
				"2023-06-05": {
					"avg": 4398,
					"count": 1,
					"min": 4398,
					"max": 4398
				},
				"2023-06-07": {
					"avg": 2182,
					"count": 2,
					"min": 1462,
					"max": 2901
				},
				"2023-06-08": {
					"avg": 5355,
					"count": 2,
					"min": 4284,
					"max": 6425
				},
				"2023-06-09": {
					"avg": 855,
					"count": 7,
					"min": 600,
					"max": 1533
				},
				"2023-06-10": {
					"avg": 2299,
					"count": 1,
					"min": 2299,
					"max": 2299
				},
				"2023-06-11": {
					"avg": 2725,
					"count": 2,
					"min": 850,
					"max": 4599
				},
				"2023-06-12": {
					"avg": 1875,
					"count": 1,
					"min": 1875,
					"max": 1875
				},
				"2023-06-13": {
					"avg": 984,
					"count": 1,
					"min": 984,
					"max": 984
				},
				"2023-06-14": {
					"avg": 1188,
					"count": 5,
					"min": 515,
					"max": 1797
				},
				"2023-06-15": {
					"avg": 1374,
					"count": 3,
					"min": 398,
					"max": 3125
				},
				"2023-06-16": {
					"avg": 1835,
					"count": 4,
					"min": 640,
					"max": 5099
				},
				"2023-06-17": {
					"avg": 874,
					"count": 2,
					"min": 850,
					"max": 898
				},
				"2023-06-18": {
					"avg": 1638,
					"count": 1,
					"min": 1638,
					"max": 1638
				},
				"2023-06-19": {
					"avg": 1000,
					"count": 1,
					"min": 1000,
					"max": 1000
				},
				"2023-06-21": {
					"avg": 1099,
					"count": 1,
					"min": 1099,
					"max": 1099
				},
				"2023-06-22": {
					"avg": 1994,
					"count": 9,
					"min": 400,
					"max": 3425
				},
				"2023-06-23": {
					"avg": 1439,
					"count": 1,
					"min": 1439,
					"max": 1439
				},
				"2023-06-24": {
					"avg": 1500,
					"count": 1,
					"min": 1500,
					"max": 1500
				},
				"2023-06-25": {
					"avg": 1956,
					"count": 2,
					"min": 911,
					"max": 3000
				},
				"2023-06-26": {
					"avg": 1535,
					"count": 7,
					"min": 449,
					"max": 3399
				},
				"2023-06-27": {
					"avg": 1174,
					"count": 6,
					"min": 420,
					"max": 1798
				},
				"2023-06-28": {
					"avg": 1857,
					"count": 3,
					"min": 1399,
					"max": 2598
				},
				"2023-06-29": {
					"avg": 3498,
					"count": 1,
					"min": 3498,
					"max": 3498
				},
				"2023-06-30": {
					"avg": 899,
					"count": 4,
					"min": 399,
					"max": 1798
				},
				"2023-07-01": {
					"avg": 300,
					"count": 1,
					"min": 300,
					"max": 300
				},
				"2023-07-02": {
					"avg": 2124,
					"count": 3,
					"min": 1001,
					"max": 4072
				},
				"2023-07-03": {
					"avg": 1838,
					"count": 5,
					"min": 597,
					"max": 3899
				},
				"2023-07-04": {
					"avg": 1081,
					"count": 4,
					"min": 425,
					"max": 1399
				},
				"2023-07-05": {
					"avg": 1264,
					"count": 3,
					"min": 497,
					"max": 2699
				},
				"2023-07-06": {
					"avg": 1199,
					"count": 2,
					"min": 999,
					"max": 1398
				},
				"2023-07-07": {
					"avg": 1521,
					"count": 2,
					"min": 1399,
					"max": 1643
				},
				"2023-07-08": {
					"avg": 3899,
					"count": 1,
					"min": 3899,
					"max": 3899
				},
				"2023-07-09": {
					"avg": 1175,
					"count": 3,
					"min": 629,
					"max": 1999
				},
				"2023-07-10": {
					"avg": 2611,
					"count": 2,
					"min": 1439,
					"max": 3783
				},
				"2023-07-11": {
					"avg": 1242,
					"count": 2,
					"min": 1060,
					"max": 1424
				},
				"2023-07-12": {
					"avg": 4703,
					"count": 3,
					"min": 503,
					"max": 10348
				},
				"2023-07-13": {
					"avg": 3257,
					"count": 1,
					"min": 3257,
					"max": 3257
				},
				"2023-07-14": {
					"avg": 1309,
					"count": 5,
					"min": 583,
					"max": 3099
				},
				"2023-07-15": {
					"avg": 1155,
					"count": 3,
					"min": 995,
					"max": 1235
				},
				"2023-07-16": {
					"avg": 1237,
					"count": 4,
					"min": 503,
					"max": 1799
				},
				"2023-07-17": {
					"avg": 999,
					"count": 1,
					"min": 999,
					"max": 999
				},
				"2023-07-19": {
					"avg": 1399,
					"count": 3,
					"min": 612,
					"max": 2786
				},
				"2023-07-20": {
					"avg": 1609,
					"count": 1,
					"min": 1609,
					"max": 1609
				},
				"2023-07-21": {
					"avg": 3259,
					"count": 4,
					"min": 612,
					"max": 8999
				},
				"2023-07-22": {
					"avg": 1112,
					"count": 1,
					"min": 1112,
					"max": 1112
				},
				"2023-07-23": {
					"avg": 4302,
					"count": 2,
					"min": 3997,
					"max": 4606
				},
				"2023-07-24": {
					"avg": 1942,
					"count": 3,
					"min": 1275,
					"max": 2786
				},
				"2023-07-25": {
					"avg": 1274,
					"count": 1,
					"min": 1274,
					"max": 1274
				},
				"2023-07-26": {
					"avg": 1197,
					"count": 2,
					"min": 999,
					"max": 1395
				},
				"2023-07-27": {
					"avg": 592,
					"count": 1,
					"min": 592,
					"max": 592
				},
				"2023-07-28": {
					"avg": 1274,
					"count": 2,
					"min": 849,
					"max": 1699
				},
				"2023-07-29": {
					"avg": 2438,
					"count": 2,
					"min": 2176,
					"max": 2699
				},
				"2023-07-31": {
					"avg": 1488,
					"count": 2,
					"min": 799,
					"max": 2177
				},
				"2023-08-01": {
					"avg": 2381,
					"count": 7,
					"min": 404,
					"max": 3715
				},
				"2023-08-02": {
					"avg": 1145,
					"count": 6,
					"min": 849,
					"max": 2276
				},
				"2023-08-03": {
					"avg": 1466,
					"count": 3,
					"min": 931,
					"max": 1968
				},
				"2023-08-04": {
					"avg": 1921,
					"count": 5,
					"min": 1677,
					"max": 2649
				},
				"2023-08-05": {
					"avg": 1687,
					"count": 1,
					"min": 1687,
					"max": 1687
				},
				"2023-08-06": {
					"avg": 992,
					"count": 12,
					"min": 399,
					"max": 1783
				},
				"2023-08-07": {
					"avg": 1172,
					"count": 2,
					"min": 585,
					"max": 1759
				},
				"2023-08-08": {
					"avg": 715,
					"count": 5,
					"min": 503,
					"max": 948
				},
				"2023-08-09": {
					"avg": 1325,
					"count": 9,
					"min": 590,
					"max": 2700
				},
				"2023-08-10": {
					"avg": 1134,
					"count": 2,
					"min": 769,
					"max": 1499
				},
				"2023-08-11": {
					"avg": 1759,
					"count": 1,
					"min": 1759,
					"max": 1759
				},
				"2023-08-12": {
					"avg": 1379,
					"count": 1,
					"min": 1379,
					"max": 1379
				},
				"2023-08-13": {
					"avg": 1805,
					"count": 1,
					"min": 1805,
					"max": 1805
				},
				"2023-08-14": {
					"avg": 1923,
					"count": 1,
					"min": 1923,
					"max": 1923
				},
				"2023-08-15": {
					"avg": 2100,
					"count": 3,
					"min": 1600,
					"max": 2699
				},
				"2023-08-17": {
					"avg": 1293,
					"count": 3,
					"min": 590,
					"max": 2439
				},
				"2023-08-18": {
					"avg": 3445,
					"count": 2,
					"min": 2999,
					"max": 3890
				},
				"2023-08-19": {
					"avg": 668,
					"count": 1,
					"min": 668,
					"max": 668
				},
				"2023-08-20": {
					"avg": 1654,
					"count": 1,
					"min": 1654,
					"max": 1654
				},
				"2023-08-22": {
					"avg": 1615,
					"count": 3,
					"min": 1022,
					"max": 2325
				},
				"2023-08-23": {
					"avg": 972,
					"count": 6,
					"min": 379,
					"max": 1549
				},
				"2023-08-24": {
					"avg": 1122,
					"count": 4,
					"min": 598,
					"max": 1621
				},
				"2023-08-25": {
					"avg": 1652,
					"count": 2,
					"min": 980,
					"max": 2325
				},
				"2023-08-26": {
					"avg": 769,
					"count": 1,
					"min": 769,
					"max": 769
				},
				"2023-08-27": {
					"avg": 2088,
					"count": 7,
					"min": 759,
					"max": 3600
				},
				"2023-08-28": {
					"avg": 500,
					"count": 1,
					"min": 500,
					"max": 500
				},
				"2023-08-29": {
					"avg": 1009,
					"count": 2,
					"min": 420,
					"max": 1598
				},
				"2023-08-31": {
					"avg": 1827,
					"count": 8,
					"min": 571,
					"max": 3025
				},
				"2023-09-02": {
					"avg": 7995,
					"count": 1,
					"min": 7995,
					"max": 7995
				},
				"2023-09-03": {
					"avg": 9999,
					"count": 1,
					"min": 9999,
					"max": 9999
				},
				"2023-09-04": {
					"avg": 1137,
					"count": 3,
					"min": 899,
					"max": 1284
				},
				"2023-09-05": {
					"avg": 2013,
					"count": 2,
					"min": 1027,
					"max": 2999
				},
				"2023-09-06": {
					"avg": 399,
					"count": 1,
					"min": 399,
					"max": 399
				},
				"2023-09-07": {
					"avg": 1088,
					"count": 1,
					"min": 1088,
					"max": 1088
				},
				"2023-09-08": {
					"avg": 1542,
					"count": 3,
					"min": 698,
					"max": 2212
				},
				"2023-09-09": {
					"avg": 3970,
					"count": 4,
					"min": 799,
					"max": 10007
				},
				"2023-09-10": {
					"avg": 1164,
					"count": 2,
					"min": 750,
					"max": 1577
				},
				"2023-09-11": {
					"avg": 2730,
					"count": 3,
					"min": 750,
					"max": 6299
				},
				"2023-09-12": {
					"avg": 1142,
					"count": 2,
					"min": 995,
					"max": 1289
				},
				"2023-09-13": {
					"avg": 1623,
					"count": 1,
					"min": 1623,
					"max": 1623
				},
				"2023-09-14": {
					"avg": 800,
					"count": 3,
					"min": 299,
					"max": 1716
				},
				"2023-09-15": {
					"avg": 784,
					"count": 1,
					"min": 784,
					"max": 784
				},
				"2023-09-16": {
					"avg": 1849,
					"count": 2,
					"min": 1098,
					"max": 2599
				},
				"2023-09-17": {
					"avg": 1545,
					"count": 2,
					"min": 1495,
					"max": 1595
				},
				"2023-09-18": {
					"avg": 1399,
					"count": 1,
					"min": 1399,
					"max": 1399
				},
				"2023-09-19": {
					"avg": 679,
					"count": 1,
					"min": 679,
					"max": 679
				},
				"2023-09-20": {
					"avg": 2593,
					"count": 1,
					"min": 2593,
					"max": 2593
				},
				"2023-09-21": {
					"avg": 1407,
					"count": 5,
					"min": 749,
					"max": 2594
				},
				"2023-09-22": {
					"avg": 1206,
					"count": 1,
					"min": 1206,
					"max": 1206
				},
				"2023-09-23": {
					"avg": 2238,
					"count": 2,
					"min": 1099,
					"max": 3377
				},
				"2023-09-24": {
					"avg": 1539,
					"count": 2,
					"min": 1499,
					"max": 1579
				},
				"2023-09-25": {
					"avg": 798,
					"count": 1,
					"min": 798,
					"max": 798
				},
				"2023-09-26": {
					"avg": 744,
					"count": 1,
					"min": 744,
					"max": 744
				},
				"2023-09-28": {
					"avg": 599,
					"count": 2,
					"min": 499,
					"max": 699
				},
				"2023-09-29": {
					"avg": 700,
					"count": 1,
					"min": 700,
					"max": 700
				},
				"2023-09-30": {
					"avg": 1447,
					"count": 5,
					"min": 1098,
					"max": 2641
				},
				"2023-10-01": {
					"avg": 1418,
					"count": 3,
					"min": 559,
					"max": 2099
				},
				"2023-10-02": {
					"avg": 650,
					"count": 4,
					"min": 300,
					"max": 813
				},
				"2023-10-03": {
					"avg": 2529,
					"count": 6,
					"min": 799,
					"max": 8999
				},
				"2023-10-04": {
					"avg": 7999,
					"count": 1,
					"min": 7999,
					"max": 7999
				},
				"2023-10-05": {
					"avg": 1151,
					"count": 4,
					"min": 557,
					"max": 2593
				},
				"2023-10-06": {
					"avg": 767,
					"count": 7,
					"min": 329,
					"max": 1070
				},
				"2023-10-07": {
					"avg": 1666,
					"count": 3,
					"min": 1099,
					"max": 2299
				},
				"2023-10-08": {
					"avg": 546,
					"count": 4,
					"min": 395,
					"max": 599
				},
				"2023-10-09": {
					"avg": 1938,
					"count": 2,
					"min": 1077,
					"max": 2800
				},
				"2023-10-11": {
					"avg": 2594,
					"count": 3,
					"min": 2000,
					"max": 2899
				},
				"2023-10-12": {
					"avg": 1248,
					"count": 4,
					"min": 881,
					"max": 1997
				},
				"2023-10-13": {
					"avg": 2039,
					"count": 6,
					"min": 1555,
					"max": 2922
				},
				"2023-10-15": {
					"avg": 3052,
					"count": 3,
					"min": 629,
					"max": 7899
				},
				"2023-10-17": {
					"avg": 888,
					"count": 3,
					"min": 299,
					"max": 1599
				},
				"2023-10-18": {
					"avg": 3075,
					"count": 3,
					"min": 1562,
					"max": 4166
				},
				"2023-10-19": {
					"avg": 530,
					"count": 1,
					"min": 530,
					"max": 530
				},
				"2023-10-21": {
					"avg": 1621,
					"count": 2,
					"min": 649,
					"max": 2593
				},
				"2023-10-22": {
					"avg": 938,
					"count": 5,
					"min": 590,
					"max": 1499
				},
				"2023-10-23": {
					"avg": 2188,
					"count": 4,
					"min": 904,
					"max": 4949
				},
				"2023-10-24": {
					"avg": 1395,
					"count": 5,
					"min": 607,
					"max": 2594
				},
				"2023-10-25": {
					"avg": 1295,
					"count": 1,
					"min": 1295,
					"max": 1295
				},
				"2023-10-27": {
					"avg": 1236,
					"count": 3,
					"min": 495,
					"max": 1614
				},
				"2023-10-29": {
					"avg": 2442,
					"count": 4,
					"min": 199,
					"max": 6449
				},
				"2023-10-30": {
					"avg": 1617,
					"count": 4,
					"min": 499,
					"max": 3392
				},
				"2023-10-31": {
					"avg": 1004,
					"count": 6,
					"min": 538,
					"max": 1804
				},
				"2023-11-01": {
					"avg": 1999,
					"count": 2,
					"min": 1498,
					"max": 2499
				},
				"2023-11-02": {
					"avg": 1168,
					"count": 2,
					"min": 380,
					"max": 1955
				},
				"2023-11-03": {
					"avg": 2397,
					"count": 1,
					"min": 2397,
					"max": 2397
				},
				"2023-11-04": {
					"avg": 2024,
					"count": 3,
					"min": 380,
					"max": 3099
				},
				"2023-11-05": {
					"avg": 2117,
					"count": 2,
					"min": 537,
					"max": 3698
				},
				"2023-11-06": {
					"avg": 1242,
					"count": 3,
					"min": 329,
					"max": 1898
				},
				"2023-11-08": {
					"avg": 2553,
					"count": 4,
					"min": 538,
					"max": 7500
				},
				"2023-11-09": {
					"avg": 3566,
					"count": 3,
					"min": 1599,
					"max": 7498
				},
				"2023-11-10": {
					"avg": 1050,
					"count": 2,
					"min": 499,
					"max": 1600
				},
				"2023-11-11": {
					"avg": 1200,
					"count": 2,
					"min": 799,
					"max": 1600
				},
				"2023-11-12": {
					"avg": 578,
					"count": 3,
					"min": 311,
					"max": 1075
				},
				"2023-11-13": {
					"avg": 1316,
					"count": 3,
					"min": 1050,
					"max": 1600
				},
				"2023-11-14": {
					"avg": 1627,
					"count": 4,
					"min": 1099,
					"max": 2475
				},
				"2023-11-15": {
					"avg": 980,
					"count": 3,
					"min": 397,
					"max": 1627
				},
				"2023-11-17": {
					"avg": 1287,
					"count": 2,
					"min": 1074,
					"max": 1499
				},
				"2023-11-18": {
					"avg": 1964,
					"count": 2,
					"min": 1099,
					"max": 2829
				},
				"2023-11-19": {
					"avg": 1287,
					"count": 2,
					"min": 1074,
					"max": 1499
				},
				"2023-11-20": {
					"avg": 1592,
					"count": 6,
					"min": 495,
					"max": 3339
				},
				"2023-11-21": {
					"avg": 977,
					"count": 4,
					"min": 633,
					"max": 1496
				},
				"2023-11-22": {
					"avg": 8999,
					"count": 1,
					"min": 8999,
					"max": 8999
				},
				"2023-11-24": {
					"avg": 1657,
					"count": 20,
					"min": 300,
					"max": 3740
				},
				"2023-11-25": {
					"avg": 2049,
					"count": 6,
					"min": 295,
					"max": 7998
				},
				"2023-11-26": {
					"avg": 2499,
					"count": 1,
					"min": 2499,
					"max": 2499
				},
				"2023-11-27": {
					"avg": 2304,
					"count": 3,
					"min": 1187,
					"max": 4500
				},
				"2024-05-16": {
					"avg": 1482,
					"count": 3,
					"min": 1199,
					"max": 1698
				},
				"2024-05-17": {
					"avg": 1515,
					"count": 28,
					"min": 409,
					"max": 4461
				},
				"2024-05-18": {
					"avg": 1900,
					"count": 1,
					"min": 1900,
					"max": 1900
				},
				"2024-05-19": {
					"avg": 1192,
					"count": 3,
					"min": 829,
					"max": 1795
				},
				"2024-05-21": {
					"avg": 4049,
					"count": 4,
					"min": 999,
					"max": 9998
				},
				"2024-05-22": {
					"avg": 2104,
					"count": 5,
					"min": 871,
					"max": 4298
				},
				"2024-05-24": {
					"avg": 1708,
					"count": 2,
					"min": 1617,
					"max": 1799
				},
				"2024-05-27": {
					"avg": 1999,
					"count": 2,
					"min": 1698,
					"max": 2299
				},
				"2024-05-31": {
					"avg": 1608,
					"count": 2,
					"min": 1607,
					"max": 1608
				},
				"2024-06-01": {
					"avg": 1571,
					"count": 1,
					"min": 1571,
					"max": 1571
				},
				"2024-06-02": {
					"avg": 3198,
					"count": 2,
					"min": 1895,
					"max": 4500
				},
				"2024-06-03": {
					"avg": 1743,
					"count": 3,
					"min": 1547,
					"max": 2067
				},
				"2024-06-11": {
					"avg": 1500,
					"count": 1,
					"min": 1500,
					"max": 1500
				},
				"2024-06-12": {
					"avg": 1260,
					"count": 2,
					"min": 1122,
					"max": 1398
				},
				"2024-06-15": {
					"avg": 1260,
					"count": 1,
					"min": 1260,
					"max": 1260
				},
				"2024-06-16": {
					"avg": 1574,
					"count": 1,
					"min": 1574,
					"max": 1574
				},
				"2024-06-17": {
					"avg": 2124,
					"count": 1,
					"min": 2124,
					"max": 2124
				},
				"2024-06-18": {
					"avg": 1450,
					"count": 1,
					"min": 1450,
					"max": 1450
				},
				"2024-06-19": {
					"avg": 1500,
					"count": 1,
					"min": 1500,
					"max": 1500
				},
				"2024-06-21": {
					"avg": 1532,
					"count": 4,
					"min": 1442,
					"max": 1622
				},
				"2024-06-22": {
					"avg": 4419,
					"count": 1,
					"min": 4419,
					"max": 4419
				},
				"2024-06-23": {
					"avg": 1442,
					"count": 1,
					"min": 1442,
					"max": 1442
				},
				"2024-06-24": {
					"avg": 3030,
					"count": 2,
					"min": 1571,
					"max": 4488
				},
				"2024-06-26": {
					"avg": 1442,
					"count": 1,
					"min": 1442,
					"max": 1442
				},
				"2024-06-27": {
					"avg": 1442,
					"count": 1,
					"min": 1442,
					"max": 1442
				},
				"2024-06-29": {
					"avg": 1760,
					"count": 2,
					"min": 1545,
					"max": 1975
				},
				"2024-06-30": {
					"avg": 1568,
					"count": 1,
					"min": 1568,
					"max": 1568
				},
				"2024-07-01": {
					"avg": 1580,
					"count": 3,
					"min": 1442,
					"max": 1650
				},
				"2024-07-03": {
					"avg": 1625,
					"count": 1,
					"min": 1625,
					"max": 1625
				},
				"2024-07-04": {
					"avg": 1665,
					"count": 3,
					"min": 1198,
					"max": 2073
				},
				"2024-07-06": {
					"avg": 1591,
					"count": 2,
					"min": 1472,
					"max": 1709
				},
				"2024-07-09": {
					"avg": 2895,
					"count": 2,
					"min": 1590,
					"max": 4199
				},
				"2024-07-11": {
					"avg": 1491,
					"count": 1,
					"min": 1491,
					"max": 1491
				},
				"2024-07-14": {
					"avg": 1599,
					"count": 1,
					"min": 1599,
					"max": 1599
				},
				"2024-07-15": {
					"avg": 1657,
					"count": 2,
					"min": 1220,
					"max": 2094
				},
				"2024-07-16": {
					"avg": 1221,
					"count": 1,
					"min": 1221,
					"max": 1221
				},
				"2024-07-18": {
					"avg": 1573,
					"count": 2,
					"min": 1478,
					"max": 1668
				},
				"2024-07-20": {
					"avg": 1460,
					"count": 4,
					"min": 1399,
					"max": 1491
				},
				"2024-07-21": {
					"avg": 2164,
					"count": 2,
					"min": 2148,
					"max": 2180
				},
				"2024-07-22": {
					"avg": 1412,
					"count": 2,
					"min": 1399,
					"max": 1425
				},
				"2024-07-23": {
					"avg": 1575,
					"count": 1,
					"min": 1575,
					"max": 1575
				},
				"2024-07-26": {
					"avg": 1569,
					"count": 1,
					"min": 1569,
					"max": 1569
				},
				"2024-07-27": {
					"avg": 1799,
					"count": 1,
					"min": 1799,
					"max": 1799
				},
				"2024-07-30": {
					"avg": 2092,
					"count": 1,
					"min": 2092,
					"max": 2092
				},
				"2024-08-01": {
					"avg": 2346,
					"count": 2,
					"min": 1948,
					"max": 2743
				},
				"2024-08-02": {
					"avg": 2089,
					"count": 1,
					"min": 2089,
					"max": 2089
				},
				"2024-08-04": {
					"avg": 1591,
					"count": 1,
					"min": 1591,
					"max": 1591
				},
				"2024-08-07": {
					"avg": 4499,
					"count": 1,
					"min": 4499,
					"max": 4499
				},
				"2024-08-08": {
					"avg": 4607,
					"count": 1,
					"min": 4607,
					"max": 4607
				},
				"2024-08-11": {
					"avg": 1612,
					"count": 2,
					"min": 1573,
					"max": 1651
				},
				"2024-08-13": {
					"avg": 1660,
					"count": 2,
					"min": 1591,
					"max": 1728
				},
				"2024-08-17": {
					"avg": 1561,
					"count": 1,
					"min": 1561,
					"max": 1561
				},
				"2024-08-21": {
					"avg": 1532,
					"count": 1,
					"min": 1532,
					"max": 1532
				},
				"2024-08-23": {
					"avg": 1532,
					"count": 1,
					"min": 1532,
					"max": 1532
				},
				"2024-08-25": {
					"avg": 1491,
					"count": 1,
					"min": 1491,
					"max": 1491
				},
				"2024-08-31": {
					"avg": 1570,
					"count": 1,
					"min": 1570,
					"max": 1570
				},
				"2024-09-01": {
					"avg": 1651,
					"count": 3,
					"min": 1571,
					"max": 1810
				},
				"2024-09-02": {
					"avg": 1575,
					"count": 1,
					"min": 1575,
					"max": 1575
				},
				"2024-09-04": {
					"avg": 1620,
					"count": 2,
					"min": 1575,
					"max": 1665
				},
				"2024-09-05": {
					"avg": 1398,
					"count": 1,
					"min": 1398,
					"max": 1398
				},
				"2024-09-06": {
					"avg": 1398,
					"count": 1,
					"min": 1398,
					"max": 1398
				},
				"2024-09-08": {
					"avg": 1591,
					"count": 1,
					"min": 1591,
					"max": 1591
				},
				"2024-09-11": {
					"avg": 1997,
					"count": 1,
					"min": 1997,
					"max": 1997
				},
				"2024-09-12": {
					"avg": 1498,
					"count": 1,
					"min": 1498,
					"max": 1498
				},
				"2024-09-13": {
					"avg": 1608,
					"count": 1,
					"min": 1608,
					"max": 1608
				},
				"2024-09-14": {
					"avg": 1498,
					"count": 1,
					"min": 1498,
					"max": 1498
				},
				"2024-09-15": {
					"avg": 1507,
					"count": 1,
					"min": 1507,
					"max": 1507
				},
				"2024-09-16": {
					"avg": 1989,
					"count": 5,
					"min": 1571,
					"max": 2093
				},
				"2024-09-18": {
					"avg": 4090,
					"count": 2,
					"min": 4000,
					"max": 4180
				},
				"2024-09-21": {
					"avg": 1632,
					"count": 2,
					"min": 1571,
					"max": 1693
				},
				"2024-09-23": {
					"avg": 1329,
					"count": 2,
					"min": 1098,
					"max": 1559
				}
			},
			"avg": 1727,
			"avg7": 1797,
			"avg28": 1797
		},
		"normal-used": {
			"history": {
				"2024-05-27": {
					"avg": 1059,
					"count": 1,
					"min": 1059,
					"max": 1059
				},
				"2024-05-31": {
					"avg": 669,
					"count": 1,
					"min": 669,
					"max": 669
				},
				"2024-06-02": {
					"avg": 699,
					"count": 1,
					"min": 699,
					"max": 699
				},
				"2024-06-04": {
					"avg": 666,
					"count": 1,
					"min": 666,
					"max": 666
				},
				"2024-06-09": {
					"avg": 637,
					"count": 1,
					"min": 637,
					"max": 637
				},
				"2024-06-10": {
					"avg": 619,
					"count": 2,
					"min": 618,
					"max": 619
				},
				"2024-06-14": {
					"avg": 609,
					"count": 1,
					"min": 609,
					"max": 609
				},
				"2024-06-17": {
					"avg": 599,
					"count": 1,
					"min": 599,
					"max": 599
				},
				"2024-06-18": {
					"avg": 1498,
					"count": 4,
					"min": 599,
					"max": 1798
				},
				"2024-06-22": {
					"avg": 1344,
					"count": 1,
					"min": 1344,
					"max": 1344
				},
				"2024-06-26": {
					"avg": 600,
					"count": 1,
					"min": 600,
					"max": 600
				},
				"2024-07-03": {
					"avg": 600,
					"count": 1,
					"min": 600,
					"max": 600
				},
				"2024-07-04": {
					"avg": 669,
					"count": 1,
					"min": 669,
					"max": 669
				},
				"2024-07-05": {
					"avg": 650,
					"count": 1,
					"min": 650,
					"max": 650
				},
				"2024-07-06": {
					"avg": 594,
					"count": 2,
					"min": 592,
					"max": 596
				},
				"2024-07-11": {
					"avg": 613,
					"count": 2,
					"min": 600,
					"max": 625
				},
				"2024-07-14": {
					"avg": 650,
					"count": 1,
					"min": 650,
					"max": 650
				},
				"2024-07-15": {
					"avg": 999,
					"count": 1,
					"min": 999,
					"max": 999
				},
				"2024-07-16": {
					"avg": 632,
					"count": 2,
					"min": 632,
					"max": 632
				},
				"2024-07-17": {
					"avg": 667,
					"count": 2,
					"min": 664,
					"max": 669
				},
				"2024-07-19": {
					"avg": 1899,
					"count": 1,
					"min": 1899,
					"max": 1899
				},
				"2024-07-20": {
					"avg": 649,
					"count": 1,
					"min": 649,
					"max": 649
				},
				"2024-07-25": {
					"avg": 649,
					"count": 1,
					"min": 649,
					"max": 649
				},
				"2024-07-28": {
					"avg": 608,
					"count": 1,
					"min": 608,
					"max": 608
				},
				"2024-07-30": {
					"avg": 632,
					"count": 1,
					"min": 632,
					"max": 632
				},
				"2024-08-01": {
					"avg": 669,
					"count": 1,
					"min": 669,
					"max": 669
				},
				"2024-08-03": {
					"avg": 1029,
					"count": 2,
					"min": 699,
					"max": 1359
				},
				"2024-08-04": {
					"avg": 699,
					"count": 1,
					"min": 699,
					"max": 699
				},
				"2024-08-05": {
					"avg": 669,
					"count": 1,
					"min": 669,
					"max": 669
				},
				"2024-08-08": {
					"avg": 1266,
					"count": 3,
					"min": 699,
					"max": 2399
				},
				"2024-08-09": {
					"avg": 602,
					"count": 1,
					"min": 602,
					"max": 602
				},
				"2024-08-10": {
					"avg": 675,
					"count": 2,
					"min": 601,
					"max": 749
				},
				"2024-08-12": {
					"avg": 669,
					"count": 1,
					"min": 669,
					"max": 669
				},
				"2024-08-13": {
					"avg": 662,
					"count": 2,
					"min": 606,
					"max": 718
				},
				"2024-08-14": {
					"avg": 609,
					"count": 1,
					"min": 609,
					"max": 609
				},
				"2024-08-16": {
					"avg": 669,
					"count": 1,
					"min": 669,
					"max": 669
				},
				"2024-08-20": {
					"avg": 1892,
					"count": 1,
					"min": 1892,
					"max": 1892
				},
				"2024-08-21": {
					"avg": 669,
					"count": 1,
					"min": 669,
					"max": 669
				},
				"2024-08-23": {
					"avg": 735,
					"count": 3,
					"min": 500,
					"max": 999
				},
				"2024-08-24": {
					"avg": 665,
					"count": 1,
					"min": 665,
					"max": 665
				},
				"2024-08-25": {
					"avg": 669,
					"count": 1,
					"min": 669,
					"max": 669
				},
				"2024-08-30": {
					"avg": 669,
					"count": 2,
					"min": 669,
					"max": 669
				},
				"2024-09-02": {
					"avg": 840,
					"count": 1,
					"min": 840,
					"max": 840
				},
				"2024-09-04": {
					"avg": 1466,
					"count": 1,
					"min": 1466,
					"max": 1466
				},
				"2024-09-10": {
					"avg": 659,
					"count": 1,
					"min": 659,
					"max": 659
				},
				"2024-09-14": {
					"avg": 659,
					"count": 1,
					"min": 659,
					"max": 659
				},
				"2024-09-16": {
					"avg": 659,
					"count": 1,
					"min": 659,
					"max": 659
				},
				"2024-09-18": {
					"avg": 659,
					"count": 1,
					"min": 659,
					"max": 659
				},
				"2024-09-19": {
					"avg": 869,
					"count": 1,
					"min": 869,
					"max": 869
				},
				"2024-09-21": {
					"avg": 749,
					"count": 1,
					"min": 749,
					"max": 749
				}
			},
			"avg": 822,
			"avg7": -1,
			"avg28": -1
		},
		"normal-poor": {
			"history": {
				"2024-05-25": {
					"avg": 609,
					"count": 1,
					"min": 609,
					"max": 609
				},
				"2024-05-30": {
					"avg": 543,
					"count": 1,
					"min": 543,
					"max": 543
				},
				"2024-05-31": {
					"avg": 421,
					"count": 1,
					"min": 421,
					"max": 421
				},
				"2024-06-02": {
					"avg": 472,
					"count": 2,
					"min": 421,
					"max": 522
				},
				"2024-06-03": {
					"avg": 421,
					"count": 1,
					"min": 421,
					"max": 421
				},
				"2024-06-04": {
					"avg": 421,
					"count": 1,
					"min": 421,
					"max": 421
				},
				"2024-06-07": {
					"avg": 421,
					"count": 1,
					"min": 421,
					"max": 421
				},
				"2024-06-08": {
					"avg": 463,
					"count": 2,
					"min": 412,
					"max": 514
				},
				"2024-06-10": {
					"avg": 412,
					"count": 1,
					"min": 412,
					"max": 412
				},
				"2024-06-13": {
					"avg": 548,
					"count": 2,
					"min": 534,
					"max": 561
				},
				"2024-06-23": {
					"avg": 449,
					"count": 1,
					"min": 449,
					"max": 449
				},
				"2024-06-29": {
					"avg": 621,
					"count": 1,
					"min": 621,
					"max": 621
				},
				"2024-06-30": {
					"avg": 547,
					"count": 1,
					"min": 547,
					"max": 547
				},
				"2024-07-04": {
					"avg": 475,
					"count": 2,
					"min": 400,
					"max": 549
				},
				"2024-07-10": {
					"avg": 622,
					"count": 1,
					"min": 622,
					"max": 622
				},
				"2024-07-12": {
					"avg": 598,
					"count": 1,
					"min": 598,
					"max": 598
				},
				"2024-07-13": {
					"avg": 422,
					"count": 1,
					"min": 422,
					"max": 422
				},
				"2024-07-15": {
					"avg": 495,
					"count": 1,
					"min": 495,
					"max": 495
				},
				"2024-07-18": {
					"avg": 494,
					"count": 2,
					"min": 430,
					"max": 557
				},
				"2024-07-20": {
					"avg": 603,
					"count": 1,
					"min": 603,
					"max": 603
				},
				"2024-07-26": {
					"avg": 599,
					"count": 1,
					"min": 599,
					"max": 599
				},
				"2024-07-31": {
					"avg": 648,
					"count": 1,
					"min": 648,
					"max": 648
				},
				"2024-08-03": {
					"avg": 905,
					"count": 2,
					"min": 905,
					"max": 905
				},
				"2024-08-08": {
					"avg": 649,
					"count": 1,
					"min": 649,
					"max": 649
				},
				"2024-08-19": {
					"avg": 580,
					"count": 1,
					"min": 580,
					"max": 580
				},
				"2024-08-20": {
					"avg": 529,
					"count": 1,
					"min": 529,
					"max": 529
				},
				"2024-08-21": {
					"avg": 725,
					"count": 1,
					"min": 725,
					"max": 725
				},
				"2024-08-22": {
					"avg": 518,
					"count": 1,
					"min": 518,
					"max": 518
				},
				"2024-08-29": {
					"avg": 561,
					"count": 1,
					"min": 561,
					"max": 561
				},
				"2024-08-30": {
					"avg": 524,
					"count": 1,
					"min": 524,
					"max": 524
				},
				"2024-09-03": {
					"avg": 527,
					"count": 1,
					"min": 527,
					"max": 527
				},
				"2024-09-05": {
					"avg": 834,
					"count": 1,
					"min": 834,
					"max": 834
				},
				"2024-09-06": {
					"avg": 575,
					"count": 1,
					"min": 575,
					"max": 575
				},
				"2024-09-11": {
					"avg": 575,
					"count": 1,
					"min": 575,
					"max": 575
				},
				"2024-09-12": {
					"avg": 639,
					"count": 1,
					"min": 639,
					"max": 639
				},
				"2024-09-13": {
					"avg": 545,
					"count": 1,
					"min": 545,
					"max": 545
				},
				"2024-09-17": {
					"avg": 692,
					"count": 3,
					"min": 545,
					"max": 986
				},
				"2024-09-18": {
					"avg": 545,
					"count": 2,
					"min": 545,
					"max": 545
				},
				"2024-09-20": {
					"avg": 1319,
					"count": 1,
					"min": 1319,
					"max": 1319
				},
				"2024-09-21": {
					"avg": 545,
					"count": 1,
					"min": 545,
					"max": 545
				},
				"2024-09-22": {
					"avg": 572,
					"count": 1,
					"min": 572,
					"max": 572
				}
			},
			"avg": 579,
			"avg7": -1,
			"avg28": -1
		},
		"normal-played": {
			"history": {
				"2024-05-29": {
					"avg": 1495,
					"count": 2,
					"min": 937,
					"max": 2053
				},
				"2024-05-30": {
					"avg": 813,
					"count": 2,
					"min": 800,
					"max": 825
				},
				"2024-05-31": {
					"avg": 825,
					"count": 1,
					"min": 825,
					"max": 825
				},
				"2024-06-01": {
					"avg": 1099,
					"count": 1,
					"min": 1099,
					"max": 1099
				},
				"2024-06-06": {
					"avg": 769,
					"count": 1,
					"min": 769,
					"max": 769
				},
				"2024-06-08": {
					"avg": 2504,
					"count": 1,
					"min": 2504,
					"max": 2504
				},
				"2024-06-09": {
					"avg": 688,
					"count": 1,
					"min": 688,
					"max": 688
				},
				"2024-06-11": {
					"avg": 757,
					"count": 1,
					"min": 757,
					"max": 757
				},
				"2024-06-12": {
					"avg": 983,
					"count": 3,
					"min": 937,
					"max": 1076
				},
				"2024-06-18": {
					"avg": 1049,
					"count": 2,
					"min": 999,
					"max": 1099
				},
				"2024-06-19": {
					"avg": 2548,
					"count": 1,
					"min": 2548,
					"max": 2548
				},
				"2024-06-20": {
					"avg": 2548,
					"count": 1,
					"min": 2548,
					"max": 2548
				},
				"2024-06-22": {
					"avg": 698,
					"count": 1,
					"min": 698,
					"max": 698
				},
				"2024-06-23": {
					"avg": 1094,
					"count": 2,
					"min": 898,
					"max": 1289
				},
				"2024-06-24": {
					"avg": 797,
					"count": 1,
					"min": 797,
					"max": 797
				},
				"2024-06-25": {
					"avg": 899,
					"count": 1,
					"min": 899,
					"max": 899
				},
				"2024-06-27": {
					"avg": 798,
					"count": 1,
					"min": 798,
					"max": 798
				},
				"2024-06-29": {
					"avg": 982,
					"count": 2,
					"min": 899,
					"max": 1065
				},
				"2024-06-30": {
					"avg": 887,
					"count": 1,
					"min": 887,
					"max": 887
				},
				"2024-07-03": {
					"avg": 838,
					"count": 5,
					"min": 780,
					"max": 928
				},
				"2024-07-05": {
					"avg": 834,
					"count": 2,
					"min": 768,
					"max": 899
				},
				"2024-07-06": {
					"avg": 2131,
					"count": 1,
					"min": 2131,
					"max": 2131
				},
				"2024-07-07": {
					"avg": 2630,
					"count": 2,
					"min": 2565,
					"max": 2695
				},
				"2024-07-08": {
					"avg": 843,
					"count": 4,
					"min": 780,
					"max": 998
				},
				"2024-07-10": {
					"avg": 880,
					"count": 2,
					"min": 795,
					"max": 964
				},
				"2024-07-11": {
					"avg": 795,
					"count": 1,
					"min": 795,
					"max": 795
				},
				"2024-07-12": {
					"avg": 788,
					"count": 3,
					"min": 772,
					"max": 797
				},
				"2024-07-14": {
					"avg": 832,
					"count": 3,
					"min": 797,
					"max": 899
				},
				"2024-07-15": {
					"avg": 2649,
					"count": 2,
					"min": 1798,
					"max": 3500
				},
				"2024-07-16": {
					"avg": 873,
					"count": 2,
					"min": 797,
					"max": 949
				},
				"2024-07-19": {
					"avg": 2601,
					"count": 1,
					"min": 2601,
					"max": 2601
				},
				"2024-07-20": {
					"avg": 799,
					"count": 3,
					"min": 760,
					"max": 822
				},
				"2024-07-23": {
					"avg": 755,
					"count": 1,
					"min": 755,
					"max": 755
				},
				"2024-07-24": {
					"avg": 750,
					"count": 1,
					"min": 750,
					"max": 750
				},
				"2024-07-25": {
					"avg": 999,
					"count": 2,
					"min": 898,
					"max": 1099
				},
				"2024-07-26": {
					"avg": 856,
					"count": 5,
					"min": 798,
					"max": 899
				},
				"2024-07-31": {
					"avg": 2258,
					"count": 1,
					"min": 2258,
					"max": 2258
				},
				"2024-08-02": {
					"avg": 843,
					"count": 2,
					"min": 787,
					"max": 898
				},
				"2024-08-03": {
					"avg": 1029,
					"count": 1,
					"min": 1029,
					"max": 1029
				},
				"2024-08-04": {
					"avg": 914,
					"count": 1,
					"min": 914,
					"max": 914
				},
				"2024-08-05": {
					"avg": 3758,
					"count": 1,
					"min": 3758,
					"max": 3758
				},
				"2024-08-06": {
					"avg": 947,
					"count": 2,
					"min": 915,
					"max": 979
				},
				"2024-08-07": {
					"avg": 1007,
					"count": 2,
					"min": 914,
					"max": 1099
				},
				"2024-08-10": {
					"avg": 915,
					"count": 1,
					"min": 915,
					"max": 915
				},
				"2024-08-11": {
					"avg": 851,
					"count": 3,
					"min": 827,
					"max": 899
				},
				"2024-08-17": {
					"avg": 839,
					"count": 1,
					"min": 839,
					"max": 839
				},
				"2024-08-18": {
					"avg": 843,
					"count": 3,
					"min": 843,
					"max": 843
				},
				"2024-08-19": {
					"avg": 899,
					"count": 1,
					"min": 899,
					"max": 899
				},
				"2024-08-22": {
					"avg": 800,
					"count": 1,
					"min": 800,
					"max": 800
				},
				"2024-08-27": {
					"avg": 949,
					"count": 1,
					"min": 949,
					"max": 949
				},
				"2024-08-29": {
					"avg": 990,
					"count": 1,
					"min": 990,
					"max": 990
				},
				"2024-08-30": {
					"avg": 1257,
					"count": 1,
					"min": 1257,
					"max": 1257
				},
				"2024-08-31": {
					"avg": 1040,
					"count": 2,
					"min": 1000,
					"max": 1080
				},
				"2024-09-01": {
					"avg": 1000,
					"count": 1,
					"min": 1000,
					"max": 1000
				},
				"2024-09-02": {
					"avg": 1050,
					"count": 1,
					"min": 1050,
					"max": 1050
				},
				"2024-09-03": {
					"avg": 951,
					"count": 3,
					"min": 912,
					"max": 1027
				},
				"2024-09-04": {
					"avg": 1000,
					"count": 4,
					"min": 1000,
					"max": 1000
				},
				"2024-09-06": {
					"avg": 960,
					"count": 1,
					"min": 960,
					"max": 960
				},
				"2024-09-07": {
					"avg": 1485,
					"count": 2,
					"min": 1099,
					"max": 1871
				},
				"2024-09-08": {
					"avg": 960,
					"count": 2,
					"min": 960,
					"max": 960
				},
				"2024-09-12": {
					"avg": 880,
					"count": 1,
					"min": 880,
					"max": 880
				},
				"2024-09-14": {
					"avg": 890,
					"count": 2,
					"min": 890,
					"max": 890
				},
				"2024-09-15": {
					"avg": 889,
					"count": 1,
					"min": 889,
					"max": 889
				},
				"2024-09-16": {
					"avg": 890,
					"count": 1,
					"min": 890,
					"max": 890
				},
				"2024-09-18": {
					"avg": 875,
					"count": 1,
					"min": 875,
					"max": 875
				},
				"2024-09-19": {
					"avg": 2286,
					"count": 1,
					"min": 2286,
					"max": 2286
				},
				"2024-09-23": {
					"avg": 2427,
					"count": 1,
					"min": 2427,
					"max": 2427
				}
			},
			"avg": 1112,
			"avg7": -1,
			"avg28": -1
		},
		"normal-nearmint": {
			"history": {
				"2024-05-29": {
					"avg": 2498,
					"count": 1,
					"min": 2498,
					"max": 2498
				},
				"2024-06-04": {
					"avg": 2499,
					"count": 2,
					"min": 2499,
					"max": 2499
				},
				"2024-06-09": {
					"avg": 2680,
					"count": 1,
					"min": 2680,
					"max": 2680
				},
				"2024-06-12": {
					"avg": 2356,
					"count": 1,
					"min": 2356,
					"max": 2356
				},
				"2024-06-13": {
					"avg": 2794,
					"count": 1,
					"min": 2794,
					"max": 2794
				},
				"2024-06-16": {
					"avg": 2400,
					"count": 2,
					"min": 2400,
					"max": 2400
				},
				"2024-06-17": {
					"avg": 2579,
					"count": 1,
					"min": 2579,
					"max": 2579
				},
				"2024-06-22": {
					"avg": 2680,
					"count": 1,
					"min": 2680,
					"max": 2680
				},
				"2024-06-25": {
					"avg": 2700,
					"count": 1,
					"min": 2700,
					"max": 2700
				},
				"2024-06-27": {
					"avg": 2400,
					"count": 2,
					"min": 2399,
					"max": 2400
				},
				"2024-06-29": {
					"avg": 2400,
					"count": 1,
					"min": 2400,
					"max": 2400
				},
				"2024-07-01": {
					"avg": 2499,
					"count": 1,
					"min": 2499,
					"max": 2499
				},
				"2024-07-05": {
					"avg": 2425,
					"count": 2,
					"min": 2425,
					"max": 2425
				},
				"2024-07-08": {
					"avg": 2613,
					"count": 1,
					"min": 2613,
					"max": 2613
				},
				"2024-07-14": {
					"avg": 2429,
					"count": 1,
					"min": 2429,
					"max": 2429
				},
				"2024-07-19": {
					"avg": 2482,
					"count": 2,
					"min": 2399,
					"max": 2564
				},
				"2024-07-24": {
					"avg": 2673,
					"count": 1,
					"min": 2673,
					"max": 2673
				},
				"2024-07-26": {
					"avg": 2558,
					"count": 2,
					"min": 2466,
					"max": 2649
				},
				"2024-07-28": {
					"avg": 8399,
					"count": 1,
					"min": 8399,
					"max": 8399
				},
				"2024-07-29": {
					"avg": 2715,
					"count": 1,
					"min": 2715,
					"max": 2715
				},
				"2024-08-02": {
					"avg": 2499,
					"count": 1,
					"min": 2499,
					"max": 2499
				},
				"2024-08-08": {
					"avg": 4494,
					"count": 1,
					"min": 4494,
					"max": 4494
				},
				"2024-08-09": {
					"avg": 2645,
					"count": 1,
					"min": 2645,
					"max": 2645
				},
				"2024-08-10": {
					"avg": 2485,
					"count": 3,
					"min": 2456,
					"max": 2541
				},
				"2024-08-17": {
					"avg": 2557,
					"count": 1,
					"min": 2557,
					"max": 2557
				},
				"2024-08-24": {
					"avg": 2499,
					"count": 1,
					"min": 2499,
					"max": 2499
				},
				"2024-08-27": {
					"avg": 2897,
					"count": 2,
					"min": 2774,
					"max": 3019
				},
				"2024-08-31": {
					"avg": 1999,
					"count": 1,
					"min": 1999,
					"max": 1999
				},
				"2024-09-01": {
					"avg": 5248,
					"count": 2,
					"min": 2599,
					"max": 7897
				},
				"2024-09-02": {
					"avg": 4705,
					"count": 2,
					"min": 1498,
					"max": 7912
				},
				"2024-09-03": {
					"avg": 7999,
					"count": 1,
					"min": 7999,
					"max": 7999
				},
				"2024-09-09": {
					"avg": 2599,
					"count": 1,
					"min": 2599,
					"max": 2599
				},
				"2024-09-10": {
					"avg": 7499,
					"count": 1,
					"min": 7499,
					"max": 7499
				},
				"2024-09-20": {
					"avg": 2699,
					"count": 1,
					"min": 2699,
					"max": 2699
				},
				"2024-09-21": {
					"avg": 2899,
					"count": 1,
					"min": 2899,
					"max": 2899
				}
			},
			"avg": 3154,
			"avg7": -1,
			"avg28": -1
		}
	}
}