{
	"data": {
		"normal-good": {
			"history": {
				"2022-11-12": {
					"avg": 2032,
					"count": 1
				},
				"2022-11-13": {
					"avg": 2197,
					"count": 1
				},
				"2022-11-15": {
					"avg": 2594,
					"count": 1
				},
				"2022-11-17": {
					"avg": 3499,
					"count": 4
				},
				"2022-11-18": {
					"avg": 2903,
					"count": 5
				},
				"2022-11-20": {
					"avg": 1155,
					"count": 1,
					"min": 1155,
					"max": 1155
				},
				"2022-11-23": {
					"avg": 1975,
					"count": 1,
					"min": 1975,
					"max": 1975
				},
				"2022-11-24": {
					"avg": 2624,
					"count": 1,
					"min": 2624,
					"max": 2624
				},
				"2022-11-25": {
					"avg": 1689,
					"count": 9,
					"min": 1095,
					"max": 4499
				},
				"2022-11-27": {
					"avg": 1897,
					"count": 3,
					"min": 1150,
					"max": 2843
				},
				"2022-11-28": {
					"avg": 1794,
					"count": 7,
					"min": 850,
					"max": 2699
				},
				"2022-11-30": {
					"avg": 1150,
					"count": 2,
					"min": 1150,
					"max": 1150
				},
				"2022-12-01": {
					"avg": 1149,
					"count": 2,
					"min": 1149,
					"max": 1149
				},
				"2022-12-03": {
					"avg": 790,
					"count": 1,
					"min": 790,
					"max": 790
				},
				"2022-12-06": {
					"avg": 935,
					"count": 1,
					"min": 935,
					"max": 935
				},
				"2022-12-09": {
					"avg": 1455,
					"count": 1,
					"min": 1455,
					"max": 1455
				},
				"2022-12-10": {
					"avg": 1997,
					"count": 2,
					"min": 696,
					"max": 3298
				},
				"2022-12-11": {
					"avg": 3143,
					"count": 1,
					"min": 3143,
					"max": 3143
				},
				"2022-12-12": {
					"avg": 5498,
					"count": 1,
					"min": 5498,
					"max": 5498
				},
				"2022-12-13": {
					"avg": 2216,
					"count": 4,
					"min": 770,
					"max": 5599
				},
				"2022-12-14": {
					"avg": 1228,
					"count": 1,
					"min": 1228,
					"max": 1228
				},
				"2022-12-15": {
					"avg": 6399,
					"count": 1,
					"min": 6399,
					"max": 6399
				},
				"2022-12-16": {
					"avg": 1346,
					"count": 6,
					"min": 729,
					"max": 1697
				},
				"2022-12-17": {
					"avg": 1627,
					"count": 2,
					"min": 1456,
					"max": 1799
				},
				"2022-12-18": {
					"avg": 1373,
					"count": 2,
					"min": 549,
					"max": 2197
				},
				"2022-12-19": {
					"avg": 4263,
					"count": 2,
					"min": 2025,
					"max": 6500
				},
				"2022-12-24": {
					"avg": 1794,
					"count": 1,
					"min": 1794,
					"max": 1794
				},
				"2022-12-25": {
					"avg": 1450,
					"count": 2,
					"min": 802,
					"max": 2098
				},
				"2022-12-27": {
					"avg": 1150,
					"count": 1,
					"min": 1150,
					"max": 1150
				},
				"2022-12-28": {
					"avg": 5179,
					"count": 3,
					"min": 2379,
					"max": 6658
				},
				"2022-12-29": {
					"avg": 2628,
					"count": 1,
					"min": 2628,
					"max": 2628
				},
				"2022-12-30": {
					"avg": 2039,
					"count": 8,
					"min": 727,
					"max": 6478
				},
				"2022-12-31": {
					"avg": 728,
					"count": 1,
					"min": 728,
					"max": 728
				},
				"2023-01-01": {
					"avg": 2897,
					"count": 2,
					"min": 1394,
					"max": 4399
				},
				"2023-01-03": {
					"avg": 2174,
					"count": 2,
					"min": 1999,
					"max": 2348
				},
				"2023-01-04": {
					"avg": 1338,
					"count": 3,
					"min": 790,
					"max": 2425
				},
				"2023-01-05": {
					"avg": 1672,
					"count": 2,
					"min": 1394,
					"max": 1950
				},
				"2023-01-07": {
					"avg": 599,
					"count": 1,
					"min": 599,
					"max": 599
				},
				"2023-01-08": {
					"avg": 2495,
					"count": 2,
					"min": 2495,
					"max": 2495
				},
				"2023-01-09": {
					"avg": 1784,
					"count": 2,
					"min": 1575,
					"max": 1993
				},
				"2023-01-10": {
					"avg": 1948,
					"count": 2,
					"min": 1597,
					"max": 2299
				},
				"2023-01-11": {
					"avg": 1301,
					"count": 2,
					"min": 699,
					"max": 1902
				},
				"2023-02-06": {
					"avg": 1065,
					"count": 2,
					"min": 833,
					"max": 1297
				},
				"2023-02-07": {
					"avg": 1369,
					"count": 1,
					"min": 1369,
					"max": 1369
				},
				"2023-02-08": {
					"avg": 1300,
					"count": 2,
					"min": 1300,
					"max": 1300
				},
				"2023-02-10": {
					"avg": 599,
					"count": 1,
					"min": 599,
					"max": 599
				},
				"2023-02-11": {
					"avg": 1380,
					"count": 4,
					"min": 1248,
					"max": 1699
				},
				"2023-02-14": {
					"avg": 1672,
					"count": 6,
					"min": 599,
					"max": 3497
				},
				"2023-02-15": {
					"avg": 1590,
					"count": 1,
					"min": 1590,
					"max": 1590
				},
				"2023-02-17": {
					"avg": 1680,
					"count": 2,
					"min": 732,
					"max": 2628
				},
				"2023-02-18": {
					"avg": 2830,
					"count": 8,
					"min": 1498,
					"max": 4477
				},
				"2023-02-19": {
					"avg": 1899,
					"count": 2,
					"min": 1899,
					"max": 1899
				},
				"2023-02-20": {
					"avg": 2499,
					"count": 1,
					"min": 2499,
					"max": 2499
				},
				"2023-02-21": {
					"avg": 1899,
					"count": 1,
					"min": 1899,
					"max": 1899
				},
				"2023-02-22": {
					"avg": 998,
					"count": 1,
					"min": 998,
					"max": 998
				},
				"2023-02-23": {
					"avg": 2699,
					"count": 4,
					"min": 1597,
					"max": 3999
				},
				"2023-02-24": {
					"avg": 4537,
					"count": 1,
					"min": 4537,
					"max": 4537
				},
				"2023-02-26": {
					"avg": 1383,
					"count": 3,
					"min": 1199,
					"max": 1599
				},
				"2023-02-27": {
					"avg": 2044,
					"count": 1,
					"min": 2044,
					"max": 2044
				},
				"2023-02-28": {
					"avg": 2041,
					"count": 1,
					"min": 2041,
					"max": 2041
				},
				"2023-03-01": {
					"avg": 420,
					"count": 1,
					"min": 420,
					"max": 420
				},
				"2023-03-03": {
					"avg": 598,
					"count": 1,
					"min": 598,
					"max": 598
				},
				"2023-03-04": {
					"avg": 2048,
					"count": 2,
					"min": 598,
					"max": 3497
				},
				"2023-03-05": {
					"avg": 1379,
					"count": 1,
					"min": 1379,
					"max": 1379
				},
				"2023-03-07": {
					"avg": 2774,
					"count": 2,
					"min": 1998,
					"max": 3550
				},
				"2023-03-09": {
					"avg": 1970,
					"count": 1,
					"min": 1970,
					"max": 1970
				},
				"2023-03-10": {
					"avg": 3623,
					"count": 1,
					"min": 3623,
					"max": 3623
				},
				"2023-03-11": {
					"avg": 1368,
					"count": 1,
					"min": 1368,
					"max": 1368
				},
				"2023-03-12": {
					"avg": 3097,
					"count": 3,
					"min": 2044,
					"max": 4098
				},
				"2023-03-13": {
					"avg": 4136,
					"count": 3,
					"min": 2041,
					"max": 7099
				},
				"2023-03-14": {
					"avg": 2495,
					"count": 2,
					"min": 2494,
					"max": 2495
				},
				"2023-03-15": {
					"avg": 2069,
					"count": 1,
					"min": 2069,
					"max": 2069
				},
				"2023-03-17": {
					"avg": 4283,
					"count": 2,
					"min": 2068,
					"max": 6499
				},
				"2023-03-18": {
					"avg": 2069,
					"count": 1,
					"min": 2069,
					"max": 2069
				},
				"2023-03-20": {
					"avg": 1595,
					"count": 1,
					"min": 1595,
					"max": 1595
				},
				"2023-03-21": {
					"avg": 5921,
					"count": 4,
					"min": 2594,
					"max": 7030
				},
				"2023-03-23": {
					"avg": 2000,
					"count": 1,
					"min": 2000,
					"max": 2000
				},
				"2023-03-24": {
					"avg": 2594,
					"count": 1,
					"min": 2594,
					"max": 2594
				},
				"2023-03-25": {
					"avg": 2256,
					"count": 2,
					"min": 2181,
					"max": 2331
				},
				"2023-03-28": {
					"avg": 1946,
					"count": 1,
					"min": 1946,
					"max": 1946
				},
				"2023-04-01": {
					"avg": 3549,
					"count": 1,
					"min": 3549,
					"max": 3549
				},
				"2023-04-02": {
					"avg": 14000,
					"count": 1,
					"min": 14000,
					"max": 14000
				},
				"2023-04-03": {
					"avg": 2751,
					"count": 3,
					"min": 1516,
					"max": 4537
				},
				"2023-04-04": {
					"avg": 2996,
					"count": 1,
					"min": 2996,
					"max": 2996
				},
				"2023-04-08": {
					"avg": 3999,
					"count": 1,
					"min": 3999,
					"max": 3999
				},
				"2023-04-09": {
					"avg": 2148,
					"count": 1,
					"min": 2148,
					"max": 2148
				},
				"2023-04-10": {
					"avg": 3083,
					"count": 2,
					"min": 2068,
					"max": 4098
				},
				"2023-04-11": {
					"avg": 2134,
					"count": 1,
					"min": 2134,
					"max": 2134
				},
				"2023-04-12": {
					"avg": 1600,
					"count": 1,
					"min": 1600,
					"max": 1600
				},
				"2023-04-14": {
					"avg": 2786,
					"count": 3,
					"min": 1598,
					"max": 4499
				},
				"2023-04-15": {
					"avg": 687,
					"count": 1,
					"min": 687,
					"max": 687
				},
				"2023-04-16": {
					"avg": 1387,
					"count": 2,
					"min": 704,
					"max": 2069
				},
				"2023-04-17": {
					"avg": 2148,
					"count": 2,
					"min": 1597,
					"max": 2699
				},
				"2023-04-19": {
					"avg": 3901,
					"count": 3,
					"min": 487,
					"max": 8316
				},
				"2023-04-20": {
					"avg": 1656,
					"count": 4,
					"min": 499,
					"max": 2398
				},
				"2023-04-21": {
					"avg": 2940,
					"count": 3,
					"min": 2136,
					"max": 3996
				},
				"2023-04-22": {
					"avg": 1600,
					"count": 1,
					"min": 1600,
					"max": 1600
				},
				"2023-04-27": {
					"avg": 2470,
					"count": 2,
					"min": 944,
					"max": 3996
				},
				"2023-05-01": {
					"avg": 2875,
					"count": 1,
					"min": 2875,
					"max": 2875
				},
				"2023-05-02": {
					"avg": 6044,
					"count": 2,
					"min": 5348,
					"max": 6739
				},
				"2023-05-04": {
					"avg": 2177,
					"count": 2,
					"min": 2090,
					"max": 2264
				},
				"2023-05-05": {
					"avg": 3031,
					"count": 3,
					"min": 2099,
					"max": 3497
				},
				"2023-05-09": {
					"avg": 929,
					"count": 2,
					"min": 620,
					"max": 1238
				},
				"2023-05-12": {
					"avg": 4995,
					"count": 1,
					"min": 4995,
					"max": 4995
				},
				"2023-05-15": {
					"avg": 3487,
					"count": 1,
					"min": 3487,
					"max": 3487
				},
				"2023-05-16": {
					"avg": 8999,
					"count": 1,
					"min": 8999,
					"max": 8999
				},
				"2023-05-18": {
					"avg": 2584,
					"count": 2,
					"min": 1671,
					"max": 3496
				},
				"2023-05-19": {
					"avg": 1374,
					"count": 2,
					"min": 899,
					"max": 1849
				},
				"2023-05-22": {
					"avg": 1774,
					"count": 1,
					"min": 1774,
					"max": 1774
				},
				"2023-05-23": {
					"avg": 919,
					"count": 1,
					"min": 919,
					"max": 919
				},
				"2023-05-24": {
					"avg": 3149,
					"count": 2,
					"min": 1299,
					"max": 4999
				},
				"2023-05-25": {
					"avg": 2049,
					"count": 2,
					"min": 1799,
					"max": 2298
				},
				"2023-05-26": {
					"avg": 2089,
					"count": 5,
					"min": 1149,
					"max": 2786
				},
				"2023-05-29": {
					"avg": 650,
					"count": 1,
					"min": 650,
					"max": 650
				},
				"2023-05-30": {
					"avg": 2020,
					"count": 2,
					"min": 1743,
					"max": 2298
				},
				"2023-06-01": {
					"avg": 2433,
					"count": 3,
					"min": 1275,
					"max": 3399
				},
				"2023-06-02": {
					"avg": 3124,
					"count": 2,
					"min": 3050,
					"max": 3198
				},
				"2023-06-03": {
					"avg": 6051,
					"count": 2,
					"min": 5098,
					"max": 7004
				},
				"2023-06-04": {
					"avg": 1835,
					"count": 2,
					"min": 1225,
					"max": 2444
				},
				"2023-06-05": {
					"avg": 2800,
					"count": 1,
					"min": 2800,
					"max": 2800
				},
				"2023-06-06": {
					"avg": 1435,
					"count": 6,
					"min": 1225,
					"max": 1970
				},
				"2023-06-07": {
					"avg": 1917,
					"count": 2,
					"min": 1572,
					"max": 2261
				},
				"2023-06-08": {
					"avg": 2751,
					"count": 1,
					"min": 2751,
					"max": 2751
				},
				"2023-06-11": {
					"avg": 628,
					"count": 1,
					"min": 628,
					"max": 628
				},
				"2023-06-13": {
					"avg": 2740,
					"count": 2,
					"min": 2351,
					"max": 3128
				},
				"2023-06-14": {
					"avg": 3579,
					"count": 3,
					"min": 2850,
					"max": 4789
				},
				"2023-06-16": {
					"avg": 3499,
					"count": 1,
					"min": 3499,
					"max": 3499
				},
				"2023-06-17": {
					"avg": 6957,
					"count": 1,
					"min": 6957,
					"max": 6957
				},
				"2023-06-18": {
					"avg": 1728,
					"count": 2,
					"min": 1656,
					"max": 1800
				},
				"2023-06-20": {
					"avg": 1170,
					"count": 2,
					"min": 939,
					"max": 1400
				},
				"2023-06-21": {
					"avg": 3100,
					"count": 4,
					"min": 1400,
					"max": 5000
				},
				"2023-06-22": {
					"avg": 3067,
					"count": 5,
					"min": 2679,
					"max": 3425
				},
				"2023-06-23": {
					"avg": 3756,
					"count": 3,
					"min": 3411,
					"max": 3929
				},
				"2023-06-24": {
					"avg": 1174,
					"count": 1,
					"min": 1174,
					"max": 1174
				},
				"2023-06-25": {
					"avg": 5624,
					"count": 1,
					"min": 5624,
					"max": 5624
				},
				"2023-06-27": {
					"avg": 944,
					"count": 1,
					"min": 944,
					"max": 944
				},
				"2023-06-28": {
					"avg": 3325,
					"count": 3,
					"min": 2377,
					"max": 4098
				},
				"2023-07-01": {
					"avg": 3088,
					"count": 6,
					"min": 528,
					"max": 4163
				},
				"2023-07-02": {
					"avg": 1863,
					"count": 2,
					"min": 1400,
					"max": 2325
				},
				"2023-07-03": {
					"avg": 1604,
					"count": 2,
					"min": 859,
					"max": 2348
				},
				"2023-07-04": {
					"avg": 1898,
					"count": 1,
					"min": 1898,
					"max": 1898
				},
				"2023-07-06": {
					"avg": 3472,
					"count": 3,
					"min": 1238,
					"max": 6499
				},
				"2023-07-07": {
					"avg": 1550,
					"count": 2,
					"min": 1400,
					"max": 1699
				},
				"2023-07-08": {
					"avg": 3499,
					"count": 1,
					"min": 3499,
					"max": 3499
				},
				"2023-07-09": {
					"avg": 2701,
					"count": 3,
					"min": 1006,
					"max": 4098
				},
				"2023-07-10": {
					"avg": 2521,
					"count": 2,
					"min": 998,
					"max": 4044
				},
				"2023-07-11": {
					"avg": 1011,
					"count": 1,
					"min": 1011,
					"max": 1011
				},
				"2023-07-12": {
					"avg": 1831,
					"count": 3,
					"min": 1580,
					"max": 2215
				},
				"2023-07-13": {
					"avg": 4908,
					"count": 1,
					"min": 4908,
					"max": 4908
				},
				"2023-07-14": {
					"avg": 1997,
					"count": 2,
					"min": 1699,
					"max": 2295
				},
				"2023-07-15": {
					"avg": 3507,
					"count": 4,
					"min": 790,
					"max": 10098
				},
				"2023-07-16": {
					"avg": 2278,
					"count": 1,
					"min": 2278,
					"max": 2278
				},
				"2023-07-17": {
					"avg": 6598,
					"count": 1,
					"min": 6598,
					"max": 6598
				},
				"2023-07-18": {
					"avg": 3429,
					"count": 3,
					"min": 1599,
					"max": 6997
				},
				"2023-07-19": {
					"avg": 4597,
					"count": 1,
					"min": 4597,
					"max": 4597
				},
				"2023-07-20": {
					"avg": 8296,
					"count": 2,
					"min": 7994,
					"max": 8598
				},
				"2023-07-21": {
					"avg": 1011,
					"count": 1,
					"min": 1011,
					"max": 1011
				},
				"2023-07-22": {
					"avg": 3349,
					"count": 2,
					"min": 1699,
					"max": 4999
				},
				"2023-07-23": {
					"avg": 1162,
					"count": 2,
					"min": 526,
					"max": 1798
				},
				"2023-07-24": {
					"avg": 5197,
					"count": 1,
					"min": 5197,
					"max": 5197
				},
				"2023-07-25": {
					"avg": 1925,
					"count": 1,
					"min": 1925,
					"max": 1925
				},
				"2023-07-27": {
					"avg": 1475,
					"count": 2,
					"min": 1200,
					"max": 1749
				},
				"2023-07-29": {
					"avg": 3140,
					"count": 4,
					"min": 632,
					"max": 9500
				},
				"2023-07-31": {
					"avg": 1849,
					"count": 1,
					"min": 1849,
					"max": 1849
				},
				"2023-08-01": {
					"avg": 719,
					"count": 1,
					"min": 719,
					"max": 719
				},
				"2023-08-02": {
					"avg": 865,
					"count": 2,
					"min": 721,
					"max": 1009
				},
				"2023-08-03": {
					"avg": 3114,
					"count": 3,
					"min": 998,
					"max": 6550
				},
				"2023-08-04": {
					"avg": 1793,
					"count": 1,
					"min": 1793,
					"max": 1793
				},
				"2023-08-05": {
					"avg": 1907,
					"count": 4,
					"min": 1697,
					"max": 2399
				},
				"2023-08-06": {
					"avg": 1261,
					"count": 7,
					"min": 732,
					"max": 1628
				},
				"2023-08-09": {
					"avg": 1293,
					"count": 6,
					"min": 918,
					"max": 3028
				},
				"2023-08-10": {
					"avg": 1613,
					"count": 2,
					"min": 1399,
					"max": 1827
				},
				"2023-08-11": {
					"avg": 3990,
					"count": 6,
					"min": 998,
					"max": 11398
				},
				"2023-08-12": {
					"avg": 974,
					"count": 2,
					"min": 849,
					"max": 1098
				},
				"2023-08-14": {
					"avg": 1099,
					"count": 1,
					"min": 1099,
					"max": 1099
				},
				"2023-08-17": {
					"avg": 2552,
					"count": 4,
					"min": 910,
					"max": 4598
				},
				"2023-08-19": {
					"avg": 9989,
					"count": 1,
					"min": 9989,
					"max": 9989
				},
				"2023-08-20": {
					"avg": 3297,
					"count": 1,
					"min": 3297,
					"max": 3297
				},
				"2023-08-21": {
					"avg": 2072,
					"count": 2,
					"min": 1270,
					"max": 2873
				},
				"2023-08-23": {
					"avg": 2077,
					"count": 1,
					"min": 2077,
					"max": 2077
				},
				"2023-08-24": {
					"avg": 11098,
					"count": 1,
					"min": 11098,
					"max": 11098
				},
				"2023-08-27": {
					"avg": 1521,
					"count": 2,
					"min": 1499,
					"max": 1542
				},
				"2023-08-29": {
					"avg": 1819,
					"count": 1,
					"min": 1819,
					"max": 1819
				},
				"2023-08-30": {
					"avg": 714,
					"count": 1,
					"min": 714,
					"max": 714
				},
				"2023-08-31": {
					"avg": 1538,
					"count": 2,
					"min": 998,
					"max": 2078
				},
				"2023-09-01": {
					"avg": 2049,
					"count": 2,
					"min": 1999,
					"max": 2100
				},
				"2023-09-02": {
					"avg": 714,
					"count": 1,
					"min": 714,
					"max": 714
				},
				"2023-09-03": {
					"avg": 5057,
					"count": 3,
					"min": 2584,
					"max": 7590
				},
				"2023-09-04": {
					"avg": 1399,
					"count": 2,
					"min": 799,
					"max": 1999
				},
				"2023-09-08": {
					"avg": 2590,
					"count": 1,
					"min": 2590,
					"max": 2590
				},
				"2023-09-09": {
					"avg": 1850,
					"count": 1,
					"min": 1850,
					"max": 1850
				},
				"2023-09-10": {
					"avg": 3098,
					"count": 1,
					"min": 3098,
					"max": 3098
				},
				"2023-09-11": {
					"avg": 1347,
					"count": 2,
					"min": 1295,
					"max": 1399
				},
				"2023-09-12": {
					"avg": 2696,
					"count": 1,
					"min": 2696,
					"max": 2696
				},
				"2023-09-13": {
					"avg": 2121,
					"count": 2,
					"min": 2077,
					"max": 2165
				},
				"2023-09-15": {
					"avg": 2498,
					"count": 1,
					"min": 2498,
					"max": 2498
				},
				"2023-09-20": {
					"avg": 1399,
					"count": 1,
					"min": 1399,
					"max": 1399
				},
				"2023-09-21": {
					"avg": 2699,
					"count": 1,
					"min": 2699,
					"max": 2699
				},
				"2023-09-25": {
					"avg": 1997,
					"count": 2,
					"min": 1997,
					"max": 1997
				},
				"2023-09-26": {
					"avg": 1616,
					"count": 1,
					"min": 1616,
					"max": 1616
				},
				"2023-09-28": {
					"avg": 1668,
					"count": 3,
					"min": 906,
					"max": 3099
				},
				"2023-09-29": {
					"avg": 3412,
					"count": 3,
					"min": 1999,
					"max": 4119
				},
				"2023-09-30": {
					"avg": 999,
					"count": 1,
					"min": 999,
					"max": 999
				},
				"2023-10-01": {
					"avg": 2171,
					"count": 3,
					"min": 1164,
					"max": 4150
				},
				"2023-10-02": {
					"avg": 1142,
					"count": 1,
					"min": 1142,
					"max": 1142
				},
				"2023-10-04": {
					"avg": 2798,
					"count": 1,
					"min": 2798,
					"max": 2798
				},
				"2023-10-06": {
					"avg": 3048,
					"count": 2,
					"min": 2997,
					"max": 3098
				},
				"2023-10-07": {
					"avg": 1345,
					"count": 1,
					"min": 1345,
					"max": 1345
				},
				"2023-10-11": {
					"avg": 1789,
					"count": 3,
					"min": 1369,
					"max": 2498
				},
				"2023-10-12": {
					"avg": 2733,
					"count": 2,
					"min": 1295,
					"max": 4170
				},
				"2023-10-13": {
					"avg": 2411,
					"count": 6,
					"min": 750,
					"max": 3010
				},
				"2023-10-14": {
					"avg": 5247,
					"count": 2,
					"min": 3099,
					"max": 7395
				},
				"2023-10-16": {
					"avg": 2540,
					"count": 1,
					"min": 2540,
					"max": 2540
				},
				"2023-10-17": {
					"avg": 750,
					"count": 1,
					"min": 750,
					"max": 750
				},
				"2023-10-18": {
					"avg": 3578,
					"count": 1,
					"min": 3578,
					"max": 3578
				},
				"2023-10-20": {
					"avg": 649,
					"count": 1,
					"min": 649,
					"max": 649
				},
				"2023-10-22": {
					"avg": 6599,
					"count": 1,
					"min": 6599,
					"max": 6599
				},
				"2023-10-23": {
					"avg": 2800,
					"count": 1,
					"min": 2800,
					"max": 2800
				},
				"2023-10-24": {
					"avg": 3649,
					"count": 1,
					"min": 3649,
					"max": 3649
				},
				"2023-10-25": {
					"avg": 4672,
					"count": 2,
					"min": 4197,
					"max": 5148
				},
				"2023-10-27": {
					"avg": 2743,
					"count": 2,
					"min": 2687,
					"max": 2799
				},
				"2023-10-29": {
					"avg": 1995,
					"count": 1,
					"min": 1995,
					"max": 1995
				},
				"2023-10-31": {
					"avg": 370,
					"count": 2,
					"min": 320,
					"max": 420
				},
				"2023-11-01": {
					"avg": 588,
					"count": 1,
					"min": 588,
					"max": 588
				},
				"2023-11-02": {
					"avg": 1774,
					"count": 4,
					"min": 1379,
					"max": 2199
				},
				"2023-11-03": {
					"avg": 2539,
					"count": 2,
					"min": 1531,
					"max": 3547
				},
				"2023-11-07": {
					"avg": 2500,
					"count": 1,
					"min": 2500,
					"max": 2500
				},
				"2023-11-08": {
					"avg": 2770,
					"count": 2,
					"min": 1993,
					"max": 3547
				},
				"2023-11-09": {
					"avg": 5566,
					"count": 1,
					"min": 5566,
					"max": 5566
				},
				"2023-11-10": {
					"avg": 680,
					"count": 1,
					"min": 680,
					"max": 680
				},
				"2023-11-12": {
					"avg": 6694,
					"count": 1,
					"min": 6694,
					"max": 6694
				},
				"2023-11-14": {
					"avg": 4941,
					"count": 1,
					"min": 4941,
					"max": 4941
				},
				"2023-11-15": {
					"avg": 4374,
					"count": 2,
					"min": 1353,
					"max": 7395
				},
				"2023-11-16": {
					"avg": 2020,
					"count": 1,
					"min": 2020,
					"max": 2020
				},
				"2023-11-17": {
					"avg": 3471,
					"count": 3,
					"min": 1963,
					"max": 6450
				},
				"2023-11-18": {
					"avg": 1961,
					"count": 1,
					"min": 1961,
					"max": 1961
				},
				"2023-11-19": {
					"avg": 1624,
					"count": 1,
					"min": 1624,
					"max": 1624
				},
				"2023-11-22": {
					"avg": 1400,
					"count": 2,
					"min": 1399,
					"max": 1400
				},
				"2023-11-23": {
					"avg": 599,
					"count": 1,
					"min": 599,
					"max": 599
				},
				"2023-11-24": {
					"avg": 1957,
					"count": 37,
					"min": 600,
					"max": 4799
				},
				"2023-11-25": {
					"avg": 1842,
					"count": 7,
					"min": 825,
					"max": 2909
				},
				"2023-11-26": {
					"avg": 4202,
					"count": 2,
					"min": 3551,
					"max": 4852
				},
				"2023-11-27": {
					"avg": 3580,
					"count": 3,
					"min": 2199,
					"max": 4941
				},
				"2024-05-16": {
					"avg": 4135,
					"count": 3,
					"min": 2416,
					"max": 4999
				},
				"2024-05-17": {
					"avg": 1853,
					"count": 10,
					"min": 973,
					"max": 3599
				},
				"2024-05-18": {
					"avg": 4391,
					"count": 2,
					"min": 1582,
					"max": 7200
				},
				"2024-05-21": {
					"avg": 3355,
					"count": 2,
					"min": 1711,
					"max": 4999
				},
				"2024-05-22": {
					"avg": 2357,
					"count": 5,
					"min": 1114,
					"max": 3497
				},
				"2024-05-23": {
					"avg": 2300,
					"count": 1,
					"min": 2300,
					"max": 2300
				},
				"2024-05-25": {
					"avg": 2200,
					"count": 1,
					"min": 2200,
					"max": 2200
				},
				"2024-05-27": {
					"avg": 2440,
					"count": 2,
					"min": 2356,
					"max": 2524
				},
				"2024-05-28": {
					"avg": 2799,
					"count": 1,
					"min": 2799,
					"max": 2799
				},
				"2024-05-29": {
					"avg": 4337,
					"count": 2,
					"min": 2545,
					"max": 6128
				},
				"2024-05-31": {
					"avg": 2501,
					"count": 1,
					"min": 2501,
					"max": 2501
				},
				"2024-06-01": {
					"avg": 5499,
					"count": 1,
					"min": 5499,
					"max": 5499
				},
				"2024-06-05": {
					"avg": 2599,
					"count": 1,
					"min": 2599,
					"max": 2599
				},
				"2024-06-07": {
					"avg": 5575,
					"count": 1,
					"min": 5575,
					"max": 5575
				},
				"2024-06-09": {
					"avg": 4997,
					"count": 1,
					"min": 4997,
					"max": 4997
				},
				"2024-06-10": {
					"avg": 2434,
					"count": 1,
					"min": 2434,
					"max": 2434
				},
				"2024-06-13": {
					"avg": 2565,
					"count": 2,
					"min": 2429,
					"max": 2700
				},
				"2024-06-15": {
					"avg": 2430,
					"count": 1,
					"min": 2430,
					"max": 2430
				},
				"2024-06-17": {
					"avg": 2688,
					"count": 1,
					"min": 2688,
					"max": 2688
				},
				"2024-06-20": {
					"avg": 4898,
					"count": 1,
					"min": 4898,
					"max": 4898
				},
				"2024-06-21": {
					"avg": 2655,
					"count": 2,
					"min": 2655,
					"max": 2655
				},
				"2024-06-27": {
					"avg": 2675,
					"count": 2,
					"min": 2649,
					"max": 2700
				},
				"2024-06-30": {
					"avg": 2161,
					"count": 2,
					"min": 2122,
					"max": 2199
				},
				"2024-07-01": {
					"avg": 4897,
					"count": 1,
					"min": 4897,
					"max": 4897
				},
				"2024-07-02": {
					"avg": 4999,
					"count": 1,
					"min": 4999,
					"max": 4999
				},
				"2024-07-05": {
					"avg": 4086,
					"count": 2,
					"min": 2830,
					"max": 5342
				},
				"2024-07-07": {
					"avg": 2656,
					"count": 1,
					"min": 2656,
					"max": 2656
				},
				"2024-07-10": {
					"avg": 2499,
					"count": 1,
					"min": 2499,
					"max": 2499
				},
				"2024-07-11": {
					"avg": 2638,
					"count": 1,
					"min": 2638,
					"max": 2638
				},
				"2024-07-12": {
					"avg": 2636,
					"count": 1,
					"min": 2636,
					"max": 2636
				},
				"2024-07-14": {
					"avg": 3264,
					"count": 1,
					"min": 3264,
					"max": 3264
				},
				"2024-07-15": {
					"avg": 2400,
					"count": 2,
					"min": 2299,
					"max": 2500
				},
				"2024-07-16": {
					"avg": 2472,
					"count": 1,
					"min": 2472,
					"max": 2472
				},
				"2024-07-18": {
					"avg": 2336,
					"count": 1,
					"min": 2336,
					"max": 2336
				},
				"2024-07-19": {
					"avg": 2379,
					"count": 2,
					"min": 2336,
					"max": 2422
				},
				"2024-07-20": {
					"avg": 2688,
					"count": 2,
					"min": 2375,
					"max": 3000
				},
				"2024-07-21": {
					"avg": 2375,
					"count": 1,
					"min": 2375,
					"max": 2375
				},
				"2024-07-22": {
					"avg": 2750,
					"count": 1,
					"min": 2750,
					"max": 2750
				},
				"2024-07-26": {
					"avg": 2258,
					"count": 1,
					"min": 2258,
					"max": 2258
				},
				"2024-07-28": {
					"avg": 2496,
					"count": 1,
					"min": 2496,
					"max": 2496
				},
				"2024-07-31": {
					"avg": 5530,
					"count": 1,
					"min": 5530,
					"max": 5530
				},
				"2024-08-01": {
					"avg": 2199,
					"count": 1,
					"min": 2199,
					"max": 2199
				},
				"2024-08-02": {
					"avg": 1899,
					"count": 1,
					"min": 1899,
					"max": 1899
				},
				"2024-08-03": {
					"avg": 2281,
					"count": 1,
					"min": 2281,
					"max": 2281
				},
				"2024-08-04": {
					"avg": 2430,
					"count": 1,
					"min": 2430,
					"max": 2430
				},
				"2024-08-06": {
					"avg": 2235,
					"count": 1,
					"min": 2235,
					"max": 2235
				},
				"2024-08-07": {
					"avg": 2461,
					"count": 1,
					"min": 2461,
					"max": 2461
				},
				"2024-08-10": {
					"avg": 2655,
					"count": 2,
					"min": 2460,
					"max": 2849
				},
				"2024-08-12": {
					"avg": 5798,
					"count": 1,
					"min": 5798,
					"max": 5798
				},
				"2024-08-13": {
					"avg": 1997,
					"count": 2,
					"min": 1996,
					"max": 1997
				},
				"2024-08-15": {
					"avg": 1999,
					"count": 1,
					"min": 1999,
					"max": 1999
				},
				"2024-08-18": {
					"avg": 2450,
					"count": 1,
					"min": 2450,
					"max": 2450
				},
				"2024-08-20": {
					"avg": 2262,
					"count": 1,
					"min": 2262,
					"max": 2262
				},
				"2024-08-25": {
					"avg": 2946,
					"count": 2,
					"min": 2044,
					"max": 3848
				},
				"2024-08-26": {
					"avg": 1999,
					"count": 1,
					"min": 1999,
					"max": 1999
				},
				"2024-08-28": {
					"avg": 5575,
					"count": 1,
					"min": 5575,
					"max": 5575
				},
				"2024-08-29": {
					"avg": 1994,
					"count": 1,
					"min": 1994,
					"max": 1994
				},
				"2024-08-30": {
					"avg": 2548,
					"count": 1,
					"min": 2548,
					"max": 2548
				},
				"2024-08-31": {
					"avg": 3195,
					"count": 1,
					"min": 3195,
					"max": 3195
				},
				"2024-09-01": {
					"avg": 2343,
					"count": 4,
					"min": 1990,
					"max": 3195
				},
				"2024-09-03": {
					"avg": 2469,
					"count": 3,
					"min": 1827,
					"max": 3195
				},
				"2024-09-04": {
					"avg": 2485,
					"count": 1,
					"min": 2485,
					"max": 2485
				},
				"2024-09-05": {
					"avg": 3195,
					"count": 1,
					"min": 3195,
					"max": 3195
				},
				"2024-09-09": {
					"avg": 2000,
					"count": 1,
					"min": 2000,
					"max": 2000
				},
				"2024-09-10": {
					"avg": 2368,
					"count": 1,
					"min": 2368,
					"max": 2368
				},
				"2024-09-12": {
					"avg": 2550,
					"count": 2,
					"min": 2499,
					"max": 2600
				},
				"2024-09-14": {
					"avg": 2126,
					"count": 1,
					"min": 2126,
					"max": 2126
				},
				"2024-09-16": {
					"avg": 2356,
					"count": 3,
					"min": 2199,
					"max": 2498
				},
				"2024-09-18": {
					"avg": 2899,
					"count": 1,
					"min": 2899,
					"max": 2899
				},
				"2024-09-19": {
					"avg": 5097,
					"count": 1,
					"min": 5097,
					"max": 5097
				},
				"2024-09-23": {
					"avg": 2399,
					"count": 1,
					"min": 2399,
					"max": 2399
				}
			},
			"avg": 2539,
			"avg7": 2646,
			"avg28": 2646
		},
		"normal-used": {
			"history": {
				"2024-05-27": {
					"avg": 1125,
					"count": 1,
					"min": 1125,
					"max": 1125
				},
				"2024-06-01": {
					"avg": 2132,
					"count": 1,
					"min": 2132,
					"max": 2132
				},
				"2024-06-09": {
					"avg": 1295,
					"count": 1,
					"min": 1295,
					"max": 1295
				},
				"2024-06-14": {
					"avg": 1699,
					"count": 1,
					"min": 1699,
					"max": 1699
				},
				"2024-06-17": {
					"avg": 1000,
					"count": 1,
					"min": 1000,
					"max": 1000
				},
				"2024-06-19": {
					"avg": 1129,
					"count": 1,
					"min": 1129,
					"max": 1129
				},
				"2024-06-22": {
					"avg": 1737,
					"count": 2,
					"min": 1415,
					"max": 2058
				},
				"2024-06-25": {
					"avg": 2354,
					"count": 1,
					"min": 2354,
					"max": 2354
				},
				"2024-06-30": {
					"avg": 1598,
					"count": 1,
					"min": 1598,
					"max": 1598
				},
				"2024-07-02": {
					"avg": 1079,
					"count": 1,
					"min": 1079,
					"max": 1079
				},
				"2024-07-06": {
					"avg": 1548,
					"count": 1,
					"min": 1548,
					"max": 1548
				},
				"2024-07-07": {
					"avg": 2449,
					"count": 1,
					"min": 2449,
					"max": 2449
				},
				"2024-07-25": {
					"avg": 1179,
					"count": 2,
					"min": 1178,
					"max": 1179
				},
				"2024-07-26": {
					"avg": 1099,
					"count": 1,
					"min": 1099,
					"max": 1099
				},
				"2024-07-29": {
					"avg": 1432,
					"count": 2,
					"min": 1149,
					"max": 1714
				},
				"2024-08-09": {
					"avg": 1791,
					"count": 2,
					"min": 1117,
					"max": 2464
				},
				"2024-08-10": {
					"avg": 1373,
					"count": 2,
					"min": 1097,
					"max": 1648
				},
				"2024-08-11": {
					"avg": 1097,
					"count": 1,
					"min": 1097,
					"max": 1097
				},
				"2024-08-12": {
					"avg": 1161,
					"count": 2,
					"min": 1122,
					"max": 1199
				},
				"2024-08-21": {
					"avg": 1098,
					"count": 1,
					"min": 1098,
					"max": 1098
				},
				"2024-08-22": {
					"avg": 1214,
					"count": 1,
					"min": 1214,
					"max": 1214
				},
				"2024-08-24": {
					"avg": 1179,
					"count": 1,
					"min": 1179,
					"max": 1179
				},
				"2024-08-30": {
					"avg": 1177,
					"count": 1,
					"min": 1177,
					"max": 1177
				},
				"2024-09-04": {
					"avg": 1110,
					"count": 1,
					"min": 1110,
					"max": 1110
				},
				"2024-09-08": {
					"avg": 1149,
					"count": 2,
					"min": 1148,
					"max": 1149
				},
				"2024-09-21": {
					"avg": 1300,
					"count": 1,
					"min": 1300,
					"max": 1300
				}
			},
			"avg": 1404,
			"avg7": -1,
			"avg28": -1
		},
		"normal-nearmint": {
			"history": {
				"2024-05-23": {
					"avg": 3497,
					"count": 1,
					"min": 3497,
					"max": 3497
				},
				"2024-05-25": {
					"avg": 3199,
					"count": 1,
					"min": 3199,
					"max": 3199
				},
				"2024-05-27": {
					"avg": 7147,
					"count": 2,
					"min": 7099,
					"max": 7195
				},
				"2024-05-29": {
					"avg": 3250,
					"count": 1,
					"min": 3250,
					"max": 3250
				},
				"2024-06-09": {
					"avg": 3498,
					"count": 1,
					"min": 3498,
					"max": 3498
				},
				"2024-06-10": {
					"avg": 3644,
					"count": 1,
					"min": 3644,
					"max": 3644
				},
				"2024-06-17": {
					"avg": 7683,
					"count": 1,
					"min": 7683,
					"max": 7683
				},
				"2024-06-21": {
					"avg": 3497,
					"count": 1,
					"min": 3497,
					"max": 3497
				},
				"2024-06-24": {
					"avg": 1500,
					"count": 1,
					"min": 1500,
					"max": 1500
				},
				"2024-06-30": {
					"avg": 3390,
					"count": 1,
					"min": 3390,
					"max": 3390
				},
				"2024-07-06": {
					"avg": 5274,
					"count": 2,
					"min": 2999,
					"max": 7549
				},
				"2024-07-07": {
					"avg": 2399,
					"count": 1,
					"min": 2399,
					"max": 2399
				},
				"2024-07-08": {
					"avg": 2999,
					"count": 1,
					"min": 2999,
					"max": 2999
				},
				"2024-07-10": {
					"avg": 3300,
					"count": 1,
					"min": 3300,
					"max": 3300
				},
				"2024-07-18": {
					"avg": 3184,
					"count": 1,
					"min": 3184,
					"max": 3184
				},
				"2024-07-19": {
					"avg": 7197,
					"count": 1,
					"min": 7197,
					"max": 7197
				},
				"2024-07-27": {
					"avg": 3198,
					"count": 1,
					"min": 3198,
					"max": 3198
				},
				"2024-08-02": {
					"avg": 3137,
					"count": 1,
					"min": 3137,
					"max": 3137
				},
				"2024-08-05": {
					"avg": 3081,
					"count": 2,
					"min": 3022,
					"max": 3139
				},
				"2024-08-11": {
					"avg": 2598,
					"count": 1,
					"min": 2598,
					"max": 2598
				},
				"2024-08-14": {
					"avg": 3796,
					"count": 1,
					"min": 3796,
					"max": 3796
				},
				"2024-08-15": {
					"avg": 3401,
					"count": 2,
					"min": 2600,
					"max": 4202
				},
				"2024-08-23": {
					"avg": 7399,
					"count": 1,
					"min": 7399,
					"max": 7399
				},
				"2024-08-27": {
					"avg": 7599,
					"count": 1,
					"min": 7599,
					"max": 7599
				},
				"2024-09-03": {
					"avg": 3260,
					"count": 1,
					"min": 3260,
					"max": 3260
				},
				"2024-09-11": {
					"avg": 2100,
					"count": 1,
					"min": 2100,
					"max": 2100
				},
				"2024-09-12": {
					"avg": 2599,
					"count": 1,
					"min": 2599,
					"max": 2599
				},
				"2024-09-13": {
					"avg": 2608,
					"count": 1,
					"min": 2608,
					"max": 2608
				},
				"2024-09-18": {
					"avg": 3370,
					"count": 1,
					"min": 3370,
					"max": 3370
				},
				"2024-09-21": {
					"avg": 2109,
					"count": 5,
					"min": 478,
					"max": 3198
				},
				"2024-09-22": {
					"avg": 3200,
					"count": 1,
					"min": 3200,
					"max": 3200
				}
			},
			"avg": 3730,
			"avg7": -1,
			"avg28": -1
		},
		"normal-poor": {
			"history": {
				"2024-05-24": {
					"avg": 972,
					"count": 1,
					"min": 972,
					"max": 972
				},
				"2024-05-29": {
					"avg": 749,
					"count": 1,
					"min": 749,
					"max": 749
				},
				"2024-05-31": {
					"avg": 749,
					"count": 1,
					"min": 749,
					"max": 749
				},
				"2024-06-01": {
					"avg": 699,
					"count": 1,
					"min": 699,
					"max": 699
				},
				"2024-06-06": {
					"avg": 765,
					"count": 1,
					"min": 765,
					"max": 765
				},
				"2024-06-09": {
					"avg": 542,
					"count": 1,
					"min": 542,
					"max": 542
				},
				"2024-06-11": {
					"avg": 2498,
					"count": 1,
					"min": 2498,
					"max": 2498
				},
				"2024-06-12": {
					"avg": 665,
					"count": 1,
					"min": 665,
					"max": 665
				},
				"2024-06-14": {
					"avg": 666,
					"count": 1,
					"min": 666,
					"max": 666
				},
				"2024-06-15": {
					"avg": 698,
					"count": 1,
					"min": 698,
					"max": 698
				},
				"2024-06-21": {
					"avg": 665,
					"count": 1,
					"min": 665,
					"max": 665
				},
				"2024-06-22": {
					"avg": 700,
					"count": 1,
					"min": 700,
					"max": 700
				},
				"2024-06-29": {
					"avg": 798,
					"count": 4,
					"min": 798,
					"max": 798
				},
				"2024-07-06": {
					"avg": 621,
					"count": 1,
					"min": 621,
					"max": 621
				},
				"2024-07-09": {
					"avg": 2098,
					"count": 1,
					"min": 2098,
					"max": 2098
				},
				"2024-07-11": {
					"avg": 699,
					"count": 2,
					"min": 698,
					"max": 699
				},
				"2024-07-23": {
					"avg": 689,
					"count": 1,
					"min": 689,
					"max": 689
				},
				"2024-07-27": {
					"avg": 699,
					"count": 1,
					"min": 699,
					"max": 699
				},
				"2024-08-01": {
					"avg": 760,
					"count": 1,
					"min": 760,
					"max": 760
				},
				"2024-08-05": {
					"avg": 781,
					"count": 2,
					"min": 714,
					"max": 847
				},
				"2024-08-07": {
					"avg": 527,
					"count": 1,
					"min": 527,
					"max": 527
				},
				"2024-08-11": {
					"avg": 730,
					"count": 1,
					"min": 730,
					"max": 730
				},
				"2024-08-12": {
					"avg": 695,
					"count": 1,
					"min": 695,
					"max": 695
				},
				"2024-08-18": {
					"avg": 695,
					"count": 2,
					"min": 695,
					"max": 695
				},
				"2024-08-20": {
					"avg": 807,
					"count": 1,
					"min": 807,
					"max": 807
				},
				"2024-08-23": {
					"avg": 690,
					"count": 1,
					"min": 690,
					"max": 690
				},
				"2024-08-25": {
					"avg": 817,
					"count": 1,
					"min": 817,
					"max": 817
				},
				"2024-08-29": {
					"avg": 399,
					"count": 1,
					"min": 399,
					"max": 399
				},
				"2024-08-31": {
					"avg": 798,
					"count": 1,
					"min": 798,
					"max": 798
				},
				"2024-09-02": {
					"avg": 799,
					"count": 1,
					"min": 799,
					"max": 799
				},
				"2024-09-04": {
					"avg": 850,
					"count": 1,
					"min": 850,
					"max": 850
				},
				"2024-09-10": {
					"avg": 685,
					"count": 1,
					"min": 685,
					"max": 685
				},
				"2024-09-12": {
					"avg": 685,
					"count": 2,
					"min": 685,
					"max": 685
				},
				"2024-09-13": {
					"avg": 847,
					"count": 1,
					"min": 847,
					"max": 847
				},
				"2024-09-14": {
					"avg": 753,
					"count": 1,
					"min": 753,
					"max": 753
				},
				"2024-09-17": {
					"avg": 799,
					"count": 1,
					"min": 799,
					"max": 799
				}
			},
			"avg": 799,
			"avg7": -1,
			"avg28": -1
		},
		"normal-played": {
			"history": {
				"2024-05-23": {
					"avg": 1500,
					"count": 1,
					"min": 1500,
					"max": 1500
				},
				"2024-05-30": {
					"avg": 1549,
					"count": 2,
					"min": 1548,
					"max": 1549
				},
				"2024-06-02": {
					"avg": 1999,
					"count": 1,
					"min": 1999,
					"max": 1999
				},
				"2024-06-03": {
					"avg": 1549,
					"count": 1,
					"min": 1549,
					"max": 1549
				},
				"2024-06-04": {
					"avg": 1549,
					"count": 1,
					"min": 1549,
					"max": 1549
				},
				"2024-06-08": {
					"avg": 1680,
					"count": 1,
					"min": 1680,
					"max": 1680
				},
				"2024-06-13": {
					"avg": 2000,
					"count": 1,
					"min": 2000,
					"max": 2000
				},
				"2024-06-17": {
					"avg": 1581,
					"count": 1,
					"min": 1581,
					"max": 1581
				},
				"2024-06-20": {
					"avg": 4499,
					"count": 1,
					"min": 4499,
					"max": 4499
				},
				"2024-06-22": {
					"avg": 1542,
					"count": 1,
					"min": 1542,
					"max": 1542
				},
				"2024-06-23": {
					"avg": 1543,
					"count": 1,
					"min": 1543,
					"max": 1543
				},
				"2024-07-05": {
					"avg": 1875,
					"count": 2,
					"min": 1581,
					"max": 2169
				},
				"2024-07-08": {
					"avg": 1595,
					"count": 1,
					"min": 1595,
					"max": 1595
				},
				"2024-07-10": {
					"avg": 1599,
					"count": 1,
					"min": 1599,
					"max": 1599
				},
				"2024-07-11": {
					"avg": 1983,
					"count": 3,
					"min": 1598,
					"max": 2749
				},
				"2024-07-17": {
					"avg": 1299,
					"count": 1,
					"min": 1299,
					"max": 1299
				},
				"2024-07-20": {
					"avg": 1883,
					"count": 2,
					"min": 1597,
					"max": 2169
				},
				"2024-07-23": {
					"avg": 1658,
					"count": 4,
					"min": 1590,
					"max": 1748
				},
				"2024-07-25": {
					"avg": 1908,
					"count": 2,
					"min": 1831,
					"max": 1984
				},
				"2024-07-26": {
					"avg": 1700,
					"count": 1,
					"min": 1700,
					"max": 1700
				},
				"2024-07-30": {
					"avg": 1749,
					"count": 1,
					"min": 1749,
					"max": 1749
				},
				"2024-08-02": {
					"avg": 1799,
					"count": 1,
					"min": 1799,
					"max": 1799
				},
				"2024-08-06": {
					"avg": 1657,
					"count": 1,
					"min": 1657,
					"max": 1657
				},
				"2024-08-12": {
					"avg": 1649,
					"count": 1,
					"min": 1649,
					"max": 1649
				},
				"2024-08-19": {
					"avg": 2833,
					"count": 2,
					"min": 1649,
					"max": 4017
				},
				"2024-08-20": {
					"avg": 1648,
					"count": 1,
					"min": 1648,
					"max": 1648
				},
				"2024-08-21": {
					"avg": 2685,
					"count": 1,
					"min": 2685,
					"max": 2685
				},
				"2024-08-24": {
					"avg": 1550,
					"count": 1,
					"min": 1550,
					"max": 1550
				},
				"2024-09-01": {
					"avg": 1649,
					"count": 1,
					"min": 1649,
					"max": 1649
				},
				"2024-09-02": {
					"avg": 4017,
					"count": 1,
					"min": 4017,
					"max": 4017
				},
				"2024-09-04": {
					"avg": 4298,
					"count": 1,
					"min": 4298,
					"max": 4298
				},
				"2024-09-10": {
					"avg": 1821,
					"count": 1,
					"min": 1821,
					"max": 1821
				},
				"2024-09-11": {
					"avg": 1746,
					"count": 2,
					"min": 1699,
					"max": 1792
				},
				"2024-09-13": {
					"avg": 1790,
					"count": 1,
					"min": 1790,
					"max": 1790
				},
				"2024-09-16": {
					"avg": 2369,
					"count": 1,
					"min": 2369,
					"max": 2369
				},
				"2024-09-20": {
					"avg": 1812,
					"count": 1,
					"min": 1812,
					"max": 1812
				}
			},
			"avg": 1964,
			"avg7": -1,
			"avg28": -1
		}
	}
}