{
	"data": {
		"normal-good": {
			"history": {
				"2022-11-13": {
					"avg": 998,
					"count": 1
				},
				"2022-11-14": {
					"avg": 1928,
					"count": 3
				},
				"2022-11-15": {
					"avg": 507,
					"count": 1
				},
				"2022-11-17": {
					"avg": 2000,
					"count": 1
				},
				"2022-11-18": {
					"avg": 1046,
					"count": 2
				},
				"2022-11-21": {
					"avg": 3650,
					"count": 1,
					"min": 3650,
					"max": 3650
				},
				"2022-11-22": {
					"avg": 2500,
					"count": 1,
					"min": 2500,
					"max": 2500
				},
				"2022-11-23": {
					"avg": 599,
					"count": 1,
					"min": 599,
					"max": 599
				},
				"2022-11-24": {
					"avg": 1553,
					"count": 2,
					"min": 609,
					"max": 2497
				},
				"2022-11-25": {
					"avg": 1243,
					"count": 7,
					"min": 694,
					"max": 3794
				},
				"2022-11-26": {
					"avg": 695,
					"count": 1,
					"min": 695,
					"max": 695
				},
				"2022-11-27": {
					"avg": 795,
					"count": 1,
					"min": 795,
					"max": 795
				},
				"2022-11-28": {
					"avg": 1234,
					"count": 8,
					"min": 325,
					"max": 1597
				},
				"2022-11-29": {
					"avg": 815,
					"count": 1,
					"min": 815,
					"max": 815
				},
				"2022-11-30": {
					"avg": 484,
					"count": 5,
					"min": 424,
					"max": 695
				},
				"2022-12-02": {
					"avg": 1975,
					"count": 3,
					"min": 1649,
					"max": 2199
				},
				"2022-12-03": {
					"avg": 977,
					"count": 1,
					"min": 977,
					"max": 977
				},
				"2022-12-04": {
					"avg": 977,
					"count": 1,
					"min": 977,
					"max": 977
				},
				"2022-12-07": {
					"avg": 1982,
					"count": 3,
					"min": 720,
					"max": 3629
				},
				"2022-12-09": {
					"avg": 1182,
					"count": 3,
					"min": 500,
					"max": 2497
				},
				"2022-12-11": {
					"avg": 1299,
					"count": 2,
					"min": 948,
					"max": 1650
				},
				"2022-12-12": {
					"avg": 1119,
					"count": 1,
					"min": 1119,
					"max": 1119
				},
				"2022-12-13": {
					"avg": 848,
					"count": 2,
					"min": 719,
					"max": 977
				},
				"2022-12-15": {
					"avg": 1119,
					"count": 1,
					"min": 1119,
					"max": 1119
				},
				"2022-12-16": {
					"avg": 650,
					"count": 1,
					"min": 650,
					"max": 650
				},
				"2022-12-17": {
					"avg": 942,
					"count": 3,
					"min": 719,
					"max": 1300
				},
				"2022-12-18": {
					"avg": 499,
					"count": 1,
					"min": 499,
					"max": 499
				},
				"2022-12-19": {
					"avg": 709,
					"count": 5,
					"min": 598,
					"max": 981
				},
				"2022-12-20": {
					"avg": 570,
					"count": 2,
					"min": 420,
					"max": 719
				},
				"2022-12-21": {
					"avg": 2245,
					"count": 2,
					"min": 1790,
					"max": 2699
				},
				"2022-12-22": {
					"avg": 720,
					"count": 1,
					"min": 720,
					"max": 720
				},
				"2022-12-24": {
					"avg": 614,
					"count": 1,
					"min": 614,
					"max": 614
				},
				"2022-12-25": {
					"avg": 4054,
					"count": 1,
					"min": 4054,
					"max": 4054
				},
				"2022-12-27": {
					"avg": 1898,
					"count": 2,
					"min": 1597,
					"max": 2199
				},
				"2022-12-28": {
					"avg": 1742,
					"count": 1,
					"min": 1742,
					"max": 1742
				},
				"2022-12-29": {
					"avg": 3699,
					"count": 1,
					"min": 3699,
					"max": 3699
				},
				"2022-12-30": {
					"avg": 825,
					"count": 4,
					"min": 502,
					"max": 1299
				},
				"2022-12-31": {
					"avg": 726,
					"count": 1,
					"min": 726,
					"max": 726
				},
				"2023-01-01": {
					"avg": 799,
					"count": 1,
					"min": 799,
					"max": 799
				},
				"2023-01-03": {
					"avg": 1409,
					"count": 3,
					"min": 995,
					"max": 1725
				},
				"2023-01-04": {
					"avg": 703,
					"count": 1,
					"min": 703,
					"max": 703
				},
				"2023-01-06": {
					"avg": 526,
					"count": 1,
					"min": 526,
					"max": 526
				},
				"2023-01-07": {
					"avg": 948,
					"count": 1,
					"min": 948,
					"max": 948
				},
				"2023-01-08": {
					"avg": 1405,
					"count": 3,
					"min": 999,
					"max": 1720
				},
				"2023-01-09": {
					"avg": 1260,
					"count": 2,
					"min": 800,
					"max": 1720
				},
				"2023-01-10": {
					"avg": 959,
					"count": 1,
					"min": 959,
					"max": 959
				},
				"2023-01-12": {
					"avg": 4499,
					"count": 1,
					"min": 4499,
					"max": 4499
				},
				"2023-02-06": {
					"avg": 1774,
					"count": 4,
					"min": 517,
					"max": 2499
				},
				"2023-02-07": {
					"avg": 1634,
					"count": 2,
					"min": 1000,
					"max": 2268
				},
				"2023-02-08": {
					"avg": 1132,
					"count": 3,
					"min": 530,
					"max": 1998
				},
				"2023-02-11": {
					"avg": 2024,
					"count": 2,
					"min": 1050,
					"max": 2999
				},
				"2023-02-12": {
					"avg": 1997,
					"count": 2,
					"min": 1497,
					"max": 2497
				},
				"2023-02-15": {
					"avg": 1000,
					"count": 1,
					"min": 1000,
					"max": 1000
				},
				"2023-02-16": {
					"avg": 1959,
					"count": 1,
					"min": 1959,
					"max": 1959
				},
				"2023-02-17": {
					"avg": 940,
					"count": 1,
					"min": 940,
					"max": 940
				},
				"2023-02-18": {
					"avg": 1513,
					"count": 8,
					"min": 838,
					"max": 2598
				},
				"2023-02-19": {
					"avg": 1879,
					"count": 5,
					"min": 399,
					"max": 3599
				},
				"2023-02-20": {
					"avg": 1371,
					"count": 3,
					"min": 499,
					"max": 2674
				},
				"2023-02-21": {
					"avg": 598,
					"count": 1,
					"min": 598,
					"max": 598
				},
				"2023-02-22": {
					"avg": 3148,
					"count": 2,
					"min": 2497,
					"max": 3798
				},
				"2023-02-23": {
					"avg": 1052,
					"count": 1,
					"min": 1052,
					"max": 1052
				},
				"2023-02-26": {
					"avg": 823,
					"count": 2,
					"min": 548,
					"max": 1098
				},
				"2023-02-27": {
					"avg": 2988,
					"count": 2,
					"min": 2608,
					"max": 3367
				},
				"2023-02-28": {
					"avg": 1475,
					"count": 1,
					"min": 1475,
					"max": 1475
				},
				"2023-03-01": {
					"avg": 1354,
					"count": 1,
					"min": 1354,
					"max": 1354
				},
				"2023-03-03": {
					"avg": 1324,
					"count": 4,
					"min": 715,
					"max": 2508
				},
				"2023-03-04": {
					"avg": 2124,
					"count": 2,
					"min": 1648,
					"max": 2600
				},
				"2023-03-05": {
					"avg": 599,
					"count": 1,
					"min": 599,
					"max": 599
				},
				"2023-03-06": {
					"avg": 2199,
					"count": 2,
					"min": 899,
					"max": 3500
				},
				"2023-03-07": {
					"avg": 1227,
					"count": 4,
					"min": 875,
					"max": 1494
				},
				"2023-03-09": {
					"avg": 1732,
					"count": 8,
					"min": 973,
					"max": 4097
				},
				"2023-03-11": {
					"avg": 1416,
					"count": 2,
					"min": 870,
					"max": 1961
				},
				"2023-03-12": {
					"avg": 1298,
					"count": 2,
					"min": 1261,
					"max": 1334
				},
				"2023-03-13": {
					"avg": 1476,
					"count": 1,
					"min": 1476,
					"max": 1476
				},
				"2023-03-15": {
					"avg": 944,
					"count": 2,
					"min": 389,
					"max": 1499
				},
				"2023-03-16": {
					"avg": 488,
					"count": 1,
					"min": 488,
					"max": 488
				},
				"2023-03-17": {
					"avg": 1545,
					"count": 1,
					"min": 1545,
					"max": 1545
				},
				"2023-03-18": {
					"avg": 940,
					"count": 1,
					"min": 940,
					"max": 940
				},
				"2023-03-19": {
					"avg": 819,
					"count": 2,
					"min": 798,
					"max": 840
				},
				"2023-03-20": {
					"avg": 2299,
					"count": 1,
					"min": 2299,
					"max": 2299
				},
				"2023-03-21": {
					"avg": 2345,
					"count": 3,
					"min": 1467,
					"max": 4099
				},
				"2023-03-25": {
					"avg": 1470,
					"count": 1,
					"min": 1470,
					"max": 1470
				},
				"2023-03-29": {
					"avg": 1856,
					"count": 3,
					"min": 849,
					"max": 2549
				},
				"2023-03-31": {
					"avg": 2671,
					"count": 3,
					"min": 2365,
					"max": 3049
				},
				"2023-04-01": {
					"avg": 499,
					"count": 1,
					"min": 499,
					"max": 499
				},
				"2023-04-02": {
					"avg": 2249,
					"count": 2,
					"min": 1298,
					"max": 3199
				},
				"2023-04-03": {
					"avg": 3149,
					"count": 1,
					"min": 3149,
					"max": 3149
				},
				"2023-04-04": {
					"avg": 1790,
					"count": 3,
					"min": 840,
					"max": 2444
				},
				"2023-04-06": {
					"avg": 839,
					"count": 1,
					"min": 839,
					"max": 839
				},
				"2023-04-07": {
					"avg": 1696,
					"count": 4,
					"min": 839,
					"max": 2629
				},
				"2023-04-08": {
					"avg": 2670,
					"count": 2,
					"min": 2340,
					"max": 2999
				},
				"2023-04-09": {
					"avg": 1019,
					"count": 2,
					"min": 539,
					"max": 1499
				},
				"2023-04-11": {
					"avg": 1649,
					"count": 1,
					"min": 1649,
					"max": 1649
				},
				"2023-04-12": {
					"avg": 849,
					"count": 1,
					"min": 849,
					"max": 849
				},
				"2023-04-13": {
					"avg": 1577,
					"count": 2,
					"min": 597,
					"max": 2556
				},
				"2023-04-14": {
					"avg": 597,
					"count": 1,
					"min": 597,
					"max": 597
				},
				"2023-04-15": {
					"avg": 2600,
					"count": 1,
					"min": 2600,
					"max": 2600
				},
				"2023-04-16": {
					"avg": 2132,
					"count": 3,
					"min": 1898,
					"max": 2600
				},
				"2023-04-17": {
					"avg": 563,
					"count": 2,
					"min": 349,
					"max": 777
				},
				"2023-04-19": {
					"avg": 689,
					"count": 2,
					"min": 627,
					"max": 751
				},
				"2023-04-20": {
					"avg": 870,
					"count": 1,
					"min": 870,
					"max": 870
				},
				"2023-04-21": {
					"avg": 1962,
					"count": 2,
					"min": 1324,
					"max": 2600
				},
				"2023-04-22": {
					"avg": 1348,
					"count": 3,
					"min": 670,
					"max": 2598
				},
				"2023-04-23": {
					"avg": 966,
					"count": 2,
					"min": 504,
					"max": 1429
				},
				"2023-04-25": {
					"avg": 3999,
					"count": 1,
					"min": 3999,
					"max": 3999
				},
				"2023-04-26": {
					"avg": 854,
					"count": 1,
					"min": 854,
					"max": 854
				},
				"2023-04-27": {
					"avg": 1174,
					"count": 1,
					"min": 1174,
					"max": 1174
				},
				"2023-05-02": {
					"avg": 956,
					"count": 1,
					"min": 956,
					"max": 956
				},
				"2023-05-03": {
					"avg": 2599,
					"count": 2,
					"min": 698,
					"max": 4499
				},
				"2023-05-04": {
					"avg": 2874,
					"count": 2,
					"min": 1649,
					"max": 4099
				},
				"2023-05-05": {
					"avg": 1799,
					"count": 3,
					"min": 1199,
					"max": 2598
				},
				"2023-05-06": {
					"avg": 2810,
					"count": 1,
					"min": 2810,
					"max": 2810
				},
				"2023-05-08": {
					"avg": 1649,
					"count": 1,
					"min": 1649,
					"max": 1649
				},
				"2023-05-10": {
					"avg": 2394,
					"count": 1,
					"min": 2394,
					"max": 2394
				},
				"2023-05-12": {
					"avg": 907,
					"count": 1,
					"min": 907,
					"max": 907
				},
				"2023-05-14": {
					"avg": 2604,
					"count": 2,
					"min": 2461,
					"max": 2746
				},
				"2023-05-15": {
					"avg": 2072,
					"count": 2,
					"min": 1398,
					"max": 2746
				},
				"2023-05-19": {
					"avg": 1088,
					"count": 2,
					"min": 999,
					"max": 1177
				},
				"2023-05-21": {
					"avg": 690,
					"count": 1,
					"min": 690,
					"max": 690
				},
				"2023-05-24": {
					"avg": 1799,
					"count": 1,
					"min": 1799,
					"max": 1799
				},
				"2023-05-25": {
					"avg": 833,
					"count": 3,
					"min": 690,
					"max": 1119
				},
				"2023-05-26": {
					"avg": 1399,
					"count": 2,
					"min": 949,
					"max": 1849
				},
				"2023-05-30": {
					"avg": 799,
					"count": 1,
					"min": 799,
					"max": 799
				},
				"2023-06-01": {
					"avg": 2498,
					"count": 1,
					"min": 2498,
					"max": 2498
				},
				"2023-06-02": {
					"avg": 2683,
					"count": 8,
					"min": 798,
					"max": 4498
				},
				"2023-06-03": {
					"avg": 2549,
					"count": 2,
					"min": 2499,
					"max": 2598
				},
				"2023-06-04": {
					"avg": 1621,
					"count": 3,
					"min": 343,
					"max": 2945
				},
				"2023-06-05": {
					"avg": 1496,
					"count": 4,
					"min": 344,
					"max": 3046
				},
				"2023-06-06": {
					"avg": 858,
					"count": 6,
					"min": 700,
					"max": 1134
				},
				"2023-06-07": {
					"avg": 1612,
					"count": 3,
					"min": 1049,
					"max": 2489
				},
				"2023-06-08": {
					"avg": 1050,
					"count": 1,
					"min": 1050,
					"max": 1050
				},
				"2023-06-09": {
					"avg": 1825,
					"count": 4,
					"min": 949,
					"max": 3499
				},
				"2023-06-10": {
					"avg": 950,
					"count": 2,
					"min": 950,
					"max": 950
				},
				"2023-06-12": {
					"avg": 1022,
					"count": 1,
					"min": 1022,
					"max": 1022
				},
				"2023-06-13": {
					"avg": 2135,
					"count": 2,
					"min": 1249,
					"max": 3021
				},
				"2023-06-14": {
					"avg": 1114,
					"count": 3,
					"min": 650,
					"max": 1373
				},
				"2023-06-15": {
					"avg": 355,
					"count": 1,
					"min": 355,
					"max": 355
				},
				"2023-06-16": {
					"avg": 1771,
					"count": 5,
					"min": 330,
					"max": 4999
				},
				"2023-06-18": {
					"avg": 1099,
					"count": 1,
					"min": 1099,
					"max": 1099
				},
				"2023-06-20": {
					"avg": 999,
					"count": 1,
					"min": 999,
					"max": 999
				},
				"2023-06-21": {
					"avg": 3407,
					"count": 1,
					"min": 3407,
					"max": 3407
				},
				"2023-06-22": {
					"avg": 1111,
					"count": 2,
					"min": 849,
					"max": 1373
				},
				"2023-06-23": {
					"avg": 1275,
					"count": 2,
					"min": 849,
					"max": 1700
				},
				"2023-06-24": {
					"avg": 1700,
					"count": 2,
					"min": 1700,
					"max": 1700
				},
				"2023-06-26": {
					"avg": 2600,
					"count": 1,
					"min": 2600,
					"max": 2600
				},
				"2023-06-27": {
					"avg": 2685,
					"count": 2,
					"min": 1449,
					"max": 3922
				},
				"2023-06-28": {
					"avg": 3099,
					"count": 1,
					"min": 3099,
					"max": 3099
				},
				"2023-06-29": {
					"avg": 1950,
					"count": 2,
					"min": 1399,
					"max": 2500
				},
				"2023-06-30": {
					"avg": 1800,
					"count": 2,
					"min": 1000,
					"max": 2600
				},
				"2023-07-01": {
					"avg": 1859,
					"count": 3,
					"min": 1200,
					"max": 3128
				},
				"2023-07-02": {
					"avg": 931,
					"count": 1,
					"min": 931,
					"max": 931
				},
				"2023-07-03": {
					"avg": 589,
					"count": 1,
					"min": 589,
					"max": 589
				},
				"2023-07-04": {
					"avg": 499,
					"count": 1,
					"min": 499,
					"max": 499
				},
				"2023-07-06": {
					"avg": 865,
					"count": 2,
					"min": 512,
					"max": 1219
				},
				"2023-07-07": {
					"avg": 1150,
					"count": 1,
					"min": 1150,
					"max": 1150
				},
				"2023-07-09": {
					"avg": 891,
					"count": 1,
					"min": 891,
					"max": 891
				},
				"2023-07-10": {
					"avg": 1685,
					"count": 4,
					"min": 429,
					"max": 2800
				},
				"2023-07-12": {
					"avg": 4610,
					"count": 1,
					"min": 4610,
					"max": 4610
				},
				"2023-07-13": {
					"avg": 1016,
					"count": 2,
					"min": 983,
					"max": 1049
				},
				"2023-07-14": {
					"avg": 2560,
					"count": 2,
					"min": 1197,
					"max": 3922
				},
				"2023-07-16": {
					"avg": 697,
					"count": 2,
					"min": 695,
					"max": 698
				},
				"2023-07-17": {
					"avg": 2798,
					"count": 1,
					"min": 2798,
					"max": 2798
				},
				"2023-07-19": {
					"avg": 1697,
					"count": 2,
					"min": 1195,
					"max": 2199
				},
				"2023-07-21": {
					"avg": 4249,
					"count": 1,
					"min": 4249,
					"max": 4249
				},
				"2023-07-22": {
					"avg": 1696,
					"count": 1,
					"min": 1696,
					"max": 1696
				},
				"2023-07-23": {
					"avg": 1258,
					"count": 2,
					"min": 517,
					"max": 1998
				},
				"2023-07-25": {
					"avg": 898,
					"count": 1,
					"min": 898,
					"max": 898
				},
				"2023-07-26": {
					"avg": 1511,
					"count": 4,
					"min": 1299,
					"max": 1700
				},
				"2023-07-27": {
					"avg": 2905,
					"count": 2,
					"min": 1200,
					"max": 4610
				},
				"2023-07-29": {
					"avg": 1553,
					"count": 3,
					"min": 412,
					"max": 2999
				},
				"2023-07-30": {
					"avg": 1249,
					"count": 1,
					"min": 1249,
					"max": 1249
				},
				"2023-08-01": {
					"avg": 3182,
					"count": 4,
					"min": 1385,
					"max": 5348
				},
				"2023-08-02": {
					"avg": 919,
					"count": 1,
					"min": 919,
					"max": 919
				},
				"2023-08-03": {
					"avg": 1979,
					"count": 1,
					"min": 1979,
					"max": 1979
				},
				"2023-08-04": {
					"avg": 2605,
					"count": 1,
					"min": 2605,
					"max": 2605
				},
				"2023-08-05": {
					"avg": 1598,
					"count": 2,
					"min": 1500,
					"max": 1695
				},
				"2023-08-06": {
					"avg": 1559,
					"count": 2,
					"min": 512,
					"max": 2605
				},
				"2023-08-09": {
					"avg": 622,
					"count": 5,
					"min": 514,
					"max": 678
				},
				"2023-08-10": {
					"avg": 1620,
					"count": 2,
					"min": 1439,
					"max": 1800
				},
				"2023-08-11": {
					"avg": 1900,
					"count": 2,
					"min": 1299,
					"max": 2500
				},
				"2023-08-12": {
					"avg": 1174,
					"count": 2,
					"min": 949,
					"max": 1398
				},
				"2023-08-15": {
					"avg": 1299,
					"count": 1,
					"min": 1299,
					"max": 1299
				},
				"2023-08-16": {
					"avg": 1650,
					"count": 1,
					"min": 1650,
					"max": 1650
				},
				"2023-08-17": {
					"avg": 2156,
					"count": 5,
					"min": 634,
					"max": 5998
				},
				"2023-08-19": {
					"avg": 994,
					"count": 1,
					"min": 994,
					"max": 994
				},
				"2023-08-21": {
					"avg": 1187,
					"count": 2,
					"min": 949,
					"max": 1425
				},
				"2023-08-23": {
					"avg": 3499,
					"count": 1,
					"min": 3499,
					"max": 3499
				},
				"2023-08-27": {
					"avg": 1299,
					"count": 1,
					"min": 1299,
					"max": 1299
				},
				"2023-08-29": {
					"avg": 1879,
					"count": 2,
					"min": 1259,
					"max": 2498
				},
				"2023-09-01": {
					"avg": 1180,
					"count": 1,
					"min": 1180,
					"max": 1180
				},
				"2023-09-02": {
					"avg": 2480,
					"count": 2,
					"min": 511,
					"max": 4449
				},
				"2023-09-03": {
					"avg": 1499,
					"count": 1,
					"min": 1499,
					"max": 1499
				},
				"2023-09-04": {
					"avg": 2141,
					"count": 3,
					"min": 1255,
					"max": 3669
				},
				"2023-09-09": {
					"avg": 1049,
					"count": 3,
					"min": 695,
					"max": 1595
				},
				"2023-09-11": {
					"avg": 3185,
					"count": 2,
					"min": 573,
					"max": 5796
				},
				"2023-09-13": {
					"avg": 1429,
					"count": 1,
					"min": 1429,
					"max": 1429
				},
				"2023-09-14": {
					"avg": 1680,
					"count": 4,
					"min": 759,
					"max": 2474
				},
				"2023-09-15": {
					"avg": 2633,
					"count": 1,
					"min": 2633,
					"max": 2633
				},
				"2023-09-16": {
					"avg": 3090,
					"count": 1,
					"min": 3090,
					"max": 3090
				},
				"2023-09-18": {
					"avg": 2417,
					"count": 2,
					"min": 1750,
					"max": 3083
				},
				"2023-09-21": {
					"avg": 1198,
					"count": 1,
					"min": 1198,
					"max": 1198
				},
				"2023-09-22": {
					"avg": 1738,
					"count": 4,
					"min": 1411,
					"max": 2680
				},
				"2023-09-23": {
					"avg": 511,
					"count": 1,
					"min": 511,
					"max": 511
				},
				"2023-09-25": {
					"avg": 3069,
					"count": 1,
					"min": 3069,
					"max": 3069
				},
				"2023-09-26": {
					"avg": 1777,
					"count": 1,
					"min": 1777,
					"max": 1777
				},
				"2023-09-27": {
					"avg": 750,
					"count": 1,
					"min": 750,
					"max": 750
				},
				"2023-09-28": {
					"avg": 955,
					"count": 2,
					"min": 758,
					"max": 1151
				},
				"2023-09-29": {
					"avg": 1799,
					"count": 1,
					"min": 1799,
					"max": 1799
				},
				"2023-09-30": {
					"avg": 399,
					"count": 1,
					"min": 399,
					"max": 399
				},
				"2023-10-04": {
					"avg": 1199,
					"count": 1,
					"min": 1199,
					"max": 1199
				},
				"2023-10-06": {
					"avg": 1681,
					"count": 4,
					"min": 1082,
					"max": 2115
				},
				"2023-10-08": {
					"avg": 967,
					"count": 1,
					"min": 967,
					"max": 967
				},
				"2023-10-09": {
					"avg": 3095,
					"count": 1,
					"min": 3095,
					"max": 3095
				},
				"2023-10-11": {
					"avg": 1266,
					"count": 3,
					"min": 699,
					"max": 1599
				},
				"2023-10-13": {
					"avg": 549,
					"count": 2,
					"min": 390,
					"max": 707
				},
				"2023-10-14": {
					"avg": 4945,
					"count": 1,
					"min": 4945,
					"max": 4945
				},
				"2023-10-16": {
					"avg": 1598,
					"count": 1,
					"min": 1598,
					"max": 1598
				},
				"2023-10-19": {
					"avg": 859,
					"count": 1,
					"min": 859,
					"max": 859
				},
				"2023-10-20": {
					"avg": 489,
					"count": 1,
					"min": 489,
					"max": 489
				},
				"2023-10-21": {
					"avg": 728,
					"count": 2,
					"min": 707,
					"max": 749
				},
				"2023-10-22": {
					"avg": 3074,
					"count": 2,
					"min": 900,
					"max": 5248
				},
				"2023-10-23": {
					"avg": 1792,
					"count": 1,
					"min": 1792,
					"max": 1792
				},
				"2023-10-24": {
					"avg": 1089,
					"count": 2,
					"min": 795,
					"max": 1383
				},
				"2023-10-25": {
					"avg": 859,
					"count": 1,
					"min": 859,
					"max": 859
				},
				"2023-10-28": {
					"avg": 598,
					"count": 2,
					"min": 489,
					"max": 707
				},
				"2023-10-30": {
					"avg": 987,
					"count": 3,
					"min": 443,
					"max": 1418
				},
				"2023-10-31": {
					"avg": 1788,
					"count": 2,
					"min": 1786,
					"max": 1790
				},
				"2023-11-02": {
					"avg": 2539,
					"count": 3,
					"min": 1231,
					"max": 4187
				},
				"2023-11-03": {
					"avg": 1399,
					"count": 1,
					"min": 1399,
					"max": 1399
				},
				"2023-11-04": {
					"avg": 1197,
					"count": 1,
					"min": 1197,
					"max": 1197
				},
				"2023-11-06": {
					"avg": 698,
					"count": 1,
					"min": 698,
					"max": 698
				},
				"2023-11-07": {
					"avg": 2399,
					"count": 1,
					"min": 2399,
					"max": 2399
				},
				"2023-11-08": {
					"avg": 1328,
					"count": 3,
					"min": 795,
					"max": 2099
				},
				"2023-11-12": {
					"avg": 2118,
					"count": 1,
					"min": 2118,
					"max": 2118
				},
				"2023-11-13": {
					"avg": 1412,
					"count": 1,
					"min": 1412,
					"max": 1412
				},
				"2023-11-14": {
					"avg": 1439,
					"count": 1,
					"min": 1439,
					"max": 1439
				},
				"2023-11-15": {
					"avg": 1733,
					"count": 2,
					"min": 1074,
					"max": 2391
				},
				"2023-11-16": {
					"avg": 1199,
					"count": 1,
					"min": 1199,
					"max": 1199
				},
				"2023-11-17": {
					"avg": 3187,
					"count": 2,
					"min": 1574,
					"max": 4799
				},
				"2023-11-18": {
					"avg": 2569,
					"count": 1,
					"min": 2569,
					"max": 2569
				},
				"2023-11-19": {
					"avg": 859,
					"count": 1,
					"min": 859,
					"max": 859
				},
				"2023-11-23": {
					"avg": 790,
					"count": 2,
					"min": 488,
					"max": 1092
				},
				"2023-11-24": {
					"avg": 1231,
					"count": 31,
					"min": 489,
					"max": 2398
				},
				"2023-11-25": {
					"avg": 1528,
					"count": 12,
					"min": 535,
					"max": 4638
				},
				"2023-11-26": {
					"avg": 1510,
					"count": 4,
					"min": 795,
					"max": 2400
				},
				"2023-11-27": {
					"avg": 1773,
					"count": 3,
					"min": 981,
					"max": 3148
				},
				"2024-05-16": {
					"avg": 1850,
					"count": 1,
					"min": 1850,
					"max": 1850
				},
				"2024-05-17": {
					"avg": 1549,
					"count": 8,
					"min": 739,
					"max": 2495
				},
				"2024-05-18": {
					"avg": 4500,
					"count": 1,
					"min": 4500,
					"max": 4500
				},
				"2024-05-20": {
					"avg": 3571,
					"count": 1,
					"min": 3571,
					"max": 3571
				},
				"2024-05-21": {
					"avg": 2078,
					"count": 3,
					"min": 1335,
					"max": 2699
				},
				"2024-05-22": {
					"avg": 2497,
					"count": 1,
					"min": 2497,
					"max": 2497
				},
				"2024-05-23": {
					"avg": 1408,
					"count": 1,
					"min": 1408,
					"max": 1408
				},
				"2024-05-25": {
					"avg": 1598,
					"count": 1,
					"min": 1598,
					"max": 1598
				},
				"2024-05-26": {
					"avg": 3429,
					"count": 1,
					"min": 3429,
					"max": 3429
				},
				"2024-05-27": {
					"avg": 2494,
					"count": 1,
					"min": 2494,
					"max": 2494
				},
				"2024-05-29": {
					"avg": 1399,
					"count": 2,
					"min": 1399,
					"max": 1399
				},
				"2024-05-31": {
					"avg": 1565,
					"count": 3,
					"min": 1399,
					"max": 1800
				},
				"2024-06-03": {
					"avg": 1800,
					"count": 1,
					"min": 1800,
					"max": 1800
				},
				"2024-06-04": {
					"avg": 2053,
					"count": 2,
					"min": 1999,
					"max": 2106
				},
				"2024-06-05": {
					"avg": 2272,
					"count": 2,
					"min": 1450,
					"max": 3094
				},
				"2024-06-06": {
					"avg": 2336,
					"count": 2,
					"min": 1496,
					"max": 3175
				},
				"2024-06-09": {
					"avg": 2027,
					"count": 2,
					"min": 998,
					"max": 3055
				},
				"2024-06-10": {
					"avg": 2949,
					"count": 1,
					"min": 2949,
					"max": 2949
				},
				"2024-06-11": {
					"avg": 1533,
					"count": 1,
					"min": 1533,
					"max": 1533
				},
				"2024-06-12": {
					"avg": 2278,
					"count": 1,
					"min": 2278,
					"max": 2278
				},
				"2024-06-21": {
					"avg": 1200,
					"count": 1,
					"min": 1200,
					"max": 1200
				},
				"2024-06-24": {
					"avg": 1534,
					"count": 3,
					"min": 1399,
					"max": 1728
				},
				"2024-06-26": {
					"avg": 1474,
					"count": 1,
					"min": 1474,
					"max": 1474
				},
				"2024-06-27": {
					"avg": 1500,
					"count": 1,
					"min": 1500,
					"max": 1500
				},
				"2024-07-02": {
					"avg": 1700,
					"count": 1,
					"min": 1700,
					"max": 1700
				},
				"2024-07-03": {
					"avg": 1474,
					"count": 1,
					"min": 1474,
					"max": 1474
				},
				"2024-07-05": {
					"avg": 1485,
					"count": 1,
					"min": 1485,
					"max": 1485
				},
				"2024-07-06": {
					"avg": 1475,
					"count": 1,
					"min": 1475,
					"max": 1475
				},
				"2024-07-07": {
					"avg": 2812,
					"count": 1,
					"min": 2812,
					"max": 2812
				},
				"2024-07-08": {
					"avg": 2107,
					"count": 3,
					"min": 1460,
					"max": 3061
				},
				"2024-07-10": {
					"avg": 1470,
					"count": 1,
					"min": 1470,
					"max": 1470
				},
				"2024-07-11": {
					"avg": 1544,
					"count": 1,
					"min": 1544,
					"max": 1544
				},
				"2024-07-13": {
					"avg": 1604,
					"count": 2,
					"min": 1199,
					"max": 2009
				},
				"2024-07-15": {
					"avg": 1399,
					"count": 1,
					"min": 1399,
					"max": 1399
				},
				"2024-07-16": {
					"avg": 2374,
					"count": 2,
					"min": 1198,
					"max": 3549
				},
				"2024-07-18": {
					"avg": 1472,
					"count": 2,
					"min": 1199,
					"max": 1745
				},
				"2024-07-20": {
					"avg": 3484,
					"count": 1,
					"min": 3484,
					"max": 3484
				},
				"2024-07-21": {
					"avg": 1469,
					"count": 1,
					"min": 1469,
					"max": 1469
				},
				"2024-07-22": {
					"avg": 1474,
					"count": 1,
					"min": 1474,
					"max": 1474
				},
				"2024-07-24": {
					"avg": 1622,
					"count": 1,
					"min": 1622,
					"max": 1622
				},
				"2024-07-29": {
					"avg": 1622,
					"count": 1,
					"min": 1622,
					"max": 1622
				},
				"2024-08-01": {
					"avg": 1599,
					"count": 1,
					"min": 1599,
					"max": 1599
				},
				"2024-08-03": {
					"avg": 2354,
					"count": 2,
					"min": 1699,
					"max": 3008
				},
				"2024-08-04": {
					"avg": 1847,
					"count": 2,
					"min": 1699,
					"max": 1995
				},
				"2024-08-16": {
					"avg": 2195,
					"count": 1,
					"min": 2195,
					"max": 2195
				},
				"2024-08-18": {
					"avg": 3584,
					"count": 1,
					"min": 3584,
					"max": 3584
				},
				"2024-08-19": {
					"avg": 1499,
					"count": 1,
					"min": 1499,
					"max": 1499
				},
				"2024-08-20": {
					"avg": 1584,
					"count": 1,
					"min": 1584,
					"max": 1584
				},
				"2024-08-21": {
					"avg": 1566,
					"count": 1,
					"min": 1566,
					"max": 1566
				},
				"2024-08-22": {
					"avg": 1999,
					"count": 1,
					"min": 1999,
					"max": 1999
				},
				"2024-08-24": {
					"avg": 1566,
					"count": 1,
					"min": 1566,
					"max": 1566
				},
				"2024-08-25": {
					"avg": 1792,
					"count": 2,
					"min": 1584,
					"max": 1999
				},
				"2024-08-31": {
					"avg": 2000,
					"count": 1,
					"min": 2000,
					"max": 2000
				},
				"2024-09-01": {
					"avg": 2924,
					"count": 2,
					"min": 1549,
					"max": 4298
				},
				"2024-09-07": {
					"avg": 1584,
					"count": 1,
					"min": 1584,
					"max": 1584
				},
				"2024-09-10": {
					"avg": 2604,
					"count": 2,
					"min": 1599,
					"max": 3608
				},
				"2024-09-11": {
					"avg": 1604,
					"count": 2,
					"min": 1599,
					"max": 1609
				},
				"2024-09-13": {
					"avg": 1127,
					"count": 1,
					"min": 1127,
					"max": 1127
				},
				"2024-09-14": {
					"avg": 1374,
					"count": 1,
					"min": 1374,
					"max": 1374
				},
				"2024-09-16": {
					"avg": 1661,
					"count": 2,
					"min": 1589,
					"max": 1732
				},
				"2024-09-18": {
					"avg": 1999,
					"count": 1,
					"min": 1999,
					"max": 1999
				},
				"2024-09-19": {
					"avg": 4189,
					"count": 1,
					"min": 4189,
					"max": 4189
				},
				"2024-09-21": {
					"avg": 1584,
					"count": 1,
					"min": 1584,
					"max": 1584
				},
				"2024-09-22": {
					"avg": 1799,
					"count": 1,
					"min": 1799,
					"max": 1799
				}
			},
			"avg": 1631,
			"avg7": 2070,
			"avg28": 2070
		},
		"normal-used": {
			"history": {
				"2024-05-23": {
					"avg": 898,
					"count": 1,
					"min": 898,
					"max": 898
				},
				"2024-05-27": {
					"avg": 699,
					"count": 1,
					"min": 699,
					"max": 699
				},
				"2024-05-29": {
					"avg": 710,
					"count": 1,
					"min": 710,
					"max": 710
				},
				"2024-06-08": {
					"avg": 705,
					"count": 1,
					"min": 705,
					"max": 705
				},
				"2024-06-11": {
					"avg": 716,
					"count": 1,
					"min": 716,
					"max": 716
				},
				"2024-06-17": {
					"avg": 715,
					"count": 1,
					"min": 715,
					"max": 715
				},
				"2024-07-01": {
					"avg": 700,
					"count": 1,
					"min": 700,
					"max": 700
				},
				"2024-07-03": {
					"avg": 713,
					"count": 1,
					"min": 713,
					"max": 713
				},
				"2024-07-08": {
					"avg": 700,
					"count": 1,
					"min": 700,
					"max": 700
				},
				"2024-07-11": {
					"avg": 722,
					"count": 1,
					"min": 722,
					"max": 722
				},
				"2024-07-22": {
					"avg": 725,
					"count": 1,
					"min": 725,
					"max": 725
				},
				"2024-07-24": {
					"avg": 722,
					"count": 1,
					"min": 722,
					"max": 722
				},
				"2024-07-25": {
					"avg": 1099,
					"count": 1,
					"min": 1099,
					"max": 1099
				},
				"2024-07-28": {
					"avg": 720,
					"count": 1,
					"min": 720,
					"max": 720
				},
				"2024-07-31": {
					"avg": 724,
					"count": 1,
					"min": 724,
					"max": 724
				},
				"2024-08-05": {
					"avg": 700,
					"count": 1,
					"min": 700,
					"max": 700
				},
				"2024-08-11": {
					"avg": 790,
					"count": 1,
					"min": 790,
					"max": 790
				},
				"2024-08-12": {
					"avg": 705,
					"count": 1,
					"min": 705,
					"max": 705
				},
				"2024-08-15": {
					"avg": 987,
					"count": 1,
					"min": 987,
					"max": 987
				},
				"2024-08-21": {
					"avg": 699,
					"count": 1,
					"min": 699,
					"max": 699
				},
				"2024-08-24": {
					"avg": 716,
					"count": 1,
					"min": 716,
					"max": 716
				},
				"2024-08-30": {
					"avg": 724,
					"count": 2,
					"min": 721,
					"max": 727
				},
				"2024-09-11": {
					"avg": 685,
					"count": 1,
					"min": 685,
					"max": 685
				},
				"2024-09-15": {
					"avg": 1999,
					"count": 1,
					"min": 1999,
					"max": 1999
				},
				"2024-09-16": {
					"avg": 2153,
					"count": 1,
					"min": 2153,
					"max": 2153
				}
			},
			"avg": 852,
			"avg7": -1,
			"avg28": -1
		},
		"normal-nearmint": {
			"history": {
				"2024-05-23": {
					"avg": 2231,
					"count": 1,
					"min": 2231,
					"max": 2231
				},
				"2024-05-24": {
					"avg": 4574,
					"count": 1,
					"min": 4574,
					"max": 4574
				},
				"2024-05-25": {
					"avg": 2198,
					"count": 1,
					"min": 2198,
					"max": 2198
				},
				"2024-05-27": {
					"avg": 4314,
					"count": 1,
					"min": 4314,
					"max": 4314
				},
				"2024-05-29": {
					"avg": 3494,
					"count": 1,
					"min": 3494,
					"max": 3494
				},
				"2024-06-04": {
					"avg": 3376,
					"count": 2,
					"min": 2199,
					"max": 4553
				},
				"2024-06-09": {
					"avg": 2143,
					"count": 1,
					"min": 2143,
					"max": 2143
				},
				"2024-06-11": {
					"avg": 4749,
					"count": 1,
					"min": 4749,
					"max": 4749
				},
				"2024-06-14": {
					"avg": 2186,
					"count": 1,
					"min": 2186,
					"max": 2186
				},
				"2024-06-15": {
					"avg": 2400,
					"count": 1,
					"min": 2400,
					"max": 2400
				},
				"2024-06-20": {
					"avg": 2359,
					"count": 1,
					"min": 2359,
					"max": 2359
				},
				"2024-06-27": {
					"avg": 2295,
					"count": 1,
					"min": 2295,
					"max": 2295
				},
				"2024-06-28": {
					"avg": 3176,
					"count": 3,
					"min": 2295,
					"max": 4799
				},
				"2024-06-29": {
					"avg": 4907,
					"count": 1,
					"min": 4907,
					"max": 4907
				},
				"2024-07-01": {
					"avg": 2194,
					"count": 1,
					"min": 2194,
					"max": 2194
				},
				"2024-07-06": {
					"avg": 1817,
					"count": 1,
					"min": 1817,
					"max": 1817
				},
				"2024-07-10": {
					"avg": 2180,
					"count": 1,
					"min": 2180,
					"max": 2180
				},
				"2024-07-12": {
					"avg": 4398,
					"count": 1,
					"min": 4398,
					"max": 4398
				},
				"2024-07-16": {
					"avg": 6284,
					"count": 1,
					"min": 6284,
					"max": 6284
				},
				"2024-07-19": {
					"avg": 4266,
					"count": 1,
					"min": 4266,
					"max": 4266
				},
				"2024-07-21": {
					"avg": 3236,
					"count": 2,
					"min": 2187,
					"max": 4285
				},
				"2024-07-28": {
					"avg": 2224,
					"count": 1,
					"min": 2224,
					"max": 2224
				},
				"2024-08-02": {
					"avg": 2366,
					"count": 1,
					"min": 2366,
					"max": 2366
				},
				"2024-08-08": {
					"avg": 2495,
					"count": 1,
					"min": 2495,
					"max": 2495
				},
				"2024-08-09": {
					"avg": 2498,
					"count": 1,
					"min": 2498,
					"max": 2498
				},
				"2024-08-14": {
					"avg": 2339,
					"count": 1,
					"min": 2339,
					"max": 2339
				},
				"2024-08-15": {
					"avg": 2636,
					"count": 1,
					"min": 2636,
					"max": 2636
				},
				"2024-08-17": {
					"avg": 2249,
					"count": 1,
					"min": 2249,
					"max": 2249
				},
				"2024-08-26": {
					"avg": 4397,
					"count": 1,
					"min": 4397,
					"max": 4397
				},
				"2024-08-27": {
					"avg": 4692,
					"count": 3,
					"min": 4398,
					"max": 5121
				},
				"2024-09-02": {
					"avg": 2398,
					"count": 1,
					"min": 2398,
					"max": 2398
				},
				"2024-09-03": {
					"avg": 2678,
					"count": 1,
					"min": 2678,
					"max": 2678
				},
				"2024-09-04": {
					"avg": 2499,
					"count": 1,
					"min": 2499,
					"max": 2499
				},
				"2024-09-08": {
					"avg": 3680,
					"count": 2,
					"min": 2259,
					"max": 5100
				},
				"2024-09-12": {
					"avg": 4557,
					"count": 1,
					"min": 4557,
					"max": 4557
				},
				"2024-09-14": {
					"avg": 2327,
					"count": 1,
					"min": 2327,
					"max": 2327
				},
				"2024-09-21": {
					"avg": 3206,
					"count": 2,
					"min": 2414,
					"max": 3998
				},
				"2024-09-22": {
					"avg": 1850,
					"count": 1,
					"min": 1850,
					"max": 1850
				}
			},
			"avg": 3198,
			"avg7": -1,
			"avg28": -1
		},
		"normal-played": {
			"history": {
				"2024-05-23": {
					"avg": 1190,
					"count": 1,
					"min": 1190,
					"max": 1190
				},
				"2024-05-24": {
					"avg": 1190,
					"count": 1,
					"min": 1190,
					"max": 1190
				},
				"2024-06-01": {
					"avg": 1175,
					"count": 1,
					"min": 1175,
					"max": 1175
				},
				"2024-06-03": {
					"avg": 1187,
					"count": 1,
					"min": 1187,
					"max": 1187
				},
				"2024-06-05": {
					"avg": 1151,
					"count": 1,
					"min": 1151,
					"max": 1151
				},
				"2024-06-06": {
					"avg": 1151,
					"count": 1,
					"min": 1151,
					"max": 1151
				},
				"2024-06-07": {
					"avg": 1150,
					"count": 1,
					"min": 1150,
					"max": 1150
				},
				"2024-06-08": {
					"avg": 1175,
					"count": 1,
					"min": 1175,
					"max": 1175
				},
				"2024-06-10": {
					"avg": 1193,
					"count": 2,
					"min": 1175,
					"max": 1211
				},
				"2024-06-11": {
					"avg": 1099,
					"count": 1,
					"min": 1099,
					"max": 1099
				},
				"2024-06-17": {
					"avg": 1300,
					"count": 2,
					"min": 1300,
					"max": 1300
				},
				"2024-06-18": {
					"avg": 2200,
					"count": 1,
					"min": 2200,
					"max": 2200
				},
				"2024-06-19": {
					"avg": 1314,
					"count": 1,
					"min": 1314,
					"max": 1314
				},
				"2024-06-24": {
					"avg": 1097,
					"count": 2,
					"min": 1097,
					"max": 1097
				},
				"2024-07-06": {
					"avg": 1417,
					"count": 1,
					"min": 1417,
					"max": 1417
				},
				"2024-07-08": {
					"avg": 1091,
					"count": 2,
					"min": 1084,
					"max": 1098
				},
				"2024-07-09": {
					"avg": 1408,
					"count": 1,
					"min": 1408,
					"max": 1408
				},
				"2024-07-10": {
					"avg": 1095,
					"count": 1,
					"min": 1095,
					"max": 1095
				},
				"2024-07-11": {
					"avg": 1098,
					"count": 1,
					"min": 1098,
					"max": 1098
				},
				"2024-07-12": {
					"avg": 959,
					"count": 2,
					"min": 922,
					"max": 995
				},
				"2024-07-14": {
					"avg": 701,
					"count": 1,
					"min": 701,
					"max": 701
				},
				"2024-07-19": {
					"avg": 800,
					"count": 1,
					"min": 800,
					"max": 800
				},
				"2024-07-20": {
					"avg": 944,
					"count": 2,
					"min": 790,
					"max": 1098
				},
				"2024-07-23": {
					"avg": 798,
					"count": 2,
					"min": 797,
					"max": 799
				},
				"2024-07-24": {
					"avg": 1098,
					"count": 1,
					"min": 1098,
					"max": 1098
				},
				"2024-07-31": {
					"avg": 2599,
					"count": 1,
					"min": 2599,
					"max": 2599
				},
				"2024-08-02": {
					"avg": 1026,
					"count": 1,
					"min": 1026,
					"max": 1026
				},
				"2024-08-12": {
					"avg": 1099,
					"count": 2,
					"min": 1098,
					"max": 1100
				},
				"2024-08-15": {
					"avg": 1012,
					"count": 1,
					"min": 1012,
					"max": 1012
				},
				"2024-08-16": {
					"avg": 1120,
					"count": 1,
					"min": 1120,
					"max": 1120
				},
				"2024-08-18": {
					"avg": 1176,
					"count": 1,
					"min": 1176,
					"max": 1176
				},
				"2024-08-19": {
					"avg": 1120,
					"count": 1,
					"min": 1120,
					"max": 1120
				},
				"2024-08-20": {
					"avg": 1120,
					"count": 1,
					"min": 1120,
					"max": 1120
				},
				"2024-08-24": {
					"avg": 1443,
					"count": 2,
					"min": 969,
					"max": 1917
				},
				"2024-08-26": {
					"avg": 1004,
					"count": 1,
					"min": 1004,
					"max": 1004
				},
				"2024-08-29": {
					"avg": 1195,
					"count": 1,
					"min": 1195,
					"max": 1195
				},
				"2024-09-01": {
					"avg": 1119,
					"count": 1,
					"min": 1119,
					"max": 1119
				},
				"2024-09-02": {
					"avg": 2400,
					"count": 1,
					"min": 2400,
					"max": 2400
				},
				"2024-09-03": {
					"avg": 998,
					"count": 2,
					"min": 996,
					"max": 1000
				},
				"2024-09-04": {
					"avg": 1110,
					"count": 1,
					"min": 1110,
					"max": 1110
				},
				"2024-09-05": {
					"avg": 965,
					"count": 1,
					"min": 965,
					"max": 965
				},
				"2024-09-10": {
					"avg": 1037,
					"count": 1,
					"min": 1037,
					"max": 1037
				},
				"2024-09-12": {
					"avg": 1002,
					"count": 2,
					"min": 965,
					"max": 1038
				},
				"2024-09-13": {
					"avg": 1580,
					"count": 2,
					"min": 1038,
					"max": 2122
				},
				"2024-09-16": {
					"avg": 1604,
					"count": 1,
					"min": 1604,
					"max": 1604
				},
				"2024-09-17": {
					"avg": 2029,
					"count": 1,
					"min": 2029,
					"max": 2029
				},
				"2024-09-18": {
					"avg": 2400,
					"count": 1,
					"min": 2400,
					"max": 2400
				},
				"2024-09-19": {
					"avg": 990,
					"count": 1,
					"min": 990,
					"max": 990
				},
				"2024-09-20": {
					"avg": 2029,
					"count": 1,
					"min": 2029,
					"max": 2029
				},
				"2024-09-21": {
					"avg": 939,
					"count": 1,
					"min": 939,
					"max": 939
				},
				"2024-09-23": {
					"avg": 988,
					"count": 3,
					"min": 939,
					"max": 1033
				}
			},
			"avg": 1224,
			"avg7": -1,
			"avg28": -1
		},
		"normal-poor": {
			"history": {
				"2024-06-01": {
					"avg": 898,
					"count": 1,
					"min": 898,
					"max": 898
				},
				"2024-06-11": {
					"avg": 522,
					"count": 1,
					"min": 522,
					"max": 522
				},
				"2024-06-14": {
					"avg": 572,
					"count": 1,
					"min": 572,
					"max": 572
				},
				"2024-06-17": {
					"avg": 571,
					"count": 1,
					"min": 571,
					"max": 571
				},
				"2024-06-25": {
					"avg": 1299,
					"count": 1,
					"min": 1299,
					"max": 1299
				},
				"2024-06-29": {
					"avg": 569,
					"count": 1,
					"min": 569,
					"max": 569
				},
				"2024-07-13": {
					"avg": 1300,
					"count": 1,
					"min": 1300,
					"max": 1300
				},
				"2024-07-14": {
					"avg": 600,
					"count": 1,
					"min": 600,
					"max": 600
				},
				"2024-07-16": {
					"avg": 716,
					"count": 1,
					"min": 716,
					"max": 716
				},
				"2024-07-18": {
					"avg": 592,
					"count": 1,
					"min": 592,
					"max": 592
				},
				"2024-07-23": {
					"avg": 527,
					"count": 1,
					"min": 527,
					"max": 527
				},
				"2024-08-02": {
					"avg": 775,
					"count": 1,
					"min": 775,
					"max": 775
				},
				"2024-08-05": {
					"avg": 641,
					"count": 1,
					"min": 641,
					"max": 641
				},
				"2024-08-11": {
					"avg": 525,
					"count": 1,
					"min": 525,
					"max": 525
				},
				"2024-08-12": {
					"avg": 594,
					"count": 1,
					"min": 594,
					"max": 594
				},
				"2024-08-18": {
					"avg": 590,
					"count": 1,
					"min": 590,
					"max": 590
				},
				"2024-08-23": {
					"avg": 627,
					"count": 2,
					"min": 627,
					"max": 627
				},
				"2024-09-10": {
					"avg": 595,
					"count": 1,
					"min": 595,
					"max": 595
				},
				"2024-09-13": {
					"avg": 595,
					"count": 1,
					"min": 595,
					"max": 595
				},
				"2024-09-14": {
					"avg": 595,
					"count": 1,
					"min": 595,
					"max": 595
				},
				"2024-09-17": {
					"avg": 595,
					"count": 2,
					"min": 595,
					"max": 595
				},
				"2024-09-21": {
					"avg": 595,
					"count": 1,
					"min": 595,
					"max": 595
				}
			},
			"avg": 671,
			"avg7": -1,
			"avg28": -1
		}
	}
}