{
	"data": {
		"normal-good": {
			"history": {
				"2022-11-13": {
					"avg": 1597,
					"count": 1
				},
				"2022-11-14": {
					"avg": 2846,
					"count": 2
				},
				"2022-11-20": {
					"avg": 1023,
					"count": 2,
					"min": 1023,
					"max": 1023
				},
				"2022-11-21": {
					"avg": 1833,
					"count": 2,
					"min": 1631,
					"max": 2034
				},
				"2022-11-22": {
					"avg": 1295,
					"count": 3,
					"min": 1098,
					"max": 1394
				},
				"2022-11-23": {
					"avg": 1698,
					"count": 1,
					"min": 1698,
					"max": 1698
				},
				"2022-11-24": {
					"avg": 1129,
					"count": 1,
					"min": 1129,
					"max": 1129
				},
				"2022-11-25": {
					"avg": 1343,
					"count": 6,
					"min": 1090,
					"max": 1533
				},
				"2022-11-27": {
					"avg": 1432,
					"count": 3,
					"min": 1000,
					"max": 2000
				},
				"2022-11-28": {
					"avg": 1632,
					"count": 3,
					"min": 633,
					"max": 2239
				},
				"2022-11-29": {
					"avg": 1598,
					"count": 1,
					"min": 1598,
					"max": 1598
				},
				"2022-11-30": {
					"avg": 894,
					"count": 1,
					"min": 894,
					"max": 894
				},
				"2022-12-01": {
					"avg": 3799,
					"count": 1,
					"min": 3799,
					"max": 3799
				},
				"2022-12-03": {
					"avg": 1054,
					"count": 2,
					"min": 857,
					"max": 1250
				},
				"2022-12-04": {
					"avg": 1560,
					"count": 1,
					"min": 1560,
					"max": 1560
				},
				"2022-12-06": {
					"avg": 1177,
					"count": 1,
					"min": 1177,
					"max": 1177
				},
				"2022-12-09": {
					"avg": 3044,
					"count": 1,
					"min": 3044,
					"max": 3044
				},
				"2022-12-11": {
					"avg": 1800,
					"count": 1,
					"min": 1800,
					"max": 1800
				},
				"2022-12-12": {
					"avg": 2082,
					"count": 3,
					"min": 1250,
					"max": 2999
				},
				"2022-12-13": {
					"avg": 1156,
					"count": 1,
					"min": 1156,
					"max": 1156
				},
				"2022-12-16": {
					"avg": 1806,
					"count": 5,
					"min": 1399,
					"max": 2297
				},
				"2022-12-17": {
					"avg": 2899,
					"count": 2,
					"min": 1499,
					"max": 4299
				},
				"2022-12-18": {
					"avg": 1176,
					"count": 1,
					"min": 1176,
					"max": 1176
				},
				"2022-12-19": {
					"avg": 1701,
					"count": 2,
					"min": 1627,
					"max": 1775
				},
				"2022-12-20": {
					"avg": 835,
					"count": 1,
					"min": 835,
					"max": 835
				},
				"2022-12-22": {
					"avg": 1399,
					"count": 2,
					"min": 1177,
					"max": 1621
				},
				"2022-12-25": {
					"avg": 2407,
					"count": 3,
					"min": 1229,
					"max": 4195
				},
				"2022-12-26": {
					"avg": 999,
					"count": 1,
					"min": 999,
					"max": 999
				},
				"2022-12-28": {
					"avg": 2197,
					"count": 2,
					"min": 2197,
					"max": 2197
				},
				"2022-12-29": {
					"avg": 500,
					"count": 1,
					"min": 500,
					"max": 500
				},
				"2022-12-30": {
					"avg": 1243,
					"count": 4,
					"min": 803,
					"max": 1855
				},
				"2022-12-31": {
					"avg": 988,
					"count": 2,
					"min": 798,
					"max": 1177
				},
				"2023-01-01": {
					"avg": 1596,
					"count": 1,
					"min": 1596,
					"max": 1596
				},
				"2023-01-02": {
					"avg": 797,
					"count": 1,
					"min": 797,
					"max": 797
				},
				"2023-01-03": {
					"avg": 1175,
					"count": 1,
					"min": 1175,
					"max": 1175
				},
				"2023-01-04": {
					"avg": 1405,
					"count": 4,
					"min": 566,
					"max": 2099
				},
				"2023-01-05": {
					"avg": 1626,
					"count": 2,
					"min": 1452,
					"max": 1799
				},
				"2023-01-06": {
					"avg": 1049,
					"count": 2,
					"min": 598,
					"max": 1500
				},
				"2023-01-08": {
					"avg": 2541,
					"count": 3,
					"min": 1475,
					"max": 4250
				},
				"2023-01-10": {
					"avg": 1131,
					"count": 2,
					"min": 1100,
					"max": 1161
				},
				"2023-01-11": {
					"avg": 1320,
					"count": 2,
					"min": 1320,
					"max": 1320
				},
				"2023-02-06": {
					"avg": 1639,
					"count": 3,
					"min": 925,
					"max": 2418
				},
				"2023-02-07": {
					"avg": 2003,
					"count": 2,
					"min": 1597,
					"max": 2409
				},
				"2023-02-08": {
					"avg": 1152,
					"count": 2,
					"min": 704,
					"max": 1600
				},
				"2023-02-10": {
					"avg": 1881,
					"count": 2,
					"min": 1462,
					"max": 2299
				},
				"2023-02-11": {
					"avg": 2539,
					"count": 2,
					"min": 1078,
					"max": 3999
				},
				"2023-02-12": {
					"avg": 3798,
					"count": 1,
					"min": 3798,
					"max": 3798
				},
				"2023-02-13": {
					"avg": 1191,
					"count": 2,
					"min": 919,
					"max": 1463
				},
				"2023-02-16": {
					"avg": 1982,
					"count": 3,
					"min": 1398,
					"max": 2288
				},
				"2023-02-17": {
					"avg": 2600,
					"count": 1,
					"min": 2600,
					"max": 2600
				},
				"2023-02-18": {
					"avg": 1607,
					"count": 7,
					"min": 1082,
					"max": 2349
				},
				"2023-02-19": {
					"avg": 3169,
					"count": 5,
					"min": 1597,
					"max": 5995
				},
				"2023-02-20": {
					"avg": 1500,
					"count": 3,
					"min": 586,
					"max": 2358
				},
				"2023-02-22": {
					"avg": 3639,
					"count": 2,
					"min": 2997,
					"max": 4280
				},
				"2023-02-23": {
					"avg": 1399,
					"count": 2,
					"min": 1398,
					"max": 1400
				},
				"2023-02-24": {
					"avg": 1549,
					"count": 1,
					"min": 1549,
					"max": 1549
				},
				"2023-02-26": {
					"avg": 970,
					"count": 3,
					"min": 625,
					"max": 1286
				},
				"2023-02-27": {
					"avg": 3485,
					"count": 3,
					"min": 1748,
					"max": 5995
				},
				"2023-02-28": {
					"avg": 2008,
					"count": 3,
					"min": 1450,
					"max": 2999
				},
				"2023-03-01": {
					"avg": 1364,
					"count": 1,
					"min": 1364,
					"max": 1364
				},
				"2023-03-02": {
					"avg": 2032,
					"count": 1,
					"min": 2032,
					"max": 2032
				},
				"2023-03-06": {
					"avg": 1112,
					"count": 1,
					"min": 1112,
					"max": 1112
				},
				"2023-03-07": {
					"avg": 1096,
					"count": 3,
					"min": 914,
					"max": 1458
				},
				"2023-03-09": {
					"avg": 1387,
					"count": 4,
					"min": 1350,
					"max": 1399
				},
				"2023-03-10": {
					"avg": 2073,
					"count": 3,
					"min": 1350,
					"max": 3469
				},
				"2023-03-11": {
					"avg": 660,
					"count": 1,
					"min": 660,
					"max": 660
				},
				"2023-03-12": {
					"avg": 1455,
					"count": 1,
					"min": 1455,
					"max": 1455
				},
				"2023-03-14": {
					"avg": 3028,
					"count": 2,
					"min": 2624,
					"max": 3431
				},
				"2023-03-15": {
					"avg": 1058,
					"count": 1,
					"min": 1058,
					"max": 1058
				},
				"2023-03-16": {
					"avg": 1226,
					"count": 3,
					"min": 616,
					"max": 1699
				},
				"2023-03-17": {
					"avg": 3858,
					"count": 3,
					"min": 2686,
					"max": 4445
				},
				"2023-03-18": {
					"avg": 3772,
					"count": 2,
					"min": 1549,
					"max": 5995
				},
				"2023-03-20": {
					"avg": 2099,
					"count": 1,
					"min": 2099,
					"max": 2099
				},
				"2023-03-21": {
					"avg": 3021,
					"count": 2,
					"min": 1599,
					"max": 4444
				},
				"2023-03-23": {
					"avg": 2099,
					"count": 1,
					"min": 2099,
					"max": 2099
				},
				"2023-03-24": {
					"avg": 1314,
					"count": 1,
					"min": 1314,
					"max": 1314
				},
				"2023-03-25": {
					"avg": 2966,
					"count": 3,
					"min": 1605,
					"max": 4495
				},
				"2023-03-26": {
					"avg": 1415,
					"count": 1,
					"min": 1415,
					"max": 1415
				},
				"2023-03-27": {
					"avg": 1993,
					"count": 1,
					"min": 1993,
					"max": 1993
				},
				"2023-03-28": {
					"avg": 1321,
					"count": 2,
					"min": 1144,
					"max": 1497
				},
				"2023-03-29": {
					"avg": 2831,
					"count": 3,
					"min": 2400,
					"max": 3497
				},
				"2023-03-31": {
					"avg": 2517,
					"count": 1,
					"min": 2517,
					"max": 2517
				},
				"2023-04-03": {
					"avg": 2810,
					"count": 1,
					"min": 2810,
					"max": 2810
				},
				"2023-04-04": {
					"avg": 2806,
					"count": 4,
					"min": 667,
					"max": 4499
				},
				"2023-04-06": {
					"avg": 1589,
					"count": 1,
					"min": 1589,
					"max": 1589
				},
				"2023-04-09": {
					"avg": 1598,
					"count": 1,
					"min": 1598,
					"max": 1598
				},
				"2023-04-10": {
					"avg": 1579,
					"count": 1,
					"min": 1579,
					"max": 1579
				},
				"2023-04-12": {
					"avg": 2289,
					"count": 2,
					"min": 1497,
					"max": 3080
				},
				"2023-04-13": {
					"avg": 3497,
					"count": 1,
					"min": 3497,
					"max": 3497
				},
				"2023-04-14": {
					"avg": 797,
					"count": 2,
					"min": 797,
					"max": 797
				},
				"2023-04-15": {
					"avg": 1900,
					"count": 2,
					"min": 820,
					"max": 2980
				},
				"2023-04-16": {
					"avg": 2980,
					"count": 1,
					"min": 2980,
					"max": 2980
				},
				"2023-04-17": {
					"avg": 861,
					"count": 1,
					"min": 861,
					"max": 861
				},
				"2023-04-18": {
					"avg": 1597,
					"count": 1,
					"min": 1597,
					"max": 1597
				},
				"2023-04-20": {
					"avg": 1797,
					"count": 1,
					"min": 1797,
					"max": 1797
				},
				"2023-04-21": {
					"avg": 2240,
					"count": 2,
					"min": 1599,
					"max": 2880
				},
				"2023-04-22": {
					"avg": 2549,
					"count": 4,
					"min": 1088,
					"max": 3469
				},
				"2023-04-23": {
					"avg": 740,
					"count": 1,
					"min": 740,
					"max": 740
				},
				"2023-04-25": {
					"avg": 1479,
					"count": 2,
					"min": 1088,
					"max": 1870
				},
				"2023-04-26": {
					"avg": 2140,
					"count": 2,
					"min": 810,
					"max": 3469
				},
				"2023-04-27": {
					"avg": 5498,
					"count": 1,
					"min": 5498,
					"max": 5498
				},
				"2023-04-29": {
					"avg": 4725,
					"count": 1,
					"min": 4725,
					"max": 4725
				},
				"2023-05-01": {
					"avg": 3497,
					"count": 1,
					"min": 3497,
					"max": 3497
				},
				"2023-05-02": {
					"avg": 2126,
					"count": 2,
					"min": 978,
					"max": 3274
				},
				"2023-05-03": {
					"avg": 2594,
					"count": 1,
					"min": 2594,
					"max": 2594
				},
				"2023-05-04": {
					"avg": 3225,
					"count": 3,
					"min": 1178,
					"max": 4599
				},
				"2023-05-07": {
					"avg": 3497,
					"count": 1,
					"min": 3497,
					"max": 3497
				},
				"2023-05-11": {
					"avg": 3098,
					"count": 1,
					"min": 3098,
					"max": 3098
				},
				"2023-05-12": {
					"avg": 1494,
					"count": 2,
					"min": 589,
					"max": 2399
				},
				"2023-05-13": {
					"avg": 2097,
					"count": 1,
					"min": 2097,
					"max": 2097
				},
				"2023-05-14": {
					"avg": 2891,
					"count": 1,
					"min": 2891,
					"max": 2891
				},
				"2023-05-15": {
					"avg": 2633,
					"count": 2,
					"min": 2298,
					"max": 2967
				},
				"2023-05-16": {
					"avg": 1799,
					"count": 1,
					"min": 1799,
					"max": 1799
				},
				"2023-05-18": {
					"avg": 2399,
					"count": 1,
					"min": 2399,
					"max": 2399
				},
				"2023-05-19": {
					"avg": 1599,
					"count": 1,
					"min": 1599,
					"max": 1599
				},
				"2023-05-21": {
					"avg": 2799,
					"count": 1,
					"min": 2799,
					"max": 2799
				},
				"2023-05-23": {
					"avg": 1669,
					"count": 1,
					"min": 1669,
					"max": 1669
				},
				"2023-05-24": {
					"avg": 1381,
					"count": 1,
					"min": 1381,
					"max": 1381
				},
				"2023-05-25": {
					"avg": 1398,
					"count": 5,
					"min": 1288,
					"max": 1499
				},
				"2023-05-26": {
					"avg": 1194,
					"count": 2,
					"min": 889,
					"max": 1499
				},
				"2023-05-27": {
					"avg": 1849,
					"count": 2,
					"min": 700,
					"max": 2999
				},
				"2023-05-28": {
					"avg": 2399,
					"count": 1,
					"min": 2399,
					"max": 2399
				},
				"2023-05-29": {
					"avg": 2156,
					"count": 4,
					"min": 738,
					"max": 3098
				},
				"2023-05-30": {
					"avg": 1350,
					"count": 1,
					"min": 1350,
					"max": 1350
				},
				"2023-05-31": {
					"avg": 2225,
					"count": 6,
					"min": 1398,
					"max": 3800
				},
				"2023-06-02": {
					"avg": 2765,
					"count": 1,
					"min": 2765,
					"max": 2765
				},
				"2023-06-04": {
					"avg": 2065,
					"count": 4,
					"min": 1363,
					"max": 2800
				},
				"2023-06-05": {
					"avg": 1392,
					"count": 2,
					"min": 684,
					"max": 2099
				},
				"2023-06-06": {
					"avg": 1585,
					"count": 6,
					"min": 1299,
					"max": 2499
				},
				"2023-06-07": {
					"avg": 904,
					"count": 2,
					"min": 809,
					"max": 998
				},
				"2023-06-09": {
					"avg": 1149,
					"count": 4,
					"min": 1149,
					"max": 1149
				},
				"2023-06-10": {
					"avg": 1175,
					"count": 1,
					"min": 1175,
					"max": 1175
				},
				"2023-06-11": {
					"avg": 666,
					"count": 1,
					"min": 666,
					"max": 666
				},
				"2023-06-12": {
					"avg": 2298,
					"count": 2,
					"min": 1498,
					"max": 3098
				},
				"2023-06-13": {
					"avg": 1841,
					"count": 2,
					"min": 1080,
					"max": 2602
				},
				"2023-06-14": {
					"avg": 2975,
					"count": 1,
					"min": 2975,
					"max": 2975
				},
				"2023-06-16": {
					"avg": 1129,
					"count": 1,
					"min": 1129,
					"max": 1129
				},
				"2023-06-17": {
					"avg": 3599,
					"count": 1,
					"min": 3599,
					"max": 3599
				},
				"2023-06-18": {
					"avg": 1499,
					"count": 1,
					"min": 1499,
					"max": 1499
				},
				"2023-06-20": {
					"avg": 1539,
					"count": 1,
					"min": 1539,
					"max": 1539
				},
				"2023-06-21": {
					"avg": 3511,
					"count": 3,
					"min": 3180,
					"max": 4173
				},
				"2023-06-22": {
					"avg": 1715,
					"count": 2,
					"min": 1330,
					"max": 2099
				},
				"2023-06-23": {
					"avg": 1330,
					"count": 2,
					"min": 1175,
					"max": 1484
				},
				"2023-06-24": {
					"avg": 3497,
					"count": 1,
					"min": 3497,
					"max": 3497
				},
				"2023-06-26": {
					"avg": 5199,
					"count": 1,
					"min": 5199,
					"max": 5199
				},
				"2023-06-27": {
					"avg": 2424,
					"count": 3,
					"min": 648,
					"max": 3399
				},
				"2023-06-29": {
					"avg": 1599,
					"count": 1,
					"min": 1599,
					"max": 1599
				},
				"2023-07-02": {
					"avg": 1284,
					"count": 1,
					"min": 1284,
					"max": 1284
				},
				"2023-07-03": {
					"avg": 1354,
					"count": 2,
					"min": 809,
					"max": 1899
				},
				"2023-07-04": {
					"avg": 698,
					"count": 1,
					"min": 698,
					"max": 698
				},
				"2023-07-06": {
					"avg": 1272,
					"count": 2,
					"min": 1195,
					"max": 1349
				},
				"2023-07-08": {
					"avg": 1495,
					"count": 1,
					"min": 1495,
					"max": 1495
				},
				"2023-07-09": {
					"avg": 1100,
					"count": 1,
					"min": 1100,
					"max": 1100
				},
				"2023-07-10": {
					"avg": 1513,
					"count": 2,
					"min": 1100,
					"max": 1925
				},
				"2023-07-11": {
					"avg": 2812,
					"count": 2,
					"min": 1400,
					"max": 4224
				},
				"2023-07-12": {
					"avg": 2899,
					"count": 1,
					"min": 2899,
					"max": 2899
				},
				"2023-07-13": {
					"avg": 1584,
					"count": 1,
					"min": 1584,
					"max": 1584
				},
				"2023-07-14": {
					"avg": 3394,
					"count": 1,
					"min": 3394,
					"max": 3394
				},
				"2023-07-15": {
					"avg": 1395,
					"count": 1,
					"min": 1395,
					"max": 1395
				},
				"2023-07-19": {
					"avg": 2200,
					"count": 1,
					"min": 2200,
					"max": 2200
				},
				"2023-07-22": {
					"avg": 1713,
					"count": 2,
					"min": 1545,
					"max": 1882
				},
				"2023-07-23": {
					"avg": 1483,
					"count": 3,
					"min": 399,
					"max": 3550
				},
				"2023-07-24": {
					"avg": 3396,
					"count": 1,
					"min": 3396,
					"max": 3396
				},
				"2023-07-25": {
					"avg": 1549,
					"count": 1,
					"min": 1549,
					"max": 1549
				},
				"2023-07-27": {
					"avg": 2677,
					"count": 2,
					"min": 656,
					"max": 4698
				},
				"2023-07-29": {
					"avg": 1375,
					"count": 2,
					"min": 1208,
					"max": 1542
				},
				"2023-07-30": {
					"avg": 1208,
					"count": 1,
					"min": 1208,
					"max": 1208
				},
				"2023-08-02": {
					"avg": 1148,
					"count": 3,
					"min": 500,
					"max": 1546
				},
				"2023-08-05": {
					"avg": 2106,
					"count": 3,
					"min": 797,
					"max": 3996
				},
				"2023-08-06": {
					"avg": 1577,
					"count": 4,
					"min": 624,
					"max": 2621
				},
				"2023-08-09": {
					"avg": 650,
					"count": 5,
					"min": 599,
					"max": 735
				},
				"2023-08-10": {
					"avg": 1706,
					"count": 4,
					"min": 1540,
					"max": 1897
				},
				"2023-08-11": {
					"avg": 1699,
					"count": 2,
					"min": 699,
					"max": 2698
				},
				"2023-08-12": {
					"avg": 749,
					"count": 1,
					"min": 749,
					"max": 749
				},
				"2023-08-14": {
					"avg": 1057,
					"count": 2,
					"min": 700,
					"max": 1414
				},
				"2023-08-15": {
					"avg": 1517,
					"count": 3,
					"min": 1399,
					"max": 1613
				},
				"2023-08-16": {
					"avg": 1698,
					"count": 1,
					"min": 1698,
					"max": 1698
				},
				"2023-08-17": {
					"avg": 1568,
					"count": 1,
					"min": 1568,
					"max": 1568
				},
				"2023-08-19": {
					"avg": 2447,
					"count": 2,
					"min": 1495,
					"max": 3399
				},
				"2023-08-20": {
					"avg": 956,
					"count": 2,
					"min": 664,
					"max": 1248
				},
				"2023-08-21": {
					"avg": 1249,
					"count": 1,
					"min": 1249,
					"max": 1249
				},
				"2023-08-23": {
					"avg": 2196,
					"count": 2,
					"min": 1993,
					"max": 2399
				},
				"2023-08-24": {
					"avg": 1811,
					"count": 2,
					"min": 1128,
					"max": 2495
				},
				"2023-08-26": {
					"avg": 2503,
					"count": 2,
					"min": 1613,
					"max": 3393
				},
				"2023-08-27": {
					"avg": 1279,
					"count": 2,
					"min": 1112,
					"max": 1446
				},
				"2023-08-29": {
					"avg": 3399,
					"count": 1,
					"min": 3399,
					"max": 3399
				},
				"2023-08-30": {
					"avg": 3396,
					"count": 1,
					"min": 3396,
					"max": 3396
				},
				"2023-08-31": {
					"avg": 2704,
					"count": 2,
					"min": 2011,
					"max": 3396
				},
				"2023-09-01": {
					"avg": 1906,
					"count": 3,
					"min": 1418,
					"max": 2699
				},
				"2023-09-02": {
					"avg": 660,
					"count": 1,
					"min": 660,
					"max": 660
				},
				"2023-09-03": {
					"avg": 740,
					"count": 1,
					"min": 740,
					"max": 740
				},
				"2023-09-04": {
					"avg": 1384,
					"count": 3,
					"min": 924,
					"max": 1620
				},
				"2023-09-07": {
					"avg": 2498,
					"count": 2,
					"min": 1588,
					"max": 3408
				},
				"2023-09-08": {
					"avg": 1158,
					"count": 2,
					"min": 1158,
					"max": 1158
				},
				"2023-09-09": {
					"avg": 1790,
					"count": 2,
					"min": 1480,
					"max": 2099
				},
				"2023-09-11": {
					"avg": 1254,
					"count": 3,
					"min": 872,
					"max": 1495
				},
				"2023-09-12": {
					"avg": 1551,
					"count": 1,
					"min": 1551,
					"max": 1551
				},
				"2023-09-13": {
					"avg": 1503,
					"count": 1,
					"min": 1503,
					"max": 1503
				},
				"2023-09-14": {
					"avg": 1554,
					"count": 2,
					"min": 900,
					"max": 2208
				},
				"2023-09-16": {
					"avg": 960,
					"count": 1,
					"min": 960,
					"max": 960
				},
				"2023-09-19": {
					"avg": 1301,
					"count": 1,
					"min": 1301,
					"max": 1301
				},
				"2023-09-20": {
					"avg": 900,
					"count": 1,
					"min": 900,
					"max": 900
				},
				"2023-09-21": {
					"avg": 1745,
					"count": 2,
					"min": 800,
					"max": 2690
				},
				"2023-09-23": {
					"avg": 1024,
					"count": 3,
					"min": 600,
					"max": 1538
				},
				"2023-09-26": {
					"avg": 1539,
					"count": 1,
					"min": 1539,
					"max": 1539
				},
				"2023-09-27": {
					"avg": 919,
					"count": 1,
					"min": 919,
					"max": 919
				},
				"2023-09-28": {
					"avg": 790,
					"count": 2,
					"min": 624,
					"max": 956
				},
				"2023-09-29": {
					"avg": 1951,
					"count": 3,
					"min": 872,
					"max": 3512
				},
				"2023-09-30": {
					"avg": 939,
					"count": 4,
					"min": 624,
					"max": 1284
				},
				"2023-10-02": {
					"avg": 1149,
					"count": 4,
					"min": 1091,
					"max": 1199
				},
				"2023-10-03": {
					"avg": 1339,
					"count": 1,
					"min": 1339,
					"max": 1339
				},
				"2023-10-04": {
					"avg": 1482,
					"count": 1,
					"min": 1482,
					"max": 1482
				},
				"2023-10-06": {
					"avg": 2103,
					"count": 3,
					"min": 1340,
					"max": 2547
				},
				"2023-10-09": {
					"avg": 975,
					"count": 2,
					"min": 675,
					"max": 1275
				},
				"2023-10-11": {
					"avg": 2299,
					"count": 1,
					"min": 2299,
					"max": 2299
				},
				"2023-10-12": {
					"avg": 1637,
					"count": 2,
					"min": 1281,
					"max": 1992
				},
				"2023-10-13": {
					"avg": 1426,
					"count": 5,
					"min": 624,
					"max": 2019
				},
				"2023-10-14": {
					"avg": 1023,
					"count": 1,
					"min": 1023,
					"max": 1023
				},
				"2023-10-19": {
					"avg": 2347,
					"count": 1,
					"min": 2347,
					"max": 2347
				},
				"2023-10-20": {
					"avg": 591,
					"count": 1,
					"min": 591,
					"max": 591
				},
				"2023-10-22": {
					"avg": 3723,
					"count": 2,
					"min": 2347,
					"max": 5099
				},
				"2023-10-23": {
					"avg": 854,
					"count": 5,
					"min": 568,
					"max": 1298
				},
				"2023-10-24": {
					"avg": 2348,
					"count": 2,
					"min": 2348,
					"max": 2348
				},
				"2023-10-25": {
					"avg": 1298,
					"count": 3,
					"min": 749,
					"max": 2098
				},
				"2023-10-27": {
					"avg": 2395,
					"count": 1,
					"min": 2395,
					"max": 2395
				},
				"2023-10-30": {
					"avg": 1056,
					"count": 3,
					"min": 1035,
					"max": 1099
				},
				"2023-10-31": {
					"avg": 1411,
					"count": 7,
					"min": 1209,
					"max": 1700
				},
				"2023-11-02": {
					"avg": 2302,
					"count": 3,
					"min": 999,
					"max": 4598
				},
				"2023-11-03": {
					"avg": 665,
					"count": 1,
					"min": 665,
					"max": 665
				},
				"2023-11-04": {
					"avg": 1512,
					"count": 2,
					"min": 1269,
					"max": 1755
				},
				"2023-11-06": {
					"avg": 3044,
					"count": 2,
					"min": 1088,
					"max": 4999
				},
				"2023-11-08": {
					"avg": 2298,
					"count": 1,
					"min": 2298,
					"max": 2298
				},
				"2023-11-09": {
					"avg": 1324,
					"count": 1,
					"min": 1324,
					"max": 1324
				},
				"2023-11-10": {
					"avg": 998,
					"count": 1,
					"min": 998,
					"max": 998
				},
				"2023-11-11": {
					"avg": 1250,
					"count": 1,
					"min": 1250,
					"max": 1250
				},
				"2023-11-13": {
					"avg": 1249,
					"count": 1,
					"min": 1249,
					"max": 1249
				},
				"2023-11-14": {
					"avg": 2562,
					"count": 3,
					"min": 1225,
					"max": 4999
				},
				"2023-11-15": {
					"avg": 2395,
					"count": 1,
					"min": 2395,
					"max": 2395
				},
				"2023-11-16": {
					"avg": 1880,
					"count": 2,
					"min": 1248,
					"max": 2511
				},
				"2023-11-17": {
					"avg": 3647,
					"count": 3,
					"min": 1250,
					"max": 4895
				},
				"2023-11-19": {
					"avg": 1160,
					"count": 1,
					"min": 1160,
					"max": 1160
				},
				"2023-11-20": {
					"avg": 1132,
					"count": 1,
					"min": 1132,
					"max": 1132
				},
				"2023-11-21": {
					"avg": 2972,
					"count": 2,
					"min": 1049,
					"max": 4895
				},
				"2023-11-23": {
					"avg": 599,
					"count": 1,
					"min": 599,
					"max": 599
				},
				"2023-11-24": {
					"avg": 1509,
					"count": 37,
					"min": 550,
					"max": 3499
				},
				"2023-11-25": {
					"avg": 2180,
					"count": 5,
					"min": 715,
					"max": 4598
				},
				"2023-11-26": {
					"avg": 1988,
					"count": 1,
					"min": 1988,
					"max": 1988
				},
				"2023-11-27": {
					"avg": 2024,
					"count": 2,
					"min": 1899,
					"max": 2150
				},
				"2024-05-16": {
					"avg": 2060,
					"count": 1,
					"min": 2060,
					"max": 2060
				},
				"2024-05-17": {
					"avg": 1627,
					"count": 8,
					"min": 722,
					"max": 2499
				},
				"2024-05-18": {
					"avg": 1213,
					"count": 2,
					"min": 785,
					"max": 1640
				},
				"2024-05-21": {
					"avg": 2319,
					"count": 2,
					"min": 1961,
					"max": 2676
				},
				"2024-05-22": {
					"avg": 2141,
					"count": 2,
					"min": 785,
					"max": 3497
				},
				"2024-05-23": {
					"avg": 2766,
					"count": 3,
					"min": 1399,
					"max": 4400
				},
				"2024-05-25": {
					"avg": 1497,
					"count": 2,
					"min": 1497,
					"max": 1497
				},
				"2024-05-26": {
					"avg": 2975,
					"count": 1,
					"min": 2975,
					"max": 2975
				},
				"2024-05-27": {
					"avg": 3539,
					"count": 2,
					"min": 2801,
					"max": 4276
				},
				"2024-05-29": {
					"avg": 1527,
					"count": 2,
					"min": 1499,
					"max": 1555
				},
				"2024-05-31": {
					"avg": 2175,
					"count": 1,
					"min": 2175,
					"max": 2175
				},
				"2024-06-03": {
					"avg": 2299,
					"count": 1,
					"min": 2299,
					"max": 2299
				},
				"2024-06-04": {
					"avg": 3200,
					"count": 1,
					"min": 3200,
					"max": 3200
				},
				"2024-06-05": {
					"avg": 2617,
					"count": 2,
					"min": 1640,
					"max": 3594
				},
				"2024-06-06": {
					"avg": 3858,
					"count": 3,
					"min": 3299,
					"max": 4277
				},
				"2024-06-07": {
					"avg": 2499,
					"count": 1,
					"min": 2499,
					"max": 2499
				},
				"2024-06-08": {
					"avg": 5436,
					"count": 1,
					"min": 5436,
					"max": 5436
				},
				"2024-06-09": {
					"avg": 2853,
					"count": 2,
					"min": 2250,
					"max": 3456
				},
				"2024-06-10": {
					"avg": 1849,
					"count": 2,
					"min": 1837,
					"max": 1860
				},
				"2024-06-11": {
					"avg": 3800,
					"count": 2,
					"min": 2500,
					"max": 5099
				},
				"2024-06-12": {
					"avg": 1798,
					"count": 1,
					"min": 1798,
					"max": 1798
				},
				"2024-06-13": {
					"avg": 1798,
					"count": 1,
					"min": 1798,
					"max": 1798
				},
				"2024-06-17": {
					"avg": 1796,
					"count": 1,
					"min": 1796,
					"max": 1796
				},
				"2024-06-18": {
					"avg": 3098,
					"count": 2,
					"min": 3097,
					"max": 3098
				},
				"2024-06-19": {
					"avg": 1884,
					"count": 2,
					"min": 1868,
					"max": 1899
				},
				"2024-06-21": {
					"avg": 1977,
					"count": 2,
					"min": 1894,
					"max": 2060
				},
				"2024-06-26": {
					"avg": 5264,
					"count": 1,
					"min": 5264,
					"max": 5264
				},
				"2024-06-27": {
					"avg": 2250,
					"count": 2,
					"min": 1899,
					"max": 2600
				},
				"2024-07-02": {
					"avg": 1548,
					"count": 2,
					"min": 1532,
					"max": 1563
				},
				"2024-07-04": {
					"avg": 1632,
					"count": 1,
					"min": 1632,
					"max": 1632
				},
				"2024-07-05": {
					"avg": 2277,
					"count": 2,
					"min": 2205,
					"max": 2349
				},
				"2024-07-06": {
					"avg": 3503,
					"count": 1,
					"min": 3503,
					"max": 3503
				},
				"2024-07-11": {
					"avg": 1827,
					"count": 1,
					"min": 1827,
					"max": 1827
				},
				"2024-07-13": {
					"avg": 2699,
					"count": 1,
					"min": 2699,
					"max": 2699
				},
				"2024-07-14": {
					"avg": 2088,
					"count": 1,
					"min": 2088,
					"max": 2088
				},
				"2024-07-15": {
					"avg": 1868,
					"count": 1,
					"min": 1868,
					"max": 1868
				},
				"2024-07-16": {
					"avg": 2084,
					"count": 2,
					"min": 1800,
					"max": 2368
				},
				"2024-07-17": {
					"avg": 1899,
					"count": 1,
					"min": 1899,
					"max": 1899
				},
				"2024-07-18": {
					"avg": 1899,
					"count": 1,
					"min": 1899,
					"max": 1899
				},
				"2024-07-21": {
					"avg": 1699,
					"count": 2,
					"min": 1499,
					"max": 1899
				},
				"2024-07-22": {
					"avg": 2699,
					"count": 1,
					"min": 2699,
					"max": 2699
				},
				"2024-07-25": {
					"avg": 1699,
					"count": 1,
					"min": 1699,
					"max": 1699
				},
				"2024-07-26": {
					"avg": 2121,
					"count": 1,
					"min": 2121,
					"max": 2121
				},
				"2024-07-28": {
					"avg": 1899,
					"count": 1,
					"min": 1899,
					"max": 1899
				},
				"2024-08-01": {
					"avg": 1799,
					"count": 2,
					"min": 1798,
					"max": 1799
				},
				"2024-08-03": {
					"avg": 1895,
					"count": 1,
					"min": 1895,
					"max": 1895
				},
				"2024-08-04": {
					"avg": 1897,
					"count": 2,
					"min": 1895,
					"max": 1898
				},
				"2024-08-09": {
					"avg": 2381,
					"count": 1,
					"min": 2381,
					"max": 2381
				},
				"2024-08-13": {
					"avg": 1850,
					"count": 1,
					"min": 1850,
					"max": 1850
				},
				"2024-08-15": {
					"avg": 2007,
					"count": 1,
					"min": 2007,
					"max": 2007
				},
				"2024-08-16": {
					"avg": 2782,
					"count": 1,
					"min": 2782,
					"max": 2782
				},
				"2024-08-18": {
					"avg": 2994,
					"count": 1,
					"min": 2994,
					"max": 2994
				},
				"2024-08-19": {
					"avg": 2099,
					"count": 1,
					"min": 2099,
					"max": 2099
				},
				"2024-08-20": {
					"avg": 1867,
					"count": 2,
					"min": 1860,
					"max": 1873
				},
				"2024-08-21": {
					"avg": 1799,
					"count": 1,
					"min": 1799,
					"max": 1799
				},
				"2024-08-23": {
					"avg": 1530,
					"count": 1,
					"min": 1530,
					"max": 1530
				},
				"2024-08-25": {
					"avg": 1905,
					"count": 2,
					"min": 1695,
					"max": 2114
				},
				"2024-08-26": {
					"avg": 1928,
					"count": 1,
					"min": 1928,
					"max": 1928
				},
				"2024-08-30": {
					"avg": 2027,
					"count": 1,
					"min": 2027,
					"max": 2027
				},
				"2024-08-31": {
					"avg": 2595,
					"count": 1,
					"min": 2595,
					"max": 2595
				},
				"2024-09-01": {
					"avg": 1900,
					"count": 1,
					"min": 1900,
					"max": 1900
				},
				"2024-09-03": {
					"avg": 1935,
					"count": 2,
					"min": 1850,
					"max": 2019
				},
				"2024-09-04": {
					"avg": 2900,
					"count": 1,
					"min": 2900,
					"max": 2900
				},
				"2024-09-05": {
					"avg": 2595,
					"count": 1,
					"min": 2595,
					"max": 2595
				},
				"2024-09-06": {
					"avg": 2900,
					"count": 1,
					"min": 2900,
					"max": 2900
				},
				"2024-09-12": {
					"avg": 2929,
					"count": 2,
					"min": 2900,
					"max": 2958
				},
				"2024-09-13": {
					"avg": 3213,
					"count": 1,
					"min": 3213,
					"max": 3213
				},
				"2024-09-14": {
					"avg": 2620,
					"count": 2,
					"min": 2027,
					"max": 3213
				},
				"2024-09-15": {
					"avg": 2873,
					"count": 2,
					"min": 2410,
					"max": 3335
				},
				"2024-09-16": {
					"avg": 2074,
					"count": 1,
					"min": 2074,
					"max": 2074
				},
				"2024-09-17": {
					"avg": 4499,
					"count": 1,
					"min": 4499,
					"max": 4499
				},
				"2024-09-18": {
					"avg": 2337,
					"count": 3,
					"min": 2099,
					"max": 2468
				},
				"2024-09-19": {
					"avg": 3895,
					"count": 1,
					"min": 3895,
					"max": 3895
				},
				"2024-09-21": {
					"avg": 2179,
					"count": 1,
					"min": 2179,
					"max": 2179
				},
				"2024-09-22": {
					"avg": 2319,
					"count": 1,
					"min": 2319,
					"max": 2319
				}
			},
			"avg": 1917,
			"avg7": 1761,
			"avg28": 1761
		},
		"normal-nearmint": {
			"history": {
				"2024-05-23": {
					"avg": 2000,
					"count": 1,
					"min": 2000,
					"max": 2000
				},
				"2024-05-27": {
					"avg": 4254,
					"count": 2,
					"min": 4093,
					"max": 4415
				},
				"2024-05-29": {
					"avg": 4195,
					"count": 1,
					"min": 4195,
					"max": 4195
				},
				"2024-05-30": {
					"avg": 4292,
					"count": 1,
					"min": 4292,
					"max": 4292
				},
				"2024-06-05": {
					"avg": 2474,
					"count": 1,
					"min": 2474,
					"max": 2474
				},
				"2024-06-08": {
					"avg": 2099,
					"count": 1,
					"min": 2099,
					"max": 2099
				},
				"2024-06-09": {
					"avg": 10087,
					"count": 1,
					"min": 10087,
					"max": 10087
				},
				"2024-06-10": {
					"avg": 1599,
					"count": 1,
					"min": 1599,
					"max": 1599
				},
				"2024-06-11": {
					"avg": 3322,
					"count": 2,
					"min": 1599,
					"max": 5044
				},
				"2024-06-12": {
					"avg": 2099,
					"count": 1,
					"min": 2099,
					"max": 2099
				},
				"2024-06-14": {
					"avg": 2213,
					"count": 1,
					"min": 2213,
					"max": 2213
				},
				"2024-06-15": {
					"avg": 2000,
					"count": 1,
					"min": 2000,
					"max": 2000
				},
				"2024-06-17": {
					"avg": 5073,
					"count": 1,
					"min": 5073,
					"max": 5073
				},
				"2024-06-18": {
					"avg": 5712,
					"count": 1,
					"min": 5712,
					"max": 5712
				},
				"2024-06-24": {
					"avg": 1978,
					"count": 1,
					"min": 1978,
					"max": 1978
				},
				"2024-06-26": {
					"avg": 2461,
					"count": 1,
					"min": 2461,
					"max": 2461
				},
				"2024-06-28": {
					"avg": 4099,
					"count": 1,
					"min": 4099,
					"max": 4099
				},
				"2024-06-29": {
					"avg": 4099,
					"count": 2,
					"min": 4099,
					"max": 4099
				},
				"2024-07-04": {
					"avg": 5049,
					"count": 2,
					"min": 2099,
					"max": 7998
				},
				"2024-07-05": {
					"avg": 2099,
					"count": 1,
					"min": 2099,
					"max": 2099
				},
				"2024-07-07": {
					"avg": 2198,
					"count": 1,
					"min": 2198,
					"max": 2198
				},
				"2024-07-08": {
					"avg": 2272,
					"count": 1,
					"min": 2272,
					"max": 2272
				},
				"2024-07-10": {
					"avg": 2164,
					"count": 1,
					"min": 2164,
					"max": 2164
				},
				"2024-07-12": {
					"avg": 2059,
					"count": 2,
					"min": 1998,
					"max": 2120
				},
				"2024-07-13": {
					"avg": 3459,
					"count": 2,
					"min": 2495,
					"max": 4422
				},
				"2024-07-18": {
					"avg": 2555,
					"count": 1,
					"min": 2555,
					"max": 2555
				},
				"2024-07-22": {
					"avg": 4229,
					"count": 1,
					"min": 4229,
					"max": 4229
				},
				"2024-07-24": {
					"avg": 2098,
					"count": 1,
					"min": 2098,
					"max": 2098
				},
				"2024-07-28": {
					"avg": 2099,
					"count": 1,
					"min": 2099,
					"max": 2099
				},
				"2024-08-01": {
					"avg": 2222,
					"count": 1,
					"min": 2222,
					"max": 2222
				},
				"2024-08-02": {
					"avg": 2227,
					"count": 1,
					"min": 2227,
					"max": 2227
				},
				"2024-08-05": {
					"avg": 2773,
					"count": 1,
					"min": 2773,
					"max": 2773
				},
				"2024-08-08": {
					"avg": 2324,
					"count": 1,
					"min": 2324,
					"max": 2324
				},
				"2024-08-10": {
					"avg": 1999,
					"count": 1,
					"min": 1999,
					"max": 1999
				},
				"2024-08-12": {
					"avg": 3865,
					"count": 1,
					"min": 3865,
					"max": 3865
				},
				"2024-08-15": {
					"avg": 3865,
					"count": 1,
					"min": 3865,
					"max": 3865
				},
				"2024-08-20": {
					"avg": 1998,
					"count": 1,
					"min": 1998,
					"max": 1998
				},
				"2024-08-26": {
					"avg": 2288,
					"count": 1,
					"min": 2288,
					"max": 2288
				},
				"2024-08-30": {
					"avg": 2288,
					"count": 1,
					"min": 2288,
					"max": 2288
				},
				"2024-09-02": {
					"avg": 2498,
					"count": 1,
					"min": 2498,
					"max": 2498
				},
				"2024-09-04": {
					"avg": 2895,
					"count": 1,
					"min": 2895,
					"max": 2895
				},
				"2024-09-09": {
					"avg": 2302,
					"count": 2,
					"min": 2301,
					"max": 2302
				},
				"2024-09-10": {
					"avg": 3674,
					"count": 2,
					"min": 3198,
					"max": 4149
				},
				"2024-09-14": {
					"avg": 3791,
					"count": 2,
					"min": 3432,
					"max": 4149
				},
				"2024-09-19": {
					"avg": 4198,
					"count": 1,
					"min": 4198,
					"max": 4198
				},
				"2024-09-21": {
					"avg": 4009,
					"count": 2,
					"min": 2320,
					"max": 5698
				},
				"2024-09-23": {
					"avg": 2308,
					"count": 1,
					"min": 2308,
					"max": 2308
				}
			},
			"avg": 3191,
			"avg7": -1,
			"avg28": -1
		},
		"normal-played": {
			"history": {
				"2024-05-24": {
					"avg": 1491,
					"count": 2,
					"min": 1428,
					"max": 1554
				},
				"2024-05-30": {
					"avg": 1299,
					"count": 2,
					"min": 1299,
					"max": 1299
				},
				"2024-06-04": {
					"avg": 1299,
					"count": 1,
					"min": 1299,
					"max": 1299
				},
				"2024-06-08": {
					"avg": 1449,
					"count": 1,
					"min": 1449,
					"max": 1449
				},
				"2024-06-09": {
					"avg": 1299,
					"count": 1,
					"min": 1299,
					"max": 1299
				},
				"2024-06-17": {
					"avg": 1299,
					"count": 1,
					"min": 1299,
					"max": 1299
				},
				"2024-06-18": {
					"avg": 2282,
					"count": 2,
					"min": 1865,
					"max": 2699
				},
				"2024-06-19": {
					"avg": 1476,
					"count": 1,
					"min": 1476,
					"max": 1476
				},
				"2024-06-21": {
					"avg": 1299,
					"count": 1,
					"min": 1299,
					"max": 1299
				},
				"2024-06-22": {
					"avg": 1300,
					"count": 2,
					"min": 1300,
					"max": 1300
				},
				"2024-06-27": {
					"avg": 1346,
					"count": 1,
					"min": 1346,
					"max": 1346
				},
				"2024-07-01": {
					"avg": 1255,
					"count": 1,
					"min": 1255,
					"max": 1255
				},
				"2024-07-04": {
					"avg": 1300,
					"count": 1,
					"min": 1300,
					"max": 1300
				},
				"2024-07-07": {
					"avg": 1399,
					"count": 2,
					"min": 1398,
					"max": 1399
				},
				"2024-07-08": {
					"avg": 1399,
					"count": 1,
					"min": 1399,
					"max": 1399
				},
				"2024-07-11": {
					"avg": 1399,
					"count": 1,
					"min": 1399,
					"max": 1399
				},
				"2024-07-12": {
					"avg": 1299,
					"count": 1,
					"min": 1299,
					"max": 1299
				},
				"2024-07-17": {
					"avg": 1534,
					"count": 2,
					"min": 1284,
					"max": 1783
				},
				"2024-07-18": {
					"avg": 1299,
					"count": 1,
					"min": 1299,
					"max": 1299
				},
				"2024-07-20": {
					"avg": 1296,
					"count": 1,
					"min": 1296,
					"max": 1296
				},
				"2024-07-22": {
					"avg": 1363,
					"count": 1,
					"min": 1363,
					"max": 1363
				},
				"2024-07-23": {
					"avg": 1399,
					"count": 1,
					"min": 1399,
					"max": 1399
				},
				"2024-07-24": {
					"avg": 1299,
					"count": 1,
					"min": 1299,
					"max": 1299
				},
				"2024-07-25": {
					"avg": 1364,
					"count": 1,
					"min": 1364,
					"max": 1364
				},
				"2024-07-26": {
					"avg": 1598,
					"count": 1,
					"min": 1598,
					"max": 1598
				},
				"2024-07-30": {
					"avg": 1399,
					"count": 1,
					"min": 1399,
					"max": 1399
				},
				"2024-07-31": {
					"avg": 2607,
					"count": 1,
					"min": 2607,
					"max": 2607
				},
				"2024-08-02": {
					"avg": 1673,
					"count": 1,
					"min": 1673,
					"max": 1673
				},
				"2024-08-06": {
					"avg": 2471,
					"count": 3,
					"min": 2408,
					"max": 2597
				},
				"2024-08-12": {
					"avg": 1271,
					"count": 1,
					"min": 1271,
					"max": 1271
				},
				"2024-08-19": {
					"avg": 1283,
					"count": 1,
					"min": 1283,
					"max": 1283
				},
				"2024-08-20": {
					"avg": 1284,
					"count": 1,
					"min": 1284,
					"max": 1284
				},
				"2024-08-24": {
					"avg": 1310,
					"count": 1,
					"min": 1310,
					"max": 1310
				},
				"2024-08-26": {
					"avg": 1394,
					"count": 1,
					"min": 1394,
					"max": 1394
				},
				"2024-09-02": {
					"avg": 1349,
					"count": 1,
					"min": 1349,
					"max": 1349
				},
				"2024-09-03": {
					"avg": 1393,
					"count": 2,
					"min": 1393,
					"max": 1393
				},
				"2024-09-06": {
					"avg": 1495,
					"count": 1,
					"min": 1495,
					"max": 1495
				},
				"2024-09-09": {
					"avg": 1395,
					"count": 1,
					"min": 1395,
					"max": 1395
				},
				"2024-09-10": {
					"avg": 1395,
					"count": 1,
					"min": 1395,
					"max": 1395
				},
				"2024-09-13": {
					"avg": 1899,
					"count": 1,
					"min": 1899,
					"max": 1899
				},
				"2024-09-16": {
					"avg": 1926,
					"count": 1,
					"min": 1926,
					"max": 1926
				},
				"2024-09-18": {
					"avg": 2800,
					"count": 1,
					"min": 2800,
					"max": 2800
				},
				"2024-09-19": {
					"avg": 1395,
					"count": 1,
					"min": 1395,
					"max": 1395
				},
				"2024-09-22": {
					"avg": 1910,
					"count": 2,
					"min": 1326,
					"max": 2494
				}
			},
			"avg": 1560,
			"avg7": -1,
			"avg28": -1
		},
		"normal-used": {
			"history": {
				"2024-05-23": {
					"avg": 975,
					"count": 1,
					"min": 975,
					"max": 975
				},
				"2024-06-10": {
					"avg": 799,
					"count": 1,
					"min": 799,
					"max": 799
				},
				"2024-06-11": {
					"avg": 801,
					"count": 1,
					"min": 801,
					"max": 801
				},
				"2024-06-13": {
					"avg": 1200,
					"count": 1,
					"min": 1200,
					"max": 1200
				},
				"2024-06-19": {
					"avg": 1199,
					"count": 1,
					"min": 1199,
					"max": 1199
				},
				"2024-06-21": {
					"avg": 809,
					"count": 1,
					"min": 809,
					"max": 809
				},
				"2024-06-22": {
					"avg": 1694,
					"count": 2,
					"min": 1100,
					"max": 2287
				},
				"2024-06-23": {
					"avg": 1098,
					"count": 3,
					"min": 903,
					"max": 1199
				},
				"2024-07-01": {
					"avg": 810,
					"count": 1,
					"min": 810,
					"max": 810
				},
				"2024-07-02": {
					"avg": 811,
					"count": 2,
					"min": 796,
					"max": 825
				},
				"2024-07-07": {
					"avg": 2092,
					"count": 1,
					"min": 2092,
					"max": 2092
				},
				"2024-07-12": {
					"avg": 1156,
					"count": 1,
					"min": 1156,
					"max": 1156
				},
				"2024-07-14": {
					"avg": 825,
					"count": 1,
					"min": 825,
					"max": 825
				},
				"2024-07-20": {
					"avg": 799,
					"count": 1,
					"min": 799,
					"max": 799
				},
				"2024-07-22": {
					"avg": 1624,
					"count": 1,
					"min": 1624,
					"max": 1624
				},
				"2024-07-27": {
					"avg": 892,
					"count": 1,
					"min": 892,
					"max": 892
				},
				"2024-08-02": {
					"avg": 792,
					"count": 1,
					"min": 792,
					"max": 792
				},
				"2024-08-09": {
					"avg": 1375,
					"count": 2,
					"min": 862,
					"max": 1887
				},
				"2024-08-12": {
					"avg": 1099,
					"count": 1,
					"min": 1099,
					"max": 1099
				},
				"2024-08-13": {
					"avg": 1150,
					"count": 1,
					"min": 1150,
					"max": 1150
				},
				"2024-08-21": {
					"avg": 1199,
					"count": 2,
					"min": 1155,
					"max": 1243
				},
				"2024-08-22": {
					"avg": 1248,
					"count": 1,
					"min": 1248,
					"max": 1248
				},
				"2024-08-24": {
					"avg": 1248,
					"count": 1,
					"min": 1248,
					"max": 1248
				},
				"2024-08-29": {
					"avg": 2249,
					"count": 1,
					"min": 2249,
					"max": 2249
				},
				"2024-09-06": {
					"avg": 1887,
					"count": 1,
					"min": 1887,
					"max": 1887
				},
				"2024-09-11": {
					"avg": 1297,
					"count": 1,
					"min": 1297,
					"max": 1297
				}
			},
			"avg": 1200,
			"avg7": -1,
			"avg28": -1
		},
		"normal-poor": {
			"history": {
				"2024-05-29": {
					"avg": 599,
					"count": 1,
					"min": 599,
					"max": 599
				},
				"2024-06-04": {
					"avg": 798,
					"count": 1,
					"min": 798,
					"max": 798
				},
				"2024-06-21": {
					"avg": 778,
					"count": 1,
					"min": 778,
					"max": 778
				},
				"2024-06-22": {
					"avg": 801,
					"count": 1,
					"min": 801,
					"max": 801
				},
				"2024-06-25": {
					"avg": 1600,
					"count": 1,
					"min": 1600,
					"max": 1600
				},
				"2024-07-02": {
					"avg": 477,
					"count": 1,
					"min": 477,
					"max": 477
				},
				"2024-07-13": {
					"avg": 1798,
					"count": 1,
					"min": 1798,
					"max": 1798
				},
				"2024-07-14": {
					"avg": 1398,
					"count": 1,
					"min": 1398,
					"max": 1398
				},
				"2024-07-15": {
					"avg": 648,
					"count": 1,
					"min": 648,
					"max": 648
				},
				"2024-07-19": {
					"avg": 830,
					"count": 3,
					"min": 550,
					"max": 1104
				},
				"2024-07-23": {
					"avg": 599,
					"count": 1,
					"min": 599,
					"max": 599
				},
				"2024-08-02": {
					"avg": 646,
					"count": 1,
					"min": 646,
					"max": 646
				},
				"2024-08-03": {
					"avg": 615,
					"count": 1,
					"min": 615,
					"max": 615
				},
				"2024-08-05": {
					"avg": 659,
					"count": 2,
					"min": 619,
					"max": 699
				},
				"2024-08-06": {
					"avg": 711,
					"count": 1,
					"min": 711,
					"max": 711
				},
				"2024-08-10": {
					"avg": 749,
					"count": 1,
					"min": 749,
					"max": 749
				},
				"2024-08-15": {
					"avg": 900,
					"count": 1,
					"min": 900,
					"max": 900
				},
				"2024-08-18": {
					"avg": 599,
					"count": 1,
					"min": 599,
					"max": 599
				},
				"2024-08-21": {
					"avg": 774,
					"count": 1,
					"min": 774,
					"max": 774
				},
				"2024-08-23": {
					"avg": 674,
					"count": 1,
					"min": 674,
					"max": 674
				},
				"2024-08-30": {
					"avg": 752,
					"count": 1,
					"min": 752,
					"max": 752
				},
				"2024-09-05": {
					"avg": 758,
					"count": 1,
					"min": 758,
					"max": 758
				},
				"2024-09-08": {
					"avg": 426,
					"count": 1,
					"min": 426,
					"max": 426
				},
				"2024-09-13": {
					"avg": 745,
					"count": 1,
					"min": 745,
					"max": 745
				},
				"2024-09-14": {
					"avg": 750,
					"count": 1,
					"min": 750,
					"max": 750
				},
				"2024-09-17": {
					"avg": 750,
					"count": 1,
					"min": 750,
					"max": 750
				},
				"2024-09-21": {
					"avg": 750,
					"count": 2,
					"min": 750,
					"max": 750
				},
				"2024-09-22": {
					"avg": 699,
					"count": 1,
					"min": 699,
					"max": 699
				}
			},
			"avg": 792,
			"avg7": -1,
			"avg28": -1
		}
	}
}