{
	"data": {
		"normal-good": {
			"history": {
				"2022-11-12": {
					"avg": 325,
					"count": 1
				},
				"2022-11-13": {
					"avg": 160,
					"count": 1
				},
				"2022-11-15": {
					"avg": 385,
					"count": 1
				},
				"2022-11-17": {
					"avg": 265,
					"count": 1
				},
				"2022-11-20": {
					"avg": 364,
					"count": 1,
					"min": 364,
					"max": 364
				},
				"2022-11-21": {
					"avg": 350,
					"count": 1,
					"min": 350,
					"max": 350
				},
				"2022-11-23": {
					"avg": 200,
					"count": 1,
					"min": 200,
					"max": 200
				},
				"2022-11-25": {
					"avg": 328,
					"count": 8,
					"min": 126,
					"max": 899
				},
				"2022-11-27": {
					"avg": 142,
					"count": 2,
					"min": 131,
					"max": 153
				},
				"2022-11-28": {
					"avg": 302,
					"count": 2,
					"min": 300,
					"max": 304
				},
				"2022-11-29": {
					"avg": 193,
					"count": 2,
					"min": 193,
					"max": 193
				},
				"2022-12-03": {
					"avg": 238,
					"count": 2,
					"min": 175,
					"max": 302
				},
				"2022-12-04": {
					"avg": 193,
					"count": 1,
					"min": 193,
					"max": 193
				},
				"2022-12-05": {
					"avg": 282,
					"count": 5,
					"min": 193,
					"max": 304
				},
				"2022-12-06": {
					"avg": 302,
					"count": 2,
					"min": 302,
					"max": 302
				},
				"2022-12-07": {
					"avg": 425,
					"count": 11,
					"min": 345,
					"max": 454
				},
				"2022-12-10": {
					"avg": 310,
					"count": 1,
					"min": 310,
					"max": 310
				},
				"2022-12-11": {
					"avg": 161,
					"count": 2,
					"min": 98,
					"max": 223
				},
				"2022-12-12": {
					"avg": 499,
					"count": 1,
					"min": 499,
					"max": 499
				},
				"2022-12-13": {
					"avg": 124,
					"count": 1,
					"min": 124,
					"max": 124
				},
				"2022-12-14": {
					"avg": 408,
					"count": 1,
					"min": 408,
					"max": 408
				},
				"2022-12-15": {
					"avg": 175,
					"count": 1,
					"min": 175,
					"max": 175
				},
				"2022-12-16": {
					"avg": 423,
					"count": 2,
					"min": 409,
					"max": 437
				},
				"2022-12-17": {
					"avg": 254,
					"count": 2,
					"min": 247,
					"max": 260
				},
				"2022-12-18": {
					"avg": 252,
					"count": 2,
					"min": 205,
					"max": 299
				},
				"2022-12-19": {
					"avg": 343,
					"count": 2,
					"min": 95,
					"max": 590
				},
				"2022-12-20": {
					"avg": 349,
					"count": 1,
					"min": 349,
					"max": 349
				},
				"2022-12-22": {
					"avg": 159,
					"count": 1,
					"min": 159,
					"max": 159
				},
				"2022-12-24": {
					"avg": 325,
					"count": 1,
					"min": 325,
					"max": 325
				},
				"2022-12-25": {
					"avg": 403,
					"count": 3,
					"min": 300,
					"max": 499
				},
				"2022-12-26": {
					"avg": 525,
					"count": 3,
					"min": 298,
					"max": 839
				},
				"2022-12-28": {
					"avg": 223,
					"count": 1,
					"min": 223,
					"max": 223
				},
				"2022-12-29": {
					"avg": 613,
					"count": 8,
					"min": 399,
					"max": 699
				},
				"2022-12-30": {
					"avg": 364,
					"count": 6,
					"min": 303,
					"max": 512
				},
				"2022-12-31": {
					"avg": 377,
					"count": 8,
					"min": 95,
					"max": 499
				},
				"2023-01-01": {
					"avg": 366,
					"count": 4,
					"min": 158,
					"max": 599
				},
				"2023-01-02": {
					"avg": 245,
					"count": 3,
					"min": 119,
					"max": 399
				},
				"2023-01-04": {
					"avg": 328,
					"count": 5,
					"min": 322,
					"max": 330
				},
				"2023-01-05": {
					"avg": 317,
					"count": 1,
					"min": 317,
					"max": 317
				},
				"2023-01-07": {
					"avg": 474,
					"count": 2,
					"min": 349,
					"max": 599
				},
				"2023-01-08": {
					"avg": 403,
					"count": 3,
					"min": 225,
					"max": 500
				},
				"2023-01-09": {
					"avg": 225,
					"count": 1,
					"min": 225,
					"max": 225
				},
				"2023-01-10": {
					"avg": 250,
					"count": 1,
					"min": 250,
					"max": 250
				},
				"2023-01-11": {
					"avg": 315,
					"count": 2,
					"min": 175,
					"max": 455
				},
				"2023-01-12": {
					"avg": 302,
					"count": 2,
					"min": 95,
					"max": 509
				},
				"2023-02-06": {
					"avg": 292,
					"count": 2,
					"min": 159,
					"max": 424
				},
				"2023-02-07": {
					"avg": 197,
					"count": 1,
					"min": 197,
					"max": 197
				},
				"2023-02-08": {
					"avg": 290,
					"count": 1,
					"min": 290,
					"max": 290
				},
				"2023-02-10": {
					"avg": 291,
					"count": 3,
					"min": 91,
					"max": 514
				},
				"2023-02-11": {
					"avg": 336,
					"count": 3,
					"min": 267,
					"max": 441
				},
				"2023-02-12": {
					"avg": 637,
					"count": 2,
					"min": 574,
					"max": 699
				},
				"2023-02-14": {
					"avg": 314,
					"count": 1,
					"min": 314,
					"max": 314
				},
				"2023-02-16": {
					"avg": 331,
					"count": 1,
					"min": 331,
					"max": 331
				},
				"2023-02-18": {
					"avg": 343,
					"count": 8,
					"min": 157,
					"max": 629
				},
				"2023-02-19": {
					"avg": 432,
					"count": 7,
					"min": 90,
					"max": 698
				},
				"2023-02-20": {
					"avg": 405,
					"count": 6,
					"min": 99,
					"max": 597
				},
				"2023-02-21": {
					"avg": 290,
					"count": 2,
					"min": 290,
					"max": 290
				},
				"2023-02-22": {
					"avg": 236,
					"count": 2,
					"min": 173,
					"max": 299
				},
				"2023-02-23": {
					"avg": 225,
					"count": 1,
					"min": 225,
					"max": 225
				},
				"2023-02-24": {
					"avg": 265,
					"count": 1,
					"min": 265,
					"max": 265
				},
				"2023-02-26": {
					"avg": 620,
					"count": 1,
					"min": 620,
					"max": 620
				},
				"2023-02-27": {
					"avg": 250,
					"count": 2,
					"min": 199,
					"max": 300
				},
				"2023-02-28": {
					"avg": 436,
					"count": 5,
					"min": 289,
					"max": 599
				},
				"2023-03-01": {
					"avg": 126,
					"count": 1,
					"min": 126,
					"max": 126
				},
				"2023-03-02": {
					"avg": 290,
					"count": 1,
					"min": 290,
					"max": 290
				},
				"2023-03-03": {
					"avg": 349,
					"count": 2,
					"min": 98,
					"max": 599
				},
				"2023-03-04": {
					"avg": 173,
					"count": 1,
					"min": 173,
					"max": 173
				},
				"2023-03-05": {
					"avg": 246,
					"count": 3,
					"min": 125,
					"max": 347
				},
				"2023-03-06": {
					"avg": 282,
					"count": 3,
					"min": 248,
					"max": 349
				},
				"2023-03-07": {
					"avg": 420,
					"count": 1,
					"min": 420,
					"max": 420
				},
				"2023-03-09": {
					"avg": 872,
					"count": 3,
					"min": 177,
					"max": 1698
				},
				"2023-03-10": {
					"avg": 431,
					"count": 2,
					"min": 366,
					"max": 497
				},
				"2023-03-11": {
					"avg": 380,
					"count": 2,
					"min": 347,
					"max": 412
				},
				"2023-03-13": {
					"avg": 292,
					"count": 2,
					"min": 289,
					"max": 295
				},
				"2023-03-14": {
					"avg": 493,
					"count": 2,
					"min": 289,
					"max": 696
				},
				"2023-03-15": {
					"avg": 287,
					"count": 2,
					"min": 60,
					"max": 514
				},
				"2023-03-16": {
					"avg": 363,
					"count": 4,
					"min": 226,
					"max": 599
				},
				"2023-03-17": {
					"avg": 259,
					"count": 1,
					"min": 259,
					"max": 259
				},
				"2023-03-19": {
					"avg": 262,
					"count": 1,
					"min": 262,
					"max": 262
				},
				"2023-03-24": {
					"avg": 348,
					"count": 3,
					"min": 348,
					"max": 348
				},
				"2023-03-25": {
					"avg": 289,
					"count": 1,
					"min": 289,
					"max": 289
				},
				"2023-03-27": {
					"avg": 327,
					"count": 2,
					"min": 199,
					"max": 455
				},
				"2023-03-31": {
					"avg": 382,
					"count": 3,
					"min": 149,
					"max": 798
				},
				"2023-04-01": {
					"avg": 434,
					"count": 2,
					"min": 369,
					"max": 499
				},
				"2023-04-02": {
					"avg": 417,
					"count": 2,
					"min": 299,
					"max": 534
				},
				"2023-04-03": {
					"avg": 599,
					"count": 1,
					"min": 599,
					"max": 599
				},
				"2023-04-04": {
					"avg": 399,
					"count": 2,
					"min": 199,
					"max": 599
				},
				"2023-04-05": {
					"avg": 599,
					"count": 1,
					"min": 599,
					"max": 599
				},
				"2023-04-06": {
					"avg": 347,
					"count": 1,
					"min": 347,
					"max": 347
				},
				"2023-04-07": {
					"avg": 298,
					"count": 1,
					"min": 298,
					"max": 298
				},
				"2023-04-08": {
					"avg": 95,
					"count": 1,
					"min": 95,
					"max": 95
				},
				"2023-04-09": {
					"avg": 306,
					"count": 3,
					"min": 265,
					"max": 345
				},
				"2023-04-10": {
					"avg": 528,
					"count": 2,
					"min": 347,
					"max": 708
				},
				"2023-04-11": {
					"avg": 499,
					"count": 1,
					"min": 499,
					"max": 499
				},
				"2023-04-13": {
					"avg": 561,
					"count": 2,
					"min": 561,
					"max": 561
				},
				"2023-04-14": {
					"avg": 399,
					"count": 2,
					"min": 198,
					"max": 599
				},
				"2023-04-15": {
					"avg": 597,
					"count": 4,
					"min": 349,
					"max": 874
				},
				"2023-04-16": {
					"avg": 453,
					"count": 2,
					"min": 182,
					"max": 724
				},
				"2023-04-17": {
					"avg": 262,
					"count": 1,
					"min": 262,
					"max": 262
				},
				"2023-04-18": {
					"avg": 348,
					"count": 1,
					"min": 348,
					"max": 348
				},
				"2023-04-19": {
					"avg": 297,
					"count": 1,
					"min": 297,
					"max": 297
				},
				"2023-04-21": {
					"avg": 178,
					"count": 2,
					"min": 118,
					"max": 238
				},
				"2023-04-22": {
					"avg": 205,
					"count": 2,
					"min": 189,
					"max": 221
				},
				"2023-04-23": {
					"avg": 215,
					"count": 2,
					"min": 201,
					"max": 229
				},
				"2023-04-25": {
					"avg": 229,
					"count": 1,
					"min": 229,
					"max": 229
				},
				"2023-04-26": {
					"avg": 148,
					"count": 1,
					"min": 148,
					"max": 148
				},
				"2023-04-27": {
					"avg": 442,
					"count": 3,
					"min": 163,
					"max": 974
				},
				"2023-04-29": {
					"avg": 497,
					"count": 1,
					"min": 497,
					"max": 497
				},
				"2023-04-30": {
					"avg": 491,
					"count": 1,
					"min": 491,
					"max": 491
				},
				"2023-05-01": {
					"avg": 459,
					"count": 2,
					"min": 298,
					"max": 619
				},
				"2023-05-02": {
					"avg": 347,
					"count": 1,
					"min": 347,
					"max": 347
				},
				"2023-05-04": {
					"avg": 401,
					"count": 5,
					"min": 271,
					"max": 597
				},
				"2023-05-05": {
					"avg": 283,
					"count": 3,
					"min": 93,
					"max": 544
				},
				"2023-05-06": {
					"avg": 334,
					"count": 4,
					"min": 161,
					"max": 481
				},
				"2023-05-08": {
					"avg": 279,
					"count": 1,
					"min": 279,
					"max": 279
				},
				"2023-05-09": {
					"avg": 723,
					"count": 3,
					"min": 145,
					"max": 1424
				},
				"2023-05-11": {
					"avg": 368,
					"count": 1,
					"min": 368,
					"max": 368
				},
				"2023-05-14": {
					"avg": 1171,
					"count": 2,
					"min": 178,
					"max": 2163
				},
				"2023-05-16": {
					"avg": 332,
					"count": 3,
					"min": 175,
					"max": 647
				},
				"2023-05-17": {
					"avg": 314,
					"count": 3,
					"min": 119,
					"max": 412
				},
				"2023-05-18": {
					"avg": 248,
					"count": 3,
					"min": 188,
					"max": 347
				},
				"2023-05-19": {
					"avg": 834,
					"count": 2,
					"min": 369,
					"max": 1298
				},
				"2023-05-20": {
					"avg": 519,
					"count": 2,
					"min": 390,
					"max": 647
				},
				"2023-05-21": {
					"avg": 257,
					"count": 1,
					"min": 257,
					"max": 257
				},
				"2023-05-22": {
					"avg": 408,
					"count": 1,
					"min": 408,
					"max": 408
				},
				"2023-05-23": {
					"avg": 347,
					"count": 1,
					"min": 347,
					"max": 347
				},
				"2023-05-25": {
					"avg": 188,
					"count": 1,
					"min": 188,
					"max": 188
				},
				"2023-05-26": {
					"avg": 274,
					"count": 3,
					"min": 202,
					"max": 412
				},
				"2023-05-28": {
					"avg": 249,
					"count": 8,
					"min": 92,
					"max": 410
				},
				"2023-05-30": {
					"avg": 528,
					"count": 3,
					"min": 339,
					"max": 647
				},
				"2023-05-31": {
					"avg": 258,
					"count": 3,
					"min": 208,
					"max": 346
				},
				"2023-06-02": {
					"avg": 356,
					"count": 1,
					"min": 356,
					"max": 356
				},
				"2023-06-03": {
					"avg": 218,
					"count": 2,
					"min": 161,
					"max": 274
				},
				"2023-06-04": {
					"avg": 212,
					"count": 2,
					"min": 201,
					"max": 223
				},
				"2023-06-05": {
					"avg": 449,
					"count": 5,
					"min": 175,
					"max": 583
				},
				"2023-06-06": {
					"avg": 274,
					"count": 10,
					"min": 119,
					"max": 599
				},
				"2023-06-10": {
					"avg": 447,
					"count": 1,
					"min": 447,
					"max": 447
				},
				"2023-06-11": {
					"avg": 246,
					"count": 3,
					"min": 202,
					"max": 332
				},
				"2023-06-13": {
					"avg": 820,
					"count": 1,
					"min": 820,
					"max": 820
				},
				"2023-06-14": {
					"avg": 98,
					"count": 1,
					"min": 98,
					"max": 98
				},
				"2023-06-15": {
					"avg": 225,
					"count": 1,
					"min": 225,
					"max": 225
				},
				"2023-06-16": {
					"avg": 300,
					"count": 4,
					"min": 152,
					"max": 691
				},
				"2023-06-17": {
					"avg": 574,
					"count": 3,
					"min": 574,
					"max": 574
				},
				"2023-06-20": {
					"avg": 599,
					"count": 1,
					"min": 599,
					"max": 599
				},
				"2023-06-21": {
					"avg": 225,
					"count": 1,
					"min": 225,
					"max": 225
				},
				"2023-06-22": {
					"avg": 300,
					"count": 1,
					"min": 300,
					"max": 300
				},
				"2023-06-23": {
					"avg": 284,
					"count": 8,
					"min": 99,
					"max": 612
				},
				"2023-06-24": {
					"avg": 150,
					"count": 1,
					"min": 150,
					"max": 150
				},
				"2023-06-25": {
					"avg": 238,
					"count": 1,
					"min": 238,
					"max": 238
				},
				"2023-06-26": {
					"avg": 198,
					"count": 1,
					"min": 198,
					"max": 198
				},
				"2023-06-27": {
					"avg": 1598,
					"count": 1,
					"min": 1598,
					"max": 1598
				},
				"2023-06-29": {
					"avg": 678,
					"count": 2,
					"min": 416,
					"max": 940
				},
				"2023-06-30": {
					"avg": 392,
					"count": 2,
					"min": 185,
					"max": 599
				},
				"2023-07-01": {
					"avg": 211,
					"count": 3,
					"min": 30,
					"max": 341
				},
				"2023-07-02": {
					"avg": 317,
					"count": 2,
					"min": 287,
					"max": 347
				},
				"2023-07-03": {
					"avg": 458,
					"count": 3,
					"min": 374,
					"max": 500
				},
				"2023-07-04": {
					"avg": 191,
					"count": 4,
					"min": 51,
					"max": 238
				},
				"2023-07-06": {
					"avg": 298,
					"count": 1,
					"min": 298,
					"max": 298
				},
				"2023-07-07": {
					"avg": 189,
					"count": 1,
					"min": 189,
					"max": 189
				},
				"2023-07-08": {
					"avg": 691,
					"count": 1,
					"min": 691,
					"max": 691
				},
				"2023-07-09": {
					"avg": 251,
					"count": 3,
					"min": 93,
					"max": 410
				},
				"2023-07-10": {
					"avg": 436,
					"count": 5,
					"min": 198,
					"max": 899
				},
				"2023-07-11": {
					"avg": 489,
					"count": 1,
					"min": 489,
					"max": 489
				},
				"2023-07-15": {
					"avg": 299,
					"count": 1,
					"min": 299,
					"max": 299
				},
				"2023-07-16": {
					"avg": 229,
					"count": 1,
					"min": 229,
					"max": 229
				},
				"2023-07-17": {
					"avg": 500,
					"count": 1,
					"min": 500,
					"max": 500
				},
				"2023-07-19": {
					"avg": 318,
					"count": 1,
					"min": 318,
					"max": 318
				},
				"2023-07-20": {
					"avg": 299,
					"count": 3,
					"min": 259,
					"max": 374
				},
				"2023-07-21": {
					"avg": 523,
					"count": 1,
					"min": 523,
					"max": 523
				},
				"2023-07-22": {
					"avg": 163,
					"count": 2,
					"min": 138,
					"max": 189
				},
				"2023-07-23": {
					"avg": 236,
					"count": 2,
					"min": 154,
					"max": 318
				},
				"2023-07-24": {
					"avg": 296,
					"count": 1,
					"min": 296,
					"max": 296
				},
				"2023-07-25": {
					"avg": 383,
					"count": 3,
					"min": 375,
					"max": 399
				},
				"2023-07-26": {
					"avg": 404,
					"count": 1,
					"min": 404,
					"max": 404
				},
				"2023-07-27": {
					"avg": 362,
					"count": 3,
					"min": 170,
					"max": 641
				},
				"2023-07-29": {
					"avg": 332,
					"count": 3,
					"min": 79,
					"max": 599
				},
				"2023-08-01": {
					"avg": 685,
					"count": 1,
					"min": 685,
					"max": 685
				},
				"2023-08-02": {
					"avg": 129,
					"count": 1,
					"min": 129,
					"max": 129
				},
				"2023-08-04": {
					"avg": 690,
					"count": 1,
					"min": 690,
					"max": 690
				},
				"2023-08-05": {
					"avg": 312,
					"count": 4,
					"min": 100,
					"max": 499
				},
				"2023-08-06": {
					"avg": 291,
					"count": 3,
					"min": 196,
					"max": 429
				},
				"2023-08-09": {
					"avg": 271,
					"count": 10,
					"min": 95,
					"max": 918
				},
				"2023-08-10": {
					"avg": 198,
					"count": 1,
					"min": 198,
					"max": 198
				},
				"2023-08-11": {
					"avg": 423,
					"count": 2,
					"min": 211,
					"max": 635
				},
				"2023-08-15": {
					"avg": 145,
					"count": 1,
					"min": 145,
					"max": 145
				},
				"2023-08-16": {
					"avg": 463,
					"count": 15,
					"min": 214,
					"max": 708
				},
				"2023-08-17": {
					"avg": 573,
					"count": 1,
					"min": 573,
					"max": 573
				},
				"2023-08-18": {
					"avg": 320,
					"count": 4,
					"min": 150,
					"max": 500
				},
				"2023-08-19": {
					"avg": 799,
					"count": 2,
					"min": 649,
					"max": 948
				},
				"2023-08-21": {
					"avg": 562,
					"count": 1,
					"min": 562,
					"max": 562
				},
				"2023-08-24": {
					"avg": 635,
					"count": 1,
					"min": 635,
					"max": 635
				},
				"2023-08-27": {
					"avg": 407,
					"count": 3,
					"min": 149,
					"max": 798
				},
				"2023-08-28": {
					"avg": 599,
					"count": 1,
					"min": 599,
					"max": 599
				},
				"2023-08-29": {
					"avg": 349,
					"count": 1,
					"min": 349,
					"max": 349
				},
				"2023-08-30": {
					"avg": 425,
					"count": 1,
					"min": 425,
					"max": 425
				},
				"2023-08-31": {
					"avg": 230,
					"count": 5,
					"min": 86,
					"max": 333
				},
				"2023-09-01": {
					"avg": 449,
					"count": 1,
					"min": 449,
					"max": 449
				},
				"2023-09-02": {
					"avg": 86,
					"count": 1,
					"min": 86,
					"max": 86
				},
				"2023-09-03": {
					"avg": 526,
					"count": 2,
					"min": 305,
					"max": 747
				},
				"2023-09-04": {
					"avg": 349,
					"count": 1,
					"min": 349,
					"max": 349
				},
				"2023-09-08": {
					"avg": 354,
					"count": 1,
					"min": 354,
					"max": 354
				},
				"2023-09-09": {
					"avg": 638,
					"count": 3,
					"min": 567,
					"max": 673
				},
				"2023-09-10": {
					"avg": 529,
					"count": 2,
					"min": 330,
					"max": 727
				},
				"2023-09-11": {
					"avg": 538,
					"count": 4,
					"min": 150,
					"max": 1336
				},
				"2023-09-12": {
					"avg": 174,
					"count": 1,
					"min": 174,
					"max": 174
				},
				"2023-09-14": {
					"avg": 162,
					"count": 1,
					"min": 162,
					"max": 162
				},
				"2023-09-15": {
					"avg": 165,
					"count": 3,
					"min": 145,
					"max": 175
				},
				"2023-09-17": {
					"avg": 226,
					"count": 2,
					"min": 155,
					"max": 296
				},
				"2023-09-19": {
					"avg": 409,
					"count": 3,
					"min": 200,
					"max": 548
				},
				"2023-09-20": {
					"avg": 244,
					"count": 1,
					"min": 244,
					"max": 244
				},
				"2023-09-21": {
					"avg": 999,
					"count": 1,
					"min": 999,
					"max": 999
				},
				"2023-09-22": {
					"avg": 174,
					"count": 1,
					"min": 174,
					"max": 174
				},
				"2023-09-25": {
					"avg": 222,
					"count": 2,
					"min": 201,
					"max": 244
				},
				"2023-09-28": {
					"avg": 264,
					"count": 2,
					"min": 60,
					"max": 468
				},
				"2023-09-29": {
					"avg": 320,
					"count": 3,
					"min": 209,
					"max": 449
				},
				"2023-09-30": {
					"avg": 655,
					"count": 2,
					"min": 606,
					"max": 703
				},
				"2023-10-01": {
					"avg": 375,
					"count": 1,
					"min": 375,
					"max": 375
				},
				"2023-10-02": {
					"avg": 150,
					"count": 2,
					"min": 96,
					"max": 204
				},
				"2023-10-03": {
					"avg": 363,
					"count": 2,
					"min": 201,
					"max": 525
				},
				"2023-10-04": {
					"avg": 382,
					"count": 2,
					"min": 99,
					"max": 664
				},
				"2023-10-06": {
					"avg": 336,
					"count": 4,
					"min": 201,
					"max": 397
				},
				"2023-10-07": {
					"avg": 290,
					"count": 1,
					"min": 290,
					"max": 290
				},
				"2023-10-08": {
					"avg": 319,
					"count": 2,
					"min": 289,
					"max": 349
				},
				"2023-10-09": {
					"avg": 400,
					"count": 2,
					"min": 275,
					"max": 524
				},
				"2023-10-11": {
					"avg": 334,
					"count": 2,
					"min": 269,
					"max": 398
				},
				"2023-10-12": {
					"avg": 299,
					"count": 2,
					"min": 250,
					"max": 347
				},
				"2023-10-13": {
					"avg": 408,
					"count": 7,
					"min": 200,
					"max": 487
				},
				"2023-10-14": {
					"avg": 416,
					"count": 1,
					"min": 416,
					"max": 416
				},
				"2023-10-16": {
					"avg": 349,
					"count": 1,
					"min": 349,
					"max": 349
				},
				"2023-10-18": {
					"avg": 275,
					"count": 1,
					"min": 275,
					"max": 275
				},
				"2023-10-20": {
					"avg": 499,
					"count": 1,
					"min": 499,
					"max": 499
				},
				"2023-10-22": {
					"avg": 269,
					"count": 1,
					"min": 269,
					"max": 269
				},
				"2023-10-23": {
					"avg": 180,
					"count": 1,
					"min": 180,
					"max": 180
				},
				"2023-10-24": {
					"avg": 613,
					"count": 2,
					"min": 487,
					"max": 739
				},
				"2023-10-25": {
					"avg": 247,
					"count": 1,
					"min": 247,
					"max": 247
				},
				"2023-10-26": {
					"avg": 1898,
					"count": 1,
					"min": 1898,
					"max": 1898
				},
				"2023-10-27": {
					"avg": 727,
					"count": 1,
					"min": 727,
					"max": 727
				},
				"2023-10-28": {
					"avg": 466,
					"count": 2,
					"min": 247,
					"max": 684
				},
				"2023-10-29": {
					"avg": 517,
					"count": 2,
					"min": 268,
					"max": 765
				},
				"2023-10-31": {
					"avg": 434,
					"count": 5,
					"min": 345,
					"max": 641
				},
				"2023-11-01": {
					"avg": 331,
					"count": 2,
					"min": 87,
					"max": 575
				},
				"2023-11-02": {
					"avg": 537,
					"count": 3,
					"min": 214,
					"max": 739
				},
				"2023-11-03": {
					"avg": 481,
					"count": 2,
					"min": 437,
					"max": 524
				},
				"2023-11-04": {
					"avg": 250,
					"count": 1,
					"min": 250,
					"max": 250
				},
				"2023-11-06": {
					"avg": 586,
					"count": 2,
					"min": 523,
					"max": 649
				},
				"2023-11-08": {
					"avg": 519,
					"count": 1,
					"min": 519,
					"max": 519
				},
				"2023-11-09": {
					"avg": 200,
					"count": 1,
					"min": 200,
					"max": 200
				},
				"2023-11-10": {
					"avg": 269,
					"count": 2,
					"min": 239,
					"max": 298
				},
				"2023-11-12": {
					"avg": 449,
					"count": 1,
					"min": 449,
					"max": 449
				},
				"2023-11-14": {
					"avg": 475,
					"count": 1,
					"min": 475,
					"max": 475
				},
				"2023-11-15": {
					"avg": 329,
					"count": 6,
					"min": 40,
					"max": 523
				},
				"2023-11-17": {
					"avg": 248,
					"count": 1,
					"min": 248,
					"max": 248
				},
				"2023-11-18": {
					"avg": 461,
					"count": 3,
					"min": 416,
					"max": 529
				},
				"2023-11-19": {
					"avg": 317,
					"count": 1,
					"min": 317,
					"max": 317
				},
				"2023-11-21": {
					"avg": 248,
					"count": 1,
					"min": 248,
					"max": 248
				},
				"2023-11-22": {
					"avg": 414,
					"count": 3,
					"min": 282,
					"max": 523
				},
				"2023-11-23": {
					"avg": 261,
					"count": 2,
					"min": 198,
					"max": 324
				},
				"2023-11-24": {
					"avg": 278,
					"count": 28,
					"min": 132,
					"max": 492
				},
				"2023-11-25": {
					"avg": 292,
					"count": 2,
					"min": 159,
					"max": 424
				},
				"2023-11-27": {
					"avg": 430,
					"count": 3,
					"min": 369,
					"max": 523
				},
				"2024-05-17": {
					"avg": 356,
					"count": 7,
					"min": 73,
					"max": 625
				},
				"2024-05-18": {
					"avg": 569,
					"count": 2,
					"min": 439,
					"max": 699
				},
				"2024-05-20": {
					"avg": 289,
					"count": 1,
					"min": 289,
					"max": 289
				},
				"2024-05-21": {
					"avg": 356,
					"count": 5,
					"min": 156,
					"max": 521
				},
				"2024-05-22": {
					"avg": 279,
					"count": 4,
					"min": 195,
					"max": 374
				},
				"2024-05-23": {
					"avg": 298,
					"count": 2,
					"min": 296,
					"max": 299
				},
				"2024-05-25": {
					"avg": 445,
					"count": 5,
					"min": 183,
					"max": 680
				},
				"2024-05-27": {
					"avg": 310,
					"count": 1,
					"min": 310,
					"max": 310
				},
				"2024-05-30": {
					"avg": 296,
					"count": 2,
					"min": 296,
					"max": 296
				},
				"2024-06-02": {
					"avg": 328,
					"count": 1,
					"min": 328,
					"max": 328
				},
				"2024-06-03": {
					"avg": 245,
					"count": 1,
					"min": 245,
					"max": 245
				},
				"2024-06-04": {
					"avg": 293,
					"count": 3,
					"min": 227,
					"max": 342
				},
				"2024-06-05": {
					"avg": 275,
					"count": 2,
					"min": 245,
					"max": 305
				},
				"2024-06-06": {
					"avg": 311,
					"count": 2,
					"min": 308,
					"max": 313
				},
				"2024-06-07": {
					"avg": 123,
					"count": 1,
					"min": 123,
					"max": 123
				},
				"2024-06-08": {
					"avg": 282,
					"count": 3,
					"min": 227,
					"max": 319
				},
				"2024-06-09": {
					"avg": 271,
					"count": 2,
					"min": 247,
					"max": 294
				},
				"2024-06-10": {
					"avg": 298,
					"count": 1,
					"min": 298,
					"max": 298
				},
				"2024-06-11": {
					"avg": 366,
					"count": 1,
					"min": 366,
					"max": 366
				},
				"2024-06-12": {
					"avg": 334,
					"count": 3,
					"min": 294,
					"max": 409
				},
				"2024-06-14": {
					"avg": 298,
					"count": 1,
					"min": 298,
					"max": 298
				},
				"2024-06-16": {
					"avg": 295,
					"count": 1,
					"min": 295,
					"max": 295
				},
				"2024-06-17": {
					"avg": 286,
					"count": 2,
					"min": 277,
					"max": 295
				},
				"2024-06-18": {
					"avg": 432,
					"count": 1,
					"min": 432,
					"max": 432
				},
				"2024-06-21": {
					"avg": 183,
					"count": 2,
					"min": 122,
					"max": 243
				},
				"2024-06-23": {
					"avg": 357,
					"count": 2,
					"min": 274,
					"max": 440
				},
				"2024-06-24": {
					"avg": 289,
					"count": 2,
					"min": 257,
					"max": 321
				},
				"2024-06-27": {
					"avg": 318,
					"count": 1,
					"min": 318,
					"max": 318
				},
				"2024-07-02": {
					"avg": 185,
					"count": 1,
					"min": 185,
					"max": 185
				},
				"2024-07-03": {
					"avg": 371,
					"count": 3,
					"min": 275,
					"max": 418
				},
				"2024-07-05": {
					"avg": 231,
					"count": 2,
					"min": 183,
					"max": 278
				},
				"2024-07-07": {
					"avg": 281,
					"count": 1,
					"min": 281,
					"max": 281
				},
				"2024-07-08": {
					"avg": 328,
					"count": 1,
					"min": 328,
					"max": 328
				},
				"2024-07-11": {
					"avg": 311,
					"count": 4,
					"min": 278,
					"max": 375
				},
				"2024-07-13": {
					"avg": 332,
					"count": 2,
					"min": 278,
					"max": 386
				},
				"2024-07-17": {
					"avg": 308,
					"count": 1,
					"min": 308,
					"max": 308
				},
				"2024-07-18": {
					"avg": 382,
					"count": 2,
					"min": 382,
					"max": 382
				},
				"2024-07-19": {
					"avg": 324,
					"count": 1,
					"min": 324,
					"max": 324
				},
				"2024-07-20": {
					"avg": 308,
					"count": 1,
					"min": 308,
					"max": 308
				},
				"2024-07-21": {
					"avg": 312,
					"count": 2,
					"min": 296,
					"max": 327
				},
				"2024-07-22": {
					"avg": 400,
					"count": 1,
					"min": 400,
					"max": 400
				},
				"2024-07-24": {
					"avg": 308,
					"count": 2,
					"min": 249,
					"max": 367
				},
				"2024-07-25": {
					"avg": 482,
					"count": 1,
					"min": 482,
					"max": 482
				},
				"2024-07-26": {
					"avg": 300,
					"count": 1,
					"min": 300,
					"max": 300
				},
				"2024-07-27": {
					"avg": 149,
					"count": 1,
					"min": 149,
					"max": 149
				},
				"2024-07-30": {
					"avg": 415,
					"count": 1,
					"min": 415,
					"max": 415
				},
				"2024-08-01": {
					"avg": 412,
					"count": 2,
					"min": 299,
					"max": 525
				},
				"2024-08-02": {
					"avg": 384,
					"count": 3,
					"min": 306,
					"max": 520
				},
				"2024-08-03": {
					"avg": 269,
					"count": 1,
					"min": 269,
					"max": 269
				},
				"2024-08-04": {
					"avg": 985,
					"count": 1,
					"min": 985,
					"max": 985
				},
				"2024-08-05": {
					"avg": 411,
					"count": 2,
					"min": 399,
					"max": 423
				},
				"2024-08-10": {
					"avg": 350,
					"count": 1,
					"min": 350,
					"max": 350
				},
				"2024-08-13": {
					"avg": 338,
					"count": 1,
					"min": 338,
					"max": 338
				},
				"2024-08-15": {
					"avg": 375,
					"count": 1,
					"min": 375,
					"max": 375
				},
				"2024-08-17": {
					"avg": 431,
					"count": 2,
					"min": 340,
					"max": 521
				},
				"2024-08-18": {
					"avg": 198,
					"count": 1,
					"min": 198,
					"max": 198
				},
				"2024-08-20": {
					"avg": 432,
					"count": 2,
					"min": 290,
					"max": 574
				},
				"2024-08-27": {
					"avg": 330,
					"count": 1,
					"min": 330,
					"max": 330
				},
				"2024-08-29": {
					"avg": 584,
					"count": 2,
					"min": 370,
					"max": 797
				},
				"2024-08-31": {
					"avg": 337,
					"count": 1,
					"min": 337,
					"max": 337
				},
				"2024-09-01": {
					"avg": 291,
					"count": 1,
					"min": 291,
					"max": 291
				},
				"2024-09-03": {
					"avg": 336,
					"count": 4,
					"min": 235,
					"max": 439
				},
				"2024-09-06": {
					"avg": 219,
					"count": 1,
					"min": 219,
					"max": 219
				},
				"2024-09-13": {
					"avg": 297,
					"count": 2,
					"min": 216,
					"max": 377
				},
				"2024-09-16": {
					"avg": 223,
					"count": 3,
					"min": 210,
					"max": 230
				},
				"2024-09-17": {
					"avg": 490,
					"count": 3,
					"min": 295,
					"max": 719
				},
				"2024-09-19": {
					"avg": 495,
					"count": 2,
					"min": 465,
					"max": 524
				},
				"2024-09-21": {
					"avg": 343,
					"count": 2,
					"min": 339,
					"max": 347
				},
				"2024-09-22": {
					"avg": 866,
					"count": 1,
					"min": 866,
					"max": 866
				}
			},
			"avg": 366,
			"avg7": 359,
			"avg28": 359
		},
		"normal-poor": {
			"history": {
				"2024-05-27": {
					"avg": 170,
					"count": 1,
					"min": 170,
					"max": 170
				},
				"2024-05-29": {
					"avg": 195,
					"count": 1,
					"min": 195,
					"max": 195
				},
				"2024-05-31": {
					"avg": 217,
					"count": 1,
					"min": 217,
					"max": 217
				},
				"2024-06-10": {
					"avg": 184,
					"count": 1,
					"min": 184,
					"max": 184
				},
				"2024-06-13": {
					"avg": 38,
					"count": 1,
					"min": 38,
					"max": 38
				},
				"2024-06-25": {
					"avg": 277,
					"count": 2,
					"min": 254,
					"max": 299
				},
				"2024-06-26": {
					"avg": 84,
					"count": 1,
					"min": 84,
					"max": 84
				},
				"2024-07-01": {
					"avg": 67,
					"count": 1,
					"min": 67,
					"max": 67
				},
				"2024-07-09": {
					"avg": 273,
					"count": 1,
					"min": 273,
					"max": 273
				},
				"2024-07-16": {
					"avg": 100,
					"count": 1,
					"min": 100,
					"max": 100
				},
				"2024-07-31": {
					"avg": 227,
					"count": 2,
					"min": 225,
					"max": 228
				},
				"2024-08-01": {
					"avg": 100,
					"count": 1,
					"min": 100,
					"max": 100
				},
				"2024-08-07": {
					"avg": 380,
					"count": 1,
					"min": 380,
					"max": 380
				},
				"2024-08-09": {
					"avg": 340,
					"count": 1,
					"min": 340,
					"max": 340
				},
				"2024-08-11": {
					"avg": 173,
					"count": 1,
					"min": 173,
					"max": 173
				},
				"2024-08-12": {
					"avg": 199,
					"count": 1,
					"min": 199,
					"max": 199
				},
				"2024-08-13": {
					"avg": 244,
					"count": 1,
					"min": 244,
					"max": 244
				},
				"2024-08-14": {
					"avg": 172,
					"count": 1,
					"min": 172,
					"max": 172
				},
				"2024-08-18": {
					"avg": 199,
					"count": 1,
					"min": 199,
					"max": 199
				},
				"2024-08-27": {
					"avg": 149,
					"count": 1,
					"min": 149,
					"max": 149
				},
				"2024-09-04": {
					"avg": 136,
					"count": 2,
					"min": 94,
					"max": 177
				},
				"2024-09-18": {
					"avg": 210,
					"count": 1,
					"min": 210,
					"max": 210
				}
			},
			"avg": 191,
			"avg7": -1,
			"avg28": -1
		},
		"normal-played": {
			"history": {
				"2024-05-24": {
					"avg": 177,
					"count": 1,
					"min": 177,
					"max": 177
				},
				"2024-05-27": {
					"avg": 641,
					"count": 1,
					"min": 641,
					"max": 641
				},
				"2024-05-30": {
					"avg": 292,
					"count": 1,
					"min": 292,
					"max": 292
				},
				"2024-06-02": {
					"avg": 136,
					"count": 1,
					"min": 136,
					"max": 136
				},
				"2024-06-07": {
					"avg": 136,
					"count": 1,
					"min": 136,
					"max": 136
				},
				"2024-06-08": {
					"avg": 335,
					"count": 2,
					"min": 307,
					"max": 362
				},
				"2024-06-09": {
					"avg": 249,
					"count": 1,
					"min": 249,
					"max": 249
				},
				"2024-06-10": {
					"avg": 235,
					"count": 1,
					"min": 235,
					"max": 235
				},
				"2024-06-14": {
					"avg": 257,
					"count": 1,
					"min": 257,
					"max": 257
				},
				"2024-06-15": {
					"avg": 368,
					"count": 1,
					"min": 368,
					"max": 368
				},
				"2024-06-19": {
					"avg": 271,
					"count": 1,
					"min": 271,
					"max": 271
				},
				"2024-06-20": {
					"avg": 361,
					"count": 2,
					"min": 300,
					"max": 422
				},
				"2024-06-27": {
					"avg": 130,
					"count": 1,
					"min": 130,
					"max": 130
				},
				"2024-06-29": {
					"avg": 242,
					"count": 1,
					"min": 242,
					"max": 242
				},
				"2024-06-30": {
					"avg": 345,
					"count": 2,
					"min": 325,
					"max": 364
				},
				"2024-07-02": {
					"avg": 660,
					"count": 2,
					"min": 636,
					"max": 683
				},
				"2024-07-07": {
					"avg": 432,
					"count": 2,
					"min": 195,
					"max": 669
				},
				"2024-07-08": {
					"avg": 166,
					"count": 2,
					"min": 136,
					"max": 195
				},
				"2024-07-10": {
					"avg": 186,
					"count": 1,
					"min": 186,
					"max": 186
				},
				"2024-07-11": {
					"avg": 195,
					"count": 1,
					"min": 195,
					"max": 195
				},
				"2024-07-13": {
					"avg": 160,
					"count": 1,
					"min": 160,
					"max": 160
				},
				"2024-07-15": {
					"avg": 136,
					"count": 1,
					"min": 136,
					"max": 136
				},
				"2024-07-16": {
					"avg": 284,
					"count": 1,
					"min": 284,
					"max": 284
				},
				"2024-07-18": {
					"avg": 208,
					"count": 1,
					"min": 208,
					"max": 208
				},
				"2024-07-20": {
					"avg": 251,
					"count": 1,
					"min": 251,
					"max": 251
				},
				"2024-07-22": {
					"avg": 191,
					"count": 1,
					"min": 191,
					"max": 191
				},
				"2024-07-23": {
					"avg": 266,
					"count": 5,
					"min": 208,
					"max": 288
				},
				"2024-07-24": {
					"avg": 238,
					"count": 2,
					"min": 191,
					"max": 285
				},
				"2024-07-30": {
					"avg": 245,
					"count": 2,
					"min": 165,
					"max": 324
				},
				"2024-08-01": {
					"avg": 321,
					"count": 1,
					"min": 321,
					"max": 321
				},
				"2024-08-02": {
					"avg": 120,
					"count": 1,
					"min": 120,
					"max": 120
				},
				"2024-08-03": {
					"avg": 181,
					"count": 1,
					"min": 181,
					"max": 181
				},
				"2024-08-08": {
					"avg": 262,
					"count": 2,
					"min": 224,
					"max": 300
				},
				"2024-08-14": {
					"avg": 208,
					"count": 1,
					"min": 208,
					"max": 208
				},
				"2024-08-17": {
					"avg": 212,
					"count": 3,
					"min": 174,
					"max": 254
				},
				"2024-08-18": {
					"avg": 127,
					"count": 1,
					"min": 127,
					"max": 127
				},
				"2024-08-19": {
					"avg": 271,
					"count": 1,
					"min": 271,
					"max": 271
				},
				"2024-08-20": {
					"avg": 261,
					"count": 1,
					"min": 261,
					"max": 261
				},
				"2024-08-24": {
					"avg": 222,
					"count": 1,
					"min": 222,
					"max": 222
				},
				"2024-08-25": {
					"avg": 225,
					"count": 1,
					"min": 225,
					"max": 225
				},
				"2024-08-26": {
					"avg": 319,
					"count": 1,
					"min": 319,
					"max": 319
				},
				"2024-08-29": {
					"avg": 147,
					"count": 1,
					"min": 147,
					"max": 147
				},
				"2024-08-30": {
					"avg": 175,
					"count": 1,
					"min": 175,
					"max": 175
				},
				"2024-09-02": {
					"avg": 427,
					"count": 1,
					"min": 427,
					"max": 427
				},
				"2024-09-03": {
					"avg": 254,
					"count": 2,
					"min": 254,
					"max": 254
				},
				"2024-09-06": {
					"avg": 225,
					"count": 1,
					"min": 225,
					"max": 225
				},
				"2024-09-09": {
					"avg": 269,
					"count": 1,
					"min": 269,
					"max": 269
				},
				"2024-09-14": {
					"avg": 327,
					"count": 3,
					"min": 278,
					"max": 389
				},
				"2024-09-19": {
					"avg": 146,
					"count": 1,
					"min": 146,
					"max": 146
				}
			},
			"avg": 268,
			"avg7": -1,
			"avg28": -1
		},
		"normal-nearmint": {
			"history": {
				"2024-05-27": {
					"avg": 391,
					"count": 1,
					"min": 391,
					"max": 391
				},
				"2024-05-29": {
					"avg": 550,
					"count": 1,
					"min": 550,
					"max": 550
				},
				"2024-05-30": {
					"avg": 408,
					"count": 4,
					"min": 290,
					"max": 538
				},
				"2024-06-02": {
					"avg": 590,
					"count": 1,
					"min": 590,
					"max": 590
				},
				"2024-06-04": {
					"avg": 564,
					"count": 2,
					"min": 529,
					"max": 599
				},
				"2024-06-05": {
					"avg": 270,
					"count": 1,
					"min": 270,
					"max": 270
				},
				"2024-06-09": {
					"avg": 446,
					"count": 1,
					"min": 446,
					"max": 446
				},
				"2024-06-10": {
					"avg": 411,
					"count": 1,
					"min": 411,
					"max": 411
				},
				"2024-06-12": {
					"avg": 467,
					"count": 2,
					"min": 375,
					"max": 559
				},
				"2024-06-15": {
					"avg": 594,
					"count": 3,
					"min": 483,
					"max": 699
				},
				"2024-06-16": {
					"avg": 321,
					"count": 1,
					"min": 321,
					"max": 321
				},
				"2024-06-17": {
					"avg": 321,
					"count": 1,
					"min": 321,
					"max": 321
				},
				"2024-06-18": {
					"avg": 699,
					"count": 1,
					"min": 699,
					"max": 699
				},
				"2024-06-19": {
					"avg": 599,
					"count": 1,
					"min": 599,
					"max": 599
				},
				"2024-06-26": {
					"avg": 644,
					"count": 1,
					"min": 644,
					"max": 644
				},
				"2024-06-28": {
					"avg": 599,
					"count": 1,
					"min": 599,
					"max": 599
				},
				"2024-06-29": {
					"avg": 403,
					"count": 2,
					"min": 318,
					"max": 487
				},
				"2024-07-02": {
					"avg": 303,
					"count": 2,
					"min": 199,
					"max": 406
				},
				"2024-07-03": {
					"avg": 347,
					"count": 1,
					"min": 347,
					"max": 347
				},
				"2024-07-06": {
					"avg": 642,
					"count": 2,
					"min": 625,
					"max": 658
				},
				"2024-07-07": {
					"avg": 638,
					"count": 1,
					"min": 638,
					"max": 638
				},
				"2024-07-10": {
					"avg": 476,
					"count": 3,
					"min": 347,
					"max": 666
				},
				"2024-07-11": {
					"avg": 397,
					"count": 1,
					"min": 397,
					"max": 397
				},
				"2024-07-15": {
					"avg": 626,
					"count": 1,
					"min": 626,
					"max": 626
				},
				"2024-07-17": {
					"avg": 524,
					"count": 2,
					"min": 289,
					"max": 758
				},
				"2024-07-19": {
					"avg": 347,
					"count": 1,
					"min": 347,
					"max": 347
				},
				"2024-07-20": {
					"avg": 251,
					"count": 1,
					"min": 251,
					"max": 251
				},
				"2024-07-21": {
					"avg": 251,
					"count": 1,
					"min": 251,
					"max": 251
				},
				"2024-07-22": {
					"avg": 354,
					"count": 2,
					"min": 304,
					"max": 404
				},
				"2024-07-25": {
					"avg": 628,
					"count": 2,
					"min": 628,
					"max": 628
				},
				"2024-07-27": {
					"avg": 286,
					"count": 1,
					"min": 286,
					"max": 286
				},
				"2024-07-28": {
					"avg": 1328,
					"count": 1,
					"min": 1328,
					"max": 1328
				},
				"2024-07-31": {
					"avg": 525,
					"count": 1,
					"min": 525,
					"max": 525
				},
				"2024-08-01": {
					"avg": 347,
					"count": 1,
					"min": 347,
					"max": 347
				},
				"2024-08-08": {
					"avg": 525,
					"count": 1,
					"min": 525,
					"max": 525
				},
				"2024-08-09": {
					"avg": 599,
					"count": 1,
					"min": 599,
					"max": 599
				},
				"2024-08-12": {
					"avg": 347,
					"count": 1,
					"min": 347,
					"max": 347
				},
				"2024-08-14": {
					"avg": 668,
					"count": 1,
					"min": 668,
					"max": 668
				},
				"2024-08-16": {
					"avg": 520,
					"count": 3,
					"min": 296,
					"max": 898
				},
				"2024-08-17": {
					"avg": 473,
					"count": 2,
					"min": 347,
					"max": 599
				},
				"2024-08-19": {
					"avg": 299,
					"count": 1,
					"min": 299,
					"max": 299
				},
				"2024-08-21": {
					"avg": 317,
					"count": 2,
					"min": 240,
					"max": 393
				},
				"2024-08-22": {
					"avg": 296,
					"count": 1,
					"min": 296,
					"max": 296
				},
				"2024-08-23": {
					"avg": 872,
					"count": 3,
					"min": 298,
					"max": 1344
				},
				"2024-08-30": {
					"avg": 388,
					"count": 2,
					"min": 249,
					"max": 526
				},
				"2024-09-01": {
					"avg": 399,
					"count": 1,
					"min": 399,
					"max": 399
				},
				"2024-09-02": {
					"avg": 381,
					"count": 3,
					"min": 348,
					"max": 398
				},
				"2024-09-05": {
					"avg": 518,
					"count": 2,
					"min": 347,
					"max": 688
				},
				"2024-09-07": {
					"avg": 524,
					"count": 1,
					"min": 524,
					"max": 524
				},
				"2024-09-08": {
					"avg": 472,
					"count": 2,
					"min": 287,
					"max": 657
				},
				"2024-09-09": {
					"avg": 812,
					"count": 2,
					"min": 650,
					"max": 974
				},
				"2024-09-11": {
					"avg": 348,
					"count": 1,
					"min": 348,
					"max": 348
				},
				"2024-09-12": {
					"avg": 698,
					"count": 2,
					"min": 697,
					"max": 698
				},
				"2024-09-13": {
					"avg": 697,
					"count": 1,
					"min": 697,
					"max": 697
				},
				"2024-09-14": {
					"avg": 459,
					"count": 5,
					"min": 304,
					"max": 950
				},
				"2024-09-15": {
					"avg": 619,
					"count": 1,
					"min": 619,
					"max": 619
				},
				"2024-09-16": {
					"avg": 619,
					"count": 1,
					"min": 619,
					"max": 619
				},
				"2024-09-17": {
					"avg": 456,
					"count": 3,
					"min": 275,
					"max": 685
				},
				"2024-09-18": {
					"avg": 368,
					"count": 1,
					"min": 368,
					"max": 368
				},
				"2024-09-20": {
					"avg": 518,
					"count": 2,
					"min": 299,
					"max": 737
				},
				"2024-09-21": {
					"avg": 275,
					"count": 1,
					"min": 275,
					"max": 275
				}
			},
			"avg": 497,
			"avg7": -1,
			"avg28": -1
		},
		"normal-used": {
			"history": {
				"2024-06-07": {
					"avg": 199,
					"count": 1,
					"min": 199,
					"max": 199
				},
				"2024-07-01": {
					"avg": 223,
					"count": 1,
					"min": 223,
					"max": 223
				},
				"2024-07-09": {
					"avg": 172,
					"count": 1,
					"min": 172,
					"max": 172
				},
				"2024-08-05": {
					"avg": 214,
					"count": 2,
					"min": 205,
					"max": 222
				},
				"2024-08-08": {
					"avg": 258,
					"count": 1,
					"min": 258,
					"max": 258
				},
				"2024-08-10": {
					"avg": 530,
					"count": 1,
					"min": 530,
					"max": 530
				},
				"2024-09-12": {
					"avg": 191,
					"count": 1,
					"min": 191,
					"max": 191
				},
				"2024-09-14": {
					"avg": 84,
					"count": 1,
					"min": 84,
					"max": 84
				},
				"2024-09-18": {
					"avg": 195,
					"count": 1,
					"min": 195,
					"max": 195
				},
				"2024-09-20": {
					"avg": 656,
					"count": 1,
					"min": 656,
					"max": 656
				}
			},
			"avg": 267,
			"avg7": -1,
			"avg28": -1
		}
	}
}