{
	"data": {
		"normal-good": {
			"history": {
				"2022-11-12": {
					"avg": 305,
					"count": 1
				},
				"2022-11-13": {
					"avg": 242,
					"count": 2
				},
				"2022-11-14": {
					"avg": 150,
					"count": 2
				},
				"2022-11-17": {
					"avg": 260,
					"count": 2
				},
				"2022-11-19": {
					"avg": 499,
					"count": 1,
					"min": 499,
					"max": 499
				},
				"2022-11-20": {
					"avg": 313,
					"count": 1,
					"min": 313,
					"max": 313
				},
				"2022-11-21": {
					"avg": 115,
					"count": 3,
					"min": 114,
					"max": 117
				},
				"2022-11-22": {
					"avg": 445,
					"count": 2,
					"min": 248,
					"max": 642
				},
				"2022-11-24": {
					"avg": 121,
					"count": 1,
					"min": 121,
					"max": 121
				},
				"2022-11-25": {
					"avg": 242,
					"count": 8,
					"min": 150,
					"max": 332
				},
				"2022-11-27": {
					"avg": 362,
					"count": 2,
					"min": 225,
					"max": 499
				},
				"2022-11-28": {
					"avg": 297,
					"count": 2,
					"min": 294,
					"max": 299
				},
				"2022-11-29": {
					"avg": 413,
					"count": 2,
					"min": 230,
					"max": 595
				},
				"2022-11-30": {
					"avg": 230,
					"count": 1,
					"min": 230,
					"max": 230
				},
				"2022-12-04": {
					"avg": 229,
					"count": 2,
					"min": 221,
					"max": 236
				},
				"2022-12-05": {
					"avg": 353,
					"count": 12,
					"min": 216,
					"max": 365
				},
				"2022-12-06": {
					"avg": 236,
					"count": 1,
					"min": 236,
					"max": 236
				},
				"2022-12-07": {
					"avg": 799,
					"count": 1,
					"min": 799,
					"max": 799
				},
				"2022-12-12": {
					"avg": 311,
					"count": 2,
					"min": 236,
					"max": 385
				},
				"2022-12-13": {
					"avg": 255,
					"count": 2,
					"min": 236,
					"max": 274
				},
				"2022-12-15": {
					"avg": 499,
					"count": 1,
					"min": 499,
					"max": 499
				},
				"2022-12-16": {
					"avg": 248,
					"count": 2,
					"min": 236,
					"max": 260
				},
				"2022-12-17": {
					"avg": 344,
					"count": 5,
					"min": 229,
					"max": 625
				},
				"2022-12-22": {
					"avg": 419,
					"count": 2,
					"min": 389,
					"max": 449
				},
				"2022-12-23": {
					"avg": 388,
					"count": 1,
					"min": 388,
					"max": 388
				},
				"2022-12-24": {
					"avg": 377,
					"count": 5,
					"min": 360,
					"max": 389
				},
				"2022-12-25": {
					"avg": 399,
					"count": 1,
					"min": 399,
					"max": 399
				},
				"2022-12-26": {
					"avg": 283,
					"count": 2,
					"min": 268,
					"max": 298
				},
				"2022-12-27": {
					"avg": 261,
					"count": 3,
					"min": 250,
					"max": 267
				},
				"2022-12-28": {
					"avg": 528,
					"count": 3,
					"min": 250,
					"max": 848
				},
				"2022-12-29": {
					"avg": 296,
					"count": 10,
					"min": 241,
					"max": 449
				},
				"2022-12-31": {
					"avg": 381,
					"count": 2,
					"min": 299,
					"max": 463
				},
				"2023-01-01": {
					"avg": 366,
					"count": 2,
					"min": 232,
					"max": 499
				},
				"2023-01-02": {
					"avg": 362,
					"count": 1,
					"min": 362,
					"max": 362
				},
				"2023-01-03": {
					"avg": 381,
					"count": 2,
					"min": 381,
					"max": 381
				},
				"2023-01-04": {
					"avg": 198,
					"count": 1,
					"min": 198,
					"max": 198
				},
				"2023-01-05": {
					"avg": 307,
					"count": 2,
					"min": 239,
					"max": 375
				},
				"2023-01-08": {
					"avg": 292,
					"count": 4,
					"min": 159,
					"max": 428
				},
				"2023-01-10": {
					"avg": 665,
					"count": 2,
					"min": 281,
					"max": 1048
				},
				"2023-01-11": {
					"avg": 497,
					"count": 4,
					"min": 355,
					"max": 848
				},
				"2023-01-12": {
					"avg": 403,
					"count": 2,
					"min": 403,
					"max": 403
				},
				"2023-02-06": {
					"avg": 304,
					"count": 2,
					"min": 184,
					"max": 424
				},
				"2023-02-07": {
					"avg": 126,
					"count": 1,
					"min": 126,
					"max": 126
				},
				"2023-02-11": {
					"avg": 366,
					"count": 3,
					"min": 300,
					"max": 424
				},
				"2023-02-12": {
					"avg": 350,
					"count": 1,
					"min": 350,
					"max": 350
				},
				"2023-02-14": {
					"avg": 325,
					"count": 2,
					"min": 320,
					"max": 329
				},
				"2023-02-16": {
					"avg": 421,
					"count": 1,
					"min": 421,
					"max": 421
				},
				"2023-02-17": {
					"avg": 499,
					"count": 1,
					"min": 499,
					"max": 499
				},
				"2023-02-18": {
					"avg": 284,
					"count": 7,
					"min": 115,
					"max": 420
				},
				"2023-02-19": {
					"avg": 306,
					"count": 3,
					"min": 199,
					"max": 399
				},
				"2023-02-20": {
					"avg": 498,
					"count": 8,
					"min": 298,
					"max": 718
				},
				"2023-02-21": {
					"avg": 199,
					"count": 1,
					"min": 199,
					"max": 199
				},
				"2023-02-23": {
					"avg": 298,
					"count": 2,
					"min": 298,
					"max": 298
				},
				"2023-02-24": {
					"avg": 371,
					"count": 3,
					"min": 199,
					"max": 699
				},
				"2023-02-26": {
					"avg": 474,
					"count": 4,
					"min": 99,
					"max": 749
				},
				"2023-02-27": {
					"avg": 454,
					"count": 3,
					"min": 185,
					"max": 849
				},
				"2023-02-28": {
					"avg": 334,
					"count": 2,
					"min": 318,
					"max": 349
				},
				"2023-03-01": {
					"avg": 479,
					"count": 3,
					"min": 223,
					"max": 990
				},
				"2023-03-02": {
					"avg": 361,
					"count": 2,
					"min": 297,
					"max": 424
				},
				"2023-03-03": {
					"avg": 330,
					"count": 3,
					"min": 223,
					"max": 499
				},
				"2023-03-04": {
					"avg": 390,
					"count": 1,
					"min": 390,
					"max": 390
				},
				"2023-03-05": {
					"avg": 361,
					"count": 3,
					"min": 327,
					"max": 420
				},
				"2023-03-06": {
					"avg": 403,
					"count": 2,
					"min": 338,
					"max": 468
				},
				"2023-03-07": {
					"avg": 294,
					"count": 2,
					"min": 117,
					"max": 470
				},
				"2023-03-09": {
					"avg": 574,
					"count": 1,
					"min": 574,
					"max": 574
				},
				"2023-03-11": {
					"avg": 339,
					"count": 3,
					"min": 225,
					"max": 466
				},
				"2023-03-12": {
					"avg": 479,
					"count": 1,
					"min": 479,
					"max": 479
				},
				"2023-03-13": {
					"avg": 330,
					"count": 4,
					"min": 200,
					"max": 495
				},
				"2023-03-14": {
					"avg": 296,
					"count": 3,
					"min": 238,
					"max": 334
				},
				"2023-03-15": {
					"avg": 374,
					"count": 3,
					"min": 265,
					"max": 485
				},
				"2023-03-17": {
					"avg": 300,
					"count": 1,
					"min": 300,
					"max": 300
				},
				"2023-03-18": {
					"avg": 346,
					"count": 1,
					"min": 346,
					"max": 346
				},
				"2023-03-19": {
					"avg": 449,
					"count": 3,
					"min": 374,
					"max": 487
				},
				"2023-03-20": {
					"avg": 363,
					"count": 2,
					"min": 327,
					"max": 399
				},
				"2023-03-21": {
					"avg": 673,
					"count": 1,
					"min": 673,
					"max": 673
				},
				"2023-03-22": {
					"avg": 385,
					"count": 1,
					"min": 385,
					"max": 385
				},
				"2023-03-24": {
					"avg": 497,
					"count": 2,
					"min": 495,
					"max": 500
				},
				"2023-03-25": {
					"avg": 338,
					"count": 2,
					"min": 294,
					"max": 382
				},
				"2023-03-26": {
					"avg": 169,
					"count": 1,
					"min": 169,
					"max": 169
				},
				"2023-03-27": {
					"avg": 145,
					"count": 1,
					"min": 145,
					"max": 145
				},
				"2023-03-28": {
					"avg": 179,
					"count": 1,
					"min": 179,
					"max": 179
				},
				"2023-03-29": {
					"avg": 262,
					"count": 2,
					"min": 200,
					"max": 324
				},
				"2023-03-31": {
					"avg": 536,
					"count": 2,
					"min": 474,
					"max": 597
				},
				"2023-04-01": {
					"avg": 523,
					"count": 3,
					"min": 375,
					"max": 597
				},
				"2023-04-02": {
					"avg": 212,
					"count": 1,
					"min": 212,
					"max": 212
				},
				"2023-04-03": {
					"avg": 371,
					"count": 2,
					"min": 366,
					"max": 375
				},
				"2023-04-04": {
					"avg": 486,
					"count": 2,
					"min": 373,
					"max": 598
				},
				"2023-04-05": {
					"avg": 673,
					"count": 1,
					"min": 673,
					"max": 673
				},
				"2023-04-06": {
					"avg": 378,
					"count": 1,
					"min": 378,
					"max": 378
				},
				"2023-04-07": {
					"avg": 198,
					"count": 3,
					"min": 125,
					"max": 325
				},
				"2023-04-08": {
					"avg": 263,
					"count": 3,
					"min": 149,
					"max": 399
				},
				"2023-04-09": {
					"avg": 237,
					"count": 2,
					"min": 237,
					"max": 237
				},
				"2023-04-10": {
					"avg": 226,
					"count": 1,
					"min": 226,
					"max": 226
				},
				"2023-04-13": {
					"avg": 375,
					"count": 11,
					"min": 242,
					"max": 528
				},
				"2023-04-14": {
					"avg": 275,
					"count": 1,
					"min": 275,
					"max": 275
				},
				"2023-04-15": {
					"avg": 512,
					"count": 2,
					"min": 226,
					"max": 797
				},
				"2023-04-16": {
					"avg": 741,
					"count": 3,
					"min": 624,
					"max": 949
				},
				"2023-04-17": {
					"avg": 221,
					"count": 2,
					"min": 126,
					"max": 315
				},
				"2023-04-18": {
					"avg": 338,
					"count": 1,
					"min": 338,
					"max": 338
				},
				"2023-04-23": {
					"avg": 267,
					"count": 6,
					"min": 199,
					"max": 449
				},
				"2023-04-25": {
					"avg": 298,
					"count": 1,
					"min": 298,
					"max": 298
				},
				"2023-04-26": {
					"avg": 243,
					"count": 1,
					"min": 243,
					"max": 243
				},
				"2023-04-29": {
					"avg": 619,
					"count": 1,
					"min": 619,
					"max": 619
				},
				"2023-04-30": {
					"avg": 410,
					"count": 2,
					"min": 374,
					"max": 445
				},
				"2023-05-01": {
					"avg": 474,
					"count": 1,
					"min": 474,
					"max": 474
				},
				"2023-05-04": {
					"avg": 493,
					"count": 8,
					"min": 139,
					"max": 867
				},
				"2023-05-05": {
					"avg": 195,
					"count": 3,
					"min": 152,
					"max": 270
				},
				"2023-05-06": {
					"avg": 286,
					"count": 4,
					"min": 115,
					"max": 381
				},
				"2023-05-08": {
					"avg": 244,
					"count": 1,
					"min": 244,
					"max": 244
				},
				"2023-05-09": {
					"avg": 234,
					"count": 2,
					"min": 150,
					"max": 318
				},
				"2023-05-10": {
					"avg": 333,
					"count": 3,
					"min": 250,
					"max": 499
				},
				"2023-05-11": {
					"avg": 561,
					"count": 2,
					"min": 325,
					"max": 797
				},
				"2023-05-14": {
					"avg": 325,
					"count": 3,
					"min": 195,
					"max": 476
				},
				"2023-05-15": {
					"avg": 236,
					"count": 1,
					"min": 236,
					"max": 236
				},
				"2023-05-17": {
					"avg": 413,
					"count": 6,
					"min": 269,
					"max": 499
				},
				"2023-05-18": {
					"avg": 333,
					"count": 3,
					"min": 324,
					"max": 350
				},
				"2023-05-19": {
					"avg": 754,
					"count": 3,
					"min": 216,
					"max": 1198
				},
				"2023-05-20": {
					"avg": 399,
					"count": 4,
					"min": 335,
					"max": 551
				},
				"2023-05-21": {
					"avg": 551,
					"count": 1,
					"min": 551,
					"max": 551
				},
				"2023-05-23": {
					"avg": 225,
					"count": 1,
					"min": 225,
					"max": 225
				},
				"2023-05-25": {
					"avg": 295,
					"count": 1,
					"min": 295,
					"max": 295
				},
				"2023-05-26": {
					"avg": 442,
					"count": 2,
					"min": 294,
					"max": 589
				},
				"2023-05-28": {
					"avg": 299,
					"count": 2,
					"min": 260,
					"max": 337
				},
				"2023-05-29": {
					"avg": 317,
					"count": 3,
					"min": 153,
					"max": 420
				},
				"2023-05-30": {
					"avg": 651,
					"count": 2,
					"min": 551,
					"max": 750
				},
				"2023-05-31": {
					"avg": 420,
					"count": 2,
					"min": 289,
					"max": 551
				},
				"2023-06-01": {
					"avg": 225,
					"count": 1,
					"min": 225,
					"max": 225
				},
				"2023-06-03": {
					"avg": 500,
					"count": 3,
					"min": 399,
					"max": 551
				},
				"2023-06-06": {
					"avg": 281,
					"count": 8,
					"min": 69,
					"max": 649
				},
				"2023-06-08": {
					"avg": 285,
					"count": 3,
					"min": 116,
					"max": 514
				},
				"2023-06-09": {
					"avg": 259,
					"count": 1,
					"min": 259,
					"max": 259
				},
				"2023-06-11": {
					"avg": 239,
					"count": 2,
					"min": 154,
					"max": 324
				},
				"2023-06-13": {
					"avg": 797,
					"count": 1,
					"min": 797,
					"max": 797
				},
				"2023-06-14": {
					"avg": 145,
					"count": 3,
					"min": 98,
					"max": 198
				},
				"2023-06-16": {
					"avg": 307,
					"count": 4,
					"min": 153,
					"max": 599
				},
				"2023-06-17": {
					"avg": 649,
					"count": 1,
					"min": 649,
					"max": 649
				},
				"2023-06-18": {
					"avg": 152,
					"count": 1,
					"min": 152,
					"max": 152
				},
				"2023-06-20": {
					"avg": 699,
					"count": 1,
					"min": 699,
					"max": 699
				},
				"2023-06-22": {
					"avg": 237,
					"count": 1,
					"min": 237,
					"max": 237
				},
				"2023-06-23": {
					"avg": 394,
					"count": 3,
					"min": 297,
					"max": 589
				},
				"2023-06-26": {
					"avg": 228,
					"count": 2,
					"min": 198,
					"max": 257
				},
				"2023-06-28": {
					"avg": 112,
					"count": 2,
					"min": 99,
					"max": 124
				},
				"2023-06-29": {
					"avg": 1045,
					"count": 1,
					"min": 1045,
					"max": 1045
				},
				"2023-06-30": {
					"avg": 340,
					"count": 1,
					"min": 340,
					"max": 340
				},
				"2023-07-01": {
					"avg": 559,
					"count": 2,
					"min": 320,
					"max": 797
				},
				"2023-07-02": {
					"avg": 353,
					"count": 2,
					"min": 346,
					"max": 359
				},
				"2023-07-03": {
					"avg": 514,
					"count": 4,
					"min": 299,
					"max": 913
				},
				"2023-07-04": {
					"avg": 197,
					"count": 1,
					"min": 197,
					"max": 197
				},
				"2023-07-06": {
					"avg": 797,
					"count": 1,
					"min": 797,
					"max": 797
				},
				"2023-07-07": {
					"avg": 162,
					"count": 1,
					"min": 162,
					"max": 162
				},
				"2023-07-09": {
					"avg": 194,
					"count": 2,
					"min": 178,
					"max": 210
				},
				"2023-07-10": {
					"avg": 601,
					"count": 4,
					"min": 167,
					"max": 799
				},
				"2023-07-11": {
					"avg": 275,
					"count": 1,
					"min": 275,
					"max": 275
				},
				"2023-07-12": {
					"avg": 300,
					"count": 1,
					"min": 300,
					"max": 300
				},
				"2023-07-13": {
					"avg": 480,
					"count": 2,
					"min": 274,
					"max": 685
				},
				"2023-07-14": {
					"avg": 185,
					"count": 2,
					"min": 155,
					"max": 215
				},
				"2023-07-16": {
					"avg": 1206,
					"count": 1,
					"min": 1206,
					"max": 1206
				},
				"2023-07-19": {
					"avg": 187,
					"count": 2,
					"min": 125,
					"max": 248
				},
				"2023-07-20": {
					"avg": 299,
					"count": 2,
					"min": 298,
					"max": 299
				},
				"2023-07-21": {
					"avg": 210,
					"count": 1,
					"min": 210,
					"max": 210
				},
				"2023-07-22": {
					"avg": 246,
					"count": 1,
					"min": 246,
					"max": 246
				},
				"2023-07-23": {
					"avg": 341,
					"count": 4,
					"min": 195,
					"max": 577
				},
				"2023-07-25": {
					"avg": 323,
					"count": 4,
					"min": 221,
					"max": 395
				},
				"2023-07-26": {
					"avg": 349,
					"count": 1,
					"min": 349,
					"max": 349
				},
				"2023-07-27": {
					"avg": 297,
					"count": 2,
					"min": 195,
					"max": 399
				},
				"2023-07-29": {
					"avg": 412,
					"count": 2,
					"min": 215,
					"max": 608
				},
				"2023-07-30": {
					"avg": 215,
					"count": 1,
					"min": 215,
					"max": 215
				},
				"2023-07-31": {
					"avg": 225,
					"count": 1,
					"min": 225,
					"max": 225
				},
				"2023-08-01": {
					"avg": 712,
					"count": 1,
					"min": 712,
					"max": 712
				},
				"2023-08-02": {
					"avg": 376,
					"count": 2,
					"min": 252,
					"max": 499
				},
				"2023-08-03": {
					"avg": 245,
					"count": 3,
					"min": 70,
					"max": 395
				},
				"2023-08-04": {
					"avg": 395,
					"count": 1,
					"min": 395,
					"max": 395
				},
				"2023-08-05": {
					"avg": 348,
					"count": 2,
					"min": 197,
					"max": 499
				},
				"2023-08-06": {
					"avg": 421,
					"count": 4,
					"min": 173,
					"max": 895
				},
				"2023-08-09": {
					"avg": 247,
					"count": 8,
					"min": 104,
					"max": 424
				},
				"2023-08-10": {
					"avg": 221,
					"count": 3,
					"min": 191,
					"max": 280
				},
				"2023-08-12": {
					"avg": 311,
					"count": 3,
					"min": 138,
					"max": 606
				},
				"2023-08-14": {
					"avg": 381,
					"count": 2,
					"min": 329,
					"max": 432
				},
				"2023-08-15": {
					"avg": 185,
					"count": 3,
					"min": 145,
					"max": 221
				},
				"2023-08-16": {
					"avg": 580,
					"count": 10,
					"min": 190,
					"max": 1800
				},
				"2023-08-17": {
					"avg": 215,
					"count": 2,
					"min": 190,
					"max": 239
				},
				"2023-08-18": {
					"avg": 197,
					"count": 2,
					"min": 99,
					"max": 294
				},
				"2023-08-19": {
					"avg": 427,
					"count": 3,
					"min": 275,
					"max": 706
				},
				"2023-08-20": {
					"avg": 478,
					"count": 3,
					"min": 78,
					"max": 936
				},
				"2023-08-23": {
					"avg": 166,
					"count": 1,
					"min": 166,
					"max": 166
				},
				"2023-08-24": {
					"avg": 247,
					"count": 2,
					"min": 198,
					"max": 295
				},
				"2023-08-26": {
					"avg": 166,
					"count": 3,
					"min": 130,
					"max": 219
				},
				"2023-08-27": {
					"avg": 297,
					"count": 2,
					"min": 135,
					"max": 459
				},
				"2023-08-28": {
					"avg": 223,
					"count": 7,
					"min": 138,
					"max": 326
				},
				"2023-08-29": {
					"avg": 568,
					"count": 2,
					"min": 327,
					"max": 809
				},
				"2023-08-30": {
					"avg": 300,
					"count": 3,
					"min": 300,
					"max": 300
				},
				"2023-08-31": {
					"avg": 219,
					"count": 2,
					"min": 118,
					"max": 320
				},
				"2023-09-02": {
					"avg": 118,
					"count": 1,
					"min": 118,
					"max": 118
				},
				"2023-09-03": {
					"avg": 317,
					"count": 1,
					"min": 317,
					"max": 317
				},
				"2023-09-04": {
					"avg": 327,
					"count": 1,
					"min": 327,
					"max": 327
				},
				"2023-09-08": {
					"avg": 316,
					"count": 1,
					"min": 316,
					"max": 316
				},
				"2023-09-09": {
					"avg": 366,
					"count": 3,
					"min": 211,
					"max": 489
				},
				"2023-09-10": {
					"avg": 303,
					"count": 2,
					"min": 295,
					"max": 310
				},
				"2023-09-11": {
					"avg": 295,
					"count": 5,
					"min": 117,
					"max": 399
				},
				"2023-09-12": {
					"avg": 528,
					"count": 1,
					"min": 528,
					"max": 528
				},
				"2023-09-14": {
					"avg": 245,
					"count": 3,
					"min": 161,
					"max": 399
				},
				"2023-09-15": {
					"avg": 144,
					"count": 1,
					"min": 144,
					"max": 144
				},
				"2023-09-16": {
					"avg": 305,
					"count": 4,
					"min": 305,
					"max": 305
				},
				"2023-09-17": {
					"avg": 434,
					"count": 2,
					"min": 85,
					"max": 783
				},
				"2023-09-19": {
					"avg": 392,
					"count": 3,
					"min": 327,
					"max": 499
				},
				"2023-09-21": {
					"avg": 774,
					"count": 1,
					"min": 774,
					"max": 774
				},
				"2023-09-22": {
					"avg": 413,
					"count": 2,
					"min": 331,
					"max": 495
				},
				"2023-09-25": {
					"avg": 450,
					"count": 2,
					"min": 301,
					"max": 598
				},
				"2023-09-26": {
					"avg": 484,
					"count": 1,
					"min": 484,
					"max": 484
				},
				"2023-09-27": {
					"avg": 139,
					"count": 1,
					"min": 139,
					"max": 139
				},
				"2023-09-28": {
					"avg": 412,
					"count": 3,
					"min": 150,
					"max": 698
				},
				"2023-09-29": {
					"avg": 233,
					"count": 3,
					"min": 173,
					"max": 327
				},
				"2023-09-30": {
					"avg": 1470,
					"count": 4,
					"min": 172,
					"max": 2205
				},
				"2023-10-01": {
					"avg": 454,
					"count": 2,
					"min": 298,
					"max": 610
				},
				"2023-10-02": {
					"avg": 455,
					"count": 2,
					"min": 248,
					"max": 661
				},
				"2023-10-04": {
					"avg": 574,
					"count": 1,
					"min": 574,
					"max": 574
				},
				"2023-10-05": {
					"avg": 267,
					"count": 5,
					"min": 185,
					"max": 495
				},
				"2023-10-06": {
					"avg": 371,
					"count": 7,
					"min": 172,
					"max": 665
				},
				"2023-10-07": {
					"avg": 286,
					"count": 5,
					"min": 79,
					"max": 564
				},
				"2023-10-08": {
					"avg": 585,
					"count": 2,
					"min": 271,
					"max": 899
				},
				"2023-10-09": {
					"avg": 330,
					"count": 3,
					"min": 199,
					"max": 493
				},
				"2023-10-10": {
					"avg": 177,
					"count": 2,
					"min": 173,
					"max": 180
				},
				"2023-10-11": {
					"avg": 343,
					"count": 2,
					"min": 190,
					"max": 497
				},
				"2023-10-12": {
					"avg": 173,
					"count": 1,
					"min": 173,
					"max": 173
				},
				"2023-10-13": {
					"avg": 361,
					"count": 8,
					"min": 252,
					"max": 602
				},
				"2023-10-16": {
					"avg": 675,
					"count": 1,
					"min": 675,
					"max": 675
				},
				"2023-10-17": {
					"avg": 506,
					"count": 1,
					"min": 506,
					"max": 506
				},
				"2023-10-18": {
					"avg": 271,
					"count": 2,
					"min": 221,
					"max": 321
				},
				"2023-10-19": {
					"avg": 278,
					"count": 1,
					"min": 278,
					"max": 278
				},
				"2023-10-20": {
					"avg": 149,
					"count": 1,
					"min": 149,
					"max": 149
				},
				"2023-10-22": {
					"avg": 237,
					"count": 1,
					"min": 237,
					"max": 237
				},
				"2023-10-25": {
					"avg": 256,
					"count": 2,
					"min": 237,
					"max": 274
				},
				"2023-10-27": {
					"avg": 405,
					"count": 3,
					"min": 190,
					"max": 652
				},
				"2023-10-28": {
					"avg": 350,
					"count": 3,
					"min": 188,
					"max": 624
				},
				"2023-10-29": {
					"avg": 234,
					"count": 1,
					"min": 234,
					"max": 234
				},
				"2023-10-30": {
					"avg": 495,
					"count": 2,
					"min": 292,
					"max": 698
				},
				"2023-10-31": {
					"avg": 421,
					"count": 7,
					"min": 138,
					"max": 624
				},
				"2023-11-01": {
					"avg": 610,
					"count": 1,
					"min": 610,
					"max": 610
				},
				"2023-11-02": {
					"avg": 197,
					"count": 1,
					"min": 197,
					"max": 197
				},
				"2023-11-03": {
					"avg": 795,
					"count": 1,
					"min": 795,
					"max": 795
				},
				"2023-11-04": {
					"avg": 581,
					"count": 1,
					"min": 581,
					"max": 581
				},
				"2023-11-05": {
					"avg": 125,
					"count": 1,
					"min": 125,
					"max": 125
				},
				"2023-11-06": {
					"avg": 299,
					"count": 2,
					"min": 98,
					"max": 499
				},
				"2023-11-08": {
					"avg": 399,
					"count": 1,
					"min": 399,
					"max": 399
				},
				"2023-11-09": {
					"avg": 213,
					"count": 3,
					"min": 149,
					"max": 296
				},
				"2023-11-10": {
					"avg": 432,
					"count": 1,
					"min": 432,
					"max": 432
				},
				"2023-11-12": {
					"avg": 318,
					"count": 2,
					"min": 173,
					"max": 463
				},
				"2023-11-14": {
					"avg": 396,
					"count": 2,
					"min": 392,
					"max": 399
				},
				"2023-11-15": {
					"avg": 356,
					"count": 4,
					"min": 279,
					"max": 432
				},
				"2023-11-16": {
					"avg": 190,
					"count": 2,
					"min": 164,
					"max": 217
				},
				"2023-11-18": {
					"avg": 222,
					"count": 2,
					"min": 74,
					"max": 370
				},
				"2023-11-19": {
					"avg": 272,
					"count": 3,
					"min": 145,
					"max": 381
				},
				"2023-11-20": {
					"avg": 485,
					"count": 1,
					"min": 485,
					"max": 485
				},
				"2023-11-21": {
					"avg": 145,
					"count": 1,
					"min": 145,
					"max": 145
				},
				"2023-11-22": {
					"avg": 490,
					"count": 4,
					"min": 299,
					"max": 798
				},
				"2023-11-23": {
					"avg": 70,
					"count": 1,
					"min": 70,
					"max": 70
				},
				"2023-11-24": {
					"avg": 266,
					"count": 32,
					"min": 100,
					"max": 499
				},
				"2023-11-25": {
					"avg": 386,
					"count": 1,
					"min": 386,
					"max": 386
				},
				"2023-11-27": {
					"avg": 446,
					"count": 2,
					"min": 392,
					"max": 499
				},
				"2024-05-17": {
					"avg": 374,
					"count": 5,
					"min": 208,
					"max": 499
				},
				"2024-05-18": {
					"avg": 405,
					"count": 1,
					"min": 405,
					"max": 405
				},
				"2024-05-19": {
					"avg": 349,
					"count": 1,
					"min": 349,
					"max": 349
				},
				"2024-05-20": {
					"avg": 290,
					"count": 3,
					"min": 186,
					"max": 471
				},
				"2024-05-21": {
					"avg": 352,
					"count": 5,
					"min": 285,
					"max": 369
				},
				"2024-05-22": {
					"avg": 335,
					"count": 3,
					"min": 290,
					"max": 405
				},
				"2024-05-24": {
					"avg": 199,
					"count": 1,
					"min": 199,
					"max": 199
				},
				"2024-05-25": {
					"avg": 281,
					"count": 1,
					"min": 281,
					"max": 281
				},
				"2024-05-26": {
					"avg": 233,
					"count": 2,
					"min": 199,
					"max": 266
				},
				"2024-05-27": {
					"avg": 365,
					"count": 1,
					"min": 365,
					"max": 365
				},
				"2024-05-29": {
					"avg": 342,
					"count": 2,
					"min": 180,
					"max": 504
				},
				"2024-05-30": {
					"avg": 386,
					"count": 1,
					"min": 386,
					"max": 386
				},
				"2024-05-31": {
					"avg": 508,
					"count": 2,
					"min": 442,
					"max": 574
				},
				"2024-06-03": {
					"avg": 332,
					"count": 1,
					"min": 332,
					"max": 332
				},
				"2024-06-04": {
					"avg": 262,
					"count": 4,
					"min": 173,
					"max": 368
				},
				"2024-06-06": {
					"avg": 289,
					"count": 2,
					"min": 210,
					"max": 368
				},
				"2024-06-07": {
					"avg": 343,
					"count": 1,
					"min": 343,
					"max": 343
				},
				"2024-06-08": {
					"avg": 374,
					"count": 1,
					"min": 374,
					"max": 374
				},
				"2024-06-09": {
					"avg": 449,
					"count": 1,
					"min": 449,
					"max": 449
				},
				"2024-06-10": {
					"avg": 345,
					"count": 1,
					"min": 345,
					"max": 345
				},
				"2024-06-12": {
					"avg": 389,
					"count": 1,
					"min": 389,
					"max": 389
				},
				"2024-06-13": {
					"avg": 285,
					"count": 1,
					"min": 285,
					"max": 285
				},
				"2024-06-14": {
					"avg": 203,
					"count": 1,
					"min": 203,
					"max": 203
				},
				"2024-06-18": {
					"avg": 329,
					"count": 2,
					"min": 223,
					"max": 434
				},
				"2024-06-21": {
					"avg": 281,
					"count": 1,
					"min": 281,
					"max": 281
				},
				"2024-06-22": {
					"avg": 302,
					"count": 1,
					"min": 302,
					"max": 302
				},
				"2024-06-23": {
					"avg": 438,
					"count": 1,
					"min": 438,
					"max": 438
				},
				"2024-06-24": {
					"avg": 380,
					"count": 1,
					"min": 380,
					"max": 380
				},
				"2024-06-26": {
					"avg": 308,
					"count": 1,
					"min": 308,
					"max": 308
				},
				"2024-06-29": {
					"avg": 422,
					"count": 1,
					"min": 422,
					"max": 422
				},
				"2024-07-01": {
					"avg": 369,
					"count": 1,
					"min": 369,
					"max": 369
				},
				"2024-07-02": {
					"avg": 532,
					"count": 1,
					"min": 532,
					"max": 532
				},
				"2024-07-03": {
					"avg": 522,
					"count": 3,
					"min": 460,
					"max": 647
				},
				"2024-07-05": {
					"avg": 309,
					"count": 2,
					"min": 299,
					"max": 318
				},
				"2024-07-10": {
					"avg": 225,
					"count": 1,
					"min": 225,
					"max": 225
				},
				"2024-07-11": {
					"avg": 350,
					"count": 2,
					"min": 225,
					"max": 475
				},
				"2024-07-15": {
					"avg": 429,
					"count": 1,
					"min": 429,
					"max": 429
				},
				"2024-07-16": {
					"avg": 365,
					"count": 1,
					"min": 365,
					"max": 365
				},
				"2024-07-17": {
					"avg": 212,
					"count": 1,
					"min": 212,
					"max": 212
				},
				"2024-07-18": {
					"avg": 405,
					"count": 1,
					"min": 405,
					"max": 405
				},
				"2024-07-19": {
					"avg": 349,
					"count": 1,
					"min": 349,
					"max": 349
				},
				"2024-07-20": {
					"avg": 328,
					"count": 2,
					"min": 199,
					"max": 457
				},
				"2024-07-21": {
					"avg": 323,
					"count": 3,
					"min": 311,
					"max": 332
				},
				"2024-07-23": {
					"avg": 467,
					"count": 1,
					"min": 467,
					"max": 467
				},
				"2024-07-24": {
					"avg": 345,
					"count": 1,
					"min": 345,
					"max": 345
				},
				"2024-07-25": {
					"avg": 487,
					"count": 1,
					"min": 487,
					"max": 487
				},
				"2024-07-29": {
					"avg": 298,
					"count": 1,
					"min": 298,
					"max": 298
				},
				"2024-07-30": {
					"avg": 367,
					"count": 2,
					"min": 363,
					"max": 371
				},
				"2024-08-01": {
					"avg": 367,
					"count": 3,
					"min": 318,
					"max": 439
				},
				"2024-08-02": {
					"avg": 370,
					"count": 1,
					"min": 370,
					"max": 370
				},
				"2024-08-03": {
					"avg": 299,
					"count": 1,
					"min": 299,
					"max": 299
				},
				"2024-08-04": {
					"avg": 526,
					"count": 3,
					"min": 309,
					"max": 945
				},
				"2024-08-05": {
					"avg": 439,
					"count": 1,
					"min": 439,
					"max": 439
				},
				"2024-08-09": {
					"avg": 313,
					"count": 2,
					"min": 299,
					"max": 327
				},
				"2024-08-10": {
					"avg": 395,
					"count": 2,
					"min": 325,
					"max": 464
				},
				"2024-08-11": {
					"avg": 435,
					"count": 1,
					"min": 435,
					"max": 435
				},
				"2024-08-13": {
					"avg": 318,
					"count": 1,
					"min": 318,
					"max": 318
				},
				"2024-08-15": {
					"avg": 360,
					"count": 1,
					"min": 360,
					"max": 360
				},
				"2024-08-16": {
					"avg": 330,
					"count": 1,
					"min": 330,
					"max": 330
				},
				"2024-08-20": {
					"avg": 389,
					"count": 7,
					"min": 208,
					"max": 462
				},
				"2024-08-27": {
					"avg": 252,
					"count": 1,
					"min": 252,
					"max": 252
				},
				"2024-08-29": {
					"avg": 266,
					"count": 2,
					"min": 225,
					"max": 307
				},
				"2024-08-30": {
					"avg": 252,
					"count": 1,
					"min": 252,
					"max": 252
				},
				"2024-08-31": {
					"avg": 247,
					"count": 1,
					"min": 247,
					"max": 247
				},
				"2024-09-01": {
					"avg": 252,
					"count": 1,
					"min": 252,
					"max": 252
				},
				"2024-09-02": {
					"avg": 308,
					"count": 1,
					"min": 308,
					"max": 308
				},
				"2024-09-03": {
					"avg": 342,
					"count": 3,
					"min": 252,
					"max": 447
				},
				"2024-09-06": {
					"avg": 370,
					"count": 2,
					"min": 308,
					"max": 432
				},
				"2024-09-08": {
					"avg": 299,
					"count": 1,
					"min": 299,
					"max": 299
				},
				"2024-09-09": {
					"avg": 270,
					"count": 1,
					"min": 270,
					"max": 270
				},
				"2024-09-10": {
					"avg": 435,
					"count": 3,
					"min": 280,
					"max": 746
				},
				"2024-09-12": {
					"avg": 435,
					"count": 1,
					"min": 435,
					"max": 435
				},
				"2024-09-13": {
					"avg": 326,
					"count": 1,
					"min": 326,
					"max": 326
				},
				"2024-09-14": {
					"avg": 216,
					"count": 3,
					"min": 181,
					"max": 286
				},
				"2024-09-16": {
					"avg": 268,
					"count": 3,
					"min": 181,
					"max": 349
				},
				"2024-09-17": {
					"avg": 378,
					"count": 2,
					"min": 325,
					"max": 430
				},
				"2024-09-19": {
					"avg": 477,
					"count": 1,
					"min": 477,
					"max": 477
				},
				"2024-09-20": {
					"avg": 548,
					"count": 1,
					"min": 548,
					"max": 548
				},
				"2024-09-21": {
					"avg": 337,
					"count": 3,
					"min": 299,
					"max": 412
				}
			},
			"avg": 358,
			"avg7": 348,
			"avg28": 348
		},
		"normal-used": {
			"history": {
				"2024-05-25": {
					"avg": 225,
					"count": 1,
					"min": 225,
					"max": 225
				},
				"2024-05-27": {
					"avg": 209,
					"count": 1,
					"min": 209,
					"max": 209
				},
				"2024-06-08": {
					"avg": 273,
					"count": 1,
					"min": 273,
					"max": 273
				},
				"2024-07-06": {
					"avg": 127,
					"count": 2,
					"min": 95,
					"max": 159
				},
				"2024-07-09": {
					"avg": 253,
					"count": 2,
					"min": 224,
					"max": 281
				},
				"2024-07-18": {
					"avg": 127,
					"count": 1,
					"min": 127,
					"max": 127
				},
				"2024-07-21": {
					"avg": 204,
					"count": 1,
					"min": 204,
					"max": 204
				},
				"2024-08-01": {
					"avg": 263,
					"count": 1,
					"min": 263,
					"max": 263
				},
				"2024-08-08": {
					"avg": 200,
					"count": 1,
					"min": 200,
					"max": 200
				},
				"2024-08-09": {
					"avg": 229,
					"count": 1,
					"min": 229,
					"max": 229
				},
				"2024-08-15": {
					"avg": 423,
					"count": 1,
					"min": 423,
					"max": 423
				},
				"2024-08-25": {
					"avg": 249,
					"count": 1,
					"min": 249,
					"max": 249
				},
				"2024-08-26": {
					"avg": 100,
					"count": 1,
					"min": 100,
					"max": 100
				},
				"2024-09-21": {
					"avg": 357,
					"count": 1,
					"min": 357,
					"max": 357
				}
			},
			"avg": 226,
			"avg7": -1,
			"avg28": -1
		},
		"normal-poor": {
			"history": {
				"2024-05-25": {
					"avg": 302,
					"count": 1,
					"min": 302,
					"max": 302
				},
				"2024-06-08": {
					"avg": 70,
					"count": 1,
					"min": 70,
					"max": 70
				},
				"2024-06-20": {
					"avg": 604,
					"count": 1,
					"min": 604,
					"max": 604
				},
				"2024-06-25": {
					"avg": 302,
					"count": 1,
					"min": 302,
					"max": 302
				},
				"2024-07-01": {
					"avg": 542,
					"count": 1,
					"min": 542,
					"max": 542
				},
				"2024-07-02": {
					"avg": 79,
					"count": 2,
					"min": 79,
					"max": 79
				},
				"2024-07-05": {
					"avg": 79,
					"count": 1,
					"min": 79,
					"max": 79
				},
				"2024-07-16": {
					"avg": 100,
					"count": 1,
					"min": 100,
					"max": 100
				},
				"2024-07-29": {
					"avg": 100,
					"count": 1,
					"min": 100,
					"max": 100
				},
				"2024-08-09": {
					"avg": 354,
					"count": 1,
					"min": 354,
					"max": 354
				},
				"2024-08-11": {
					"avg": 106,
					"count": 1,
					"min": 106,
					"max": 106
				},
				"2024-08-15": {
					"avg": 106,
					"count": 1,
					"min": 106,
					"max": 106
				},
				"2024-08-23": {
					"avg": 198,
					"count": 1,
					"min": 198,
					"max": 198
				},
				"2024-08-26": {
					"avg": 344,
					"count": 1,
					"min": 344,
					"max": 344
				},
				"2024-09-02": {
					"avg": 229,
					"count": 1,
					"min": 229,
					"max": 229
				},
				"2024-09-14": {
					"avg": 111,
					"count": 1,
					"min": 111,
					"max": 111
				},
				"2024-09-22": {
					"avg": 279,
					"count": 1,
					"min": 279,
					"max": 279
				}
			},
			"avg": 221,
			"avg7": -1,
			"avg28": -1
		},
		"normal-nearmint": {
			"history": {
				"2024-05-25": {
					"avg": 710,
					"count": 1,
					"min": 710,
					"max": 710
				},
				"2024-05-30": {
					"avg": 448,
					"count": 3,
					"min": 399,
					"max": 538
				},
				"2024-06-02": {
					"avg": 400,
					"count": 1,
					"min": 400,
					"max": 400
				},
				"2024-06-03": {
					"avg": 499,
					"count": 1,
					"min": 499,
					"max": 499
				},
				"2024-06-08": {
					"avg": 499,
					"count": 1,
					"min": 499,
					"max": 499
				},
				"2024-06-09": {
					"avg": 430,
					"count": 1,
					"min": 430,
					"max": 430
				},
				"2024-06-12": {
					"avg": 498,
					"count": 1,
					"min": 498,
					"max": 498
				},
				"2024-06-15": {
					"avg": 498,
					"count": 1,
					"min": 498,
					"max": 498
				},
				"2024-06-17": {
					"avg": 266,
					"count": 1,
					"min": 266,
					"max": 266
				},
				"2024-06-18": {
					"avg": 590,
					"count": 1,
					"min": 590,
					"max": 590
				},
				"2024-06-21": {
					"avg": 145,
					"count": 2,
					"min": 145,
					"max": 145
				},
				"2024-06-24": {
					"avg": 347,
					"count": 1,
					"min": 347,
					"max": 347
				},
				"2024-06-26": {
					"avg": 299,
					"count": 1,
					"min": 299,
					"max": 299
				},
				"2024-06-28": {
					"avg": 559,
					"count": 2,
					"min": 519,
					"max": 599
				},
				"2024-06-29": {
					"avg": 430,
					"count": 1,
					"min": 430,
					"max": 430
				},
				"2024-07-02": {
					"avg": 408,
					"count": 2,
					"min": 397,
					"max": 418
				},
				"2024-07-03": {
					"avg": 421,
					"count": 1,
					"min": 421,
					"max": 421
				},
				"2024-07-05": {
					"avg": 471,
					"count": 3,
					"min": 397,
					"max": 618
				},
				"2024-07-06": {
					"avg": 507,
					"count": 2,
					"min": 499,
					"max": 515
				},
				"2024-07-07": {
					"avg": 574,
					"count": 4,
					"min": 397,
					"max": 668
				},
				"2024-07-08": {
					"avg": 395,
					"count": 1,
					"min": 395,
					"max": 395
				},
				"2024-07-09": {
					"avg": 518,
					"count": 1,
					"min": 518,
					"max": 518
				},
				"2024-07-10": {
					"avg": 386,
					"count": 3,
					"min": 248,
					"max": 513
				},
				"2024-07-11": {
					"avg": 329,
					"count": 2,
					"min": 262,
					"max": 395
				},
				"2024-07-12": {
					"avg": 581,
					"count": 1,
					"min": 581,
					"max": 581
				},
				"2024-07-15": {
					"avg": 562,
					"count": 1,
					"min": 562,
					"max": 562
				},
				"2024-07-16": {
					"avg": 239,
					"count": 1,
					"min": 239,
					"max": 239
				},
				"2024-07-18": {
					"avg": 497,
					"count": 1,
					"min": 497,
					"max": 497
				},
				"2024-07-19": {
					"avg": 335,
					"count": 5,
					"min": 320,
					"max": 395
				},
				"2024-07-27": {
					"avg": 515,
					"count": 2,
					"min": 440,
					"max": 590
				},
				"2024-07-31": {
					"avg": 644,
					"count": 1,
					"min": 644,
					"max": 644
				},
				"2024-08-01": {
					"avg": 393,
					"count": 2,
					"min": 388,
					"max": 397
				},
				"2024-08-02": {
					"avg": 1194,
					"count": 1,
					"min": 1194,
					"max": 1194
				},
				"2024-08-03": {
					"avg": 589,
					"count": 1,
					"min": 589,
					"max": 589
				},
				"2024-08-10": {
					"avg": 397,
					"count": 1,
					"min": 397,
					"max": 397
				},
				"2024-08-14": {
					"avg": 472,
					"count": 3,
					"min": 397,
					"max": 590
				},
				"2024-08-17": {
					"avg": 406,
					"count": 2,
					"min": 397,
					"max": 415
				},
				"2024-08-18": {
					"avg": 643,
					"count": 1,
					"min": 643,
					"max": 643
				},
				"2024-08-22": {
					"avg": 1194,
					"count": 1,
					"min": 1194,
					"max": 1194
				},
				"2024-08-23": {
					"avg": 898,
					"count": 1,
					"min": 898,
					"max": 898
				},
				"2024-08-28": {
					"avg": 626,
					"count": 1,
					"min": 626,
					"max": 626
				},
				"2024-08-30": {
					"avg": 262,
					"count": 5,
					"min": 121,
					"max": 421
				},
				"2024-09-01": {
					"avg": 1152,
					"count": 4,
					"min": 425,
					"max": 1394
				},
				"2024-09-02": {
					"avg": 393,
					"count": 1,
					"min": 393,
					"max": 393
				},
				"2024-09-05": {
					"avg": 570,
					"count": 2,
					"min": 515,
					"max": 624
				},
				"2024-09-07": {
					"avg": 610,
					"count": 1,
					"min": 610,
					"max": 610
				},
				"2024-09-09": {
					"avg": 999,
					"count": 1,
					"min": 999,
					"max": 999
				},
				"2024-09-11": {
					"avg": 362,
					"count": 3,
					"min": 282,
					"max": 428
				},
				"2024-09-12": {
					"avg": 623,
					"count": 1,
					"min": 623,
					"max": 623
				},
				"2024-09-13": {
					"avg": 724,
					"count": 1,
					"min": 724,
					"max": 724
				},
				"2024-09-14": {
					"avg": 439,
					"count": 1,
					"min": 439,
					"max": 439
				},
				"2024-09-15": {
					"avg": 626,
					"count": 1,
					"min": 626,
					"max": 626
				},
				"2024-09-17": {
					"avg": 397,
					"count": 1,
					"min": 397,
					"max": 397
				},
				"2024-09-18": {
					"avg": 397,
					"count": 1,
					"min": 397,
					"max": 397
				},
				"2024-09-21": {
					"avg": 659,
					"count": 3,
					"min": 599,
					"max": 698
				},
				"2024-09-22": {
					"avg": 386,
					"count": 1,
					"min": 386,
					"max": 386
				}
			},
			"avg": 510,
			"avg7": -1,
			"avg28": -1
		},
		"normal-played": {
			"history": {
				"2024-05-24": {
					"avg": 302,
					"count": 2,
					"min": 194,
					"max": 409
				},
				"2024-06-02": {
					"avg": 214,
					"count": 1,
					"min": 214,
					"max": 214
				},
				"2024-06-06": {
					"avg": 413,
					"count": 1,
					"min": 413,
					"max": 413
				},
				"2024-06-07": {
					"avg": 355,
					"count": 2,
					"min": 305,
					"max": 405
				},
				"2024-06-13": {
					"avg": 180,
					"count": 1,
					"min": 180,
					"max": 180
				},
				"2024-06-14": {
					"avg": 136,
					"count": 1,
					"min": 136,
					"max": 136
				},
				"2024-06-15": {
					"avg": 279,
					"count": 1,
					"min": 279,
					"max": 279
				},
				"2024-06-25": {
					"avg": 169,
					"count": 1,
					"min": 169,
					"max": 169
				},
				"2024-06-27": {
					"avg": 234,
					"count": 2,
					"min": 150,
					"max": 317
				},
				"2024-06-28": {
					"avg": 272,
					"count": 2,
					"min": 233,
					"max": 310
				},
				"2024-06-29": {
					"avg": 321,
					"count": 1,
					"min": 321,
					"max": 321
				},
				"2024-07-03": {
					"avg": 272,
					"count": 1,
					"min": 272,
					"max": 272
				},
				"2024-07-06": {
					"avg": 319,
					"count": 2,
					"min": 200,
					"max": 438
				},
				"2024-07-07": {
					"avg": 238,
					"count": 3,
					"min": 238,
					"max": 238
				},
				"2024-07-09": {
					"avg": 281,
					"count": 2,
					"min": 162,
					"max": 399
				},
				"2024-07-10": {
					"avg": 189,
					"count": 1,
					"min": 189,
					"max": 189
				},
				"2024-07-19": {
					"avg": 680,
					"count": 4,
					"min": 680,
					"max": 680
				},
				"2024-07-20": {
					"avg": 310,
					"count": 1,
					"min": 310,
					"max": 310
				},
				"2024-07-23": {
					"avg": 296,
					"count": 2,
					"min": 296,
					"max": 296
				},
				"2024-07-24": {
					"avg": 194,
					"count": 1,
					"min": 194,
					"max": 194
				},
				"2024-08-02": {
					"avg": 238,
					"count": 1,
					"min": 238,
					"max": 238
				},
				"2024-08-06": {
					"avg": 584,
					"count": 3,
					"min": 304,
					"max": 724
				},
				"2024-08-08": {
					"avg": 299,
					"count": 1,
					"min": 299,
					"max": 299
				},
				"2024-08-10": {
					"avg": 435,
					"count": 1,
					"min": 435,
					"max": 435
				},
				"2024-08-12": {
					"avg": 329,
					"count": 1,
					"min": 329,
					"max": 329
				},
				"2024-08-14": {
					"avg": 238,
					"count": 1,
					"min": 238,
					"max": 238
				},
				"2024-08-15": {
					"avg": 287,
					"count": 1,
					"min": 287,
					"max": 287
				},
				"2024-08-17": {
					"avg": 177,
					"count": 2,
					"min": 177,
					"max": 177
				},
				"2024-08-19": {
					"avg": 296,
					"count": 1,
					"min": 296,
					"max": 296
				},
				"2024-08-23": {
					"avg": 169,
					"count": 1,
					"min": 169,
					"max": 169
				},
				"2024-08-24": {
					"avg": 287,
					"count": 1,
					"min": 287,
					"max": 287
				},
				"2024-08-25": {
					"avg": 191,
					"count": 3,
					"min": 186,
					"max": 193
				},
				"2024-08-27": {
					"avg": 299,
					"count": 2,
					"min": 298,
					"max": 299
				},
				"2024-08-29": {
					"avg": 238,
					"count": 1,
					"min": 238,
					"max": 238
				},
				"2024-08-30": {
					"avg": 169,
					"count": 1,
					"min": 169,
					"max": 169
				},
				"2024-08-31": {
					"avg": 210,
					"count": 2,
					"min": 160,
					"max": 259
				},
				"2024-09-03": {
					"avg": 183,
					"count": 1,
					"min": 183,
					"max": 183
				},
				"2024-09-14": {
					"avg": 225,
					"count": 1,
					"min": 225,
					"max": 225
				},
				"2024-09-19": {
					"avg": 317,
					"count": 1,
					"min": 317,
					"max": 317
				},
				"2024-09-21": {
					"avg": 140,
					"count": 1,
					"min": 140,
					"max": 140
				}
			},
			"avg": 301,
			"avg7": -1,
			"avg28": -1
		}
	}
}