{
	"data": {
		"normal-good": {
			"history": {
				"2022-11-12": {
					"avg": 484,
					"count": 2
				},
				"2022-11-13": {
					"avg": 246,
					"count": 1
				},
				"2022-11-17": {
					"avg": 557,
					"count": 2
				},
				"2022-11-18": {
					"avg": 233,
					"count": 1
				},
				"2022-11-19": {
					"avg": 469,
					"count": 2,
					"min": 139,
					"max": 799
				},
				"2022-11-21": {
					"avg": 301,
					"count": 3,
					"min": 244,
					"max": 330
				},
				"2022-11-23": {
					"avg": 948,
					"count": 3,
					"min": 143,
					"max": 1350
				},
				"2022-11-25": {
					"avg": 485,
					"count": 7,
					"min": 264,
					"max": 1448
				},
				"2022-11-26": {
					"avg": 802,
					"count": 2,
					"min": 372,
					"max": 1231
				},
				"2022-11-27": {
					"avg": 877,
					"count": 4,
					"min": 240,
					"max": 1448
				},
				"2022-11-28": {
					"avg": 685,
					"count": 2,
					"min": 685,
					"max": 685
				},
				"2022-11-29": {
					"avg": 440,
					"count": 5,
					"min": 143,
					"max": 717
				},
				"2022-11-30": {
					"avg": 1498,
					"count": 1,
					"min": 1498,
					"max": 1498
				},
				"2022-12-01": {
					"avg": 143,
					"count": 3,
					"min": 100,
					"max": 230
				},
				"2022-12-02": {
					"avg": 351,
					"count": 3,
					"min": 184,
					"max": 501
				},
				"2022-12-03": {
					"avg": 786,
					"count": 4,
					"min": 185,
					"max": 1459
				},
				"2022-12-04": {
					"avg": 368,
					"count": 1,
					"min": 368,
					"max": 368
				},
				"2022-12-05": {
					"avg": 381,
					"count": 2,
					"min": 376,
					"max": 386
				},
				"2022-12-06": {
					"avg": 274,
					"count": 1,
					"min": 274,
					"max": 274
				},
				"2022-12-09": {
					"avg": 716,
					"count": 2,
					"min": 716,
					"max": 716
				},
				"2022-12-10": {
					"avg": 356,
					"count": 3,
					"min": 50,
					"max": 695
				},
				"2022-12-11": {
					"avg": 516,
					"count": 4,
					"min": 149,
					"max": 1394
				},
				"2022-12-12": {
					"avg": 1399,
					"count": 1,
					"min": 1399,
					"max": 1399
				},
				"2022-12-13": {
					"avg": 396,
					"count": 1,
					"min": 396,
					"max": 396
				},
				"2022-12-15": {
					"avg": 692,
					"count": 4,
					"min": 324,
					"max": 1497
				},
				"2022-12-16": {
					"avg": 359,
					"count": 4,
					"min": 324,
					"max": 449
				},
				"2022-12-17": {
					"avg": 368,
					"count": 2,
					"min": 368,
					"max": 368
				},
				"2022-12-18": {
					"avg": 150,
					"count": 1,
					"min": 150,
					"max": 150
				},
				"2022-12-19": {
					"avg": 630,
					"count": 2,
					"min": 368,
					"max": 891
				},
				"2022-12-20": {
					"avg": 613,
					"count": 1,
					"min": 613,
					"max": 613
				},
				"2022-12-21": {
					"avg": 370,
					"count": 3,
					"min": 242,
					"max": 491
				},
				"2022-12-22": {
					"avg": 758,
					"count": 3,
					"min": 439,
					"max": 1395
				},
				"2022-12-24": {
					"avg": 798,
					"count": 1,
					"min": 798,
					"max": 798
				},
				"2022-12-25": {
					"avg": 257,
					"count": 1,
					"min": 257,
					"max": 257
				},
				"2022-12-26": {
					"avg": 842,
					"count": 6,
					"min": 669,
					"max": 1395
				},
				"2022-12-27": {
					"avg": 579,
					"count": 2,
					"min": 365,
					"max": 793
				},
				"2022-12-28": {
					"avg": 418,
					"count": 2,
					"min": 414,
					"max": 422
				},
				"2022-12-29": {
					"avg": 795,
					"count": 4,
					"min": 185,
					"max": 1411
				},
				"2022-12-30": {
					"avg": 465,
					"count": 7,
					"min": 328,
					"max": 675
				},
				"2022-12-31": {
					"avg": 608,
					"count": 11,
					"min": 408,
					"max": 854
				},
				"2023-01-01": {
					"avg": 611,
					"count": 2,
					"min": 426,
					"max": 795
				},
				"2023-01-02": {
					"avg": 596,
					"count": 1,
					"min": 596,
					"max": 596
				},
				"2023-01-03": {
					"avg": 613,
					"count": 2,
					"min": 426,
					"max": 799
				},
				"2023-01-04": {
					"avg": 542,
					"count": 5,
					"min": 504,
					"max": 695
				},
				"2023-01-05": {
					"avg": 793,
					"count": 1,
					"min": 793,
					"max": 793
				},
				"2023-01-06": {
					"avg": 581,
					"count": 4,
					"min": 259,
					"max": 793
				},
				"2023-01-08": {
					"avg": 450,
					"count": 4,
					"min": 239,
					"max": 598
				},
				"2023-01-09": {
					"avg": 328,
					"count": 1,
					"min": 328,
					"max": 328
				},
				"2023-01-10": {
					"avg": 708,
					"count": 6,
					"min": 219,
					"max": 1399
				},
				"2023-01-11": {
					"avg": 897,
					"count": 1,
					"min": 897,
					"max": 897
				},
				"2023-01-12": {
					"avg": 626,
					"count": 3,
					"min": 472,
					"max": 915
				},
				"2023-02-06": {
					"avg": 751,
					"count": 3,
					"min": 225,
					"max": 1305
				},
				"2023-02-07": {
					"avg": 199,
					"count": 1,
					"min": 199,
					"max": 199
				},
				"2023-02-08": {
					"avg": 599,
					"count": 1,
					"min": 599,
					"max": 599
				},
				"2023-02-10": {
					"avg": 778,
					"count": 1,
					"min": 778,
					"max": 778
				},
				"2023-02-11": {
					"avg": 448,
					"count": 7,
					"min": 430,
					"max": 499
				},
				"2023-02-12": {
					"avg": 893,
					"count": 4,
					"min": 699,
					"max": 1049
				},
				"2023-02-14": {
					"avg": 1197,
					"count": 1,
					"min": 1197,
					"max": 1197
				},
				"2023-02-16": {
					"avg": 439,
					"count": 2,
					"min": 296,
					"max": 583
				},
				"2023-02-17": {
					"avg": 629,
					"count": 4,
					"min": 499,
					"max": 744
				},
				"2023-02-18": {
					"avg": 569,
					"count": 7,
					"min": 225,
					"max": 1160
				},
				"2023-02-19": {
					"avg": 459,
					"count": 3,
					"min": 375,
					"max": 503
				},
				"2023-02-20": {
					"avg": 963,
					"count": 14,
					"min": 293,
					"max": 1597
				},
				"2023-02-21": {
					"avg": 477,
					"count": 4,
					"min": 375,
					"max": 707
				},
				"2023-02-22": {
					"avg": 1405,
					"count": 1,
					"min": 1405,
					"max": 1405
				},
				"2023-02-24": {
					"avg": 419,
					"count": 2,
					"min": 324,
					"max": 513
				},
				"2023-02-26": {
					"avg": 782,
					"count": 4,
					"min": 499,
					"max": 1195
				},
				"2023-02-27": {
					"avg": 916,
					"count": 3,
					"min": 324,
					"max": 1779
				},
				"2023-02-28": {
					"avg": 379,
					"count": 4,
					"min": 324,
					"max": 466
				},
				"2023-03-01": {
					"avg": 408,
					"count": 3,
					"min": 324,
					"max": 499
				},
				"2023-03-02": {
					"avg": 491,
					"count": 1,
					"min": 491,
					"max": 491
				},
				"2023-03-03": {
					"avg": 671,
					"count": 6,
					"min": 293,
					"max": 1529
				},
				"2023-03-04": {
					"avg": 954,
					"count": 2,
					"min": 458,
					"max": 1450
				},
				"2023-03-05": {
					"avg": 549,
					"count": 1,
					"min": 549,
					"max": 549
				},
				"2023-03-06": {
					"avg": 372,
					"count": 5,
					"min": 289,
					"max": 519
				},
				"2023-03-07": {
					"avg": 343,
					"count": 3,
					"min": 189,
					"max": 420
				},
				"2023-03-09": {
					"avg": 1000,
					"count": 4,
					"min": 278,
					"max": 1848
				},
				"2023-03-10": {
					"avg": 289,
					"count": 1,
					"min": 289,
					"max": 289
				},
				"2023-03-11": {
					"avg": 244,
					"count": 1,
					"min": 244,
					"max": 244
				},
				"2023-03-12": {
					"avg": 429,
					"count": 2,
					"min": 189,
					"max": 669
				},
				"2023-03-13": {
					"avg": 512,
					"count": 3,
					"min": 467,
					"max": 548
				},
				"2023-03-14": {
					"avg": 680,
					"count": 6,
					"min": 499,
					"max": 938
				},
				"2023-03-16": {
					"avg": 1369,
					"count": 1,
					"min": 1369,
					"max": 1369
				},
				"2023-03-18": {
					"avg": 590,
					"count": 2,
					"min": 485,
					"max": 695
				},
				"2023-03-19": {
					"avg": 948,
					"count": 1,
					"min": 948,
					"max": 948
				},
				"2023-03-20": {
					"avg": 372,
					"count": 2,
					"min": 299,
					"max": 445
				},
				"2023-03-23": {
					"avg": 1597,
					"count": 1,
					"min": 1597,
					"max": 1597
				},
				"2023-03-24": {
					"avg": 493,
					"count": 1,
					"min": 493,
					"max": 493
				},
				"2023-03-25": {
					"avg": 376,
					"count": 1,
					"min": 376,
					"max": 376
				},
				"2023-03-26": {
					"avg": 798,
					"count": 1,
					"min": 798,
					"max": 798
				},
				"2023-03-27": {
					"avg": 343,
					"count": 1,
					"min": 343,
					"max": 343
				},
				"2023-03-28": {
					"avg": 856,
					"count": 3,
					"min": 399,
					"max": 1369
				},
				"2023-03-31": {
					"avg": 1072,
					"count": 4,
					"min": 225,
					"max": 1996
				},
				"2023-04-01": {
					"avg": 903,
					"count": 3,
					"min": 383,
					"max": 1529
				},
				"2023-04-02": {
					"avg": 698,
					"count": 1,
					"min": 698,
					"max": 698
				},
				"2023-04-03": {
					"avg": 797,
					"count": 1,
					"min": 797,
					"max": 797
				},
				"2023-04-04": {
					"avg": 283,
					"count": 1,
					"min": 283,
					"max": 283
				},
				"2023-04-06": {
					"avg": 259,
					"count": 2,
					"min": 118,
					"max": 399
				},
				"2023-04-07": {
					"avg": 590,
					"count": 2,
					"min": 384,
					"max": 797
				},
				"2023-04-09": {
					"avg": 460,
					"count": 1,
					"min": 460,
					"max": 460
				},
				"2023-04-10": {
					"avg": 799,
					"count": 1,
					"min": 799,
					"max": 799
				},
				"2023-04-13": {
					"avg": 794,
					"count": 2,
					"min": 794,
					"max": 794
				},
				"2023-04-14": {
					"avg": 518,
					"count": 1,
					"min": 518,
					"max": 518
				},
				"2023-04-15": {
					"avg": 430,
					"count": 3,
					"min": 288,
					"max": 578
				},
				"2023-04-16": {
					"avg": 739,
					"count": 3,
					"min": 289,
					"max": 1474
				},
				"2023-04-17": {
					"avg": 439,
					"count": 1,
					"min": 439,
					"max": 439
				},
				"2023-04-18": {
					"avg": 475,
					"count": 5,
					"min": 235,
					"max": 651
				},
				"2023-04-19": {
					"avg": 724,
					"count": 2,
					"min": 599,
					"max": 849
				},
				"2023-04-21": {
					"avg": 407,
					"count": 3,
					"min": 345,
					"max": 460
				},
				"2023-04-22": {
					"avg": 519,
					"count": 2,
					"min": 459,
					"max": 579
				},
				"2023-04-23": {
					"avg": 402,
					"count": 3,
					"min": 235,
					"max": 513
				},
				"2023-04-25": {
					"avg": 550,
					"count": 5,
					"min": 296,
					"max": 874
				},
				"2023-04-26": {
					"avg": 894,
					"count": 3,
					"min": 342,
					"max": 1997
				},
				"2023-04-27": {
					"avg": 660,
					"count": 3,
					"min": 342,
					"max": 839
				},
				"2023-04-29": {
					"avg": 850,
					"count": 1,
					"min": 850,
					"max": 850
				},
				"2023-04-30": {
					"avg": 698,
					"count": 1,
					"min": 698,
					"max": 698
				},
				"2023-05-01": {
					"avg": 721,
					"count": 2,
					"min": 445,
					"max": 997
				},
				"2023-05-02": {
					"avg": 1825,
					"count": 1,
					"min": 1825,
					"max": 1825
				},
				"2023-05-03": {
					"avg": 445,
					"count": 1,
					"min": 445,
					"max": 445
				},
				"2023-05-04": {
					"avg": 2796,
					"count": 1,
					"min": 2796,
					"max": 2796
				},
				"2023-05-06": {
					"avg": 608,
					"count": 3,
					"min": 474,
					"max": 675
				},
				"2023-05-07": {
					"avg": 998,
					"count": 1,
					"min": 998,
					"max": 998
				},
				"2023-05-08": {
					"avg": 524,
					"count": 2,
					"min": 349,
					"max": 699
				},
				"2023-05-09": {
					"avg": 240,
					"count": 1,
					"min": 240,
					"max": 240
				},
				"2023-05-10": {
					"avg": 1073,
					"count": 1,
					"min": 1073,
					"max": 1073
				},
				"2023-05-11": {
					"avg": 1568,
					"count": 1,
					"min": 1568,
					"max": 1568
				},
				"2023-05-12": {
					"avg": 545,
					"count": 1,
					"min": 545,
					"max": 545
				},
				"2023-05-14": {
					"avg": 451,
					"count": 4,
					"min": 196,
					"max": 689
				},
				"2023-05-15": {
					"avg": 198,
					"count": 1,
					"min": 198,
					"max": 198
				},
				"2023-05-16": {
					"avg": 1599,
					"count": 1,
					"min": 1599,
					"max": 1599
				},
				"2023-05-17": {
					"avg": 375,
					"count": 1,
					"min": 375,
					"max": 375
				},
				"2023-05-18": {
					"avg": 508,
					"count": 3,
					"min": 499,
					"max": 525
				},
				"2023-05-19": {
					"avg": 599,
					"count": 1,
					"min": 599,
					"max": 599
				},
				"2023-05-20": {
					"avg": 1997,
					"count": 1,
					"min": 1997,
					"max": 1997
				},
				"2023-05-21": {
					"avg": 1184,
					"count": 5,
					"min": 499,
					"max": 1995
				},
				"2023-05-23": {
					"avg": 500,
					"count": 1,
					"min": 500,
					"max": 500
				},
				"2023-05-24": {
					"avg": 297,
					"count": 1,
					"min": 297,
					"max": 297
				},
				"2023-05-25": {
					"avg": 405,
					"count": 1,
					"min": 405,
					"max": 405
				},
				"2023-05-26": {
					"avg": 412,
					"count": 6,
					"min": 404,
					"max": 449
				},
				"2023-05-28": {
					"avg": 914,
					"count": 3,
					"min": 420,
					"max": 1848
				},
				"2023-05-29": {
					"avg": 264,
					"count": 1,
					"min": 264,
					"max": 264
				},
				"2023-05-30": {
					"avg": 998,
					"count": 1,
					"min": 998,
					"max": 998
				},
				"2023-05-31": {
					"avg": 417,
					"count": 2,
					"min": 288,
					"max": 545
				},
				"2023-06-01": {
					"avg": 599,
					"count": 1,
					"min": 599,
					"max": 599
				},
				"2023-06-02": {
					"avg": 2498,
					"count": 1,
					"min": 2498,
					"max": 2498
				},
				"2023-06-03": {
					"avg": 487,
					"count": 2,
					"min": 474,
					"max": 499
				},
				"2023-06-04": {
					"avg": 1002,
					"count": 3,
					"min": 528,
					"max": 1899
				},
				"2023-06-05": {
					"avg": 2000,
					"count": 2,
					"min": 2000,
					"max": 2000
				},
				"2023-06-06": {
					"avg": 360,
					"count": 5,
					"min": 283,
					"max": 399
				},
				"2023-06-07": {
					"avg": 1723,
					"count": 3,
					"min": 145,
					"max": 2624
				},
				"2023-06-09": {
					"avg": 353,
					"count": 3,
					"min": 230,
					"max": 540
				},
				"2023-06-10": {
					"avg": 1722,
					"count": 1,
					"min": 1722,
					"max": 1722
				},
				"2023-06-11": {
					"avg": 600,
					"count": 2,
					"min": 527,
					"max": 673
				},
				"2023-06-12": {
					"avg": 544,
					"count": 1,
					"min": 544,
					"max": 544
				},
				"2023-06-13": {
					"avg": 1359,
					"count": 5,
					"min": 347,
					"max": 2346
				},
				"2023-06-14": {
					"avg": 165,
					"count": 1,
					"min": 165,
					"max": 165
				},
				"2023-06-15": {
					"avg": 288,
					"count": 1,
					"min": 288,
					"max": 288
				},
				"2023-06-16": {
					"avg": 330,
					"count": 2,
					"min": 281,
					"max": 379
				},
				"2023-06-17": {
					"avg": 909,
					"count": 5,
					"min": 798,
					"max": 1075
				},
				"2023-06-18": {
					"avg": 1900,
					"count": 1,
					"min": 1900,
					"max": 1900
				},
				"2023-06-21": {
					"avg": 1849,
					"count": 3,
					"min": 1743,
					"max": 1902
				},
				"2023-06-22": {
					"avg": 900,
					"count": 3,
					"min": 287,
					"max": 1874
				},
				"2023-06-23": {
					"avg": 1593,
					"count": 6,
					"min": 540,
					"max": 2299
				},
				"2023-06-24": {
					"avg": 534,
					"count": 2,
					"min": 348,
					"max": 719
				},
				"2023-06-26": {
					"avg": 625,
					"count": 2,
					"min": 299,
					"max": 950
				},
				"2023-06-27": {
					"avg": 1045,
					"count": 2,
					"min": 544,
					"max": 1546
				},
				"2023-06-29": {
					"avg": 908,
					"count": 22,
					"min": 515,
					"max": 2399
				},
				"2023-06-30": {
					"avg": 1071,
					"count": 6,
					"min": 699,
					"max": 1394
				},
				"2023-07-01": {
					"avg": 362,
					"count": 4,
					"min": 244,
					"max": 519
				},
				"2023-07-02": {
					"avg": 403,
					"count": 4,
					"min": 246,
					"max": 544
				},
				"2023-07-03": {
					"avg": 1968,
					"count": 1,
					"min": 1968,
					"max": 1968
				},
				"2023-07-09": {
					"avg": 1149,
					"count": 2,
					"min": 349,
					"max": 1948
				},
				"2023-07-10": {
					"avg": 511,
					"count": 2,
					"min": 373,
					"max": 649
				},
				"2023-07-12": {
					"avg": 2524,
					"count": 1,
					"min": 2524,
					"max": 2524
				},
				"2023-07-13": {
					"avg": 347,
					"count": 1,
					"min": 347,
					"max": 347
				},
				"2023-07-14": {
					"avg": 4349,
					"count": 2,
					"min": 699,
					"max": 7999
				},
				"2023-07-15": {
					"avg": 4999,
					"count": 1,
					"min": 4999,
					"max": 4999
				},
				"2023-07-16": {
					"avg": 198,
					"count": 1,
					"min": 198,
					"max": 198
				},
				"2023-07-17": {
					"avg": 524,
					"count": 2,
					"min": 398,
					"max": 649
				},
				"2023-07-18": {
					"avg": 798,
					"count": 1,
					"min": 798,
					"max": 798
				},
				"2023-07-19": {
					"avg": 506,
					"count": 5,
					"min": 298,
					"max": 710
				},
				"2023-07-20": {
					"avg": 496,
					"count": 1,
					"min": 496,
					"max": 496
				},
				"2023-07-21": {
					"avg": 416,
					"count": 2,
					"min": 333,
					"max": 499
				},
				"2023-07-22": {
					"avg": 297,
					"count": 2,
					"min": 287,
					"max": 307
				},
				"2023-07-23": {
					"avg": 381,
					"count": 2,
					"min": 266,
					"max": 495
				},
				"2023-07-25": {
					"avg": 722,
					"count": 2,
					"min": 445,
					"max": 998
				},
				"2023-07-27": {
					"avg": 377,
					"count": 3,
					"min": 133,
					"max": 499
				},
				"2023-07-30": {
					"avg": 705,
					"count": 1,
					"min": 705,
					"max": 705
				},
				"2023-08-01": {
					"avg": 495,
					"count": 1,
					"min": 495,
					"max": 495
				},
				"2023-08-02": {
					"avg": 499,
					"count": 1,
					"min": 499,
					"max": 499
				},
				"2023-08-04": {
					"avg": 1999,
					"count": 2,
					"min": 1949,
					"max": 2048
				},
				"2023-08-05": {
					"avg": 498,
					"count": 3,
					"min": 349,
					"max": 749
				},
				"2023-08-06": {
					"avg": 459,
					"count": 4,
					"min": 288,
					"max": 579
				},
				"2023-08-08": {
					"avg": 500,
					"count": 1,
					"min": 500,
					"max": 500
				},
				"2023-08-09": {
					"avg": 645,
					"count": 9,
					"min": 164,
					"max": 1991
				},
				"2023-08-10": {
					"avg": 597,
					"count": 2,
					"min": 264,
					"max": 929
				},
				"2023-08-11": {
					"avg": 570,
					"count": 1,
					"min": 570,
					"max": 570
				},
				"2023-08-12": {
					"avg": 546,
					"count": 3,
					"min": 273,
					"max": 898
				},
				"2023-08-15": {
					"avg": 534,
					"count": 2,
					"min": 349,
					"max": 719
				},
				"2023-08-16": {
					"avg": 1341,
					"count": 3,
					"min": 399,
					"max": 1848
				},
				"2023-08-17": {
					"avg": 759,
					"count": 4,
					"min": 287,
					"max": 1900
				},
				"2023-08-18": {
					"avg": 399,
					"count": 1,
					"min": 399,
					"max": 399
				},
				"2023-08-19": {
					"avg": 569,
					"count": 2,
					"min": 299,
					"max": 839
				},
				"2023-08-20": {
					"avg": 1291,
					"count": 2,
					"min": 349,
					"max": 2232
				},
				"2023-08-21": {
					"avg": 295,
					"count": 1,
					"min": 295,
					"max": 295
				},
				"2023-08-23": {
					"avg": 262,
					"count": 1,
					"min": 262,
					"max": 262
				},
				"2023-08-24": {
					"avg": 959,
					"count": 3,
					"min": 399,
					"max": 1990
				},
				"2023-08-26": {
					"avg": 322,
					"count": 3,
					"min": 217,
					"max": 399
				},
				"2023-08-29": {
					"avg": 845,
					"count": 1,
					"min": 845,
					"max": 845
				},
				"2023-08-31": {
					"avg": 398,
					"count": 3,
					"min": 299,
					"max": 512
				},
				"2023-09-01": {
					"avg": 395,
					"count": 2,
					"min": 299,
					"max": 491
				},
				"2023-09-02": {
					"avg": 693,
					"count": 2,
					"min": 287,
					"max": 1098
				},
				"2023-09-04": {
					"avg": 799,
					"count": 1,
					"min": 799,
					"max": 799
				},
				"2023-09-08": {
					"avg": 772,
					"count": 5,
					"min": 445,
					"max": 1399
				},
				"2023-09-10": {
					"avg": 413,
					"count": 2,
					"min": 290,
					"max": 535
				},
				"2023-09-11": {
					"avg": 1248,
					"count": 3,
					"min": 445,
					"max": 2848
				},
				"2023-09-12": {
					"avg": 2078,
					"count": 1,
					"min": 2078,
					"max": 2078
				},
				"2023-09-14": {
					"avg": 412,
					"count": 2,
					"min": 311,
					"max": 512
				},
				"2023-09-17": {
					"avg": 587,
					"count": 2,
					"min": 475,
					"max": 699
				},
				"2023-09-18": {
					"avg": 414,
					"count": 1,
					"min": 414,
					"max": 414
				},
				"2023-09-19": {
					"avg": 742,
					"count": 6,
					"min": 445,
					"max": 912
				},
				"2023-09-20": {
					"avg": 499,
					"count": 1,
					"min": 499,
					"max": 499
				},
				"2023-09-21": {
					"avg": 512,
					"count": 2,
					"min": 144,
					"max": 879
				},
				"2023-09-23": {
					"avg": 238,
					"count": 1,
					"min": 238,
					"max": 238
				},
				"2023-09-26": {
					"avg": 320,
					"count": 1,
					"min": 320,
					"max": 320
				},
				"2023-09-27": {
					"avg": 799,
					"count": 1,
					"min": 799,
					"max": 799
				},
				"2023-09-28": {
					"avg": 467,
					"count": 2,
					"min": 239,
					"max": 694
				},
				"2023-09-29": {
					"avg": 333,
					"count": 2,
					"min": 264,
					"max": 401
				},
				"2023-09-30": {
					"avg": 604,
					"count": 3,
					"min": 147,
					"max": 877
				},
				"2023-10-02": {
					"avg": 597,
					"count": 4,
					"min": 287,
					"max": 1024
				},
				"2023-10-03": {
					"avg": 761,
					"count": 2,
					"min": 697,
					"max": 825
				},
				"2023-10-04": {
					"avg": 709,
					"count": 1,
					"min": 709,
					"max": 709
				},
				"2023-10-05": {
					"avg": 319,
					"count": 1,
					"min": 319,
					"max": 319
				},
				"2023-10-06": {
					"avg": 830,
					"count": 6,
					"min": 400,
					"max": 1384
				},
				"2023-10-07": {
					"avg": 553,
					"count": 2,
					"min": 398,
					"max": 707
				},
				"2023-10-08": {
					"avg": 400,
					"count": 2,
					"min": 400,
					"max": 400
				},
				"2023-10-09": {
					"avg": 940,
					"count": 2,
					"min": 544,
					"max": 1337
				},
				"2023-10-10": {
					"avg": 487,
					"count": 3,
					"min": 446,
					"max": 517
				},
				"2023-10-11": {
					"avg": 378,
					"count": 1,
					"min": 378,
					"max": 378
				},
				"2023-10-12": {
					"avg": 642,
					"count": 2,
					"min": 285,
					"max": 999
				},
				"2023-10-13": {
					"avg": 936,
					"count": 3,
					"min": 899,
					"max": 954
				},
				"2023-10-14": {
					"avg": 256,
					"count": 1,
					"min": 256,
					"max": 256
				},
				"2023-10-18": {
					"avg": 782,
					"count": 3,
					"min": 325,
					"max": 1225
				},
				"2023-10-19": {
					"avg": 676,
					"count": 1,
					"min": 676,
					"max": 676
				},
				"2023-10-20": {
					"avg": 426,
					"count": 3,
					"min": 199,
					"max": 670
				},
				"2023-10-21": {
					"avg": 1247,
					"count": 2,
					"min": 496,
					"max": 1998
				},
				"2023-10-22": {
					"avg": 356,
					"count": 1,
					"min": 356,
					"max": 356
				},
				"2023-10-23": {
					"avg": 409,
					"count": 1,
					"min": 409,
					"max": 409
				},
				"2023-10-25": {
					"avg": 349,
					"count": 1,
					"min": 349,
					"max": 349
				},
				"2023-10-26": {
					"avg": 2298,
					"count": 1,
					"min": 2298,
					"max": 2298
				},
				"2023-10-27": {
					"avg": 1014,
					"count": 2,
					"min": 400,
					"max": 1627
				},
				"2023-10-28": {
					"avg": 427,
					"count": 2,
					"min": 255,
					"max": 599
				},
				"2023-10-29": {
					"avg": 343,
					"count": 1,
					"min": 343,
					"max": 343
				},
				"2023-10-30": {
					"avg": 359,
					"count": 1,
					"min": 359,
					"max": 359
				},
				"2023-10-31": {
					"avg": 535,
					"count": 3,
					"min": 287,
					"max": 679
				},
				"2023-11-01": {
					"avg": 919,
					"count": 3,
					"min": 399,
					"max": 1945
				},
				"2023-11-02": {
					"avg": 254,
					"count": 1,
					"min": 254,
					"max": 254
				},
				"2023-11-03": {
					"avg": 1199,
					"count": 2,
					"min": 413,
					"max": 1984
				},
				"2023-11-04": {
					"avg": 165,
					"count": 1,
					"min": 165,
					"max": 165
				},
				"2023-11-06": {
					"avg": 1234,
					"count": 2,
					"min": 670,
					"max": 1797
				},
				"2023-11-07": {
					"avg": 599,
					"count": 1,
					"min": 599,
					"max": 599
				},
				"2023-11-09": {
					"avg": 325,
					"count": 1,
					"min": 325,
					"max": 325
				},
				"2023-11-12": {
					"avg": 1000,
					"count": 1,
					"min": 1000,
					"max": 1000
				},
				"2023-11-14": {
					"avg": 580,
					"count": 1,
					"min": 580,
					"max": 580
				},
				"2023-11-15": {
					"avg": 694,
					"count": 4,
					"min": 250,
					"max": 929
				},
				"2023-11-16": {
					"avg": 230,
					"count": 2,
					"min": 174,
					"max": 286
				},
				"2023-11-17": {
					"avg": 410,
					"count": 2,
					"min": 312,
					"max": 508
				},
				"2023-11-18": {
					"avg": 577,
					"count": 2,
					"min": 239,
					"max": 914
				},
				"2023-11-19": {
					"avg": 319,
					"count": 2,
					"min": 125,
					"max": 512
				},
				"2023-11-22": {
					"avg": 481,
					"count": 1,
					"min": 481,
					"max": 481
				},
				"2023-11-24": {
					"avg": 472,
					"count": 28,
					"min": 219,
					"max": 1118
				},
				"2023-11-25": {
					"avg": 395,
					"count": 2,
					"min": 283,
					"max": 507
				},
				"2023-11-27": {
					"avg": 798,
					"count": 2,
					"min": 670,
					"max": 925
				},
				"2024-05-16": {
					"avg": 433,
					"count": 2,
					"min": 150,
					"max": 716
				},
				"2024-05-17": {
					"avg": 644,
					"count": 10,
					"min": 175,
					"max": 1730
				},
				"2024-05-18": {
					"avg": 350,
					"count": 1,
					"min": 350,
					"max": 350
				},
				"2024-05-19": {
					"avg": 775,
					"count": 2,
					"min": 775,
					"max": 775
				},
				"2024-05-20": {
					"avg": 1144,
					"count": 3,
					"min": 460,
					"max": 2247
				},
				"2024-05-21": {
					"avg": 493,
					"count": 1,
					"min": 493,
					"max": 493
				},
				"2024-05-22": {
					"avg": 458,
					"count": 2,
					"min": 428,
					"max": 488
				},
				"2024-05-23": {
					"avg": 1115,
					"count": 3,
					"min": 625,
					"max": 1370
				},
				"2024-05-25": {
					"avg": 658,
					"count": 2,
					"min": 369,
					"max": 947
				},
				"2024-05-30": {
					"avg": 489,
					"count": 2,
					"min": 489,
					"max": 489
				},
				"2024-05-31": {
					"avg": 538,
					"count": 1,
					"min": 538,
					"max": 538
				},
				"2024-06-04": {
					"avg": 699,
					"count": 2,
					"min": 450,
					"max": 948
				},
				"2024-06-05": {
					"avg": 418,
					"count": 1,
					"min": 418,
					"max": 418
				},
				"2024-06-06": {
					"avg": 999,
					"count": 1,
					"min": 999,
					"max": 999
				},
				"2024-06-08": {
					"avg": 365,
					"count": 2,
					"min": 345,
					"max": 385
				},
				"2024-06-09": {
					"avg": 1099,
					"count": 1,
					"min": 1099,
					"max": 1099
				},
				"2024-06-10": {
					"avg": 450,
					"count": 1,
					"min": 450,
					"max": 450
				},
				"2024-06-11": {
					"avg": 450,
					"count": 1,
					"min": 450,
					"max": 450
				},
				"2024-06-12": {
					"avg": 355,
					"count": 1,
					"min": 355,
					"max": 355
				},
				"2024-06-14": {
					"avg": 429,
					"count": 1,
					"min": 429,
					"max": 429
				},
				"2024-06-17": {
					"avg": 330,
					"count": 2,
					"min": 330,
					"max": 330
				},
				"2024-06-18": {
					"avg": 1070,
					"count": 1,
					"min": 1070,
					"max": 1070
				},
				"2024-06-19": {
					"avg": 588,
					"count": 4,
					"min": 366,
					"max": 1043
				},
				"2024-06-20": {
					"avg": 1198,
					"count": 1,
					"min": 1198,
					"max": 1198
				},
				"2024-06-21": {
					"avg": 440,
					"count": 2,
					"min": 326,
					"max": 554
				},
				"2024-06-22": {
					"avg": 440,
					"count": 2,
					"min": 428,
					"max": 451
				},
				"2024-06-23": {
					"avg": 781,
					"count": 2,
					"min": 429,
					"max": 1132
				},
				"2024-06-24": {
					"avg": 898,
					"count": 2,
					"min": 597,
					"max": 1198
				},
				"2024-06-26": {
					"avg": 962,
					"count": 2,
					"min": 429,
					"max": 1495
				},
				"2024-06-27": {
					"avg": 1148,
					"count": 1,
					"min": 1148,
					"max": 1148
				},
				"2024-07-01": {
					"avg": 1099,
					"count": 1,
					"min": 1099,
					"max": 1099
				},
				"2024-07-05": {
					"avg": 558,
					"count": 1,
					"min": 558,
					"max": 558
				},
				"2024-07-06": {
					"avg": 1098,
					"count": 1,
					"min": 1098,
					"max": 1098
				},
				"2024-07-08": {
					"avg": 557,
					"count": 1,
					"min": 557,
					"max": 557
				},
				"2024-07-11": {
					"avg": 699,
					"count": 3,
					"min": 460,
					"max": 1079
				},
				"2024-07-13": {
					"avg": 819,
					"count": 2,
					"min": 558,
					"max": 1079
				},
				"2024-07-14": {
					"avg": 547,
					"count": 1,
					"min": 547,
					"max": 547
				},
				"2024-07-15": {
					"avg": 1115,
					"count": 2,
					"min": 1079,
					"max": 1150
				},
				"2024-07-16": {
					"avg": 1084,
					"count": 5,
					"min": 432,
					"max": 1310
				},
				"2024-07-18": {
					"avg": 519,
					"count": 1,
					"min": 519,
					"max": 519
				},
				"2024-07-19": {
					"avg": 1368,
					"count": 1,
					"min": 1368,
					"max": 1368
				},
				"2024-07-20": {
					"avg": 410,
					"count": 1,
					"min": 410,
					"max": 410
				},
				"2024-07-21": {
					"avg": 437,
					"count": 5,
					"min": 325,
					"max": 496
				},
				"2024-07-23": {
					"avg": 503,
					"count": 1,
					"min": 503,
					"max": 503
				},
				"2024-07-24": {
					"avg": 478,
					"count": 1,
					"min": 478,
					"max": 478
				},
				"2024-07-25": {
					"avg": 558,
					"count": 1,
					"min": 558,
					"max": 558
				},
				"2024-07-27": {
					"avg": 537,
					"count": 2,
					"min": 515,
					"max": 558
				},
				"2024-07-30": {
					"avg": 409,
					"count": 1,
					"min": 409,
					"max": 409
				},
				"2024-08-01": {
					"avg": 761,
					"count": 3,
					"min": 456,
					"max": 1249
				},
				"2024-08-02": {
					"avg": 929,
					"count": 2,
					"min": 498,
					"max": 1359
				},
				"2024-08-03": {
					"avg": 420,
					"count": 2,
					"min": 409,
					"max": 430
				},
				"2024-08-04": {
					"avg": 519,
					"count": 2,
					"min": 430,
					"max": 608
				},
				"2024-08-05": {
					"avg": 558,
					"count": 1,
					"min": 558,
					"max": 558
				},
				"2024-08-09": {
					"avg": 471,
					"count": 2,
					"min": 445,
					"max": 496
				},
				"2024-08-11": {
					"avg": 930,
					"count": 2,
					"min": 450,
					"max": 1409
				},
				"2024-08-13": {
					"avg": 677,
					"count": 2,
					"min": 445,
					"max": 908
				},
				"2024-08-15": {
					"avg": 1291,
					"count": 3,
					"min": 1274,
					"max": 1299
				},
				"2024-08-17": {
					"avg": 561,
					"count": 2,
					"min": 522,
					"max": 599
				},
				"2024-08-19": {
					"avg": 437,
					"count": 1,
					"min": 437,
					"max": 437
				},
				"2024-08-20": {
					"avg": 1348,
					"count": 1,
					"min": 1348,
					"max": 1348
				},
				"2024-08-22": {
					"avg": 320,
					"count": 1,
					"min": 320,
					"max": 320
				},
				"2024-08-23": {
					"avg": 320,
					"count": 2,
					"min": 320,
					"max": 320
				},
				"2024-08-24": {
					"avg": 955,
					"count": 2,
					"min": 411,
					"max": 1499
				},
				"2024-08-25": {
					"avg": 1348,
					"count": 1,
					"min": 1348,
					"max": 1348
				},
				"2024-08-28": {
					"avg": 330,
					"count": 1,
					"min": 330,
					"max": 330
				},
				"2024-08-29": {
					"avg": 411,
					"count": 1,
					"min": 411,
					"max": 411
				},
				"2024-08-30": {
					"avg": 446,
					"count": 1,
					"min": 446,
					"max": 446
				},
				"2024-08-31": {
					"avg": 429,
					"count": 1,
					"min": 429,
					"max": 429
				},
				"2024-09-01": {
					"avg": 411,
					"count": 1,
					"min": 411,
					"max": 411
				},
				"2024-09-02": {
					"avg": 964,
					"count": 2,
					"min": 429,
					"max": 1499
				},
				"2024-09-05": {
					"avg": 661,
					"count": 2,
					"min": 609,
					"max": 712
				},
				"2024-09-06": {
					"avg": 993,
					"count": 2,
					"min": 638,
					"max": 1348
				},
				"2024-09-07": {
					"avg": 457,
					"count": 1,
					"min": 457,
					"max": 457
				},
				"2024-09-09": {
					"avg": 495,
					"count": 1,
					"min": 495,
					"max": 495
				},
				"2024-09-12": {
					"avg": 1433,
					"count": 1,
					"min": 1433,
					"max": 1433
				},
				"2024-09-14": {
					"avg": 379,
					"count": 2,
					"min": 329,
					"max": 429
				},
				"2024-09-16": {
					"avg": 586,
					"count": 4,
					"min": 457,
					"max": 727
				},
				"2024-09-19": {
					"avg": 1364,
					"count": 1,
					"min": 1364,
					"max": 1364
				},
				"2024-09-21": {
					"avg": 429,
					"count": 3,
					"min": 399,
					"max": 457
				},
				"2024-09-22": {
					"avg": 1299,
					"count": 1,
					"min": 1299,
					"max": 1299
				},
				"2024-09-23": {
					"avg": 359,
					"count": 1,
					"min": 359,
					"max": 359
				}
			},
			"avg": 699,
			"avg7": 669,
			"avg28": 669
		},
		"normal-poor": {
			"history": {
				"2024-05-24": {
					"avg": 222,
					"count": 1,
					"min": 222,
					"max": 222
				},
				"2024-05-28": {
					"avg": 298,
					"count": 1,
					"min": 298,
					"max": 298
				},
				"2024-05-29": {
					"avg": 200,
					"count": 1,
					"min": 200,
					"max": 200
				},
				"2024-06-15": {
					"avg": 119,
					"count": 1,
					"min": 119,
					"max": 119
				},
				"2024-06-17": {
					"avg": 185,
					"count": 1,
					"min": 185,
					"max": 185
				},
				"2024-06-18": {
					"avg": 348,
					"count": 1,
					"min": 348,
					"max": 348
				},
				"2024-06-19": {
					"avg": 177,
					"count": 1,
					"min": 177,
					"max": 177
				},
				"2024-06-26": {
					"avg": 199,
					"count": 1,
					"min": 199,
					"max": 199
				},
				"2024-07-01": {
					"avg": 272,
					"count": 1,
					"min": 272,
					"max": 272
				},
				"2024-07-10": {
					"avg": 227,
					"count": 1,
					"min": 227,
					"max": 227
				},
				"2024-07-11": {
					"avg": 333,
					"count": 1,
					"min": 333,
					"max": 333
				},
				"2024-07-22": {
					"avg": 272,
					"count": 1,
					"min": 272,
					"max": 272
				},
				"2024-08-04": {
					"avg": 792,
					"count": 1,
					"min": 792,
					"max": 792
				},
				"2024-08-05": {
					"avg": 172,
					"count": 1,
					"min": 172,
					"max": 172
				},
				"2024-08-18": {
					"avg": 227,
					"count": 1,
					"min": 227,
					"max": 227
				},
				"2024-08-25": {
					"avg": 306,
					"count": 1,
					"min": 306,
					"max": 306
				},
				"2024-08-26": {
					"avg": 321,
					"count": 1,
					"min": 321,
					"max": 321
				},
				"2024-09-06": {
					"avg": 254,
					"count": 2,
					"min": 180,
					"max": 327
				},
				"2024-09-08": {
					"avg": 180,
					"count": 1,
					"min": 180,
					"max": 180
				}
			},
			"avg": 268,
			"avg7": -1,
			"avg28": -1
		},
		"normal-played": {
			"history": {
				"2024-05-24": {
					"avg": 465,
					"count": 2,
					"min": 436,
					"max": 494
				},
				"2024-05-27": {
					"avg": 631,
					"count": 2,
					"min": 372,
					"max": 889
				},
				"2024-05-31": {
					"avg": 999,
					"count": 2,
					"min": 999,
					"max": 999
				},
				"2024-06-02": {
					"avg": 322,
					"count": 1,
					"min": 322,
					"max": 322
				},
				"2024-06-06": {
					"avg": 349,
					"count": 1,
					"min": 349,
					"max": 349
				},
				"2024-06-09": {
					"avg": 355,
					"count": 2,
					"min": 338,
					"max": 371
				},
				"2024-06-12": {
					"avg": 396,
					"count": 1,
					"min": 396,
					"max": 396
				},
				"2024-06-15": {
					"avg": 660,
					"count": 1,
					"min": 660,
					"max": 660
				},
				"2024-06-17": {
					"avg": 349,
					"count": 1,
					"min": 349,
					"max": 349
				},
				"2024-06-22": {
					"avg": 372,
					"count": 1,
					"min": 372,
					"max": 372
				},
				"2024-06-25": {
					"avg": 920,
					"count": 1,
					"min": 920,
					"max": 920
				},
				"2024-06-26": {
					"avg": 422,
					"count": 1,
					"min": 422,
					"max": 422
				},
				"2024-06-27": {
					"avg": 976,
					"count": 2,
					"min": 961,
					"max": 990
				},
				"2024-07-01": {
					"avg": 303,
					"count": 1,
					"min": 303,
					"max": 303
				},
				"2024-07-06": {
					"avg": 371,
					"count": 1,
					"min": 371,
					"max": 371
				},
				"2024-07-07": {
					"avg": 378,
					"count": 1,
					"min": 378,
					"max": 378
				},
				"2024-07-08": {
					"avg": 399,
					"count": 1,
					"min": 399,
					"max": 399
				},
				"2024-07-19": {
					"avg": 320,
					"count": 6,
					"min": 314,
					"max": 348
				},
				"2024-07-20": {
					"avg": 797,
					"count": 1,
					"min": 797,
					"max": 797
				},
				"2024-07-21": {
					"avg": 462,
					"count": 1,
					"min": 462,
					"max": 462
				},
				"2024-07-22": {
					"avg": 590,
					"count": 3,
					"min": 427,
					"max": 915
				},
				"2024-07-23": {
					"avg": 400,
					"count": 3,
					"min": 391,
					"max": 418
				},
				"2024-07-31": {
					"avg": 346,
					"count": 1,
					"min": 346,
					"max": 346
				},
				"2024-08-02": {
					"avg": 291,
					"count": 1,
					"min": 291,
					"max": 291
				},
				"2024-08-06": {
					"avg": 548,
					"count": 1,
					"min": 548,
					"max": 548
				},
				"2024-08-08": {
					"avg": 958,
					"count": 2,
					"min": 949,
					"max": 967
				},
				"2024-08-12": {
					"avg": 356,
					"count": 1,
					"min": 356,
					"max": 356
				},
				"2024-08-14": {
					"avg": 352,
					"count": 2,
					"min": 349,
					"max": 354
				},
				"2024-08-15": {
					"avg": 355,
					"count": 1,
					"min": 355,
					"max": 355
				},
				"2024-08-16": {
					"avg": 502,
					"count": 2,
					"min": 355,
					"max": 649
				},
				"2024-08-17": {
					"avg": 324,
					"count": 2,
					"min": 299,
					"max": 348
				},
				"2024-08-19": {
					"avg": 566,
					"count": 3,
					"min": 245,
					"max": 798
				},
				"2024-08-20": {
					"avg": 250,
					"count": 2,
					"min": 250,
					"max": 250
				},
				"2024-08-23": {
					"avg": 724,
					"count": 3,
					"min": 299,
					"max": 1475
				},
				"2024-08-27": {
					"avg": 350,
					"count": 1,
					"min": 350,
					"max": 350
				},
				"2024-08-28": {
					"avg": 391,
					"count": 1,
					"min": 391,
					"max": 391
				},
				"2024-08-31": {
					"avg": 423,
					"count": 2,
					"min": 368,
					"max": 477
				},
				"2024-09-02": {
					"avg": 477,
					"count": 1,
					"min": 477,
					"max": 477
				},
				"2024-09-03": {
					"avg": 355,
					"count": 2,
					"min": 327,
					"max": 382
				},
				"2024-09-05": {
					"avg": 491,
					"count": 1,
					"min": 491,
					"max": 491
				},
				"2024-09-06": {
					"avg": 471,
					"count": 1,
					"min": 471,
					"max": 471
				},
				"2024-09-08": {
					"avg": 250,
					"count": 1,
					"min": 250,
					"max": 250
				},
				"2024-09-09": {
					"avg": 526,
					"count": 3,
					"min": 427,
					"max": 650
				},
				"2024-09-10": {
					"avg": 377,
					"count": 1,
					"min": 377,
					"max": 377
				},
				"2024-09-12": {
					"avg": 352,
					"count": 1,
					"min": 352,
					"max": 352
				},
				"2024-09-13": {
					"avg": 296,
					"count": 2,
					"min": 292,
					"max": 299
				},
				"2024-09-14": {
					"avg": 386,
					"count": 2,
					"min": 352,
					"max": 420
				},
				"2024-09-17": {
					"avg": 803,
					"count": 1,
					"min": 803,
					"max": 803
				},
				"2024-09-19": {
					"avg": 398,
					"count": 2,
					"min": 225,
					"max": 570
				},
				"2024-09-20": {
					"avg": 495,
					"count": 1,
					"min": 495,
					"max": 495
				},
				"2024-09-21": {
					"avg": 352,
					"count": 2,
					"min": 352,
					"max": 352
				}
			},
			"avg": 478,
			"avg7": -1,
			"avg28": -1
		},
		"normal-used": {
			"history": {
				"2024-05-23": {
					"avg": 297,
					"count": 1,
					"min": 297,
					"max": 297
				},
				"2024-05-24": {
					"avg": 396,
					"count": 1,
					"min": 396,
					"max": 396
				},
				"2024-05-26": {
					"avg": 216,
					"count": 1,
					"min": 216,
					"max": 216
				},
				"2024-05-27": {
					"avg": 340,
					"count": 1,
					"min": 340,
					"max": 340
				},
				"2024-06-01": {
					"avg": 209,
					"count": 1,
					"min": 209,
					"max": 209
				},
				"2024-06-03": {
					"avg": 410,
					"count": 1,
					"min": 410,
					"max": 410
				},
				"2024-06-15": {
					"avg": 209,
					"count": 1,
					"min": 209,
					"max": 209
				},
				"2024-06-17": {
					"avg": 743,
					"count": 1,
					"min": 743,
					"max": 743
				},
				"2024-06-21": {
					"avg": 473,
					"count": 1,
					"min": 473,
					"max": 473
				},
				"2024-06-27": {
					"avg": 297,
					"count": 1,
					"min": 297,
					"max": 297
				},
				"2024-07-06": {
					"avg": 239,
					"count": 1,
					"min": 239,
					"max": 239
				},
				"2024-07-07": {
					"avg": 242,
					"count": 1,
					"min": 242,
					"max": 242
				},
				"2024-07-19": {
					"avg": 240,
					"count": 2,
					"min": 239,
					"max": 241
				},
				"2024-07-22": {
					"avg": 366,
					"count": 1,
					"min": 366,
					"max": 366
				},
				"2024-07-28": {
					"avg": 277,
					"count": 1,
					"min": 277,
					"max": 277
				},
				"2024-08-01": {
					"avg": 309,
					"count": 1,
					"min": 309,
					"max": 309
				},
				"2024-08-07": {
					"avg": 995,
					"count": 1,
					"min": 995,
					"max": 995
				},
				"2024-08-10": {
					"avg": 239,
					"count": 1,
					"min": 239,
					"max": 239
				},
				"2024-08-11": {
					"avg": 405,
					"count": 1,
					"min": 405,
					"max": 405
				},
				"2024-08-24": {
					"avg": 311,
					"count": 2,
					"min": 307,
					"max": 315
				},
				"2024-09-02": {
					"avg": 371,
					"count": 1,
					"min": 371,
					"max": 371
				},
				"2024-09-06": {
					"avg": 289,
					"count": 2,
					"min": 249,
					"max": 329
				},
				"2024-09-20": {
					"avg": 814,
					"count": 1,
					"min": 814,
					"max": 814
				}
			},
			"avg": 366,
			"avg7": -1,
			"avg28": -1
		},
		"normal-nearmint": {
			"history": {
				"2024-06-05": {
					"avg": 650,
					"count": 1,
					"min": 650,
					"max": 650
				},
				"2024-06-06": {
					"avg": 541,
					"count": 1,
					"min": 541,
					"max": 541
				},
				"2024-06-07": {
					"avg": 650,
					"count": 1,
					"min": 650,
					"max": 650
				},
				"2024-06-08": {
					"avg": 761,
					"count": 1,
					"min": 761,
					"max": 761
				},
				"2024-06-11": {
					"avg": 1657,
					"count": 1,
					"min": 1657,
					"max": 1657
				},
				"2024-06-12": {
					"avg": 1414,
					"count": 1,
					"min": 1414,
					"max": 1414
				},
				"2024-06-13": {
					"avg": 1042,
					"count": 1,
					"min": 1042,
					"max": 1042
				},
				"2024-06-15": {
					"avg": 1691,
					"count": 2,
					"min": 1652,
					"max": 1730
				},
				"2024-06-17": {
					"avg": 1917,
					"count": 1,
					"min": 1917,
					"max": 1917
				},
				"2024-06-19": {
					"avg": 1548,
					"count": 1,
					"min": 1548,
					"max": 1548
				},
				"2024-06-25": {
					"avg": 1072,
					"count": 2,
					"min": 684,
					"max": 1459
				},
				"2024-06-26": {
					"avg": 631,
					"count": 1,
					"min": 631,
					"max": 631
				},
				"2024-06-29": {
					"avg": 712,
					"count": 2,
					"min": 624,
					"max": 799
				},
				"2024-06-30": {
					"avg": 798,
					"count": 2,
					"min": 798,
					"max": 798
				},
				"2024-07-01": {
					"avg": 1333,
					"count": 3,
					"min": 698,
					"max": 1652
				},
				"2024-07-03": {
					"avg": 1909,
					"count": 1,
					"min": 1909,
					"max": 1909
				},
				"2024-07-06": {
					"avg": 1478,
					"count": 1,
					"min": 1478,
					"max": 1478
				},
				"2024-07-07": {
					"avg": 1269,
					"count": 3,
					"min": 697,
					"max": 1633
				},
				"2024-07-08": {
					"avg": 697,
					"count": 1,
					"min": 697,
					"max": 697
				},
				"2024-07-10": {
					"avg": 1097,
					"count": 2,
					"min": 697,
					"max": 1496
				},
				"2024-07-12": {
					"avg": 734,
					"count": 1,
					"min": 734,
					"max": 734
				},
				"2024-07-13": {
					"avg": 1520,
					"count": 1,
					"min": 1520,
					"max": 1520
				},
				"2024-07-16": {
					"avg": 697,
					"count": 1,
					"min": 697,
					"max": 697
				},
				"2024-07-17": {
					"avg": 1222,
					"count": 2,
					"min": 748,
					"max": 1696
				},
				"2024-07-18": {
					"avg": 1460,
					"count": 1,
					"min": 1460,
					"max": 1460
				},
				"2024-07-19": {
					"avg": 1004,
					"count": 3,
					"min": 697,
					"max": 1499
				},
				"2024-07-20": {
					"avg": 623,
					"count": 1,
					"min": 623,
					"max": 623
				},
				"2024-07-21": {
					"avg": 1489,
					"count": 1,
					"min": 1489,
					"max": 1489
				},
				"2024-07-24": {
					"avg": 1298,
					"count": 3,
					"min": 740,
					"max": 1793
				},
				"2024-07-26": {
					"avg": 2599,
					"count": 1,
					"min": 2599,
					"max": 2599
				},
				"2024-07-27": {
					"avg": 712,
					"count": 3,
					"min": 697,
					"max": 740
				},
				"2024-07-28": {
					"avg": 1598,
					"count": 1,
					"min": 1598,
					"max": 1598
				},
				"2024-07-31": {
					"avg": 625,
					"count": 1,
					"min": 625,
					"max": 625
				},
				"2024-08-01": {
					"avg": 1022,
					"count": 2,
					"min": 697,
					"max": 1347
				},
				"2024-08-04": {
					"avg": 697,
					"count": 1,
					"min": 697,
					"max": 697
				},
				"2024-08-08": {
					"avg": 917,
					"count": 2,
					"min": 486,
					"max": 1347
				},
				"2024-08-10": {
					"avg": 797,
					"count": 1,
					"min": 797,
					"max": 797
				},
				"2024-08-11": {
					"avg": 697,
					"count": 1,
					"min": 697,
					"max": 697
				},
				"2024-08-15": {
					"avg": 699,
					"count": 1,
					"min": 699,
					"max": 699
				},
				"2024-08-16": {
					"avg": 764,
					"count": 1,
					"min": 764,
					"max": 764
				},
				"2024-08-17": {
					"avg": 511,
					"count": 2,
					"min": 500,
					"max": 521
				},
				"2024-08-18": {
					"avg": 1495,
					"count": 1,
					"min": 1495,
					"max": 1495
				},
				"2024-08-22": {
					"avg": 1594,
					"count": 1,
					"min": 1594,
					"max": 1594
				},
				"2024-08-23": {
					"avg": 1645,
					"count": 1,
					"min": 1645,
					"max": 1645
				},
				"2024-08-27": {
					"avg": 685,
					"count": 2,
					"min": 573,
					"max": 797
				},
				"2024-08-30": {
					"avg": 797,
					"count": 1,
					"min": 797,
					"max": 797
				},
				"2024-09-01": {
					"avg": 526,
					"count": 1,
					"min": 526,
					"max": 526
				},
				"2024-09-02": {
					"avg": 532,
					"count": 3,
					"min": 498,
					"max": 599
				},
				"2024-09-03": {
					"avg": 701,
					"count": 1,
					"min": 701,
					"max": 701
				},
				"2024-09-05": {
					"avg": 1488,
					"count": 2,
					"min": 1488,
					"max": 1488
				},
				"2024-09-07": {
					"avg": 1444,
					"count": 1,
					"min": 1444,
					"max": 1444
				},
				"2024-09-08": {
					"avg": 1022,
					"count": 2,
					"min": 599,
					"max": 1444
				},
				"2024-09-11": {
					"avg": 754,
					"count": 1,
					"min": 754,
					"max": 754
				},
				"2024-09-12": {
					"avg": 1437,
					"count": 1,
					"min": 1437,
					"max": 1437
				},
				"2024-09-13": {
					"avg": 1540,
					"count": 1,
					"min": 1540,
					"max": 1540
				},
				"2024-09-14": {
					"avg": 718,
					"count": 3,
					"min": 603,
					"max": 798
				},
				"2024-09-16": {
					"avg": 1321,
					"count": 2,
					"min": 1107,
					"max": 1534
				},
				"2024-09-17": {
					"avg": 1637,
					"count": 1,
					"min": 1637,
					"max": 1637
				},
				"2024-09-18": {
					"avg": 697,
					"count": 1,
					"min": 697,
					"max": 697
				},
				"2024-09-20": {
					"avg": 1658,
					"count": 1,
					"min": 1658,
					"max": 1658
				},
				"2024-09-21": {
					"avg": 1349,
					"count": 2,
					"min": 920,
					"max": 1778
				},
				"2024-09-22": {
					"avg": 848,
					"count": 1,
					"min": 848,
					"max": 848
				},
				"2024-09-23": {
					"avg": 599,
					"count": 1,
					"min": 599,
					"max": 599
				}
			},
			"avg": 1073,
			"avg7": -1,
			"avg28": -1
		}
	}
}