{
	"data": {
		"normal-good": {
			"history": {
				"2022-11-12": {
					"avg": 287,
					"count": 2
				},
				"2022-11-13": {
					"avg": 488,
					"count": 3
				},
				"2022-11-14": {
					"avg": 374,
					"count": 3
				},
				"2022-11-16": {
					"avg": 266,
					"count": 2
				},
				"2022-11-17": {
					"avg": 454,
					"count": 3
				},
				"2022-11-18": {
					"avg": 244,
					"count": 1
				},
				"2022-11-19": {
					"avg": 104,
					"count": 1,
					"min": 104,
					"max": 104
				},
				"2022-11-21": {
					"avg": 422,
					"count": 2,
					"min": 244,
					"max": 600
				},
				"2022-11-22": {
					"avg": 298,
					"count": 2,
					"min": 197,
					"max": 399
				},
				"2022-11-24": {
					"avg": 139,
					"count": 1,
					"min": 139,
					"max": 139
				},
				"2022-11-25": {
					"avg": 372,
					"count": 8,
					"min": 185,
					"max": 722
				},
				"2022-11-27": {
					"avg": 237,
					"count": 1,
					"min": 237,
					"max": 237
				},
				"2022-11-28": {
					"avg": 756,
					"count": 6,
					"min": 527,
					"max": 1850
				},
				"2022-11-29": {
					"avg": 305,
					"count": 4,
					"min": 188,
					"max": 543
				},
				"2022-11-30": {
					"avg": 669,
					"count": 3,
					"min": 156,
					"max": 1548
				},
				"2022-12-01": {
					"avg": 239,
					"count": 1,
					"min": 239,
					"max": 239
				},
				"2022-12-02": {
					"avg": 207,
					"count": 1,
					"min": 207,
					"max": 207
				},
				"2022-12-03": {
					"avg": 302,
					"count": 1,
					"min": 302,
					"max": 302
				},
				"2022-12-04": {
					"avg": 302,
					"count": 1,
					"min": 302,
					"max": 302
				},
				"2022-12-05": {
					"avg": 319,
					"count": 4,
					"min": 209,
					"max": 565
				},
				"2022-12-07": {
					"avg": 750,
					"count": 2,
					"min": 635,
					"max": 865
				},
				"2022-12-09": {
					"avg": 1477,
					"count": 2,
					"min": 267,
					"max": 2686
				},
				"2022-12-11": {
					"avg": 208,
					"count": 1,
					"min": 208,
					"max": 208
				},
				"2022-12-12": {
					"avg": 695,
					"count": 1,
					"min": 695,
					"max": 695
				},
				"2022-12-13": {
					"avg": 317,
					"count": 4,
					"min": 99,
					"max": 799
				},
				"2022-12-14": {
					"avg": 570,
					"count": 1,
					"min": 570,
					"max": 570
				},
				"2022-12-15": {
					"avg": 699,
					"count": 1,
					"min": 699,
					"max": 699
				},
				"2022-12-16": {
					"avg": 505,
					"count": 2,
					"min": 110,
					"max": 899
				},
				"2022-12-17": {
					"avg": 556,
					"count": 5,
					"min": 225,
					"max": 1174
				},
				"2022-12-19": {
					"avg": 258,
					"count": 3,
					"min": 104,
					"max": 544
				},
				"2022-12-20": {
					"avg": 100,
					"count": 1,
					"min": 100,
					"max": 100
				},
				"2022-12-21": {
					"avg": 658,
					"count": 4,
					"min": 536,
					"max": 803
				},
				"2022-12-22": {
					"avg": 301,
					"count": 4,
					"min": 110,
					"max": 544
				},
				"2022-12-25": {
					"avg": 584,
					"count": 5,
					"min": 225,
					"max": 699
				},
				"2022-12-26": {
					"avg": 600,
					"count": 1,
					"min": 600,
					"max": 600
				},
				"2022-12-27": {
					"avg": 385,
					"count": 2,
					"min": 175,
					"max": 594
				},
				"2022-12-28": {
					"avg": 683,
					"count": 5,
					"min": 308,
					"max": 977
				},
				"2022-12-29": {
					"avg": 674,
					"count": 2,
					"min": 649,
					"max": 699
				},
				"2022-12-30": {
					"avg": 378,
					"count": 7,
					"min": 238,
					"max": 649
				},
				"2022-12-31": {
					"avg": 201,
					"count": 2,
					"min": 199,
					"max": 202
				},
				"2023-01-01": {
					"avg": 550,
					"count": 2,
					"min": 100,
					"max": 999
				},
				"2023-01-02": {
					"avg": 391,
					"count": 10,
					"min": 225,
					"max": 669
				},
				"2023-01-03": {
					"avg": 250,
					"count": 1,
					"min": 250,
					"max": 250
				},
				"2023-01-04": {
					"avg": 370,
					"count": 2,
					"min": 340,
					"max": 399
				},
				"2023-01-07": {
					"avg": 510,
					"count": 2,
					"min": 250,
					"max": 770
				},
				"2023-01-08": {
					"avg": 434,
					"count": 3,
					"min": 364,
					"max": 495
				},
				"2023-01-09": {
					"avg": 320,
					"count": 2,
					"min": 282,
					"max": 357
				},
				"2023-01-10": {
					"avg": 667,
					"count": 3,
					"min": 205,
					"max": 1498
				},
				"2023-01-11": {
					"avg": 496,
					"count": 5,
					"min": 179,
					"max": 744
				},
				"2023-01-12": {
					"avg": 413,
					"count": 5,
					"min": 212,
					"max": 647
				},
				"2023-02-06": {
					"avg": 252,
					"count": 4,
					"min": 179,
					"max": 424
				},
				"2023-02-07": {
					"avg": 227,
					"count": 1,
					"min": 227,
					"max": 227
				},
				"2023-02-08": {
					"avg": 287,
					"count": 2,
					"min": 75,
					"max": 499
				},
				"2023-02-11": {
					"avg": 268,
					"count": 4,
					"min": 177,
					"max": 408
				},
				"2023-02-12": {
					"avg": 456,
					"count": 1,
					"min": 456,
					"max": 456
				},
				"2023-02-14": {
					"avg": 362,
					"count": 4,
					"min": 169,
					"max": 569
				},
				"2023-02-16": {
					"avg": 306,
					"count": 2,
					"min": 174,
					"max": 437
				},
				"2023-02-18": {
					"avg": 350,
					"count": 8,
					"min": 175,
					"max": 570
				},
				"2023-02-19": {
					"avg": 508,
					"count": 2,
					"min": 445,
					"max": 570
				},
				"2023-02-20": {
					"avg": 657,
					"count": 8,
					"min": 112,
					"max": 1199
				},
				"2023-02-21": {
					"avg": 150,
					"count": 1,
					"min": 150,
					"max": 150
				},
				"2023-02-22": {
					"avg": 895,
					"count": 1,
					"min": 895,
					"max": 895
				},
				"2023-02-23": {
					"avg": 424,
					"count": 2,
					"min": 150,
					"max": 698
				},
				"2023-02-24": {
					"avg": 389,
					"count": 2,
					"min": 204,
					"max": 574
				},
				"2023-02-26": {
					"avg": 384,
					"count": 7,
					"min": 112,
					"max": 600
				},
				"2023-02-27": {
					"avg": 586,
					"count": 4,
					"min": 468,
					"max": 745
				},
				"2023-02-28": {
					"avg": 386,
					"count": 5,
					"min": 287,
					"max": 534
				},
				"2023-03-01": {
					"avg": 698,
					"count": 1,
					"min": 698,
					"max": 698
				},
				"2023-03-02": {
					"avg": 408,
					"count": 6,
					"min": 299,
					"max": 454
				},
				"2023-03-03": {
					"avg": 348,
					"count": 3,
					"min": 163,
					"max": 462
				},
				"2023-03-04": {
					"avg": 434,
					"count": 2,
					"min": 268,
					"max": 599
				},
				"2023-03-05": {
					"avg": 490,
					"count": 3,
					"min": 308,
					"max": 629
				},
				"2023-03-06": {
					"avg": 388,
					"count": 5,
					"min": 150,
					"max": 597
				},
				"2023-03-07": {
					"avg": 659,
					"count": 2,
					"min": 569,
					"max": 749
				},
				"2023-03-09": {
					"avg": 673,
					"count": 1,
					"min": 673,
					"max": 673
				},
				"2023-03-10": {
					"avg": 294,
					"count": 1,
					"min": 294,
					"max": 294
				},
				"2023-03-11": {
					"avg": 746,
					"count": 4,
					"min": 235,
					"max": 1024
				},
				"2023-03-13": {
					"avg": 393,
					"count": 3,
					"min": 235,
					"max": 595
				},
				"2023-03-14": {
					"avg": 625,
					"count": 2,
					"min": 600,
					"max": 649
				},
				"2023-03-16": {
					"avg": 999,
					"count": 1,
					"min": 999,
					"max": 999
				},
				"2023-03-18": {
					"avg": 352,
					"count": 1,
					"min": 352,
					"max": 352
				},
				"2023-03-22": {
					"avg": 200,
					"count": 1,
					"min": 200,
					"max": 200
				},
				"2023-03-23": {
					"avg": 183,
					"count": 1,
					"min": 183,
					"max": 183
				},
				"2023-03-24": {
					"avg": 552,
					"count": 3,
					"min": 149,
					"max": 844
				},
				"2023-03-25": {
					"avg": 250,
					"count": 3,
					"min": 175,
					"max": 325
				},
				"2023-03-26": {
					"avg": 339,
					"count": 4,
					"min": 309,
					"max": 349
				},
				"2023-03-27": {
					"avg": 313,
					"count": 3,
					"min": 250,
					"max": 345
				},
				"2023-03-28": {
					"avg": 603,
					"count": 2,
					"min": 208,
					"max": 998
				},
				"2023-03-31": {
					"avg": 352,
					"count": 4,
					"min": 246,
					"max": 669
				},
				"2023-04-01": {
					"avg": 693,
					"count": 3,
					"min": 399,
					"max": 1192
				},
				"2023-04-02": {
					"avg": 393,
					"count": 3,
					"min": 113,
					"max": 669
				},
				"2023-04-03": {
					"avg": 468,
					"count": 3,
					"min": 235,
					"max": 669
				},
				"2023-04-05": {
					"avg": 473,
					"count": 3,
					"min": 248,
					"max": 673
				},
				"2023-04-07": {
					"avg": 344,
					"count": 1,
					"min": 344,
					"max": 344
				},
				"2023-04-08": {
					"avg": 599,
					"count": 1,
					"min": 599,
					"max": 599
				},
				"2023-04-09": {
					"avg": 446,
					"count": 1,
					"min": 446,
					"max": 446
				},
				"2023-04-10": {
					"avg": 433,
					"count": 3,
					"min": 199,
					"max": 700
				},
				"2023-04-13": {
					"avg": 657,
					"count": 2,
					"min": 644,
					"max": 669
				},
				"2023-04-14": {
					"avg": 267,
					"count": 2,
					"min": 261,
					"max": 273
				},
				"2023-04-15": {
					"avg": 338,
					"count": 4,
					"min": 124,
					"max": 869
				},
				"2023-04-16": {
					"avg": 328,
					"count": 4,
					"min": 190,
					"max": 575
				},
				"2023-04-17": {
					"avg": 360,
					"count": 1,
					"min": 360,
					"max": 360
				},
				"2023-04-18": {
					"avg": 499,
					"count": 2,
					"min": 299,
					"max": 699
				},
				"2023-04-19": {
					"avg": 172,
					"count": 1,
					"min": 172,
					"max": 172
				},
				"2023-04-20": {
					"avg": 1070,
					"count": 1,
					"min": 1070,
					"max": 1070
				},
				"2023-04-21": {
					"avg": 364,
					"count": 3,
					"min": 147,
					"max": 697
				},
				"2023-04-22": {
					"avg": 250,
					"count": 2,
					"min": 232,
					"max": 267
				},
				"2023-04-25": {
					"avg": 273,
					"count": 2,
					"min": 199,
					"max": 347
				},
				"2023-04-26": {
					"avg": 130,
					"count": 1,
					"min": 130,
					"max": 130
				},
				"2023-04-27": {
					"avg": 296,
					"count": 1,
					"min": 296,
					"max": 296
				},
				"2023-04-30": {
					"avg": 599,
					"count": 1,
					"min": 599,
					"max": 599
				},
				"2023-05-01": {
					"avg": 530,
					"count": 3,
					"min": 263,
					"max": 803
				},
				"2023-05-03": {
					"avg": 205,
					"count": 3,
					"min": 137,
					"max": 239
				},
				"2023-05-04": {
					"avg": 172,
					"count": 15,
					"min": 136,
					"max": 679
				},
				"2023-05-05": {
					"avg": 260,
					"count": 3,
					"min": 237,
					"max": 279
				},
				"2023-05-06": {
					"avg": 287,
					"count": 3,
					"min": 263,
					"max": 301
				},
				"2023-05-08": {
					"avg": 279,
					"count": 1,
					"min": 279,
					"max": 279
				},
				"2023-05-09": {
					"avg": 265,
					"count": 2,
					"min": 250,
					"max": 279
				},
				"2023-05-10": {
					"avg": 153,
					"count": 4,
					"min": 122,
					"max": 229
				},
				"2023-05-11": {
					"avg": 749,
					"count": 2,
					"min": 599,
					"max": 898
				},
				"2023-05-12": {
					"avg": 130,
					"count": 1,
					"min": 130,
					"max": 130
				},
				"2023-05-13": {
					"avg": 306,
					"count": 1,
					"min": 306,
					"max": 306
				},
				"2023-05-16": {
					"avg": 540,
					"count": 2,
					"min": 279,
					"max": 802
				},
				"2023-05-17": {
					"avg": 333,
					"count": 3,
					"min": 209,
					"max": 560
				},
				"2023-05-18": {
					"avg": 312,
					"count": 4,
					"min": 279,
					"max": 394
				},
				"2023-05-19": {
					"avg": 230,
					"count": 1,
					"min": 230,
					"max": 230
				},
				"2023-05-20": {
					"avg": 898,
					"count": 1,
					"min": 898,
					"max": 898
				},
				"2023-05-21": {
					"avg": 735,
					"count": 4,
					"min": 225,
					"max": 1024
				},
				"2023-05-22": {
					"avg": 449,
					"count": 2,
					"min": 199,
					"max": 698
				},
				"2023-05-23": {
					"avg": 392,
					"count": 1,
					"min": 392,
					"max": 392
				},
				"2023-05-24": {
					"avg": 179,
					"count": 1,
					"min": 179,
					"max": 179
				},
				"2023-05-26": {
					"avg": 345,
					"count": 6,
					"min": 277,
					"max": 586
				},
				"2023-05-27": {
					"avg": 694,
					"count": 2,
					"min": 389,
					"max": 999
				},
				"2023-05-28": {
					"avg": 244,
					"count": 2,
					"min": 208,
					"max": 279
				},
				"2023-05-30": {
					"avg": 611,
					"count": 3,
					"min": 390,
					"max": 999
				},
				"2023-05-31": {
					"avg": 311,
					"count": 4,
					"min": 174,
					"max": 456
				},
				"2023-06-01": {
					"avg": 198,
					"count": 1,
					"min": 198,
					"max": 198
				},
				"2023-06-02": {
					"avg": 237,
					"count": 1,
					"min": 237,
					"max": 237
				},
				"2023-06-03": {
					"avg": 395,
					"count": 1,
					"min": 395,
					"max": 395
				},
				"2023-06-04": {
					"avg": 378,
					"count": 1,
					"min": 378,
					"max": 378
				},
				"2023-06-05": {
					"avg": 226,
					"count": 2,
					"min": 213,
					"max": 238
				},
				"2023-06-06": {
					"avg": 226,
					"count": 7,
					"min": 119,
					"max": 310
				},
				"2023-06-07": {
					"avg": 288,
					"count": 1,
					"min": 288,
					"max": 288
				},
				"2023-06-08": {
					"avg": 294,
					"count": 1,
					"min": 294,
					"max": 294
				},
				"2023-06-09": {
					"avg": 562,
					"count": 2,
					"min": 226,
					"max": 898
				},
				"2023-06-10": {
					"avg": 898,
					"count": 1,
					"min": 898,
					"max": 898
				},
				"2023-06-11": {
					"avg": 399,
					"count": 1,
					"min": 399,
					"max": 399
				},
				"2023-06-12": {
					"avg": 450,
					"count": 1,
					"min": 450,
					"max": 450
				},
				"2023-06-13": {
					"avg": 597,
					"count": 3,
					"min": 217,
					"max": 898
				},
				"2023-06-14": {
					"avg": 191,
					"count": 1,
					"min": 191,
					"max": 191
				},
				"2023-06-15": {
					"avg": 240,
					"count": 3,
					"min": 200,
					"max": 302
				},
				"2023-06-16": {
					"avg": 314,
					"count": 6,
					"min": 149,
					"max": 898
				},
				"2023-06-17": {
					"avg": 308,
					"count": 1,
					"min": 308,
					"max": 308
				},
				"2023-06-20": {
					"avg": 783,
					"count": 3,
					"min": 550,
					"max": 899
				},
				"2023-06-21": {
					"avg": 211,
					"count": 1,
					"min": 211,
					"max": 211
				},
				"2023-06-22": {
					"avg": 524,
					"count": 1,
					"min": 524,
					"max": 524
				},
				"2023-06-23": {
					"avg": 392,
					"count": 3,
					"min": 166,
					"max": 700
				},
				"2023-06-24": {
					"avg": 451,
					"count": 3,
					"min": 166,
					"max": 898
				},
				"2023-06-25": {
					"avg": 500,
					"count": 1,
					"min": 500,
					"max": 500
				},
				"2023-06-26": {
					"avg": 485,
					"count": 2,
					"min": 304,
					"max": 665
				},
				"2023-06-27": {
					"avg": 2298,
					"count": 1,
					"min": 2298,
					"max": 2298
				},
				"2023-06-28": {
					"avg": 374,
					"count": 1,
					"min": 374,
					"max": 374
				},
				"2023-06-29": {
					"avg": 887,
					"count": 2,
					"min": 487,
					"max": 1287
				},
				"2023-06-30": {
					"avg": 321,
					"count": 5,
					"min": 113,
					"max": 499
				},
				"2023-07-01": {
					"avg": 713,
					"count": 2,
					"min": 548,
					"max": 878
				},
				"2023-07-02": {
					"avg": 391,
					"count": 5,
					"min": 251,
					"max": 610
				},
				"2023-07-03": {
					"avg": 482,
					"count": 3,
					"min": 149,
					"max": 699
				},
				"2023-07-04": {
					"avg": 275,
					"count": 2,
					"min": 275,
					"max": 275
				},
				"2023-07-06": {
					"avg": 299,
					"count": 1,
					"min": 299,
					"max": 299
				},
				"2023-07-07": {
					"avg": 362,
					"count": 5,
					"min": 203,
					"max": 697
				},
				"2023-07-08": {
					"avg": 170,
					"count": 1,
					"min": 170,
					"max": 170
				},
				"2023-07-09": {
					"avg": 814,
					"count": 2,
					"min": 380,
					"max": 1248
				},
				"2023-07-10": {
					"avg": 666,
					"count": 5,
					"min": 166,
					"max": 1695
				},
				"2023-07-11": {
					"avg": 626,
					"count": 1,
					"min": 626,
					"max": 626
				},
				"2023-07-13": {
					"avg": 575,
					"count": 2,
					"min": 193,
					"max": 957
				},
				"2023-07-14": {
					"avg": 288,
					"count": 2,
					"min": 225,
					"max": 350
				},
				"2023-07-15": {
					"avg": 644,
					"count": 2,
					"min": 409,
					"max": 878
				},
				"2023-07-16": {
					"avg": 270,
					"count": 3,
					"min": 172,
					"max": 426
				},
				"2023-07-17": {
					"avg": 670,
					"count": 1,
					"min": 670,
					"max": 670
				},
				"2023-07-18": {
					"avg": 675,
					"count": 1,
					"min": 675,
					"max": 675
				},
				"2023-07-19": {
					"avg": 214,
					"count": 3,
					"min": 125,
					"max": 350
				},
				"2023-07-20": {
					"avg": 216,
					"count": 4,
					"min": 130,
					"max": 308
				},
				"2023-07-22": {
					"avg": 296,
					"count": 4,
					"min": 99,
					"max": 659
				},
				"2023-07-23": {
					"avg": 304,
					"count": 2,
					"min": 199,
					"max": 409
				},
				"2023-07-24": {
					"avg": 555,
					"count": 2,
					"min": 213,
					"max": 896
				},
				"2023-07-25": {
					"avg": 572,
					"count": 4,
					"min": 350,
					"max": 1188
				},
				"2023-07-26": {
					"avg": 449,
					"count": 1,
					"min": 449,
					"max": 449
				},
				"2023-07-27": {
					"avg": 498,
					"count": 3,
					"min": 308,
					"max": 874
				},
				"2023-07-29": {
					"avg": 212,
					"count": 2,
					"min": 199,
					"max": 225
				},
				"2023-07-30": {
					"avg": 313,
					"count": 2,
					"min": 277,
					"max": 349
				},
				"2023-08-01": {
					"avg": 479,
					"count": 3,
					"min": 255,
					"max": 684
				},
				"2023-08-02": {
					"avg": 631,
					"count": 3,
					"min": 199,
					"max": 1094
				},
				"2023-08-03": {
					"avg": 640,
					"count": 3,
					"min": 172,
					"max": 874
				},
				"2023-08-04": {
					"avg": 658,
					"count": 5,
					"min": 244,
					"max": 898
				},
				"2023-08-06": {
					"avg": 417,
					"count": 6,
					"min": 99,
					"max": 900
				},
				"2023-08-09": {
					"avg": 247,
					"count": 6,
					"min": 199,
					"max": 315
				},
				"2023-08-10": {
					"avg": 174,
					"count": 1,
					"min": 174,
					"max": 174
				},
				"2023-08-11": {
					"avg": 291,
					"count": 2,
					"min": 173,
					"max": 409
				},
				"2023-08-12": {
					"avg": 173,
					"count": 1,
					"min": 173,
					"max": 173
				},
				"2023-08-14": {
					"avg": 454,
					"count": 1,
					"min": 454,
					"max": 454
				},
				"2023-08-15": {
					"avg": 276,
					"count": 3,
					"min": 229,
					"max": 329
				},
				"2023-08-16": {
					"avg": 594,
					"count": 6,
					"min": 177,
					"max": 1128
				},
				"2023-08-18": {
					"avg": 318,
					"count": 1,
					"min": 318,
					"max": 318
				},
				"2023-08-19": {
					"avg": 643,
					"count": 2,
					"min": 416,
					"max": 869
				},
				"2023-08-20": {
					"avg": 572,
					"count": 3,
					"min": 258,
					"max": 1009
				},
				"2023-08-21": {
					"avg": 698,
					"count": 1,
					"min": 698,
					"max": 698
				},
				"2023-08-24": {
					"avg": 262,
					"count": 3,
					"min": 168,
					"max": 312
				},
				"2023-08-26": {
					"avg": 603,
					"count": 1,
					"min": 603,
					"max": 603
				},
				"2023-08-27": {
					"avg": 234,
					"count": 1,
					"min": 234,
					"max": 234
				},
				"2023-08-28": {
					"avg": 481,
					"count": 3,
					"min": 350,
					"max": 672
				},
				"2023-08-29": {
					"avg": 449,
					"count": 1,
					"min": 449,
					"max": 449
				},
				"2023-08-30": {
					"avg": 630,
					"count": 2,
					"min": 221,
					"max": 1039
				},
				"2023-08-31": {
					"avg": 226,
					"count": 2,
					"min": 132,
					"max": 320
				},
				"2023-09-01": {
					"avg": 297,
					"count": 2,
					"min": 251,
					"max": 343
				},
				"2023-09-02": {
					"avg": 742,
					"count": 2,
					"min": 185,
					"max": 1298
				},
				"2023-09-03": {
					"avg": 246,
					"count": 1,
					"min": 246,
					"max": 246
				},
				"2023-09-04": {
					"avg": 539,
					"count": 2,
					"min": 449,
					"max": 629
				},
				"2023-09-08": {
					"avg": 395,
					"count": 2,
					"min": 200,
					"max": 589
				},
				"2023-09-09": {
					"avg": 599,
					"count": 1,
					"min": 599,
					"max": 599
				},
				"2023-09-11": {
					"avg": 404,
					"count": 2,
					"min": 298,
					"max": 509
				},
				"2023-09-12": {
					"avg": 329,
					"count": 2,
					"min": 259,
					"max": 399
				},
				"2023-09-13": {
					"avg": 657,
					"count": 6,
					"min": 258,
					"max": 2098
				},
				"2023-09-14": {
					"avg": 1028,
					"count": 4,
					"min": 523,
					"max": 1495
				},
				"2023-09-15": {
					"avg": 358,
					"count": 3,
					"min": 199,
					"max": 677
				},
				"2023-09-16": {
					"avg": 168,
					"count": 1,
					"min": 168,
					"max": 168
				},
				"2023-09-17": {
					"avg": 453,
					"count": 3,
					"min": 107,
					"max": 691
				},
				"2023-09-18": {
					"avg": 641,
					"count": 1,
					"min": 641,
					"max": 641
				},
				"2023-09-19": {
					"avg": 680,
					"count": 8,
					"min": 520,
					"max": 799
				},
				"2023-09-21": {
					"avg": 799,
					"count": 1,
					"min": 799,
					"max": 799
				},
				"2023-09-25": {
					"avg": 177,
					"count": 1,
					"min": 177,
					"max": 177
				},
				"2023-09-26": {
					"avg": 567,
					"count": 3,
					"min": 449,
					"max": 630
				},
				"2023-09-28": {
					"avg": 361,
					"count": 2,
					"min": 199,
					"max": 523
				},
				"2023-09-29": {
					"avg": 316,
					"count": 4,
					"min": 238,
					"max": 389
				},
				"2023-09-30": {
					"avg": 419,
					"count": 3,
					"min": 238,
					"max": 720
				},
				"2023-10-02": {
					"avg": 188,
					"count": 4,
					"min": 75,
					"max": 343
				},
				"2023-10-03": {
					"avg": 567,
					"count": 2,
					"min": 399,
					"max": 734
				},
				"2023-10-04": {
					"avg": 566,
					"count": 1,
					"min": 566,
					"max": 566
				},
				"2023-10-05": {
					"avg": 271,
					"count": 2,
					"min": 269,
					"max": 272
				},
				"2023-10-06": {
					"avg": 430,
					"count": 4,
					"min": 209,
					"max": 618
				},
				"2023-10-07": {
					"avg": 300,
					"count": 1,
					"min": 300,
					"max": 300
				},
				"2023-10-08": {
					"avg": 190,
					"count": 1,
					"min": 190,
					"max": 190
				},
				"2023-10-09": {
					"avg": 446,
					"count": 2,
					"min": 298,
					"max": 593
				},
				"2023-10-10": {
					"avg": 273,
					"count": 2,
					"min": 246,
					"max": 299
				},
				"2023-10-11": {
					"avg": 305,
					"count": 2,
					"min": 297,
					"max": 312
				},
				"2023-10-12": {
					"avg": 162,
					"count": 1,
					"min": 162,
					"max": 162
				},
				"2023-10-17": {
					"avg": 1167,
					"count": 2,
					"min": 885,
					"max": 1448
				},
				"2023-10-18": {
					"avg": 198,
					"count": 1,
					"min": 198,
					"max": 198
				},
				"2023-10-20": {
					"avg": 523,
					"count": 3,
					"min": 172,
					"max": 949
				},
				"2023-10-22": {
					"avg": 316,
					"count": 2,
					"min": 269,
					"max": 363
				},
				"2023-10-23": {
					"avg": 449,
					"count": 1,
					"min": 449,
					"max": 449
				},
				"2023-10-24": {
					"avg": 1027,
					"count": 1,
					"min": 1027,
					"max": 1027
				},
				"2023-10-25": {
					"avg": 225,
					"count": 1,
					"min": 225,
					"max": 225
				},
				"2023-10-27": {
					"avg": 581,
					"count": 3,
					"min": 299,
					"max": 757
				},
				"2023-10-28": {
					"avg": 175,
					"count": 1,
					"min": 175,
					"max": 175
				},
				"2023-10-29": {
					"avg": 327,
					"count": 3,
					"min": 100,
					"max": 581
				},
				"2023-10-30": {
					"avg": 299,
					"count": 1,
					"min": 299,
					"max": 299
				},
				"2023-10-31": {
					"avg": 175,
					"count": 1,
					"min": 175,
					"max": 175
				},
				"2023-11-01": {
					"avg": 398,
					"count": 3,
					"min": 75,
					"max": 823
				},
				"2023-11-02": {
					"avg": 329,
					"count": 1,
					"min": 329,
					"max": 329
				},
				"2023-11-03": {
					"avg": 524,
					"count": 8,
					"min": 227,
					"max": 1258
				},
				"2023-11-06": {
					"avg": 870,
					"count": 2,
					"min": 820,
					"max": 920
				},
				"2023-11-07": {
					"avg": 580,
					"count": 1,
					"min": 580,
					"max": 580
				},
				"2023-11-12": {
					"avg": 349,
					"count": 2,
					"min": 199,
					"max": 499
				},
				"2023-11-14": {
					"avg": 519,
					"count": 2,
					"min": 350,
					"max": 688
				},
				"2023-11-15": {
					"avg": 392,
					"count": 5,
					"min": 298,
					"max": 426
				},
				"2023-11-16": {
					"avg": 121,
					"count": 2,
					"min": 67,
					"max": 175
				},
				"2023-11-17": {
					"avg": 200,
					"count": 1,
					"min": 200,
					"max": 200
				},
				"2023-11-18": {
					"avg": 269,
					"count": 3,
					"min": 148,
					"max": 474
				},
				"2023-11-19": {
					"avg": 70,
					"count": 1,
					"min": 70,
					"max": 70
				},
				"2023-11-20": {
					"avg": 517,
					"count": 7,
					"min": 298,
					"max": 948
				},
				"2023-11-21": {
					"avg": 177,
					"count": 3,
					"min": 128,
					"max": 225
				},
				"2023-11-24": {
					"avg": 339,
					"count": 32,
					"min": 160,
					"max": 637
				},
				"2023-11-26": {
					"avg": 605,
					"count": 2,
					"min": 460,
					"max": 749
				},
				"2023-11-27": {
					"avg": 569,
					"count": 2,
					"min": 499,
					"max": 639
				},
				"2024-05-16": {
					"avg": 273,
					"count": 3,
					"min": 199,
					"max": 398
				},
				"2024-05-17": {
					"avg": 355,
					"count": 11,
					"min": 136,
					"max": 752
				},
				"2024-05-18": {
					"avg": 722,
					"count": 4,
					"min": 190,
					"max": 1041
				},
				"2024-05-19": {
					"avg": 370,
					"count": 3,
					"min": 289,
					"max": 499
				},
				"2024-05-20": {
					"avg": 737,
					"count": 2,
					"min": 450,
					"max": 1023
				},
				"2024-05-21": {
					"avg": 439,
					"count": 9,
					"min": 121,
					"max": 875
				},
				"2024-05-22": {
					"avg": 326,
					"count": 3,
					"min": 248,
					"max": 399
				},
				"2024-05-24": {
					"avg": 393,
					"count": 1,
					"min": 393,
					"max": 393
				},
				"2024-05-25": {
					"avg": 271,
					"count": 1,
					"min": 271,
					"max": 271
				},
				"2024-05-30": {
					"avg": 199,
					"count": 1,
					"min": 199,
					"max": 199
				},
				"2024-05-31": {
					"avg": 372,
					"count": 2,
					"min": 340,
					"max": 404
				},
				"2024-06-02": {
					"avg": 499,
					"count": 1,
					"min": 499,
					"max": 499
				},
				"2024-06-03": {
					"avg": 348,
					"count": 1,
					"min": 348,
					"max": 348
				},
				"2024-06-04": {
					"avg": 274,
					"count": 4,
					"min": 185,
					"max": 521
				},
				"2024-06-06": {
					"avg": 479,
					"count": 1,
					"min": 479,
					"max": 479
				},
				"2024-06-07": {
					"avg": 1100,
					"count": 1,
					"min": 1100,
					"max": 1100
				},
				"2024-06-08": {
					"avg": 309,
					"count": 1,
					"min": 309,
					"max": 309
				},
				"2024-06-09": {
					"avg": 503,
					"count": 1,
					"min": 503,
					"max": 503
				},
				"2024-06-12": {
					"avg": 500,
					"count": 4,
					"min": 497,
					"max": 508
				},
				"2024-06-13": {
					"avg": 287,
					"count": 1,
					"min": 287,
					"max": 287
				},
				"2024-06-14": {
					"avg": 345,
					"count": 3,
					"min": 319,
					"max": 369
				},
				"2024-06-16": {
					"avg": 344,
					"count": 1,
					"min": 344,
					"max": 344
				},
				"2024-06-17": {
					"avg": 306,
					"count": 1,
					"min": 306,
					"max": 306
				},
				"2024-06-18": {
					"avg": 584,
					"count": 2,
					"min": 584,
					"max": 584
				},
				"2024-06-20": {
					"avg": 353,
					"count": 1,
					"min": 353,
					"max": 353
				},
				"2024-06-21": {
					"avg": 262,
					"count": 3,
					"min": 195,
					"max": 343
				},
				"2024-06-23": {
					"avg": 548,
					"count": 1,
					"min": 548,
					"max": 548
				},
				"2024-06-24": {
					"avg": 345,
					"count": 1,
					"min": 345,
					"max": 345
				},
				"2024-06-26": {
					"avg": 593,
					"count": 2,
					"min": 249,
					"max": 937
				},
				"2024-06-28": {
					"avg": 598,
					"count": 1,
					"min": 598,
					"max": 598
				},
				"2024-06-30": {
					"avg": 630,
					"count": 1,
					"min": 630,
					"max": 630
				},
				"2024-07-01": {
					"avg": 409,
					"count": 2,
					"min": 318,
					"max": 499
				},
				"2024-07-02": {
					"avg": 440,
					"count": 1,
					"min": 440,
					"max": 440
				},
				"2024-07-03": {
					"avg": 558,
					"count": 3,
					"min": 475,
					"max": 605
				},
				"2024-07-04": {
					"avg": 197,
					"count": 1,
					"min": 197,
					"max": 197
				},
				"2024-07-05": {
					"avg": 489,
					"count": 2,
					"min": 463,
					"max": 515
				},
				"2024-07-07": {
					"avg": 1329,
					"count": 1,
					"min": 1329,
					"max": 1329
				},
				"2024-07-08": {
					"avg": 428,
					"count": 1,
					"min": 428,
					"max": 428
				},
				"2024-07-09": {
					"avg": 515,
					"count": 1,
					"min": 515,
					"max": 515
				},
				"2024-07-11": {
					"avg": 388,
					"count": 2,
					"min": 260,
					"max": 515
				},
				"2024-07-13": {
					"avg": 500,
					"count": 1,
					"min": 500,
					"max": 500
				},
				"2024-07-14": {
					"avg": 263,
					"count": 2,
					"min": 263,
					"max": 263
				},
				"2024-07-16": {
					"avg": 263,
					"count": 1,
					"min": 263,
					"max": 263
				},
				"2024-07-18": {
					"avg": 397,
					"count": 1,
					"min": 397,
					"max": 397
				},
				"2024-07-19": {
					"avg": 297,
					"count": 1,
					"min": 297,
					"max": 297
				},
				"2024-07-20": {
					"avg": 199,
					"count": 1,
					"min": 199,
					"max": 199
				},
				"2024-07-21": {
					"avg": 435,
					"count": 3,
					"min": 203,
					"max": 776
				},
				"2024-07-22": {
					"avg": 532,
					"count": 1,
					"min": 532,
					"max": 532
				},
				"2024-07-26": {
					"avg": 327,
					"count": 2,
					"min": 326,
					"max": 327
				},
				"2024-07-30": {
					"avg": 200,
					"count": 1,
					"min": 200,
					"max": 200
				},
				"2024-07-31": {
					"avg": 416,
					"count": 2,
					"min": 318,
					"max": 514
				},
				"2024-08-01": {
					"avg": 349,
					"count": 3,
					"min": 249,
					"max": 480
				},
				"2024-08-02": {
					"avg": 333,
					"count": 3,
					"min": 318,
					"max": 362
				},
				"2024-08-03": {
					"avg": 277,
					"count": 1,
					"min": 277,
					"max": 277
				},
				"2024-08-04": {
					"avg": 178,
					"count": 1,
					"min": 178,
					"max": 178
				},
				"2024-08-05": {
					"avg": 439,
					"count": 2,
					"min": 364,
					"max": 514
				},
				"2024-08-09": {
					"avg": 420,
					"count": 1,
					"min": 420,
					"max": 420
				},
				"2024-08-10": {
					"avg": 276,
					"count": 2,
					"min": 234,
					"max": 318
				},
				"2024-08-11": {
					"avg": 273,
					"count": 4,
					"min": 200,
					"max": 375
				},
				"2024-08-12": {
					"avg": 333,
					"count": 3,
					"min": 305,
					"max": 367
				},
				"2024-08-13": {
					"avg": 474,
					"count": 3,
					"min": 387,
					"max": 517
				},
				"2024-08-15": {
					"avg": 364,
					"count": 3,
					"min": 277,
					"max": 511
				},
				"2024-08-16": {
					"avg": 226,
					"count": 1,
					"min": 226,
					"max": 226
				},
				"2024-08-17": {
					"avg": 260,
					"count": 2,
					"min": 199,
					"max": 320
				},
				"2024-08-20": {
					"avg": 244,
					"count": 4,
					"min": 145,
					"max": 536
				},
				"2024-08-21": {
					"avg": 145,
					"count": 2,
					"min": 145,
					"max": 145
				},
				"2024-08-22": {
					"avg": 145,
					"count": 1,
					"min": 145,
					"max": 145
				},
				"2024-08-23": {
					"avg": 148,
					"count": 1,
					"min": 148,
					"max": 148
				},
				"2024-08-24": {
					"avg": 276,
					"count": 1,
					"min": 276,
					"max": 276
				},
				"2024-08-25": {
					"avg": 321,
					"count": 1,
					"min": 321,
					"max": 321
				},
				"2024-08-26": {
					"avg": 178,
					"count": 1,
					"min": 178,
					"max": 178
				},
				"2024-08-29": {
					"avg": 194,
					"count": 2,
					"min": 194,
					"max": 194
				},
				"2024-08-31": {
					"avg": 268,
					"count": 3,
					"min": 178,
					"max": 385
				},
				"2024-09-01": {
					"avg": 305,
					"count": 1,
					"min": 305,
					"max": 305
				},
				"2024-09-02": {
					"avg": 373,
					"count": 2,
					"min": 305,
					"max": 441
				},
				"2024-09-03": {
					"avg": 413,
					"count": 4,
					"min": 295,
					"max": 515
				},
				"2024-09-04": {
					"avg": 305,
					"count": 1,
					"min": 305,
					"max": 305
				},
				"2024-09-06": {
					"avg": 264,
					"count": 2,
					"min": 250,
					"max": 277
				},
				"2024-09-08": {
					"avg": 263,
					"count": 2,
					"min": 249,
					"max": 276
				},
				"2024-09-12": {
					"avg": 562,
					"count": 1,
					"min": 562,
					"max": 562
				},
				"2024-09-13": {
					"avg": 1133,
					"count": 1,
					"min": 1133,
					"max": 1133
				},
				"2024-09-14": {
					"avg": 262,
					"count": 4,
					"min": 184,
					"max": 311
				},
				"2024-09-15": {
					"avg": 536,
					"count": 1,
					"min": 536,
					"max": 536
				},
				"2024-09-16": {
					"avg": 552,
					"count": 1,
					"min": 552,
					"max": 552
				},
				"2024-09-17": {
					"avg": 546,
					"count": 1,
					"min": 546,
					"max": 546
				},
				"2024-09-19": {
					"avg": 432,
					"count": 3,
					"min": 257,
					"max": 583
				},
				"2024-09-21": {
					"avg": 291,
					"count": 2,
					"min": 276,
					"max": 305
				}
			},
			"avg": 424,
			"avg7": 432,
			"avg28": 432
		},
		"normal-played": {
			"history": {
				"2024-05-27": {
					"avg": 360,
					"count": 2,
					"min": 221,
					"max": 498
				},
				"2024-05-30": {
					"avg": 221,
					"count": 2,
					"min": 221,
					"max": 221
				},
				"2024-05-31": {
					"avg": 575,
					"count": 1,
					"min": 575,
					"max": 575
				},
				"2024-06-02": {
					"avg": 222,
					"count": 1,
					"min": 222,
					"max": 222
				},
				"2024-06-03": {
					"avg": 431,
					"count": 1,
					"min": 431,
					"max": 431
				},
				"2024-06-08": {
					"avg": 153,
					"count": 2,
					"min": 150,
					"max": 155
				},
				"2024-06-09": {
					"avg": 359,
					"count": 2,
					"min": 224,
					"max": 494
				},
				"2024-06-17": {
					"avg": 273,
					"count": 1,
					"min": 273,
					"max": 273
				},
				"2024-06-18": {
					"avg": 180,
					"count": 1,
					"min": 180,
					"max": 180
				},
				"2024-06-20": {
					"avg": 399,
					"count": 1,
					"min": 399,
					"max": 399
				},
				"2024-06-22": {
					"avg": 290,
					"count": 1,
					"min": 290,
					"max": 290
				},
				"2024-06-27": {
					"avg": 425,
					"count": 1,
					"min": 425,
					"max": 425
				},
				"2024-06-30": {
					"avg": 283,
					"count": 2,
					"min": 268,
					"max": 298
				},
				"2024-07-02": {
					"avg": 299,
					"count": 1,
					"min": 299,
					"max": 299
				},
				"2024-07-03": {
					"avg": 229,
					"count": 2,
					"min": 165,
					"max": 293
				},
				"2024-07-07": {
					"avg": 431,
					"count": 1,
					"min": 431,
					"max": 431
				},
				"2024-07-08": {
					"avg": 175,
					"count": 1,
					"min": 175,
					"max": 175
				},
				"2024-07-12": {
					"avg": 238,
					"count": 1,
					"min": 238,
					"max": 238
				},
				"2024-07-20": {
					"avg": 305,
					"count": 1,
					"min": 305,
					"max": 305
				},
				"2024-07-21": {
					"avg": 300,
					"count": 1,
					"min": 300,
					"max": 300
				},
				"2024-07-22": {
					"avg": 262,
					"count": 2,
					"min": 198,
					"max": 325
				},
				"2024-07-23": {
					"avg": 263,
					"count": 2,
					"min": 248,
					"max": 277
				},
				"2024-07-31": {
					"avg": 224,
					"count": 2,
					"min": 198,
					"max": 249
				},
				"2024-08-02": {
					"avg": 238,
					"count": 1,
					"min": 238,
					"max": 238
				},
				"2024-08-04": {
					"avg": 583,
					"count": 2,
					"min": 327,
					"max": 838
				},
				"2024-08-05": {
					"avg": 402,
					"count": 4,
					"min": 145,
					"max": 529
				},
				"2024-08-12": {
					"avg": 343,
					"count": 3,
					"min": 327,
					"max": 374
				},
				"2024-08-14": {
					"avg": 268,
					"count": 2,
					"min": 203,
					"max": 333
				},
				"2024-08-15": {
					"avg": 338,
					"count": 2,
					"min": 276,
					"max": 399
				},
				"2024-08-19": {
					"avg": 387,
					"count": 2,
					"min": 352,
					"max": 421
				},
				"2024-08-29": {
					"avg": 1235,
					"count": 3,
					"min": 1235,
					"max": 1235
				},
				"2024-08-31": {
					"avg": 276,
					"count": 1,
					"min": 276,
					"max": 276
				},
				"2024-09-02": {
					"avg": 195,
					"count": 1,
					"min": 195,
					"max": 195
				},
				"2024-09-03": {
					"avg": 1235,
					"count": 1,
					"min": 1235,
					"max": 1235
				},
				"2024-09-05": {
					"avg": 311,
					"count": 2,
					"min": 248,
					"max": 374
				},
				"2024-09-07": {
					"avg": 209,
					"count": 1,
					"min": 209,
					"max": 209
				},
				"2024-09-12": {
					"avg": 215,
					"count": 2,
					"min": 202,
					"max": 227
				},
				"2024-09-14": {
					"avg": 583,
					"count": 2,
					"min": 175,
					"max": 991
				},
				"2024-09-17": {
					"avg": 682,
					"count": 1,
					"min": 682,
					"max": 682
				},
				"2024-09-20": {
					"avg": 175,
					"count": 2,
					"min": 175,
					"max": 175
				},
				"2024-09-21": {
					"avg": 321,
					"count": 2,
					"min": 316,
					"max": 326
				},
				"2024-09-22": {
					"avg": 238,
					"count": 1,
					"min": 238,
					"max": 238
				},
				"2024-09-23": {
					"avg": 227,
					"count": 1,
					"min": 227,
					"max": 227
				}
			},
			"avg": 371,
			"avg7": -1,
			"avg28": -1
		},
		"normal-poor": {
			"history": {
				"2024-05-23": {
					"avg": 95,
					"count": 1,
					"min": 95,
					"max": 95
				},
				"2024-05-26": {
					"avg": 534,
					"count": 1,
					"min": 534,
					"max": 534
				},
				"2024-05-27": {
					"avg": 99,
					"count": 1,
					"min": 99,
					"max": 99
				},
				"2024-05-29": {
					"avg": 283,
					"count": 1,
					"min": 283,
					"max": 283
				},
				"2024-06-05": {
					"avg": 85,
					"count": 1,
					"min": 85,
					"max": 85
				},
				"2024-06-15": {
					"avg": 99,
					"count": 1,
					"min": 99,
					"max": 99
				},
				"2024-06-18": {
					"avg": 419,
					"count": 1,
					"min": 419,
					"max": 419
				},
				"2024-06-20": {
					"avg": 129,
					"count": 1,
					"min": 129,
					"max": 129
				},
				"2024-06-22": {
					"avg": 121,
					"count": 1,
					"min": 121,
					"max": 121
				},
				"2024-06-25": {
					"avg": 351,
					"count": 1,
					"min": 351,
					"max": 351
				},
				"2024-07-01": {
					"avg": 284,
					"count": 1,
					"min": 284,
					"max": 284
				},
				"2024-07-02": {
					"avg": 79,
					"count": 2,
					"min": 79,
					"max": 79
				},
				"2024-07-07": {
					"avg": 187,
					"count": 2,
					"min": 85,
					"max": 288
				},
				"2024-07-10": {
					"avg": 246,
					"count": 1,
					"min": 246,
					"max": 246
				},
				"2024-07-14": {
					"avg": 95,
					"count": 1,
					"min": 95,
					"max": 95
				},
				"2024-07-23": {
					"avg": 201,
					"count": 2,
					"min": 175,
					"max": 227
				},
				"2024-08-09": {
					"avg": 367,
					"count": 1,
					"min": 367,
					"max": 367
				},
				"2024-08-13": {
					"avg": 227,
					"count": 2,
					"min": 227,
					"max": 227
				},
				"2024-08-27": {
					"avg": 330,
					"count": 1,
					"min": 330,
					"max": 330
				},
				"2024-09-04": {
					"avg": 152,
					"count": 1,
					"min": 152,
					"max": 152
				},
				"2024-09-13": {
					"avg": 227,
					"count": 1,
					"min": 227,
					"max": 227
				},
				"2024-09-14": {
					"avg": 153,
					"count": 2,
					"min": 136,
					"max": 170
				},
				"2024-09-18": {
					"avg": 170,
					"count": 1,
					"min": 170,
					"max": 170
				},
				"2024-09-19": {
					"avg": 540,
					"count": 1,
					"min": 540,
					"max": 540
				},
				"2024-09-20": {
					"avg": 639,
					"count": 1,
					"min": 639,
					"max": 639
				}
			},
			"avg": 232,
			"avg7": -1,
			"avg28": -1
		},
		"normal-nearmint": {
			"history": {
				"2024-05-25": {
					"avg": 547,
					"count": 1,
					"min": 547,
					"max": 547
				},
				"2024-05-30": {
					"avg": 623,
					"count": 4,
					"min": 421,
					"max": 799
				},
				"2024-06-04": {
					"avg": 725,
					"count": 1,
					"min": 725,
					"max": 725
				},
				"2024-06-07": {
					"avg": 296,
					"count": 1,
					"min": 296,
					"max": 296
				},
				"2024-06-08": {
					"avg": 799,
					"count": 1,
					"min": 799,
					"max": 799
				},
				"2024-06-09": {
					"avg": 425,
					"count": 1,
					"min": 425,
					"max": 425
				},
				"2024-06-10": {
					"avg": 296,
					"count": 1,
					"min": 296,
					"max": 296
				},
				"2024-06-13": {
					"avg": 488,
					"count": 1,
					"min": 488,
					"max": 488
				},
				"2024-06-15": {
					"avg": 913,
					"count": 2,
					"min": 880,
					"max": 945
				},
				"2024-06-18": {
					"avg": 1098,
					"count": 1,
					"min": 1098,
					"max": 1098
				},
				"2024-06-19": {
					"avg": 499,
					"count": 1,
					"min": 499,
					"max": 499
				},
				"2024-06-25": {
					"avg": 654,
					"count": 2,
					"min": 547,
					"max": 761
				},
				"2024-06-26": {
					"avg": 562,
					"count": 1,
					"min": 562,
					"max": 562
				},
				"2024-06-27": {
					"avg": 1205,
					"count": 1,
					"min": 1205,
					"max": 1205
				},
				"2024-06-28": {
					"avg": 469,
					"count": 1,
					"min": 469,
					"max": 469
				},
				"2024-06-29": {
					"avg": 716,
					"count": 2,
					"min": 632,
					"max": 799
				},
				"2024-07-01": {
					"avg": 969,
					"count": 1,
					"min": 969,
					"max": 969
				},
				"2024-07-02": {
					"avg": 498,
					"count": 2,
					"min": 397,
					"max": 598
				},
				"2024-07-04": {
					"avg": 350,
					"count": 1,
					"min": 350,
					"max": 350
				},
				"2024-07-06": {
					"avg": 848,
					"count": 1,
					"min": 848,
					"max": 848
				},
				"2024-07-07": {
					"avg": 948,
					"count": 1,
					"min": 948,
					"max": 948
				},
				"2024-07-08": {
					"avg": 848,
					"count": 1,
					"min": 848,
					"max": 848
				},
				"2024-07-10": {
					"avg": 773,
					"count": 2,
					"min": 349,
					"max": 1196
				},
				"2024-07-11": {
					"avg": 523,
					"count": 4,
					"min": 397,
					"max": 698
				},
				"2024-07-13": {
					"avg": 397,
					"count": 1,
					"min": 397,
					"max": 397
				},
				"2024-07-15": {
					"avg": 397,
					"count": 1,
					"min": 397,
					"max": 397
				},
				"2024-07-16": {
					"avg": 655,
					"count": 2,
					"min": 378,
					"max": 931
				},
				"2024-07-17": {
					"avg": 1396,
					"count": 1,
					"min": 1396,
					"max": 1396
				},
				"2024-07-19": {
					"avg": 493,
					"count": 4,
					"min": 378,
					"max": 799
				},
				"2024-07-20": {
					"avg": 378,
					"count": 1,
					"min": 378,
					"max": 378
				},
				"2024-07-22": {
					"avg": 414,
					"count": 3,
					"min": 397,
					"max": 448
				},
				"2024-07-23": {
					"avg": 397,
					"count": 1,
					"min": 397,
					"max": 397
				},
				"2024-07-24": {
					"avg": 832,
					"count": 2,
					"min": 397,
					"max": 1267
				},
				"2024-07-25": {
					"avg": 443,
					"count": 1,
					"min": 443,
					"max": 443
				},
				"2024-07-26": {
					"avg": 1099,
					"count": 1,
					"min": 1099,
					"max": 1099
				},
				"2024-07-27": {
					"avg": 349,
					"count": 2,
					"min": 300,
					"max": 397
				},
				"2024-07-29": {
					"avg": 799,
					"count": 1,
					"min": 799,
					"max": 799
				},
				"2024-07-31": {
					"avg": 599,
					"count": 1,
					"min": 599,
					"max": 599
				},
				"2024-08-02": {
					"avg": 725,
					"count": 3,
					"min": 382,
					"max": 1194
				},
				"2024-08-05": {
					"avg": 583,
					"count": 2,
					"min": 397,
					"max": 768
				},
				"2024-08-08": {
					"avg": 619,
					"count": 2,
					"min": 397,
					"max": 841
				},
				"2024-08-11": {
					"avg": 349,
					"count": 1,
					"min": 349,
					"max": 349
				},
				"2024-08-14": {
					"avg": 397,
					"count": 3,
					"min": 397,
					"max": 397
				},
				"2024-08-16": {
					"avg": 397,
					"count": 1,
					"min": 397,
					"max": 397
				},
				"2024-08-17": {
					"avg": 520,
					"count": 3,
					"min": 460,
					"max": 599
				},
				"2024-08-18": {
					"avg": 749,
					"count": 1,
					"min": 749,
					"max": 749
				},
				"2024-08-19": {
					"avg": 575,
					"count": 2,
					"min": 397,
					"max": 752
				},
				"2024-08-20": {
					"avg": 465,
					"count": 1,
					"min": 465,
					"max": 465
				},
				"2024-08-21": {
					"avg": 397,
					"count": 1,
					"min": 397,
					"max": 397
				},
				"2024-08-22": {
					"avg": 1194,
					"count": 1,
					"min": 1194,
					"max": 1194
				},
				"2024-08-23": {
					"avg": 841,
					"count": 1,
					"min": 841,
					"max": 841
				},
				"2024-08-25": {
					"avg": 672,
					"count": 1,
					"min": 672,
					"max": 672
				},
				"2024-08-26": {
					"avg": 397,
					"count": 1,
					"min": 397,
					"max": 397
				},
				"2024-08-28": {
					"avg": 397,
					"count": 1,
					"min": 397,
					"max": 397
				},
				"2024-08-30": {
					"avg": 355,
					"count": 3,
					"min": 333,
					"max": 399
				},
				"2024-08-31": {
					"avg": 460,
					"count": 1,
					"min": 460,
					"max": 460
				},
				"2024-09-01": {
					"avg": 448,
					"count": 1,
					"min": 448,
					"max": 448
				},
				"2024-09-02": {
					"avg": 431,
					"count": 3,
					"min": 397,
					"max": 465
				},
				"2024-09-05": {
					"avg": 523,
					"count": 3,
					"min": 397,
					"max": 772
				},
				"2024-09-06": {
					"avg": 481,
					"count": 1,
					"min": 481,
					"max": 481
				},
				"2024-09-07": {
					"avg": 740,
					"count": 1,
					"min": 740,
					"max": 740
				},
				"2024-09-10": {
					"avg": 619,
					"count": 3,
					"min": 399,
					"max": 835
				},
				"2024-09-11": {
					"avg": 390,
					"count": 3,
					"min": 333,
					"max": 505
				},
				"2024-09-13": {
					"avg": 725,
					"count": 1,
					"min": 725,
					"max": 725
				},
				"2024-09-14": {
					"avg": 486,
					"count": 3,
					"min": 333,
					"max": 793
				},
				"2024-09-15": {
					"avg": 847,
					"count": 1,
					"min": 847,
					"max": 847
				},
				"2024-09-16": {
					"avg": 629,
					"count": 3,
					"min": 481,
					"max": 925
				},
				"2024-09-19": {
					"avg": 1163,
					"count": 1,
					"min": 1163,
					"max": 1163
				},
				"2024-09-20": {
					"avg": 898,
					"count": 2,
					"min": 799,
					"max": 996
				},
				"2024-09-21": {
					"avg": 772,
					"count": 2,
					"min": 339,
					"max": 1205
				},
				"2024-09-22": {
					"avg": 1247,
					"count": 2,
					"min": 395,
					"max": 2098
				}
			},
			"avg": 614,
			"avg7": -1,
			"avg28": -1
		},
		"normal-used": {
			"history": {
				"2024-06-02": {
					"avg": 443,
					"count": 1,
					"min": 443,
					"max": 443
				},
				"2024-06-03": {
					"avg": 137,
					"count": 1,
					"min": 137,
					"max": 137
				},
				"2024-06-06": {
					"avg": 99,
					"count": 1,
					"min": 99,
					"max": 99
				},
				"2024-06-09": {
					"avg": 364,
					"count": 1,
					"min": 364,
					"max": 364
				},
				"2024-06-10": {
					"avg": 383,
					"count": 1,
					"min": 383,
					"max": 383
				},
				"2024-06-14": {
					"avg": 96,
					"count": 1,
					"min": 96,
					"max": 96
				},
				"2024-06-20": {
					"avg": 458,
					"count": 3,
					"min": 458,
					"max": 458
				},
				"2024-06-22": {
					"avg": 100,
					"count": 1,
					"min": 100,
					"max": 100
				},
				"2024-06-27": {
					"avg": 506,
					"count": 2,
					"min": 327,
					"max": 684
				},
				"2024-06-30": {
					"avg": 228,
					"count": 5,
					"min": 228,
					"max": 228
				},
				"2024-07-11": {
					"avg": 159,
					"count": 1,
					"min": 159,
					"max": 159
				},
				"2024-07-16": {
					"avg": 159,
					"count": 1,
					"min": 159,
					"max": 159
				},
				"2024-07-21": {
					"avg": 227,
					"count": 1,
					"min": 227,
					"max": 227
				},
				"2024-07-27": {
					"avg": 149,
					"count": 1,
					"min": 149,
					"max": 149
				},
				"2024-07-31": {
					"avg": 150,
					"count": 1,
					"min": 150,
					"max": 150
				},
				"2024-08-02": {
					"avg": 160,
					"count": 1,
					"min": 160,
					"max": 160
				},
				"2024-08-10": {
					"avg": 160,
					"count": 1,
					"min": 160,
					"max": 160
				},
				"2024-08-22": {
					"avg": 124,
					"count": 1,
					"min": 124,
					"max": 124
				},
				"2024-08-24": {
					"avg": 227,
					"count": 1,
					"min": 227,
					"max": 227
				},
				"2024-08-30": {
					"avg": 159,
					"count": 1,
					"min": 159,
					"max": 159
				},
				"2024-09-02": {
					"avg": 302,
					"count": 1,
					"min": 302,
					"max": 302
				},
				"2024-09-04": {
					"avg": 434,
					"count": 2,
					"min": 168,
					"max": 699
				},
				"2024-09-09": {
					"avg": 151,
					"count": 1,
					"min": 151,
					"max": 151
				},
				"2024-09-23": {
					"avg": 149,
					"count": 1,
					"min": 149,
					"max": 149
				}
			},
			"avg": 259,
			"avg7": -1,
			"avg28": -1
		}
	}
}