{
	"data": {
		"normal-good": {
			"history": {
				"2022-11-12": {
					"avg": 393,
					"count": 1
				},
				"2022-11-13": {
					"avg": 159,
					"count": 1
				},
				"2022-11-14": {
					"avg": 422,
					"count": 2
				},
				"2022-11-15": {
					"avg": 597,
					"count": 1
				},
				"2022-11-16": {
					"avg": 460,
					"count": 1
				},
				"2022-11-17": {
					"avg": 239,
					"count": 4
				},
				"2022-11-19": {
					"avg": 358,
					"count": 2,
					"min": 195,
					"max": 520
				},
				"2022-11-20": {
					"avg": 454,
					"count": 1,
					"min": 454,
					"max": 454
				},
				"2022-11-22": {
					"avg": 207,
					"count": 1,
					"min": 207,
					"max": 207
				},
				"2022-11-23": {
					"avg": 400,
					"count": 1,
					"min": 400,
					"max": 400
				},
				"2022-11-25": {
					"avg": 228,
					"count": 9,
					"min": 159,
					"max": 450
				},
				"2022-11-27": {
					"avg": 503,
					"count": 2,
					"min": 158,
					"max": 848
				},
				"2022-11-28": {
					"avg": 400,
					"count": 2,
					"min": 400,
					"max": 400
				},
				"2022-11-29": {
					"avg": 209,
					"count": 3,
					"min": 164,
					"max": 300
				},
				"2022-11-30": {
					"avg": 898,
					"count": 1,
					"min": 898,
					"max": 898
				},
				"2022-12-02": {
					"avg": 302,
					"count": 1,
					"min": 302,
					"max": 302
				},
				"2022-12-03": {
					"avg": 276,
					"count": 3,
					"min": 225,
					"max": 302
				},
				"2022-12-04": {
					"avg": 302,
					"count": 2,
					"min": 302,
					"max": 302
				},
				"2022-12-05": {
					"avg": 184,
					"count": 2,
					"min": 154,
					"max": 214
				},
				"2022-12-06": {
					"avg": 777,
					"count": 2,
					"min": 304,
					"max": 1249
				},
				"2022-12-07": {
					"avg": 304,
					"count": 1,
					"min": 304,
					"max": 304
				},
				"2022-12-09": {
					"avg": 129,
					"count": 1,
					"min": 129,
					"max": 129
				},
				"2022-12-10": {
					"avg": 393,
					"count": 1,
					"min": 393,
					"max": 393
				},
				"2022-12-11": {
					"avg": 250,
					"count": 1,
					"min": 250,
					"max": 250
				},
				"2022-12-12": {
					"avg": 444,
					"count": 2,
					"min": 293,
					"max": 594
				},
				"2022-12-13": {
					"avg": 99,
					"count": 2,
					"min": 99,
					"max": 99
				},
				"2022-12-16": {
					"avg": 365,
					"count": 1,
					"min": 365,
					"max": 365
				},
				"2022-12-17": {
					"avg": 287,
					"count": 6,
					"min": 99,
					"max": 500
				},
				"2022-12-20": {
					"avg": 393,
					"count": 1,
					"min": 393,
					"max": 393
				},
				"2022-12-21": {
					"avg": 723,
					"count": 1,
					"min": 723,
					"max": 723
				},
				"2022-12-22": {
					"avg": 336,
					"count": 2,
					"min": 258,
					"max": 413
				},
				"2022-12-23": {
					"avg": 357,
					"count": 2,
					"min": 118,
					"max": 595
				},
				"2022-12-24": {
					"avg": 200,
					"count": 2,
					"min": 200,
					"max": 200
				},
				"2022-12-25": {
					"avg": 480,
					"count": 3,
					"min": 358,
					"max": 599
				},
				"2022-12-26": {
					"avg": 487,
					"count": 2,
					"min": 460,
					"max": 514
				},
				"2022-12-27": {
					"avg": 595,
					"count": 1,
					"min": 595,
					"max": 595
				},
				"2022-12-28": {
					"avg": 368,
					"count": 2,
					"min": 236,
					"max": 499
				},
				"2022-12-29": {
					"avg": 669,
					"count": 1,
					"min": 669,
					"max": 669
				},
				"2022-12-30": {
					"avg": 408,
					"count": 3,
					"min": 259,
					"max": 562
				},
				"2022-12-31": {
					"avg": 307,
					"count": 4,
					"min": 118,
					"max": 595
				},
				"2023-01-01": {
					"avg": 437,
					"count": 2,
					"min": 275,
					"max": 599
				},
				"2023-01-02": {
					"avg": 269,
					"count": 2,
					"min": 240,
					"max": 298
				},
				"2023-01-03": {
					"avg": 404,
					"count": 2,
					"min": 404,
					"max": 404
				},
				"2023-01-04": {
					"avg": 312,
					"count": 1,
					"min": 312,
					"max": 312
				},
				"2023-01-05": {
					"avg": 118,
					"count": 1,
					"min": 118,
					"max": 118
				},
				"2023-01-08": {
					"avg": 123,
					"count": 2,
					"min": 118,
					"max": 129
				},
				"2023-01-10": {
					"avg": 599,
					"count": 1,
					"min": 599,
					"max": 599
				},
				"2023-01-11": {
					"avg": 512,
					"count": 2,
					"min": 460,
					"max": 563
				},
				"2023-01-12": {
					"avg": 598,
					"count": 3,
					"min": 499,
					"max": 794
				},
				"2023-02-06": {
					"avg": 437,
					"count": 3,
					"min": 98,
					"max": 669
				},
				"2023-02-07": {
					"avg": 350,
					"count": 3,
					"min": 229,
					"max": 588
				},
				"2023-02-08": {
					"avg": 166,
					"count": 1,
					"min": 166,
					"max": 166
				},
				"2023-02-11": {
					"avg": 236,
					"count": 2,
					"min": 198,
					"max": 274
				},
				"2023-02-12": {
					"avg": 444,
					"count": 5,
					"min": 219,
					"max": 704
				},
				"2023-02-14": {
					"avg": 198,
					"count": 1,
					"min": 198,
					"max": 198
				},
				"2023-02-15": {
					"avg": 548,
					"count": 1,
					"min": 548,
					"max": 548
				},
				"2023-02-16": {
					"avg": 226,
					"count": 2,
					"min": 199,
					"max": 252
				},
				"2023-02-17": {
					"avg": 488,
					"count": 2,
					"min": 479,
					"max": 497
				},
				"2023-02-18": {
					"avg": 371,
					"count": 7,
					"min": 225,
					"max": 569
				},
				"2023-02-19": {
					"avg": 526,
					"count": 3,
					"min": 388,
					"max": 597
				},
				"2023-02-20": {
					"avg": 565,
					"count": 7,
					"min": 178,
					"max": 999
				},
				"2023-02-23": {
					"avg": 237,
					"count": 1,
					"min": 237,
					"max": 237
				},
				"2023-02-24": {
					"avg": 335,
					"count": 3,
					"min": 174,
					"max": 593
				},
				"2023-02-26": {
					"avg": 380,
					"count": 3,
					"min": 174,
					"max": 500
				},
				"2023-02-27": {
					"avg": 423,
					"count": 3,
					"min": 204,
					"max": 590
				},
				"2023-02-28": {
					"avg": 536,
					"count": 4,
					"min": 290,
					"max": 664
				},
				"2023-03-01": {
					"avg": 273,
					"count": 1,
					"min": 273,
					"max": 273
				},
				"2023-03-02": {
					"avg": 677,
					"count": 1,
					"min": 677,
					"max": 677
				},
				"2023-03-03": {
					"avg": 430,
					"count": 2,
					"min": 261,
					"max": 599
				},
				"2023-03-04": {
					"avg": 350,
					"count": 6,
					"min": 94,
					"max": 599
				},
				"2023-03-05": {
					"avg": 499,
					"count": 2,
					"min": 299,
					"max": 699
				},
				"2023-03-09": {
					"avg": 943,
					"count": 2,
					"min": 237,
					"max": 1648
				},
				"2023-03-10": {
					"avg": 590,
					"count": 1,
					"min": 590,
					"max": 590
				},
				"2023-03-11": {
					"avg": 627,
					"count": 4,
					"min": 493,
					"max": 874
				},
				"2023-03-12": {
					"avg": 349,
					"count": 6,
					"min": 221,
					"max": 590
				},
				"2023-03-13": {
					"avg": 284,
					"count": 2,
					"min": 244,
					"max": 324
				},
				"2023-03-14": {
					"avg": 649,
					"count": 1,
					"min": 649,
					"max": 649
				},
				"2023-03-15": {
					"avg": 470,
					"count": 1,
					"min": 470,
					"max": 470
				},
				"2023-03-16": {
					"avg": 338,
					"count": 6,
					"min": 237,
					"max": 414
				},
				"2023-03-18": {
					"avg": 417,
					"count": 2,
					"min": 175,
					"max": 659
				},
				"2023-03-19": {
					"avg": 598,
					"count": 1,
					"min": 598,
					"max": 598
				},
				"2023-03-20": {
					"avg": 438,
					"count": 2,
					"min": 438,
					"max": 438
				},
				"2023-03-21": {
					"avg": 999,
					"count": 5,
					"min": 237,
					"max": 3500
				},
				"2023-03-24": {
					"avg": 583,
					"count": 3,
					"min": 398,
					"max": 675
				},
				"2023-03-25": {
					"avg": 286,
					"count": 3,
					"min": 205,
					"max": 397
				},
				"2023-03-26": {
					"avg": 510,
					"count": 3,
					"min": 434,
					"max": 600
				},
				"2023-03-27": {
					"avg": 478,
					"count": 5,
					"min": 175,
					"max": 1124
				},
				"2023-03-28": {
					"avg": 599,
					"count": 1,
					"min": 599,
					"max": 599
				},
				"2023-03-31": {
					"avg": 305,
					"count": 4,
					"min": 174,
					"max": 598
				},
				"2023-04-01": {
					"avg": 501,
					"count": 3,
					"min": 454,
					"max": 579
				},
				"2023-04-02": {
					"avg": 525,
					"count": 2,
					"min": 516,
					"max": 533
				},
				"2023-04-03": {
					"avg": 441,
					"count": 4,
					"min": 279,
					"max": 599
				},
				"2023-04-05": {
					"avg": 209,
					"count": 2,
					"min": 170,
					"max": 248
				},
				"2023-04-06": {
					"avg": 516,
					"count": 1,
					"min": 516,
					"max": 516
				},
				"2023-04-07": {
					"avg": 170,
					"count": 3,
					"min": 145,
					"max": 199
				},
				"2023-04-08": {
					"avg": 222,
					"count": 3,
					"min": 163,
					"max": 302
				},
				"2023-04-10": {
					"avg": 553,
					"count": 4,
					"min": 349,
					"max": 664
				},
				"2023-04-11": {
					"avg": 132,
					"count": 1,
					"min": 132,
					"max": 132
				},
				"2023-04-12": {
					"avg": 198,
					"count": 1,
					"min": 198,
					"max": 198
				},
				"2023-04-13": {
					"avg": 512,
					"count": 10,
					"min": 396,
					"max": 609
				},
				"2023-04-14": {
					"avg": 311,
					"count": 1,
					"min": 311,
					"max": 311
				},
				"2023-04-15": {
					"avg": 398,
					"count": 5,
					"min": 145,
					"max": 694
				},
				"2023-04-16": {
					"avg": 377,
					"count": 2,
					"min": 209,
					"max": 544
				},
				"2023-04-18": {
					"avg": 298,
					"count": 2,
					"min": 298,
					"max": 298
				},
				"2023-04-19": {
					"avg": 207,
					"count": 2,
					"min": 166,
					"max": 248
				},
				"2023-04-21": {
					"avg": 360,
					"count": 3,
					"min": 225,
					"max": 497
				},
				"2023-04-22": {
					"avg": 160,
					"count": 2,
					"min": 148,
					"max": 171
				},
				"2023-04-23": {
					"avg": 321,
					"count": 4,
					"min": 278,
					"max": 395
				},
				"2023-04-25": {
					"avg": 302,
					"count": 3,
					"min": 298,
					"max": 304
				},
				"2023-04-26": {
					"avg": 142,
					"count": 1,
					"min": 142,
					"max": 142
				},
				"2023-04-27": {
					"avg": 251,
					"count": 2,
					"min": 200,
					"max": 302
				},
				"2023-04-29": {
					"avg": 475,
					"count": 2,
					"min": 350,
					"max": 599
				},
				"2023-04-30": {
					"avg": 350,
					"count": 1,
					"min": 350,
					"max": 350
				},
				"2023-05-01": {
					"avg": 265,
					"count": 2,
					"min": 231,
					"max": 298
				},
				"2023-05-02": {
					"avg": 307,
					"count": 4,
					"min": 198,
					"max": 599
				},
				"2023-05-03": {
					"avg": 443,
					"count": 1,
					"min": 443,
					"max": 443
				},
				"2023-05-04": {
					"avg": 418,
					"count": 2,
					"min": 141,
					"max": 694
				},
				"2023-05-05": {
					"avg": 147,
					"count": 2,
					"min": 145,
					"max": 149
				},
				"2023-05-06": {
					"avg": 640,
					"count": 5,
					"min": 445,
					"max": 778
				},
				"2023-05-07": {
					"avg": 135,
					"count": 1,
					"min": 135,
					"max": 135
				},
				"2023-05-08": {
					"avg": 239,
					"count": 1,
					"min": 239,
					"max": 239
				},
				"2023-05-09": {
					"avg": 294,
					"count": 1,
					"min": 294,
					"max": 294
				},
				"2023-05-10": {
					"avg": 195,
					"count": 1,
					"min": 195,
					"max": 195
				},
				"2023-05-11": {
					"avg": 694,
					"count": 1,
					"min": 694,
					"max": 694
				},
				"2023-05-12": {
					"avg": 175,
					"count": 3,
					"min": 140,
					"max": 195
				},
				"2023-05-13": {
					"avg": 349,
					"count": 2,
					"min": 100,
					"max": 598
				},
				"2023-05-14": {
					"avg": 1002,
					"count": 3,
					"min": 239,
					"max": 2168
				},
				"2023-05-15": {
					"avg": 256,
					"count": 1,
					"min": 256,
					"max": 256
				},
				"2023-05-16": {
					"avg": 376,
					"count": 2,
					"min": 114,
					"max": 639
				},
				"2023-05-17": {
					"avg": 412,
					"count": 4,
					"min": 150,
					"max": 500
				},
				"2023-05-18": {
					"avg": 304,
					"count": 5,
					"min": 169,
					"max": 350
				},
				"2023-05-20": {
					"avg": 597,
					"count": 1,
					"min": 597,
					"max": 597
				},
				"2023-05-21": {
					"avg": 597,
					"count": 3,
					"min": 500,
					"max": 694
				},
				"2023-05-23": {
					"avg": 114,
					"count": 1,
					"min": 114,
					"max": 114
				},
				"2023-05-25": {
					"avg": 298,
					"count": 1,
					"min": 298,
					"max": 298
				},
				"2023-05-26": {
					"avg": 292,
					"count": 2,
					"min": 229,
					"max": 354
				},
				"2023-05-27": {
					"avg": 171,
					"count": 1,
					"min": 171,
					"max": 171
				},
				"2023-05-28": {
					"avg": 408,
					"count": 4,
					"min": 289,
					"max": 595
				},
				"2023-05-29": {
					"avg": 374,
					"count": 2,
					"min": 299,
					"max": 449
				},
				"2023-05-30": {
					"avg": 523,
					"count": 2,
					"min": 449,
					"max": 597
				},
				"2023-05-31": {
					"avg": 572,
					"count": 3,
					"min": 499,
					"max": 695
				},
				"2023-06-02": {
					"avg": 179,
					"count": 1,
					"min": 179,
					"max": 179
				},
				"2023-06-03": {
					"avg": 299,
					"count": 1,
					"min": 299,
					"max": 299
				},
				"2023-06-04": {
					"avg": 414,
					"count": 1,
					"min": 414,
					"max": 414
				},
				"2023-06-05": {
					"avg": 546,
					"count": 1,
					"min": 546,
					"max": 546
				},
				"2023-06-06": {
					"avg": 334,
					"count": 8,
					"min": 169,
					"max": 695
				},
				"2023-06-07": {
					"avg": 322,
					"count": 2,
					"min": 168,
					"max": 475
				},
				"2023-06-08": {
					"avg": 300,
					"count": 1,
					"min": 300,
					"max": 300
				},
				"2023-06-09": {
					"avg": 519,
					"count": 3,
					"min": 210,
					"max": 948
				},
				"2023-06-11": {
					"avg": 368,
					"count": 2,
					"min": 202,
					"max": 533
				},
				"2023-06-12": {
					"avg": 195,
					"count": 1,
					"min": 195,
					"max": 195
				},
				"2023-06-13": {
					"avg": 197,
					"count": 1,
					"min": 197,
					"max": 197
				},
				"2023-06-14": {
					"avg": 615,
					"count": 2,
					"min": 330,
					"max": 899
				},
				"2023-06-16": {
					"avg": 322,
					"count": 5,
					"min": 120,
					"max": 649
				},
				"2023-06-18": {
					"avg": 188,
					"count": 1,
					"min": 188,
					"max": 188
				},
				"2023-06-20": {
					"avg": 455,
					"count": 4,
					"min": 384,
					"max": 519
				},
				"2023-06-21": {
					"avg": 287,
					"count": 2,
					"min": 225,
					"max": 348
				},
				"2023-06-22": {
					"avg": 337,
					"count": 3,
					"min": 205,
					"max": 408
				},
				"2023-06-23": {
					"avg": 390,
					"count": 3,
					"min": 108,
					"max": 649
				},
				"2023-06-24": {
					"avg": 206,
					"count": 1,
					"min": 206,
					"max": 206
				},
				"2023-06-25": {
					"avg": 361,
					"count": 2,
					"min": 225,
					"max": 497
				},
				"2023-06-26": {
					"avg": 203,
					"count": 2,
					"min": 198,
					"max": 208
				},
				"2023-06-27": {
					"avg": 888,
					"count": 4,
					"min": 539,
					"max": 1798
				},
				"2023-06-28": {
					"avg": 457,
					"count": 2,
					"min": 375,
					"max": 539
				},
				"2023-06-29": {
					"avg": 431,
					"count": 2,
					"min": 264,
					"max": 598
				},
				"2023-06-30": {
					"avg": 188,
					"count": 1,
					"min": 188,
					"max": 188
				},
				"2023-07-01": {
					"avg": 651,
					"count": 3,
					"min": 278,
					"max": 1322
				},
				"2023-07-02": {
					"avg": 434,
					"count": 3,
					"min": 248,
					"max": 799
				},
				"2023-07-03": {
					"avg": 413,
					"count": 4,
					"min": 337,
					"max": 457
				},
				"2023-07-04": {
					"avg": 238,
					"count": 4,
					"min": 238,
					"max": 238
				},
				"2023-07-06": {
					"avg": 386,
					"count": 4,
					"min": 199,
					"max": 612
				},
				"2023-07-07": {
					"avg": 277,
					"count": 1,
					"min": 277,
					"max": 277
				},
				"2023-07-09": {
					"avg": 474,
					"count": 1,
					"min": 474,
					"max": 474
				},
				"2023-07-10": {
					"avg": 366,
					"count": 3,
					"min": 103,
					"max": 799
				},
				"2023-07-11": {
					"avg": 233,
					"count": 1,
					"min": 233,
					"max": 233
				},
				"2023-07-13": {
					"avg": 707,
					"count": 1,
					"min": 707,
					"max": 707
				},
				"2023-07-14": {
					"avg": 265,
					"count": 1,
					"min": 265,
					"max": 265
				},
				"2023-07-15": {
					"avg": 165,
					"count": 2,
					"min": 149,
					"max": 180
				},
				"2023-07-16": {
					"avg": 199,
					"count": 5,
					"min": 69,
					"max": 462
				},
				"2023-07-17": {
					"avg": 279,
					"count": 1,
					"min": 279,
					"max": 279
				},
				"2023-07-18": {
					"avg": 291,
					"count": 3,
					"min": 180,
					"max": 388
				},
				"2023-07-19": {
					"avg": 325,
					"count": 2,
					"min": 149,
					"max": 500
				},
				"2023-07-20": {
					"avg": 287,
					"count": 2,
					"min": 274,
					"max": 299
				},
				"2023-07-21": {
					"avg": 447,
					"count": 3,
					"min": 350,
					"max": 500
				},
				"2023-07-22": {
					"avg": 192,
					"count": 3,
					"min": 134,
					"max": 274
				},
				"2023-07-23": {
					"avg": 386,
					"count": 3,
					"min": 250,
					"max": 595
				},
				"2023-07-24": {
					"avg": 298,
					"count": 1,
					"min": 298,
					"max": 298
				},
				"2023-07-25": {
					"avg": 546,
					"count": 1,
					"min": 546,
					"max": 546
				},
				"2023-07-26": {
					"avg": 437,
					"count": 2,
					"min": 298,
					"max": 575
				},
				"2023-07-27": {
					"avg": 447,
					"count": 2,
					"min": 299,
					"max": 595
				},
				"2023-07-29": {
					"avg": 622,
					"count": 3,
					"min": 269,
					"max": 898
				},
				"2023-07-31": {
					"avg": 646,
					"count": 1,
					"min": 646,
					"max": 646
				},
				"2023-08-01": {
					"avg": 651,
					"count": 2,
					"min": 401,
					"max": 901
				},
				"2023-08-02": {
					"avg": 538,
					"count": 2,
					"min": 177,
					"max": 898
				},
				"2023-08-04": {
					"avg": 716,
					"count": 1,
					"min": 716,
					"max": 716
				},
				"2023-08-05": {
					"avg": 599,
					"count": 1,
					"min": 599,
					"max": 599
				},
				"2023-08-06": {
					"avg": 285,
					"count": 5,
					"min": 133,
					"max": 406
				},
				"2023-08-08": {
					"avg": 400,
					"count": 1,
					"min": 400,
					"max": 400
				},
				"2023-08-09": {
					"avg": 273,
					"count": 7,
					"min": 100,
					"max": 575
				},
				"2023-08-10": {
					"avg": 284,
					"count": 3,
					"min": 155,
					"max": 499
				},
				"2023-08-11": {
					"avg": 345,
					"count": 3,
					"min": 147,
					"max": 597
				},
				"2023-08-12": {
					"avg": 364,
					"count": 3,
					"min": 204,
					"max": 488
				},
				"2023-08-14": {
					"avg": 675,
					"count": 1,
					"min": 675,
					"max": 675
				},
				"2023-08-15": {
					"avg": 380,
					"count": 3,
					"min": 169,
					"max": 512
				},
				"2023-08-16": {
					"avg": 595,
					"count": 3,
					"min": 199,
					"max": 888
				},
				"2023-08-17": {
					"avg": 386,
					"count": 2,
					"min": 276,
					"max": 495
				},
				"2023-08-18": {
					"avg": 244,
					"count": 3,
					"min": 199,
					"max": 327
				},
				"2023-08-19": {
					"avg": 747,
					"count": 2,
					"min": 495,
					"max": 998
				},
				"2023-08-20": {
					"avg": 499,
					"count": 4,
					"min": 269,
					"max": 711
				},
				"2023-08-21": {
					"avg": 676,
					"count": 1,
					"min": 676,
					"max": 676
				},
				"2023-08-27": {
					"avg": 239,
					"count": 1,
					"min": 239,
					"max": 239
				},
				"2023-08-28": {
					"avg": 537,
					"count": 5,
					"min": 330,
					"max": 617
				},
				"2023-08-29": {
					"avg": 594,
					"count": 1,
					"min": 594,
					"max": 594
				},
				"2023-08-30": {
					"avg": 528,
					"count": 6,
					"min": 178,
					"max": 1149
				},
				"2023-08-31": {
					"avg": 114,
					"count": 2,
					"min": 114,
					"max": 114
				},
				"2023-09-01": {
					"avg": 643,
					"count": 1,
					"min": 643,
					"max": 643
				},
				"2023-09-02": {
					"avg": 158,
					"count": 1,
					"min": 158,
					"max": 158
				},
				"2023-09-03": {
					"avg": 368,
					"count": 1,
					"min": 368,
					"max": 368
				},
				"2023-09-04": {
					"avg": 373,
					"count": 4,
					"min": 209,
					"max": 599
				},
				"2023-09-09": {
					"avg": 309,
					"count": 4,
					"min": 175,
					"max": 559
				},
				"2023-09-10": {
					"avg": 305,
					"count": 2,
					"min": 303,
					"max": 306
				},
				"2023-09-11": {
					"avg": 385,
					"count": 2,
					"min": 200,
					"max": 569
				},
				"2023-09-14": {
					"avg": 255,
					"count": 4,
					"min": 178,
					"max": 308
				},
				"2023-09-16": {
					"avg": 268,
					"count": 3,
					"min": 199,
					"max": 302
				},
				"2023-09-17": {
					"avg": 529,
					"count": 1,
					"min": 529,
					"max": 529
				},
				"2023-09-19": {
					"avg": 588,
					"count": 4,
					"min": 548,
					"max": 648
				},
				"2023-09-20": {
					"avg": 278,
					"count": 1,
					"min": 278,
					"max": 278
				},
				"2023-09-21": {
					"avg": 849,
					"count": 1,
					"min": 849,
					"max": 849
				},
				"2023-09-22": {
					"avg": 332,
					"count": 8,
					"min": 284,
					"max": 357
				},
				"2023-09-25": {
					"avg": 310,
					"count": 2,
					"min": 277,
					"max": 342
				},
				"2023-09-28": {
					"avg": 271,
					"count": 2,
					"min": 128,
					"max": 413
				},
				"2023-09-29": {
					"avg": 262,
					"count": 2,
					"min": 208,
					"max": 315
				},
				"2023-09-30": {
					"avg": 498,
					"count": 4,
					"min": 58,
					"max": 1595
				},
				"2023-10-01": {
					"avg": 293,
					"count": 3,
					"min": 128,
					"max": 399
				},
				"2023-10-02": {
					"avg": 139,
					"count": 1,
					"min": 139,
					"max": 139
				},
				"2023-10-03": {
					"avg": 299,
					"count": 1,
					"min": 299,
					"max": 299
				},
				"2023-10-04": {
					"avg": 714,
					"count": 1,
					"min": 714,
					"max": 714
				},
				"2023-10-05": {
					"avg": 178,
					"count": 1,
					"min": 178,
					"max": 178
				},
				"2023-10-06": {
					"avg": 365,
					"count": 5,
					"min": 136,
					"max": 524
				},
				"2023-10-07": {
					"avg": 250,
					"count": 3,
					"min": 178,
					"max": 299
				},
				"2023-10-08": {
					"avg": 599,
					"count": 1,
					"min": 599,
					"max": 599
				},
				"2023-10-09": {
					"avg": 271,
					"count": 5,
					"min": 135,
					"max": 670
				},
				"2023-10-11": {
					"avg": 576,
					"count": 2,
					"min": 479,
					"max": 673
				},
				"2023-10-12": {
					"avg": 153,
					"count": 1,
					"min": 153,
					"max": 153
				},
				"2023-10-13": {
					"avg": 310,
					"count": 1,
					"min": 310,
					"max": 310
				},
				"2023-10-14": {
					"avg": 350,
					"count": 1,
					"min": 350,
					"max": 350
				},
				"2023-10-17": {
					"avg": 661,
					"count": 4,
					"min": 150,
					"max": 1148
				},
				"2023-10-18": {
					"avg": 411,
					"count": 4,
					"min": 157,
					"max": 723
				},
				"2023-10-19": {
					"avg": 453,
					"count": 1,
					"min": 453,
					"max": 453
				},
				"2023-10-20": {
					"avg": 430,
					"count": 2,
					"min": 189,
					"max": 670
				},
				"2023-10-23": {
					"avg": 200,
					"count": 1,
					"min": 200,
					"max": 200
				},
				"2023-10-24": {
					"avg": 196,
					"count": 2,
					"min": 196,
					"max": 196
				},
				"2023-10-26": {
					"avg": 248,
					"count": 1,
					"min": 248,
					"max": 248
				},
				"2023-10-28": {
					"avg": 129,
					"count": 1,
					"min": 129,
					"max": 129
				},
				"2023-10-29": {
					"avg": 264,
					"count": 2,
					"min": 229,
					"max": 299
				},
				"2023-10-30": {
					"avg": 305,
					"count": 1,
					"min": 305,
					"max": 305
				},
				"2023-10-31": {
					"avg": 404,
					"count": 12,
					"min": 107,
					"max": 631
				},
				"2023-11-01": {
					"avg": 495,
					"count": 3,
					"min": 296,
					"max": 685
				},
				"2023-11-02": {
					"avg": 555,
					"count": 3,
					"min": 99,
					"max": 1248
				},
				"2023-11-03": {
					"avg": 436,
					"count": 2,
					"min": 248,
					"max": 624
				},
				"2023-11-04": {
					"avg": 624,
					"count": 1,
					"min": 624,
					"max": 624
				},
				"2023-11-06": {
					"avg": 699,
					"count": 4,
					"min": 623,
					"max": 748
				},
				"2023-11-08": {
					"avg": 394,
					"count": 1,
					"min": 394,
					"max": 394
				},
				"2023-11-09": {
					"avg": 195,
					"count": 1,
					"min": 195,
					"max": 195
				},
				"2023-11-10": {
					"avg": 188,
					"count": 1,
					"min": 188,
					"max": 188
				},
				"2023-11-11": {
					"avg": 300,
					"count": 2,
					"min": 292,
					"max": 307
				},
				"2023-11-12": {
					"avg": 364,
					"count": 2,
					"min": 179,
					"max": 549
				},
				"2023-11-14": {
					"avg": 291,
					"count": 1,
					"min": 291,
					"max": 291
				},
				"2023-11-15": {
					"avg": 346,
					"count": 4,
					"min": 159,
					"max": 673
				},
				"2023-11-17": {
					"avg": 248,
					"count": 1,
					"min": 248,
					"max": 248
				},
				"2023-11-18": {
					"avg": 402,
					"count": 2,
					"min": 229,
					"max": 574
				},
				"2023-11-19": {
					"avg": 468,
					"count": 1,
					"min": 468,
					"max": 468
				},
				"2023-11-21": {
					"avg": 50,
					"count": 1,
					"min": 50,
					"max": 50
				},
				"2023-11-22": {
					"avg": 337,
					"count": 1,
					"min": 337,
					"max": 337
				},
				"2023-11-23": {
					"avg": 469,
					"count": 2,
					"min": 240,
					"max": 698
				},
				"2023-11-24": {
					"avg": 310,
					"count": 28,
					"min": 105,
					"max": 611
				},
				"2023-11-25": {
					"avg": 250,
					"count": 1,
					"min": 250,
					"max": 250
				},
				"2023-11-26": {
					"avg": 252,
					"count": 2,
					"min": 166,
					"max": 337
				},
				"2023-11-27": {
					"avg": 471,
					"count": 5,
					"min": 276,
					"max": 658
				},
				"2024-05-16": {
					"avg": 332,
					"count": 2,
					"min": 225,
					"max": 439
				},
				"2024-05-17": {
					"avg": 345,
					"count": 9,
					"min": 257,
					"max": 500
				},
				"2024-05-18": {
					"avg": 370,
					"count": 2,
					"min": 240,
					"max": 499
				},
				"2024-05-19": {
					"avg": 688,
					"count": 1,
					"min": 688,
					"max": 688
				},
				"2024-05-20": {
					"avg": 414,
					"count": 2,
					"min": 393,
					"max": 435
				},
				"2024-05-21": {
					"avg": 469,
					"count": 6,
					"min": 312,
					"max": 500
				},
				"2024-05-22": {
					"avg": 252,
					"count": 3,
					"min": 218,
					"max": 294
				},
				"2024-05-23": {
					"avg": 501,
					"count": 1,
					"min": 501,
					"max": 501
				},
				"2024-05-25": {
					"avg": 458,
					"count": 2,
					"min": 291,
					"max": 625
				},
				"2024-05-27": {
					"avg": 574,
					"count": 1,
					"min": 574,
					"max": 574
				},
				"2024-05-29": {
					"avg": 520,
					"count": 2,
					"min": 463,
					"max": 577
				},
				"2024-05-30": {
					"avg": 311,
					"count": 2,
					"min": 311,
					"max": 311
				},
				"2024-06-02": {
					"avg": 525,
					"count": 1,
					"min": 525,
					"max": 525
				},
				"2024-06-03": {
					"avg": 438,
					"count": 2,
					"min": 288,
					"max": 588
				},
				"2024-06-04": {
					"avg": 328,
					"count": 5,
					"min": 209,
					"max": 479
				},
				"2024-06-05": {
					"avg": 461,
					"count": 2,
					"min": 321,
					"max": 601
				},
				"2024-06-08": {
					"avg": 498,
					"count": 1,
					"min": 498,
					"max": 498
				},
				"2024-06-09": {
					"avg": 250,
					"count": 1,
					"min": 250,
					"max": 250
				},
				"2024-06-10": {
					"avg": 751,
					"count": 1,
					"min": 751,
					"max": 751
				},
				"2024-06-12": {
					"avg": 488,
					"count": 2,
					"min": 464,
					"max": 511
				},
				"2024-06-17": {
					"avg": 331,
					"count": 1,
					"min": 331,
					"max": 331
				},
				"2024-06-18": {
					"avg": 484,
					"count": 2,
					"min": 372,
					"max": 596
				},
				"2024-06-21": {
					"avg": 210,
					"count": 1,
					"min": 210,
					"max": 210
				},
				"2024-06-22": {
					"avg": 200,
					"count": 1,
					"min": 200,
					"max": 200
				},
				"2024-06-23": {
					"avg": 443,
					"count": 2,
					"min": 290,
					"max": 595
				},
				"2024-06-28": {
					"avg": 535,
					"count": 1,
					"min": 535,
					"max": 535
				},
				"2024-06-29": {
					"avg": 494,
					"count": 1,
					"min": 494,
					"max": 494
				},
				"2024-06-30": {
					"avg": 429,
					"count": 2,
					"min": 308,
					"max": 549
				},
				"2024-07-01": {
					"avg": 380,
					"count": 1,
					"min": 380,
					"max": 380
				},
				"2024-07-02": {
					"avg": 209,
					"count": 1,
					"min": 209,
					"max": 209
				},
				"2024-07-03": {
					"avg": 538,
					"count": 1,
					"min": 538,
					"max": 538
				},
				"2024-07-04": {
					"avg": 369,
					"count": 1,
					"min": 369,
					"max": 369
				},
				"2024-07-05": {
					"avg": 278,
					"count": 2,
					"min": 277,
					"max": 278
				},
				"2024-07-06": {
					"avg": 235,
					"count": 1,
					"min": 235,
					"max": 235
				},
				"2024-07-07": {
					"avg": 252,
					"count": 2,
					"min": 235,
					"max": 269
				},
				"2024-07-08": {
					"avg": 334,
					"count": 2,
					"min": 269,
					"max": 399
				},
				"2024-07-09": {
					"avg": 321,
					"count": 1,
					"min": 321,
					"max": 321
				},
				"2024-07-11": {
					"avg": 520,
					"count": 1,
					"min": 520,
					"max": 520
				},
				"2024-07-13": {
					"avg": 279,
					"count": 1,
					"min": 279,
					"max": 279
				},
				"2024-07-15": {
					"avg": 280,
					"count": 1,
					"min": 280,
					"max": 280
				},
				"2024-07-16": {
					"avg": 279,
					"count": 1,
					"min": 279,
					"max": 279
				},
				"2024-07-18": {
					"avg": 300,
					"count": 2,
					"min": 200,
					"max": 399
				},
				"2024-07-19": {
					"avg": 276,
					"count": 1,
					"min": 276,
					"max": 276
				},
				"2024-07-21": {
					"avg": 439,
					"count": 2,
					"min": 358,
					"max": 520
				},
				"2024-07-22": {
					"avg": 443,
					"count": 2,
					"min": 331,
					"max": 555
				},
				"2024-07-23": {
					"avg": 358,
					"count": 1,
					"min": 358,
					"max": 358
				},
				"2024-07-24": {
					"avg": 327,
					"count": 1,
					"min": 327,
					"max": 327
				},
				"2024-07-27": {
					"avg": 358,
					"count": 1,
					"min": 358,
					"max": 358
				},
				"2024-08-01": {
					"avg": 438,
					"count": 3,
					"min": 357,
					"max": 599
				},
				"2024-08-02": {
					"avg": 658,
					"count": 1,
					"min": 658,
					"max": 658
				},
				"2024-08-03": {
					"avg": 299,
					"count": 2,
					"min": 285,
					"max": 312
				},
				"2024-08-04": {
					"avg": 600,
					"count": 2,
					"min": 359,
					"max": 841
				},
				"2024-08-08": {
					"avg": 359,
					"count": 1,
					"min": 359,
					"max": 359
				},
				"2024-08-10": {
					"avg": 657,
					"count": 1,
					"min": 657,
					"max": 657
				},
				"2024-08-11": {
					"avg": 402,
					"count": 5,
					"min": 209,
					"max": 560
				},
				"2024-08-12": {
					"avg": 339,
					"count": 1,
					"min": 339,
					"max": 339
				},
				"2024-08-13": {
					"avg": 351,
					"count": 3,
					"min": 210,
					"max": 448
				},
				"2024-08-14": {
					"avg": 337,
					"count": 1,
					"min": 337,
					"max": 337
				},
				"2024-08-17": {
					"avg": 276,
					"count": 1,
					"min": 276,
					"max": 276
				},
				"2024-08-19": {
					"avg": 208,
					"count": 1,
					"min": 208,
					"max": 208
				},
				"2024-08-20": {
					"avg": 403,
					"count": 3,
					"min": 208,
					"max": 502
				},
				"2024-08-21": {
					"avg": 291,
					"count": 2,
					"min": 208,
					"max": 374
				},
				"2024-08-23": {
					"avg": 374,
					"count": 1,
					"min": 374,
					"max": 374
				},
				"2024-08-24": {
					"avg": 374,
					"count": 1,
					"min": 374,
					"max": 374
				},
				"2024-08-25": {
					"avg": 374,
					"count": 1,
					"min": 374,
					"max": 374
				},
				"2024-08-26": {
					"avg": 658,
					"count": 1,
					"min": 658,
					"max": 658
				},
				"2024-08-27": {
					"avg": 364,
					"count": 3,
					"min": 290,
					"max": 468
				},
				"2024-08-29": {
					"avg": 428,
					"count": 2,
					"min": 281,
					"max": 575
				},
				"2024-08-30": {
					"avg": 300,
					"count": 3,
					"min": 208,
					"max": 383
				},
				"2024-08-31": {
					"avg": 468,
					"count": 1,
					"min": 468,
					"max": 468
				},
				"2024-09-01": {
					"avg": 355,
					"count": 2,
					"min": 335,
					"max": 375
				},
				"2024-09-02": {
					"avg": 374,
					"count": 1,
					"min": 374,
					"max": 374
				},
				"2024-09-03": {
					"avg": 411,
					"count": 2,
					"min": 371,
					"max": 450
				},
				"2024-09-06": {
					"avg": 366,
					"count": 3,
					"min": 285,
					"max": 520
				},
				"2024-09-07": {
					"avg": 346,
					"count": 1,
					"min": 346,
					"max": 346
				},
				"2024-09-08": {
					"avg": 341,
					"count": 2,
					"min": 307,
					"max": 374
				},
				"2024-09-12": {
					"avg": 491,
					"count": 1,
					"min": 491,
					"max": 491
				},
				"2024-09-13": {
					"avg": 175,
					"count": 1,
					"min": 175,
					"max": 175
				},
				"2024-09-14": {
					"avg": 328,
					"count": 5,
					"min": 265,
					"max": 383
				},
				"2024-09-15": {
					"avg": 286,
					"count": 1,
					"min": 286,
					"max": 286
				},
				"2024-09-16": {
					"avg": 480,
					"count": 3,
					"min": 265,
					"max": 784
				},
				"2024-09-17": {
					"avg": 687,
					"count": 3,
					"min": 500,
					"max": 999
				},
				"2024-09-18": {
					"avg": 345,
					"count": 2,
					"min": 300,
					"max": 389
				},
				"2024-09-19": {
					"avg": 587,
					"count": 2,
					"min": 499,
					"max": 674
				},
				"2024-09-20": {
					"avg": 650,
					"count": 2,
					"min": 602,
					"max": 698
				},
				"2024-09-21": {
					"avg": 314,
					"count": 1,
					"min": 314,
					"max": 314
				}
			},
			"avg": 395,
			"avg7": 384,
			"avg28": 384
		},
		"normal-nearmint": {
			"history": {
				"2024-05-23": {
					"avg": 600,
					"count": 1,
					"min": 600,
					"max": 600
				},
				"2024-05-25": {
					"avg": 510,
					"count": 1,
					"min": 510,
					"max": 510
				},
				"2024-05-27": {
					"avg": 581,
					"count": 2,
					"min": 372,
					"max": 789
				},
				"2024-05-30": {
					"avg": 649,
					"count": 1,
					"min": 649,
					"max": 649
				},
				"2024-06-01": {
					"avg": 851,
					"count": 1,
					"min": 851,
					"max": 851
				},
				"2024-06-03": {
					"avg": 751,
					"count": 1,
					"min": 751,
					"max": 751
				},
				"2024-06-07": {
					"avg": 340,
					"count": 1,
					"min": 340,
					"max": 340
				},
				"2024-06-08": {
					"avg": 615,
					"count": 2,
					"min": 450,
					"max": 779
				},
				"2024-06-09": {
					"avg": 528,
					"count": 1,
					"min": 528,
					"max": 528
				},
				"2024-06-10": {
					"avg": 833,
					"count": 1,
					"min": 833,
					"max": 833
				},
				"2024-06-11": {
					"avg": 516,
					"count": 1,
					"min": 516,
					"max": 516
				},
				"2024-06-12": {
					"avg": 652,
					"count": 1,
					"min": 652,
					"max": 652
				},
				"2024-06-15": {
					"avg": 799,
					"count": 2,
					"min": 728,
					"max": 870
				},
				"2024-06-16": {
					"avg": 456,
					"count": 2,
					"min": 394,
					"max": 518
				},
				"2024-06-19": {
					"avg": 590,
					"count": 1,
					"min": 590,
					"max": 590
				},
				"2024-06-24": {
					"avg": 552,
					"count": 1,
					"min": 552,
					"max": 552
				},
				"2024-06-26": {
					"avg": 393,
					"count": 1,
					"min": 393,
					"max": 393
				},
				"2024-06-28": {
					"avg": 599,
					"count": 1,
					"min": 599,
					"max": 599
				},
				"2024-06-29": {
					"avg": 410,
					"count": 2,
					"min": 399,
					"max": 421
				},
				"2024-07-01": {
					"avg": 421,
					"count": 1,
					"min": 421,
					"max": 421
				},
				"2024-07-02": {
					"avg": 608,
					"count": 4,
					"min": 347,
					"max": 848
				},
				"2024-07-03": {
					"avg": 675,
					"count": 1,
					"min": 675,
					"max": 675
				},
				"2024-07-06": {
					"avg": 816,
					"count": 1,
					"min": 816,
					"max": 816
				},
				"2024-07-07": {
					"avg": 664,
					"count": 1,
					"min": 664,
					"max": 664
				},
				"2024-07-08": {
					"avg": 688,
					"count": 1,
					"min": 688,
					"max": 688
				},
				"2024-07-10": {
					"avg": 363,
					"count": 2,
					"min": 278,
					"max": 447
				},
				"2024-07-11": {
					"avg": 387,
					"count": 4,
					"min": 339,
					"max": 497
				},
				"2024-07-12": {
					"avg": 556,
					"count": 2,
					"min": 447,
					"max": 664
				},
				"2024-07-14": {
					"avg": 400,
					"count": 1,
					"min": 400,
					"max": 400
				},
				"2024-07-15": {
					"avg": 447,
					"count": 1,
					"min": 447,
					"max": 447
				},
				"2024-07-16": {
					"avg": 877,
					"count": 2,
					"min": 509,
					"max": 1244
				},
				"2024-07-19": {
					"avg": 447,
					"count": 1,
					"min": 447,
					"max": 447
				},
				"2024-07-21": {
					"avg": 541,
					"count": 2,
					"min": 393,
					"max": 688
				},
				"2024-07-22": {
					"avg": 396,
					"count": 3,
					"min": 295,
					"max": 447
				},
				"2024-07-24": {
					"avg": 574,
					"count": 1,
					"min": 574,
					"max": 574
				},
				"2024-07-25": {
					"avg": 447,
					"count": 1,
					"min": 447,
					"max": 447
				},
				"2024-07-26": {
					"avg": 675,
					"count": 1,
					"min": 675,
					"max": 675
				},
				"2024-07-29": {
					"avg": 899,
					"count": 1,
					"min": 899,
					"max": 899
				},
				"2024-07-31": {
					"avg": 595,
					"count": 1,
					"min": 595,
					"max": 595
				},
				"2024-08-01": {
					"avg": 608,
					"count": 1,
					"min": 608,
					"max": 608
				},
				"2024-08-02": {
					"avg": 1244,
					"count": 1,
					"min": 1244,
					"max": 1244
				},
				"2024-08-05": {
					"avg": 447,
					"count": 1,
					"min": 447,
					"max": 447
				},
				"2024-08-06": {
					"avg": 422,
					"count": 1,
					"min": 422,
					"max": 422
				},
				"2024-08-08": {
					"avg": 599,
					"count": 2,
					"min": 447,
					"max": 751
				},
				"2024-08-09": {
					"avg": 399,
					"count": 1,
					"min": 399,
					"max": 399
				},
				"2024-08-11": {
					"avg": 447,
					"count": 1,
					"min": 447,
					"max": 447
				},
				"2024-08-16": {
					"avg": 431,
					"count": 2,
					"min": 415,
					"max": 447
				},
				"2024-08-17": {
					"avg": 452,
					"count": 4,
					"min": 417,
					"max": 499
				},
				"2024-08-22": {
					"avg": 986,
					"count": 2,
					"min": 675,
					"max": 1297
				},
				"2024-08-23": {
					"avg": 817,
					"count": 2,
					"min": 675,
					"max": 958
				},
				"2024-08-25": {
					"avg": 399,
					"count": 1,
					"min": 399,
					"max": 399
				},
				"2024-08-29": {
					"avg": 650,
					"count": 1,
					"min": 650,
					"max": 650
				},
				"2024-08-30": {
					"avg": 435,
					"count": 2,
					"min": 370,
					"max": 500
				},
				"2024-09-01": {
					"avg": 426,
					"count": 1,
					"min": 426,
					"max": 426
				},
				"2024-09-02": {
					"avg": 394,
					"count": 3,
					"min": 394,
					"max": 394
				},
				"2024-09-05": {
					"avg": 610,
					"count": 2,
					"min": 468,
					"max": 751
				},
				"2024-09-07": {
					"avg": 780,
					"count": 1,
					"min": 780,
					"max": 780
				},
				"2024-09-08": {
					"avg": 616,
					"count": 2,
					"min": 388,
					"max": 844
				},
				"2024-09-09": {
					"avg": 581,
					"count": 3,
					"min": 394,
					"max": 849
				},
				"2024-09-10": {
					"avg": 500,
					"count": 1,
					"min": 500,
					"max": 500
				},
				"2024-09-11": {
					"avg": 530,
					"count": 4,
					"min": 327,
					"max": 899
				},
				"2024-09-13": {
					"avg": 698,
					"count": 1,
					"min": 698,
					"max": 698
				},
				"2024-09-14": {
					"avg": 450,
					"count": 2,
					"min": 399,
					"max": 500
				},
				"2024-09-15": {
					"avg": 842,
					"count": 3,
					"min": 838,
					"max": 849
				},
				"2024-09-16": {
					"avg": 500,
					"count": 1,
					"min": 500,
					"max": 500
				},
				"2024-09-18": {
					"avg": 482,
					"count": 1,
					"min": 482,
					"max": 482
				},
				"2024-09-19": {
					"avg": 898,
					"count": 1,
					"min": 898,
					"max": 898
				},
				"2024-09-20": {
					"avg": 899,
					"count": 1,
					"min": 899,
					"max": 899
				},
				"2024-09-21": {
					"avg": 808,
					"count": 2,
					"min": 718,
					"max": 898
				}
			},
			"avg": 583,
			"avg7": -1,
			"avg28": -1
		},
		"normal-used": {
			"history": {
				"2024-05-27": {
					"avg": 218,
					"count": 1,
					"min": 218,
					"max": 218
				},
				"2024-06-05": {
					"avg": 245,
					"count": 1,
					"min": 245,
					"max": 245
				},
				"2024-06-08": {
					"avg": 279,
					"count": 1,
					"min": 279,
					"max": 279
				},
				"2024-06-14": {
					"avg": 86,
					"count": 1,
					"min": 86,
					"max": 86
				},
				"2024-06-25": {
					"avg": 305,
					"count": 1,
					"min": 305,
					"max": 305
				},
				"2024-07-01": {
					"avg": 115,
					"count": 1,
					"min": 115,
					"max": 115
				},
				"2024-07-04": {
					"avg": 139,
					"count": 1,
					"min": 139,
					"max": 139
				},
				"2024-07-05": {
					"avg": 129,
					"count": 1,
					"min": 129,
					"max": 129
				},
				"2024-07-11": {
					"avg": 179,
					"count": 1,
					"min": 179,
					"max": 179
				},
				"2024-07-19": {
					"avg": 150,
					"count": 1,
					"min": 150,
					"max": 150
				},
				"2024-07-24": {
					"avg": 231,
					"count": 1,
					"min": 231,
					"max": 231
				},
				"2024-08-01": {
					"avg": 328,
					"count": 1,
					"min": 328,
					"max": 328
				},
				"2024-08-12": {
					"avg": 86,
					"count": 1,
					"min": 86,
					"max": 86
				},
				"2024-08-18": {
					"avg": 226,
					"count": 1,
					"min": 226,
					"max": 226
				},
				"2024-08-21": {
					"avg": 226,
					"count": 1,
					"min": 226,
					"max": 226
				},
				"2024-08-29": {
					"avg": 455,
					"count": 1,
					"min": 455,
					"max": 455
				},
				"2024-09-20": {
					"avg": 390,
					"count": 2,
					"min": 86,
					"max": 694
				}
			},
			"avg": 232,
			"avg7": -1,
			"avg28": -1
		},
		"normal-poor": {
			"history": {
				"2024-06-18": {
					"avg": 99,
					"count": 1,
					"min": 99,
					"max": 99
				},
				"2024-07-01": {
					"avg": 260,
					"count": 1,
					"min": 260,
					"max": 260
				},
				"2024-07-23": {
					"avg": 109,
					"count": 1,
					"min": 109,
					"max": 109
				},
				"2024-08-02": {
					"avg": 324,
					"count": 1,
					"min": 324,
					"max": 324
				},
				"2024-08-09": {
					"avg": 393,
					"count": 1,
					"min": 393,
					"max": 393
				},
				"2024-09-13": {
					"avg": 217,
					"count": 1,
					"min": 217,
					"max": 217
				},
				"2024-09-15": {
					"avg": 175,
					"count": 1,
					"min": 175,
					"max": 175
				},
				"2024-09-18": {
					"avg": 50,
					"count": 1,
					"min": 50,
					"max": 50
				},
				"2024-09-23": {
					"avg": 177,
					"count": 1,
					"min": 177,
					"max": 177
				}
			},
			"avg": 200,
			"avg7": -1,
			"avg28": -1
		},
		"normal-played": {
			"history": {
				"2024-05-29": {
					"avg": 276,
					"count": 1,
					"min": 276,
					"max": 276
				},
				"2024-05-31": {
					"avg": 449,
					"count": 1,
					"min": 449,
					"max": 449
				},
				"2024-06-03": {
					"avg": 321,
					"count": 1,
					"min": 321,
					"max": 321
				},
				"2024-06-07": {
					"avg": 321,
					"count": 1,
					"min": 321,
					"max": 321
				},
				"2024-06-08": {
					"avg": 329,
					"count": 2,
					"min": 193,
					"max": 465
				},
				"2024-06-09": {
					"avg": 292,
					"count": 1,
					"min": 292,
					"max": 292
				},
				"2024-06-17": {
					"avg": 172,
					"count": 1,
					"min": 172,
					"max": 172
				},
				"2024-06-25": {
					"avg": 445,
					"count": 1,
					"min": 445,
					"max": 445
				},
				"2024-06-27": {
					"avg": 443,
					"count": 3,
					"min": 189,
					"max": 770
				},
				"2024-06-28": {
					"avg": 175,
					"count": 1,
					"min": 175,
					"max": 175
				},
				"2024-06-30": {
					"avg": 175,
					"count": 1,
					"min": 175,
					"max": 175
				},
				"2024-07-02": {
					"avg": 569,
					"count": 1,
					"min": 569,
					"max": 569
				},
				"2024-07-03": {
					"avg": 189,
					"count": 1,
					"min": 189,
					"max": 189
				},
				"2024-07-07": {
					"avg": 422,
					"count": 3,
					"min": 175,
					"max": 770
				},
				"2024-07-09": {
					"avg": 268,
					"count": 2,
					"min": 268,
					"max": 268
				},
				"2024-07-11": {
					"avg": 359,
					"count": 1,
					"min": 359,
					"max": 359
				},
				"2024-07-18": {
					"avg": 297,
					"count": 1,
					"min": 297,
					"max": 297
				},
				"2024-07-20": {
					"avg": 243,
					"count": 7,
					"min": 199,
					"max": 313
				},
				"2024-07-22": {
					"avg": 248,
					"count": 3,
					"min": 219,
					"max": 307
				},
				"2024-07-23": {
					"avg": 408,
					"count": 2,
					"min": 335,
					"max": 480
				},
				"2024-07-24": {
					"avg": 219,
					"count": 2,
					"min": 219,
					"max": 219
				},
				"2024-07-30": {
					"avg": 302,
					"count": 1,
					"min": 302,
					"max": 302
				},
				"2024-07-31": {
					"avg": 321,
					"count": 2,
					"min": 301,
					"max": 341
				},
				"2024-08-02": {
					"avg": 239,
					"count": 3,
					"min": 150,
					"max": 299
				},
				"2024-08-06": {
					"avg": 368,
					"count": 1,
					"min": 368,
					"max": 368
				},
				"2024-08-10": {
					"avg": 354,
					"count": 2,
					"min": 348,
					"max": 360
				},
				"2024-08-12": {
					"avg": 229,
					"count": 1,
					"min": 229,
					"max": 229
				},
				"2024-08-14": {
					"avg": 277,
					"count": 2,
					"min": 260,
					"max": 294
				},
				"2024-08-15": {
					"avg": 258,
					"count": 2,
					"min": 167,
					"max": 349
				},
				"2024-08-19": {
					"avg": 271,
					"count": 2,
					"min": 194,
					"max": 348
				},
				"2024-08-21": {
					"avg": 194,
					"count": 1,
					"min": 194,
					"max": 194
				},
				"2024-08-23": {
					"avg": 175,
					"count": 1,
					"min": 175,
					"max": 175
				},
				"2024-08-24": {
					"avg": 323,
					"count": 1,
					"min": 323,
					"max": 323
				},
				"2024-08-26": {
					"avg": 289,
					"count": 1,
					"min": 289,
					"max": 289
				},
				"2024-08-30": {
					"avg": 341,
					"count": 2,
					"min": 216,
					"max": 466
				},
				"2024-09-02": {
					"avg": 297,
					"count": 2,
					"min": 150,
					"max": 444
				},
				"2024-09-03": {
					"avg": 199,
					"count": 1,
					"min": 199,
					"max": 199
				},
				"2024-09-07": {
					"avg": 150,
					"count": 1,
					"min": 150,
					"max": 150
				},
				"2024-09-10": {
					"avg": 249,
					"count": 1,
					"min": 249,
					"max": 249
				},
				"2024-09-12": {
					"avg": 197,
					"count": 1,
					"min": 197,
					"max": 197
				},
				"2024-09-14": {
					"avg": 296,
					"count": 2,
					"min": 277,
					"max": 314
				},
				"2024-09-18": {
					"avg": 345,
					"count": 1,
					"min": 345,
					"max": 345
				},
				"2024-09-20": {
					"avg": 352,
					"count": 1,
					"min": 352,
					"max": 352
				},
				"2024-09-21": {
					"avg": 238,
					"count": 2,
					"min": 150,
					"max": 326
				},
				"2024-09-22": {
					"avg": 276,
					"count": 1,
					"min": 276,
					"max": 276
				}
			},
			"avg": 294,
			"avg7": -1,
			"avg28": -1
		}
	}
}