{
	"data": {
		"normal-good": {
			"history": {
				"2022-11-14": {
					"avg": 7497,
					"count": 2
				},
				"2022-11-15": {
					"avg": 4750,
					"count": 2
				},
				"2022-11-18": {
					"avg": 6282,
					"count": 2
				},
				"2022-11-20": {
					"avg": 13137,
					"count": 2,
					"min": 3200,
					"max": 23074
				},
				"2022-11-22": {
					"avg": 1517,
					"count": 1,
					"min": 1517,
					"max": 1517
				},
				"2022-11-23": {
					"avg": 6599,
					"count": 1,
					"min": 6599,
					"max": 6599
				},
				"2022-11-24": {
					"avg": 5198,
					"count": 2,
					"min": 3200,
					"max": 7195
				},
				"2022-11-25": {
					"avg": 4228,
					"count": 5,
					"min": 3718,
					"max": 4995
				},
				"2022-11-27": {
					"avg": 4099,
					"count": 1,
					"min": 4099,
					"max": 4099
				},
				"2022-11-28": {
					"avg": 10484,
					"count": 3,
					"min": 9682,
					"max": 12000
				},
				"2022-11-30": {
					"avg": 11549,
					"count": 3,
					"min": 3249,
					"max": 23999
				},
				"2022-12-02": {
					"avg": 5133,
					"count": 3,
					"min": 1827,
					"max": 11446
				},
				"2022-12-03": {
					"avg": 3590,
					"count": 1,
					"min": 3590,
					"max": 3590
				},
				"2022-12-04": {
					"avg": 6222,
					"count": 2,
					"min": 5046,
					"max": 7399
				},
				"2022-12-06": {
					"avg": 4691,
					"count": 3,
					"min": 1599,
					"max": 7479
				},
				"2022-12-07": {
					"avg": 3786,
					"count": 1,
					"min": 3786,
					"max": 3786
				},
				"2022-12-10": {
					"avg": 3597,
					"count": 1,
					"min": 3597,
					"max": 3597
				},
				"2022-12-12": {
					"avg": 5679,
					"count": 4,
					"min": 1827,
					"max": 10499
				},
				"2022-12-13": {
					"avg": 4380,
					"count": 2,
					"min": 3760,
					"max": 4999
				},
				"2022-12-16": {
					"avg": 4496,
					"count": 3,
					"min": 2994,
					"max": 6896
				},
				"2022-12-17": {
					"avg": 4450,
					"count": 3,
					"min": 3500,
					"max": 5753
				},
				"2022-12-18": {
					"avg": 1528,
					"count": 1,
					"min": 1528,
					"max": 1528
				},
				"2022-12-19": {
					"avg": 22970,
					"count": 1,
					"min": 22970,
					"max": 22970
				},
				"2022-12-21": {
					"avg": 15249,
					"count": 2,
					"min": 5998,
					"max": 24499
				},
				"2022-12-22": {
					"avg": 4629,
					"count": 1,
					"min": 4629,
					"max": 4629
				},
				"2022-12-24": {
					"avg": 2867,
					"count": 2,
					"min": 1260,
					"max": 4474
				},
				"2022-12-26": {
					"avg": 1299,
					"count": 1,
					"min": 1299,
					"max": 1299
				},
				"2022-12-27": {
					"avg": 2999,
					"count": 1,
					"min": 2999,
					"max": 2999
				},
				"2022-12-28": {
					"avg": 4499,
					"count": 1,
					"min": 4499,
					"max": 4499
				},
				"2022-12-29": {
					"avg": 6997,
					"count": 1,
					"min": 6997,
					"max": 6997
				},
				"2022-12-31": {
					"avg": 1614,
					"count": 2,
					"min": 1529,
					"max": 1699
				},
				"2023-01-01": {
					"avg": 7139,
					"count": 3,
					"min": 4831,
					"max": 11075
				},
				"2023-01-02": {
					"avg": 6911,
					"count": 2,
					"min": 3574,
					"max": 10248
				},
				"2023-01-03": {
					"avg": 3264,
					"count": 2,
					"min": 1554,
					"max": 4975
				},
				"2023-01-04": {
					"avg": 1648,
					"count": 1,
					"min": 1648,
					"max": 1648
				},
				"2023-01-05": {
					"avg": 6251,
					"count": 4,
					"min": 3531,
					"max": 11499
				},
				"2023-01-06": {
					"avg": 2899,
					"count": 4,
					"min": 1899,
					"max": 5095
				},
				"2023-01-07": {
					"avg": 2949,
					"count": 1,
					"min": 2949,
					"max": 2949
				},
				"2023-01-08": {
					"avg": 3391,
					"count": 2,
					"min": 1982,
					"max": 4799
				},
				"2023-01-09": {
					"avg": 2695,
					"count": 1,
					"min": 2695,
					"max": 2695
				},
				"2023-01-10": {
					"avg": 15585,
					"count": 3,
					"min": 2999,
					"max": 21878
				},
				"2023-01-11": {
					"avg": 33300,
					"count": 1,
					"min": 33300,
					"max": 33300
				},
				"2023-01-12": {
					"avg": 3875,
					"count": 2,
					"min": 3599,
					"max": 4150
				},
				"2023-02-06": {
					"avg": 4432,
					"count": 3,
					"min": 2799,
					"max": 6898
				},
				"2023-02-07": {
					"avg": 2312,
					"count": 2,
					"min": 1825,
					"max": 2799
				},
				"2023-02-08": {
					"avg": 1799,
					"count": 1,
					"min": 1799,
					"max": 1799
				},
				"2023-02-10": {
					"avg": 8132,
					"count": 3,
					"min": 3599,
					"max": 12800
				},
				"2023-02-11": {
					"avg": 3419,
					"count": 2,
					"min": 2139,
					"max": 4698
				},
				"2023-02-14": {
					"avg": 4596,
					"count": 2,
					"min": 4102,
					"max": 5089
				},
				"2023-02-17": {
					"avg": 4203,
					"count": 1,
					"min": 4203,
					"max": 4203
				},
				"2023-02-18": {
					"avg": 6480,
					"count": 8,
					"min": 2447,
					"max": 12413
				},
				"2023-02-19": {
					"avg": 7594,
					"count": 3,
					"min": 4889,
					"max": 12680
				},
				"2023-02-20": {
					"avg": 1668,
					"count": 1,
					"min": 1668,
					"max": 1668
				},
				"2023-02-23": {
					"avg": 5464,
					"count": 2,
					"min": 3499,
					"max": 7428
				},
				"2023-02-24": {
					"avg": 6197,
					"count": 2,
					"min": 4993,
					"max": 7402
				},
				"2023-02-27": {
					"avg": 3289,
					"count": 2,
					"min": 1683,
					"max": 4895
				},
				"2023-02-28": {
					"avg": 3999,
					"count": 1,
					"min": 3999,
					"max": 3999
				},
				"2023-03-03": {
					"avg": 4354,
					"count": 2,
					"min": 3999,
					"max": 4708
				},
				"2023-03-04": {
					"avg": 4641,
					"count": 2,
					"min": 1931,
					"max": 7350
				},
				"2023-03-05": {
					"avg": 8044,
					"count": 4,
					"min": 3099,
					"max": 12779
				},
				"2023-03-09": {
					"avg": 4665,
					"count": 2,
					"min": 4620,
					"max": 4709
				},
				"2023-03-12": {
					"avg": 5235,
					"count": 2,
					"min": 5060,
					"max": 5409
				},
				"2023-03-16": {
					"avg": 1570,
					"count": 1,
					"min": 1570,
					"max": 1570
				},
				"2023-03-17": {
					"avg": 1570,
					"count": 1,
					"min": 1570,
					"max": 1570
				},
				"2023-03-18": {
					"avg": 7998,
					"count": 1,
					"min": 7998,
					"max": 7998
				},
				"2023-03-20": {
					"avg": 19869,
					"count": 1,
					"min": 19869,
					"max": 19869
				},
				"2023-03-21": {
					"avg": 19967,
					"count": 1,
					"min": 19967,
					"max": 19967
				},
				"2023-03-24": {
					"avg": 3900,
					"count": 1,
					"min": 3900,
					"max": 3900
				},
				"2023-03-25": {
					"avg": 3867,
					"count": 2,
					"min": 2599,
					"max": 5134
				},
				"2023-03-26": {
					"avg": 8999,
					"count": 1,
					"min": 8999,
					"max": 8999
				},
				"2023-03-27": {
					"avg": 7299,
					"count": 1,
					"min": 7299,
					"max": 7299
				},
				"2023-03-29": {
					"avg": 7099,
					"count": 1,
					"min": 7099,
					"max": 7099
				},
				"2023-03-31": {
					"avg": 5539,
					"count": 1,
					"min": 5539,
					"max": 5539
				},
				"2023-04-02": {
					"avg": 11578,
					"count": 4,
					"min": 1750,
					"max": 20565
				},
				"2023-04-04": {
					"avg": 2799,
					"count": 1,
					"min": 2799,
					"max": 2799
				},
				"2023-04-07": {
					"avg": 3607,
					"count": 2,
					"min": 3425,
					"max": 3789
				},
				"2023-04-08": {
					"avg": 5526,
					"count": 2,
					"min": 4802,
					"max": 6249
				},
				"2023-04-10": {
					"avg": 7099,
					"count": 1,
					"min": 7099,
					"max": 7099
				},
				"2023-04-11": {
					"avg": 3875,
					"count": 1,
					"min": 3875,
					"max": 3875
				},
				"2023-04-15": {
					"avg": 9865,
					"count": 3,
					"min": 2500,
					"max": 22497
				},
				"2023-04-17": {
					"avg": 2798,
					"count": 1,
					"min": 2798,
					"max": 2798
				},
				"2023-04-19": {
					"avg": 7899,
					"count": 2,
					"min": 4799,
					"max": 10999
				},
				"2023-04-20": {
					"avg": 4950,
					"count": 1,
					"min": 4950,
					"max": 4950
				},
				"2023-04-21": {
					"avg": 7851,
					"count": 4,
					"min": 2099,
					"max": 20098
				},
				"2023-04-22": {
					"avg": 14421,
					"count": 2,
					"min": 12773,
					"max": 16069
				},
				"2023-04-25": {
					"avg": 13523,
					"count": 2,
					"min": 4946,
					"max": 22099
				},
				"2023-04-30": {
					"avg": 8866,
					"count": 3,
					"min": 3999,
					"max": 18598
				},
				"2023-05-02": {
					"avg": 12773,
					"count": 1,
					"min": 12773,
					"max": 12773
				},
				"2023-05-03": {
					"avg": 5599,
					"count": 1,
					"min": 5599,
					"max": 5599
				},
				"2023-05-04": {
					"avg": 5900,
					"count": 2,
					"min": 5500,
					"max": 6299
				},
				"2023-05-05": {
					"avg": 6182,
					"count": 3,
					"min": 5499,
					"max": 7499
				},
				"2023-05-06": {
					"avg": 6599,
					"count": 1,
					"min": 6599,
					"max": 6599
				},
				"2023-05-07": {
					"avg": 1499,
					"count": 1,
					"min": 1499,
					"max": 1499
				},
				"2023-05-08": {
					"avg": 5042,
					"count": 3,
					"min": 1839,
					"max": 7319
				},
				"2023-05-09": {
					"avg": 3999,
					"count": 1,
					"min": 3999,
					"max": 3999
				},
				"2023-05-10": {
					"avg": 7499,
					"count": 1,
					"min": 7499,
					"max": 7499
				},
				"2023-05-11": {
					"avg": 12773,
					"count": 1,
					"min": 12773,
					"max": 12773
				},
				"2023-05-12": {
					"avg": 2698,
					"count": 3,
					"min": 1400,
					"max": 4000
				},
				"2023-05-13": {
					"avg": 1499,
					"count": 1,
					"min": 1499,
					"max": 1499
				},
				"2023-05-14": {
					"avg": 5795,
					"count": 1,
					"min": 5795,
					"max": 5795
				},
				"2023-05-15": {
					"avg": 4772,
					"count": 2,
					"min": 3749,
					"max": 5795
				},
				"2023-05-18": {
					"avg": 5822,
					"count": 2,
					"min": 4950,
					"max": 6694
				},
				"2023-05-19": {
					"avg": 3749,
					"count": 1,
					"min": 3749,
					"max": 3749
				},
				"2023-05-24": {
					"avg": 2695,
					"count": 1,
					"min": 2695,
					"max": 2695
				},
				"2023-05-28": {
					"avg": 6649,
					"count": 2,
					"min": 6199,
					"max": 7098
				},
				"2023-05-29": {
					"avg": 8000,
					"count": 1,
					"min": 8000,
					"max": 8000
				},
				"2023-05-30": {
					"avg": 7426,
					"count": 1,
					"min": 7426,
					"max": 7426
				},
				"2023-05-31": {
					"avg": 4765,
					"count": 3,
					"min": 2800,
					"max": 6495
				},
				"2023-06-02": {
					"avg": 5195,
					"count": 1,
					"min": 5195,
					"max": 5195
				},
				"2023-06-03": {
					"avg": 15499,
					"count": 1,
					"min": 15499,
					"max": 15499
				},
				"2023-06-04": {
					"avg": 5199,
					"count": 1,
					"min": 5199,
					"max": 5199
				},
				"2023-06-05": {
					"avg": 6049,
					"count": 2,
					"min": 2199,
					"max": 9899
				},
				"2023-06-06": {
					"avg": 5156,
					"count": 5,
					"min": 4899,
					"max": 5398
				},
				"2023-06-07": {
					"avg": 2064,
					"count": 1,
					"min": 2064,
					"max": 2064
				},
				"2023-06-08": {
					"avg": 4499,
					"count": 1,
					"min": 4499,
					"max": 4499
				},
				"2023-06-11": {
					"avg": 1495,
					"count": 1,
					"min": 1495,
					"max": 1495
				},
				"2023-06-16": {
					"avg": 7099,
					"count": 3,
					"min": 4599,
					"max": 10999
				},
				"2023-06-18": {
					"avg": 4399,
					"count": 1,
					"min": 4399,
					"max": 4399
				},
				"2023-06-20": {
					"avg": 4400,
					"count": 1,
					"min": 4400,
					"max": 4400
				},
				"2023-06-21": {
					"avg": 5421,
					"count": 5,
					"min": 4499,
					"max": 9000
				},
				"2023-06-23": {
					"avg": 2000,
					"count": 1,
					"min": 2000,
					"max": 2000
				},
				"2023-06-24": {
					"avg": 6349,
					"count": 2,
					"min": 6349,
					"max": 6349
				},
				"2023-07-02": {
					"avg": 2699,
					"count": 1,
					"min": 2699,
					"max": 2699
				},
				"2023-07-03": {
					"avg": 2749,
					"count": 1,
					"min": 2749,
					"max": 2749
				},
				"2023-07-04": {
					"avg": 18692,
					"count": 1,
					"min": 18692,
					"max": 18692
				},
				"2023-07-06": {
					"avg": 7284,
					"count": 1,
					"min": 7284,
					"max": 7284
				},
				"2023-07-07": {
					"avg": 4499,
					"count": 2,
					"min": 1500,
					"max": 7498
				},
				"2023-07-08": {
					"avg": 3950,
					"count": 2,
					"min": 3900,
					"max": 4000
				},
				"2023-07-09": {
					"avg": 5499,
					"count": 1,
					"min": 5499,
					"max": 5499
				},
				"2023-07-10": {
					"avg": 8775,
					"count": 4,
					"min": 2708,
					"max": 17599
				},
				"2023-07-12": {
					"avg": 8243,
					"count": 2,
					"min": 2795,
					"max": 13691
				},
				"2023-07-14": {
					"avg": 6800,
					"count": 1,
					"min": 6800,
					"max": 6800
				},
				"2023-07-15": {
					"avg": 4542,
					"count": 1,
					"min": 4542,
					"max": 4542
				},
				"2023-07-17": {
					"avg": 4544,
					"count": 1,
					"min": 4544,
					"max": 4544
				},
				"2023-07-18": {
					"avg": 9845,
					"count": 3,
					"min": 2039,
					"max": 19999
				},
				"2023-07-19": {
					"avg": 7998,
					"count": 1,
					"min": 7998,
					"max": 7998
				},
				"2023-07-20": {
					"avg": 4000,
					"count": 3,
					"min": 4000,
					"max": 4000
				},
				"2023-07-22": {
					"avg": 17995,
					"count": 1,
					"min": 17995,
					"max": 17995
				},
				"2023-07-23": {
					"avg": 9324,
					"count": 4,
					"min": 1800,
					"max": 19999
				},
				"2023-07-25": {
					"avg": 3649,
					"count": 1,
					"min": 3649,
					"max": 3649
				},
				"2023-07-27": {
					"avg": 5700,
					"count": 1,
					"min": 5700,
					"max": 5700
				},
				"2023-07-28": {
					"avg": 22999,
					"count": 1,
					"min": 22999,
					"max": 22999
				},
				"2023-07-29": {
					"avg": 5699,
					"count": 1,
					"min": 5699,
					"max": 5699
				},
				"2023-08-01": {
					"avg": 7209,
					"count": 1,
					"min": 7209,
					"max": 7209
				},
				"2023-08-03": {
					"avg": 4647,
					"count": 2,
					"min": 2694,
					"max": 6599
				},
				"2023-08-04": {
					"avg": 7508,
					"count": 3,
					"min": 4156,
					"max": 14188
				},
				"2023-08-06": {
					"avg": 1700,
					"count": 2,
					"min": 1700,
					"max": 1700
				},
				"2023-08-08": {
					"avg": 5700,
					"count": 1,
					"min": 5700,
					"max": 5700
				},
				"2023-08-09": {
					"avg": 1906,
					"count": 5,
					"min": 1746,
					"max": 2038
				},
				"2023-08-10": {
					"avg": 4715,
					"count": 3,
					"min": 3949,
					"max": 6099
				},
				"2023-08-11": {
					"avg": 7494,
					"count": 3,
					"min": 2594,
					"max": 14190
				},
				"2023-08-12": {
					"avg": 6099,
					"count": 1,
					"min": 6099,
					"max": 6099
				},
				"2023-08-15": {
					"avg": 4175,
					"count": 1,
					"min": 4175,
					"max": 4175
				},
				"2023-08-17": {
					"avg": 5062,
					"count": 1,
					"min": 5062,
					"max": 5062
				},
				"2023-08-18": {
					"avg": 2999,
					"count": 1,
					"min": 2999,
					"max": 2999
				},
				"2023-08-21": {
					"avg": 4272,
					"count": 3,
					"min": 3906,
					"max": 4999
				},
				"2023-08-23": {
					"avg": 4172,
					"count": 1,
					"min": 4172,
					"max": 4172
				},
				"2023-08-24": {
					"avg": 22599,
					"count": 1,
					"min": 22599,
					"max": 22599
				},
				"2023-08-27": {
					"avg": 7231,
					"count": 3,
					"min": 4595,
					"max": 12099
				},
				"2023-08-29": {
					"avg": 6998,
					"count": 1,
					"min": 6998,
					"max": 6998
				},
				"2023-08-30": {
					"avg": 26098,
					"count": 1,
					"min": 26098,
					"max": 26098
				},
				"2023-08-31": {
					"avg": 5972,
					"count": 1,
					"min": 5972,
					"max": 5972
				},
				"2023-09-01": {
					"avg": 5973,
					"count": 1,
					"min": 5973,
					"max": 5973
				},
				"2023-09-02": {
					"avg": 5254,
					"count": 2,
					"min": 5058,
					"max": 5449
				},
				"2023-09-03": {
					"avg": 1600,
					"count": 1,
					"min": 1600,
					"max": 1600
				},
				"2023-09-04": {
					"avg": 3387,
					"count": 2,
					"min": 1599,
					"max": 5175
				},
				"2023-09-08": {
					"avg": 14025,
					"count": 1,
					"min": 14025,
					"max": 14025
				},
				"2023-09-09": {
					"avg": 2500,
					"count": 2,
					"min": 2500,
					"max": 2500
				},
				"2023-09-10": {
					"avg": 5778,
					"count": 1,
					"min": 5778,
					"max": 5778
				},
				"2023-09-11": {
					"avg": 3916,
					"count": 3,
					"min": 1549,
					"max": 5200
				},
				"2023-09-14": {
					"avg": 1099,
					"count": 1,
					"min": 1099,
					"max": 1099
				},
				"2023-09-15": {
					"avg": 4999,
					"count": 1,
					"min": 4999,
					"max": 4999
				},
				"2023-09-16": {
					"avg": 5098,
					"count": 1,
					"min": 5098,
					"max": 5098
				},
				"2023-09-17": {
					"avg": 3894,
					"count": 1,
					"min": 3894,
					"max": 3894
				},
				"2023-09-19": {
					"avg": 1475,
					"count": 1,
					"min": 1475,
					"max": 1475
				},
				"2023-09-20": {
					"avg": 4900,
					"count": 1,
					"min": 4900,
					"max": 4900
				},
				"2023-09-21": {
					"avg": 5399,
					"count": 2,
					"min": 4699,
					"max": 6099
				},
				"2023-09-23": {
					"avg": 3117,
					"count": 2,
					"min": 1534,
					"max": 4699
				},
				"2023-09-26": {
					"avg": 7798,
					"count": 2,
					"min": 3097,
					"max": 12499
				},
				"2023-09-27": {
					"avg": 12827,
					"count": 2,
					"min": 4354,
					"max": 21300
				},
				"2023-09-28": {
					"avg": 2674,
					"count": 4,
					"min": 1549,
					"max": 4550
				},
				"2023-09-30": {
					"avg": 2696,
					"count": 3,
					"min": 1595,
					"max": 3994
				},
				"2023-10-01": {
					"avg": 2479,
					"count": 5,
					"min": 1599,
					"max": 3799
				},
				"2023-10-02": {
					"avg": 5399,
					"count": 1,
					"min": 5399,
					"max": 5399
				},
				"2023-10-03": {
					"avg": 8899,
					"count": 1,
					"min": 8899,
					"max": 8899
				},
				"2023-10-04": {
					"avg": 4398,
					"count": 1,
					"min": 4398,
					"max": 4398
				},
				"2023-10-06": {
					"avg": 11633,
					"count": 2,
					"min": 11598,
					"max": 11668
				},
				"2023-10-11": {
					"avg": 5249,
					"count": 2,
					"min": 3599,
					"max": 6899
				},
				"2023-10-13": {
					"avg": 5149,
					"count": 4,
					"min": 1998,
					"max": 7000
				},
				"2023-10-14": {
					"avg": 8179,
					"count": 5,
					"min": 2000,
					"max": 19599
				},
				"2023-10-16": {
					"avg": 2757,
					"count": 1,
					"min": 2757,
					"max": 2757
				},
				"2023-10-18": {
					"avg": 4834,
					"count": 1,
					"min": 4834,
					"max": 4834
				},
				"2023-10-19": {
					"avg": 2747,
					"count": 4,
					"min": 1300,
					"max": 5293
				},
				"2023-10-20": {
					"avg": 2677,
					"count": 4,
					"min": 1569,
					"max": 4699
				},
				"2023-10-22": {
					"avg": 21499,
					"count": 2,
					"min": 12498,
					"max": 30499
				},
				"2023-10-24": {
					"avg": 11999,
					"count": 1,
					"min": 11999,
					"max": 11999
				},
				"2023-10-25": {
					"avg": 9953,
					"count": 2,
					"min": 6900,
					"max": 13006
				},
				"2023-10-27": {
					"avg": 8348,
					"count": 1,
					"min": 8348,
					"max": 8348
				},
				"2023-10-29": {
					"avg": 5324,
					"count": 2,
					"min": 3664,
					"max": 6984
				},
				"2023-10-30": {
					"avg": 3999,
					"count": 1,
					"min": 3999,
					"max": 3999
				},
				"2023-10-31": {
					"avg": 11799,
					"count": 2,
					"min": 5098,
					"max": 18499
				},
				"2023-11-01": {
					"avg": 8400,
					"count": 3,
					"min": 3500,
					"max": 14900
				},
				"2023-11-02": {
					"avg": 3399,
					"count": 2,
					"min": 1699,
					"max": 5098
				},
				"2023-11-03": {
					"avg": 4809,
					"count": 2,
					"min": 1699,
					"max": 7919
				},
				"2023-11-04": {
					"avg": 3824,
					"count": 3,
					"min": 1800,
					"max": 6875
				},
				"2023-11-05": {
					"avg": 3000,
					"count": 1,
					"min": 3000,
					"max": 3000
				},
				"2023-11-06": {
					"avg": 4974,
					"count": 1,
					"min": 4974,
					"max": 4974
				},
				"2023-11-07": {
					"avg": 6398,
					"count": 1,
					"min": 6398,
					"max": 6398
				},
				"2023-11-08": {
					"avg": 4000,
					"count": 3,
					"min": 3001,
					"max": 5998
				},
				"2023-11-09": {
					"avg": 13400,
					"count": 2,
					"min": 4700,
					"max": 22099
				},
				"2023-11-10": {
					"avg": 5312,
					"count": 1,
					"min": 5312,
					"max": 5312
				},
				"2023-11-11": {
					"avg": 7406,
					"count": 2,
					"min": 2296,
					"max": 12516
				},
				"2023-11-13": {
					"avg": 7373,
					"count": 1,
					"min": 7373,
					"max": 7373
				},
				"2023-11-14": {
					"avg": 2851,
					"count": 1,
					"min": 2851,
					"max": 2851
				},
				"2023-11-15": {
					"avg": 6390,
					"count": 3,
					"min": 2644,
					"max": 12516
				},
				"2023-11-17": {
					"avg": 2849,
					"count": 2,
					"min": 1699,
					"max": 3999
				},
				"2023-11-18": {
					"avg": 4618,
					"count": 2,
					"min": 4000,
					"max": 5235
				},
				"2023-11-19": {
					"avg": 3752,
					"count": 3,
					"min": 2749,
					"max": 5759
				},
				"2023-11-20": {
					"avg": 2978,
					"count": 2,
					"min": 1864,
					"max": 4092
				},
				"2023-11-21": {
					"avg": 3924,
					"count": 3,
					"min": 2665,
					"max": 4799
				},
				"2023-11-22": {
					"avg": 1766,
					"count": 2,
					"min": 1700,
					"max": 1831
				},
				"2023-11-23": {
					"avg": 3950,
					"count": 2,
					"min": 1980,
					"max": 5920
				},
				"2023-11-24": {
					"avg": 5222,
					"count": 33,
					"min": 1980,
					"max": 14578
				},
				"2023-11-25": {
					"avg": 5033,
					"count": 2,
					"min": 4976,
					"max": 5089
				},
				"2023-11-26": {
					"avg": 4018,
					"count": 4,
					"min": 2799,
					"max": 5372
				},
				"2023-11-27": {
					"avg": 4636,
					"count": 1,
					"min": 4636,
					"max": 4636
				},
				"2024-05-17": {
					"avg": 9981,
					"count": 6,
					"min": 4350,
					"max": 22895
				},
				"2024-05-21": {
					"avg": 4100,
					"count": 2,
					"min": 4099,
					"max": 4100
				},
				"2024-05-22": {
					"avg": 5998,
					"count": 2,
					"min": 1998,
					"max": 9997
				},
				"2024-05-23": {
					"avg": 7320,
					"count": 1,
					"min": 7320,
					"max": 7320
				},
				"2024-05-25": {
					"avg": 5947,
					"count": 1,
					"min": 5947,
					"max": 5947
				},
				"2024-05-27": {
					"avg": 12491,
					"count": 2,
					"min": 5483,
					"max": 19498
				},
				"2024-05-30": {
					"avg": 7062,
					"count": 2,
					"min": 6898,
					"max": 7225
				},
				"2024-05-31": {
					"avg": 19295,
					"count": 1,
					"min": 19295,
					"max": 19295
				},
				"2024-06-03": {
					"avg": 6188,
					"count": 1,
					"min": 6188,
					"max": 6188
				},
				"2024-06-09": {
					"avg": 6532,
					"count": 1,
					"min": 6532,
					"max": 6532
				},
				"2024-06-13": {
					"avg": 5529,
					"count": 2,
					"min": 4998,
					"max": 6059
				},
				"2024-06-14": {
					"avg": 5947,
					"count": 1,
					"min": 5947,
					"max": 5947
				},
				"2024-06-16": {
					"avg": 5049,
					"count": 1,
					"min": 5049,
					"max": 5049
				},
				"2024-06-18": {
					"avg": 5449,
					"count": 1,
					"min": 5449,
					"max": 5449
				},
				"2024-06-21": {
					"avg": 7456,
					"count": 1,
					"min": 7456,
					"max": 7456
				},
				"2024-06-24": {
					"avg": 5400,
					"count": 1,
					"min": 5400,
					"max": 5400
				},
				"2024-06-25": {
					"avg": 5425,
					"count": 2,
					"min": 5403,
					"max": 5446
				},
				"2024-07-01": {
					"avg": 9415,
					"count": 2,
					"min": 5100,
					"max": 13730
				},
				"2024-07-05": {
					"avg": 6137,
					"count": 2,
					"min": 5499,
					"max": 6774
				},
				"2024-07-06": {
					"avg": 12930,
					"count": 1,
					"min": 12930,
					"max": 12930
				},
				"2024-07-11": {
					"avg": 5711,
					"count": 1,
					"min": 5711,
					"max": 5711
				},
				"2024-07-14": {
					"avg": 5500,
					"count": 1,
					"min": 5500,
					"max": 5500
				},
				"2024-07-16": {
					"avg": 5747,
					"count": 1,
					"min": 5747,
					"max": 5747
				},
				"2024-07-18": {
					"avg": 5499,
					"count": 1,
					"min": 5499,
					"max": 5499
				},
				"2024-07-19": {
					"avg": 5399,
					"count": 1,
					"min": 5399,
					"max": 5399
				},
				"2024-07-20": {
					"avg": 5498,
					"count": 1,
					"min": 5498,
					"max": 5498
				},
				"2024-07-22": {
					"avg": 5879,
					"count": 3,
					"min": 5500,
					"max": 6599
				},
				"2024-07-23": {
					"avg": 9299,
					"count": 2,
					"min": 6099,
					"max": 12499
				},
				"2024-07-25": {
					"avg": 7833,
					"count": 3,
					"min": 5499,
					"max": 12500
				},
				"2024-07-26": {
					"avg": 5474,
					"count": 1,
					"min": 5474,
					"max": 5474
				},
				"2024-07-28": {
					"avg": 6603,
					"count": 1,
					"min": 6603,
					"max": 6603
				},
				"2024-07-30": {
					"avg": 5622,
					"count": 1,
					"min": 5622,
					"max": 5622
				},
				"2024-08-03": {
					"avg": 5799,
					"count": 1,
					"min": 5799,
					"max": 5799
				},
				"2024-08-04": {
					"avg": 5861,
					"count": 3,
					"min": 5799,
					"max": 5899
				},
				"2024-08-05": {
					"avg": 6199,
					"count": 1,
					"min": 6199,
					"max": 6199
				},
				"2024-08-07": {
					"avg": 7199,
					"count": 1,
					"min": 7199,
					"max": 7199
				},
				"2024-08-09": {
					"avg": 6084,
					"count": 2,
					"min": 5729,
					"max": 6438
				},
				"2024-08-11": {
					"avg": 5500,
					"count": 1,
					"min": 5500,
					"max": 5500
				},
				"2024-08-13": {
					"avg": 5613,
					"count": 2,
					"min": 5522,
					"max": 5704
				},
				"2024-08-16": {
					"avg": 7962,
					"count": 1,
					"min": 7962,
					"max": 7962
				},
				"2024-08-22": {
					"avg": 12984,
					"count": 1,
					"min": 12984,
					"max": 12984
				},
				"2024-08-24": {
					"avg": 5844,
					"count": 1,
					"min": 5844,
					"max": 5844
				},
				"2024-08-28": {
					"avg": 14000,
					"count": 1,
					"min": 14000,
					"max": 14000
				},
				"2024-08-31": {
					"avg": 6499,
					"count": 1,
					"min": 6499,
					"max": 6499
				},
				"2024-09-01": {
					"avg": 16917,
					"count": 2,
					"min": 16697,
					"max": 17136
				},
				"2024-09-03": {
					"avg": 10039,
					"count": 3,
					"min": 5422,
					"max": 18696
				},
				"2024-09-04": {
					"avg": 6000,
					"count": 1,
					"min": 6000,
					"max": 6000
				},
				"2024-09-05": {
					"avg": 7795,
					"count": 1,
					"min": 7795,
					"max": 7795
				},
				"2024-09-06": {
					"avg": 13900,
					"count": 1,
					"min": 13900,
					"max": 13900
				},
				"2024-09-12": {
					"avg": 5600,
					"count": 1,
					"min": 5600,
					"max": 5600
				},
				"2024-09-16": {
					"avg": 8247,
					"count": 2,
					"min": 7999,
					"max": 8495
				},
				"2024-09-18": {
					"avg": 4899,
					"count": 1,
					"min": 4899,
					"max": 4899
				},
				"2024-09-19": {
					"avg": 14999,
					"count": 1,
					"min": 14999,
					"max": 14999
				},
				"2024-09-20": {
					"avg": 5999,
					"count": 1,
					"min": 5999,
					"max": 5999
				},
				"2024-09-22": {
					"avg": 6184,
					"count": 2,
					"min": 6000,
					"max": 6367
				}
			},
			"avg": 6334,
			"avg7": 8008,
			"avg28": 8008
		},
		"normal-poor": {
			"history": {
				"2024-05-24": {
					"avg": 5499,
					"count": 1,
					"min": 5499,
					"max": 5499
				},
				"2024-05-27": {
					"avg": 1949,
					"count": 2,
					"min": 1948,
					"max": 1949
				},
				"2024-05-29": {
					"avg": 1949,
					"count": 1,
					"min": 1949,
					"max": 1949
				},
				"2024-06-04": {
					"avg": 1649,
					"count": 1,
					"min": 1649,
					"max": 1649
				},
				"2024-06-05": {
					"avg": 1949,
					"count": 1,
					"min": 1949,
					"max": 1949
				},
				"2024-06-10": {
					"avg": 1949,
					"count": 1,
					"min": 1949,
					"max": 1949
				},
				"2024-06-14": {
					"avg": 1999,
					"count": 1,
					"min": 1999,
					"max": 1999
				},
				"2024-06-15": {
					"avg": 2049,
					"count": 2,
					"min": 2000,
					"max": 2098
				},
				"2024-06-24": {
					"avg": 1700,
					"count": 1,
					"min": 1700,
					"max": 1700
				},
				"2024-06-25": {
					"avg": 4944,
					"count": 1,
					"min": 4944,
					"max": 4944
				},
				"2024-06-27": {
					"avg": 1949,
					"count": 1,
					"min": 1949,
					"max": 1949
				},
				"2024-06-30": {
					"avg": 1750,
					"count": 1,
					"min": 1750,
					"max": 1750
				},
				"2024-07-01": {
					"avg": 1900,
					"count": 1,
					"min": 1900,
					"max": 1900
				},
				"2024-07-02": {
					"avg": 2242,
					"count": 2,
					"min": 1985,
					"max": 2499
				},
				"2024-07-03": {
					"avg": 2151,
					"count": 2,
					"min": 2002,
					"max": 2299
				},
				"2024-07-05": {
					"avg": 2351,
					"count": 1,
					"min": 2351,
					"max": 2351
				},
				"2024-07-06": {
					"avg": 3364,
					"count": 2,
					"min": 3128,
					"max": 3599
				},
				"2024-07-09": {
					"avg": 4999,
					"count": 1,
					"min": 4999,
					"max": 4999
				},
				"2024-07-15": {
					"avg": 4689,
					"count": 1,
					"min": 4689,
					"max": 4689
				},
				"2024-07-18": {
					"avg": 2191,
					"count": 1,
					"min": 2191,
					"max": 2191
				},
				"2024-07-24": {
					"avg": 1999,
					"count": 1,
					"min": 1999,
					"max": 1999
				},
				"2024-07-30": {
					"avg": 1620,
					"count": 1,
					"min": 1620,
					"max": 1620
				},
				"2024-08-02": {
					"avg": 1997,
					"count": 3,
					"min": 1994,
					"max": 1999
				},
				"2024-08-05": {
					"avg": 1947,
					"count": 1,
					"min": 1947,
					"max": 1947
				},
				"2024-08-07": {
					"avg": 2099,
					"count": 1,
					"min": 2099,
					"max": 2099
				},
				"2024-08-15": {
					"avg": 1995,
					"count": 1,
					"min": 1995,
					"max": 1995
				},
				"2024-08-18": {
					"avg": 1995,
					"count": 1,
					"min": 1995,
					"max": 1995
				},
				"2024-08-23": {
					"avg": 2103,
					"count": 1,
					"min": 2103,
					"max": 2103
				},
				"2024-08-26": {
					"avg": 1800,
					"count": 1,
					"min": 1800,
					"max": 1800
				},
				"2024-08-28": {
					"avg": 2150,
					"count": 1,
					"min": 2150,
					"max": 2150
				},
				"2024-08-30": {
					"avg": 1856,
					"count": 2,
					"min": 1500,
					"max": 2212
				},
				"2024-08-31": {
					"avg": 1500,
					"count": 1,
					"min": 1500,
					"max": 1500
				},
				"2024-09-12": {
					"avg": 2200,
					"count": 1,
					"min": 2200,
					"max": 2200
				},
				"2024-09-13": {
					"avg": 1987,
					"count": 1,
					"min": 1987,
					"max": 1987
				},
				"2024-09-14": {
					"avg": 1987,
					"count": 1,
					"min": 1987,
					"max": 1987
				},
				"2024-09-17": {
					"avg": 2000,
					"count": 1,
					"min": 2000,
					"max": 2000
				},
				"2024-09-18": {
					"avg": 2221,
					"count": 1,
					"min": 2221,
					"max": 2221
				},
				"2024-09-20": {
					"avg": 4689,
					"count": 1,
					"min": 4689,
					"max": 4689
				}
			},
			"avg": 2369,
			"avg7": -1,
			"avg28": -1
		},
		"normal-used": {
			"history": {
				"2024-05-24": {
					"avg": 2814,
					"count": 1,
					"min": 2814,
					"max": 2814
				},
				"2024-05-27": {
					"avg": 6098,
					"count": 1,
					"min": 6098,
					"max": 6098
				},
				"2024-05-31": {
					"avg": 2981,
					"count": 1,
					"min": 2981,
					"max": 2981
				},
				"2024-06-18": {
					"avg": 3696,
					"count": 3,
					"min": 2494,
					"max": 6098
				},
				"2024-06-21": {
					"avg": 2998,
					"count": 1,
					"min": 2998,
					"max": 2998
				},
				"2024-06-22": {
					"avg": 2900,
					"count": 1,
					"min": 2900,
					"max": 2900
				},
				"2024-06-25": {
					"avg": 2500,
					"count": 1,
					"min": 2500,
					"max": 2500
				},
				"2024-06-28": {
					"avg": 3005,
					"count": 1,
					"min": 3005,
					"max": 3005
				},
				"2024-06-29": {
					"avg": 2620,
					"count": 1,
					"min": 2620,
					"max": 2620
				},
				"2024-07-07": {
					"avg": 7495,
					"count": 1,
					"min": 7495,
					"max": 7495
				},
				"2024-07-19": {
					"avg": 2820,
					"count": 1,
					"min": 2820,
					"max": 2820
				},
				"2024-08-10": {
					"avg": 3099,
					"count": 1,
					"min": 3099,
					"max": 3099
				},
				"2024-08-12": {
					"avg": 2924,
					"count": 1,
					"min": 2924,
					"max": 2924
				},
				"2024-08-21": {
					"avg": 2599,
					"count": 1,
					"min": 2599,
					"max": 2599
				},
				"2024-08-24": {
					"avg": 2925,
					"count": 1,
					"min": 2925,
					"max": 2925
				},
				"2024-08-25": {
					"avg": 2969,
					"count": 1,
					"min": 2969,
					"max": 2969
				},
				"2024-08-26": {
					"avg": 2965,
					"count": 1,
					"min": 2965,
					"max": 2965
				},
				"2024-09-21": {
					"avg": 2998,
					"count": 2,
					"min": 2998,
					"max": 2998
				},
				"2024-09-22": {
					"avg": 1849,
					"count": 1,
					"min": 1849,
					"max": 1849
				}
			},
			"avg": 3302,
			"avg7": -1,
			"avg28": -1
		},
		"normal-nearmint": {
			"history": {
				"2024-05-25": {
					"avg": 6500,
					"count": 1,
					"min": 6500,
					"max": 6500
				},
				"2024-05-27": {
					"avg": 7650,
					"count": 1,
					"min": 7650,
					"max": 7650
				},
				"2024-05-29": {
					"avg": 20127,
					"count": 1,
					"min": 20127,
					"max": 20127
				},
				"2024-05-30": {
					"avg": 23049,
					"count": 1,
					"min": 23049,
					"max": 23049
				},
				"2024-06-01": {
					"avg": 19995,
					"count": 1,
					"min": 19995,
					"max": 19995
				},
				"2024-06-06": {
					"avg": 25099,
					"count": 1,
					"min": 25099,
					"max": 25099
				},
				"2024-06-10": {
					"avg": 8519,
					"count": 2,
					"min": 7499,
					"max": 9538
				},
				"2024-06-12": {
					"avg": 6999,
					"count": 1,
					"min": 6999,
					"max": 6999
				},
				"2024-06-14": {
					"avg": 20128,
					"count": 1,
					"min": 20128,
					"max": 20128
				},
				"2024-06-17": {
					"avg": 8098,
					"count": 1,
					"min": 8098,
					"max": 8098
				},
				"2024-06-29": {
					"avg": 8099,
					"count": 1,
					"min": 8099,
					"max": 8099
				},
				"2024-07-04": {
					"avg": 8799,
					"count": 1,
					"min": 8799,
					"max": 8799
				},
				"2024-07-08": {
					"avg": 6999,
					"count": 1,
					"min": 6999,
					"max": 6999
				},
				"2024-07-09": {
					"avg": 7599,
					"count": 1,
					"min": 7599,
					"max": 7599
				},
				"2024-07-10": {
					"avg": 13932,
					"count": 2,
					"min": 7764,
					"max": 20099
				},
				"2024-07-12": {
					"avg": 27099,
					"count": 1,
					"min": 27099,
					"max": 27099
				},
				"2024-07-16": {
					"avg": 7999,
					"count": 1,
					"min": 7999,
					"max": 7999
				},
				"2024-07-21": {
					"avg": 8015,
					"count": 1,
					"min": 8015,
					"max": 8015
				},
				"2024-07-24": {
					"avg": 8251,
					"count": 1,
					"min": 8251,
					"max": 8251
				},
				"2024-07-27": {
					"avg": 7999,
					"count": 1,
					"min": 7999,
					"max": 7999
				},
				"2024-08-02": {
					"avg": 7999,
					"count": 1,
					"min": 7999,
					"max": 7999
				},
				"2024-08-07": {
					"avg": 6266,
					"count": 1,
					"min": 6266,
					"max": 6266
				},
				"2024-08-09": {
					"avg": 8976,
					"count": 3,
					"min": 8799,
					"max": 9095
				},
				"2024-08-11": {
					"avg": 17726,
					"count": 1,
					"min": 17726,
					"max": 17726
				},
				"2024-08-12": {
					"avg": 8999,
					"count": 1,
					"min": 8999,
					"max": 8999
				},
				"2024-08-24": {
					"avg": 20128,
					"count": 1,
					"min": 20128,
					"max": 20128
				},
				"2024-09-01": {
					"avg": 8485,
					"count": 1,
					"min": 8485,
					"max": 8485
				},
				"2024-09-04": {
					"avg": 8495,
					"count": 1,
					"min": 8495,
					"max": 8495
				},
				"2024-09-05": {
					"avg": 22674,
					"count": 1,
					"min": 22674,
					"max": 22674
				},
				"2024-09-15": {
					"avg": 7599,
					"count": 1,
					"min": 7599,
					"max": 7599
				},
				"2024-09-18": {
					"avg": 9498,
					"count": 1,
					"min": 9498,
					"max": 9498
				},
				"2024-09-19": {
					"avg": 8495,
					"count": 1,
					"min": 8495,
					"max": 8495
				},
				"2024-09-21": {
					"avg": 11472,
					"count": 3,
					"min": 7139,
					"max": 17999
				},
				"2024-09-22": {
					"avg": 27599,
					"count": 1,
					"min": 27599,
					"max": 27599
				}
			},
			"avg": 12218,
			"avg7": -1,
			"avg28": -1
		},
		"normal-played": {
			"history": {
				"2024-06-01": {
					"avg": 3999,
					"count": 1,
					"min": 3999,
					"max": 3999
				},
				"2024-06-02": {
					"avg": 3999,
					"count": 1,
					"min": 3999,
					"max": 3999
				},
				"2024-06-04": {
					"avg": 8298,
					"count": 2,
					"min": 4098,
					"max": 12498
				},
				"2024-06-07": {
					"avg": 4350,
					"count": 1,
					"min": 4350,
					"max": 4350
				},
				"2024-06-16": {
					"avg": 3998,
					"count": 1,
					"min": 3998,
					"max": 3998
				},
				"2024-06-20": {
					"avg": 9250,
					"count": 2,
					"min": 4499,
					"max": 14000
				},
				"2024-06-24": {
					"avg": 3099,
					"count": 1,
					"min": 3099,
					"max": 3099
				},
				"2024-07-04": {
					"avg": 3497,
					"count": 1,
					"min": 3497,
					"max": 3497
				},
				"2024-07-06": {
					"avg": 3575,
					"count": 1,
					"min": 3575,
					"max": 3575
				},
				"2024-07-08": {
					"avg": 3699,
					"count": 1,
					"min": 3699,
					"max": 3699
				},
				"2024-07-10": {
					"avg": 4350,
					"count": 2,
					"min": 4201,
					"max": 4499
				},
				"2024-07-13": {
					"avg": 3718,
					"count": 2,
					"min": 3714,
					"max": 3722
				},
				"2024-07-15": {
					"avg": 3575,
					"count": 1,
					"min": 3575,
					"max": 3575
				},
				"2024-07-23": {
					"avg": 3871,
					"count": 2,
					"min": 3699,
					"max": 4042
				},
				"2024-07-25": {
					"avg": 3942,
					"count": 1,
					"min": 3942,
					"max": 3942
				},
				"2024-08-01": {
					"avg": 3099,
					"count": 1,
					"min": 3099,
					"max": 3099
				},
				"2024-08-12": {
					"avg": 3985,
					"count": 1,
					"min": 3985,
					"max": 3985
				},
				"2024-08-16": {
					"avg": 3575,
					"count": 1,
					"min": 3575,
					"max": 3575
				},
				"2024-08-19": {
					"avg": 3995,
					"count": 1,
					"min": 3995,
					"max": 3995
				},
				"2024-08-20": {
					"avg": 3995,
					"count": 1,
					"min": 3995,
					"max": 3995
				},
				"2024-08-23": {
					"avg": 4184,
					"count": 3,
					"min": 3954,
					"max": 4299
				},
				"2024-08-25": {
					"avg": 4953,
					"count": 2,
					"min": 3995,
					"max": 5911
				},
				"2024-08-29": {
					"avg": 4149,
					"count": 2,
					"min": 3998,
					"max": 4299
				},
				"2024-09-02": {
					"avg": 9999,
					"count": 1,
					"min": 9999,
					"max": 9999
				},
				"2024-09-03": {
					"avg": 3538,
					"count": 2,
					"min": 3500,
					"max": 3575
				},
				"2024-09-04": {
					"avg": 10000,
					"count": 1,
					"min": 10000,
					"max": 10000
				},
				"2024-09-09": {
					"avg": 3998,
					"count": 1,
					"min": 3998,
					"max": 3998
				},
				"2024-09-10": {
					"avg": 4043,
					"count": 1,
					"min": 4043,
					"max": 4043
				},
				"2024-09-13": {
					"avg": 4043,
					"count": 1,
					"min": 4043,
					"max": 4043
				},
				"2024-09-16": {
					"avg": 5703,
					"count": 1,
					"min": 5703,
					"max": 5703
				},
				"2024-09-21": {
					"avg": 4044,
					"count": 1,
					"min": 4044,
					"max": 4044
				}
			},
			"avg": 4757,
			"avg7": -1,
			"avg28": -1
		}
	}
}