{
	"data": {
		"normal-good": {
			"history": {
				"2022-11-13": {
					"avg": 39999,
					"count": 1
				},
				"2022-11-14": {
					"avg": 6840,
					"count": 5
				},
				"2022-11-16": {
					"avg": 35099,
					"count": 2
				},
				"2022-11-18": {
					"avg": 7317,
					"count": 2
				},
				"2022-11-19": {
					"avg": 22499,
					"count": 1,
					"min": 22499,
					"max": 22499
				},
				"2022-11-20": {
					"avg": 4649,
					"count": 1,
					"min": 4649,
					"max": 4649
				},
				"2022-11-23": {
					"avg": 6998,
					"count": 1,
					"min": 6998,
					"max": 6998
				},
				"2022-11-24": {
					"avg": 15000,
					"count": 1,
					"min": 15000,
					"max": 15000
				},
				"2022-11-25": {
					"avg": 9064,
					"count": 6,
					"min": 6999,
					"max": 14844
				},
				"2022-11-27": {
					"avg": 10499,
					"count": 2,
					"min": 5999,
					"max": 14999
				},
				"2022-11-28": {
					"avg": 16356,
					"count": 2,
					"min": 16129,
					"max": 16582
				},
				"2022-11-29": {
					"avg": 13119,
					"count": 1,
					"min": 13119,
					"max": 13119
				},
				"2022-11-30": {
					"avg": 7748,
					"count": 2,
					"min": 3498,
					"max": 11999
				},
				"2022-12-02": {
					"avg": 2813,
					"count": 2,
					"min": 2398,
					"max": 3228
				},
				"2022-12-03": {
					"avg": 9844,
					"count": 2,
					"min": 2475,
					"max": 17213
				},
				"2022-12-04": {
					"avg": 12098,
					"count": 1,
					"min": 12098,
					"max": 12098
				},
				"2022-12-06": {
					"avg": 24699,
					"count": 1,
					"min": 24699,
					"max": 24699
				},
				"2022-12-11": {
					"avg": 13549,
					"count": 2,
					"min": 10998,
					"max": 16099
				},
				"2022-12-13": {
					"avg": 16499,
					"count": 1,
					"min": 16499,
					"max": 16499
				},
				"2022-12-14": {
					"avg": 5602,
					"count": 3,
					"min": 4619,
					"max": 7474
				},
				"2022-12-15": {
					"avg": 7399,
					"count": 1,
					"min": 7399,
					"max": 7399
				},
				"2022-12-16": {
					"avg": 3227,
					"count": 1,
					"min": 3227,
					"max": 3227
				},
				"2022-12-17": {
					"avg": 7636,
					"count": 2,
					"min": 5298,
					"max": 9973
				},
				"2022-12-18": {
					"avg": 7473,
					"count": 1,
					"min": 7473,
					"max": 7473
				},
				"2022-12-19": {
					"avg": 11665,
					"count": 3,
					"min": 9998,
					"max": 12499
				},
				"2022-12-20": {
					"avg": 5499,
					"count": 1,
					"min": 5499,
					"max": 5499
				},
				"2022-12-21": {
					"avg": 3278,
					"count": 2,
					"min": 3228,
					"max": 3327
				},
				"2022-12-22": {
					"avg": 11965,
					"count": 3,
					"min": 7498,
					"max": 18398
				},
				"2022-12-24": {
					"avg": 7584,
					"count": 1,
					"min": 7584,
					"max": 7584
				},
				"2022-12-25": {
					"avg": 12098,
					"count": 1,
					"min": 12098,
					"max": 12098
				},
				"2022-12-26": {
					"avg": 2998,
					"count": 1,
					"min": 2998,
					"max": 2998
				},
				"2022-12-27": {
					"avg": 29989,
					"count": 1,
					"min": 29989,
					"max": 29989
				},
				"2022-12-31": {
					"avg": 8078,
					"count": 1,
					"min": 8078,
					"max": 8078
				},
				"2023-01-01": {
					"avg": 11552,
					"count": 4,
					"min": 7473,
					"max": 13618
				},
				"2023-01-03": {
					"avg": 10547,
					"count": 2,
					"min": 10095,
					"max": 10999
				},
				"2023-01-04": {
					"avg": 10098,
					"count": 1,
					"min": 10098,
					"max": 10098
				},
				"2023-01-05": {
					"avg": 4199,
					"count": 2,
					"min": 3900,
					"max": 4498
				},
				"2023-01-06": {
					"avg": 5274,
					"count": 2,
					"min": 4498,
					"max": 6049
				},
				"2023-01-07": {
					"avg": 4195,
					"count": 1,
					"min": 4195,
					"max": 4195
				},
				"2023-01-08": {
					"avg": 7238,
					"count": 5,
					"min": 4196,
					"max": 10129
				},
				"2023-01-09": {
					"avg": 3099,
					"count": 1,
					"min": 3099,
					"max": 3099
				},
				"2023-01-10": {
					"avg": 7536,
					"count": 2,
					"min": 7500,
					"max": 7572
				},
				"2023-01-12": {
					"avg": 10198,
					"count": 1,
					"min": 10198,
					"max": 10198
				},
				"2023-02-06": {
					"avg": 9332,
					"count": 3,
					"min": 4799,
					"max": 12098
				},
				"2023-02-07": {
					"avg": 5167,
					"count": 1,
					"min": 5167,
					"max": 5167
				},
				"2023-02-10": {
					"avg": 2958,
					"count": 1,
					"min": 2958,
					"max": 2958
				},
				"2023-02-11": {
					"avg": 18937,
					"count": 2,
					"min": 2873,
					"max": 35000
				},
				"2023-02-12": {
					"avg": 19649,
					"count": 2,
					"min": 13299,
					"max": 25998
				},
				"2023-02-13": {
					"avg": 10099,
					"count": 2,
					"min": 10099,
					"max": 10099
				},
				"2023-02-15": {
					"avg": 7275,
					"count": 1,
					"min": 7275,
					"max": 7275
				},
				"2023-02-17": {
					"avg": 10349,
					"count": 2,
					"min": 9999,
					"max": 10699
				},
				"2023-02-18": {
					"avg": 11657,
					"count": 7,
					"min": 7277,
					"max": 20194
				},
				"2023-02-19": {
					"avg": 7206,
					"count": 2,
					"min": 6699,
					"max": 7713
				},
				"2023-02-20": {
					"avg": 3859,
					"count": 2,
					"min": 3122,
					"max": 4596
				},
				"2023-02-21": {
					"avg": 10072,
					"count": 4,
					"min": 4596,
					"max": 12095
				},
				"2023-02-22": {
					"avg": 25699,
					"count": 2,
					"min": 11399,
					"max": 39999
				},
				"2023-02-23": {
					"avg": 9654,
					"count": 2,
					"min": 7713,
					"max": 11596
				},
				"2023-02-24": {
					"avg": 12600,
					"count": 2,
					"min": 12500,
					"max": 12699
				},
				"2023-02-26": {
					"avg": 14899,
					"count": 1,
					"min": 14899,
					"max": 14899
				},
				"2023-02-27": {
					"avg": 6810,
					"count": 2,
					"min": 3122,
					"max": 10499
				},
				"2023-02-28": {
					"avg": 7952,
					"count": 4,
					"min": 3098,
					"max": 12999
				},
				"2023-03-01": {
					"avg": 12399,
					"count": 1,
					"min": 12399,
					"max": 12399
				},
				"2023-03-03": {
					"avg": 16348,
					"count": 6,
					"min": 4596,
					"max": 50199
				},
				"2023-03-04": {
					"avg": 3633,
					"count": 2,
					"min": 3469,
					"max": 3796
				},
				"2023-03-05": {
					"avg": 7998,
					"count": 1,
					"min": 7998,
					"max": 7998
				},
				"2023-03-07": {
					"avg": 8510,
					"count": 3,
					"min": 8498,
					"max": 8532
				},
				"2023-03-09": {
					"avg": 5785,
					"count": 5,
					"min": 3122,
					"max": 11485
				},
				"2023-03-13": {
					"avg": 6674,
					"count": 2,
					"min": 5498,
					"max": 7849
				},
				"2023-03-16": {
					"avg": 13589,
					"count": 3,
					"min": 4199,
					"max": 29990
				},
				"2023-03-17": {
					"avg": 10704,
					"count": 1,
					"min": 10704,
					"max": 10704
				},
				"2023-03-18": {
					"avg": 15099,
					"count": 1,
					"min": 15099,
					"max": 15099
				},
				"2023-03-19": {
					"avg": 15099,
					"count": 1,
					"min": 15099,
					"max": 15099
				},
				"2023-03-20": {
					"avg": 36499,
					"count": 1,
					"min": 36499,
					"max": 36499
				},
				"2023-03-21": {
					"avg": 32726,
					"count": 5,
					"min": 6599,
					"max": 75000
				},
				"2023-03-22": {
					"avg": 8791,
					"count": 2,
					"min": 3083,
					"max": 14499
				},
				"2023-03-24": {
					"avg": 7400,
					"count": 1,
					"min": 7400,
					"max": 7400
				},
				"2023-03-25": {
					"avg": 7999,
					"count": 1,
					"min": 7999,
					"max": 7999
				},
				"2023-03-26": {
					"avg": 5649,
					"count": 1,
					"min": 5649,
					"max": 5649
				},
				"2023-03-27": {
					"avg": 10698,
					"count": 1,
					"min": 10698,
					"max": 10698
				},
				"2023-03-31": {
					"avg": 15499,
					"count": 1,
					"min": 15499,
					"max": 15499
				},
				"2023-04-01": {
					"avg": 17737,
					"count": 2,
					"min": 10774,
					"max": 24700
				},
				"2023-04-02": {
					"avg": 11780,
					"count": 1,
					"min": 11780,
					"max": 11780
				},
				"2023-04-03": {
					"avg": 11588,
					"count": 1,
					"min": 11588,
					"max": 11588
				},
				"2023-04-05": {
					"avg": 10949,
					"count": 1,
					"min": 10949,
					"max": 10949
				},
				"2023-04-07": {
					"avg": 4947,
					"count": 3,
					"min": 3900,
					"max": 5471
				},
				"2023-04-10": {
					"avg": 15098,
					"count": 1,
					"min": 15098,
					"max": 15098
				},
				"2023-04-12": {
					"avg": 3900,
					"count": 1,
					"min": 3900,
					"max": 3900
				},
				"2023-04-13": {
					"avg": 15098,
					"count": 1,
					"min": 15098,
					"max": 15098
				},
				"2023-04-14": {
					"avg": 3788,
					"count": 2,
					"min": 3535,
					"max": 4040
				},
				"2023-04-15": {
					"avg": 4200,
					"count": 1,
					"min": 4200,
					"max": 4200
				},
				"2023-04-16": {
					"avg": 14759,
					"count": 1,
					"min": 14759,
					"max": 14759
				},
				"2023-04-17": {
					"avg": 4499,
					"count": 1,
					"min": 4499,
					"max": 4499
				},
				"2023-04-19": {
					"avg": 6098,
					"count": 1,
					"min": 6098,
					"max": 6098
				},
				"2023-04-20": {
					"avg": 15124,
					"count": 1,
					"min": 15124,
					"max": 15124
				},
				"2023-04-21": {
					"avg": 13349,
					"count": 2,
					"min": 11598,
					"max": 15099
				},
				"2023-04-22": {
					"avg": 11651,
					"count": 1,
					"min": 11651,
					"max": 11651
				},
				"2023-04-23": {
					"avg": 11147,
					"count": 1,
					"min": 11147,
					"max": 11147
				},
				"2023-04-25": {
					"avg": 9900,
					"count": 1,
					"min": 9900,
					"max": 9900
				},
				"2023-04-30": {
					"avg": 21884,
					"count": 2,
					"min": 5268,
					"max": 38499
				},
				"2023-05-01": {
					"avg": 5599,
					"count": 1,
					"min": 5599,
					"max": 5599
				},
				"2023-05-04": {
					"avg": 7310,
					"count": 1,
					"min": 7310,
					"max": 7310
				},
				"2023-05-05": {
					"avg": 12594,
					"count": 1,
					"min": 12594,
					"max": 12594
				},
				"2023-05-06": {
					"avg": 5999,
					"count": 1,
					"min": 5999,
					"max": 5999
				},
				"2023-05-07": {
					"avg": 9256,
					"count": 2,
					"min": 7098,
					"max": 11414
				},
				"2023-05-08": {
					"avg": 21332,
					"count": 3,
					"min": 5599,
					"max": 33499
				},
				"2023-05-11": {
					"avg": 12594,
					"count": 1,
					"min": 12594,
					"max": 12594
				},
				"2023-05-12": {
					"avg": 47499,
					"count": 1,
					"min": 47499,
					"max": 47499
				},
				"2023-05-13": {
					"avg": 14562,
					"count": 2,
					"min": 3999,
					"max": 25124
				},
				"2023-05-14": {
					"avg": 19947,
					"count": 3,
					"min": 14499,
					"max": 30000
				},
				"2023-05-15": {
					"avg": 11154,
					"count": 2,
					"min": 11154,
					"max": 11154
				},
				"2023-05-16": {
					"avg": 14299,
					"count": 1,
					"min": 14299,
					"max": 14299
				},
				"2023-05-17": {
					"avg": 4000,
					"count": 1,
					"min": 4000,
					"max": 4000
				},
				"2023-05-19": {
					"avg": 11027,
					"count": 2,
					"min": 4479,
					"max": 17575
				},
				"2023-05-20": {
					"avg": 7124,
					"count": 4,
					"min": 4599,
					"max": 14199
				},
				"2023-05-21": {
					"avg": 3549,
					"count": 1,
					"min": 3549,
					"max": 3549
				},
				"2023-05-22": {
					"avg": 7150,
					"count": 1,
					"min": 7150,
					"max": 7150
				},
				"2023-05-23": {
					"avg": 3714,
					"count": 1,
					"min": 3714,
					"max": 3714
				},
				"2023-05-25": {
					"avg": 25348,
					"count": 1,
					"min": 25348,
					"max": 25348
				},
				"2023-05-26": {
					"avg": 18664,
					"count": 4,
					"min": 7613,
					"max": 44599
				},
				"2023-05-27": {
					"avg": 3999,
					"count": 1,
					"min": 3999,
					"max": 3999
				},
				"2023-05-29": {
					"avg": 10289,
					"count": 2,
					"min": 5079,
					"max": 15499
				},
				"2023-05-31": {
					"avg": 4540,
					"count": 2,
					"min": 4000,
					"max": 5080
				},
				"2023-06-01": {
					"avg": 28298,
					"count": 2,
					"min": 6597,
					"max": 49999
				},
				"2023-06-04": {
					"avg": 6600,
					"count": 3,
					"min": 4500,
					"max": 10799
				},
				"2023-06-05": {
					"avg": 10149,
					"count": 2,
					"min": 8599,
					"max": 11699
				},
				"2023-06-06": {
					"avg": 7129,
					"count": 4,
					"min": 7129,
					"max": 7130
				},
				"2023-06-08": {
					"avg": 8199,
					"count": 3,
					"min": 7099,
					"max": 10400
				},
				"2023-06-09": {
					"avg": 14134,
					"count": 3,
					"min": 11210,
					"max": 15899
				},
				"2023-06-11": {
					"avg": 2395,
					"count": 1,
					"min": 2395,
					"max": 2395
				},
				"2023-06-13": {
					"avg": 7399,
					"count": 1,
					"min": 7399,
					"max": 7399
				},
				"2023-06-14": {
					"avg": 10000,
					"count": 1,
					"min": 10000,
					"max": 10000
				},
				"2023-06-15": {
					"avg": 37499,
					"count": 1,
					"min": 37499,
					"max": 37499
				},
				"2023-06-16": {
					"avg": 8750,
					"count": 2,
					"min": 7500,
					"max": 10000
				},
				"2023-06-18": {
					"avg": 4600,
					"count": 1,
					"min": 4600,
					"max": 4600
				},
				"2023-06-20": {
					"avg": 15997,
					"count": 3,
					"min": 15767,
					"max": 16359
				},
				"2023-06-21": {
					"avg": 18252,
					"count": 1,
					"min": 18252,
					"max": 18252
				},
				"2023-06-22": {
					"avg": 3000,
					"count": 1,
					"min": 3000,
					"max": 3000
				},
				"2023-06-23": {
					"avg": 17349,
					"count": 1,
					"min": 17349,
					"max": 17349
				},
				"2023-06-24": {
					"avg": 12331,
					"count": 3,
					"min": 3499,
					"max": 17499
				},
				"2023-06-26": {
					"avg": 5515,
					"count": 1,
					"min": 5515,
					"max": 5515
				},
				"2023-06-27": {
					"avg": 3300,
					"count": 1,
					"min": 3300,
					"max": 3300
				},
				"2023-06-30": {
					"avg": 7297,
					"count": 2,
					"min": 3019,
					"max": 11576
				},
				"2023-07-01": {
					"avg": 8094,
					"count": 2,
					"min": 3189,
					"max": 12999
				},
				"2023-07-02": {
					"avg": 6346,
					"count": 2,
					"min": 3294,
					"max": 9398
				},
				"2023-07-03": {
					"avg": 9758,
					"count": 5,
					"min": 9399,
					"max": 9998
				},
				"2023-07-04": {
					"avg": 10544,
					"count": 3,
					"min": 3994,
					"max": 13819
				},
				"2023-07-06": {
					"avg": 10997,
					"count": 2,
					"min": 7995,
					"max": 13999
				},
				"2023-07-07": {
					"avg": 3296,
					"count": 1,
					"min": 3296,
					"max": 3296
				},
				"2023-07-08": {
					"avg": 7351,
					"count": 2,
					"min": 7308,
					"max": 7394
				},
				"2023-07-10": {
					"avg": 5328,
					"count": 3,
					"min": 3294,
					"max": 8992
				},
				"2023-07-12": {
					"avg": 15099,
					"count": 1,
					"min": 15099,
					"max": 15099
				},
				"2023-07-13": {
					"avg": 3296,
					"count": 1,
					"min": 3296,
					"max": 3296
				},
				"2023-07-14": {
					"avg": 17798,
					"count": 4,
					"min": 17499,
					"max": 17898
				},
				"2023-07-16": {
					"avg": 7199,
					"count": 3,
					"min": 3296,
					"max": 11499
				},
				"2023-07-17": {
					"avg": 6598,
					"count": 2,
					"min": 3296,
					"max": 9900
				},
				"2023-07-18": {
					"avg": 8697,
					"count": 2,
					"min": 2394,
					"max": 14999
				},
				"2023-07-20": {
					"avg": 12648,
					"count": 2,
					"min": 7999,
					"max": 17298
				},
				"2023-07-21": {
					"avg": 32198,
					"count": 1,
					"min": 32198,
					"max": 32198
				},
				"2023-07-22": {
					"avg": 14390,
					"count": 1,
					"min": 14390,
					"max": 14390
				},
				"2023-07-23": {
					"avg": 10489,
					"count": 2,
					"min": 7727,
					"max": 13250
				},
				"2023-07-24": {
					"avg": 7122,
					"count": 2,
					"min": 7073,
					"max": 7172
				},
				"2023-07-25": {
					"avg": 7761,
					"count": 2,
					"min": 4324,
					"max": 11199
				},
				"2023-07-26": {
					"avg": 11893,
					"count": 13,
					"min": 10499,
					"max": 12999
				},
				"2023-07-27": {
					"avg": 9000,
					"count": 2,
					"min": 3699,
					"max": 14300
				},
				"2023-07-28": {
					"avg": 7386,
					"count": 3,
					"min": 3633,
					"max": 14564
				},
				"2023-07-29": {
					"avg": 34562,
					"count": 2,
					"min": 11125,
					"max": 57998
				},
				"2023-07-31": {
					"avg": 29999,
					"count": 1,
					"min": 29999,
					"max": 29999
				},
				"2023-08-01": {
					"avg": 9576,
					"count": 3,
					"min": 4700,
					"max": 12600
				},
				"2023-08-02": {
					"avg": 30099,
					"count": 1,
					"min": 30099,
					"max": 30099
				},
				"2023-08-03": {
					"avg": 9499,
					"count": 2,
					"min": 4498,
					"max": 14500
				},
				"2023-08-05": {
					"avg": 10599,
					"count": 2,
					"min": 7598,
					"max": 13599
				},
				"2023-08-06": {
					"avg": 8955,
					"count": 3,
					"min": 7389,
					"max": 10976
				},
				"2023-08-08": {
					"avg": 10724,
					"count": 2,
					"min": 10049,
					"max": 11399
				},
				"2023-08-09": {
					"avg": 4757,
					"count": 6,
					"min": 4000,
					"max": 7048
				},
				"2023-08-10": {
					"avg": 7671,
					"count": 1,
					"min": 7671,
					"max": 7671
				},
				"2023-08-11": {
					"avg": 9757,
					"count": 1,
					"min": 9757,
					"max": 9757
				},
				"2023-08-12": {
					"avg": 13760,
					"count": 1,
					"min": 13760,
					"max": 13760
				},
				"2023-08-15": {
					"avg": 7073,
					"count": 1,
					"min": 7073,
					"max": 7073
				},
				"2023-08-16": {
					"avg": 15999,
					"count": 1,
					"min": 15999,
					"max": 15999
				},
				"2023-08-17": {
					"avg": 7533,
					"count": 1,
					"min": 7533,
					"max": 7533
				},
				"2023-08-18": {
					"avg": 3561,
					"count": 1,
					"min": 3561,
					"max": 3561
				},
				"2023-08-19": {
					"avg": 11299,
					"count": 1,
					"min": 11299,
					"max": 11299
				},
				"2023-08-20": {
					"avg": 7533,
					"count": 1,
					"min": 7533,
					"max": 7533
				},
				"2023-08-21": {
					"avg": 7831,
					"count": 3,
					"min": 3499,
					"max": 12921
				},
				"2023-08-23": {
					"avg": 17617,
					"count": 2,
					"min": 15499,
					"max": 19735
				},
				"2023-08-26": {
					"avg": 40000,
					"count": 1,
					"min": 40000,
					"max": 40000
				},
				"2023-08-27": {
					"avg": 9402,
					"count": 2,
					"min": 8805,
					"max": 9999
				},
				"2023-08-30": {
					"avg": 5487,
					"count": 1,
					"min": 5487,
					"max": 5487
				},
				"2023-09-01": {
					"avg": 7697,
					"count": 1,
					"min": 7697,
					"max": 7697
				},
				"2023-09-03": {
					"avg": 14000,
					"count": 1,
					"min": 14000,
					"max": 14000
				},
				"2023-09-04": {
					"avg": 11099,
					"count": 1,
					"min": 11099,
					"max": 11099
				},
				"2023-09-07": {
					"avg": 11099,
					"count": 1,
					"min": 11099,
					"max": 11099
				},
				"2023-09-08": {
					"avg": 3504,
					"count": 1,
					"min": 3504,
					"max": 3504
				},
				"2023-09-10": {
					"avg": 11149,
					"count": 2,
					"min": 11149,
					"max": 11149
				},
				"2023-09-12": {
					"avg": 7757,
					"count": 3,
					"min": 3304,
					"max": 11025
				},
				"2023-09-13": {
					"avg": 13148,
					"count": 1,
					"min": 13148,
					"max": 13148
				},
				"2023-09-14": {
					"avg": 11690,
					"count": 3,
					"min": 7099,
					"max": 19999
				},
				"2023-09-15": {
					"avg": 15839,
					"count": 2,
					"min": 11178,
					"max": 20499
				},
				"2023-09-17": {
					"avg": 32099,
					"count": 2,
					"min": 9099,
					"max": 55099
				},
				"2023-09-18": {
					"avg": 12544,
					"count": 2,
					"min": 8094,
					"max": 16994
				},
				"2023-09-19": {
					"avg": 7359,
					"count": 3,
					"min": 3500,
					"max": 12679
				},
				"2023-09-20": {
					"avg": 3798,
					"count": 1,
					"min": 3798,
					"max": 3798
				},
				"2023-09-21": {
					"avg": 8058,
					"count": 3,
					"min": 4998,
					"max": 13986
				},
				"2023-09-23": {
					"avg": 13249,
					"count": 2,
					"min": 10999,
					"max": 15499
				},
				"2023-09-26": {
					"avg": 5487,
					"count": 1,
					"min": 5487,
					"max": 5487
				},
				"2023-09-27": {
					"avg": 11199,
					"count": 1,
					"min": 11199,
					"max": 11199
				},
				"2023-09-28": {
					"avg": 5432,
					"count": 2,
					"min": 5414,
					"max": 5449
				},
				"2023-09-30": {
					"avg": 7348,
					"count": 2,
					"min": 6498,
					"max": 8198
				},
				"2023-10-03": {
					"avg": 3773,
					"count": 1,
					"min": 3773,
					"max": 3773
				},
				"2023-10-04": {
					"avg": 5798,
					"count": 1,
					"min": 5798,
					"max": 5798
				},
				"2023-10-05": {
					"avg": 15500,
					"count": 1,
					"min": 15500,
					"max": 15500
				},
				"2023-10-06": {
					"avg": 28799,
					"count": 3,
					"min": 25499,
					"max": 35098
				},
				"2023-10-07": {
					"avg": 8097,
					"count": 3,
					"min": 7895,
					"max": 8198
				},
				"2023-10-08": {
					"avg": 3797,
					"count": 2,
					"min": 3796,
					"max": 3798
				},
				"2023-10-10": {
					"avg": 23524,
					"count": 2,
					"min": 13990,
					"max": 33058
				},
				"2023-10-11": {
					"avg": 11499,
					"count": 1,
					"min": 11499,
					"max": 11499
				},
				"2023-10-13": {
					"avg": 14197,
					"count": 1,
					"min": 14197,
					"max": 14197
				},
				"2023-10-14": {
					"avg": 3390,
					"count": 1,
					"min": 3390,
					"max": 3390
				},
				"2023-10-16": {
					"avg": 10199,
					"count": 2,
					"min": 5899,
					"max": 14499
				},
				"2023-10-18": {
					"avg": 6500,
					"count": 2,
					"min": 5000,
					"max": 8000
				},
				"2023-10-19": {
					"avg": 3655,
					"count": 4,
					"min": 3500,
					"max": 3799
				},
				"2023-10-20": {
					"avg": 9899,
					"count": 3,
					"min": 4098,
					"max": 14099
				},
				"2023-10-21": {
					"avg": 16500,
					"count": 1,
					"min": 16500,
					"max": 16500
				},
				"2023-10-22": {
					"avg": 55499,
					"count": 1,
					"min": 55499,
					"max": 55499
				},
				"2023-10-23": {
					"avg": 10302,
					"count": 2,
					"min": 8004,
					"max": 12599
				},
				"2023-10-24": {
					"avg": 11398,
					"count": 1,
					"min": 11398,
					"max": 11398
				},
				"2023-10-27": {
					"avg": 11449,
					"count": 2,
					"min": 8198,
					"max": 14699
				},
				"2023-10-29": {
					"avg": 18581,
					"count": 4,
					"min": 8300,
					"max": 43642
				},
				"2023-10-30": {
					"avg": 14398,
					"count": 2,
					"min": 8297,
					"max": 20499
				},
				"2023-10-31": {
					"avg": 11362,
					"count": 3,
					"min": 3899,
					"max": 25499
				},
				"2023-11-02": {
					"avg": 35274,
					"count": 2,
					"min": 12131,
					"max": 58417
				},
				"2023-11-03": {
					"avg": 6499,
					"count": 1,
					"min": 6499,
					"max": 6499
				},
				"2023-11-04": {
					"avg": 19355,
					"count": 2,
					"min": 15809,
					"max": 22900
				},
				"2023-11-05": {
					"avg": 11099,
					"count": 1,
					"min": 11099,
					"max": 11099
				},
				"2023-11-07": {
					"avg": 8149,
					"count": 1,
					"min": 8149,
					"max": 8149
				},
				"2023-11-08": {
					"avg": 10300,
					"count": 2,
					"min": 8099,
					"max": 12500
				},
				"2023-11-09": {
					"avg": 8999,
					"count": 1,
					"min": 8999,
					"max": 8999
				},
				"2023-11-11": {
					"avg": 11499,
					"count": 1,
					"min": 11499,
					"max": 11499
				},
				"2023-11-12": {
					"avg": 11098,
					"count": 1,
					"min": 11098,
					"max": 11098
				},
				"2023-11-13": {
					"avg": 10900,
					"count": 1,
					"min": 10900,
					"max": 10900
				},
				"2023-11-14": {
					"avg": 10765,
					"count": 2,
					"min": 6431,
					"max": 15099
				},
				"2023-11-15": {
					"avg": 11821,
					"count": 2,
					"min": 3842,
					"max": 19799
				},
				"2023-11-16": {
					"avg": 3729,
					"count": 1,
					"min": 3729,
					"max": 3729
				},
				"2023-11-17": {
					"avg": 5099,
					"count": 1,
					"min": 5099,
					"max": 5099
				},
				"2023-11-19": {
					"avg": 6848,
					"count": 1,
					"min": 6848,
					"max": 6848
				},
				"2023-11-21": {
					"avg": 3110,
					"count": 1,
					"min": 3110,
					"max": 3110
				},
				"2023-11-23": {
					"avg": 3500,
					"count": 1,
					"min": 3500,
					"max": 3500
				},
				"2023-11-24": {
					"avg": 11942,
					"count": 29,
					"min": 3210,
					"max": 29900
				},
				"2023-11-25": {
					"avg": 9697,
					"count": 1,
					"min": 9697,
					"max": 9697
				},
				"2023-11-26": {
					"avg": 12110,
					"count": 1,
					"min": 12110,
					"max": 12110
				},
				"2023-11-27": {
					"avg": 16497,
					"count": 2,
					"min": 12999,
					"max": 19995
				},
				"2024-05-16": {
					"avg": 12602,
					"count": 6,
					"min": 12289,
					"max": 12999
				},
				"2024-05-17": {
					"avg": 11390,
					"count": 10,
					"min": 4058,
					"max": 40299
				},
				"2024-05-18": {
					"avg": 5099,
					"count": 1,
					"min": 5099,
					"max": 5099
				},
				"2024-05-21": {
					"avg": 10802,
					"count": 2,
					"min": 7994,
					"max": 13609
				},
				"2024-05-22": {
					"avg": 4060,
					"count": 1,
					"min": 4060,
					"max": 4060
				},
				"2024-05-27": {
					"avg": 11985,
					"count": 1,
					"min": 11985,
					"max": 11985
				},
				"2024-06-04": {
					"avg": 11122,
					"count": 1,
					"min": 11122,
					"max": 11122
				},
				"2024-06-13": {
					"avg": 11896,
					"count": 1,
					"min": 11896,
					"max": 11896
				},
				"2024-06-14": {
					"avg": 13500,
					"count": 1,
					"min": 13500,
					"max": 13500
				},
				"2024-06-15": {
					"avg": 33000,
					"count": 1,
					"min": 33000,
					"max": 33000
				},
				"2024-06-17": {
					"avg": 13636,
					"count": 3,
					"min": 12657,
					"max": 15499
				},
				"2024-06-24": {
					"avg": 29185,
					"count": 1,
					"min": 29185,
					"max": 29185
				},
				"2024-06-25": {
					"avg": 11874,
					"count": 2,
					"min": 11849,
					"max": 11899
				},
				"2024-07-01": {
					"avg": 13672,
					"count": 1,
					"min": 13672,
					"max": 13672
				},
				"2024-07-05": {
					"avg": 12047,
					"count": 2,
					"min": 11099,
					"max": 12995
				},
				"2024-07-10": {
					"avg": 11818,
					"count": 1,
					"min": 11818,
					"max": 11818
				},
				"2024-07-16": {
					"avg": 29886,
					"count": 1,
					"min": 29886,
					"max": 29886
				},
				"2024-07-18": {
					"avg": 12305,
					"count": 5,
					"min": 11000,
					"max": 13262
				},
				"2024-07-22": {
					"avg": 13460,
					"count": 2,
					"min": 13419,
					"max": 13500
				},
				"2024-07-23": {
					"avg": 43343,
					"count": 1,
					"min": 43343,
					"max": 43343
				},
				"2024-07-25": {
					"avg": 30599,
					"count": 1,
					"min": 30599,
					"max": 30599
				},
				"2024-07-26": {
					"avg": 11699,
					"count": 1,
					"min": 11699,
					"max": 11699
				},
				"2024-07-30": {
					"avg": 13995,
					"count": 2,
					"min": 13995,
					"max": 13995
				},
				"2024-08-03": {
					"avg": 12741,
					"count": 1,
					"min": 12741,
					"max": 12741
				},
				"2024-08-04": {
					"avg": 24114,
					"count": 3,
					"min": 13999,
					"max": 43343
				},
				"2024-08-05": {
					"avg": 14495,
					"count": 1,
					"min": 14495,
					"max": 14495
				},
				"2024-08-07": {
					"avg": 12199,
					"count": 1,
					"min": 12199,
					"max": 12199
				},
				"2024-08-20": {
					"avg": 31602,
					"count": 3,
					"min": 29886,
					"max": 32461
				},
				"2024-08-25": {
					"avg": 13035,
					"count": 1,
					"min": 13035,
					"max": 13035
				},
				"2024-08-27": {
					"avg": 32999,
					"count": 1,
					"min": 32999,
					"max": 32999
				},
				"2024-08-31": {
					"avg": 12621,
					"count": 1,
					"min": 12621,
					"max": 12621
				},
				"2024-09-01": {
					"avg": 18007,
					"count": 3,
					"min": 11999,
					"max": 29922
				},
				"2024-09-12": {
					"avg": 12360,
					"count": 2,
					"min": 12099,
					"max": 12621
				},
				"2024-09-13": {
					"avg": 29042,
					"count": 2,
					"min": 28199,
					"max": 29885
				},
				"2024-09-14": {
					"avg": 12499,
					"count": 1,
					"min": 12499,
					"max": 12499
				},
				"2024-09-16": {
					"avg": 12532,
					"count": 3,
					"min": 12098,
					"max": 12999
				},
				"2024-09-17": {
					"avg": 12592,
					"count": 1,
					"min": 12592,
					"max": 12592
				},
				"2024-09-19": {
					"avg": 29900,
					"count": 1,
					"min": 29900,
					"max": 29900
				},
				"2024-09-22": {
					"avg": 13070,
					"count": 3,
					"min": 10499,
					"max": 15199
				}
			},
			"avg": 12142,
			"avg7": 11014,
			"avg28": 11014
		},
		"normal-used": {
			"history": {
				"2024-05-27": {
					"avg": 6102,
					"count": 1,
					"min": 6102,
					"max": 6102
				},
				"2024-05-29": {
					"avg": 5430,
					"count": 2,
					"min": 5359,
					"max": 5500
				},
				"2024-06-12": {
					"avg": 5187,
					"count": 2,
					"min": 4932,
					"max": 5441
				},
				"2024-06-13": {
					"avg": 5445,
					"count": 1,
					"min": 5445,
					"max": 5445
				},
				"2024-06-14": {
					"avg": 5359,
					"count": 1,
					"min": 5359,
					"max": 5359
				},
				"2024-06-15": {
					"avg": 5467,
					"count": 1,
					"min": 5467,
					"max": 5467
				},
				"2024-06-18": {
					"avg": 5701,
					"count": 3,
					"min": 5449,
					"max": 5999
				},
				"2024-07-06": {
					"avg": 6764,
					"count": 1,
					"min": 6764,
					"max": 6764
				},
				"2024-07-07": {
					"avg": 22497,
					"count": 1,
					"min": 22497,
					"max": 22497
				},
				"2024-07-09": {
					"avg": 6786,
					"count": 1,
					"min": 6786,
					"max": 6786
				},
				"2024-07-16": {
					"avg": 5500,
					"count": 1,
					"min": 5500,
					"max": 5500
				},
				"2024-07-25": {
					"avg": 6664,
					"count": 1,
					"min": 6664,
					"max": 6664
				},
				"2024-07-26": {
					"avg": 6664,
					"count": 1,
					"min": 6664,
					"max": 6664
				},
				"2024-08-03": {
					"avg": 6649,
					"count": 1,
					"min": 6649,
					"max": 6649
				},
				"2024-08-10": {
					"avg": 5737,
					"count": 1,
					"min": 5737,
					"max": 5737
				},
				"2024-08-19": {
					"avg": 6649,
					"count": 1,
					"min": 6649,
					"max": 6649
				},
				"2024-08-24": {
					"avg": 6764,
					"count": 1,
					"min": 6764,
					"max": 6764
				},
				"2024-08-28": {
					"avg": 7499,
					"count": 1,
					"min": 7499,
					"max": 7499
				},
				"2024-08-30": {
					"avg": 18998,
					"count": 1,
					"min": 18998,
					"max": 18998
				},
				"2024-09-11": {
					"avg": 6397,
					"count": 1,
					"min": 6397,
					"max": 6397
				},
				"2024-09-16": {
					"avg": 9003,
					"count": 1,
					"min": 9003,
					"max": 9003
				}
			},
			"avg": 7331,
			"avg7": -1,
			"avg28": -1
		},
		"normal-poor": {
			"history": {
				"2024-05-23": {
					"avg": 4127,
					"count": 2,
					"min": 4059,
					"max": 4194
				},
				"2024-05-29": {
					"avg": 4349,
					"count": 1,
					"min": 4349,
					"max": 4349
				},
				"2024-06-10": {
					"avg": 4056,
					"count": 1,
					"min": 4056,
					"max": 4056
				},
				"2024-06-11": {
					"avg": 4198,
					"count": 1,
					"min": 4198,
					"max": 4198
				},
				"2024-06-12": {
					"avg": 4199,
					"count": 1,
					"min": 4199,
					"max": 4199
				},
				"2024-06-14": {
					"avg": 3499,
					"count": 1,
					"min": 3499,
					"max": 3499
				},
				"2024-06-15": {
					"avg": 4200,
					"count": 1,
					"min": 4200,
					"max": 4200
				},
				"2024-06-18": {
					"avg": 4399,
					"count": 1,
					"min": 4399,
					"max": 4399
				},
				"2024-06-21": {
					"avg": 4200,
					"count": 2,
					"min": 3900,
					"max": 4499
				},
				"2024-06-22": {
					"avg": 3200,
					"count": 1,
					"min": 3200,
					"max": 3200
				},
				"2024-06-24": {
					"avg": 4330,
					"count": 1,
					"min": 4330,
					"max": 4330
				},
				"2024-07-06": {
					"avg": 3812,
					"count": 2,
					"min": 3299,
					"max": 4324
				},
				"2024-07-15": {
					"avg": 4535,
					"count": 1,
					"min": 4535,
					"max": 4535
				},
				"2024-07-18": {
					"avg": 4599,
					"count": 1,
					"min": 4599,
					"max": 4599
				},
				"2024-07-19": {
					"avg": 4380,
					"count": 1,
					"min": 4380,
					"max": 4380
				},
				"2024-07-20": {
					"avg": 4999,
					"count": 1,
					"min": 4999,
					"max": 4999
				},
				"2024-07-22": {
					"avg": 4380,
					"count": 1,
					"min": 4380,
					"max": 4380
				},
				"2024-07-26": {
					"avg": 4097,
					"count": 1,
					"min": 4097,
					"max": 4097
				},
				"2024-07-27": {
					"avg": 4048,
					"count": 1,
					"min": 4048,
					"max": 4048
				},
				"2024-07-30": {
					"avg": 4098,
					"count": 1,
					"min": 4098,
					"max": 4098
				},
				"2024-08-01": {
					"avg": 4380,
					"count": 1,
					"min": 4380,
					"max": 4380
				},
				"2024-08-09": {
					"avg": 4599,
					"count": 1,
					"min": 4599,
					"max": 4599
				},
				"2024-08-12": {
					"avg": 5598,
					"count": 1,
					"min": 5598,
					"max": 5598
				},
				"2024-08-13": {
					"avg": 4380,
					"count": 1,
					"min": 4380,
					"max": 4380
				},
				"2024-08-15": {
					"avg": 4285,
					"count": 1,
					"min": 4285,
					"max": 4285
				},
				"2024-08-18": {
					"avg": 4285,
					"count": 1,
					"min": 4285,
					"max": 4285
				},
				"2024-08-23": {
					"avg": 4877,
					"count": 2,
					"min": 4406,
					"max": 5347
				},
				"2024-08-30": {
					"avg": 4330,
					"count": 2,
					"min": 4304,
					"max": 4355
				},
				"2024-09-05": {
					"avg": 5195,
					"count": 1,
					"min": 5195,
					"max": 5195
				},
				"2024-09-06": {
					"avg": 4747,
					"count": 2,
					"min": 4299,
					"max": 5195
				},
				"2024-09-08": {
					"avg": 5345,
					"count": 1,
					"min": 5345,
					"max": 5345
				},
				"2024-09-09": {
					"avg": 4345,
					"count": 1,
					"min": 4345,
					"max": 4345
				},
				"2024-09-10": {
					"avg": 13126,
					"count": 1,
					"min": 13126,
					"max": 13126
				},
				"2024-09-13": {
					"avg": 4776,
					"count": 2,
					"min": 4552,
					"max": 4999
				},
				"2024-09-14": {
					"avg": 5195,
					"count": 1,
					"min": 5195,
					"max": 5195
				},
				"2024-09-17": {
					"avg": 5195,
					"count": 1,
					"min": 5195,
					"max": 5195
				},
				"2024-09-18": {
					"avg": 5288,
					"count": 3,
					"min": 4999,
					"max": 5669
				},
				"2024-09-21": {
					"avg": 5195,
					"count": 2,
					"min": 5195,
					"max": 5195
				}
			},
			"avg": 4698,
			"avg7": -1,
			"avg28": -1
		},
		"normal-nearmint": {
			"history": {
				"2024-06-01": {
					"avg": 44148,
					"count": 1,
					"min": 44148,
					"max": 44148
				},
				"2024-06-06": {
					"avg": 50749,
					"count": 1,
					"min": 50749,
					"max": 50749
				},
				"2024-06-10": {
					"avg": 15599,
					"count": 1,
					"min": 15599,
					"max": 15599
				},
				"2024-06-11": {
					"avg": 12499,
					"count": 1,
					"min": 12499,
					"max": 12499
				},
				"2024-06-13": {
					"avg": 22998,
					"count": 1,
					"min": 22998,
					"max": 22998
				},
				"2024-06-26": {
					"avg": 11099,
					"count": 1,
					"min": 11099,
					"max": 11099
				},
				"2024-06-29": {
					"avg": 14999,
					"count": 1,
					"min": 14999,
					"max": 14999
				},
				"2024-07-01": {
					"avg": 16000,
					"count": 1,
					"min": 16000,
					"max": 16000
				},
				"2024-07-03": {
					"avg": 45099,
					"count": 1,
					"min": 45099,
					"max": 45099
				},
				"2024-07-04": {
					"avg": 14849,
					"count": 1,
					"min": 14849,
					"max": 14849
				},
				"2024-07-06": {
					"avg": 14599,
					"count": 1,
					"min": 14599,
					"max": 14599
				},
				"2024-07-07": {
					"avg": 14999,
					"count": 1,
					"min": 14999,
					"max": 14999
				},
				"2024-07-09": {
					"avg": 14189,
					"count": 1,
					"min": 14189,
					"max": 14189
				},
				"2024-07-10": {
					"avg": 9072,
					"count": 2,
					"min": 3399,
					"max": 14744
				},
				"2024-07-14": {
					"avg": 14599,
					"count": 1,
					"min": 14599,
					"max": 14599
				},
				"2024-07-16": {
					"avg": 14654,
					"count": 1,
					"min": 14654,
					"max": 14654
				},
				"2024-07-18": {
					"avg": 29500,
					"count": 2,
					"min": 14000,
					"max": 44999
				},
				"2024-07-20": {
					"avg": 39999,
					"count": 1,
					"min": 39999,
					"max": 39999
				},
				"2024-07-30": {
					"avg": 14654,
					"count": 1,
					"min": 14654,
					"max": 14654
				},
				"2024-08-02": {
					"avg": 14599,
					"count": 1,
					"min": 14599,
					"max": 14599
				},
				"2024-08-05": {
					"avg": 18110,
					"count": 1,
					"min": 18110,
					"max": 18110
				},
				"2024-08-09": {
					"avg": 15301,
					"count": 1,
					"min": 15301,
					"max": 15301
				},
				"2024-08-11": {
					"avg": 15499,
					"count": 1,
					"min": 15499,
					"max": 15499
				},
				"2024-08-15": {
					"avg": 4999,
					"count": 1,
					"min": 4999,
					"max": 4999
				},
				"2024-08-18": {
					"avg": 16000,
					"count": 1,
					"min": 16000,
					"max": 16000
				},
				"2024-08-22": {
					"avg": 14471,
					"count": 1,
					"min": 14471,
					"max": 14471
				},
				"2024-08-30": {
					"avg": 20098,
					"count": 1,
					"min": 20098,
					"max": 20098
				},
				"2024-09-02": {
					"avg": 19124,
					"count": 2,
					"min": 16000,
					"max": 22247
				},
				"2024-09-04": {
					"avg": 4398,
					"count": 1,
					"min": 4398,
					"max": 4398
				},
				"2024-09-05": {
					"avg": 10000,
					"count": 1,
					"min": 10000,
					"max": 10000
				},
				"2024-09-09": {
					"avg": 14784,
					"count": 1,
					"min": 14784,
					"max": 14784
				},
				"2024-09-17": {
					"avg": 14719,
					"count": 1,
					"min": 14719,
					"max": 14719
				},
				"2024-09-18": {
					"avg": 14719,
					"count": 1,
					"min": 14719,
					"max": 14719
				},
				"2024-09-21": {
					"avg": 14999,
					"count": 1,
					"min": 14999,
					"max": 14999
				}
			},
			"avg": 18482,
			"avg7": -1,
			"avg28": -1
		},
		"normal-played": {
			"history": {
				"2024-06-07": {
					"avg": 8748,
					"count": 1,
					"min": 8748,
					"max": 8748
				},
				"2024-06-08": {
					"avg": 25625,
					"count": 1,
					"min": 25625,
					"max": 25625
				},
				"2024-06-12": {
					"avg": 7972,
					"count": 2,
					"min": 7948,
					"max": 7995
				},
				"2024-06-16": {
					"avg": 7420,
					"count": 2,
					"min": 6999,
					"max": 7840
				},
				"2024-06-19": {
					"avg": 8644,
					"count": 1,
					"min": 8644,
					"max": 8644
				},
				"2024-06-20": {
					"avg": 7840,
					"count": 1,
					"min": 7840,
					"max": 7840
				},
				"2024-06-21": {
					"avg": 7795,
					"count": 1,
					"min": 7795,
					"max": 7795
				},
				"2024-06-24": {
					"avg": 9876,
					"count": 1,
					"min": 9876,
					"max": 9876
				},
				"2024-07-01": {
					"avg": 7849,
					"count": 1,
					"min": 7849,
					"max": 7849
				},
				"2024-07-03": {
					"avg": 7874,
					"count": 1,
					"min": 7874,
					"max": 7874
				},
				"2024-07-06": {
					"avg": 8475,
					"count": 1,
					"min": 8475,
					"max": 8475
				},
				"2024-07-08": {
					"avg": 7845,
					"count": 1,
					"min": 7845,
					"max": 7845
				},
				"2024-07-09": {
					"avg": 9797,
					"count": 1,
					"min": 9797,
					"max": 9797
				},
				"2024-07-13": {
					"avg": 10515,
					"count": 1,
					"min": 10515,
					"max": 10515
				},
				"2024-07-17": {
					"avg": 8541,
					"count": 2,
					"min": 8499,
					"max": 8582
				},
				"2024-07-20": {
					"avg": 8523,
					"count": 1,
					"min": 8523,
					"max": 8523
				},
				"2024-07-23": {
					"avg": 16032,
					"count": 3,
					"min": 10738,
					"max": 26478
				},
				"2024-08-08": {
					"avg": 14988,
					"count": 1,
					"min": 14988,
					"max": 14988
				},
				"2024-08-10": {
					"avg": 8888,
					"count": 1,
					"min": 8888,
					"max": 8888
				},
				"2024-08-20": {
					"avg": 8599,
					"count": 1,
					"min": 8599,
					"max": 8599
				},
				"2024-08-28": {
					"avg": 8875,
					"count": 1,
					"min": 8875,
					"max": 8875
				},
				"2024-08-29": {
					"avg": 8770,
					"count": 1,
					"min": 8770,
					"max": 8770
				},
				"2024-09-03": {
					"avg": 8940,
					"count": 3,
					"min": 8499,
					"max": 9235
				},
				"2024-09-05": {
					"avg": 4827,
					"count": 1,
					"min": 4827,
					"max": 4827
				},
				"2024-09-06": {
					"avg": 26356,
					"count": 1,
					"min": 26356,
					"max": 26356
				},
				"2024-09-10": {
					"avg": 8847,
					"count": 1,
					"min": 8847,
					"max": 8847
				},
				"2024-09-13": {
					"avg": 8823,
					"count": 2,
					"min": 8799,
					"max": 8847
				},
				"2024-09-18": {
					"avg": 8898,
					"count": 1,
					"min": 8898,
					"max": 8898
				}
			},
			"avg": 10247,
			"avg7": -1,
			"avg28": -1
		}
	}
}