{
	"data": {
		"normal-good": {
			"history": {
				"2022-11-13": {
					"avg": 824,
					"count": 2
				},
				"2022-11-14": {
					"avg": 401,
					"count": 6
				},
				"2022-11-15": {
					"avg": 1252,
					"count": 8
				},
				"2022-11-16": {
					"avg": 449,
					"count": 1
				},
				"2022-11-17": {
					"avg": 374,
					"count": 2
				},
				"2022-11-18": {
					"avg": 309,
					"count": 1
				},
				"2022-11-19": {
					"avg": 3434,
					"count": 3,
					"min": 478,
					"max": 7624
				},
				"2022-11-20": {
					"avg": 1283,
					"count": 3,
					"min": 100,
					"max": 2310
				},
				"2022-11-21": {
					"avg": 1294,
					"count": 4,
					"min": 899,
					"max": 1680
				},
				"2022-11-22": {
					"avg": 573,
					"count": 5,
					"min": 399,
					"max": 949
				},
				"2022-11-23": {
					"avg": 463,
					"count": 3,
					"min": 450,
					"max": 488
				},
				"2022-11-24": {
					"avg": 1000,
					"count": 1,
					"min": 1000,
					"max": 1000
				},
				"2022-11-25": {
					"avg": 1273,
					"count": 7,
					"min": 898,
					"max": 1438
				},
				"2022-11-26": {
					"avg": 382,
					"count": 2,
					"min": 379,
					"max": 384
				},
				"2022-11-27": {
					"avg": 1074,
					"count": 4,
					"min": 598,
					"max": 1720
				},
				"2022-11-28": {
					"avg": 1494,
					"count": 3,
					"min": 1298,
					"max": 1592
				},
				"2022-11-29": {
					"avg": 898,
					"count": 1,
					"min": 898,
					"max": 898
				},
				"2022-11-30": {
					"avg": 987,
					"count": 6,
					"min": 199,
					"max": 2298
				},
				"2022-12-01": {
					"avg": 2071,
					"count": 3,
					"min": 497,
					"max": 5218
				},
				"2022-12-02": {
					"avg": 1111,
					"count": 4,
					"min": 99,
					"max": 1898
				},
				"2022-12-03": {
					"avg": 712,
					"count": 4,
					"min": 450,
					"max": 1348
				},
				"2022-12-04": {
					"avg": 1171,
					"count": 4,
					"min": 199,
					"max": 2289
				},
				"2022-12-05": {
					"avg": 1299,
					"count": 1,
					"min": 1299,
					"max": 1299
				},
				"2022-12-06": {
					"avg": 1285,
					"count": 3,
					"min": 378,
					"max": 2399
				},
				"2022-12-07": {
					"avg": 1150,
					"count": 8,
					"min": 499,
					"max": 3349
				},
				"2022-12-09": {
					"avg": 393,
					"count": 8,
					"min": 349,
					"max": 646
				},
				"2022-12-10": {
					"avg": 412,
					"count": 4,
					"min": 219,
					"max": 650
				},
				"2022-12-11": {
					"avg": 399,
					"count": 1,
					"min": 399,
					"max": 399
				},
				"2022-12-12": {
					"avg": 607,
					"count": 3,
					"min": 395,
					"max": 899
				},
				"2022-12-14": {
					"avg": 1037,
					"count": 2,
					"min": 634,
					"max": 1439
				},
				"2022-12-15": {
					"avg": 715,
					"count": 7,
					"min": 399,
					"max": 1091
				},
				"2022-12-16": {
					"avg": 1203,
					"count": 22,
					"min": 299,
					"max": 5998
				},
				"2022-12-17": {
					"avg": 694,
					"count": 2,
					"min": 439,
					"max": 948
				},
				"2022-12-18": {
					"avg": 513,
					"count": 4,
					"min": 327,
					"max": 899
				},
				"2022-12-19": {
					"avg": 1530,
					"count": 9,
					"min": 329,
					"max": 7978
				},
				"2022-12-20": {
					"avg": 1014,
					"count": 4,
					"min": 480,
					"max": 1299
				},
				"2022-12-21": {
					"avg": 1638,
					"count": 2,
					"min": 998,
					"max": 2278
				},
				"2022-12-22": {
					"avg": 9998,
					"count": 1,
					"min": 9998,
					"max": 9998
				},
				"2022-12-24": {
					"avg": 833,
					"count": 3,
					"min": 528,
					"max": 985
				},
				"2022-12-25": {
					"avg": 652,
					"count": 3,
					"min": 287,
					"max": 999
				},
				"2022-12-26": {
					"avg": 673,
					"count": 2,
					"min": 450,
					"max": 895
				},
				"2022-12-27": {
					"avg": 736,
					"count": 2,
					"min": 577,
					"max": 895
				},
				"2022-12-28": {
					"avg": 1280,
					"count": 9,
					"min": 364,
					"max": 1678
				},
				"2022-12-29": {
					"avg": 682,
					"count": 3,
					"min": 200,
					"max": 1248
				},
				"2022-12-30": {
					"avg": 1020,
					"count": 11,
					"min": 230,
					"max": 1497
				},
				"2022-12-31": {
					"avg": 239,
					"count": 1,
					"min": 239,
					"max": 239
				},
				"2023-01-01": {
					"avg": 834,
					"count": 2,
					"min": 170,
					"max": 1497
				},
				"2023-01-02": {
					"avg": 2292,
					"count": 4,
					"min": 500,
					"max": 5599
				},
				"2023-01-03": {
					"avg": 1542,
					"count": 3,
					"min": 1080,
					"max": 2299
				},
				"2023-01-04": {
					"avg": 384,
					"count": 3,
					"min": 170,
					"max": 699
				},
				"2023-01-05": {
					"avg": 395,
					"count": 1,
					"min": 395,
					"max": 395
				},
				"2023-01-06": {
					"avg": 1191,
					"count": 5,
					"min": 239,
					"max": 3197
				},
				"2023-01-07": {
					"avg": 385,
					"count": 1,
					"min": 385,
					"max": 385
				},
				"2023-01-08": {
					"avg": 924,
					"count": 8,
					"min": 350,
					"max": 1189
				},
				"2023-01-09": {
					"avg": 1761,
					"count": 5,
					"min": 330,
					"max": 5575
				},
				"2023-01-10": {
					"avg": 1197,
					"count": 1,
					"min": 1197,
					"max": 1197
				},
				"2023-01-11": {
					"avg": 3566,
					"count": 3,
					"min": 199,
					"max": 7999
				},
				"2023-01-12": {
					"avg": 512,
					"count": 5,
					"min": 365,
					"max": 895
				},
				"2023-02-06": {
					"avg": 1526,
					"count": 4,
					"min": 649,
					"max": 2798
				},
				"2023-02-07": {
					"avg": 1454,
					"count": 9,
					"min": 616,
					"max": 2147
				},
				"2023-02-08": {
					"avg": 1110,
					"count": 13,
					"min": 438,
					"max": 1182
				},
				"2023-02-10": {
					"avg": 989,
					"count": 1,
					"min": 989,
					"max": 989
				},
				"2023-02-11": {
					"avg": 1198,
					"count": 5,
					"min": 600,
					"max": 2995
				},
				"2023-02-12": {
					"avg": 632,
					"count": 5,
					"min": 298,
					"max": 1080
				},
				"2023-02-13": {
					"avg": 624,
					"count": 3,
					"min": 399,
					"max": 854
				},
				"2023-02-14": {
					"avg": 3387,
					"count": 4,
					"min": 432,
					"max": 4509
				},
				"2023-02-15": {
					"avg": 3175,
					"count": 2,
					"min": 349,
					"max": 6000
				},
				"2023-02-16": {
					"avg": 885,
					"count": 3,
					"min": 713,
					"max": 1044
				},
				"2023-02-17": {
					"avg": 3890,
					"count": 3,
					"min": 672,
					"max": 8598
				},
				"2023-02-18": {
					"avg": 1249,
					"count": 1,
					"min": 1249,
					"max": 1249
				},
				"2023-02-19": {
					"avg": 723,
					"count": 1,
					"min": 723,
					"max": 723
				},
				"2023-02-20": {
					"avg": 949,
					"count": 1,
					"min": 949,
					"max": 949
				},
				"2023-02-21": {
					"avg": 1064,
					"count": 2,
					"min": 229,
					"max": 1898
				},
				"2023-02-22": {
					"avg": 485,
					"count": 3,
					"min": 349,
					"max": 579
				},
				"2023-02-23": {
					"avg": 300,
					"count": 1,
					"min": 300,
					"max": 300
				},
				"2023-02-24": {
					"avg": 737,
					"count": 4,
					"min": 300,
					"max": 1471
				},
				"2023-02-26": {
					"avg": 814,
					"count": 4,
					"min": 345,
					"max": 989
				},
				"2023-02-27": {
					"avg": 859,
					"count": 2,
					"min": 769,
					"max": 948
				},
				"2023-02-28": {
					"avg": 644,
					"count": 2,
					"min": 197,
					"max": 1091
				},
				"2023-03-01": {
					"avg": 798,
					"count": 7,
					"min": 269,
					"max": 1199
				},
				"2023-03-02": {
					"avg": 2057,
					"count": 1,
					"min": 2057,
					"max": 2057
				},
				"2023-03-03": {
					"avg": 813,
					"count": 3,
					"min": 673,
					"max": 1094
				},
				"2023-03-04": {
					"avg": 1195,
					"count": 1,
					"min": 1195,
					"max": 1195
				},
				"2023-03-05": {
					"avg": 799,
					"count": 2,
					"min": 599,
					"max": 998
				},
				"2023-03-06": {
					"avg": 545,
					"count": 4,
					"min": 449,
					"max": 675
				},
				"2023-03-07": {
					"avg": 929,
					"count": 2,
					"min": 700,
					"max": 1158
				},
				"2023-03-09": {
					"avg": 1113,
					"count": 5,
					"min": 1112,
					"max": 1117
				},
				"2023-03-10": {
					"avg": 1027,
					"count": 6,
					"min": 548,
					"max": 1512
				},
				"2023-03-11": {
					"avg": 1781,
					"count": 3,
					"min": 1345,
					"max": 2498
				},
				"2023-03-12": {
					"avg": 819,
					"count": 4,
					"min": 297,
					"max": 1878
				},
				"2023-03-13": {
					"avg": 3599,
					"count": 5,
					"min": 449,
					"max": 7398
				},
				"2023-03-14": {
					"avg": 956,
					"count": 9,
					"min": 296,
					"max": 2399
				},
				"2023-03-15": {
					"avg": 647,
					"count": 1,
					"min": 647,
					"max": 647
				},
				"2023-03-16": {
					"avg": 3309,
					"count": 4,
					"min": 709,
					"max": 9980
				},
				"2023-03-17": {
					"avg": 1054,
					"count": 2,
					"min": 709,
					"max": 1399
				},
				"2023-03-18": {
					"avg": 1572,
					"count": 3,
					"min": 420,
					"max": 2998
				},
				"2023-03-20": {
					"avg": 2065,
					"count": 1,
					"min": 2065,
					"max": 2065
				},
				"2023-03-21": {
					"avg": 1308,
					"count": 2,
					"min": 1237,
					"max": 1379
				},
				"2023-03-22": {
					"avg": 7499,
					"count": 1,
					"min": 7499,
					"max": 7499
				},
				"2023-03-23": {
					"avg": 2079,
					"count": 5,
					"min": 309,
					"max": 6699
				},
				"2023-03-24": {
					"avg": 1626,
					"count": 4,
					"min": 1512,
					"max": 1799
				},
				"2023-03-25": {
					"avg": 1044,
					"count": 2,
					"min": 999,
					"max": 1088
				},
				"2023-03-26": {
					"avg": 439,
					"count": 4,
					"min": 341,
					"max": 698
				},
				"2023-03-27": {
					"avg": 1998,
					"count": 1,
					"min": 1998,
					"max": 1998
				},
				"2023-03-28": {
					"avg": 649,
					"count": 2,
					"min": 599,
					"max": 698
				},
				"2023-03-29": {
					"avg": 1263,
					"count": 8,
					"min": 435,
					"max": 3650
				},
				"2023-03-31": {
					"avg": 1360,
					"count": 3,
					"min": 350,
					"max": 2495
				},
				"2023-04-01": {
					"avg": 2897,
					"count": 7,
					"min": 350,
					"max": 10999
				},
				"2023-04-02": {
					"avg": 1399,
					"count": 1,
					"min": 1399,
					"max": 1399
				},
				"2023-04-03": {
					"avg": 1875,
					"count": 3,
					"min": 999,
					"max": 2325
				},
				"2023-04-04": {
					"avg": 2100,
					"count": 1,
					"min": 2100,
					"max": 2100
				},
				"2023-04-06": {
					"avg": 1350,
					"count": 2,
					"min": 499,
					"max": 2200
				},
				"2023-04-07": {
					"avg": 1778,
					"count": 3,
					"min": 250,
					"max": 2585
				},
				"2023-04-08": {
					"avg": 1255,
					"count": 2,
					"min": 940,
					"max": 1569
				},
				"2023-04-09": {
					"avg": 743,
					"count": 2,
					"min": 487,
					"max": 998
				},
				"2023-04-10": {
					"avg": 1981,
					"count": 4,
					"min": 1250,
					"max": 2695
				},
				"2023-04-11": {
					"avg": 812,
					"count": 3,
					"min": 694,
					"max": 999
				},
				"2023-04-12": {
					"avg": 536,
					"count": 3,
					"min": 203,
					"max": 1019
				},
				"2023-04-13": {
					"avg": 1160,
					"count": 4,
					"min": 298,
					"max": 1998
				},
				"2023-04-14": {
					"avg": 817,
					"count": 3,
					"min": 250,
					"max": 1599
				},
				"2023-04-15": {
					"avg": 1932,
					"count": 4,
					"min": 203,
					"max": 5199
				},
				"2023-04-16": {
					"avg": 1065,
					"count": 2,
					"min": 999,
					"max": 1130
				},
				"2023-04-17": {
					"avg": 843,
					"count": 1,
					"min": 843,
					"max": 843
				},
				"2023-04-18": {
					"avg": 2615,
					"count": 3,
					"min": 549,
					"max": 5499
				},
				"2023-04-19": {
					"avg": 1792,
					"count": 2,
					"min": 999,
					"max": 2585
				},
				"2023-04-20": {
					"avg": 1200,
					"count": 5,
					"min": 601,
					"max": 1998
				},
				"2023-04-21": {
					"avg": 1238,
					"count": 5,
					"min": 395,
					"max": 2599
				},
				"2023-04-22": {
					"avg": 579,
					"count": 6,
					"min": 202,
					"max": 779
				},
				"2023-04-23": {
					"avg": 5759,
					"count": 1,
					"min": 5759,
					"max": 5759
				},
				"2023-04-25": {
					"avg": 368,
					"count": 3,
					"min": 302,
					"max": 499
				},
				"2023-04-27": {
					"avg": 998,
					"count": 1,
					"min": 998,
					"max": 998
				},
				"2023-04-29": {
					"avg": 714,
					"count": 1,
					"min": 714,
					"max": 714
				},
				"2023-04-30": {
					"avg": 1747,
					"count": 2,
					"min": 1199,
					"max": 2294
				},
				"2023-05-01": {
					"avg": 1199,
					"count": 1,
					"min": 1199,
					"max": 1199
				},
				"2023-05-03": {
					"avg": 1641,
					"count": 5,
					"min": 616,
					"max": 5500
				},
				"2023-05-04": {
					"avg": 589,
					"count": 3,
					"min": 501,
					"max": 649
				},
				"2023-05-05": {
					"avg": 1357,
					"count": 3,
					"min": 999,
					"max": 1774
				},
				"2023-05-07": {
					"avg": 597,
					"count": 2,
					"min": 421,
					"max": 772
				},
				"2023-05-08": {
					"avg": 1028,
					"count": 3,
					"min": 396,
					"max": 1989
				},
				"2023-05-09": {
					"avg": 227,
					"count": 4,
					"min": 227,
					"max": 227
				},
				"2023-05-10": {
					"avg": 999,
					"count": 1,
					"min": 999,
					"max": 999
				},
				"2023-05-11": {
					"avg": 2510,
					"count": 3,
					"min": 772,
					"max": 5759
				},
				"2023-05-12": {
					"avg": 2342,
					"count": 7,
					"min": 206,
					"max": 9995
				},
				"2023-05-13": {
					"avg": 706,
					"count": 1,
					"min": 706,
					"max": 706
				},
				"2023-05-14": {
					"avg": 1686,
					"count": 3,
					"min": 1080,
					"max": 1995
				},
				"2023-05-15": {
					"avg": 1726,
					"count": 3,
					"min": 1194,
					"max": 1998
				},
				"2023-05-16": {
					"avg": 895,
					"count": 5,
					"min": 201,
					"max": 1899
				},
				"2023-05-17": {
					"avg": 1859,
					"count": 5,
					"min": 705,
					"max": 5000
				},
				"2023-05-18": {
					"avg": 331,
					"count": 1,
					"min": 331,
					"max": 331
				},
				"2023-05-19": {
					"avg": 1059,
					"count": 4,
					"min": 799,
					"max": 1700
				},
				"2023-05-20": {
					"avg": 1134,
					"count": 2,
					"min": 1074,
					"max": 1194
				},
				"2023-05-21": {
					"avg": 1197,
					"count": 3,
					"min": 825,
					"max": 1648
				},
				"2023-05-22": {
					"avg": 2709,
					"count": 2,
					"min": 2619,
					"max": 2799
				},
				"2023-05-23": {
					"avg": 708,
					"count": 4,
					"min": 601,
					"max": 800
				},
				"2023-05-24": {
					"avg": 1436,
					"count": 7,
					"min": 599,
					"max": 2097
				},
				"2023-05-25": {
					"avg": 496,
					"count": 6,
					"min": 279,
					"max": 850
				},
				"2023-05-26": {
					"avg": 486,
					"count": 2,
					"min": 299,
					"max": 673
				},
				"2023-05-27": {
					"avg": 771,
					"count": 4,
					"min": 748,
					"max": 799
				},
				"2023-05-28": {
					"avg": 1024,
					"count": 3,
					"min": 345,
					"max": 1989
				},
				"2023-05-29": {
					"avg": 1198,
					"count": 3,
					"min": 748,
					"max": 1999
				},
				"2023-05-30": {
					"avg": 594,
					"count": 4,
					"min": 279,
					"max": 798
				},
				"2023-05-31": {
					"avg": 6329,
					"count": 3,
					"min": 1989,
					"max": 10999
				},
				"2023-06-01": {
					"avg": 1193,
					"count": 3,
					"min": 700,
					"max": 1989
				},
				"2023-06-02": {
					"avg": 1458,
					"count": 6,
					"min": 226,
					"max": 2698
				},
				"2023-06-03": {
					"avg": 980,
					"count": 4,
					"min": 624,
					"max": 1311
				},
				"2023-06-05": {
					"avg": 1318,
					"count": 16,
					"min": 399,
					"max": 2193
				},
				"2023-06-06": {
					"avg": 2259,
					"count": 3,
					"min": 2086,
					"max": 2487
				},
				"2023-06-07": {
					"avg": 1330,
					"count": 14,
					"min": 399,
					"max": 3000
				},
				"2023-06-08": {
					"avg": 649,
					"count": 1,
					"min": 649,
					"max": 649
				},
				"2023-06-09": {
					"avg": 582,
					"count": 6,
					"min": 500,
					"max": 649
				},
				"2023-06-10": {
					"avg": 592,
					"count": 3,
					"min": 549,
					"max": 628
				},
				"2023-06-11": {
					"avg": 2499,
					"count": 1,
					"min": 2499,
					"max": 2499
				},
				"2023-06-12": {
					"avg": 1588,
					"count": 5,
					"min": 345,
					"max": 5799
				},
				"2023-06-13": {
					"avg": 1265,
					"count": 3,
					"min": 600,
					"max": 2495
				},
				"2023-06-14": {
					"avg": 1192,
					"count": 3,
					"min": 325,
					"max": 2750
				},
				"2023-06-15": {
					"avg": 1314,
					"count": 4,
					"min": 560,
					"max": 2499
				},
				"2023-06-16": {
					"avg": 394,
					"count": 4,
					"min": 292,
					"max": 700
				},
				"2023-06-17": {
					"avg": 1225,
					"count": 3,
					"min": 799,
					"max": 1878
				},
				"2023-06-18": {
					"avg": 594,
					"count": 2,
					"min": 468,
					"max": 720
				},
				"2023-06-19": {
					"avg": 1066,
					"count": 3,
					"min": 699,
					"max": 1800
				},
				"2023-06-20": {
					"avg": 900,
					"count": 1,
					"min": 900,
					"max": 900
				},
				"2023-06-21": {
					"avg": 1623,
					"count": 7,
					"min": 221,
					"max": 2574
				},
				"2023-06-22": {
					"avg": 1625,
					"count": 5,
					"min": 221,
					"max": 2799
				},
				"2023-06-23": {
					"avg": 2237,
					"count": 12,
					"min": 399,
					"max": 3124
				},
				"2023-06-24": {
					"avg": 949,
					"count": 1,
					"min": 949,
					"max": 949
				},
				"2023-06-25": {
					"avg": 985,
					"count": 5,
					"min": 270,
					"max": 2884
				},
				"2023-06-26": {
					"avg": 1914,
					"count": 4,
					"min": 699,
					"max": 3099
				},
				"2023-06-27": {
					"avg": 866,
					"count": 6,
					"min": 505,
					"max": 2164
				},
				"2023-06-28": {
					"avg": 1331,
					"count": 3,
					"min": 299,
					"max": 2199
				},
				"2023-06-29": {
					"avg": 669,
					"count": 2,
					"min": 575,
					"max": 762
				},
				"2023-06-30": {
					"avg": 1749,
					"count": 4,
					"min": 400,
					"max": 2999
				},
				"2023-07-01": {
					"avg": 1809,
					"count": 11,
					"min": 599,
					"max": 3374
				},
				"2023-07-03": {
					"avg": 647,
					"count": 2,
					"min": 395,
					"max": 899
				},
				"2023-07-04": {
					"avg": 553,
					"count": 7,
					"min": 235,
					"max": 840
				},
				"2023-07-05": {
					"avg": 2796,
					"count": 5,
					"min": 449,
					"max": 3624
				},
				"2023-07-07": {
					"avg": 1313,
					"count": 4,
					"min": 559,
					"max": 2998
				},
				"2023-07-08": {
					"avg": 3421,
					"count": 7,
					"min": 695,
					"max": 8499
				},
				"2023-07-09": {
					"avg": 870,
					"count": 1,
					"min": 870,
					"max": 870
				},
				"2023-07-10": {
					"avg": 1457,
					"count": 10,
					"min": 526,
					"max": 3099
				},
				"2023-07-11": {
					"avg": 1279,
					"count": 10,
					"min": 250,
					"max": 3497
				},
				"2023-07-12": {
					"avg": 349,
					"count": 1,
					"min": 349,
					"max": 349
				},
				"2023-07-13": {
					"avg": 1864,
					"count": 5,
					"min": 699,
					"max": 2900
				},
				"2023-07-14": {
					"avg": 945,
					"count": 3,
					"min": 250,
					"max": 1700
				},
				"2023-07-15": {
					"avg": 639,
					"count": 5,
					"min": 345,
					"max": 856
				},
				"2023-07-16": {
					"avg": 2644,
					"count": 2,
					"min": 795,
					"max": 4494
				},
				"2023-07-17": {
					"avg": 598,
					"count": 3,
					"min": 244,
					"max": 860
				},
				"2023-07-18": {
					"avg": 814,
					"count": 6,
					"min": 244,
					"max": 2777
				},
				"2023-07-19": {
					"avg": 565,
					"count": 9,
					"min": 299,
					"max": 709
				},
				"2023-07-20": {
					"avg": 669,
					"count": 2,
					"min": 348,
					"max": 990
				},
				"2023-07-21": {
					"avg": 1494,
					"count": 5,
					"min": 825,
					"max": 3931
				},
				"2023-07-22": {
					"avg": 964,
					"count": 1,
					"min": 964,
					"max": 964
				},
				"2023-07-23": {
					"avg": 1155,
					"count": 5,
					"min": 598,
					"max": 2999
				},
				"2023-07-24": {
					"avg": 764,
					"count": 4,
					"min": 699,
					"max": 844
				},
				"2023-07-26": {
					"avg": 6549,
					"count": 2,
					"min": 749,
					"max": 12348
				},
				"2023-07-27": {
					"avg": 866,
					"count": 3,
					"min": 250,
					"max": 2099
				},
				"2023-07-28": {
					"avg": 853,
					"count": 3,
					"min": 749,
					"max": 964
				},
				"2023-07-29": {
					"avg": 649,
					"count": 1,
					"min": 649,
					"max": 649
				},
				"2023-07-30": {
					"avg": 754,
					"count": 2,
					"min": 634,
					"max": 874
				},
				"2023-07-31": {
					"avg": 2016,
					"count": 6,
					"min": 698,
					"max": 5697
				},
				"2023-08-01": {
					"avg": 3460,
					"count": 8,
					"min": 383,
					"max": 10000
				},
				"2023-08-02": {
					"avg": 626,
					"count": 3,
					"min": 478,
					"max": 899
				},
				"2023-08-03": {
					"avg": 1379,
					"count": 4,
					"min": 654,
					"max": 2599
				},
				"2023-08-04": {
					"avg": 1439,
					"count": 7,
					"min": 630,
					"max": 2499
				},
				"2023-08-05": {
					"avg": 671,
					"count": 2,
					"min": 443,
					"max": 899
				},
				"2023-08-06": {
					"avg": 693,
					"count": 5,
					"min": 334,
					"max": 1196
				},
				"2023-08-07": {
					"avg": 748,
					"count": 2,
					"min": 714,
					"max": 782
				},
				"2023-08-08": {
					"avg": 1189,
					"count": 10,
					"min": 499,
					"max": 3006
				},
				"2023-08-09": {
					"avg": 1323,
					"count": 9,
					"min": 537,
					"max": 5398
				},
				"2023-08-10": {
					"avg": 634,
					"count": 2,
					"min": 598,
					"max": 670
				},
				"2023-08-11": {
					"avg": 696,
					"count": 2,
					"min": 443,
					"max": 949
				},
				"2023-08-12": {
					"avg": 1084,
					"count": 6,
					"min": 300,
					"max": 1597
				},
				"2023-08-14": {
					"avg": 918,
					"count": 8,
					"min": 343,
					"max": 1678
				},
				"2023-08-15": {
					"avg": 2436,
					"count": 4,
					"min": 345,
					"max": 6000
				},
				"2023-08-16": {
					"avg": 923,
					"count": 3,
					"min": 909,
					"max": 950
				},
				"2023-08-17": {
					"avg": 709,
					"count": 1,
					"min": 709,
					"max": 709
				},
				"2023-08-18": {
					"avg": 3203,
					"count": 2,
					"min": 400,
					"max": 6006
				},
				"2023-08-19": {
					"avg": 416,
					"count": 1,
					"min": 416,
					"max": 416
				},
				"2023-08-20": {
					"avg": 738,
					"count": 3,
					"min": 443,
					"max": 972
				},
				"2023-08-23": {
					"avg": 743,
					"count": 4,
					"min": 299,
					"max": 975
				},
				"2023-08-24": {
					"avg": 474,
					"count": 1,
					"min": 474,
					"max": 474
				},
				"2023-08-25": {
					"avg": 1679,
					"count": 1,
					"min": 1679,
					"max": 1679
				},
				"2023-08-26": {
					"avg": 1189,
					"count": 2,
					"min": 698,
					"max": 1679
				},
				"2023-08-27": {
					"avg": 1329,
					"count": 4,
					"min": 649,
					"max": 2478
				},
				"2023-08-28": {
					"avg": 1224,
					"count": 3,
					"min": 798,
					"max": 1674
				},
				"2023-08-29": {
					"avg": 2898,
					"count": 3,
					"min": 595,
					"max": 5399
				},
				"2023-08-30": {
					"avg": 1219,
					"count": 4,
					"min": 370,
					"max": 3123
				},
				"2023-08-31": {
					"avg": 433,
					"count": 8,
					"min": 299,
					"max": 1014
				},
				"2023-09-01": {
					"avg": 1435,
					"count": 4,
					"min": 280,
					"max": 4099
				},
				"2023-09-02": {
					"avg": 753,
					"count": 2,
					"min": 491,
					"max": 1014
				},
				"2023-09-03": {
					"avg": 875,
					"count": 2,
					"min": 674,
					"max": 1075
				},
				"2023-09-04": {
					"avg": 591,
					"count": 1,
					"min": 591,
					"max": 591
				},
				"2023-09-05": {
					"avg": 909,
					"count": 3,
					"min": 506,
					"max": 1234
				},
				"2023-09-06": {
					"avg": 1399,
					"count": 2,
					"min": 1098,
					"max": 1700
				},
				"2023-09-07": {
					"avg": 1401,
					"count": 3,
					"min": 700,
					"max": 2478
				},
				"2023-09-08": {
					"avg": 560,
					"count": 11,
					"min": 491,
					"max": 956
				},
				"2023-09-09": {
					"avg": 677,
					"count": 7,
					"min": 299,
					"max": 1299
				},
				"2023-09-10": {
					"avg": 1235,
					"count": 4,
					"min": 681,
					"max": 1799
				},
				"2023-09-11": {
					"avg": 698,
					"count": 3,
					"min": 345,
					"max": 949
				},
				"2023-09-12": {
					"avg": 2301,
					"count": 4,
					"min": 605,
					"max": 6313
				},
				"2023-09-14": {
					"avg": 390,
					"count": 2,
					"min": 339,
					"max": 441
				},
				"2023-09-15": {
					"avg": 1236,
					"count": 14,
					"min": 530,
					"max": 4326
				},
				"2023-09-16": {
					"avg": 669,
					"count": 2,
					"min": 250,
					"max": 1087
				},
				"2023-09-17": {
					"avg": 613,
					"count": 5,
					"min": 349,
					"max": 914
				},
				"2023-09-19": {
					"avg": 334,
					"count": 1,
					"min": 334,
					"max": 334
				},
				"2023-09-20": {
					"avg": 1863,
					"count": 4,
					"min": 598,
					"max": 5248
				},
				"2023-09-21": {
					"avg": 714,
					"count": 5,
					"min": 339,
					"max": 998
				},
				"2023-09-22": {
					"avg": 861,
					"count": 1,
					"min": 861,
					"max": 861
				},
				"2023-09-23": {
					"avg": 659,
					"count": 2,
					"min": 429,
					"max": 889
				},
				"2023-09-25": {
					"avg": 1048,
					"count": 4,
					"min": 543,
					"max": 2099
				},
				"2023-09-26": {
					"avg": 495,
					"count": 3,
					"min": 250,
					"max": 685
				},
				"2023-09-28": {
					"avg": 774,
					"count": 3,
					"min": 388,
					"max": 979
				},
				"2023-09-29": {
					"avg": 2152,
					"count": 4,
					"min": 285,
					"max": 4877
				},
				"2023-09-30": {
					"avg": 669,
					"count": 9,
					"min": 346,
					"max": 898
				},
				"2023-10-01": {
					"avg": 924,
					"count": 4,
					"min": 199,
					"max": 1299
				},
				"2023-10-02": {
					"avg": 516,
					"count": 6,
					"min": 299,
					"max": 599
				},
				"2023-10-03": {
					"avg": 935,
					"count": 4,
					"min": 534,
					"max": 1409
				},
				"2023-10-04": {
					"avg": 3153,
					"count": 4,
					"min": 662,
					"max": 8797
				},
				"2023-10-05": {
					"avg": 1060,
					"count": 3,
					"min": 697,
					"max": 1409
				},
				"2023-10-06": {
					"avg": 297,
					"count": 1,
					"min": 297,
					"max": 297
				},
				"2023-10-07": {
					"avg": 1500,
					"count": 2,
					"min": 899,
					"max": 2100
				},
				"2023-10-08": {
					"avg": 798,
					"count": 1,
					"min": 798,
					"max": 798
				},
				"2023-10-09": {
					"avg": 740,
					"count": 4,
					"min": 674,
					"max": 824
				},
				"2023-10-10": {
					"avg": 1860,
					"count": 5,
					"min": 474,
					"max": 5795
				},
				"2023-10-11": {
					"avg": 1199,
					"count": 1,
					"min": 1199,
					"max": 1199
				},
				"2023-10-13": {
					"avg": 826,
					"count": 5,
					"min": 374,
					"max": 1431
				},
				"2023-10-14": {
					"avg": 170,
					"count": 1,
					"min": 170,
					"max": 170
				},
				"2023-10-16": {
					"avg": 3696,
					"count": 2,
					"min": 892,
					"max": 6499
				},
				"2023-10-17": {
					"avg": 892,
					"count": 1,
					"min": 892,
					"max": 892
				},
				"2023-10-18": {
					"avg": 557,
					"count": 1,
					"min": 557,
					"max": 557
				},
				"2023-10-19": {
					"avg": 620,
					"count": 2,
					"min": 325,
					"max": 914
				},
				"2023-10-20": {
					"avg": 482,
					"count": 5,
					"min": 256,
					"max": 898
				},
				"2023-10-21": {
					"avg": 527,
					"count": 1,
					"min": 527,
					"max": 527
				},
				"2023-10-23": {
					"avg": 1485,
					"count": 5,
					"min": 500,
					"max": 4377
				},
				"2023-10-25": {
					"avg": 890,
					"count": 1,
					"min": 890,
					"max": 890
				},
				"2023-10-26": {
					"avg": 248,
					"count": 1,
					"min": 248,
					"max": 248
				},
				"2023-10-27": {
					"avg": 1143,
					"count": 2,
					"min": 887,
					"max": 1399
				},
				"2023-10-28": {
					"avg": 1074,
					"count": 4,
					"min": 350,
					"max": 2099
				},
				"2023-10-29": {
					"avg": 1216,
					"count": 4,
					"min": 246,
					"max": 2390
				},
				"2023-10-30": {
					"avg": 426,
					"count": 4,
					"min": 248,
					"max": 700
				},
				"2023-10-31": {
					"avg": 824,
					"count": 7,
					"min": 350,
					"max": 1449
				},
				"2023-11-02": {
					"avg": 2741,
					"count": 3,
					"min": 257,
					"max": 7499
				},
				"2023-11-03": {
					"avg": 999,
					"count": 4,
					"min": 298,
					"max": 1395
				},
				"2023-11-04": {
					"avg": 701,
					"count": 4,
					"min": 298,
					"max": 1299
				},
				"2023-11-05": {
					"avg": 3026,
					"count": 2,
					"min": 468,
					"max": 5583
				},
				"2023-11-06": {
					"avg": 982,
					"count": 7,
					"min": 468,
					"max": 1299
				},
				"2023-11-07": {
					"avg": 1592,
					"count": 2,
					"min": 1299,
					"max": 1884
				},
				"2023-11-09": {
					"avg": 956,
					"count": 3,
					"min": 675,
					"max": 1495
				},
				"2023-11-10": {
					"avg": 1217,
					"count": 2,
					"min": 825,
					"max": 1609
				},
				"2023-11-11": {
					"avg": 482,
					"count": 4,
					"min": 299,
					"max": 825
				},
				"2023-11-12": {
					"avg": 714,
					"count": 8,
					"min": 299,
					"max": 1299
				},
				"2023-11-13": {
					"avg": 2719,
					"count": 2,
					"min": 948,
					"max": 4490
				},
				"2023-11-15": {
					"avg": 1201,
					"count": 4,
					"min": 520,
					"max": 2141
				},
				"2023-11-16": {
					"avg": 638,
					"count": 2,
					"min": 477,
					"max": 798
				},
				"2023-11-17": {
					"avg": 673,
					"count": 4,
					"min": 438,
					"max": 799
				},
				"2023-11-18": {
					"avg": 491,
					"count": 5,
					"min": 338,
					"max": 699
				},
				"2023-11-19": {
					"avg": 869,
					"count": 2,
					"min": 439,
					"max": 1299
				},
				"2023-11-20": {
					"avg": 2192,
					"count": 7,
					"min": 699,
					"max": 2599
				},
				"2023-11-21": {
					"avg": 602,
					"count": 3,
					"min": 409,
					"max": 699
				},
				"2023-11-22": {
					"avg": 417,
					"count": 2,
					"min": 349,
					"max": 485
				},
				"2023-11-23": {
					"avg": 1670,
					"count": 2,
					"min": 841,
					"max": 2499
				},
				"2023-11-24": {
					"avg": 1804,
					"count": 23,
					"min": 348,
					"max": 5320
				},
				"2023-11-25": {
					"avg": 880,
					"count": 8,
					"min": 409,
					"max": 2399
				},
				"2023-11-26": {
					"avg": 1652,
					"count": 7,
					"min": 898,
					"max": 3497
				},
				"2023-11-27": {
					"avg": 597,
					"count": 6,
					"min": 445,
					"max": 902
				},
				"2024-05-16": {
					"avg": 865,
					"count": 4,
					"min": 479,
					"max": 1579
				},
				"2024-05-17": {
					"avg": 935,
					"count": 36,
					"min": 350,
					"max": 3515
				},
				"2024-05-18": {
					"avg": 982,
					"count": 6,
					"min": 688,
					"max": 1399
				},
				"2024-05-19": {
					"avg": 746,
					"count": 4,
					"min": 465,
					"max": 1150
				},
				"2024-05-20": {
					"avg": 827,
					"count": 5,
					"min": 447,
					"max": 1006
				},
				"2024-05-21": {
					"avg": 2147,
					"count": 3,
					"min": 566,
					"max": 5122
				},
				"2024-05-22": {
					"avg": 1629,
					"count": 7,
					"min": 445,
					"max": 6472
				},
				"2024-05-23": {
					"avg": 1647,
					"count": 3,
					"min": 471,
					"max": 3515
				},
				"2024-05-24": {
					"avg": 934,
					"count": 3,
					"min": 903,
					"max": 950
				},
				"2024-05-26": {
					"avg": 1122,
					"count": 1,
					"min": 1122,
					"max": 1122
				},
				"2024-05-27": {
					"avg": 1110,
					"count": 4,
					"min": 950,
					"max": 1489
				},
				"2024-05-29": {
					"avg": 1854,
					"count": 3,
					"min": 977,
					"max": 3185
				},
				"2024-05-30": {
					"avg": 899,
					"count": 1,
					"min": 899,
					"max": 899
				},
				"2024-05-31": {
					"avg": 2798,
					"count": 3,
					"min": 898,
					"max": 6499
				},
				"2024-06-01": {
					"avg": 1210,
					"count": 1,
					"min": 1210,
					"max": 1210
				},
				"2024-06-02": {
					"avg": 899,
					"count": 1,
					"min": 899,
					"max": 899
				},
				"2024-06-03": {
					"avg": 874,
					"count": 1,
					"min": 874,
					"max": 874
				},
				"2024-06-04": {
					"avg": 999,
					"count": 2,
					"min": 999,
					"max": 999
				},
				"2024-06-05": {
					"avg": 900,
					"count": 2,
					"min": 899,
					"max": 900
				},
				"2024-06-07": {
					"avg": 2681,
					"count": 3,
					"min": 999,
					"max": 5354
				},
				"2024-06-08": {
					"avg": 1563,
					"count": 1,
					"min": 1563,
					"max": 1563
				},
				"2024-06-09": {
					"avg": 1409,
					"count": 1,
					"min": 1409,
					"max": 1409
				},
				"2024-06-10": {
					"avg": 3710,
					"count": 2,
					"min": 1721,
					"max": 5699
				},
				"2024-06-12": {
					"avg": 1035,
					"count": 4,
					"min": 900,
					"max": 1149
				},
				"2024-06-14": {
					"avg": 1722,
					"count": 1,
					"min": 1722,
					"max": 1722
				},
				"2024-06-16": {
					"avg": 899,
					"count": 1,
					"min": 899,
					"max": 899
				},
				"2024-06-17": {
					"avg": 884,
					"count": 2,
					"min": 869,
					"max": 899
				},
				"2024-06-18": {
					"avg": 1215,
					"count": 3,
					"min": 899,
					"max": 1750
				},
				"2024-06-19": {
					"avg": 1102,
					"count": 1,
					"min": 1102,
					"max": 1102
				},
				"2024-06-21": {
					"avg": 899,
					"count": 1,
					"min": 899,
					"max": 899
				},
				"2024-06-22": {
					"avg": 1699,
					"count": 1,
					"min": 1699,
					"max": 1699
				},
				"2024-06-23": {
					"avg": 1132,
					"count": 2,
					"min": 899,
					"max": 1364
				},
				"2024-06-24": {
					"avg": 1185,
					"count": 1,
					"min": 1185,
					"max": 1185
				},
				"2024-06-27": {
					"avg": 899,
					"count": 2,
					"min": 899,
					"max": 899
				},
				"2024-06-28": {
					"avg": 1458,
					"count": 1,
					"min": 1458,
					"max": 1458
				},
				"2024-06-29": {
					"avg": 899,
					"count": 1,
					"min": 899,
					"max": 899
				},
				"2024-06-30": {
					"avg": 978,
					"count": 2,
					"min": 899,
					"max": 1056
				},
				"2024-07-01": {
					"avg": 899,
					"count": 1,
					"min": 899,
					"max": 899
				},
				"2024-07-02": {
					"avg": 1066,
					"count": 3,
					"min": 977,
					"max": 1199
				},
				"2024-07-03": {
					"avg": 3080,
					"count": 2,
					"min": 1060,
					"max": 5100
				},
				"2024-07-04": {
					"avg": 1329,
					"count": 2,
					"min": 1249,
					"max": 1409
				},
				"2024-07-05": {
					"avg": 1065,
					"count": 1,
					"min": 1065,
					"max": 1065
				},
				"2024-07-07": {
					"avg": 987,
					"count": 1,
					"min": 987,
					"max": 987
				},
				"2024-07-09": {
					"avg": 1049,
					"count": 1,
					"min": 1049,
					"max": 1049
				},
				"2024-07-10": {
					"avg": 1050,
					"count": 1,
					"min": 1050,
					"max": 1050
				},
				"2024-07-11": {
					"avg": 1084,
					"count": 1,
					"min": 1084,
					"max": 1084
				},
				"2024-07-14": {
					"avg": 1074,
					"count": 2,
					"min": 1050,
					"max": 1098
				},
				"2024-07-15": {
					"avg": 1199,
					"count": 1,
					"min": 1199,
					"max": 1199
				},
				"2024-07-17": {
					"avg": 1048,
					"count": 3,
					"min": 973,
					"max": 1099
				},
				"2024-07-18": {
					"avg": 1062,
					"count": 2,
					"min": 1060,
					"max": 1063
				},
				"2024-07-19": {
					"avg": 1145,
					"count": 1,
					"min": 1145,
					"max": 1145
				},
				"2024-07-20": {
					"avg": 997,
					"count": 8,
					"min": 990,
					"max": 1040
				},
				"2024-07-22": {
					"avg": 2318,
					"count": 3,
					"min": 990,
					"max": 4900
				},
				"2024-07-23": {
					"avg": 894,
					"count": 1,
					"min": 894,
					"max": 894
				},
				"2024-07-28": {
					"avg": 714,
					"count": 1,
					"min": 714,
					"max": 714
				},
				"2024-07-29": {
					"avg": 1450,
					"count": 1,
					"min": 1450,
					"max": 1450
				},
				"2024-07-31": {
					"avg": 4900,
					"count": 1,
					"min": 4900,
					"max": 4900
				},
				"2024-08-01": {
					"avg": 2569,
					"count": 1,
					"min": 2569,
					"max": 2569
				},
				"2024-08-02": {
					"avg": 798,
					"count": 1,
					"min": 798,
					"max": 798
				},
				"2024-08-03": {
					"avg": 1336,
					"count": 6,
					"min": 799,
					"max": 2461
				},
				"2024-08-04": {
					"avg": 837,
					"count": 1,
					"min": 837,
					"max": 837
				},
				"2024-08-05": {
					"avg": 1022,
					"count": 1,
					"min": 1022,
					"max": 1022
				},
				"2024-08-06": {
					"avg": 799,
					"count": 1,
					"min": 799,
					"max": 799
				},
				"2024-08-07": {
					"avg": 898,
					"count": 3,
					"min": 898,
					"max": 898
				},
				"2024-08-09": {
					"avg": 5499,
					"count": 1,
					"min": 5499,
					"max": 5499
				},
				"2024-08-11": {
					"avg": 1007,
					"count": 1,
					"min": 1007,
					"max": 1007
				},
				"2024-08-15": {
					"avg": 4890,
					"count": 1,
					"min": 4890,
					"max": 4890
				},
				"2024-08-16": {
					"avg": 1008,
					"count": 1,
					"min": 1008,
					"max": 1008
				},
				"2024-08-18": {
					"avg": 2192,
					"count": 3,
					"min": 1050,
					"max": 3048
				},
				"2024-08-19": {
					"avg": 795,
					"count": 2,
					"min": 794,
					"max": 795
				},
				"2024-08-21": {
					"avg": 890,
					"count": 1,
					"min": 890,
					"max": 890
				},
				"2024-08-22": {
					"avg": 895,
					"count": 2,
					"min": 895,
					"max": 895
				},
				"2024-08-23": {
					"avg": 873,
					"count": 4,
					"min": 795,
					"max": 899
				},
				"2024-08-24": {
					"avg": 1000,
					"count": 1,
					"min": 1000,
					"max": 1000
				},
				"2024-08-25": {
					"avg": 1073,
					"count": 4,
					"min": 899,
					"max": 1478
				},
				"2024-08-27": {
					"avg": 1048,
					"count": 1,
					"min": 1048,
					"max": 1048
				},
				"2024-08-30": {
					"avg": 972,
					"count": 1,
					"min": 972,
					"max": 972
				},
				"2024-08-31": {
					"avg": 1087,
					"count": 2,
					"min": 999,
					"max": 1174
				},
				"2024-09-01": {
					"avg": 999,
					"count": 1,
					"min": 999,
					"max": 999
				},
				"2024-09-02": {
					"avg": 3030,
					"count": 2,
					"min": 977,
					"max": 5083
				},
				"2024-09-03": {
					"avg": 953,
					"count": 1,
					"min": 953,
					"max": 953
				},
				"2024-09-04": {
					"avg": 2044,
					"count": 11,
					"min": 959,
					"max": 5731
				},
				"2024-09-07": {
					"avg": 1479,
					"count": 2,
					"min": 1081,
					"max": 1877
				},
				"2024-09-09": {
					"avg": 954,
					"count": 1,
					"min": 954,
					"max": 954
				},
				"2024-09-11": {
					"avg": 1037,
					"count": 17,
					"min": 854,
					"max": 1147
				},
				"2024-09-14": {
					"avg": 1085,
					"count": 2,
					"min": 855,
					"max": 1315
				},
				"2024-09-16": {
					"avg": 1268,
					"count": 2,
					"min": 986,
					"max": 1549
				},
				"2024-09-17": {
					"avg": 1596,
					"count": 2,
					"min": 1199,
					"max": 1993
				},
				"2024-09-18": {
					"avg": 2428,
					"count": 3,
					"min": 901,
					"max": 5399
				},
				"2024-09-21": {
					"avg": 980,
					"count": 1,
					"min": 980,
					"max": 980
				},
				"2024-09-22": {
					"avg": 1299,
					"count": 1,
					"min": 1299,
					"max": 1299
				}
			},
			"avg": 1280,
			"avg7": 1046,
			"avg28": 1046
		},
		"normal-used": {
			"history": {
				"2024-05-24": {
					"avg": 1930,
					"count": 2,
					"min": 510,
					"max": 3349
				},
				"2024-05-26": {
					"avg": 590,
					"count": 1,
					"min": 590,
					"max": 590
				},
				"2024-05-27": {
					"avg": 510,
					"count": 1,
					"min": 510,
					"max": 510
				},
				"2024-06-02": {
					"avg": 568,
					"count": 1,
					"min": 568,
					"max": 568
				},
				"2024-06-13": {
					"avg": 398,
					"count": 2,
					"min": 398,
					"max": 398
				},
				"2024-06-17": {
					"avg": 571,
					"count": 1,
					"min": 571,
					"max": 571
				},
				"2024-06-18": {
					"avg": 1996,
					"count": 1,
					"min": 1996,
					"max": 1996
				},
				"2024-06-21": {
					"avg": 459,
					"count": 2,
					"min": 398,
					"max": 520
				},
				"2024-06-22": {
					"avg": 683,
					"count": 3,
					"min": 400,
					"max": 999
				},
				"2024-06-23": {
					"avg": 584,
					"count": 1,
					"min": 584,
					"max": 584
				},
				"2024-07-01": {
					"avg": 521,
					"count": 1,
					"min": 521,
					"max": 521
				},
				"2024-07-02": {
					"avg": 538,
					"count": 3,
					"min": 519,
					"max": 547
				},
				"2024-07-03": {
					"avg": 350,
					"count": 1,
					"min": 350,
					"max": 350
				},
				"2024-07-07": {
					"avg": 541,
					"count": 4,
					"min": 454,
					"max": 621
				},
				"2024-07-09": {
					"avg": 597,
					"count": 1,
					"min": 597,
					"max": 597
				},
				"2024-07-10": {
					"avg": 520,
					"count": 2,
					"min": 490,
					"max": 550
				},
				"2024-07-12": {
					"avg": 542,
					"count": 2,
					"min": 538,
					"max": 545
				},
				"2024-07-15": {
					"avg": 425,
					"count": 2,
					"min": 399,
					"max": 450
				},
				"2024-07-19": {
					"avg": 474,
					"count": 2,
					"min": 350,
					"max": 597
				},
				"2024-07-20": {
					"avg": 496,
					"count": 2,
					"min": 496,
					"max": 496
				},
				"2024-07-23": {
					"avg": 315,
					"count": 1,
					"min": 315,
					"max": 315
				},
				"2024-07-25": {
					"avg": 409,
					"count": 2,
					"min": 408,
					"max": 409
				},
				"2024-07-26": {
					"avg": 464,
					"count": 2,
					"min": 427,
					"max": 500
				},
				"2024-07-29": {
					"avg": 477,
					"count": 1,
					"min": 477,
					"max": 477
				},
				"2024-07-30": {
					"avg": 1798,
					"count": 1,
					"min": 1798,
					"max": 1798
				},
				"2024-08-05": {
					"avg": 547,
					"count": 2,
					"min": 484,
					"max": 610
				},
				"2024-08-06": {
					"avg": 2318,
					"count": 1,
					"min": 2318,
					"max": 2318
				},
				"2024-08-08": {
					"avg": 500,
					"count": 2,
					"min": 499,
					"max": 500
				},
				"2024-08-13": {
					"avg": 462,
					"count": 2,
					"min": 407,
					"max": 516
				},
				"2024-08-16": {
					"avg": 2259,
					"count": 1,
					"min": 2259,
					"max": 2259
				},
				"2024-08-19": {
					"avg": 1800,
					"count": 1,
					"min": 1800,
					"max": 1800
				},
				"2024-08-20": {
					"avg": 3714,
					"count": 1,
					"min": 3714,
					"max": 3714
				},
				"2024-08-22": {
					"avg": 630,
					"count": 1,
					"min": 630,
					"max": 630
				},
				"2024-08-26": {
					"avg": 420,
					"count": 1,
					"min": 420,
					"max": 420
				},
				"2024-08-27": {
					"avg": 530,
					"count": 3,
					"min": 506,
					"max": 552
				},
				"2024-08-30": {
					"avg": 520,
					"count": 1,
					"min": 520,
					"max": 520
				},
				"2024-09-02": {
					"avg": 514,
					"count": 1,
					"min": 514,
					"max": 514
				},
				"2024-09-05": {
					"avg": 555,
					"count": 1,
					"min": 555,
					"max": 555
				},
				"2024-09-07": {
					"avg": 533,
					"count": 1,
					"min": 533,
					"max": 533
				},
				"2024-09-08": {
					"avg": 500,
					"count": 1,
					"min": 500,
					"max": 500
				},
				"2024-09-09": {
					"avg": 500,
					"count": 1,
					"min": 500,
					"max": 500
				},
				"2024-09-13": {
					"avg": 526,
					"count": 1,
					"min": 526,
					"max": 526
				},
				"2024-09-18": {
					"avg": 449,
					"count": 1,
					"min": 449,
					"max": 449
				},
				"2024-09-19": {
					"avg": 601,
					"count": 1,
					"min": 601,
					"max": 601
				},
				"2024-09-20": {
					"avg": 800,
					"count": 1,
					"min": 800,
					"max": 800
				},
				"2024-09-21": {
					"avg": 500,
					"count": 1,
					"min": 500,
					"max": 500
				}
			},
			"avg": 716,
			"avg7": -1,
			"avg28": -1
		},
		"normal-nearmint": {
			"history": {
				"2024-05-25": {
					"avg": 2746,
					"count": 4,
					"min": 722,
					"max": 7343
				},
				"2024-05-27": {
					"avg": 1222,
					"count": 1,
					"min": 1222,
					"max": 1222
				},
				"2024-06-02": {
					"avg": 1222,
					"count": 1,
					"min": 1222,
					"max": 1222
				},
				"2024-06-04": {
					"avg": 1320,
					"count": 2,
					"min": 1319,
					"max": 1320
				},
				"2024-06-06": {
					"avg": 1684,
					"count": 6,
					"min": 1427,
					"max": 1799
				},
				"2024-06-08": {
					"avg": 1697,
					"count": 1,
					"min": 1697,
					"max": 1697
				},
				"2024-06-10": {
					"avg": 2020,
					"count": 4,
					"min": 1634,
					"max": 2500
				},
				"2024-06-13": {
					"avg": 1475,
					"count": 1,
					"min": 1475,
					"max": 1475
				},
				"2024-06-16": {
					"avg": 1446,
					"count": 1,
					"min": 1446,
					"max": 1446
				},
				"2024-06-17": {
					"avg": 1400,
					"count": 1,
					"min": 1400,
					"max": 1400
				},
				"2024-06-18": {
					"avg": 1697,
					"count": 1,
					"min": 1697,
					"max": 1697
				},
				"2024-06-20": {
					"avg": 1697,
					"count": 1,
					"min": 1697,
					"max": 1697
				},
				"2024-06-25": {
					"avg": 1450,
					"count": 1,
					"min": 1450,
					"max": 1450
				},
				"2024-06-29": {
					"avg": 1649,
					"count": 1,
					"min": 1649,
					"max": 1649
				},
				"2024-07-03": {
					"avg": 6899,
					"count": 1,
					"min": 6899,
					"max": 6899
				},
				"2024-07-07": {
					"avg": 1611,
					"count": 1,
					"min": 1611,
					"max": 1611
				},
				"2024-07-09": {
					"avg": 7198,
					"count": 1,
					"min": 7198,
					"max": 7198
				},
				"2024-07-10": {
					"avg": 4432,
					"count": 2,
					"min": 1412,
					"max": 7452
				},
				"2024-07-13": {
					"avg": 2494,
					"count": 1,
					"min": 2494,
					"max": 2494
				},
				"2024-07-14": {
					"avg": 1840,
					"count": 1,
					"min": 1840,
					"max": 1840
				},
				"2024-07-16": {
					"avg": 1649,
					"count": 1,
					"min": 1649,
					"max": 1649
				},
				"2024-07-17": {
					"avg": 1006,
					"count": 2,
					"min": 600,
					"max": 1412
				},
				"2024-07-18": {
					"avg": 1412,
					"count": 2,
					"min": 1412,
					"max": 1412
				},
				"2024-07-19": {
					"avg": 1697,
					"count": 1,
					"min": 1697,
					"max": 1697
				},
				"2024-07-20": {
					"avg": 1510,
					"count": 1,
					"min": 1510,
					"max": 1510
				},
				"2024-07-21": {
					"avg": 4797,
					"count": 2,
					"min": 2694,
					"max": 6899
				},
				"2024-07-23": {
					"avg": 1696,
					"count": 1,
					"min": 1696,
					"max": 1696
				},
				"2024-07-24": {
					"avg": 1697,
					"count": 1,
					"min": 1697,
					"max": 1697
				},
				"2024-07-30": {
					"avg": 2694,
					"count": 1,
					"min": 2694,
					"max": 2694
				},
				"2024-07-31": {
					"avg": 1526,
					"count": 1,
					"min": 1526,
					"max": 1526
				},
				"2024-08-07": {
					"avg": 2163,
					"count": 1,
					"min": 2163,
					"max": 2163
				},
				"2024-08-09": {
					"avg": 1599,
					"count": 1,
					"min": 1599,
					"max": 1599
				},
				"2024-08-13": {
					"avg": 1500,
					"count": 1,
					"min": 1500,
					"max": 1500
				},
				"2024-08-15": {
					"avg": 1752,
					"count": 2,
					"min": 1399,
					"max": 2105
				},
				"2024-08-16": {
					"avg": 1889,
					"count": 1,
					"min": 1889,
					"max": 1889
				},
				"2024-08-17": {
					"avg": 1494,
					"count": 1,
					"min": 1494,
					"max": 1494
				},
				"2024-08-18": {
					"avg": 1399,
					"count": 1,
					"min": 1399,
					"max": 1399
				},
				"2024-08-19": {
					"avg": 2098,
					"count": 1,
					"min": 2098,
					"max": 2098
				},
				"2024-08-21": {
					"avg": 1599,
					"count": 2,
					"min": 1526,
					"max": 1671
				},
				"2024-08-27": {
					"avg": 1520,
					"count": 1,
					"min": 1520,
					"max": 1520
				},
				"2024-08-29": {
					"avg": 1697,
					"count": 1,
					"min": 1697,
					"max": 1697
				},
				"2024-09-01": {
					"avg": 6741,
					"count": 1,
					"min": 6741,
					"max": 6741
				},
				"2024-09-02": {
					"avg": 1350,
					"count": 1,
					"min": 1350,
					"max": 1350
				},
				"2024-09-03": {
					"avg": 1556,
					"count": 2,
					"min": 1512,
					"max": 1599
				},
				"2024-09-04": {
					"avg": 1348,
					"count": 1,
					"min": 1348,
					"max": 1348
				},
				"2024-09-05": {
					"avg": 2701,
					"count": 2,
					"min": 1525,
					"max": 3876
				},
				"2024-09-08": {
					"avg": 1697,
					"count": 1,
					"min": 1697,
					"max": 1697
				},
				"2024-09-12": {
					"avg": 1717,
					"count": 2,
					"min": 1633,
					"max": 1800
				},
				"2024-09-14": {
					"avg": 1600,
					"count": 1,
					"min": 1600,
					"max": 1600
				},
				"2024-09-15": {
					"avg": 1585,
					"count": 1,
					"min": 1585,
					"max": 1585
				},
				"2024-09-16": {
					"avg": 1499,
					"count": 1,
					"min": 1499,
					"max": 1499
				},
				"2024-09-18": {
					"avg": 6827,
					"count": 1,
					"min": 6827,
					"max": 6827
				},
				"2024-09-20": {
					"avg": 1733,
					"count": 4,
					"min": 1599,
					"max": 2099
				},
				"2024-09-21": {
					"avg": 1677,
					"count": 1,
					"min": 1677,
					"max": 1677
				}
			},
			"avg": 2152,
			"avg7": -1,
			"avg28": -1
		},
		"normal-played": {
			"history": {
				"2024-05-25": {
					"avg": 579,
					"count": 1,
					"min": 579,
					"max": 579
				},
				"2024-05-26": {
					"avg": 599,
					"count": 1,
					"min": 599,
					"max": 599
				},
				"2024-05-29": {
					"avg": 587,
					"count": 1,
					"min": 587,
					"max": 587
				},
				"2024-05-30": {
					"avg": 814,
					"count": 3,
					"min": 689,
					"max": 1053
				},
				"2024-06-01": {
					"avg": 675,
					"count": 1,
					"min": 675,
					"max": 675
				},
				"2024-06-02": {
					"avg": 946,
					"count": 3,
					"min": 695,
					"max": 1349
				},
				"2024-06-03": {
					"avg": 4244,
					"count": 1,
					"min": 4244,
					"max": 4244
				},
				"2024-06-05": {
					"avg": 662,
					"count": 1,
					"min": 662,
					"max": 662
				},
				"2024-06-06": {
					"avg": 820,
					"count": 5,
					"min": 655,
					"max": 1097
				},
				"2024-06-07": {
					"avg": 1199,
					"count": 2,
					"min": 699,
					"max": 1699
				},
				"2024-06-09": {
					"avg": 661,
					"count": 1,
					"min": 661,
					"max": 661
				},
				"2024-06-10": {
					"avg": 873,
					"count": 2,
					"min": 647,
					"max": 1099
				},
				"2024-06-12": {
					"avg": 755,
					"count": 2,
					"min": 661,
					"max": 848
				},
				"2024-06-13": {
					"avg": 879,
					"count": 1,
					"min": 879,
					"max": 879
				},
				"2024-06-16": {
					"avg": 786,
					"count": 5,
					"min": 549,
					"max": 1194
				},
				"2024-06-17": {
					"avg": 611,
					"count": 2,
					"min": 548,
					"max": 673
				},
				"2024-06-18": {
					"avg": 662,
					"count": 1,
					"min": 662,
					"max": 662
				},
				"2024-06-20": {
					"avg": 1231,
					"count": 5,
					"min": 661,
					"max": 3498
				},
				"2024-06-21": {
					"avg": 749,
					"count": 1,
					"min": 749,
					"max": 749
				},
				"2024-06-23": {
					"avg": 664,
					"count": 2,
					"min": 575,
					"max": 753
				},
				"2024-06-24": {
					"avg": 784,
					"count": 1,
					"min": 784,
					"max": 784
				},
				"2024-06-25": {
					"avg": 617,
					"count": 2,
					"min": 400,
					"max": 834
				},
				"2024-06-26": {
					"avg": 475,
					"count": 1,
					"min": 475,
					"max": 475
				},
				"2024-06-27": {
					"avg": 572,
					"count": 1,
					"min": 572,
					"max": 572
				},
				"2024-06-28": {
					"avg": 686,
					"count": 4,
					"min": 572,
					"max": 993
				},
				"2024-07-02": {
					"avg": 649,
					"count": 2,
					"min": 649,
					"max": 649
				},
				"2024-07-03": {
					"avg": 600,
					"count": 1,
					"min": 600,
					"max": 600
				},
				"2024-07-04": {
					"avg": 651,
					"count": 5,
					"min": 649,
					"max": 661
				},
				"2024-07-07": {
					"avg": 673,
					"count": 1,
					"min": 673,
					"max": 673
				},
				"2024-07-08": {
					"avg": 1826,
					"count": 3,
					"min": 673,
					"max": 4099
				},
				"2024-07-13": {
					"avg": 690,
					"count": 1,
					"min": 690,
					"max": 690
				},
				"2024-07-15": {
					"avg": 713,
					"count": 1,
					"min": 713,
					"max": 713
				},
				"2024-07-16": {
					"avg": 699,
					"count": 4,
					"min": 699,
					"max": 699
				},
				"2024-07-17": {
					"avg": 705,
					"count": 9,
					"min": 588,
					"max": 1194
				},
				"2024-07-18": {
					"avg": 658,
					"count": 2,
					"min": 658,
					"max": 658
				},
				"2024-07-19": {
					"avg": 559,
					"count": 1,
					"min": 559,
					"max": 559
				},
				"2024-07-20": {
					"avg": 658,
					"count": 7,
					"min": 658,
					"max": 658
				},
				"2024-07-21": {
					"avg": 655,
					"count": 1,
					"min": 655,
					"max": 655
				},
				"2024-07-22": {
					"avg": 1088,
					"count": 2,
					"min": 948,
					"max": 1228
				},
				"2024-07-26": {
					"avg": 1545,
					"count": 4,
					"min": 677,
					"max": 4099
				},
				"2024-07-31": {
					"avg": 733,
					"count": 1,
					"min": 733,
					"max": 733
				},
				"2024-08-03": {
					"avg": 699,
					"count": 1,
					"min": 699,
					"max": 699
				},
				"2024-08-05": {
					"avg": 824,
					"count": 1,
					"min": 824,
					"max": 824
				},
				"2024-08-06": {
					"avg": 627,
					"count": 1,
					"min": 627,
					"max": 627
				},
				"2024-08-07": {
					"avg": 625,
					"count": 1,
					"min": 625,
					"max": 625
				},
				"2024-08-08": {
					"avg": 723,
					"count": 1,
					"min": 723,
					"max": 723
				},
				"2024-08-09": {
					"avg": 723,
					"count": 1,
					"min": 723,
					"max": 723
				},
				"2024-08-11": {
					"avg": 749,
					"count": 1,
					"min": 749,
					"max": 749
				},
				"2024-08-15": {
					"avg": 3502,
					"count": 1,
					"min": 3502,
					"max": 3502
				},
				"2024-08-17": {
					"avg": 593,
					"count": 2,
					"min": 542,
					"max": 643
				},
				"2024-08-18": {
					"avg": 592,
					"count": 2,
					"min": 542,
					"max": 642
				},
				"2024-08-21": {
					"avg": 607,
					"count": 1,
					"min": 607,
					"max": 607
				},
				"2024-08-22": {
					"avg": 713,
					"count": 4,
					"min": 606,
					"max": 960
				},
				"2024-08-25": {
					"avg": 622,
					"count": 2,
					"min": 600,
					"max": 643
				},
				"2024-08-27": {
					"avg": 600,
					"count": 1,
					"min": 600,
					"max": 600
				},
				"2024-08-29": {
					"avg": 671,
					"count": 2,
					"min": 643,
					"max": 699
				},
				"2024-08-30": {
					"avg": 792,
					"count": 2,
					"min": 600,
					"max": 984
				},
				"2024-09-01": {
					"avg": 729,
					"count": 1,
					"min": 729,
					"max": 729
				},
				"2024-09-02": {
					"avg": 4088,
					"count": 2,
					"min": 3875,
					"max": 4300
				},
				"2024-09-03": {
					"avg": 632,
					"count": 1,
					"min": 632,
					"max": 632
				},
				"2024-09-04": {
					"avg": 942,
					"count": 8,
					"min": 701,
					"max": 999
				},
				"2024-09-07": {
					"avg": 726,
					"count": 2,
					"min": 701,
					"max": 750
				},
				"2024-09-08": {
					"avg": 701,
					"count": 1,
					"min": 701,
					"max": 701
				},
				"2024-09-09": {
					"avg": 799,
					"count": 1,
					"min": 799,
					"max": 799
				},
				"2024-09-11": {
					"avg": 749,
					"count": 5,
					"min": 642,
					"max": 784
				},
				"2024-09-13": {
					"avg": 848,
					"count": 1,
					"min": 848,
					"max": 848
				},
				"2024-09-16": {
					"avg": 750,
					"count": 1,
					"min": 750,
					"max": 750
				},
				"2024-09-18": {
					"avg": 1108,
					"count": 6,
					"min": 770,
					"max": 1256
				},
				"2024-09-20": {
					"avg": 665,
					"count": 1,
					"min": 665,
					"max": 665
				},
				"2024-09-22": {
					"avg": 665,
					"count": 1,
					"min": 665,
					"max": 665
				}
			},
			"avg": 895,
			"avg7": -1,
			"avg28": -1
		},
		"normal-poor": {
			"history": {
				"2024-05-24": {
					"avg": 519,
					"count": 1,
					"min": 519,
					"max": 519
				},
				"2024-05-25": {
					"avg": 886,
					"count": 2,
					"min": 350,
					"max": 1421
				},
				"2024-05-29": {
					"avg": 521,
					"count": 1,
					"min": 521,
					"max": 521
				},
				"2024-05-31": {
					"avg": 596,
					"count": 2,
					"min": 379,
					"max": 812
				},
				"2024-06-01": {
					"avg": 976,
					"count": 2,
					"min": 466,
					"max": 1485
				},
				"2024-06-03": {
					"avg": 519,
					"count": 1,
					"min": 519,
					"max": 519
				},
				"2024-06-04": {
					"avg": 414,
					"count": 4,
					"min": 350,
					"max": 600
				},
				"2024-06-07": {
					"avg": 350,
					"count": 1,
					"min": 350,
					"max": 350
				},
				"2024-06-10": {
					"avg": 329,
					"count": 1,
					"min": 329,
					"max": 329
				},
				"2024-06-16": {
					"avg": 349,
					"count": 1,
					"min": 349,
					"max": 349
				},
				"2024-06-19": {
					"avg": 467,
					"count": 1,
					"min": 467,
					"max": 467
				},
				"2024-06-20": {
					"avg": 471,
					"count": 1,
					"min": 471,
					"max": 471
				},
				"2024-06-22": {
					"avg": 544,
					"count": 2,
					"min": 471,
					"max": 617
				},
				"2024-06-30": {
					"avg": 349,
					"count": 2,
					"min": 348,
					"max": 349
				},
				"2024-07-01": {
					"avg": 929,
					"count": 1,
					"min": 929,
					"max": 929
				},
				"2024-07-05": {
					"avg": 471,
					"count": 1,
					"min": 471,
					"max": 471
				},
				"2024-07-07": {
					"avg": 350,
					"count": 1,
					"min": 350,
					"max": 350
				},
				"2024-07-10": {
					"avg": 376,
					"count": 1,
					"min": 376,
					"max": 376
				},
				"2024-07-12": {
					"avg": 988,
					"count": 2,
					"min": 475,
					"max": 1500
				},
				"2024-07-15": {
					"avg": 1567,
					"count": 1,
					"min": 1567,
					"max": 1567
				},
				"2024-07-16": {
					"avg": 498,
					"count": 1,
					"min": 498,
					"max": 498
				},
				"2024-07-18": {
					"avg": 382,
					"count": 3,
					"min": 382,
					"max": 382
				},
				"2024-07-23": {
					"avg": 389,
					"count": 1,
					"min": 389,
					"max": 389
				},
				"2024-07-27": {
					"avg": 250,
					"count": 1,
					"min": 250,
					"max": 250
				},
				"2024-07-30": {
					"avg": 290,
					"count": 2,
					"min": 289,
					"max": 290
				},
				"2024-08-01": {
					"avg": 290,
					"count": 1,
					"min": 290,
					"max": 290
				},
				"2024-08-05": {
					"avg": 392,
					"count": 2,
					"min": 290,
					"max": 493
				},
				"2024-08-06": {
					"avg": 363,
					"count": 1,
					"min": 363,
					"max": 363
				},
				"2024-08-07": {
					"avg": 417,
					"count": 1,
					"min": 417,
					"max": 417
				},
				"2024-08-10": {
					"avg": 359,
					"count": 1,
					"min": 359,
					"max": 359
				},
				"2024-08-11": {
					"avg": 1725,
					"count": 1,
					"min": 1725,
					"max": 1725
				},
				"2024-08-14": {
					"avg": 516,
					"count": 1,
					"min": 516,
					"max": 516
				},
				"2024-08-17": {
					"avg": 516,
					"count": 1,
					"min": 516,
					"max": 516
				},
				"2024-08-19": {
					"avg": 384,
					"count": 3,
					"min": 362,
					"max": 399
				},
				"2024-08-20": {
					"avg": 446,
					"count": 4,
					"min": 446,
					"max": 446
				},
				"2024-08-21": {
					"avg": 1299,
					"count": 1,
					"min": 1299,
					"max": 1299
				},
				"2024-08-23": {
					"avg": 550,
					"count": 1,
					"min": 550,
					"max": 550
				},
				"2024-08-27": {
					"avg": 527,
					"count": 1,
					"min": 527,
					"max": 527
				},
				"2024-08-30": {
					"avg": 397,
					"count": 3,
					"min": 325,
					"max": 448
				},
				"2024-09-01": {
					"avg": 399,
					"count": 1,
					"min": 399,
					"max": 399
				},
				"2024-09-02": {
					"avg": 349,
					"count": 1,
					"min": 349,
					"max": 349
				},
				"2024-09-03": {
					"avg": 420,
					"count": 2,
					"min": 409,
					"max": 431
				},
				"2024-09-04": {
					"avg": 406,
					"count": 1,
					"min": 406,
					"max": 406
				},
				"2024-09-08": {
					"avg": 660,
					"count": 1,
					"min": 660,
					"max": 660
				},
				"2024-09-11": {
					"avg": 390,
					"count": 2,
					"min": 260,
					"max": 520
				},
				"2024-09-18": {
					"avg": 285,
					"count": 1,
					"min": 285,
					"max": 285
				},
				"2024-09-20": {
					"avg": 686,
					"count": 2,
					"min": 412,
					"max": 959
				},
				"2024-09-21": {
					"avg": 456,
					"count": 1,
					"min": 456,
					"max": 456
				},
				"2024-09-22": {
					"avg": 431,
					"count": 1,
					"min": 431,
					"max": 431
				},
				"2024-09-23": {
					"avg": 558,
					"count": 1,
					"min": 558,
					"max": 558
				}
			},
			"avg": 526,
			"avg7": -1,
			"avg28": -1
		}
	}
}