{
	"data": {
		"normal-good": {
			"history": {
				"2022-11-12": {
					"avg": 199,
					"count": 1
				},
				"2022-11-13": {
					"avg": 282,
					"count": 2
				},
				"2022-11-14": {
					"avg": 270,
					"count": 2
				},
				"2022-11-15": {
					"avg": 325,
					"count": 2
				},
				"2022-11-17": {
					"avg": 316,
					"count": 4
				},
				"2022-11-19": {
					"avg": 348,
					"count": 3,
					"min": 175,
					"max": 668
				},
				"2022-11-20": {
					"avg": 224,
					"count": 4,
					"min": 148,
					"max": 299
				},
				"2022-11-22": {
					"avg": 244,
					"count": 1,
					"min": 244,
					"max": 244
				},
				"2022-11-23": {
					"avg": 132,
					"count": 3,
					"min": 75,
					"max": 246
				},
				"2022-11-24": {
					"avg": 132,
					"count": 2,
					"min": 125,
					"max": 139
				},
				"2022-11-25": {
					"avg": 181,
					"count": 14,
					"min": 75,
					"max": 399
				},
				"2022-11-26": {
					"avg": 139,
					"count": 1,
					"min": 139,
					"max": 139
				},
				"2022-11-27": {
					"avg": 166,
					"count": 4,
					"min": 91,
					"max": 295
				},
				"2022-11-28": {
					"avg": 298,
					"count": 8,
					"min": 91,
					"max": 462
				},
				"2022-11-29": {
					"avg": 194,
					"count": 3,
					"min": 91,
					"max": 399
				},
				"2022-11-30": {
					"avg": 222,
					"count": 2,
					"min": 146,
					"max": 298
				},
				"2022-12-01": {
					"avg": 255,
					"count": 5,
					"min": 187,
					"max": 525
				},
				"2022-12-02": {
					"avg": 154,
					"count": 3,
					"min": 89,
					"max": 187
				},
				"2022-12-03": {
					"avg": 146,
					"count": 1,
					"min": 146,
					"max": 146
				},
				"2022-12-04": {
					"avg": 362,
					"count": 5,
					"min": 133,
					"max": 844
				},
				"2022-12-05": {
					"avg": 173,
					"count": 14,
					"min": 91,
					"max": 349
				},
				"2022-12-06": {
					"avg": 265,
					"count": 3,
					"min": 198,
					"max": 298
				},
				"2022-12-07": {
					"avg": 220,
					"count": 6,
					"min": 133,
					"max": 310
				},
				"2022-12-09": {
					"avg": 478,
					"count": 3,
					"min": 274,
					"max": 844
				},
				"2022-12-10": {
					"avg": 720,
					"count": 4,
					"min": 349,
					"max": 844
				},
				"2022-12-11": {
					"avg": 495,
					"count": 2,
					"min": 190,
					"max": 799
				},
				"2022-12-13": {
					"avg": 522,
					"count": 2,
					"min": 145,
					"max": 899
				},
				"2022-12-15": {
					"avg": 399,
					"count": 1,
					"min": 399,
					"max": 399
				},
				"2022-12-16": {
					"avg": 367,
					"count": 19,
					"min": 89,
					"max": 800
				},
				"2022-12-17": {
					"avg": 674,
					"count": 4,
					"min": 99,
					"max": 1197
				},
				"2022-12-18": {
					"avg": 318,
					"count": 1,
					"min": 318,
					"max": 318
				},
				"2022-12-19": {
					"avg": 399,
					"count": 1,
					"min": 399,
					"max": 399
				},
				"2022-12-20": {
					"avg": 196,
					"count": 1,
					"min": 196,
					"max": 196
				},
				"2022-12-21": {
					"avg": 393,
					"count": 1,
					"min": 393,
					"max": 393
				},
				"2022-12-22": {
					"avg": 297,
					"count": 2,
					"min": 244,
					"max": 350
				},
				"2022-12-23": {
					"avg": 164,
					"count": 8,
					"min": 104,
					"max": 301
				},
				"2022-12-24": {
					"avg": 168,
					"count": 2,
					"min": 111,
					"max": 225
				},
				"2022-12-25": {
					"avg": 295,
					"count": 1,
					"min": 295,
					"max": 295
				},
				"2022-12-26": {
					"avg": 803,
					"count": 5,
					"min": 368,
					"max": 1800
				},
				"2022-12-27": {
					"avg": 359,
					"count": 4,
					"min": 246,
					"max": 495
				},
				"2022-12-28": {
					"avg": 406,
					"count": 4,
					"min": 150,
					"max": 800
				},
				"2022-12-29": {
					"avg": 622,
					"count": 2,
					"min": 399,
					"max": 844
				},
				"2022-12-30": {
					"avg": 332,
					"count": 3,
					"min": 246,
					"max": 499
				},
				"2022-12-31": {
					"avg": 147,
					"count": 1,
					"min": 147,
					"max": 147
				},
				"2023-01-01": {
					"avg": 391,
					"count": 3,
					"min": 368,
					"max": 420
				},
				"2023-01-02": {
					"avg": 213,
					"count": 8,
					"min": 151,
					"max": 384
				},
				"2023-01-03": {
					"avg": 424,
					"count": 2,
					"min": 399,
					"max": 449
				},
				"2023-01-04": {
					"avg": 209,
					"count": 1,
					"min": 209,
					"max": 209
				},
				"2023-01-05": {
					"avg": 434,
					"count": 7,
					"min": 69,
					"max": 615
				},
				"2023-01-06": {
					"avg": 293,
					"count": 1,
					"min": 293,
					"max": 293
				},
				"2023-01-08": {
					"avg": 431,
					"count": 5,
					"min": 314,
					"max": 629
				},
				"2023-01-09": {
					"avg": 274,
					"count": 7,
					"min": 138,
					"max": 547
				},
				"2023-01-10": {
					"avg": 364,
					"count": 5,
					"min": 208,
					"max": 521
				},
				"2023-01-11": {
					"avg": 545,
					"count": 1,
					"min": 545,
					"max": 545
				},
				"2023-01-12": {
					"avg": 342,
					"count": 4,
					"min": 244,
					"max": 375
				},
				"2023-02-06": {
					"avg": 554,
					"count": 3,
					"min": 188,
					"max": 875
				},
				"2023-02-07": {
					"avg": 611,
					"count": 4,
					"min": 347,
					"max": 1125
				},
				"2023-02-08": {
					"avg": 689,
					"count": 3,
					"min": 382,
					"max": 1138
				},
				"2023-02-10": {
					"avg": 456,
					"count": 1,
					"min": 456,
					"max": 456
				},
				"2023-02-11": {
					"avg": 270,
					"count": 7,
					"min": 198,
					"max": 374
				},
				"2023-02-12": {
					"avg": 300,
					"count": 2,
					"min": 199,
					"max": 400
				},
				"2023-02-13": {
					"avg": 200,
					"count": 4,
					"min": 200,
					"max": 200
				},
				"2023-02-14": {
					"avg": 258,
					"count": 6,
					"min": 168,
					"max": 504
				},
				"2023-02-15": {
					"avg": 146,
					"count": 2,
					"min": 146,
					"max": 146
				},
				"2023-02-16": {
					"avg": 401,
					"count": 1,
					"min": 401,
					"max": 401
				},
				"2023-02-17": {
					"avg": 423,
					"count": 3,
					"min": 221,
					"max": 674
				},
				"2023-02-18": {
					"avg": 460,
					"count": 3,
					"min": 225,
					"max": 579
				},
				"2023-02-19": {
					"avg": 428,
					"count": 2,
					"min": 248,
					"max": 608
				},
				"2023-02-20": {
					"avg": 491,
					"count": 5,
					"min": 238,
					"max": 676
				},
				"2023-02-21": {
					"avg": 333,
					"count": 2,
					"min": 269,
					"max": 397
				},
				"2023-02-23": {
					"avg": 415,
					"count": 3,
					"min": 250,
					"max": 697
				},
				"2023-02-24": {
					"avg": 255,
					"count": 1,
					"min": 255,
					"max": 255
				},
				"2023-02-26": {
					"avg": 372,
					"count": 2,
					"min": 359,
					"max": 385
				},
				"2023-02-27": {
					"avg": 150,
					"count": 1,
					"min": 150,
					"max": 150
				},
				"2023-02-28": {
					"avg": 403,
					"count": 2,
					"min": 349,
					"max": 457
				},
				"2023-03-01": {
					"avg": 636,
					"count": 2,
					"min": 427,
					"max": 844
				},
				"2023-03-02": {
					"avg": 489,
					"count": 2,
					"min": 221,
					"max": 758
				},
				"2023-03-03": {
					"avg": 293,
					"count": 4,
					"min": 259,
					"max": 313
				},
				"2023-03-04": {
					"avg": 153,
					"count": 1,
					"min": 153,
					"max": 153
				},
				"2023-03-06": {
					"avg": 386,
					"count": 2,
					"min": 75,
					"max": 697
				},
				"2023-03-07": {
					"avg": 345,
					"count": 3,
					"min": 103,
					"max": 681
				},
				"2023-03-09": {
					"avg": 583,
					"count": 2,
					"min": 424,
					"max": 742
				},
				"2023-03-10": {
					"avg": 325,
					"count": 3,
					"min": 252,
					"max": 424
				},
				"2023-03-11": {
					"avg": 365,
					"count": 1,
					"min": 365,
					"max": 365
				},
				"2023-03-12": {
					"avg": 335,
					"count": 4,
					"min": 113,
					"max": 478
				},
				"2023-03-14": {
					"avg": 403,
					"count": 11,
					"min": 252,
					"max": 649
				},
				"2023-03-15": {
					"avg": 208,
					"count": 1,
					"min": 208,
					"max": 208
				},
				"2023-03-16": {
					"avg": 395,
					"count": 4,
					"min": 162,
					"max": 748
				},
				"2023-03-17": {
					"avg": 153,
					"count": 1,
					"min": 153,
					"max": 153
				},
				"2023-03-18": {
					"avg": 549,
					"count": 1,
					"min": 549,
					"max": 549
				},
				"2023-03-19": {
					"avg": 1130,
					"count": 1,
					"min": 1130,
					"max": 1130
				},
				"2023-03-20": {
					"avg": 274,
					"count": 2,
					"min": 274,
					"max": 274
				},
				"2023-03-21": {
					"avg": 350,
					"count": 1,
					"min": 350,
					"max": 350
				},
				"2023-03-22": {
					"avg": 849,
					"count": 1,
					"min": 849,
					"max": 849
				},
				"2023-03-23": {
					"avg": 229,
					"count": 3,
					"min": 188,
					"max": 299
				},
				"2023-03-24": {
					"avg": 295,
					"count": 1,
					"min": 295,
					"max": 295
				},
				"2023-03-25": {
					"avg": 223,
					"count": 4,
					"min": 100,
					"max": 299
				},
				"2023-03-27": {
					"avg": 543,
					"count": 2,
					"min": 190,
					"max": 895
				},
				"2023-03-28": {
					"avg": 524,
					"count": 2,
					"min": 189,
					"max": 858
				},
				"2023-03-29": {
					"avg": 209,
					"count": 8,
					"min": 56,
					"max": 342
				},
				"2023-03-31": {
					"avg": 259,
					"count": 1,
					"min": 259,
					"max": 259
				},
				"2023-04-01": {
					"avg": 395,
					"count": 1,
					"min": 395,
					"max": 395
				},
				"2023-04-02": {
					"avg": 125,
					"count": 1,
					"min": 125,
					"max": 125
				},
				"2023-04-03": {
					"avg": 1130,
					"count": 1,
					"min": 1130,
					"max": 1130
				},
				"2023-04-04": {
					"avg": 163,
					"count": 2,
					"min": 77,
					"max": 248
				},
				"2023-04-05": {
					"avg": 182,
					"count": 3,
					"min": 49,
					"max": 299
				},
				"2023-04-07": {
					"avg": 323,
					"count": 3,
					"min": 299,
					"max": 347
				},
				"2023-04-08": {
					"avg": 379,
					"count": 2,
					"min": 359,
					"max": 399
				},
				"2023-04-09": {
					"avg": 200,
					"count": 3,
					"min": 79,
					"max": 299
				},
				"2023-04-11": {
					"avg": 397,
					"count": 1,
					"min": 397,
					"max": 397
				},
				"2023-04-12": {
					"avg": 129,
					"count": 3,
					"min": 56,
					"max": 250
				},
				"2023-04-13": {
					"avg": 501,
					"count": 2,
					"min": 304,
					"max": 698
				},
				"2023-04-14": {
					"avg": 536,
					"count": 2,
					"min": 346,
					"max": 725
				},
				"2023-04-15": {
					"avg": 845,
					"count": 1,
					"min": 845,
					"max": 845
				},
				"2023-04-16": {
					"avg": 301,
					"count": 2,
					"min": 223,
					"max": 379
				},
				"2023-04-17": {
					"avg": 299,
					"count": 4,
					"min": 148,
					"max": 445
				},
				"2023-04-18": {
					"avg": 394,
					"count": 3,
					"min": 342,
					"max": 499
				},
				"2023-04-20": {
					"avg": 287,
					"count": 3,
					"min": 164,
					"max": 389
				},
				"2023-04-22": {
					"avg": 425,
					"count": 1,
					"min": 425,
					"max": 425
				},
				"2023-04-25": {
					"avg": 254,
					"count": 2,
					"min": 254,
					"max": 254
				},
				"2023-04-26": {
					"avg": 881,
					"count": 2,
					"min": 136,
					"max": 1625
				},
				"2023-04-27": {
					"avg": 317,
					"count": 2,
					"min": 125,
					"max": 508
				},
				"2023-04-30": {
					"avg": 424,
					"count": 1,
					"min": 424,
					"max": 424
				},
				"2023-05-03": {
					"avg": 397,
					"count": 3,
					"min": 99,
					"max": 796
				},
				"2023-05-04": {
					"avg": 104,
					"count": 1,
					"min": 104,
					"max": 104
				},
				"2023-05-05": {
					"avg": 150,
					"count": 3,
					"min": 51,
					"max": 299
				},
				"2023-05-06": {
					"avg": 331,
					"count": 1,
					"min": 331,
					"max": 331
				},
				"2023-05-07": {
					"avg": 158,
					"count": 5,
					"min": 89,
					"max": 206
				},
				"2023-05-08": {
					"avg": 298,
					"count": 5,
					"min": 154,
					"max": 652
				},
				"2023-05-09": {
					"avg": 250,
					"count": 1,
					"min": 250,
					"max": 250
				},
				"2023-05-10": {
					"avg": 119,
					"count": 1,
					"min": 119,
					"max": 119
				},
				"2023-05-11": {
					"avg": 176,
					"count": 1,
					"min": 176,
					"max": 176
				},
				"2023-05-12": {
					"avg": 407,
					"count": 3,
					"min": 299,
					"max": 497
				},
				"2023-05-13": {
					"avg": 378,
					"count": 1,
					"min": 378,
					"max": 378
				},
				"2023-05-14": {
					"avg": 165,
					"count": 3,
					"min": 165,
					"max": 165
				},
				"2023-05-15": {
					"avg": 400,
					"count": 2,
					"min": 350,
					"max": 449
				},
				"2023-05-16": {
					"avg": 680,
					"count": 6,
					"min": 145,
					"max": 1848
				},
				"2023-05-17": {
					"avg": 607,
					"count": 4,
					"min": 455,
					"max": 779
				},
				"2023-05-18": {
					"avg": 218,
					"count": 1,
					"min": 218,
					"max": 218
				},
				"2023-05-19": {
					"avg": 100,
					"count": 1,
					"min": 100,
					"max": 100
				},
				"2023-05-20": {
					"avg": 232,
					"count": 5,
					"min": 80,
					"max": 289
				},
				"2023-05-21": {
					"avg": 235,
					"count": 4,
					"min": 137,
					"max": 530
				},
				"2023-05-22": {
					"avg": 86,
					"count": 4,
					"min": 59,
					"max": 169
				},
				"2023-05-23": {
					"avg": 510,
					"count": 6,
					"min": 80,
					"max": 999
				},
				"2023-05-24": {
					"avg": 222,
					"count": 2,
					"min": 150,
					"max": 294
				},
				"2023-05-25": {
					"avg": 697,
					"count": 1,
					"min": 697,
					"max": 697
				},
				"2023-05-26": {
					"avg": 1099,
					"count": 1,
					"min": 1099,
					"max": 1099
				},
				"2023-05-27": {
					"avg": 790,
					"count": 1,
					"min": 790,
					"max": 790
				},
				"2023-05-28": {
					"avg": 148,
					"count": 6,
					"min": 144,
					"max": 150
				},
				"2023-05-29": {
					"avg": 682,
					"count": 3,
					"min": 269,
					"max": 889
				},
				"2023-05-30": {
					"avg": 625,
					"count": 2,
					"min": 250,
					"max": 1000
				},
				"2023-06-01": {
					"avg": 338,
					"count": 2,
					"min": 280,
					"max": 395
				},
				"2023-06-02": {
					"avg": 340,
					"count": 2,
					"min": 275,
					"max": 405
				},
				"2023-06-04": {
					"avg": 346,
					"count": 1,
					"min": 346,
					"max": 346
				},
				"2023-06-05": {
					"avg": 299,
					"count": 1,
					"min": 299,
					"max": 299
				},
				"2023-06-06": {
					"avg": 740,
					"count": 2,
					"min": 580,
					"max": 899
				},
				"2023-06-07": {
					"avg": 664,
					"count": 5,
					"min": 299,
					"max": 1625
				},
				"2023-06-08": {
					"avg": 446,
					"count": 1,
					"min": 446,
					"max": 446
				},
				"2023-06-10": {
					"avg": 281,
					"count": 2,
					"min": 99,
					"max": 462
				},
				"2023-06-11": {
					"avg": 258,
					"count": 1,
					"min": 258,
					"max": 258
				},
				"2023-06-13": {
					"avg": 252,
					"count": 4,
					"min": 75,
					"max": 382
				},
				"2023-06-14": {
					"avg": 68,
					"count": 1,
					"min": 68,
					"max": 68
				},
				"2023-06-15": {
					"avg": 258,
					"count": 1,
					"min": 258,
					"max": 258
				},
				"2023-06-16": {
					"avg": 149,
					"count": 3,
					"min": 100,
					"max": 212
				},
				"2023-06-17": {
					"avg": 226,
					"count": 2,
					"min": 100,
					"max": 353
				},
				"2023-06-18": {
					"avg": 743,
					"count": 3,
					"min": 644,
					"max": 941
				},
				"2023-06-19": {
					"avg": 199,
					"count": 1,
					"min": 199,
					"max": 199
				},
				"2023-06-20": {
					"avg": 389,
					"count": 4,
					"min": 100,
					"max": 790
				},
				"2023-06-21": {
					"avg": 154,
					"count": 2,
					"min": 134,
					"max": 174
				},
				"2023-06-22": {
					"avg": 278,
					"count": 4,
					"min": 223,
					"max": 322
				},
				"2023-06-23": {
					"avg": 634,
					"count": 2,
					"min": 424,
					"max": 844
				},
				"2023-06-24": {
					"avg": 284,
					"count": 1,
					"min": 284,
					"max": 284
				},
				"2023-06-26": {
					"avg": 289,
					"count": 2,
					"min": 229,
					"max": 349
				},
				"2023-06-28": {
					"avg": 146,
					"count": 6,
					"min": 125,
					"max": 248
				},
				"2023-06-29": {
					"avg": 284,
					"count": 1,
					"min": 284,
					"max": 284
				},
				"2023-06-30": {
					"avg": 302,
					"count": 5,
					"min": 229,
					"max": 399
				},
				"2023-07-01": {
					"avg": 1270,
					"count": 2,
					"min": 1270,
					"max": 1270
				},
				"2023-07-02": {
					"avg": 192,
					"count": 2,
					"min": 150,
					"max": 233
				},
				"2023-07-03": {
					"avg": 526,
					"count": 12,
					"min": 214,
					"max": 1020
				},
				"2023-07-04": {
					"avg": 241,
					"count": 3,
					"min": 99,
					"max": 349
				},
				"2023-07-05": {
					"avg": 200,
					"count": 1,
					"min": 200,
					"max": 200
				},
				"2023-07-06": {
					"avg": 284,
					"count": 3,
					"min": 199,
					"max": 399
				},
				"2023-07-07": {
					"avg": 493,
					"count": 3,
					"min": 139,
					"max": 1099
				},
				"2023-07-08": {
					"avg": 207,
					"count": 2,
					"min": 200,
					"max": 214
				},
				"2023-07-09": {
					"avg": 299,
					"count": 1,
					"min": 299,
					"max": 299
				},
				"2023-07-10": {
					"avg": 481,
					"count": 4,
					"min": 119,
					"max": 1008
				},
				"2023-07-11": {
					"avg": 409,
					"count": 1,
					"min": 409,
					"max": 409
				},
				"2023-07-15": {
					"avg": 293,
					"count": 5,
					"min": 124,
					"max": 794
				},
				"2023-07-16": {
					"avg": 377,
					"count": 4,
					"min": 78,
					"max": 795
				},
				"2023-07-17": {
					"avg": 1049,
					"count": 1,
					"min": 1049,
					"max": 1049
				},
				"2023-07-18": {
					"avg": 238,
					"count": 1,
					"min": 238,
					"max": 238
				},
				"2023-07-19": {
					"avg": 131,
					"count": 3,
					"min": 97,
					"max": 197
				},
				"2023-07-20": {
					"avg": 584,
					"count": 2,
					"min": 269,
					"max": 899
				},
				"2023-07-21": {
					"avg": 425,
					"count": 1,
					"min": 425,
					"max": 425
				},
				"2023-07-22": {
					"avg": 199,
					"count": 1,
					"min": 199,
					"max": 199
				},
				"2023-07-23": {
					"avg": 568,
					"count": 5,
					"min": 247,
					"max": 746
				},
				"2023-07-24": {
					"avg": 465,
					"count": 2,
					"min": 300,
					"max": 630
				},
				"2023-07-25": {
					"avg": 247,
					"count": 10,
					"min": 64,
					"max": 999
				},
				"2023-07-26": {
					"avg": 644,
					"count": 4,
					"min": 113,
					"max": 1748
				},
				"2023-07-27": {
					"avg": 399,
					"count": 1,
					"min": 399,
					"max": 399
				},
				"2023-07-28": {
					"avg": 300,
					"count": 2,
					"min": 250,
					"max": 349
				},
				"2023-07-29": {
					"avg": 809,
					"count": 2,
					"min": 430,
					"max": 1188
				},
				"2023-07-30": {
					"avg": 325,
					"count": 5,
					"min": 214,
					"max": 394
				},
				"2023-07-31": {
					"avg": 248,
					"count": 3,
					"min": 99,
					"max": 395
				},
				"2023-08-01": {
					"avg": 677,
					"count": 7,
					"min": 499,
					"max": 873
				},
				"2023-08-02": {
					"avg": 547,
					"count": 3,
					"min": 60,
					"max": 1348
				},
				"2023-08-03": {
					"avg": 273,
					"count": 2,
					"min": 248,
					"max": 298
				},
				"2023-08-04": {
					"avg": 121,
					"count": 1,
					"min": 121,
					"max": 121
				},
				"2023-08-05": {
					"avg": 206,
					"count": 3,
					"min": 174,
					"max": 233
				},
				"2023-08-07": {
					"avg": 363,
					"count": 4,
					"min": 200,
					"max": 499
				},
				"2023-08-09": {
					"avg": 266,
					"count": 9,
					"min": 198,
					"max": 497
				},
				"2023-08-10": {
					"avg": 134,
					"count": 2,
					"min": 134,
					"max": 134
				},
				"2023-08-11": {
					"avg": 99,
					"count": 1,
					"min": 99,
					"max": 99
				},
				"2023-08-12": {
					"avg": 250,
					"count": 1,
					"min": 250,
					"max": 250
				},
				"2023-08-14": {
					"avg": 245,
					"count": 6,
					"min": 80,
					"max": 544
				},
				"2023-08-15": {
					"avg": 628,
					"count": 2,
					"min": 257,
					"max": 999
				},
				"2023-08-16": {
					"avg": 438,
					"count": 7,
					"min": 291,
					"max": 1249
				},
				"2023-08-18": {
					"avg": 849,
					"count": 3,
					"min": 650,
					"max": 999
				},
				"2023-08-19": {
					"avg": 198,
					"count": 1,
					"min": 198,
					"max": 198
				},
				"2023-08-20": {
					"avg": 569,
					"count": 2,
					"min": 289,
					"max": 849
				},
				"2023-08-21": {
					"avg": 219,
					"count": 3,
					"min": 181,
					"max": 254
				},
				"2023-08-23": {
					"avg": 373,
					"count": 3,
					"min": 50,
					"max": 595
				},
				"2023-08-24": {
					"avg": 422,
					"count": 6,
					"min": 121,
					"max": 1099
				},
				"2023-08-25": {
					"avg": 249,
					"count": 2,
					"min": 98,
					"max": 399
				},
				"2023-08-26": {
					"avg": 298,
					"count": 1,
					"min": 298,
					"max": 298
				},
				"2023-08-27": {
					"avg": 254,
					"count": 4,
					"min": 100,
					"max": 420
				},
				"2023-08-28": {
					"avg": 319,
					"count": 3,
					"min": 200,
					"max": 463
				},
				"2023-08-29": {
					"avg": 260,
					"count": 4,
					"min": 96,
					"max": 349
				},
				"2023-08-30": {
					"avg": 402,
					"count": 6,
					"min": 199,
					"max": 649
				},
				"2023-08-31": {
					"avg": 108,
					"count": 5,
					"min": 83,
					"max": 125
				},
				"2023-09-01": {
					"avg": 296,
					"count": 1,
					"min": 296,
					"max": 296
				},
				"2023-09-02": {
					"avg": 272,
					"count": 2,
					"min": 144,
					"max": 400
				},
				"2023-09-03": {
					"avg": 399,
					"count": 1,
					"min": 399,
					"max": 399
				},
				"2023-09-04": {
					"avg": 681,
					"count": 4,
					"min": 206,
					"max": 999
				},
				"2023-09-05": {
					"avg": 282,
					"count": 1,
					"min": 282,
					"max": 282
				},
				"2023-09-07": {
					"avg": 250,
					"count": 1,
					"min": 250,
					"max": 250
				},
				"2023-09-08": {
					"avg": 282,
					"count": 7,
					"min": 178,
					"max": 451
				},
				"2023-09-09": {
					"avg": 266,
					"count": 15,
					"min": 97,
					"max": 390
				},
				"2023-09-10": {
					"avg": 533,
					"count": 4,
					"min": 238,
					"max": 1295
				},
				"2023-09-11": {
					"avg": 399,
					"count": 2,
					"min": 298,
					"max": 499
				},
				"2023-09-12": {
					"avg": 399,
					"count": 4,
					"min": 196,
					"max": 554
				},
				"2023-09-13": {
					"avg": 950,
					"count": 1,
					"min": 950,
					"max": 950
				},
				"2023-09-14": {
					"avg": 303,
					"count": 5,
					"min": 98,
					"max": 571
				},
				"2023-09-15": {
					"avg": 737,
					"count": 4,
					"min": 499,
					"max": 1299
				},
				"2023-09-17": {
					"avg": 409,
					"count": 3,
					"min": 98,
					"max": 611
				},
				"2023-09-19": {
					"avg": 274,
					"count": 6,
					"min": 143,
					"max": 365
				},
				"2023-09-20": {
					"avg": 333,
					"count": 2,
					"min": 235,
					"max": 430
				},
				"2023-09-21": {
					"avg": 1092,
					"count": 1,
					"min": 1092,
					"max": 1092
				},
				"2023-09-23": {
					"avg": 409,
					"count": 4,
					"min": 184,
					"max": 1068
				},
				"2023-09-25": {
					"avg": 166,
					"count": 6,
					"min": 76,
					"max": 322
				},
				"2023-09-26": {
					"avg": 231,
					"count": 2,
					"min": 131,
					"max": 331
				},
				"2023-09-27": {
					"avg": 113,
					"count": 1,
					"min": 113,
					"max": 113
				},
				"2023-09-28": {
					"avg": 439,
					"count": 6,
					"min": 199,
					"max": 632
				},
				"2023-09-29": {
					"avg": 150,
					"count": 3,
					"min": 95,
					"max": 194
				},
				"2023-09-30": {
					"avg": 240,
					"count": 1,
					"min": 240,
					"max": 240
				},
				"2023-10-01": {
					"avg": 481,
					"count": 2,
					"min": 230,
					"max": 732
				},
				"2023-10-02": {
					"avg": 389,
					"count": 4,
					"min": 96,
					"max": 1099
				},
				"2023-10-03": {
					"avg": 225,
					"count": 3,
					"min": 119,
					"max": 324
				},
				"2023-10-04": {
					"avg": 230,
					"count": 5,
					"min": 99,
					"max": 599
				},
				"2023-10-05": {
					"avg": 115,
					"count": 1,
					"min": 115,
					"max": 115
				},
				"2023-10-06": {
					"avg": 607,
					"count": 5,
					"min": 175,
					"max": 1100
				},
				"2023-10-07": {
					"avg": 222,
					"count": 1,
					"min": 222,
					"max": 222
				},
				"2023-10-08": {
					"avg": 199,
					"count": 2,
					"min": 199,
					"max": 199
				},
				"2023-10-09": {
					"avg": 736,
					"count": 2,
					"min": 223,
					"max": 1248
				},
				"2023-10-10": {
					"avg": 171,
					"count": 1,
					"min": 171,
					"max": 171
				},
				"2023-10-11": {
					"avg": 698,
					"count": 1,
					"min": 698,
					"max": 698
				},
				"2023-10-12": {
					"avg": 183,
					"count": 6,
					"min": 91,
					"max": 426
				},
				"2023-10-13": {
					"avg": 377,
					"count": 9,
					"min": 176,
					"max": 797
				},
				"2023-10-16": {
					"avg": 576,
					"count": 4,
					"min": 120,
					"max": 1298
				},
				"2023-10-17": {
					"avg": 85,
					"count": 2,
					"min": 85,
					"max": 85
				},
				"2023-10-18": {
					"avg": 307,
					"count": 3,
					"min": 179,
					"max": 472
				},
				"2023-10-19": {
					"avg": 673,
					"count": 2,
					"min": 447,
					"max": 898
				},
				"2023-10-20": {
					"avg": 216,
					"count": 2,
					"min": 162,
					"max": 270
				},
				"2023-10-21": {
					"avg": 313,
					"count": 3,
					"min": 99,
					"max": 625
				},
				"2023-10-22": {
					"avg": 548,
					"count": 3,
					"min": 124,
					"max": 1298
				},
				"2023-10-23": {
					"avg": 288,
					"count": 1,
					"min": 288,
					"max": 288
				},
				"2023-10-24": {
					"avg": 200,
					"count": 1,
					"min": 200,
					"max": 200
				},
				"2023-10-25": {
					"avg": 215,
					"count": 1,
					"min": 215,
					"max": 215
				},
				"2023-10-26": {
					"avg": 415,
					"count": 4,
					"min": 225,
					"max": 514
				},
				"2023-10-27": {
					"avg": 319,
					"count": 1,
					"min": 319,
					"max": 319
				},
				"2023-10-28": {
					"avg": 455,
					"count": 3,
					"min": 230,
					"max": 848
				},
				"2023-10-30": {
					"avg": 194,
					"count": 3,
					"min": 169,
					"max": 225
				},
				"2023-10-31": {
					"avg": 375,
					"count": 5,
					"min": 232,
					"max": 698
				},
				"2023-11-01": {
					"avg": 505,
					"count": 4,
					"min": 125,
					"max": 999
				},
				"2023-11-02": {
					"avg": 906,
					"count": 1,
					"min": 906,
					"max": 906
				},
				"2023-11-03": {
					"avg": 425,
					"count": 1,
					"min": 425,
					"max": 425
				},
				"2023-11-04": {
					"avg": 425,
					"count": 1,
					"min": 425,
					"max": 425
				},
				"2023-11-05": {
					"avg": 199,
					"count": 1,
					"min": 199,
					"max": 199
				},
				"2023-11-06": {
					"avg": 418,
					"count": 5,
					"min": 250,
					"max": 776
				},
				"2023-11-07": {
					"avg": 811,
					"count": 6,
					"min": 420,
					"max": 918
				},
				"2023-11-08": {
					"avg": 205,
					"count": 2,
					"min": 159,
					"max": 250
				},
				"2023-11-09": {
					"avg": 99,
					"count": 1,
					"min": 99,
					"max": 99
				},
				"2023-11-10": {
					"avg": 254,
					"count": 3,
					"min": 199,
					"max": 364
				},
				"2023-11-11": {
					"avg": 335,
					"count": 2,
					"min": 250,
					"max": 420
				},
				"2023-11-12": {
					"avg": 999,
					"count": 1,
					"min": 999,
					"max": 999
				},
				"2023-11-14": {
					"avg": 199,
					"count": 1,
					"min": 199,
					"max": 199
				},
				"2023-11-15": {
					"avg": 490,
					"count": 3,
					"min": 389,
					"max": 671
				},
				"2023-11-16": {
					"avg": 409,
					"count": 1,
					"min": 409,
					"max": 409
				},
				"2023-11-17": {
					"avg": 299,
					"count": 1,
					"min": 299,
					"max": 299
				},
				"2023-11-18": {
					"avg": 298,
					"count": 1,
					"min": 298,
					"max": 298
				},
				"2023-11-21": {
					"avg": 559,
					"count": 1,
					"min": 559,
					"max": 559
				},
				"2023-11-22": {
					"avg": 284,
					"count": 1,
					"min": 284,
					"max": 284
				},
				"2023-11-23": {
					"avg": 452,
					"count": 3,
					"min": 159,
					"max": 999
				},
				"2023-11-24": {
					"avg": 282,
					"count": 23,
					"min": 106,
					"max": 780
				},
				"2023-11-25": {
					"avg": 261,
					"count": 7,
					"min": 191,
					"max": 319
				},
				"2023-11-26": {
					"avg": 324,
					"count": 5,
					"min": 199,
					"max": 425
				},
				"2023-11-27": {
					"avg": 244,
					"count": 3,
					"min": 119,
					"max": 495
				},
				"2024-05-16": {
					"avg": 464,
					"count": 1,
					"min": 464,
					"max": 464
				},
				"2024-05-17": {
					"avg": 256,
					"count": 34,
					"min": 57,
					"max": 723
				},
				"2024-05-18": {
					"avg": 50,
					"count": 1,
					"min": 50,
					"max": 50
				},
				"2024-05-19": {
					"avg": 495,
					"count": 3,
					"min": 328,
					"max": 823
				},
				"2024-05-20": {
					"avg": 364,
					"count": 2,
					"min": 239,
					"max": 488
				},
				"2024-05-21": {
					"avg": 470,
					"count": 11,
					"min": 150,
					"max": 1223
				},
				"2024-05-22": {
					"avg": 256,
					"count": 2,
					"min": 242,
					"max": 270
				},
				"2024-05-24": {
					"avg": 351,
					"count": 1,
					"min": 351,
					"max": 351
				},
				"2024-05-26": {
					"avg": 495,
					"count": 1,
					"min": 495,
					"max": 495
				},
				"2024-05-27": {
					"avg": 217,
					"count": 2,
					"min": 197,
					"max": 236
				},
				"2024-05-29": {
					"avg": 637,
					"count": 1,
					"min": 637,
					"max": 637
				},
				"2024-05-30": {
					"avg": 233,
					"count": 4,
					"min": 111,
					"max": 336
				},
				"2024-05-31": {
					"avg": 161,
					"count": 1,
					"min": 161,
					"max": 161
				},
				"2024-06-01": {
					"avg": 446,
					"count": 1,
					"min": 446,
					"max": 446
				},
				"2024-06-04": {
					"avg": 277,
					"count": 5,
					"min": 232,
					"max": 319
				},
				"2024-06-05": {
					"avg": 379,
					"count": 1,
					"min": 379,
					"max": 379
				},
				"2024-06-07": {
					"avg": 350,
					"count": 2,
					"min": 321,
					"max": 379
				},
				"2024-06-09": {
					"avg": 341,
					"count": 2,
					"min": 311,
					"max": 371
				},
				"2024-06-10": {
					"avg": 354,
					"count": 1,
					"min": 354,
					"max": 354
				},
				"2024-06-11": {
					"avg": 435,
					"count": 1,
					"min": 435,
					"max": 435
				},
				"2024-06-12": {
					"avg": 512,
					"count": 1,
					"min": 512,
					"max": 512
				},
				"2024-06-13": {
					"avg": 287,
					"count": 1,
					"min": 287,
					"max": 287
				},
				"2024-06-15": {
					"avg": 189,
					"count": 1,
					"min": 189,
					"max": 189
				},
				"2024-06-16": {
					"avg": 435,
					"count": 1,
					"min": 435,
					"max": 435
				},
				"2024-06-17": {
					"avg": 250,
					"count": 2,
					"min": 189,
					"max": 311
				},
				"2024-06-18": {
					"avg": 324,
					"count": 5,
					"min": 210,
					"max": 399
				},
				"2024-06-21": {
					"avg": 328,
					"count": 1,
					"min": 328,
					"max": 328
				},
				"2024-06-24": {
					"avg": 285,
					"count": 3,
					"min": 249,
					"max": 330
				},
				"2024-06-25": {
					"avg": 299,
					"count": 1,
					"min": 299,
					"max": 299
				},
				"2024-06-27": {
					"avg": 190,
					"count": 1,
					"min": 190,
					"max": 190
				},
				"2024-06-29": {
					"avg": 190,
					"count": 1,
					"min": 190,
					"max": 190
				},
				"2024-06-30": {
					"avg": 282,
					"count": 2,
					"min": 251,
					"max": 312
				},
				"2024-07-03": {
					"avg": 426,
					"count": 4,
					"min": 190,
					"max": 607
				},
				"2024-07-04": {
					"avg": 479,
					"count": 1,
					"min": 479,
					"max": 479
				},
				"2024-07-05": {
					"avg": 372,
					"count": 1,
					"min": 372,
					"max": 372
				},
				"2024-07-10": {
					"avg": 1018,
					"count": 2,
					"min": 968,
					"max": 1068
				},
				"2024-07-11": {
					"avg": 286,
					"count": 2,
					"min": 241,
					"max": 331
				},
				"2024-07-12": {
					"avg": 244,
					"count": 1,
					"min": 244,
					"max": 244
				},
				"2024-07-13": {
					"avg": 638,
					"count": 1,
					"min": 638,
					"max": 638
				},
				"2024-07-14": {
					"avg": 537,
					"count": 1,
					"min": 537,
					"max": 537
				},
				"2024-07-15": {
					"avg": 98,
					"count": 1,
					"min": 98,
					"max": 98
				},
				"2024-07-17": {
					"avg": 282,
					"count": 1,
					"min": 282,
					"max": 282
				},
				"2024-07-18": {
					"avg": 327,
					"count": 2,
					"min": 248,
					"max": 406
				},
				"2024-07-19": {
					"avg": 297,
					"count": 1,
					"min": 297,
					"max": 297
				},
				"2024-07-20": {
					"avg": 498,
					"count": 3,
					"min": 244,
					"max": 751
				},
				"2024-07-22": {
					"avg": 143,
					"count": 1,
					"min": 143,
					"max": 143
				},
				"2024-07-23": {
					"avg": 504,
					"count": 2,
					"min": 189,
					"max": 818
				},
				"2024-07-24": {
					"avg": 294,
					"count": 1,
					"min": 294,
					"max": 294
				},
				"2024-07-25": {
					"avg": 637,
					"count": 1,
					"min": 637,
					"max": 637
				},
				"2024-07-26": {
					"avg": 306,
					"count": 2,
					"min": 305,
					"max": 306
				},
				"2024-07-27": {
					"avg": 500,
					"count": 1,
					"min": 500,
					"max": 500
				},
				"2024-07-28": {
					"avg": 416,
					"count": 2,
					"min": 331,
					"max": 500
				},
				"2024-07-29": {
					"avg": 240,
					"count": 1,
					"min": 240,
					"max": 240
				},
				"2024-07-31": {
					"avg": 376,
					"count": 1,
					"min": 376,
					"max": 376
				},
				"2024-08-01": {
					"avg": 889,
					"count": 2,
					"min": 240,
					"max": 1538
				},
				"2024-08-02": {
					"avg": 277,
					"count": 1,
					"min": 277,
					"max": 277
				},
				"2024-08-03": {
					"avg": 219,
					"count": 1,
					"min": 219,
					"max": 219
				},
				"2024-08-04": {
					"avg": 415,
					"count": 1,
					"min": 415,
					"max": 415
				},
				"2024-08-05": {
					"avg": 573,
					"count": 2,
					"min": 547,
					"max": 598
				},
				"2024-08-06": {
					"avg": 449,
					"count": 1,
					"min": 449,
					"max": 449
				},
				"2024-08-07": {
					"avg": 237,
					"count": 2,
					"min": 226,
					"max": 247
				},
				"2024-08-10": {
					"avg": 523,
					"count": 3,
					"min": 425,
					"max": 718
				},
				"2024-08-12": {
					"avg": 314,
					"count": 2,
					"min": 237,
					"max": 390
				},
				"2024-08-13": {
					"avg": 322,
					"count": 6,
					"min": 309,
					"max": 388
				},
				"2024-08-14": {
					"avg": 110,
					"count": 1,
					"min": 110,
					"max": 110
				},
				"2024-08-15": {
					"avg": 239,
					"count": 4,
					"min": 109,
					"max": 500
				},
				"2024-08-16": {
					"avg": 603,
					"count": 3,
					"min": 245,
					"max": 963
				},
				"2024-08-17": {
					"avg": 699,
					"count": 2,
					"min": 435,
					"max": 963
				},
				"2024-08-19": {
					"avg": 529,
					"count": 1,
					"min": 529,
					"max": 529
				},
				"2024-08-20": {
					"avg": 412,
					"count": 2,
					"min": 324,
					"max": 499
				},
				"2024-08-22": {
					"avg": 319,
					"count": 1,
					"min": 319,
					"max": 319
				},
				"2024-08-23": {
					"avg": 389,
					"count": 5,
					"min": 195,
					"max": 963
				},
				"2024-08-24": {
					"avg": 268,
					"count": 2,
					"min": 261,
					"max": 275
				},
				"2024-08-25": {
					"avg": 263,
					"count": 1,
					"min": 263,
					"max": 263
				},
				"2024-08-26": {
					"avg": 402,
					"count": 1,
					"min": 402,
					"max": 402
				},
				"2024-08-27": {
					"avg": 307,
					"count": 2,
					"min": 289,
					"max": 324
				},
				"2024-09-02": {
					"avg": 439,
					"count": 4,
					"min": 251,
					"max": 502
				},
				"2024-09-03": {
					"avg": 400,
					"count": 5,
					"min": 297,
					"max": 615
				},
				"2024-09-04": {
					"avg": 464,
					"count": 1,
					"min": 464,
					"max": 464
				},
				"2024-09-05": {
					"avg": 515,
					"count": 1,
					"min": 515,
					"max": 515
				},
				"2024-09-07": {
					"avg": 414,
					"count": 2,
					"min": 203,
					"max": 625
				},
				"2024-09-08": {
					"avg": 334,
					"count": 4,
					"min": 198,
					"max": 464
				},
				"2024-09-11": {
					"avg": 434,
					"count": 1,
					"min": 434,
					"max": 434
				},
				"2024-09-14": {
					"avg": 504,
					"count": 1,
					"min": 504,
					"max": 504
				},
				"2024-09-15": {
					"avg": 312,
					"count": 2,
					"min": 299,
					"max": 325
				},
				"2024-09-16": {
					"avg": 371,
					"count": 2,
					"min": 371,
					"max": 371
				},
				"2024-09-17": {
					"avg": 755,
					"count": 2,
					"min": 632,
					"max": 878
				},
				"2024-09-18": {
					"avg": 377,
					"count": 1,
					"min": 377,
					"max": 377
				},
				"2024-09-19": {
					"avg": 273,
					"count": 1,
					"min": 273,
					"max": 273
				},
				"2024-09-20": {
					"avg": 200,
					"count": 1,
					"min": 200,
					"max": 200
				},
				"2024-09-21": {
					"avg": 200,
					"count": 2,
					"min": 197,
					"max": 203
				},
				"2024-09-22": {
					"avg": 359,
					"count": 2,
					"min": 185,
					"max": 532
				},
				"2024-09-23": {
					"avg": 200,
					"count": 1,
					"min": 200,
					"max": 200
				}
			},
			"avg": 359,
			"avg7": 317,
			"avg28": 317
		},
		"normal-poor": {
			"history": {
				"2024-05-24": {
					"avg": 100,
					"count": 1,
					"min": 100,
					"max": 100
				},
				"2024-05-28": {
					"avg": 144,
					"count": 1,
					"min": 144,
					"max": 144
				},
				"2024-05-29": {
					"avg": 158,
					"count": 1,
					"min": 158,
					"max": 158
				},
				"2024-06-19": {
					"avg": 99,
					"count": 1,
					"min": 99,
					"max": 99
				},
				"2024-06-20": {
					"avg": 180,
					"count": 3,
					"min": 179,
					"max": 181
				},
				"2024-06-22": {
					"avg": 202,
					"count": 2,
					"min": 202,
					"max": 202
				},
				"2024-06-30": {
					"avg": 185,
					"count": 1,
					"min": 185,
					"max": 185
				},
				"2024-07-03": {
					"avg": 202,
					"count": 1,
					"min": 202,
					"max": 202
				},
				"2024-07-04": {
					"avg": 159,
					"count": 1,
					"min": 159,
					"max": 159
				},
				"2024-07-11": {
					"avg": 159,
					"count": 1,
					"min": 159,
					"max": 159
				},
				"2024-07-14": {
					"avg": 79,
					"count": 1,
					"min": 79,
					"max": 79
				},
				"2024-07-16": {
					"avg": 79,
					"count": 4,
					"min": 59,
					"max": 100
				},
				"2024-07-23": {
					"avg": 174,
					"count": 5,
					"min": 80,
					"max": 204
				},
				"2024-08-03": {
					"avg": 97,
					"count": 1,
					"min": 97,
					"max": 97
				},
				"2024-08-10": {
					"avg": 530,
					"count": 1,
					"min": 530,
					"max": 530
				},
				"2024-08-16": {
					"avg": 167,
					"count": 4,
					"min": 79,
					"max": 198
				},
				"2024-08-18": {
					"avg": 154,
					"count": 2,
					"min": 149,
					"max": 159
				},
				"2024-08-29": {
					"avg": 90,
					"count": 1,
					"min": 90,
					"max": 90
				},
				"2024-09-03": {
					"avg": 99,
					"count": 1,
					"min": 99,
					"max": 99
				},
				"2024-09-11": {
					"avg": 95,
					"count": 2,
					"min": 95,
					"max": 95
				},
				"2024-09-13": {
					"avg": 202,
					"count": 1,
					"min": 202,
					"max": 202
				},
				"2024-09-15": {
					"avg": 204,
					"count": 1,
					"min": 204,
					"max": 204
				},
				"2024-09-16": {
					"avg": 110,
					"count": 5,
					"min": 84,
					"max": 176
				},
				"2024-09-18": {
					"avg": 80,
					"count": 1,
					"min": 80,
					"max": 80
				},
				"2024-09-20": {
					"avg": 236,
					"count": 2,
					"min": 175,
					"max": 296
				},
				"2024-09-21": {
					"avg": 97,
					"count": 2,
					"min": 95,
					"max": 99
				}
			},
			"avg": 151,
			"avg7": -1,
			"avg28": -1
		},
		"normal-nearmint": {
			"history": {
				"2024-05-24": {
					"avg": 473,
					"count": 3,
					"min": 338,
					"max": 549
				},
				"2024-05-25": {
					"avg": 1248,
					"count": 1,
					"min": 1248,
					"max": 1248
				},
				"2024-05-26": {
					"avg": 392,
					"count": 1,
					"min": 392,
					"max": 392
				},
				"2024-05-27": {
					"avg": 462,
					"count": 2,
					"min": 399,
					"max": 525
				},
				"2024-05-31": {
					"avg": 525,
					"count": 1,
					"min": 525,
					"max": 525
				},
				"2024-06-02": {
					"avg": 425,
					"count": 2,
					"min": 371,
					"max": 479
				},
				"2024-06-04": {
					"avg": 535,
					"count": 3,
					"min": 429,
					"max": 710
				},
				"2024-06-06": {
					"avg": 607,
					"count": 4,
					"min": 474,
					"max": 719
				},
				"2024-06-07": {
					"avg": 626,
					"count": 2,
					"min": 526,
					"max": 725
				},
				"2024-06-08": {
					"avg": 399,
					"count": 1,
					"min": 399,
					"max": 399
				},
				"2024-06-09": {
					"avg": 368,
					"count": 1,
					"min": 368,
					"max": 368
				},
				"2024-06-10": {
					"avg": 392,
					"count": 1,
					"min": 392,
					"max": 392
				},
				"2024-06-11": {
					"avg": 477,
					"count": 1,
					"min": 477,
					"max": 477
				},
				"2024-06-12": {
					"avg": 603,
					"count": 2,
					"min": 444,
					"max": 761
				},
				"2024-06-13": {
					"avg": 742,
					"count": 1,
					"min": 742,
					"max": 742
				},
				"2024-06-15": {
					"avg": 723,
					"count": 1,
					"min": 723,
					"max": 723
				},
				"2024-06-16": {
					"avg": 724,
					"count": 1,
					"min": 724,
					"max": 724
				},
				"2024-06-17": {
					"avg": 362,
					"count": 2,
					"min": 354,
					"max": 369
				},
				"2024-06-18": {
					"avg": 934,
					"count": 1,
					"min": 934,
					"max": 934
				},
				"2024-06-19": {
					"avg": 399,
					"count": 1,
					"min": 399,
					"max": 399
				},
				"2024-06-21": {
					"avg": 474,
					"count": 1,
					"min": 474,
					"max": 474
				},
				"2024-06-23": {
					"avg": 392,
					"count": 1,
					"min": 392,
					"max": 392
				},
				"2024-06-25": {
					"avg": 462,
					"count": 1,
					"min": 462,
					"max": 462
				},
				"2024-06-28": {
					"avg": 395,
					"count": 1,
					"min": 395,
					"max": 395
				},
				"2024-06-29": {
					"avg": 399,
					"count": 1,
					"min": 399,
					"max": 399
				},
				"2024-07-02": {
					"avg": 462,
					"count": 1,
					"min": 462,
					"max": 462
				},
				"2024-07-03": {
					"avg": 797,
					"count": 1,
					"min": 797,
					"max": 797
				},
				"2024-07-05": {
					"avg": 797,
					"count": 1,
					"min": 797,
					"max": 797
				},
				"2024-07-06": {
					"avg": 468,
					"count": 2,
					"min": 411,
					"max": 525
				},
				"2024-07-08": {
					"avg": 611,
					"count": 2,
					"min": 497,
					"max": 724
				},
				"2024-07-09": {
					"avg": 457,
					"count": 1,
					"min": 457,
					"max": 457
				},
				"2024-07-12": {
					"avg": 813,
					"count": 1,
					"min": 813,
					"max": 813
				},
				"2024-07-13": {
					"avg": 558,
					"count": 2,
					"min": 482,
					"max": 633
				},
				"2024-07-14": {
					"avg": 640,
					"count": 2,
					"min": 482,
					"max": 797
				},
				"2024-07-15": {
					"avg": 482,
					"count": 1,
					"min": 482,
					"max": 482
				},
				"2024-07-17": {
					"avg": 494,
					"count": 1,
					"min": 494,
					"max": 494
				},
				"2024-07-18": {
					"avg": 808,
					"count": 1,
					"min": 808,
					"max": 808
				},
				"2024-07-22": {
					"avg": 705,
					"count": 2,
					"min": 410,
					"max": 999
				},
				"2024-07-25": {
					"avg": 544,
					"count": 1,
					"min": 544,
					"max": 544
				},
				"2024-07-27": {
					"avg": 497,
					"count": 1,
					"min": 497,
					"max": 497
				},
				"2024-07-28": {
					"avg": 774,
					"count": 1,
					"min": 774,
					"max": 774
				},
				"2024-07-29": {
					"avg": 797,
					"count": 1,
					"min": 797,
					"max": 797
				},
				"2024-08-01": {
					"avg": 770,
					"count": 1,
					"min": 770,
					"max": 770
				},
				"2024-08-03": {
					"avg": 793,
					"count": 1,
					"min": 793,
					"max": 793
				},
				"2024-08-05": {
					"avg": 525,
					"count": 1,
					"min": 525,
					"max": 525
				},
				"2024-08-06": {
					"avg": 558,
					"count": 3,
					"min": 429,
					"max": 785
				},
				"2024-08-09": {
					"avg": 819,
					"count": 1,
					"min": 819,
					"max": 819
				},
				"2024-08-11": {
					"avg": 574,
					"count": 1,
					"min": 574,
					"max": 574
				},
				"2024-08-12": {
					"avg": 444,
					"count": 1,
					"min": 444,
					"max": 444
				},
				"2024-08-14": {
					"avg": 797,
					"count": 1,
					"min": 797,
					"max": 797
				},
				"2024-08-17": {
					"avg": 358,
					"count": 1,
					"min": 358,
					"max": 358
				},
				"2024-08-18": {
					"avg": 578,
					"count": 2,
					"min": 478,
					"max": 677
				},
				"2024-08-19": {
					"avg": 609,
					"count": 2,
					"min": 464,
					"max": 754
				},
				"2024-08-21": {
					"avg": 600,
					"count": 1,
					"min": 600,
					"max": 600
				},
				"2024-08-22": {
					"avg": 436,
					"count": 1,
					"min": 436,
					"max": 436
				},
				"2024-08-23": {
					"avg": 848,
					"count": 1,
					"min": 848,
					"max": 848
				},
				"2024-08-26": {
					"avg": 1448,
					"count": 1,
					"min": 1448,
					"max": 1448
				},
				"2024-08-28": {
					"avg": 589,
					"count": 1,
					"min": 589,
					"max": 589
				},
				"2024-08-29": {
					"avg": 431,
					"count": 1,
					"min": 431,
					"max": 431
				},
				"2024-08-30": {
					"avg": 860,
					"count": 3,
					"min": 591,
					"max": 1173
				},
				"2024-08-31": {
					"avg": 625,
					"count": 2,
					"min": 425,
					"max": 825
				},
				"2024-09-02": {
					"avg": 2461,
					"count": 2,
					"min": 2461,
					"max": 2461
				},
				"2024-09-04": {
					"avg": 825,
					"count": 1,
					"min": 825,
					"max": 825
				},
				"2024-09-06": {
					"avg": 499,
					"count": 1,
					"min": 499,
					"max": 499
				},
				"2024-09-08": {
					"avg": 540,
					"count": 2,
					"min": 499,
					"max": 581
				},
				"2024-09-09": {
					"avg": 884,
					"count": 2,
					"min": 495,
					"max": 1273
				},
				"2024-09-10": {
					"avg": 458,
					"count": 1,
					"min": 458,
					"max": 458
				},
				"2024-09-11": {
					"avg": 598,
					"count": 1,
					"min": 598,
					"max": 598
				},
				"2024-09-13": {
					"avg": 724,
					"count": 1,
					"min": 724,
					"max": 724
				},
				"2024-09-16": {
					"avg": 623,
					"count": 5,
					"min": 477,
					"max": 699
				},
				"2024-09-20": {
					"avg": 668,
					"count": 3,
					"min": 466,
					"max": 1072
				},
				"2024-09-21": {
					"avg": 349,
					"count": 1,
					"min": 349,
					"max": 349
				},
				"2024-09-22": {
					"avg": 349,
					"count": 1,
					"min": 349,
					"max": 349
				}
			},
			"avg": 637,
			"avg7": -1,
			"avg28": -1
		},
		"normal-played": {
			"history": {
				"2024-05-23": {
					"avg": 622,
					"count": 1,
					"min": 622,
					"max": 622
				},
				"2024-05-24": {
					"avg": 151,
					"count": 1,
					"min": 151,
					"max": 151
				},
				"2024-05-26": {
					"avg": 215,
					"count": 2,
					"min": 215,
					"max": 215
				},
				"2024-05-27": {
					"avg": 754,
					"count": 1,
					"min": 754,
					"max": 754
				},
				"2024-05-31": {
					"avg": 568,
					"count": 1,
					"min": 568,
					"max": 568
				},
				"2024-06-03": {
					"avg": 238,
					"count": 1,
					"min": 238,
					"max": 238
				},
				"2024-06-04": {
					"avg": 239,
					"count": 1,
					"min": 239,
					"max": 239
				},
				"2024-06-06": {
					"avg": 100,
					"count": 1,
					"min": 100,
					"max": 100
				},
				"2024-06-07": {
					"avg": 239,
					"count": 1,
					"min": 239,
					"max": 239
				},
				"2024-06-09": {
					"avg": 133,
					"count": 1,
					"min": 133,
					"max": 133
				},
				"2024-06-12": {
					"avg": 230,
					"count": 2,
					"min": 217,
					"max": 243
				},
				"2024-06-17": {
					"avg": 550,
					"count": 1,
					"min": 550,
					"max": 550
				},
				"2024-06-18": {
					"avg": 344,
					"count": 1,
					"min": 344,
					"max": 344
				},
				"2024-06-19": {
					"avg": 295,
					"count": 1,
					"min": 295,
					"max": 295
				},
				"2024-06-20": {
					"avg": 346,
					"count": 2,
					"min": 198,
					"max": 494
				},
				"2024-06-23": {
					"avg": 278,
					"count": 2,
					"min": 278,
					"max": 278
				},
				"2024-06-24": {
					"avg": 217,
					"count": 2,
					"min": 175,
					"max": 259
				},
				"2024-06-26": {
					"avg": 259,
					"count": 1,
					"min": 259,
					"max": 259
				},
				"2024-06-28": {
					"avg": 250,
					"count": 1,
					"min": 250,
					"max": 250
				},
				"2024-06-29": {
					"avg": 222,
					"count": 1,
					"min": 222,
					"max": 222
				},
				"2024-07-02": {
					"avg": 197,
					"count": 3,
					"min": 160,
					"max": 271
				},
				"2024-07-04": {
					"avg": 247,
					"count": 1,
					"min": 247,
					"max": 247
				},
				"2024-07-09": {
					"avg": 239,
					"count": 1,
					"min": 239,
					"max": 239
				},
				"2024-07-11": {
					"avg": 243,
					"count": 3,
					"min": 214,
					"max": 258
				},
				"2024-07-12": {
					"avg": 152,
					"count": 1,
					"min": 152,
					"max": 152
				},
				"2024-07-13": {
					"avg": 259,
					"count": 1,
					"min": 259,
					"max": 259
				},
				"2024-07-16": {
					"avg": 344,
					"count": 1,
					"min": 344,
					"max": 344
				},
				"2024-07-18": {
					"avg": 271,
					"count": 1,
					"min": 271,
					"max": 271
				},
				"2024-07-20": {
					"avg": 137,
					"count": 1,
					"min": 137,
					"max": 137
				},
				"2024-07-22": {
					"avg": 278,
					"count": 3,
					"min": 160,
					"max": 408
				},
				"2024-07-23": {
					"avg": 526,
					"count": 1,
					"min": 526,
					"max": 526
				},
				"2024-07-24": {
					"avg": 163,
					"count": 2,
					"min": 160,
					"max": 166
				},
				"2024-07-26": {
					"avg": 165,
					"count": 4,
					"min": 140,
					"max": 224
				},
				"2024-07-28": {
					"avg": 138,
					"count": 1,
					"min": 138,
					"max": 138
				},
				"2024-07-30": {
					"avg": 204,
					"count": 1,
					"min": 204,
					"max": 204
				},
				"2024-08-01": {
					"avg": 214,
					"count": 1,
					"min": 214,
					"max": 214
				},
				"2024-08-03": {
					"avg": 214,
					"count": 1,
					"min": 214,
					"max": 214
				},
				"2024-08-05": {
					"avg": 214,
					"count": 1,
					"min": 214,
					"max": 214
				},
				"2024-08-08": {
					"avg": 494,
					"count": 1,
					"min": 494,
					"max": 494
				},
				"2024-08-10": {
					"avg": 125,
					"count": 1,
					"min": 125,
					"max": 125
				},
				"2024-08-11": {
					"avg": 411,
					"count": 2,
					"min": 268,
					"max": 554
				},
				"2024-08-12": {
					"avg": 260,
					"count": 1,
					"min": 260,
					"max": 260
				},
				"2024-08-13": {
					"avg": 128,
					"count": 1,
					"min": 128,
					"max": 128
				},
				"2024-08-14": {
					"avg": 402,
					"count": 3,
					"min": 169,
					"max": 747
				},
				"2024-08-16": {
					"avg": 179,
					"count": 4,
					"min": 169,
					"max": 192
				},
				"2024-08-17": {
					"avg": 149,
					"count": 2,
					"min": 128,
					"max": 169
				},
				"2024-08-18": {
					"avg": 224,
					"count": 1,
					"min": 224,
					"max": 224
				},
				"2024-08-19": {
					"avg": 367,
					"count": 1,
					"min": 367,
					"max": 367
				},
				"2024-08-21": {
					"avg": 276,
					"count": 3,
					"min": 251,
					"max": 298
				},
				"2024-08-22": {
					"avg": 2346,
					"count": 1,
					"min": 2346,
					"max": 2346
				},
				"2024-08-24": {
					"avg": 172,
					"count": 3,
					"min": 153,
					"max": 189
				},
				"2024-08-26": {
					"avg": 162,
					"count": 1,
					"min": 162,
					"max": 162
				},
				"2024-08-27": {
					"avg": 167,
					"count": 2,
					"min": 165,
					"max": 169
				},
				"2024-08-28": {
					"avg": 272,
					"count": 4,
					"min": 165,
					"max": 507
				},
				"2024-08-29": {
					"avg": 1475,
					"count": 3,
					"min": 1475,
					"max": 1475
				},
				"2024-08-31": {
					"avg": 161,
					"count": 1,
					"min": 161,
					"max": 161
				},
				"2024-09-01": {
					"avg": 210,
					"count": 3,
					"min": 177,
					"max": 227
				},
				"2024-09-03": {
					"avg": 103,
					"count": 2,
					"min": 60,
					"max": 145
				},
				"2024-09-05": {
					"avg": 352,
					"count": 1,
					"min": 352,
					"max": 352
				},
				"2024-09-09": {
					"avg": 500,
					"count": 1,
					"min": 500,
					"max": 500
				},
				"2024-09-10": {
					"avg": 240,
					"count": 1,
					"min": 240,
					"max": 240
				},
				"2024-09-16": {
					"avg": 322,
					"count": 3,
					"min": 240,
					"max": 363
				},
				"2024-09-18": {
					"avg": 476,
					"count": 2,
					"min": 452,
					"max": 500
				},
				"2024-09-20": {
					"avg": 273,
					"count": 2,
					"min": 273,
					"max": 273
				},
				"2024-09-22": {
					"avg": 725,
					"count": 1,
					"min": 725,
					"max": 725
				},
				"2024-09-23": {
					"avg": 424,
					"count": 1,
					"min": 424,
					"max": 424
				}
			},
			"avg": 323,
			"avg7": -1,
			"avg28": -1
		},
		"normal-used": {
			"history": {
				"2024-05-29": {
					"avg": 150,
					"count": 1,
					"min": 150,
					"max": 150
				},
				"2024-05-30": {
					"avg": 119,
					"count": 1,
					"min": 119,
					"max": 119
				},
				"2024-06-01": {
					"avg": 660,
					"count": 1,
					"min": 660,
					"max": 660
				},
				"2024-06-02": {
					"avg": 150,
					"count": 1,
					"min": 150,
					"max": 150
				},
				"2024-06-21": {
					"avg": 132,
					"count": 3,
					"min": 132,
					"max": 132
				},
				"2024-06-22": {
					"avg": 276,
					"count": 2,
					"min": 254,
					"max": 298
				},
				"2024-06-27": {
					"avg": 98,
					"count": 2,
					"min": 76,
					"max": 119
				},
				"2024-07-01": {
					"avg": 393,
					"count": 3,
					"min": 227,
					"max": 676
				},
				"2024-07-07": {
					"avg": 244,
					"count": 2,
					"min": 244,
					"max": 244
				},
				"2024-07-11": {
					"avg": 275,
					"count": 1,
					"min": 275,
					"max": 275
				},
				"2024-07-13": {
					"avg": 130,
					"count": 1,
					"min": 130,
					"max": 130
				},
				"2024-07-20": {
					"avg": 129,
					"count": 1,
					"min": 129,
					"max": 129
				},
				"2024-07-22": {
					"avg": 129,
					"count": 1,
					"min": 129,
					"max": 129
				},
				"2024-07-23": {
					"avg": 204,
					"count": 5,
					"min": 141,
					"max": 298
				},
				"2024-07-25": {
					"avg": 105,
					"count": 1,
					"min": 105,
					"max": 105
				},
				"2024-07-27": {
					"avg": 105,
					"count": 1,
					"min": 105,
					"max": 105
				},
				"2024-07-28": {
					"avg": 105,
					"count": 1,
					"min": 105,
					"max": 105
				},
				"2024-07-30": {
					"avg": 279,
					"count": 1,
					"min": 279,
					"max": 279
				},
				"2024-07-31": {
					"avg": 198,
					"count": 1,
					"min": 198,
					"max": 198
				},
				"2024-08-04": {
					"avg": 305,
					"count": 1,
					"min": 305,
					"max": 305
				},
				"2024-08-10": {
					"avg": 410,
					"count": 1,
					"min": 410,
					"max": 410
				},
				"2024-08-11": {
					"avg": 757,
					"count": 1,
					"min": 757,
					"max": 757
				},
				"2024-08-12": {
					"avg": 187,
					"count": 2,
					"min": 187,
					"max": 187
				},
				"2024-08-16": {
					"avg": 170,
					"count": 4,
					"min": 75,
					"max": 204
				},
				"2024-08-17": {
					"avg": 281,
					"count": 1,
					"min": 281,
					"max": 281
				},
				"2024-08-20": {
					"avg": 349,
					"count": 2,
					"min": 349,
					"max": 349
				},
				"2024-08-26": {
					"avg": 129,
					"count": 1,
					"min": 129,
					"max": 129
				},
				"2024-08-28": {
					"avg": 110,
					"count": 2,
					"min": 99,
					"max": 121
				},
				"2024-08-31": {
					"avg": 576,
					"count": 1,
					"min": 576,
					"max": 576
				},
				"2024-09-03": {
					"avg": 246,
					"count": 3,
					"min": 233,
					"max": 252
				},
				"2024-09-07": {
					"avg": 608,
					"count": 1,
					"min": 608,
					"max": 608
				},
				"2024-09-09": {
					"avg": 245,
					"count": 1,
					"min": 245,
					"max": 245
				},
				"2024-09-13": {
					"avg": 226,
					"count": 1,
					"min": 226,
					"max": 226
				},
				"2024-09-18": {
					"avg": 232,
					"count": 1,
					"min": 232,
					"max": 232
				},
				"2024-09-20": {
					"avg": 716,
					"count": 1,
					"min": 716,
					"max": 716
				}
			},
			"avg": 251,
			"avg7": -1,
			"avg28": -1
		}
	}
}