{
	"data": {
		"normal-good": {
			"history": {
				"2022-11-12": {
					"avg": 248,
					"count": 2
				},
				"2022-11-13": {
					"avg": 189,
					"count": 1
				},
				"2022-11-15": {
					"avg": 234,
					"count": 4
				},
				"2022-11-16": {
					"avg": 587,
					"count": 2
				},
				"2022-11-17": {
					"avg": 268,
					"count": 2
				},
				"2022-11-19": {
					"avg": 229,
					"count": 1,
					"min": 229,
					"max": 229
				},
				"2022-11-20": {
					"avg": 201,
					"count": 1,
					"min": 201,
					"max": 201
				},
				"2022-11-21": {
					"avg": 113,
					"count": 1,
					"min": 113,
					"max": 113
				},
				"2022-11-22": {
					"avg": 138,
					"count": 3,
					"min": 73,
					"max": 181
				},
				"2022-11-24": {
					"avg": 424,
					"count": 2,
					"min": 399,
					"max": 449
				},
				"2022-11-25": {
					"avg": 179,
					"count": 16,
					"min": 77,
					"max": 449
				},
				"2022-11-26": {
					"avg": 181,
					"count": 1,
					"min": 181,
					"max": 181
				},
				"2022-11-27": {
					"avg": 268,
					"count": 4,
					"min": 132,
					"max": 620
				},
				"2022-11-28": {
					"avg": 316,
					"count": 9,
					"min": 244,
					"max": 373
				},
				"2022-11-29": {
					"avg": 268,
					"count": 5,
					"min": 132,
					"max": 599
				},
				"2022-11-30": {
					"avg": 188,
					"count": 2,
					"min": 132,
					"max": 244
				},
				"2022-12-01": {
					"avg": 180,
					"count": 1,
					"min": 180,
					"max": 180
				},
				"2022-12-03": {
					"avg": 477,
					"count": 5,
					"min": 149,
					"max": 849
				},
				"2022-12-04": {
					"avg": 201,
					"count": 3,
					"min": 180,
					"max": 244
				},
				"2022-12-05": {
					"avg": 219,
					"count": 6,
					"min": 102,
					"max": 500
				},
				"2022-12-06": {
					"avg": 208,
					"count": 3,
					"min": 180,
					"max": 244
				},
				"2022-12-07": {
					"avg": 194,
					"count": 12,
					"min": 100,
					"max": 239
				},
				"2022-12-09": {
					"avg": 188,
					"count": 3,
					"min": 184,
					"max": 190
				},
				"2022-12-10": {
					"avg": 487,
					"count": 5,
					"min": 244,
					"max": 706
				},
				"2022-12-11": {
					"avg": 475,
					"count": 3,
					"min": 314,
					"max": 574
				},
				"2022-12-12": {
					"avg": 514,
					"count": 3,
					"min": 201,
					"max": 1040
				},
				"2022-12-13": {
					"avg": 182,
					"count": 3,
					"min": 99,
					"max": 274
				},
				"2022-12-14": {
					"avg": 286,
					"count": 2,
					"min": 147,
					"max": 425
				},
				"2022-12-15": {
					"avg": 242,
					"count": 2,
					"min": 183,
					"max": 300
				},
				"2022-12-16": {
					"avg": 361,
					"count": 20,
					"min": 140,
					"max": 1055
				},
				"2022-12-17": {
					"avg": 199,
					"count": 6,
					"min": 99,
					"max": 499
				},
				"2022-12-18": {
					"avg": 171,
					"count": 1,
					"min": 171,
					"max": 171
				},
				"2022-12-19": {
					"avg": 649,
					"count": 1,
					"min": 649,
					"max": 649
				},
				"2022-12-21": {
					"avg": 625,
					"count": 1,
					"min": 625,
					"max": 625
				},
				"2022-12-22": {
					"avg": 399,
					"count": 1,
					"min": 399,
					"max": 399
				},
				"2022-12-23": {
					"avg": 228,
					"count": 7,
					"min": 80,
					"max": 693
				},
				"2022-12-24": {
					"avg": 187,
					"count": 1,
					"min": 187,
					"max": 187
				},
				"2022-12-25": {
					"avg": 250,
					"count": 1,
					"min": 250,
					"max": 250
				},
				"2022-12-27": {
					"avg": 251,
					"count": 4,
					"min": 187,
					"max": 348
				},
				"2022-12-28": {
					"avg": 413,
					"count": 5,
					"min": 250,
					"max": 978
				},
				"2022-12-29": {
					"avg": 412,
					"count": 3,
					"min": 309,
					"max": 603
				},
				"2022-12-30": {
					"avg": 340,
					"count": 6,
					"min": 178,
					"max": 691
				},
				"2022-12-31": {
					"avg": 1495,
					"count": 1,
					"min": 1495,
					"max": 1495
				},
				"2023-01-01": {
					"avg": 459,
					"count": 3,
					"min": 225,
					"max": 796
				},
				"2023-01-02": {
					"avg": 278,
					"count": 10,
					"min": 161,
					"max": 348
				},
				"2023-01-03": {
					"avg": 222,
					"count": 2,
					"min": 96,
					"max": 347
				},
				"2023-01-04": {
					"avg": 231,
					"count": 5,
					"min": 143,
					"max": 429
				},
				"2023-01-05": {
					"avg": 460,
					"count": 5,
					"min": 80,
					"max": 691
				},
				"2023-01-06": {
					"avg": 525,
					"count": 5,
					"min": 356,
					"max": 692
				},
				"2023-01-07": {
					"avg": 198,
					"count": 1,
					"min": 198,
					"max": 198
				},
				"2023-01-08": {
					"avg": 733,
					"count": 5,
					"min": 199,
					"max": 1893
				},
				"2023-01-09": {
					"avg": 438,
					"count": 6,
					"min": 242,
					"max": 973
				},
				"2023-01-10": {
					"avg": 407,
					"count": 2,
					"min": 276,
					"max": 539
				},
				"2023-01-11": {
					"avg": 691,
					"count": 1,
					"min": 691,
					"max": 691
				},
				"2023-01-12": {
					"avg": 249,
					"count": 4,
					"min": 100,
					"max": 399
				},
				"2023-02-06": {
					"avg": 250,
					"count": 1,
					"min": 250,
					"max": 250
				},
				"2023-02-07": {
					"avg": 412,
					"count": 5,
					"min": 99,
					"max": 977
				},
				"2023-02-08": {
					"avg": 430,
					"count": 3,
					"min": 167,
					"max": 723
				},
				"2023-02-10": {
					"avg": 979,
					"count": 1,
					"min": 979,
					"max": 979
				},
				"2023-02-11": {
					"avg": 210,
					"count": 8,
					"min": 95,
					"max": 368
				},
				"2023-02-12": {
					"avg": 401,
					"count": 6,
					"min": 174,
					"max": 800
				},
				"2023-02-13": {
					"avg": 249,
					"count": 4,
					"min": 182,
					"max": 300
				},
				"2023-02-15": {
					"avg": 172,
					"count": 1,
					"min": 172,
					"max": 172
				},
				"2023-02-16": {
					"avg": 190,
					"count": 2,
					"min": 155,
					"max": 225
				},
				"2023-02-17": {
					"avg": 464,
					"count": 2,
					"min": 399,
					"max": 529
				},
				"2023-02-18": {
					"avg": 99,
					"count": 1,
					"min": 99,
					"max": 99
				},
				"2023-02-19": {
					"avg": 443,
					"count": 3,
					"min": 198,
					"max": 658
				},
				"2023-02-20": {
					"avg": 357,
					"count": 18,
					"min": 198,
					"max": 1178
				},
				"2023-02-21": {
					"avg": 352,
					"count": 3,
					"min": 299,
					"max": 397
				},
				"2023-02-22": {
					"avg": 489,
					"count": 4,
					"min": 225,
					"max": 898
				},
				"2023-02-23": {
					"avg": 470,
					"count": 4,
					"min": 225,
					"max": 690
				},
				"2023-02-24": {
					"avg": 225,
					"count": 1,
					"min": 225,
					"max": 225
				},
				"2023-02-26": {
					"avg": 289,
					"count": 8,
					"min": 99,
					"max": 978
				},
				"2023-02-27": {
					"avg": 387,
					"count": 1,
					"min": 387,
					"max": 387
				},
				"2023-02-28": {
					"avg": 370,
					"count": 5,
					"min": 131,
					"max": 599
				},
				"2023-03-01": {
					"avg": 283,
					"count": 5,
					"min": 225,
					"max": 399
				},
				"2023-03-02": {
					"avg": 273,
					"count": 4,
					"min": 104,
					"max": 399
				},
				"2023-03-03": {
					"avg": 243,
					"count": 3,
					"min": 184,
					"max": 319
				},
				"2023-03-04": {
					"avg": 361,
					"count": 5,
					"min": 131,
					"max": 663
				},
				"2023-03-06": {
					"avg": 296,
					"count": 4,
					"min": 150,
					"max": 532
				},
				"2023-03-07": {
					"avg": 423,
					"count": 3,
					"min": 270,
					"max": 699
				},
				"2023-03-09": {
					"avg": 595,
					"count": 2,
					"min": 499,
					"max": 690
				},
				"2023-03-10": {
					"avg": 318,
					"count": 3,
					"min": 121,
					"max": 599
				},
				"2023-03-11": {
					"avg": 363,
					"count": 4,
					"min": 200,
					"max": 599
				},
				"2023-03-12": {
					"avg": 351,
					"count": 4,
					"min": 110,
					"max": 697
				},
				"2023-03-13": {
					"avg": 690,
					"count": 1,
					"min": 690,
					"max": 690
				},
				"2023-03-14": {
					"avg": 406,
					"count": 2,
					"min": 399,
					"max": 414
				},
				"2023-03-16": {
					"avg": 361,
					"count": 7,
					"min": 140,
					"max": 777
				},
				"2023-03-17": {
					"avg": 234,
					"count": 4,
					"min": 182,
					"max": 280
				},
				"2023-03-18": {
					"avg": 446,
					"count": 2,
					"min": 284,
					"max": 607
				},
				"2023-03-21": {
					"avg": 400,
					"count": 1,
					"min": 400,
					"max": 400
				},
				"2023-03-22": {
					"avg": 399,
					"count": 1,
					"min": 399,
					"max": 399
				},
				"2023-03-23": {
					"avg": 777,
					"count": 2,
					"min": 459,
					"max": 1095
				},
				"2023-03-25": {
					"avg": 422,
					"count": 2,
					"min": 294,
					"max": 549
				},
				"2023-03-27": {
					"avg": 484,
					"count": 1,
					"min": 484,
					"max": 484
				},
				"2023-03-28": {
					"avg": 442,
					"count": 2,
					"min": 175,
					"max": 708
				},
				"2023-03-29": {
					"avg": 348,
					"count": 3,
					"min": 284,
					"max": 393
				},
				"2023-03-31": {
					"avg": 212,
					"count": 2,
					"min": 99,
					"max": 325
				},
				"2023-04-01": {
					"avg": 268,
					"count": 4,
					"min": 167,
					"max": 440
				},
				"2023-04-02": {
					"avg": 881,
					"count": 2,
					"min": 167,
					"max": 1594
				},
				"2023-04-03": {
					"avg": 378,
					"count": 1,
					"min": 378,
					"max": 378
				},
				"2023-04-05": {
					"avg": 715,
					"count": 4,
					"min": 115,
					"max": 1848
				},
				"2023-04-06": {
					"avg": 554,
					"count": 2,
					"min": 259,
					"max": 849
				},
				"2023-04-09": {
					"avg": 293,
					"count": 7,
					"min": 274,
					"max": 368
				},
				"2023-04-10": {
					"avg": 214,
					"count": 2,
					"min": 113,
					"max": 315
				},
				"2023-04-11": {
					"avg": 441,
					"count": 4,
					"min": 391,
					"max": 497
				},
				"2023-04-12": {
					"avg": 340,
					"count": 5,
					"min": 68,
					"max": 999
				},
				"2023-04-14": {
					"avg": 413,
					"count": 2,
					"min": 341,
					"max": 484
				},
				"2023-04-15": {
					"avg": 650,
					"count": 3,
					"min": 297,
					"max": 826
				},
				"2023-04-17": {
					"avg": 496,
					"count": 2,
					"min": 424,
					"max": 568
				},
				"2023-04-19": {
					"avg": 226,
					"count": 2,
					"min": 115,
					"max": 337
				},
				"2023-04-20": {
					"avg": 243,
					"count": 2,
					"min": 209,
					"max": 278
				},
				"2023-04-21": {
					"avg": 399,
					"count": 1,
					"min": 399,
					"max": 399
				},
				"2023-04-23": {
					"avg": 301,
					"count": 2,
					"min": 248,
					"max": 353
				},
				"2023-04-25": {
					"avg": 253,
					"count": 3,
					"min": 180,
					"max": 289
				},
				"2023-04-26": {
					"avg": 875,
					"count": 2,
					"min": 125,
					"max": 1625
				},
				"2023-04-27": {
					"avg": 375,
					"count": 3,
					"min": 205,
					"max": 698
				},
				"2023-04-30": {
					"avg": 317,
					"count": 3,
					"min": 125,
					"max": 480
				},
				"2023-05-01": {
					"avg": 708,
					"count": 1,
					"min": 708,
					"max": 708
				},
				"2023-05-02": {
					"avg": 342,
					"count": 2,
					"min": 338,
					"max": 346
				},
				"2023-05-03": {
					"avg": 819,
					"count": 5,
					"min": 574,
					"max": 1220
				},
				"2023-05-05": {
					"avg": 199,
					"count": 2,
					"min": 99,
					"max": 299
				},
				"2023-05-07": {
					"avg": 252,
					"count": 28,
					"min": 100,
					"max": 723
				},
				"2023-05-08": {
					"avg": 178,
					"count": 3,
					"min": 103,
					"max": 233
				},
				"2023-05-11": {
					"avg": 234,
					"count": 3,
					"min": 74,
					"max": 399
				},
				"2023-05-12": {
					"avg": 390,
					"count": 2,
					"min": 230,
					"max": 550
				},
				"2023-05-13": {
					"avg": 194,
					"count": 2,
					"min": 189,
					"max": 198
				},
				"2023-05-14": {
					"avg": 243,
					"count": 4,
					"min": 103,
					"max": 449
				},
				"2023-05-15": {
					"avg": 454,
					"count": 2,
					"min": 199,
					"max": 708
				},
				"2023-05-16": {
					"avg": 275,
					"count": 2,
					"min": 250,
					"max": 300
				},
				"2023-05-17": {
					"avg": 371,
					"count": 2,
					"min": 300,
					"max": 442
				},
				"2023-05-18": {
					"avg": 250,
					"count": 1,
					"min": 250,
					"max": 250
				},
				"2023-05-19": {
					"avg": 536,
					"count": 6,
					"min": 165,
					"max": 1848
				},
				"2023-05-20": {
					"avg": 281,
					"count": 3,
					"min": 84,
					"max": 399
				},
				"2023-05-21": {
					"avg": 310,
					"count": 2,
					"min": 221,
					"max": 399
				},
				"2023-05-22": {
					"avg": 245,
					"count": 2,
					"min": 90,
					"max": 400
				},
				"2023-05-23": {
					"avg": 515,
					"count": 3,
					"min": 198,
					"max": 998
				},
				"2023-05-24": {
					"avg": 325,
					"count": 11,
					"min": 217,
					"max": 549
				},
				"2023-05-26": {
					"avg": 862,
					"count": 2,
					"min": 564,
					"max": 1159
				},
				"2023-05-27": {
					"avg": 325,
					"count": 12,
					"min": 99,
					"max": 1000
				},
				"2023-05-28": {
					"avg": 315,
					"count": 1,
					"min": 315,
					"max": 315
				},
				"2023-05-29": {
					"avg": 923,
					"count": 3,
					"min": 221,
					"max": 1999
				},
				"2023-05-30": {
					"avg": 316,
					"count": 1,
					"min": 316,
					"max": 316
				},
				"2023-05-31": {
					"avg": 297,
					"count": 1,
					"min": 297,
					"max": 297
				},
				"2023-06-01": {
					"avg": 268,
					"count": 5,
					"min": 150,
					"max": 536
				},
				"2023-06-02": {
					"avg": 633,
					"count": 6,
					"min": 409,
					"max": 699
				},
				"2023-06-03": {
					"avg": 749,
					"count": 1,
					"min": 749,
					"max": 749
				},
				"2023-06-05": {
					"avg": 610,
					"count": 2,
					"min": 610,
					"max": 610
				},
				"2023-06-06": {
					"avg": 888,
					"count": 2,
					"min": 508,
					"max": 1268
				},
				"2023-06-07": {
					"avg": 742,
					"count": 5,
					"min": 399,
					"max": 1625
				},
				"2023-06-08": {
					"avg": 927,
					"count": 5,
					"min": 124,
					"max": 2098
				},
				"2023-06-09": {
					"avg": 497,
					"count": 1,
					"min": 497,
					"max": 497
				},
				"2023-06-10": {
					"avg": 469,
					"count": 2,
					"min": 275,
					"max": 663
				},
				"2023-06-11": {
					"avg": 148,
					"count": 2,
					"min": 100,
					"max": 195
				},
				"2023-06-12": {
					"avg": 711,
					"count": 2,
					"min": 422,
					"max": 999
				},
				"2023-06-13": {
					"avg": 475,
					"count": 2,
					"min": 201,
					"max": 748
				},
				"2023-06-14": {
					"avg": 135,
					"count": 2,
					"min": 68,
					"max": 201
				},
				"2023-06-15": {
					"avg": 727,
					"count": 4,
					"min": 445,
					"max": 1099
				},
				"2023-06-16": {
					"avg": 430,
					"count": 11,
					"min": 234,
					"max": 1497
				},
				"2023-06-17": {
					"avg": 324,
					"count": 4,
					"min": 145,
					"max": 539
				},
				"2023-06-18": {
					"avg": 607,
					"count": 4,
					"min": 424,
					"max": 868
				},
				"2023-06-19": {
					"avg": 634,
					"count": 1,
					"min": 634,
					"max": 634
				},
				"2023-06-20": {
					"avg": 312,
					"count": 3,
					"min": 250,
					"max": 424
				},
				"2023-06-22": {
					"avg": 231,
					"count": 9,
					"min": 100,
					"max": 523
				},
				"2023-06-24": {
					"avg": 382,
					"count": 4,
					"min": 199,
					"max": 603
				},
				"2023-06-25": {
					"avg": 508,
					"count": 2,
					"min": 189,
					"max": 827
				},
				"2023-06-26": {
					"avg": 241,
					"count": 10,
					"min": 143,
					"max": 417
				},
				"2023-06-27": {
					"avg": 561,
					"count": 4,
					"min": 219,
					"max": 827
				},
				"2023-06-28": {
					"avg": 137,
					"count": 4,
					"min": 124,
					"max": 174
				},
				"2023-06-29": {
					"avg": 331,
					"count": 3,
					"min": 202,
					"max": 495
				},
				"2023-07-02": {
					"avg": 552,
					"count": 3,
					"min": 519,
					"max": 603
				},
				"2023-07-03": {
					"avg": 268,
					"count": 6,
					"min": 211,
					"max": 373
				},
				"2023-07-04": {
					"avg": 699,
					"count": 2,
					"min": 399,
					"max": 998
				},
				"2023-07-05": {
					"avg": 392,
					"count": 1,
					"min": 392,
					"max": 392
				},
				"2023-07-06": {
					"avg": 446,
					"count": 3,
					"min": 420,
					"max": 499
				},
				"2023-07-07": {
					"avg": 270,
					"count": 2,
					"min": 203,
					"max": 337
				},
				"2023-07-08": {
					"avg": 674,
					"count": 2,
					"min": 349,
					"max": 999
				},
				"2023-07-09": {
					"avg": 274,
					"count": 2,
					"min": 225,
					"max": 323
				},
				"2023-07-10": {
					"avg": 542,
					"count": 4,
					"min": 184,
					"max": 858
				},
				"2023-07-11": {
					"avg": 618,
					"count": 4,
					"min": 499,
					"max": 707
				},
				"2023-07-12": {
					"avg": 114,
					"count": 1,
					"min": 114,
					"max": 114
				},
				"2023-07-13": {
					"avg": 358,
					"count": 2,
					"min": 218,
					"max": 497
				},
				"2023-07-14": {
					"avg": 908,
					"count": 5,
					"min": 219,
					"max": 1626
				},
				"2023-07-15": {
					"avg": 211,
					"count": 1,
					"min": 211,
					"max": 211
				},
				"2023-07-16": {
					"avg": 464,
					"count": 2,
					"min": 250,
					"max": 679
				},
				"2023-07-17": {
					"avg": 459,
					"count": 1,
					"min": 459,
					"max": 459
				},
				"2023-07-18": {
					"avg": 449,
					"count": 1,
					"min": 449,
					"max": 449
				},
				"2023-07-20": {
					"avg": 727,
					"count": 2,
					"min": 210,
					"max": 1243
				},
				"2023-07-21": {
					"avg": 330,
					"count": 2,
					"min": 174,
					"max": 485
				},
				"2023-07-22": {
					"avg": 210,
					"count": 1,
					"min": 210,
					"max": 210
				},
				"2023-07-23": {
					"avg": 614,
					"count": 5,
					"min": 269,
					"max": 861
				},
				"2023-07-24": {
					"avg": 449,
					"count": 1,
					"min": 449,
					"max": 449
				},
				"2023-07-25": {
					"avg": 352,
					"count": 12,
					"min": 114,
					"max": 898
				},
				"2023-07-26": {
					"avg": 410,
					"count": 1,
					"min": 410,
					"max": 410
				},
				"2023-07-27": {
					"avg": 543,
					"count": 3,
					"min": 474,
					"max": 662
				},
				"2023-07-28": {
					"avg": 494,
					"count": 2,
					"min": 289,
					"max": 699
				},
				"2023-07-29": {
					"avg": 250,
					"count": 2,
					"min": 99,
					"max": 400
				},
				"2023-07-30": {
					"avg": 465,
					"count": 5,
					"min": 290,
					"max": 898
				},
				"2023-07-31": {
					"avg": 317,
					"count": 1,
					"min": 317,
					"max": 317
				},
				"2023-08-01": {
					"avg": 576,
					"count": 9,
					"min": 223,
					"max": 1289
				},
				"2023-08-02": {
					"avg": 468,
					"count": 4,
					"min": 223,
					"max": 1148
				},
				"2023-08-03": {
					"avg": 278,
					"count": 1,
					"min": 278,
					"max": 278
				},
				"2023-08-04": {
					"avg": 415,
					"count": 3,
					"min": 34,
					"max": 989
				},
				"2023-08-05": {
					"avg": 194,
					"count": 4,
					"min": 188,
					"max": 212
				},
				"2023-08-07": {
					"avg": 353,
					"count": 4,
					"min": 250,
					"max": 483
				},
				"2023-08-08": {
					"avg": 670,
					"count": 2,
					"min": 642,
					"max": 697
				},
				"2023-08-09": {
					"avg": 289,
					"count": 6,
					"min": 170,
					"max": 451
				},
				"2023-08-10": {
					"avg": 206,
					"count": 3,
					"min": 187,
					"max": 219
				},
				"2023-08-11": {
					"avg": 316,
					"count": 4,
					"min": 174,
					"max": 733
				},
				"2023-08-12": {
					"avg": 220,
					"count": 3,
					"min": 150,
					"max": 278
				},
				"2023-08-14": {
					"avg": 287,
					"count": 11,
					"min": 88,
					"max": 499
				},
				"2023-08-15": {
					"avg": 507,
					"count": 2,
					"min": 329,
					"max": 685
				},
				"2023-08-16": {
					"avg": 839,
					"count": 5,
					"min": 337,
					"max": 1463
				},
				"2023-08-17": {
					"avg": 685,
					"count": 1,
					"min": 685,
					"max": 685
				},
				"2023-08-18": {
					"avg": 449,
					"count": 8,
					"min": 238,
					"max": 998
				},
				"2023-08-19": {
					"avg": 367,
					"count": 3,
					"min": 178,
					"max": 744
				},
				"2023-08-20": {
					"avg": 593,
					"count": 7,
					"min": 179,
					"max": 899
				},
				"2023-08-21": {
					"avg": 334,
					"count": 2,
					"min": 85,
					"max": 583
				},
				"2023-08-23": {
					"avg": 286,
					"count": 2,
					"min": 123,
					"max": 449
				},
				"2023-08-24": {
					"avg": 353,
					"count": 2,
					"min": 179,
					"max": 527
				},
				"2023-08-25": {
					"avg": 453,
					"count": 13,
					"min": 221,
					"max": 1098
				},
				"2023-08-27": {
					"avg": 485,
					"count": 4,
					"min": 274,
					"max": 685
				},
				"2023-08-28": {
					"avg": 483,
					"count": 3,
					"min": 259,
					"max": 725
				},
				"2023-08-29": {
					"avg": 479,
					"count": 2,
					"min": 259,
					"max": 698
				},
				"2023-08-30": {
					"avg": 297,
					"count": 3,
					"min": 199,
					"max": 395
				},
				"2023-08-31": {
					"avg": 193,
					"count": 11,
					"min": 105,
					"max": 396
				},
				"2023-09-01": {
					"avg": 298,
					"count": 4,
					"min": 198,
					"max": 399
				},
				"2023-09-02": {
					"avg": 234,
					"count": 2,
					"min": 199,
					"max": 268
				},
				"2023-09-03": {
					"avg": 290,
					"count": 3,
					"min": 191,
					"max": 343
				},
				"2023-09-04": {
					"avg": 337,
					"count": 1,
					"min": 337,
					"max": 337
				},
				"2023-09-05": {
					"avg": 370,
					"count": 3,
					"min": 190,
					"max": 585
				},
				"2023-09-08": {
					"avg": 262,
					"count": 4,
					"min": 170,
					"max": 335
				},
				"2023-09-09": {
					"avg": 287,
					"count": 13,
					"min": 115,
					"max": 658
				},
				"2023-09-10": {
					"avg": 592,
					"count": 4,
					"min": 199,
					"max": 1495
				},
				"2023-09-11": {
					"avg": 798,
					"count": 1,
					"min": 798,
					"max": 798
				},
				"2023-09-12": {
					"avg": 642,
					"count": 2,
					"min": 584,
					"max": 699
				},
				"2023-09-13": {
					"avg": 1050,
					"count": 1,
					"min": 1050,
					"max": 1050
				},
				"2023-09-14": {
					"avg": 310,
					"count": 3,
					"min": 191,
					"max": 540
				},
				"2023-09-15": {
					"avg": 748,
					"count": 4,
					"min": 298,
					"max": 1399
				},
				"2023-09-16": {
					"avg": 273,
					"count": 1,
					"min": 273,
					"max": 273
				},
				"2023-09-17": {
					"avg": 418,
					"count": 4,
					"min": 160,
					"max": 639
				},
				"2023-09-18": {
					"avg": 269,
					"count": 1,
					"min": 269,
					"max": 269
				},
				"2023-09-19": {
					"avg": 389,
					"count": 7,
					"min": 298,
					"max": 626
				},
				"2023-09-20": {
					"avg": 241,
					"count": 3,
					"min": 206,
					"max": 285
				},
				"2023-09-21": {
					"avg": 1298,
					"count": 1,
					"min": 1298,
					"max": 1298
				},
				"2023-09-23": {
					"avg": 1148,
					"count": 1,
					"min": 1148,
					"max": 1148
				},
				"2023-09-25": {
					"avg": 495,
					"count": 4,
					"min": 181,
					"max": 1298
				},
				"2023-09-26": {
					"avg": 368,
					"count": 4,
					"min": 200,
					"max": 727
				},
				"2023-09-28": {
					"avg": 704,
					"count": 5,
					"min": 181,
					"max": 1990
				},
				"2023-09-29": {
					"avg": 110,
					"count": 1,
					"min": 110,
					"max": 110
				},
				"2023-09-30": {
					"avg": 285,
					"count": 1,
					"min": 285,
					"max": 285
				},
				"2023-10-01": {
					"avg": 285,
					"count": 1,
					"min": 285,
					"max": 285
				},
				"2023-10-02": {
					"avg": 888,
					"count": 2,
					"min": 476,
					"max": 1299
				},
				"2023-10-03": {
					"avg": 230,
					"count": 3,
					"min": 200,
					"max": 289
				},
				"2023-10-04": {
					"avg": 731,
					"count": 2,
					"min": 289,
					"max": 1173
				},
				"2023-10-05": {
					"avg": 283,
					"count": 1,
					"min": 283,
					"max": 283
				},
				"2023-10-06": {
					"avg": 469,
					"count": 5,
					"min": 185,
					"max": 1125
				},
				"2023-10-08": {
					"avg": 258,
					"count": 2,
					"min": 225,
					"max": 291
				},
				"2023-10-09": {
					"avg": 275,
					"count": 11,
					"min": 215,
					"max": 581
				},
				"2023-10-10": {
					"avg": 342,
					"count": 1,
					"min": 342,
					"max": 342
				},
				"2023-10-11": {
					"avg": 713,
					"count": 1,
					"min": 713,
					"max": 713
				},
				"2023-10-12": {
					"avg": 196,
					"count": 4,
					"min": 89,
					"max": 264
				},
				"2023-10-13": {
					"avg": 520,
					"count": 9,
					"min": 79,
					"max": 1998
				},
				"2023-10-14": {
					"avg": 528,
					"count": 3,
					"min": 284,
					"max": 697
				},
				"2023-10-16": {
					"avg": 654,
					"count": 1,
					"min": 654,
					"max": 654
				},
				"2023-10-17": {
					"avg": 540,
					"count": 2,
					"min": 238,
					"max": 843
				},
				"2023-10-18": {
					"avg": 262,
					"count": 1,
					"min": 262,
					"max": 262
				},
				"2023-10-19": {
					"avg": 517,
					"count": 3,
					"min": 420,
					"max": 619
				},
				"2023-10-20": {
					"avg": 273,
					"count": 4,
					"min": 188,
					"max": 460
				},
				"2023-10-21": {
					"avg": 354,
					"count": 2,
					"min": 189,
					"max": 519
				},
				"2023-10-22": {
					"avg": 799,
					"count": 3,
					"min": 499,
					"max": 999
				},
				"2023-10-23": {
					"avg": 528,
					"count": 5,
					"min": 267,
					"max": 786
				},
				"2023-10-24": {
					"avg": 268,
					"count": 4,
					"min": 200,
					"max": 359
				},
				"2023-10-25": {
					"avg": 189,
					"count": 1,
					"min": 189,
					"max": 189
				},
				"2023-10-26": {
					"avg": 368,
					"count": 7,
					"min": 199,
					"max": 681
				},
				"2023-10-27": {
					"avg": 360,
					"count": 1,
					"min": 360,
					"max": 360
				},
				"2023-10-28": {
					"avg": 349,
					"count": 1,
					"min": 349,
					"max": 349
				},
				"2023-10-29": {
					"avg": 225,
					"count": 1,
					"min": 225,
					"max": 225
				},
				"2023-10-30": {
					"avg": 330,
					"count": 9,
					"min": 259,
					"max": 362
				},
				"2023-10-31": {
					"avg": 477,
					"count": 5,
					"min": 218,
					"max": 843
				},
				"2023-11-01": {
					"avg": 529,
					"count": 4,
					"min": 214,
					"max": 1063
				},
				"2023-11-02": {
					"avg": 429,
					"count": 2,
					"min": 181,
					"max": 677
				},
				"2023-11-03": {
					"avg": 376,
					"count": 2,
					"min": 328,
					"max": 424
				},
				"2023-11-04": {
					"avg": 407,
					"count": 2,
					"min": 250,
					"max": 564
				},
				"2023-11-06": {
					"avg": 466,
					"count": 7,
					"min": 384,
					"max": 628
				},
				"2023-11-08": {
					"avg": 254,
					"count": 1,
					"min": 254,
					"max": 254
				},
				"2023-11-09": {
					"avg": 533,
					"count": 2,
					"min": 399,
					"max": 666
				},
				"2023-11-11": {
					"avg": 301,
					"count": 1,
					"min": 301,
					"max": 301
				},
				"2023-11-12": {
					"avg": 1125,
					"count": 1,
					"min": 1125,
					"max": 1125
				},
				"2023-11-14": {
					"avg": 527,
					"count": 4,
					"min": 255,
					"max": 1097
				},
				"2023-11-15": {
					"avg": 774,
					"count": 2,
					"min": 699,
					"max": 849
				},
				"2023-11-16": {
					"avg": 684,
					"count": 1,
					"min": 684,
					"max": 684
				},
				"2023-11-18": {
					"avg": 353,
					"count": 2,
					"min": 273,
					"max": 432
				},
				"2023-11-19": {
					"avg": 731,
					"count": 1,
					"min": 731,
					"max": 731
				},
				"2023-11-20": {
					"avg": 180,
					"count": 2,
					"min": 65,
					"max": 294
				},
				"2023-11-21": {
					"avg": 170,
					"count": 2,
					"min": 170,
					"max": 170
				},
				"2023-11-22": {
					"avg": 432,
					"count": 1,
					"min": 432,
					"max": 432
				},
				"2023-11-23": {
					"avg": 638,
					"count": 2,
					"min": 150,
					"max": 1125
				},
				"2023-11-24": {
					"avg": 332,
					"count": 33,
					"min": 72,
					"max": 774
				},
				"2023-11-25": {
					"avg": 383,
					"count": 5,
					"min": 293,
					"max": 608
				},
				"2023-11-26": {
					"avg": 343,
					"count": 6,
					"min": 168,
					"max": 528
				},
				"2023-11-27": {
					"avg": 475,
					"count": 1,
					"min": 475,
					"max": 475
				},
				"2024-05-15": {
					"avg": 287,
					"count": 1,
					"min": 287,
					"max": 287
				},
				"2024-05-16": {
					"avg": 304,
					"count": 2,
					"min": 273,
					"max": 334
				},
				"2024-05-17": {
					"avg": 357,
					"count": 49,
					"min": 116,
					"max": 899
				},
				"2024-05-18": {
					"avg": 443,
					"count": 24,
					"min": 175,
					"max": 1085
				},
				"2024-05-19": {
					"avg": 345,
					"count": 1,
					"min": 345,
					"max": 345
				},
				"2024-05-20": {
					"avg": 311,
					"count": 1,
					"min": 311,
					"max": 311
				},
				"2024-05-21": {
					"avg": 497,
					"count": 5,
					"min": 295,
					"max": 589
				},
				"2024-05-22": {
					"avg": 494,
					"count": 3,
					"min": 345,
					"max": 569
				},
				"2024-05-25": {
					"avg": 239,
					"count": 1,
					"min": 239,
					"max": 239
				},
				"2024-05-26": {
					"avg": 522,
					"count": 2,
					"min": 409,
					"max": 635
				},
				"2024-05-27": {
					"avg": 378,
					"count": 3,
					"min": 287,
					"max": 467
				},
				"2024-05-30": {
					"avg": 311,
					"count": 8,
					"min": 311,
					"max": 311
				},
				"2024-05-31": {
					"avg": 618,
					"count": 1,
					"min": 618,
					"max": 618
				},
				"2024-06-01": {
					"avg": 757,
					"count": 1,
					"min": 757,
					"max": 757
				},
				"2024-06-03": {
					"avg": 342,
					"count": 1,
					"min": 342,
					"max": 342
				},
				"2024-06-04": {
					"avg": 361,
					"count": 13,
					"min": 225,
					"max": 419
				},
				"2024-06-06": {
					"avg": 343,
					"count": 3,
					"min": 330,
					"max": 353
				},
				"2024-06-07": {
					"avg": 498,
					"count": 2,
					"min": 376,
					"max": 620
				},
				"2024-06-12": {
					"avg": 444,
					"count": 3,
					"min": 317,
					"max": 651
				},
				"2024-06-13": {
					"avg": 363,
					"count": 1,
					"min": 363,
					"max": 363
				},
				"2024-06-14": {
					"avg": 208,
					"count": 2,
					"min": 200,
					"max": 215
				},
				"2024-06-15": {
					"avg": 647,
					"count": 1,
					"min": 647,
					"max": 647
				},
				"2024-06-16": {
					"avg": 200,
					"count": 1,
					"min": 200,
					"max": 200
				},
				"2024-06-17": {
					"avg": 213,
					"count": 1,
					"min": 213,
					"max": 213
				},
				"2024-06-18": {
					"avg": 197,
					"count": 1,
					"min": 197,
					"max": 197
				},
				"2024-06-19": {
					"avg": 319,
					"count": 1,
					"min": 319,
					"max": 319
				},
				"2024-06-24": {
					"avg": 275,
					"count": 1,
					"min": 275,
					"max": 275
				},
				"2024-06-25": {
					"avg": 306,
					"count": 2,
					"min": 294,
					"max": 317
				},
				"2024-06-26": {
					"avg": 348,
					"count": 2,
					"min": 257,
					"max": 438
				},
				"2024-06-27": {
					"avg": 687,
					"count": 1,
					"min": 687,
					"max": 687
				},
				"2024-06-30": {
					"avg": 335,
					"count": 1,
					"min": 335,
					"max": 335
				},
				"2024-07-01": {
					"avg": 195,
					"count": 1,
					"min": 195,
					"max": 195
				},
				"2024-07-03": {
					"avg": 914,
					"count": 2,
					"min": 630,
					"max": 1198
				},
				"2024-07-04": {
					"avg": 429,
					"count": 2,
					"min": 429,
					"max": 429
				},
				"2024-07-05": {
					"avg": 356,
					"count": 1,
					"min": 356,
					"max": 356
				},
				"2024-07-06": {
					"avg": 99,
					"count": 1,
					"min": 99,
					"max": 99
				},
				"2024-07-07": {
					"avg": 299,
					"count": 1,
					"min": 299,
					"max": 299
				},
				"2024-07-08": {
					"avg": 398,
					"count": 1,
					"min": 398,
					"max": 398
				},
				"2024-07-09": {
					"avg": 428,
					"count": 2,
					"min": 234,
					"max": 622
				},
				"2024-07-10": {
					"avg": 95,
					"count": 1,
					"min": 95,
					"max": 95
				},
				"2024-07-11": {
					"avg": 650,
					"count": 3,
					"min": 217,
					"max": 1395
				},
				"2024-07-12": {
					"avg": 229,
					"count": 2,
					"min": 217,
					"max": 240
				},
				"2024-07-13": {
					"avg": 398,
					"count": 1,
					"min": 398,
					"max": 398
				},
				"2024-07-14": {
					"avg": 198,
					"count": 1,
					"min": 198,
					"max": 198
				},
				"2024-07-16": {
					"avg": 231,
					"count": 2,
					"min": 222,
					"max": 240
				},
				"2024-07-17": {
					"avg": 219,
					"count": 1,
					"min": 219,
					"max": 219
				},
				"2024-07-20": {
					"avg": 505,
					"count": 2,
					"min": 306,
					"max": 704
				},
				"2024-07-21": {
					"avg": 760,
					"count": 1,
					"min": 760,
					"max": 760
				},
				"2024-07-22": {
					"avg": 468,
					"count": 2,
					"min": 315,
					"max": 621
				},
				"2024-07-23": {
					"avg": 105,
					"count": 1,
					"min": 105,
					"max": 105
				},
				"2024-07-24": {
					"avg": 324,
					"count": 1,
					"min": 324,
					"max": 324
				},
				"2024-07-25": {
					"avg": 512,
					"count": 2,
					"min": 327,
					"max": 697
				},
				"2024-07-26": {
					"avg": 226,
					"count": 1,
					"min": 226,
					"max": 226
				},
				"2024-07-27": {
					"avg": 620,
					"count": 1,
					"min": 620,
					"max": 620
				},
				"2024-07-28": {
					"avg": 346,
					"count": 2,
					"min": 105,
					"max": 586
				},
				"2024-07-29": {
					"avg": 299,
					"count": 1,
					"min": 299,
					"max": 299
				},
				"2024-07-30": {
					"avg": 261,
					"count": 1,
					"min": 261,
					"max": 261
				},
				"2024-07-31": {
					"avg": 897,
					"count": 1,
					"min": 897,
					"max": 897
				},
				"2024-08-01": {
					"avg": 617,
					"count": 4,
					"min": 209,
					"max": 1358
				},
				"2024-08-02": {
					"avg": 227,
					"count": 1,
					"min": 227,
					"max": 227
				},
				"2024-08-03": {
					"avg": 299,
					"count": 1,
					"min": 299,
					"max": 299
				},
				"2024-08-05": {
					"avg": 457,
					"count": 1,
					"min": 457,
					"max": 457
				},
				"2024-08-08": {
					"avg": 265,
					"count": 1,
					"min": 265,
					"max": 265
				},
				"2024-08-10": {
					"avg": 318,
					"count": 1,
					"min": 318,
					"max": 318
				},
				"2024-08-11": {
					"avg": 221,
					"count": 1,
					"min": 221,
					"max": 221
				},
				"2024-08-12": {
					"avg": 164,
					"count": 2,
					"min": 100,
					"max": 227
				},
				"2024-08-13": {
					"avg": 323,
					"count": 1,
					"min": 323,
					"max": 323
				},
				"2024-08-15": {
					"avg": 319,
					"count": 2,
					"min": 301,
					"max": 337
				},
				"2024-08-16": {
					"avg": 499,
					"count": 2,
					"min": 343,
					"max": 655
				},
				"2024-08-17": {
					"avg": 365,
					"count": 2,
					"min": 175,
					"max": 555
				},
				"2024-08-18": {
					"avg": 422,
					"count": 2,
					"min": 266,
					"max": 577
				},
				"2024-08-19": {
					"avg": 236,
					"count": 2,
					"min": 206,
					"max": 266
				},
				"2024-08-20": {
					"avg": 495,
					"count": 4,
					"min": 218,
					"max": 620
				},
				"2024-08-21": {
					"avg": 199,
					"count": 1,
					"min": 199,
					"max": 199
				},
				"2024-08-23": {
					"avg": 459,
					"count": 3,
					"min": 173,
					"max": 873
				},
				"2024-08-24": {
					"avg": 1002,
					"count": 1,
					"min": 1002,
					"max": 1002
				},
				"2024-08-25": {
					"avg": 273,
					"count": 3,
					"min": 208,
					"max": 382
				},
				"2024-08-27": {
					"avg": 311,
					"count": 2,
					"min": 301,
					"max": 321
				},
				"2024-08-28": {
					"avg": 866,
					"count": 1,
					"min": 866,
					"max": 866
				},
				"2024-08-30": {
					"avg": 598,
					"count": 1,
					"min": 598,
					"max": 598
				},
				"2024-09-03": {
					"avg": 406,
					"count": 2,
					"min": 202,
					"max": 609
				},
				"2024-09-04": {
					"avg": 345,
					"count": 2,
					"min": 337,
					"max": 352
				},
				"2024-09-05": {
					"avg": 594,
					"count": 7,
					"min": 224,
					"max": 1426
				},
				"2024-09-07": {
					"avg": 199,
					"count": 1,
					"min": 199,
					"max": 199
				},
				"2024-09-08": {
					"avg": 199,
					"count": 1,
					"min": 199,
					"max": 199
				},
				"2024-09-09": {
					"avg": 580,
					"count": 1,
					"min": 580,
					"max": 580
				},
				"2024-09-11": {
					"avg": 277,
					"count": 2,
					"min": 227,
					"max": 327
				},
				"2024-09-12": {
					"avg": 175,
					"count": 1,
					"min": 175,
					"max": 175
				},
				"2024-09-14": {
					"avg": 897,
					"count": 1,
					"min": 897,
					"max": 897
				},
				"2024-09-15": {
					"avg": 721,
					"count": 2,
					"min": 598,
					"max": 843
				},
				"2024-09-18": {
					"avg": 459,
					"count": 3,
					"min": 215,
					"max": 580
				},
				"2024-09-19": {
					"avg": 102,
					"count": 1,
					"min": 102,
					"max": 102
				},
				"2024-09-21": {
					"avg": 153,
					"count": 2,
					"min": 95,
					"max": 210
				},
				"2024-09-22": {
					"avg": 470,
					"count": 3,
					"min": 221,
					"max": 654
				},
				"2024-09-23": {
					"avg": 261,
					"count": 1,
					"min": 261,
					"max": 261
				}
			},
			"avg": 392,
			"avg7": 391,
			"avg28": 391
		},
		"normal-played": {
			"history": {
				"2024-05-23": {
					"avg": 415,
					"count": 1,
					"min": 415,
					"max": 415
				},
				"2024-05-24": {
					"avg": 179,
					"count": 1,
					"min": 179,
					"max": 179
				},
				"2024-05-25": {
					"avg": 220,
					"count": 1,
					"min": 220,
					"max": 220
				},
				"2024-05-26": {
					"avg": 328,
					"count": 1,
					"min": 328,
					"max": 328
				},
				"2024-05-28": {
					"avg": 257,
					"count": 1,
					"min": 257,
					"max": 257
				},
				"2024-05-30": {
					"avg": 175,
					"count": 1,
					"min": 175,
					"max": 175
				},
				"2024-05-31": {
					"avg": 179,
					"count": 1,
					"min": 179,
					"max": 179
				},
				"2024-06-01": {
					"avg": 300,
					"count": 1,
					"min": 300,
					"max": 300
				},
				"2024-06-03": {
					"avg": 293,
					"count": 1,
					"min": 293,
					"max": 293
				},
				"2024-06-06": {
					"avg": 320,
					"count": 1,
					"min": 320,
					"max": 320
				},
				"2024-06-07": {
					"avg": 277,
					"count": 7,
					"min": 212,
					"max": 301
				},
				"2024-06-12": {
					"avg": 308,
					"count": 1,
					"min": 308,
					"max": 308
				},
				"2024-06-16": {
					"avg": 174,
					"count": 1,
					"min": 174,
					"max": 174
				},
				"2024-06-19": {
					"avg": 277,
					"count": 1,
					"min": 277,
					"max": 277
				},
				"2024-06-20": {
					"avg": 519,
					"count": 1,
					"min": 519,
					"max": 519
				},
				"2024-06-22": {
					"avg": 318,
					"count": 2,
					"min": 318,
					"max": 318
				},
				"2024-06-23": {
					"avg": 369,
					"count": 1,
					"min": 369,
					"max": 369
				},
				"2024-06-24": {
					"avg": 456,
					"count": 3,
					"min": 306,
					"max": 542
				},
				"2024-06-27": {
					"avg": 153,
					"count": 2,
					"min": 136,
					"max": 170
				},
				"2024-06-29": {
					"avg": 214,
					"count": 1,
					"min": 214,
					"max": 214
				},
				"2024-06-30": {
					"avg": 255,
					"count": 1,
					"min": 255,
					"max": 255
				},
				"2024-07-04": {
					"avg": 246,
					"count": 4,
					"min": 169,
					"max": 298
				},
				"2024-07-05": {
					"avg": 552,
					"count": 1,
					"min": 552,
					"max": 552
				},
				"2024-07-06": {
					"avg": 216,
					"count": 2,
					"min": 194,
					"max": 237
				},
				"2024-07-10": {
					"avg": 170,
					"count": 1,
					"min": 170,
					"max": 170
				},
				"2024-07-11": {
					"avg": 194,
					"count": 1,
					"min": 194,
					"max": 194
				},
				"2024-07-13": {
					"avg": 222,
					"count": 1,
					"min": 222,
					"max": 222
				},
				"2024-07-14": {
					"avg": 100,
					"count": 1,
					"min": 100,
					"max": 100
				},
				"2024-07-16": {
					"avg": 562,
					"count": 2,
					"min": 174,
					"max": 949
				},
				"2024-07-18": {
					"avg": 99,
					"count": 1,
					"min": 99,
					"max": 99
				},
				"2024-07-20": {
					"avg": 258,
					"count": 1,
					"min": 258,
					"max": 258
				},
				"2024-07-21": {
					"avg": 219,
					"count": 1,
					"min": 219,
					"max": 219
				},
				"2024-07-23": {
					"avg": 391,
					"count": 4,
					"min": 226,
					"max": 552
				},
				"2024-07-24": {
					"avg": 174,
					"count": 2,
					"min": 174,
					"max": 174
				},
				"2024-07-25": {
					"avg": 184,
					"count": 2,
					"min": 100,
					"max": 267
				},
				"2024-07-26": {
					"avg": 177,
					"count": 3,
					"min": 133,
					"max": 209
				},
				"2024-07-27": {
					"avg": 133,
					"count": 1,
					"min": 133,
					"max": 133
				},
				"2024-07-28": {
					"avg": 133,
					"count": 1,
					"min": 133,
					"max": 133
				},
				"2024-07-31": {
					"avg": 214,
					"count": 2,
					"min": 202,
					"max": 226
				},
				"2024-08-03": {
					"avg": 300,
					"count": 1,
					"min": 300,
					"max": 300
				},
				"2024-08-04": {
					"avg": 434,
					"count": 2,
					"min": 298,
					"max": 570
				},
				"2024-08-05": {
					"avg": 245,
					"count": 1,
					"min": 245,
					"max": 245
				},
				"2024-08-06": {
					"avg": 570,
					"count": 1,
					"min": 570,
					"max": 570
				},
				"2024-08-07": {
					"avg": 221,
					"count": 1,
					"min": 221,
					"max": 221
				},
				"2024-08-08": {
					"avg": 368,
					"count": 1,
					"min": 368,
					"max": 368
				},
				"2024-08-10": {
					"avg": 99,
					"count": 1,
					"min": 99,
					"max": 99
				},
				"2024-08-11": {
					"avg": 400,
					"count": 2,
					"min": 300,
					"max": 500
				},
				"2024-08-13": {
					"avg": 138,
					"count": 1,
					"min": 138,
					"max": 138
				},
				"2024-08-14": {
					"avg": 200,
					"count": 4,
					"min": 126,
					"max": 227
				},
				"2024-08-15": {
					"avg": 438,
					"count": 1,
					"min": 438,
					"max": 438
				},
				"2024-08-16": {
					"avg": 266,
					"count": 6,
					"min": 134,
					"max": 680
				},
				"2024-08-17": {
					"avg": 314,
					"count": 2,
					"min": 150,
					"max": 478
				},
				"2024-08-18": {
					"avg": 258,
					"count": 1,
					"min": 258,
					"max": 258
				},
				"2024-08-20": {
					"avg": 478,
					"count": 1,
					"min": 478,
					"max": 478
				},
				"2024-08-23": {
					"avg": 723,
					"count": 3,
					"min": 250,
					"max": 1297
				},
				"2024-08-27": {
					"avg": 363,
					"count": 2,
					"min": 226,
					"max": 500
				},
				"2024-08-28": {
					"avg": 170,
					"count": 1,
					"min": 170,
					"max": 170
				},
				"2024-08-31": {
					"avg": 174,
					"count": 1,
					"min": 174,
					"max": 174
				},
				"2024-09-02": {
					"avg": 499,
					"count": 2,
					"min": 499,
					"max": 499
				},
				"2024-09-03": {
					"avg": 251,
					"count": 3,
					"min": 178,
					"max": 298
				},
				"2024-09-07": {
					"avg": 131,
					"count": 2,
					"min": 130,
					"max": 132
				},
				"2024-09-09": {
					"avg": 129,
					"count": 1,
					"min": 129,
					"max": 129
				},
				"2024-09-15": {
					"avg": 180,
					"count": 1,
					"min": 180,
					"max": 180
				},
				"2024-09-18": {
					"avg": 100,
					"count": 1,
					"min": 100,
					"max": 100
				},
				"2024-09-20": {
					"avg": 221,
					"count": 1,
					"min": 221,
					"max": 221
				},
				"2024-09-22": {
					"avg": 371,
					"count": 7,
					"min": 163,
					"max": 766
				},
				"2024-09-23": {
					"avg": 356,
					"count": 2,
					"min": 356,
					"max": 356
				}
			},
			"avg": 295,
			"avg7": -1,
			"avg28": -1
		},
		"normal-poor": {
			"history": {
				"2024-05-24": {
					"avg": 85,
					"count": 1,
					"min": 85,
					"max": 85
				},
				"2024-05-28": {
					"avg": 174,
					"count": 1,
					"min": 174,
					"max": 174
				},
				"2024-05-29": {
					"avg": 175,
					"count": 2,
					"min": 174,
					"max": 176
				},
				"2024-06-08": {
					"avg": 89,
					"count": 1,
					"min": 89,
					"max": 89
				},
				"2024-06-20": {
					"avg": 100,
					"count": 1,
					"min": 100,
					"max": 100
				},
				"2024-06-23": {
					"avg": 247,
					"count": 1,
					"min": 247,
					"max": 247
				},
				"2024-06-25": {
					"avg": 132,
					"count": 1,
					"min": 132,
					"max": 132
				},
				"2024-06-26": {
					"avg": 124,
					"count": 1,
					"min": 124,
					"max": 124
				},
				"2024-07-02": {
					"avg": 99,
					"count": 1,
					"min": 99,
					"max": 99
				},
				"2024-07-03": {
					"avg": 226,
					"count": 1,
					"min": 226,
					"max": 226
				},
				"2024-07-16": {
					"avg": 131,
					"count": 1,
					"min": 131,
					"max": 131
				},
				"2024-07-23": {
					"avg": 185,
					"count": 5,
					"min": 131,
					"max": 211
				},
				"2024-07-25": {
					"avg": 95,
					"count": 1,
					"min": 95,
					"max": 95
				},
				"2024-07-28": {
					"avg": 275,
					"count": 1,
					"min": 275,
					"max": 275
				},
				"2024-07-29": {
					"avg": 395,
					"count": 1,
					"min": 395,
					"max": 395
				},
				"2024-08-03": {
					"avg": 128,
					"count": 1,
					"min": 128,
					"max": 128
				},
				"2024-08-06": {
					"avg": 204,
					"count": 1,
					"min": 204,
					"max": 204
				},
				"2024-08-10": {
					"avg": 113,
					"count": 1,
					"min": 113,
					"max": 113
				},
				"2024-08-16": {
					"avg": 171,
					"count": 5,
					"min": 113,
					"max": 249
				},
				"2024-08-26": {
					"avg": 285,
					"count": 1,
					"min": 285,
					"max": 285
				},
				"2024-09-02": {
					"avg": 229,
					"count": 1,
					"min": 229,
					"max": 229
				},
				"2024-09-06": {
					"avg": 174,
					"count": 1,
					"min": 174,
					"max": 174
				},
				"2024-09-07": {
					"avg": 582,
					"count": 1,
					"min": 582,
					"max": 582
				},
				"2024-09-13": {
					"avg": 99,
					"count": 2,
					"min": 95,
					"max": 102
				},
				"2024-09-15": {
					"avg": 95,
					"count": 1,
					"min": 95,
					"max": 95
				},
				"2024-09-16": {
					"avg": 95,
					"count": 1,
					"min": 95,
					"max": 95
				},
				"2024-09-18": {
					"avg": 95,
					"count": 2,
					"min": 95,
					"max": 95
				},
				"2024-09-20": {
					"avg": 305,
					"count": 2,
					"min": 95,
					"max": 514
				},
				"2024-09-21": {
					"avg": 95,
					"count": 1,
					"min": 95,
					"max": 95
				}
			},
			"avg": 178,
			"avg7": -1,
			"avg28": -1
		},
		"normal-nearmint": {
			"history": {
				"2024-05-23": {
					"avg": 838,
					"count": 1,
					"min": 838,
					"max": 838
				},
				"2024-05-27": {
					"avg": 825,
					"count": 1,
					"min": 825,
					"max": 825
				},
				"2024-05-28": {
					"avg": 1099,
					"count": 1,
					"min": 1099,
					"max": 1099
				},
				"2024-05-30": {
					"avg": 354,
					"count": 1,
					"min": 354,
					"max": 354
				},
				"2024-05-31": {
					"avg": 939,
					"count": 1,
					"min": 939,
					"max": 939
				},
				"2024-06-01": {
					"avg": 354,
					"count": 1,
					"min": 354,
					"max": 354
				},
				"2024-06-02": {
					"avg": 396,
					"count": 1,
					"min": 396,
					"max": 396
				},
				"2024-06-04": {
					"avg": 309,
					"count": 6,
					"min": 235,
					"max": 403
				},
				"2024-06-05": {
					"avg": 350,
					"count": 1,
					"min": 350,
					"max": 350
				},
				"2024-06-07": {
					"avg": 952,
					"count": 1,
					"min": 952,
					"max": 952
				},
				"2024-06-09": {
					"avg": 230,
					"count": 1,
					"min": 230,
					"max": 230
				},
				"2024-06-11": {
					"avg": 230,
					"count": 1,
					"min": 230,
					"max": 230
				},
				"2024-06-13": {
					"avg": 1323,
					"count": 1,
					"min": 1323,
					"max": 1323
				},
				"2024-06-14": {
					"avg": 382,
					"count": 1,
					"min": 382,
					"max": 382
				},
				"2024-06-15": {
					"avg": 909,
					"count": 1,
					"min": 909,
					"max": 909
				},
				"2024-06-16": {
					"avg": 434,
					"count": 1,
					"min": 434,
					"max": 434
				},
				"2024-06-17": {
					"avg": 350,
					"count": 1,
					"min": 350,
					"max": 350
				},
				"2024-06-18": {
					"avg": 799,
					"count": 3,
					"min": 403,
					"max": 1052
				},
				"2024-06-19": {
					"avg": 356,
					"count": 2,
					"min": 350,
					"max": 362
				},
				"2024-06-21": {
					"avg": 1398,
					"count": 1,
					"min": 1398,
					"max": 1398
				},
				"2024-06-22": {
					"avg": 339,
					"count": 1,
					"min": 339,
					"max": 339
				},
				"2024-06-23": {
					"avg": 499,
					"count": 1,
					"min": 499,
					"max": 499
				},
				"2024-06-28": {
					"avg": 403,
					"count": 1,
					"min": 403,
					"max": 403
				},
				"2024-06-29": {
					"avg": 381,
					"count": 1,
					"min": 381,
					"max": 381
				},
				"2024-07-02": {
					"avg": 381,
					"count": 1,
					"min": 381,
					"max": 381
				},
				"2024-07-03": {
					"avg": 928,
					"count": 2,
					"min": 497,
					"max": 1359
				},
				"2024-07-04": {
					"avg": 497,
					"count": 1,
					"min": 497,
					"max": 497
				},
				"2024-07-05": {
					"avg": 497,
					"count": 1,
					"min": 497,
					"max": 497
				},
				"2024-07-07": {
					"avg": 461,
					"count": 2,
					"min": 424,
					"max": 497
				},
				"2024-07-09": {
					"avg": 497,
					"count": 1,
					"min": 497,
					"max": 497
				},
				"2024-07-13": {
					"avg": 404,
					"count": 2,
					"min": 404,
					"max": 404
				},
				"2024-07-14": {
					"avg": 549,
					"count": 1,
					"min": 549,
					"max": 549
				},
				"2024-07-18": {
					"avg": 350,
					"count": 1,
					"min": 350,
					"max": 350
				},
				"2024-07-19": {
					"avg": 892,
					"count": 2,
					"min": 489,
					"max": 1294
				},
				"2024-07-21": {
					"avg": 1077,
					"count": 1,
					"min": 1077,
					"max": 1077
				},
				"2024-07-22": {
					"avg": 409,
					"count": 1,
					"min": 409,
					"max": 409
				},
				"2024-07-23": {
					"avg": 497,
					"count": 1,
					"min": 497,
					"max": 497
				},
				"2024-07-27": {
					"avg": 497,
					"count": 1,
					"min": 497,
					"max": 497
				},
				"2024-07-28": {
					"avg": 797,
					"count": 3,
					"min": 497,
					"max": 974
				},
				"2024-07-29": {
					"avg": 382,
					"count": 1,
					"min": 382,
					"max": 382
				},
				"2024-07-30": {
					"avg": 1594,
					"count": 1,
					"min": 1594,
					"max": 1594
				},
				"2024-08-01": {
					"avg": 985,
					"count": 1,
					"min": 985,
					"max": 985
				},
				"2024-08-02": {
					"avg": 510,
					"count": 1,
					"min": 510,
					"max": 510
				},
				"2024-08-03": {
					"avg": 996,
					"count": 1,
					"min": 996,
					"max": 996
				},
				"2024-08-05": {
					"avg": 430,
					"count": 2,
					"min": 410,
					"max": 450
				},
				"2024-08-06": {
					"avg": 379,
					"count": 1,
					"min": 379,
					"max": 379
				},
				"2024-08-07": {
					"avg": 389,
					"count": 2,
					"min": 280,
					"max": 497
				},
				"2024-08-11": {
					"avg": 282,
					"count": 1,
					"min": 282,
					"max": 282
				},
				"2024-08-12": {
					"avg": 410,
					"count": 1,
					"min": 410,
					"max": 410
				},
				"2024-08-17": {
					"avg": 453,
					"count": 2,
					"min": 386,
					"max": 519
				},
				"2024-08-18": {
					"avg": 628,
					"count": 3,
					"min": 406,
					"max": 977
				},
				"2024-08-22": {
					"avg": 734,
					"count": 2,
					"min": 369,
					"max": 1098
				},
				"2024-08-23": {
					"avg": 1102,
					"count": 1,
					"min": 1102,
					"max": 1102
				},
				"2024-08-25": {
					"avg": 414,
					"count": 1,
					"min": 414,
					"max": 414
				},
				"2024-08-26": {
					"avg": 883,
					"count": 3,
					"min": 382,
					"max": 1823
				},
				"2024-08-29": {
					"avg": 959,
					"count": 2,
					"min": 495,
					"max": 1422
				},
				"2024-08-30": {
					"avg": 500,
					"count": 1,
					"min": 500,
					"max": 500
				},
				"2024-09-01": {
					"avg": 1162,
					"count": 1,
					"min": 1162,
					"max": 1162
				},
				"2024-09-03": {
					"avg": 410,
					"count": 1,
					"min": 410,
					"max": 410
				},
				"2024-09-05": {
					"avg": 499,
					"count": 2,
					"min": 499,
					"max": 499
				},
				"2024-09-06": {
					"avg": 365,
					"count": 1,
					"min": 365,
					"max": 365
				},
				"2024-09-08": {
					"avg": 500,
					"count": 1,
					"min": 500,
					"max": 500
				},
				"2024-09-09": {
					"avg": 1123,
					"count": 1,
					"min": 1123,
					"max": 1123
				},
				"2024-09-11": {
					"avg": 442,
					"count": 1,
					"min": 442,
					"max": 442
				},
				"2024-09-12": {
					"avg": 1031,
					"count": 1,
					"min": 1031,
					"max": 1031
				},
				"2024-09-14": {
					"avg": 1031,
					"count": 1,
					"min": 1031,
					"max": 1031
				},
				"2024-09-15": {
					"avg": 392,
					"count": 2,
					"min": 370,
					"max": 414
				},
				"2024-09-19": {
					"avg": 1031,
					"count": 1,
					"min": 1031,
					"max": 1031
				},
				"2024-09-20": {
					"avg": 1447,
					"count": 1,
					"min": 1447,
					"max": 1447
				},
				"2024-09-21": {
					"avg": 348,
					"count": 2,
					"min": 325,
					"max": 370
				}
			},
			"avg": 625,
			"avg7": -1,
			"avg28": -1
		},
		"normal-used": {
			"history": {
				"2024-06-01": {
					"avg": 267,
					"count": 2,
					"min": 261,
					"max": 272
				},
				"2024-06-02": {
					"avg": 155,
					"count": 1,
					"min": 155,
					"max": 155
				},
				"2024-06-04": {
					"avg": 190,
					"count": 1,
					"min": 190,
					"max": 190
				},
				"2024-06-06": {
					"avg": 300,
					"count": 1,
					"min": 300,
					"max": 300
				},
				"2024-06-11": {
					"avg": 455,
					"count": 1,
					"min": 455,
					"max": 455
				},
				"2024-06-21": {
					"avg": 164,
					"count": 1,
					"min": 164,
					"max": 164
				},
				"2024-06-22": {
					"avg": 282,
					"count": 1,
					"min": 282,
					"max": 282
				},
				"2024-06-24": {
					"avg": 553,
					"count": 2,
					"min": 356,
					"max": 749
				},
				"2024-07-01": {
					"avg": 447,
					"count": 3,
					"min": 236,
					"max": 749
				},
				"2024-07-02": {
					"avg": 849,
					"count": 1,
					"min": 849,
					"max": 849
				},
				"2024-07-04": {
					"avg": 114,
					"count": 1,
					"min": 114,
					"max": 114
				},
				"2024-07-13": {
					"avg": 359,
					"count": 1,
					"min": 359,
					"max": 359
				},
				"2024-07-16": {
					"avg": 199,
					"count": 1,
					"min": 199,
					"max": 199
				},
				"2024-07-23": {
					"avg": 221,
					"count": 4,
					"min": 184,
					"max": 249
				},
				"2024-07-25": {
					"avg": 240,
					"count": 1,
					"min": 240,
					"max": 240
				},
				"2024-07-27": {
					"avg": 366,
					"count": 1,
					"min": 366,
					"max": 366
				},
				"2024-08-04": {
					"avg": 310,
					"count": 1,
					"min": 310,
					"max": 310
				},
				"2024-08-08": {
					"avg": 249,
					"count": 1,
					"min": 249,
					"max": 249
				},
				"2024-08-12": {
					"avg": 496,
					"count": 1,
					"min": 496,
					"max": 496
				},
				"2024-08-16": {
					"avg": 175,
					"count": 2,
					"min": 138,
					"max": 211
				},
				"2024-08-19": {
					"avg": 210,
					"count": 1,
					"min": 210,
					"max": 210
				},
				"2024-08-24": {
					"avg": 212,
					"count": 1,
					"min": 212,
					"max": 212
				},
				"2024-08-28": {
					"avg": 288,
					"count": 1,
					"min": 288,
					"max": 288
				},
				"2024-08-30": {
					"avg": 210,
					"count": 1,
					"min": 210,
					"max": 210
				},
				"2024-08-31": {
					"avg": 68,
					"count": 1,
					"min": 68,
					"max": 68
				},
				"2024-09-06": {
					"avg": 272,
					"count": 1,
					"min": 272,
					"max": 272
				},
				"2024-09-10": {
					"avg": 159,
					"count": 1,
					"min": 159,
					"max": 159
				},
				"2024-09-13": {
					"avg": 156,
					"count": 1,
					"min": 156,
					"max": 156
				},
				"2024-09-14": {
					"avg": 376,
					"count": 1,
					"min": 376,
					"max": 376
				},
				"2024-09-20": {
					"avg": 700,
					"count": 1,
					"min": 700,
					"max": 700
				}
			},
			"avg": 305,
			"avg7": -1,
			"avg28": -1
		}
	}
}