{
	"data": {
		"normal-good": {
			"history": {
				"2022-11-13": {
					"avg": 199,
					"count": 5
				},
				"2022-11-14": {
					"avg": 384,
					"count": 2
				},
				"2022-11-15": {
					"avg": 344,
					"count": 2
				},
				"2022-11-16": {
					"avg": 394,
					"count": 1
				},
				"2022-11-17": {
					"avg": 283,
					"count": 4
				},
				"2022-11-18": {
					"avg": 309,
					"count": 1
				},
				"2022-11-19": {
					"avg": 438,
					"count": 5,
					"min": 177,
					"max": 894
				},
				"2022-11-20": {
					"avg": 163,
					"count": 2,
					"min": 149,
					"max": 177
				},
				"2022-11-22": {
					"avg": 310,
					"count": 3,
					"min": 125,
					"max": 426
				},
				"2022-11-23": {
					"avg": 75,
					"count": 3,
					"min": 65,
					"max": 96
				},
				"2022-11-25": {
					"avg": 210,
					"count": 6,
					"min": 183,
					"max": 298
				},
				"2022-11-26": {
					"avg": 298,
					"count": 1,
					"min": 298,
					"max": 298
				},
				"2022-11-27": {
					"avg": 284,
					"count": 4,
					"min": 151,
					"max": 553
				},
				"2022-11-28": {
					"avg": 182,
					"count": 3,
					"min": 65,
					"max": 298
				},
				"2022-11-29": {
					"avg": 599,
					"count": 2,
					"min": 399,
					"max": 799
				},
				"2022-11-30": {
					"avg": 302,
					"count": 1,
					"min": 302,
					"max": 302
				},
				"2022-12-01": {
					"avg": 139,
					"count": 3,
					"min": 50,
					"max": 189
				},
				"2022-12-02": {
					"avg": 363,
					"count": 6,
					"min": 172,
					"max": 699
				},
				"2022-12-03": {
					"avg": 548,
					"count": 2,
					"min": 297,
					"max": 799
				},
				"2022-12-04": {
					"avg": 176,
					"count": 6,
					"min": 50,
					"max": 302
				},
				"2022-12-05": {
					"avg": 194,
					"count": 9,
					"min": 99,
					"max": 284
				},
				"2022-12-06": {
					"avg": 173,
					"count": 1,
					"min": 173,
					"max": 173
				},
				"2022-12-07": {
					"avg": 256,
					"count": 5,
					"min": 175,
					"max": 530
				},
				"2022-12-09": {
					"avg": 336,
					"count": 1,
					"min": 336,
					"max": 336
				},
				"2022-12-10": {
					"avg": 489,
					"count": 6,
					"min": 250,
					"max": 699
				},
				"2022-12-13": {
					"avg": 515,
					"count": 5,
					"min": 77,
					"max": 899
				},
				"2022-12-14": {
					"avg": 530,
					"count": 2,
					"min": 530,
					"max": 530
				},
				"2022-12-15": {
					"avg": 473,
					"count": 3,
					"min": 155,
					"max": 818
				},
				"2022-12-16": {
					"avg": 317,
					"count": 8,
					"min": 83,
					"max": 828
				},
				"2022-12-17": {
					"avg": 255,
					"count": 2,
					"min": 161,
					"max": 349
				},
				"2022-12-18": {
					"avg": 170,
					"count": 3,
					"min": 65,
					"max": 297
				},
				"2022-12-19": {
					"avg": 499,
					"count": 1,
					"min": 499,
					"max": 499
				},
				"2022-12-20": {
					"avg": 159,
					"count": 1,
					"min": 159,
					"max": 159
				},
				"2022-12-21": {
					"avg": 535,
					"count": 2,
					"min": 371,
					"max": 699
				},
				"2022-12-22": {
					"avg": 303,
					"count": 1,
					"min": 303,
					"max": 303
				},
				"2022-12-23": {
					"avg": 562,
					"count": 3,
					"min": 184,
					"max": 752
				},
				"2022-12-24": {
					"avg": 306,
					"count": 2,
					"min": 180,
					"max": 432
				},
				"2022-12-25": {
					"avg": 399,
					"count": 1,
					"min": 399,
					"max": 399
				},
				"2022-12-26": {
					"avg": 166,
					"count": 1,
					"min": 166,
					"max": 166
				},
				"2022-12-27": {
					"avg": 279,
					"count": 3,
					"min": 164,
					"max": 349
				},
				"2022-12-28": {
					"avg": 267,
					"count": 5,
					"min": 164,
					"max": 530
				},
				"2022-12-29": {
					"avg": 293,
					"count": 11,
					"min": 174,
					"max": 669
				},
				"2022-12-30": {
					"avg": 164,
					"count": 1,
					"min": 164,
					"max": 164
				},
				"2022-12-31": {
					"avg": 699,
					"count": 2,
					"min": 150,
					"max": 1248
				},
				"2023-01-01": {
					"avg": 239,
					"count": 6,
					"min": 95,
					"max": 413
				},
				"2023-01-02": {
					"avg": 315,
					"count": 5,
					"min": 294,
					"max": 399
				},
				"2023-01-03": {
					"avg": 399,
					"count": 1,
					"min": 399,
					"max": 399
				},
				"2023-01-04": {
					"avg": 398,
					"count": 2,
					"min": 179,
					"max": 617
				},
				"2023-01-05": {
					"avg": 405,
					"count": 8,
					"min": 194,
					"max": 530
				},
				"2023-01-06": {
					"avg": 499,
					"count": 3,
					"min": 272,
					"max": 899
				},
				"2023-01-07": {
					"avg": 358,
					"count": 3,
					"min": 184,
					"max": 489
				},
				"2023-01-08": {
					"avg": 338,
					"count": 5,
					"min": 195,
					"max": 725
				},
				"2023-01-09": {
					"avg": 275,
					"count": 2,
					"min": 50,
					"max": 500
				},
				"2023-01-10": {
					"avg": 623,
					"count": 2,
					"min": 521,
					"max": 725
				},
				"2023-01-11": {
					"avg": 804,
					"count": 1,
					"min": 804,
					"max": 804
				},
				"2023-01-12": {
					"avg": 193,
					"count": 2,
					"min": 184,
					"max": 202
				},
				"2023-02-06": {
					"avg": 200,
					"count": 6,
					"min": 87,
					"max": 391
				},
				"2023-02-07": {
					"avg": 296,
					"count": 3,
					"min": 258,
					"max": 359
				},
				"2023-02-08": {
					"avg": 220,
					"count": 3,
					"min": 87,
					"max": 308
				},
				"2023-02-10": {
					"avg": 317,
					"count": 2,
					"min": 274,
					"max": 359
				},
				"2023-02-11": {
					"avg": 258,
					"count": 3,
					"min": 174,
					"max": 359
				},
				"2023-02-12": {
					"avg": 247,
					"count": 3,
					"min": 65,
					"max": 459
				},
				"2023-02-13": {
					"avg": 159,
					"count": 2,
					"min": 99,
					"max": 218
				},
				"2023-02-14": {
					"avg": 474,
					"count": 1,
					"min": 474,
					"max": 474
				},
				"2023-02-15": {
					"avg": 199,
					"count": 1,
					"min": 199,
					"max": 199
				},
				"2023-02-16": {
					"avg": 289,
					"count": 4,
					"min": 259,
					"max": 340
				},
				"2023-02-17": {
					"avg": 351,
					"count": 4,
					"min": 281,
					"max": 449
				},
				"2023-02-18": {
					"avg": 198,
					"count": 3,
					"min": 50,
					"max": 290
				},
				"2023-02-19": {
					"avg": 798,
					"count": 2,
					"min": 698,
					"max": 898
				},
				"2023-02-20": {
					"avg": 472,
					"count": 4,
					"min": 299,
					"max": 598
				},
				"2023-02-21": {
					"avg": 193,
					"count": 1,
					"min": 193,
					"max": 193
				},
				"2023-02-22": {
					"avg": 495,
					"count": 3,
					"min": 218,
					"max": 898
				},
				"2023-02-23": {
					"avg": 306,
					"count": 6,
					"min": 149,
					"max": 700
				},
				"2023-02-24": {
					"avg": 344,
					"count": 3,
					"min": 168,
					"max": 669
				},
				"2023-02-26": {
					"avg": 205,
					"count": 2,
					"min": 115,
					"max": 294
				},
				"2023-02-27": {
					"avg": 231,
					"count": 1,
					"min": 231,
					"max": 231
				},
				"2023-03-01": {
					"avg": 262,
					"count": 4,
					"min": 138,
					"max": 367
				},
				"2023-03-03": {
					"avg": 285,
					"count": 2,
					"min": 231,
					"max": 339
				},
				"2023-03-04": {
					"avg": 307,
					"count": 4,
					"min": 169,
					"max": 700
				},
				"2023-03-05": {
					"avg": 294,
					"count": 2,
					"min": 168,
					"max": 420
				},
				"2023-03-06": {
					"avg": 350,
					"count": 1,
					"min": 350,
					"max": 350
				},
				"2023-03-07": {
					"avg": 345,
					"count": 7,
					"min": 199,
					"max": 769
				},
				"2023-03-09": {
					"avg": 363,
					"count": 3,
					"min": 202,
					"max": 495
				},
				"2023-03-10": {
					"avg": 258,
					"count": 3,
					"min": 181,
					"max": 399
				},
				"2023-03-11": {
					"avg": 722,
					"count": 2,
					"min": 674,
					"max": 769
				},
				"2023-03-12": {
					"avg": 244,
					"count": 2,
					"min": 195,
					"max": 292
				},
				"2023-03-13": {
					"avg": 499,
					"count": 1,
					"min": 499,
					"max": 499
				},
				"2023-03-14": {
					"avg": 571,
					"count": 5,
					"min": 160,
					"max": 674
				},
				"2023-03-15": {
					"avg": 405,
					"count": 2,
					"min": 351,
					"max": 458
				},
				"2023-03-16": {
					"avg": 333,
					"count": 3,
					"min": 230,
					"max": 420
				},
				"2023-03-17": {
					"avg": 247,
					"count": 2,
					"min": 202,
					"max": 292
				},
				"2023-03-18": {
					"avg": 352,
					"count": 2,
					"min": 148,
					"max": 556
				},
				"2023-03-19": {
					"avg": 205,
					"count": 1,
					"min": 205,
					"max": 205
				},
				"2023-03-20": {
					"avg": 899,
					"count": 1,
					"min": 899,
					"max": 899
				},
				"2023-03-21": {
					"avg": 500,
					"count": 1,
					"min": 500,
					"max": 500
				},
				"2023-03-23": {
					"avg": 167,
					"count": 2,
					"min": 129,
					"max": 204
				},
				"2023-03-24": {
					"avg": 209,
					"count": 2,
					"min": 115,
					"max": 302
				},
				"2023-03-25": {
					"avg": 422,
					"count": 3,
					"min": 369,
					"max": 499
				},
				"2023-03-27": {
					"avg": 822,
					"count": 2,
					"min": 769,
					"max": 874
				},
				"2023-03-28": {
					"avg": 425,
					"count": 2,
					"min": 186,
					"max": 664
				},
				"2023-03-29": {
					"avg": 270,
					"count": 4,
					"min": 227,
					"max": 397
				},
				"2023-03-31": {
					"avg": 447,
					"count": 3,
					"min": 56,
					"max": 740
				},
				"2023-04-01": {
					"avg": 168,
					"count": 1,
					"min": 168,
					"max": 168
				},
				"2023-04-02": {
					"avg": 199,
					"count": 1,
					"min": 199,
					"max": 199
				},
				"2023-04-03": {
					"avg": 284,
					"count": 2,
					"min": 168,
					"max": 399
				},
				"2023-04-04": {
					"avg": 197,
					"count": 1,
					"min": 197,
					"max": 197
				},
				"2023-04-05": {
					"avg": 185,
					"count": 3,
					"min": 112,
					"max": 250
				},
				"2023-04-07": {
					"avg": 351,
					"count": 2,
					"min": 304,
					"max": 397
				},
				"2023-04-08": {
					"avg": 198,
					"count": 1,
					"min": 198,
					"max": 198
				},
				"2023-04-09": {
					"avg": 146,
					"count": 2,
					"min": 95,
					"max": 197
				},
				"2023-04-10": {
					"avg": 65,
					"count": 1,
					"min": 65,
					"max": 65
				},
				"2023-04-11": {
					"avg": 218,
					"count": 2,
					"min": 199,
					"max": 237
				},
				"2023-04-12": {
					"avg": 50,
					"count": 1,
					"min": 50,
					"max": 50
				},
				"2023-04-13": {
					"avg": 544,
					"count": 2,
					"min": 544,
					"max": 544
				},
				"2023-04-15": {
					"avg": 473,
					"count": 5,
					"min": 184,
					"max": 795
				},
				"2023-04-17": {
					"avg": 396,
					"count": 2,
					"min": 357,
					"max": 434
				},
				"2023-04-18": {
					"avg": 245,
					"count": 5,
					"min": 206,
					"max": 303
				},
				"2023-04-19": {
					"avg": 1348,
					"count": 1,
					"min": 1348,
					"max": 1348
				},
				"2023-04-20": {
					"avg": 316,
					"count": 1,
					"min": 316,
					"max": 316
				},
				"2023-04-22": {
					"avg": 197,
					"count": 1,
					"min": 197,
					"max": 197
				},
				"2023-04-23": {
					"avg": 395,
					"count": 1,
					"min": 395,
					"max": 395
				},
				"2023-04-25": {
					"avg": 218,
					"count": 1,
					"min": 218,
					"max": 218
				},
				"2023-04-26": {
					"avg": 642,
					"count": 2,
					"min": 160,
					"max": 1124
				},
				"2023-04-29": {
					"avg": 225,
					"count": 1,
					"min": 225,
					"max": 225
				},
				"2023-04-30": {
					"avg": 332,
					"count": 3,
					"min": 299,
					"max": 397
				},
				"2023-05-01": {
					"avg": 200,
					"count": 1,
					"min": 200,
					"max": 200
				},
				"2023-05-02": {
					"avg": 324,
					"count": 1,
					"min": 324,
					"max": 324
				},
				"2023-05-03": {
					"avg": 711,
					"count": 3,
					"min": 587,
					"max": 798
				},
				"2023-05-06": {
					"avg": 749,
					"count": 1,
					"min": 749,
					"max": 749
				},
				"2023-05-07": {
					"avg": 114,
					"count": 1,
					"min": 114,
					"max": 114
				},
				"2023-05-08": {
					"avg": 188,
					"count": 3,
					"min": 40,
					"max": 299
				},
				"2023-05-09": {
					"avg": 506,
					"count": 2,
					"min": 114,
					"max": 899
				},
				"2023-05-10": {
					"avg": 259,
					"count": 1,
					"min": 259,
					"max": 259
				},
				"2023-05-12": {
					"avg": 292,
					"count": 2,
					"min": 196,
					"max": 388
				},
				"2023-05-14": {
					"avg": 462,
					"count": 1,
					"min": 462,
					"max": 462
				},
				"2023-05-15": {
					"avg": 498,
					"count": 2,
					"min": 198,
					"max": 798
				},
				"2023-05-16": {
					"avg": 204,
					"count": 3,
					"min": 199,
					"max": 214
				},
				"2023-05-17": {
					"avg": 556,
					"count": 6,
					"min": 399,
					"max": 666
				},
				"2023-05-18": {
					"avg": 200,
					"count": 1,
					"min": 200,
					"max": 200
				},
				"2023-05-19": {
					"avg": 140,
					"count": 1,
					"min": 140,
					"max": 140
				},
				"2023-05-20": {
					"avg": 268,
					"count": 7,
					"min": 90,
					"max": 421
				},
				"2023-05-21": {
					"avg": 899,
					"count": 1,
					"min": 899,
					"max": 899
				},
				"2023-05-22": {
					"avg": 400,
					"count": 1,
					"min": 400,
					"max": 400
				},
				"2023-05-23": {
					"avg": 740,
					"count": 1,
					"min": 740,
					"max": 740
				},
				"2023-05-24": {
					"avg": 250,
					"count": 2,
					"min": 99,
					"max": 400
				},
				"2023-05-26": {
					"avg": 368,
					"count": 1,
					"min": 368,
					"max": 368
				},
				"2023-05-27": {
					"avg": 560,
					"count": 3,
					"min": 399,
					"max": 640
				},
				"2023-05-28": {
					"avg": 213,
					"count": 1,
					"min": 213,
					"max": 213
				},
				"2023-05-30": {
					"avg": 104,
					"count": 1,
					"min": 104,
					"max": 104
				},
				"2023-06-01": {
					"avg": 199,
					"count": 1,
					"min": 199,
					"max": 199
				},
				"2023-06-02": {
					"avg": 523,
					"count": 3,
					"min": 185,
					"max": 698
				},
				"2023-06-03": {
					"avg": 586,
					"count": 2,
					"min": 273,
					"max": 899
				},
				"2023-06-06": {
					"avg": 798,
					"count": 1,
					"min": 798,
					"max": 798
				},
				"2023-06-07": {
					"avg": 345,
					"count": 6,
					"min": 150,
					"max": 899
				},
				"2023-06-08": {
					"avg": 614,
					"count": 3,
					"min": 399,
					"max": 749
				},
				"2023-06-09": {
					"avg": 388,
					"count": 5,
					"min": 200,
					"max": 899
				},
				"2023-06-10": {
					"avg": 174,
					"count": 2,
					"min": 63,
					"max": 284
				},
				"2023-06-12": {
					"avg": 475,
					"count": 2,
					"min": 100,
					"max": 849
				},
				"2023-06-13": {
					"avg": 380,
					"count": 1,
					"min": 380,
					"max": 380
				},
				"2023-06-14": {
					"avg": 268,
					"count": 4,
					"min": 99,
					"max": 468
				},
				"2023-06-15": {
					"avg": 972,
					"count": 2,
					"min": 410,
					"max": 1533
				},
				"2023-06-16": {
					"avg": 472,
					"count": 4,
					"min": 274,
					"max": 867
				},
				"2023-06-17": {
					"avg": 399,
					"count": 1,
					"min": 399,
					"max": 399
				},
				"2023-06-18": {
					"avg": 219,
					"count": 1,
					"min": 219,
					"max": 219
				},
				"2023-06-20": {
					"avg": 255,
					"count": 3,
					"min": 174,
					"max": 399
				},
				"2023-06-22": {
					"avg": 469,
					"count": 2,
					"min": 140,
					"max": 798
				},
				"2023-06-23": {
					"avg": 384,
					"count": 3,
					"min": 129,
					"max": 700
				},
				"2023-06-24": {
					"avg": 189,
					"count": 1,
					"min": 189,
					"max": 189
				},
				"2023-06-26": {
					"avg": 258,
					"count": 5,
					"min": 156,
					"max": 319
				},
				"2023-06-27": {
					"avg": 72,
					"count": 1,
					"min": 72,
					"max": 72
				},
				"2023-06-28": {
					"avg": 96,
					"count": 3,
					"min": 89,
					"max": 99
				},
				"2023-06-29": {
					"avg": 201,
					"count": 2,
					"min": 200,
					"max": 202
				},
				"2023-06-30": {
					"avg": 223,
					"count": 1,
					"min": 223,
					"max": 223
				},
				"2023-07-01": {
					"avg": 1185,
					"count": 7,
					"min": 1134,
					"max": 1314
				},
				"2023-07-02": {
					"avg": 233,
					"count": 3,
					"min": 153,
					"max": 368
				},
				"2023-07-03": {
					"avg": 229,
					"count": 8,
					"min": 92,
					"max": 389
				},
				"2023-07-04": {
					"avg": 69,
					"count": 1,
					"min": 69,
					"max": 69
				},
				"2023-07-05": {
					"avg": 293,
					"count": 4,
					"min": 148,
					"max": 532
				},
				"2023-07-06": {
					"avg": 307,
					"count": 3,
					"min": 198,
					"max": 425
				},
				"2023-07-07": {
					"avg": 130,
					"count": 2,
					"min": 85,
					"max": 174
				},
				"2023-07-09": {
					"avg": 675,
					"count": 2,
					"min": 225,
					"max": 1124
				},
				"2023-07-10": {
					"avg": 388,
					"count": 8,
					"min": 53,
					"max": 2071
				},
				"2023-07-11": {
					"avg": 230,
					"count": 1,
					"min": 230,
					"max": 230
				},
				"2023-07-15": {
					"avg": 229,
					"count": 1,
					"min": 229,
					"max": 229
				},
				"2023-07-16": {
					"avg": 521,
					"count": 4,
					"min": 223,
					"max": 1108
				},
				"2023-07-17": {
					"avg": 399,
					"count": 1,
					"min": 399,
					"max": 399
				},
				"2023-07-18": {
					"avg": 223,
					"count": 1,
					"min": 223,
					"max": 223
				},
				"2023-07-19": {
					"avg": 270,
					"count": 3,
					"min": 147,
					"max": 363
				},
				"2023-07-20": {
					"avg": 380,
					"count": 3,
					"min": 198,
					"max": 744
				},
				"2023-07-21": {
					"avg": 240,
					"count": 3,
					"min": 99,
					"max": 507
				},
				"2023-07-22": {
					"avg": 449,
					"count": 1,
					"min": 449,
					"max": 449
				},
				"2023-07-23": {
					"avg": 409,
					"count": 4,
					"min": 174,
					"max": 599
				},
				"2023-07-24": {
					"avg": 349,
					"count": 1,
					"min": 349,
					"max": 349
				},
				"2023-07-25": {
					"avg": 211,
					"count": 11,
					"min": 148,
					"max": 356
				},
				"2023-07-26": {
					"avg": 494,
					"count": 4,
					"min": 115,
					"max": 1298
				},
				"2023-07-27": {
					"avg": 258,
					"count": 2,
					"min": 125,
					"max": 390
				},
				"2023-07-28": {
					"avg": 529,
					"count": 2,
					"min": 92,
					"max": 966
				},
				"2023-07-29": {
					"avg": 398,
					"count": 1,
					"min": 398,
					"max": 398
				},
				"2023-07-30": {
					"avg": 849,
					"count": 1,
					"min": 849,
					"max": 849
				},
				"2023-07-31": {
					"avg": 271,
					"count": 4,
					"min": 193,
					"max": 499
				},
				"2023-08-01": {
					"avg": 595,
					"count": 8,
					"min": 129,
					"max": 1298
				},
				"2023-08-02": {
					"avg": 535,
					"count": 3,
					"min": 174,
					"max": 1198
				},
				"2023-08-03": {
					"avg": 157,
					"count": 2,
					"min": 156,
					"max": 157
				},
				"2023-08-04": {
					"avg": 195,
					"count": 2,
					"min": 140,
					"max": 250
				},
				"2023-08-05": {
					"avg": 531,
					"count": 2,
					"min": 212,
					"max": 849
				},
				"2023-08-07": {
					"avg": 380,
					"count": 8,
					"min": 154,
					"max": 542
				},
				"2023-08-09": {
					"avg": 256,
					"count": 6,
					"min": 199,
					"max": 455
				},
				"2023-08-10": {
					"avg": 148,
					"count": 1,
					"min": 148,
					"max": 148
				},
				"2023-08-11": {
					"avg": 128,
					"count": 1,
					"min": 128,
					"max": 128
				},
				"2023-08-12": {
					"avg": 407,
					"count": 6,
					"min": 165,
					"max": 799
				},
				"2023-08-14": {
					"avg": 236,
					"count": 7,
					"min": 89,
					"max": 599
				},
				"2023-08-15": {
					"avg": 553,
					"count": 2,
					"min": 257,
					"max": 849
				},
				"2023-08-16": {
					"avg": 484,
					"count": 13,
					"min": 214,
					"max": 1134
				},
				"2023-08-17": {
					"avg": 405,
					"count": 1,
					"min": 405,
					"max": 405
				},
				"2023-08-18": {
					"avg": 489,
					"count": 6,
					"min": 165,
					"max": 1098
				},
				"2023-08-19": {
					"avg": 180,
					"count": 2,
					"min": 168,
					"max": 192
				},
				"2023-08-20": {
					"avg": 89,
					"count": 1,
					"min": 89,
					"max": 89
				},
				"2023-08-21": {
					"avg": 214,
					"count": 1,
					"min": 214,
					"max": 214
				},
				"2023-08-23": {
					"avg": 257,
					"count": 2,
					"min": 124,
					"max": 389
				},
				"2023-08-24": {
					"avg": 475,
					"count": 3,
					"min": 150,
					"max": 775
				},
				"2023-08-25": {
					"avg": 929,
					"count": 3,
					"min": 638,
					"max": 1148
				},
				"2023-08-26": {
					"avg": 298,
					"count": 1,
					"min": 298,
					"max": 298
				},
				"2023-08-27": {
					"avg": 198,
					"count": 1,
					"min": 198,
					"max": 198
				},
				"2023-08-28": {
					"avg": 120,
					"count": 1,
					"min": 120,
					"max": 120
				},
				"2023-08-29": {
					"avg": 188,
					"count": 2,
					"min": 176,
					"max": 199
				},
				"2023-08-30": {
					"avg": 200,
					"count": 3,
					"min": 132,
					"max": 289
				},
				"2023-08-31": {
					"avg": 488,
					"count": 1,
					"min": 488,
					"max": 488
				},
				"2023-09-01": {
					"avg": 389,
					"count": 1,
					"min": 389,
					"max": 389
				},
				"2023-09-02": {
					"avg": 625,
					"count": 1,
					"min": 625,
					"max": 625
				},
				"2023-09-03": {
					"avg": 290,
					"count": 3,
					"min": 200,
					"max": 388
				},
				"2023-09-04": {
					"avg": 712,
					"count": 2,
					"min": 625,
					"max": 799
				},
				"2023-09-05": {
					"avg": 144,
					"count": 2,
					"min": 70,
					"max": 219
				},
				"2023-09-07": {
					"avg": 382,
					"count": 4,
					"min": 140,
					"max": 625
				},
				"2023-09-09": {
					"avg": 173,
					"count": 12,
					"min": 131,
					"max": 313
				},
				"2023-09-10": {
					"avg": 131,
					"count": 1,
					"min": 131,
					"max": 131
				},
				"2023-09-11": {
					"avg": 399,
					"count": 1,
					"min": 399,
					"max": 399
				},
				"2023-09-12": {
					"avg": 446,
					"count": 3,
					"min": 154,
					"max": 785
				},
				"2023-09-13": {
					"avg": 528,
					"count": 5,
					"min": 299,
					"max": 999
				},
				"2023-09-14": {
					"avg": 293,
					"count": 6,
					"min": 70,
					"max": 868
				},
				"2023-09-15": {
					"avg": 924,
					"count": 5,
					"min": 380,
					"max": 2331
				},
				"2023-09-16": {
					"avg": 641,
					"count": 3,
					"min": 69,
					"max": 1495
				},
				"2023-09-17": {
					"avg": 429,
					"count": 4,
					"min": 54,
					"max": 899
				},
				"2023-09-18": {
					"avg": 412,
					"count": 4,
					"min": 154,
					"max": 800
				},
				"2023-09-19": {
					"avg": 311,
					"count": 4,
					"min": 138,
					"max": 649
				},
				"2023-09-20": {
					"avg": 159,
					"count": 1,
					"min": 159,
					"max": 159
				},
				"2023-09-21": {
					"avg": 898,
					"count": 1,
					"min": 898,
					"max": 898
				},
				"2023-09-22": {
					"avg": 381,
					"count": 1,
					"min": 381,
					"max": 381
				},
				"2023-09-25": {
					"avg": 194,
					"count": 4,
					"min": 159,
					"max": 248
				},
				"2023-09-26": {
					"avg": 528,
					"count": 2,
					"min": 156,
					"max": 899
				},
				"2023-09-27": {
					"avg": 69,
					"count": 1,
					"min": 69,
					"max": 69
				},
				"2023-09-28": {
					"avg": 696,
					"count": 2,
					"min": 633,
					"max": 758
				},
				"2023-09-29": {
					"avg": 214,
					"count": 2,
					"min": 159,
					"max": 268
				},
				"2023-09-30": {
					"avg": 929,
					"count": 5,
					"min": 72,
					"max": 2125
				},
				"2023-10-01": {
					"avg": 225,
					"count": 3,
					"min": 127,
					"max": 381
				},
				"2023-10-02": {
					"avg": 370,
					"count": 3,
					"min": 121,
					"max": 868
				},
				"2023-10-03": {
					"avg": 311,
					"count": 2,
					"min": 222,
					"max": 399
				},
				"2023-10-04": {
					"avg": 258,
					"count": 4,
					"min": 125,
					"max": 614
				},
				"2023-10-06": {
					"avg": 182,
					"count": 1,
					"min": 182,
					"max": 182
				},
				"2023-10-07": {
					"avg": 170,
					"count": 2,
					"min": 170,
					"max": 170
				},
				"2023-10-08": {
					"avg": 149,
					"count": 4,
					"min": 123,
					"max": 175
				},
				"2023-10-09": {
					"avg": 204,
					"count": 2,
					"min": 160,
					"max": 248
				},
				"2023-10-11": {
					"avg": 381,
					"count": 3,
					"min": 100,
					"max": 612
				},
				"2023-10-12": {
					"avg": 101,
					"count": 3,
					"min": 76,
					"max": 114
				},
				"2023-10-13": {
					"avg": 235,
					"count": 5,
					"min": 54,
					"max": 428
				},
				"2023-10-14": {
					"avg": 135,
					"count": 2,
					"min": 99,
					"max": 170
				},
				"2023-10-16": {
					"avg": 114,
					"count": 1,
					"min": 114,
					"max": 114
				},
				"2023-10-17": {
					"avg": 1148,
					"count": 1,
					"min": 1148,
					"max": 1148
				},
				"2023-10-18": {
					"avg": 183,
					"count": 3,
					"min": 162,
					"max": 225
				},
				"2023-10-19": {
					"avg": 299,
					"count": 1,
					"min": 299,
					"max": 299
				},
				"2023-10-20": {
					"avg": 399,
					"count": 3,
					"min": 239,
					"max": 499
				},
				"2023-10-21": {
					"avg": 160,
					"count": 1,
					"min": 160,
					"max": 160
				},
				"2023-10-22": {
					"avg": 847,
					"count": 1,
					"min": 847,
					"max": 847
				},
				"2023-10-23": {
					"avg": 349,
					"count": 1,
					"min": 349,
					"max": 349
				},
				"2023-10-25": {
					"avg": 162,
					"count": 2,
					"min": 111,
					"max": 213
				},
				"2023-10-26": {
					"avg": 387,
					"count": 3,
					"min": 111,
					"max": 651
				},
				"2023-10-27": {
					"avg": 208,
					"count": 3,
					"min": 179,
					"max": 229
				},
				"2023-10-28": {
					"avg": 298,
					"count": 1,
					"min": 298,
					"max": 298
				},
				"2023-10-29": {
					"avg": 191,
					"count": 1,
					"min": 191,
					"max": 191
				},
				"2023-10-30": {
					"avg": 321,
					"count": 8,
					"min": 79,
					"max": 873
				},
				"2023-10-31": {
					"avg": 519,
					"count": 4,
					"min": 166,
					"max": 873
				},
				"2023-11-01": {
					"avg": 399,
					"count": 2,
					"min": 175,
					"max": 623
				},
				"2023-11-03": {
					"avg": 278,
					"count": 1,
					"min": 278,
					"max": 278
				},
				"2023-11-04": {
					"avg": 541,
					"count": 4,
					"min": 150,
					"max": 898
				},
				"2023-11-05": {
					"avg": 199,
					"count": 1,
					"min": 199,
					"max": 199
				},
				"2023-11-06": {
					"avg": 392,
					"count": 3,
					"min": 268,
					"max": 614
				},
				"2023-11-08": {
					"avg": 191,
					"count": 4,
					"min": 154,
					"max": 274
				},
				"2023-11-09": {
					"avg": 537,
					"count": 2,
					"min": 174,
					"max": 899
				},
				"2023-11-12": {
					"avg": 505,
					"count": 3,
					"min": 269,
					"max": 868
				},
				"2023-11-13": {
					"avg": 217,
					"count": 4,
					"min": 175,
					"max": 258
				},
				"2023-11-14": {
					"avg": 328,
					"count": 3,
					"min": 209,
					"max": 396
				},
				"2023-11-15": {
					"avg": 365,
					"count": 6,
					"min": 206,
					"max": 582
				},
				"2023-11-16": {
					"avg": 212,
					"count": 1,
					"min": 212,
					"max": 212
				},
				"2023-11-17": {
					"avg": 898,
					"count": 1,
					"min": 898,
					"max": 898
				},
				"2023-11-18": {
					"avg": 353,
					"count": 4,
					"min": 140,
					"max": 888
				},
				"2023-11-20": {
					"avg": 749,
					"count": 1,
					"min": 749,
					"max": 749
				},
				"2023-11-21": {
					"avg": 129,
					"count": 3,
					"min": 97,
					"max": 191
				},
				"2023-11-22": {
					"avg": 253,
					"count": 2,
					"min": 136,
					"max": 370
				},
				"2023-11-23": {
					"avg": 173,
					"count": 2,
					"min": 138,
					"max": 208
				},
				"2023-11-24": {
					"avg": 236,
					"count": 26,
					"min": 65,
					"max": 439
				},
				"2023-11-25": {
					"avg": 273,
					"count": 4,
					"min": 195,
					"max": 420
				},
				"2023-11-26": {
					"avg": 355,
					"count": 5,
					"min": 238,
					"max": 495
				},
				"2023-11-27": {
					"avg": 476,
					"count": 2,
					"min": 457,
					"max": 495
				},
				"2024-05-16": {
					"avg": 400,
					"count": 1,
					"min": 400,
					"max": 400
				},
				"2024-05-17": {
					"avg": 182,
					"count": 28,
					"min": 29,
					"max": 446
				},
				"2024-05-18": {
					"avg": 347,
					"count": 7,
					"min": 67,
					"max": 610
				},
				"2024-05-19": {
					"avg": 889,
					"count": 1,
					"min": 889,
					"max": 889
				},
				"2024-05-20": {
					"avg": 250,
					"count": 1,
					"min": 250,
					"max": 250
				},
				"2024-05-21": {
					"avg": 529,
					"count": 3,
					"min": 223,
					"max": 859
				},
				"2024-05-22": {
					"avg": 374,
					"count": 6,
					"min": 262,
					"max": 490
				},
				"2024-05-24": {
					"avg": 235,
					"count": 1,
					"min": 235,
					"max": 235
				},
				"2024-05-26": {
					"avg": 354,
					"count": 2,
					"min": 212,
					"max": 495
				},
				"2024-05-27": {
					"avg": 235,
					"count": 1,
					"min": 235,
					"max": 235
				},
				"2024-05-28": {
					"avg": 132,
					"count": 1,
					"min": 132,
					"max": 132
				},
				"2024-05-29": {
					"avg": 587,
					"count": 1,
					"min": 587,
					"max": 587
				},
				"2024-05-30": {
					"avg": 254,
					"count": 1,
					"min": 254,
					"max": 254
				},
				"2024-05-31": {
					"avg": 309,
					"count": 4,
					"min": 247,
					"max": 491
				},
				"2024-06-01": {
					"avg": 267,
					"count": 1,
					"min": 267,
					"max": 267
				},
				"2024-06-03": {
					"avg": 248,
					"count": 1,
					"min": 248,
					"max": 248
				},
				"2024-06-04": {
					"avg": 247,
					"count": 2,
					"min": 227,
					"max": 267
				},
				"2024-06-07": {
					"avg": 251,
					"count": 2,
					"min": 249,
					"max": 253
				},
				"2024-06-09": {
					"avg": 365,
					"count": 2,
					"min": 230,
					"max": 500
				},
				"2024-06-10": {
					"avg": 275,
					"count": 1,
					"min": 275,
					"max": 275
				},
				"2024-06-11": {
					"avg": 301,
					"count": 2,
					"min": 230,
					"max": 371
				},
				"2024-06-12": {
					"avg": 519,
					"count": 1,
					"min": 519,
					"max": 519
				},
				"2024-06-15": {
					"avg": 247,
					"count": 1,
					"min": 247,
					"max": 247
				},
				"2024-06-16": {
					"avg": 249,
					"count": 1,
					"min": 249,
					"max": 249
				},
				"2024-06-19": {
					"avg": 526,
					"count": 2,
					"min": 253,
					"max": 798
				},
				"2024-06-21": {
					"avg": 412,
					"count": 4,
					"min": 131,
					"max": 1016
				},
				"2024-06-22": {
					"avg": 179,
					"count": 1,
					"min": 179,
					"max": 179
				},
				"2024-06-23": {
					"avg": 363,
					"count": 2,
					"min": 230,
					"max": 495
				},
				"2024-06-24": {
					"avg": 257,
					"count": 3,
					"min": 249,
					"max": 273
				},
				"2024-06-26": {
					"avg": 209,
					"count": 1,
					"min": 209,
					"max": 209
				},
				"2024-06-27": {
					"avg": 131,
					"count": 1,
					"min": 131,
					"max": 131
				},
				"2024-06-28": {
					"avg": 131,
					"count": 2,
					"min": 131,
					"max": 131
				},
				"2024-06-29": {
					"avg": 237,
					"count": 2,
					"min": 175,
					"max": 299
				},
				"2024-06-30": {
					"avg": 140,
					"count": 3,
					"min": 100,
					"max": 221
				},
				"2024-07-01": {
					"avg": 166,
					"count": 1,
					"min": 166,
					"max": 166
				},
				"2024-07-02": {
					"avg": 241,
					"count": 2,
					"min": 181,
					"max": 300
				},
				"2024-07-03": {
					"avg": 346,
					"count": 2,
					"min": 171,
					"max": 521
				},
				"2024-07-07": {
					"avg": 249,
					"count": 2,
					"min": 249,
					"max": 249
				},
				"2024-07-08": {
					"avg": 253,
					"count": 1,
					"min": 253,
					"max": 253
				},
				"2024-07-09": {
					"avg": 500,
					"count": 2,
					"min": 500,
					"max": 500
				},
				"2024-07-10": {
					"avg": 347,
					"count": 1,
					"min": 347,
					"max": 347
				},
				"2024-07-11": {
					"avg": 199,
					"count": 1,
					"min": 199,
					"max": 199
				},
				"2024-07-12": {
					"avg": 168,
					"count": 1,
					"min": 168,
					"max": 168
				},
				"2024-07-13": {
					"avg": 178,
					"count": 1,
					"min": 178,
					"max": 178
				},
				"2024-07-16": {
					"avg": 161,
					"count": 2,
					"min": 153,
					"max": 168
				},
				"2024-07-17": {
					"avg": 347,
					"count": 1,
					"min": 347,
					"max": 347
				},
				"2024-07-19": {
					"avg": 272,
					"count": 1,
					"min": 272,
					"max": 272
				},
				"2024-07-20": {
					"avg": 522,
					"count": 1,
					"min": 522,
					"max": 522
				},
				"2024-07-21": {
					"avg": 843,
					"count": 2,
					"min": 613,
					"max": 1073
				},
				"2024-07-22": {
					"avg": 273,
					"count": 1,
					"min": 273,
					"max": 273
				},
				"2024-07-23": {
					"avg": 153,
					"count": 2,
					"min": 151,
					"max": 154
				},
				"2024-07-25": {
					"avg": 517,
					"count": 1,
					"min": 517,
					"max": 517
				},
				"2024-07-26": {
					"avg": 694,
					"count": 1,
					"min": 694,
					"max": 694
				},
				"2024-07-27": {
					"avg": 274,
					"count": 2,
					"min": 256,
					"max": 291
				},
				"2024-07-28": {
					"avg": 599,
					"count": 1,
					"min": 599,
					"max": 599
				},
				"2024-07-30": {
					"avg": 261,
					"count": 1,
					"min": 261,
					"max": 261
				},
				"2024-08-01": {
					"avg": 442,
					"count": 3,
					"min": 235,
					"max": 790
				},
				"2024-08-02": {
					"avg": 599,
					"count": 1,
					"min": 599,
					"max": 599
				},
				"2024-08-03": {
					"avg": 306,
					"count": 3,
					"min": 199,
					"max": 514
				},
				"2024-08-04": {
					"avg": 349,
					"count": 3,
					"min": 349,
					"max": 349
				},
				"2024-08-05": {
					"avg": 516,
					"count": 2,
					"min": 516,
					"max": 516
				},
				"2024-08-07": {
					"avg": 240,
					"count": 3,
					"min": 205,
					"max": 286
				},
				"2024-08-09": {
					"avg": 199,
					"count": 1,
					"min": 199,
					"max": 199
				},
				"2024-08-10": {
					"avg": 94,
					"count": 2,
					"min": 94,
					"max": 94
				},
				"2024-08-11": {
					"avg": 153,
					"count": 1,
					"min": 153,
					"max": 153
				},
				"2024-08-13": {
					"avg": 194,
					"count": 6,
					"min": 154,
					"max": 289
				},
				"2024-08-14": {
					"avg": 205,
					"count": 1,
					"min": 205,
					"max": 205
				},
				"2024-08-15": {
					"avg": 150,
					"count": 1,
					"min": 150,
					"max": 150
				},
				"2024-08-16": {
					"avg": 615,
					"count": 1,
					"min": 615,
					"max": 615
				},
				"2024-08-17": {
					"avg": 179,
					"count": 1,
					"min": 179,
					"max": 179
				},
				"2024-08-18": {
					"avg": 222,
					"count": 1,
					"min": 222,
					"max": 222
				},
				"2024-08-19": {
					"avg": 232,
					"count": 2,
					"min": 168,
					"max": 295
				},
				"2024-08-20": {
					"avg": 222,
					"count": 1,
					"min": 222,
					"max": 222
				},
				"2024-08-22": {
					"avg": 226,
					"count": 1,
					"min": 226,
					"max": 226
				},
				"2024-08-23": {
					"avg": 518,
					"count": 2,
					"min": 99,
					"max": 936
				},
				"2024-08-24": {
					"avg": 790,
					"count": 1,
					"min": 790,
					"max": 790
				},
				"2024-08-25": {
					"avg": 162,
					"count": 1,
					"min": 162,
					"max": 162
				},
				"2024-08-26": {
					"avg": 128,
					"count": 2,
					"min": 99,
					"max": 157
				},
				"2024-08-27": {
					"avg": 130,
					"count": 1,
					"min": 130,
					"max": 130
				},
				"2024-08-28": {
					"avg": 227,
					"count": 1,
					"min": 227,
					"max": 227
				},
				"2024-08-30": {
					"avg": 645,
					"count": 1,
					"min": 645,
					"max": 645
				},
				"2024-08-31": {
					"avg": 291,
					"count": 2,
					"min": 203,
					"max": 378
				},
				"2024-09-01": {
					"avg": 227,
					"count": 1,
					"min": 227,
					"max": 227
				},
				"2024-09-03": {
					"avg": 313,
					"count": 5,
					"min": 95,
					"max": 598
				},
				"2024-09-07": {
					"avg": 181,
					"count": 2,
					"min": 162,
					"max": 199
				},
				"2024-09-08": {
					"avg": 222,
					"count": 1,
					"min": 222,
					"max": 222
				},
				"2024-09-09": {
					"avg": 814,
					"count": 1,
					"min": 814,
					"max": 814
				},
				"2024-09-11": {
					"avg": 291,
					"count": 1,
					"min": 291,
					"max": 291
				},
				"2024-09-12": {
					"avg": 478,
					"count": 1,
					"min": 478,
					"max": 478
				},
				"2024-09-13": {
					"avg": 292,
					"count": 1,
					"min": 292,
					"max": 292
				},
				"2024-09-15": {
					"avg": 260,
					"count": 1,
					"min": 260,
					"max": 260
				},
				"2024-09-17": {
					"avg": 454,
					"count": 2,
					"min": 267,
					"max": 640
				},
				"2024-09-19": {
					"avg": 246,
					"count": 2,
					"min": 205,
					"max": 286
				},
				"2024-09-21": {
					"avg": 121,
					"count": 1,
					"min": 121,
					"max": 121
				},
				"2024-09-22": {
					"avg": 379,
					"count": 2,
					"min": 274,
					"max": 483
				},
				"2024-09-23": {
					"avg": 613,
					"count": 1,
					"min": 613,
					"max": 613
				}
			},
			"avg": 347,
			"avg7": 274,
			"avg28": 274
		},
		"normal-played": {
			"history": {
				"2024-05-24": {
					"avg": 149,
					"count": 1,
					"min": 149,
					"max": 149
				},
				"2024-05-27": {
					"avg": 664,
					"count": 1,
					"min": 664,
					"max": 664
				},
				"2024-05-29": {
					"avg": 148,
					"count": 1,
					"min": 148,
					"max": 148
				},
				"2024-05-30": {
					"avg": 193,
					"count": 2,
					"min": 148,
					"max": 237
				},
				"2024-06-02": {
					"avg": 148,
					"count": 2,
					"min": 148,
					"max": 148
				},
				"2024-06-03": {
					"avg": 271,
					"count": 1,
					"min": 271,
					"max": 271
				},
				"2024-06-07": {
					"avg": 100,
					"count": 1,
					"min": 100,
					"max": 100
				},
				"2024-06-09": {
					"avg": 149,
					"count": 1,
					"min": 149,
					"max": 149
				},
				"2024-06-12": {
					"avg": 238,
					"count": 2,
					"min": 238,
					"max": 238
				},
				"2024-06-14": {
					"avg": 350,
					"count": 1,
					"min": 350,
					"max": 350
				},
				"2024-06-19": {
					"avg": 242,
					"count": 1,
					"min": 242,
					"max": 242
				},
				"2024-06-20": {
					"avg": 197,
					"count": 1,
					"min": 197,
					"max": 197
				},
				"2024-06-21": {
					"avg": 128,
					"count": 1,
					"min": 128,
					"max": 128
				},
				"2024-06-22": {
					"avg": 229,
					"count": 7,
					"min": 211,
					"max": 325
				},
				"2024-06-24": {
					"avg": 232,
					"count": 1,
					"min": 232,
					"max": 232
				},
				"2024-06-25": {
					"avg": 222,
					"count": 1,
					"min": 222,
					"max": 222
				},
				"2024-06-26": {
					"avg": 450,
					"count": 1,
					"min": 450,
					"max": 450
				},
				"2024-06-27": {
					"avg": 312,
					"count": 1,
					"min": 312,
					"max": 312
				},
				"2024-06-29": {
					"avg": 222,
					"count": 1,
					"min": 222,
					"max": 222
				},
				"2024-06-30": {
					"avg": 75,
					"count": 1,
					"min": 75,
					"max": 75
				},
				"2024-07-05": {
					"avg": 319,
					"count": 1,
					"min": 319,
					"max": 319
				},
				"2024-07-07": {
					"avg": 248,
					"count": 6,
					"min": 137,
					"max": 451
				},
				"2024-07-09": {
					"avg": 530,
					"count": 1,
					"min": 530,
					"max": 530
				},
				"2024-07-11": {
					"avg": 251,
					"count": 1,
					"min": 251,
					"max": 251
				},
				"2024-07-12": {
					"avg": 242,
					"count": 1,
					"min": 242,
					"max": 242
				},
				"2024-07-15": {
					"avg": 246,
					"count": 3,
					"min": 99,
					"max": 540
				},
				"2024-07-16": {
					"avg": 237,
					"count": 2,
					"min": 222,
					"max": 251
				},
				"2024-07-18": {
					"avg": 444,
					"count": 1,
					"min": 444,
					"max": 444
				},
				"2024-07-20": {
					"avg": 305,
					"count": 5,
					"min": 95,
					"max": 769
				},
				"2024-07-21": {
					"avg": 298,
					"count": 1,
					"min": 298,
					"max": 298
				},
				"2024-07-22": {
					"avg": 202,
					"count": 3,
					"min": 131,
					"max": 337
				},
				"2024-07-23": {
					"avg": 200,
					"count": 1,
					"min": 200,
					"max": 200
				},
				"2024-07-24": {
					"avg": 197,
					"count": 7,
					"min": 131,
					"max": 224
				},
				"2024-07-26": {
					"avg": 211,
					"count": 4,
					"min": 150,
					"max": 247
				},
				"2024-07-27": {
					"avg": 120,
					"count": 1,
					"min": 120,
					"max": 120
				},
				"2024-07-28": {
					"avg": 225,
					"count": 2,
					"min": 140,
					"max": 310
				},
				"2024-08-02": {
					"avg": 391,
					"count": 10,
					"min": 140,
					"max": 670
				},
				"2024-08-04": {
					"avg": 298,
					"count": 5,
					"min": 298,
					"max": 298
				},
				"2024-08-05": {
					"avg": 254,
					"count": 4,
					"min": 197,
					"max": 368
				},
				"2024-08-10": {
					"avg": 135,
					"count": 1,
					"min": 135,
					"max": 135
				},
				"2024-08-11": {
					"avg": 409,
					"count": 1,
					"min": 409,
					"max": 409
				},
				"2024-08-12": {
					"avg": 231,
					"count": 1,
					"min": 231,
					"max": 231
				},
				"2024-08-13": {
					"avg": 289,
					"count": 1,
					"min": 289,
					"max": 289
				},
				"2024-08-14": {
					"avg": 249,
					"count": 2,
					"min": 199,
					"max": 298
				},
				"2024-08-16": {
					"avg": 213,
					"count": 10,
					"min": 116,
					"max": 227
				},
				"2024-08-19": {
					"avg": 218,
					"count": 8,
					"min": 200,
					"max": 276
				},
				"2024-08-21": {
					"avg": 100,
					"count": 1,
					"min": 100,
					"max": 100
				},
				"2024-08-25": {
					"avg": 197,
					"count": 1,
					"min": 197,
					"max": 197
				},
				"2024-08-26": {
					"avg": 100,
					"count": 1,
					"min": 100,
					"max": 100
				},
				"2024-08-27": {
					"avg": 227,
					"count": 1,
					"min": 227,
					"max": 227
				},
				"2024-08-28": {
					"avg": 256,
					"count": 1,
					"min": 256,
					"max": 256
				},
				"2024-08-31": {
					"avg": 136,
					"count": 1,
					"min": 136,
					"max": 136
				},
				"2024-09-02": {
					"avg": 303,
					"count": 3,
					"min": 275,
					"max": 324
				},
				"2024-09-03": {
					"avg": 90,
					"count": 1,
					"min": 90,
					"max": 90
				},
				"2024-09-07": {
					"avg": 131,
					"count": 1,
					"min": 131,
					"max": 131
				},
				"2024-09-08": {
					"avg": 244,
					"count": 2,
					"min": 240,
					"max": 248
				},
				"2024-09-10": {
					"avg": 245,
					"count": 2,
					"min": 134,
					"max": 356
				},
				"2024-09-18": {
					"avg": 266,
					"count": 1,
					"min": 266,
					"max": 266
				},
				"2024-09-22": {
					"avg": 125,
					"count": 1,
					"min": 125,
					"max": 125
				},
				"2024-09-23": {
					"avg": 356,
					"count": 2,
					"min": 356,
					"max": 356
				}
			},
			"avg": 249,
			"avg7": -1,
			"avg28": -1
		},
		"normal-nearmint": {
			"history": {
				"2024-05-24": {
					"avg": 488,
					"count": 1,
					"min": 488,
					"max": 488
				},
				"2024-05-25": {
					"avg": 488,
					"count": 1,
					"min": 488,
					"max": 488
				},
				"2024-05-26": {
					"avg": 419,
					"count": 1,
					"min": 419,
					"max": 419
				},
				"2024-05-30": {
					"avg": 292,
					"count": 1,
					"min": 292,
					"max": 292
				},
				"2024-05-31": {
					"avg": 699,
					"count": 1,
					"min": 699,
					"max": 699
				},
				"2024-06-02": {
					"avg": 400,
					"count": 2,
					"min": 385,
					"max": 414
				},
				"2024-06-04": {
					"avg": 392,
					"count": 1,
					"min": 392,
					"max": 392
				},
				"2024-06-06": {
					"avg": 568,
					"count": 2,
					"min": 437,
					"max": 699
				},
				"2024-06-07": {
					"avg": 391,
					"count": 1,
					"min": 391,
					"max": 391
				},
				"2024-06-08": {
					"avg": 566,
					"count": 2,
					"min": 457,
					"max": 675
				},
				"2024-06-09": {
					"avg": 430,
					"count": 1,
					"min": 430,
					"max": 430
				},
				"2024-06-10": {
					"avg": 443,
					"count": 1,
					"min": 443,
					"max": 443
				},
				"2024-06-11": {
					"avg": 537,
					"count": 2,
					"min": 507,
					"max": 567
				},
				"2024-06-12": {
					"avg": 1238,
					"count": 1,
					"min": 1238,
					"max": 1238
				},
				"2024-06-13": {
					"avg": 750,
					"count": 1,
					"min": 750,
					"max": 750
				},
				"2024-06-15": {
					"avg": 731,
					"count": 2,
					"min": 671,
					"max": 791
				},
				"2024-06-16": {
					"avg": 526,
					"count": 3,
					"min": 450,
					"max": 673
				},
				"2024-06-17": {
					"avg": 479,
					"count": 1,
					"min": 479,
					"max": 479
				},
				"2024-06-18": {
					"avg": 673,
					"count": 1,
					"min": 673,
					"max": 673
				},
				"2024-06-19": {
					"avg": 454,
					"count": 1,
					"min": 454,
					"max": 454
				},
				"2024-06-21": {
					"avg": 496,
					"count": 2,
					"min": 478,
					"max": 514
				},
				"2024-06-22": {
					"avg": 443,
					"count": 2,
					"min": 432,
					"max": 454
				},
				"2024-06-28": {
					"avg": 360,
					"count": 1,
					"min": 360,
					"max": 360
				},
				"2024-06-29": {
					"avg": 497,
					"count": 1,
					"min": 497,
					"max": 497
				},
				"2024-06-30": {
					"avg": 369,
					"count": 1,
					"min": 369,
					"max": 369
				},
				"2024-07-01": {
					"avg": 343,
					"count": 1,
					"min": 343,
					"max": 343
				},
				"2024-07-03": {
					"avg": 597,
					"count": 1,
					"min": 597,
					"max": 597
				},
				"2024-07-05": {
					"avg": 500,
					"count": 1,
					"min": 500,
					"max": 500
				},
				"2024-07-08": {
					"avg": 571,
					"count": 3,
					"min": 474,
					"max": 736
				},
				"2024-07-09": {
					"avg": 512,
					"count": 3,
					"min": 440,
					"max": 597
				},
				"2024-07-12": {
					"avg": 335,
					"count": 3,
					"min": 300,
					"max": 406
				},
				"2024-07-13": {
					"avg": 505,
					"count": 1,
					"min": 505,
					"max": 505
				},
				"2024-07-14": {
					"avg": 494,
					"count": 1,
					"min": 494,
					"max": 494
				},
				"2024-07-15": {
					"avg": 418,
					"count": 1,
					"min": 418,
					"max": 418
				},
				"2024-07-17": {
					"avg": 619,
					"count": 5,
					"min": 399,
					"max": 674
				},
				"2024-07-18": {
					"avg": 565,
					"count": 3,
					"min": 345,
					"max": 674
				},
				"2024-07-19": {
					"avg": 497,
					"count": 2,
					"min": 397,
					"max": 597
				},
				"2024-07-21": {
					"avg": 670,
					"count": 2,
					"min": 669,
					"max": 670
				},
				"2024-07-22": {
					"avg": 466,
					"count": 3,
					"min": 300,
					"max": 699
				},
				"2024-07-25": {
					"avg": 597,
					"count": 1,
					"min": 597,
					"max": 597
				},
				"2024-07-28": {
					"avg": 597,
					"count": 1,
					"min": 597,
					"max": 597
				},
				"2024-07-29": {
					"avg": 447,
					"count": 1,
					"min": 447,
					"max": 447
				},
				"2024-08-01": {
					"avg": 682,
					"count": 2,
					"min": 682,
					"max": 682
				},
				"2024-08-03": {
					"avg": 812,
					"count": 1,
					"min": 812,
					"max": 812
				},
				"2024-08-04": {
					"avg": 597,
					"count": 1,
					"min": 597,
					"max": 597
				},
				"2024-08-05": {
					"avg": 436,
					"count": 2,
					"min": 421,
					"max": 450
				},
				"2024-08-06": {
					"avg": 632,
					"count": 4,
					"min": 370,
					"max": 780
				},
				"2024-08-10": {
					"avg": 426,
					"count": 1,
					"min": 426,
					"max": 426
				},
				"2024-08-12": {
					"avg": 423,
					"count": 2,
					"min": 418,
					"max": 427
				},
				"2024-08-13": {
					"avg": 699,
					"count": 1,
					"min": 699,
					"max": 699
				},
				"2024-08-14": {
					"avg": 494,
					"count": 1,
					"min": 494,
					"max": 494
				},
				"2024-08-16": {
					"avg": 597,
					"count": 1,
					"min": 597,
					"max": 597
				},
				"2024-08-17": {
					"avg": 597,
					"count": 1,
					"min": 597,
					"max": 597
				},
				"2024-08-18": {
					"avg": 571,
					"count": 3,
					"min": 310,
					"max": 805
				},
				"2024-08-19": {
					"avg": 387,
					"count": 3,
					"min": 321,
					"max": 422
				},
				"2024-08-20": {
					"avg": 799,
					"count": 1,
					"min": 799,
					"max": 799
				},
				"2024-08-22": {
					"avg": 881,
					"count": 1,
					"min": 881,
					"max": 881
				},
				"2024-08-23": {
					"avg": 1224,
					"count": 1,
					"min": 1224,
					"max": 1224
				},
				"2024-08-24": {
					"avg": 500,
					"count": 1,
					"min": 500,
					"max": 500
				},
				"2024-08-29": {
					"avg": 422,
					"count": 1,
					"min": 422,
					"max": 422
				},
				"2024-08-30": {
					"avg": 666,
					"count": 3,
					"min": 597,
					"max": 805
				},
				"2024-08-31": {
					"avg": 791,
					"count": 2,
					"min": 783,
					"max": 799
				},
				"2024-09-02": {
					"avg": 2782,
					"count": 1,
					"min": 2782,
					"max": 2782
				},
				"2024-09-03": {
					"avg": 783,
					"count": 1,
					"min": 783,
					"max": 783
				},
				"2024-09-05": {
					"avg": 244,
					"count": 1,
					"min": 244,
					"max": 244
				},
				"2024-09-08": {
					"avg": 421,
					"count": 2,
					"min": 244,
					"max": 597
				},
				"2024-09-09": {
					"avg": 711,
					"count": 2,
					"min": 299,
					"max": 1123
				},
				"2024-09-10": {
					"avg": 425,
					"count": 1,
					"min": 425,
					"max": 425
				},
				"2024-09-11": {
					"avg": 350,
					"count": 2,
					"min": 350,
					"max": 350
				},
				"2024-09-12": {
					"avg": 769,
					"count": 2,
					"min": 574,
					"max": 963
				},
				"2024-09-15": {
					"avg": 399,
					"count": 1,
					"min": 399,
					"max": 399
				},
				"2024-09-16": {
					"avg": 721,
					"count": 2,
					"min": 543,
					"max": 899
				},
				"2024-09-17": {
					"avg": 538,
					"count": 1,
					"min": 538,
					"max": 538
				},
				"2024-09-20": {
					"avg": 1048,
					"count": 2,
					"min": 973,
					"max": 1122
				},
				"2024-09-21": {
					"avg": 336,
					"count": 2,
					"min": 249,
					"max": 422
				},
				"2024-09-22": {
					"avg": 376,
					"count": 1,
					"min": 376,
					"max": 376
				}
			},
			"avg": 575,
			"avg7": -1,
			"avg28": -1
		},
		"normal-used": {
			"history": {
				"2024-05-23": {
					"avg": 587,
					"count": 1,
					"min": 587,
					"max": 587
				},
				"2024-05-25": {
					"avg": 362,
					"count": 1,
					"min": 362,
					"max": 362
				},
				"2024-05-26": {
					"avg": 250,
					"count": 1,
					"min": 250,
					"max": 250
				},
				"2024-06-02": {
					"avg": 167,
					"count": 3,
					"min": 139,
					"max": 222
				},
				"2024-06-16": {
					"avg": 202,
					"count": 1,
					"min": 202,
					"max": 202
				},
				"2024-06-20": {
					"avg": 156,
					"count": 1,
					"min": 156,
					"max": 156
				},
				"2024-06-21": {
					"avg": 119,
					"count": 4,
					"min": 102,
					"max": 124
				},
				"2024-06-23": {
					"avg": 210,
					"count": 1,
					"min": 210,
					"max": 210
				},
				"2024-06-27": {
					"avg": 80,
					"count": 1,
					"min": 80,
					"max": 80
				},
				"2024-07-01": {
					"avg": 652,
					"count": 1,
					"min": 652,
					"max": 652
				},
				"2024-07-09": {
					"avg": 74,
					"count": 1,
					"min": 74,
					"max": 74
				},
				"2024-07-11": {
					"avg": 80,
					"count": 1,
					"min": 80,
					"max": 80
				},
				"2024-07-14": {
					"avg": 110,
					"count": 2,
					"min": 110,
					"max": 110
				},
				"2024-07-16": {
					"avg": 110,
					"count": 1,
					"min": 110,
					"max": 110
				},
				"2024-07-17": {
					"avg": 642,
					"count": 1,
					"min": 642,
					"max": 642
				},
				"2024-07-23": {
					"avg": 184,
					"count": 5,
					"min": 110,
					"max": 218
				},
				"2024-08-03": {
					"avg": 87,
					"count": 1,
					"min": 87,
					"max": 87
				},
				"2024-08-05": {
					"avg": 87,
					"count": 1,
					"min": 87,
					"max": 87
				},
				"2024-08-10": {
					"avg": 227,
					"count": 1,
					"min": 227,
					"max": 227
				},
				"2024-08-12": {
					"avg": 239,
					"count": 1,
					"min": 239,
					"max": 239
				},
				"2024-08-13": {
					"avg": 87,
					"count": 1,
					"min": 87,
					"max": 87
				},
				"2024-08-16": {
					"avg": 617,
					"count": 1,
					"min": 617,
					"max": 617
				},
				"2024-08-18": {
					"avg": 139,
					"count": 3,
					"min": 139,
					"max": 139
				},
				"2024-08-24": {
					"avg": 168,
					"count": 1,
					"min": 168,
					"max": 168
				},
				"2024-08-29": {
					"avg": 606,
					"count": 1,
					"min": 606,
					"max": 606
				},
				"2024-09-09": {
					"avg": 87,
					"count": 1,
					"min": 87,
					"max": 87
				},
				"2024-09-18": {
					"avg": 242,
					"count": 1,
					"min": 242,
					"max": 242
				},
				"2024-09-20": {
					"avg": 348,
					"count": 1,
					"min": 348,
					"max": 348
				},
				"2024-09-21": {
					"avg": 150,
					"count": 1,
					"min": 150,
					"max": 150
				},
				"2024-09-22": {
					"avg": 223,
					"count": 1,
					"min": 223,
					"max": 223
				}
			},
			"avg": 217,
			"avg7": -1,
			"avg28": -1
		},
		"normal-poor": {
			"history": {
				"2024-06-04": {
					"avg": 195,
					"count": 1,
					"min": 195,
					"max": 195
				},
				"2024-06-08": {
					"avg": 539,
					"count": 1,
					"min": 539,
					"max": 539
				},
				"2024-06-29": {
					"avg": 211,
					"count": 2,
					"min": 147,
					"max": 274
				},
				"2024-07-03": {
					"avg": 100,
					"count": 1,
					"min": 100,
					"max": 100
				},
				"2024-07-04": {
					"avg": 119,
					"count": 1,
					"min": 119,
					"max": 119
				},
				"2024-07-09": {
					"avg": 49,
					"count": 1,
					"min": 49,
					"max": 49
				},
				"2024-07-11": {
					"avg": 234,
					"count": 1,
					"min": 234,
					"max": 234
				},
				"2024-07-23": {
					"avg": 156,
					"count": 3,
					"min": 149,
					"max": 171
				},
				"2024-07-25": {
					"avg": 228,
					"count": 1,
					"min": 228,
					"max": 228
				},
				"2024-07-27": {
					"avg": 96,
					"count": 2,
					"min": 96,
					"max": 96
				},
				"2024-08-06": {
					"avg": 172,
					"count": 1,
					"min": 172,
					"max": 172
				},
				"2024-08-16": {
					"avg": 141,
					"count": 2,
					"min": 77,
					"max": 205
				},
				"2024-08-27": {
					"avg": 75,
					"count": 1,
					"min": 75,
					"max": 75
				},
				"2024-08-31": {
					"avg": 49,
					"count": 1,
					"min": 49,
					"max": 49
				},
				"2024-09-01": {
					"avg": 149,
					"count": 1,
					"min": 149,
					"max": 149
				},
				"2024-09-12": {
					"avg": 202,
					"count": 1,
					"min": 202,
					"max": 202
				},
				"2024-09-13": {
					"avg": 156,
					"count": 2,
					"min": 107,
					"max": 205
				},
				"2024-09-16": {
					"avg": 65,
					"count": 1,
					"min": 65,
					"max": 65
				},
				"2024-09-19": {
					"avg": 192,
					"count": 1,
					"min": 192,
					"max": 192
				},
				"2024-09-20": {
					"avg": 614,
					"count": 1,
					"min": 614,
					"max": 614
				}
			},
			"avg": 179,
			"avg7": -1,
			"avg28": -1
		}
	}
}