{
	"data": {
		"normal-good": {
			"history": {
				"2022-11-13": {
					"avg": 130,
					"count": 2
				},
				"2022-11-14": {
					"avg": 134,
					"count": 4
				},
				"2022-11-15": {
					"avg": 60,
					"count": 3
				},
				"2022-11-16": {
					"avg": 155,
					"count": 9
				},
				"2022-11-17": {
					"avg": 68,
					"count": 3
				},
				"2022-11-18": {
					"avg": 29,
					"count": 1
				},
				"2022-11-19": {
					"avg": 80,
					"count": 2,
					"min": 49,
					"max": 111
				},
				"2022-11-20": {
					"avg": 44,
					"count": 1,
					"min": 44,
					"max": 44
				},
				"2022-11-21": {
					"avg": 38,
					"count": 2,
					"min": 38,
					"max": 38
				},
				"2022-11-23": {
					"avg": 44,
					"count": 3,
					"min": 44,
					"max": 44
				},
				"2022-11-25": {
					"avg": 69,
					"count": 15,
					"min": 17,
					"max": 300
				},
				"2022-11-26": {
					"avg": 660,
					"count": 41,
					"min": 31,
					"max": 840
				},
				"2022-11-27": {
					"avg": 52,
					"count": 1,
					"min": 52,
					"max": 52
				},
				"2022-11-28": {
					"avg": 114,
					"count": 5,
					"min": 21,
					"max": 194
				},
				"2022-11-29": {
					"avg": 56,
					"count": 5,
					"min": 18,
					"max": 177
				},
				"2022-11-30": {
					"avg": 29,
					"count": 1,
					"min": 29,
					"max": 29
				},
				"2022-12-01": {
					"avg": 124,
					"count": 3,
					"min": 44,
					"max": 196
				},
				"2022-12-02": {
					"avg": 114,
					"count": 5,
					"min": 10,
					"max": 349
				},
				"2022-12-03": {
					"avg": 195,
					"count": 1,
					"min": 195,
					"max": 195
				},
				"2022-12-04": {
					"avg": 103,
					"count": 5,
					"min": 38,
					"max": 196
				},
				"2022-12-05": {
					"avg": 60,
					"count": 28,
					"min": 26,
					"max": 227
				},
				"2022-12-06": {
					"avg": 446,
					"count": 2,
					"min": 43,
					"max": 849
				},
				"2022-12-07": {
					"avg": 49,
					"count": 8,
					"min": 22,
					"max": 119
				},
				"2022-12-09": {
					"avg": 95,
					"count": 6,
					"min": 15,
					"max": 454
				},
				"2022-12-10": {
					"avg": 73,
					"count": 9,
					"min": 29,
					"max": 129
				},
				"2022-12-11": {
					"avg": 29,
					"count": 7,
					"min": 29,
					"max": 29
				},
				"2022-12-13": {
					"avg": 114,
					"count": 6,
					"min": 43,
					"max": 195
				},
				"2022-12-14": {
					"avg": 38,
					"count": 3,
					"min": 27,
					"max": 45
				},
				"2022-12-15": {
					"avg": 187,
					"count": 9,
					"min": 27,
					"max": 476
				},
				"2022-12-16": {
					"avg": 134,
					"count": 22,
					"min": 26,
					"max": 425
				},
				"2022-12-17": {
					"avg": 70,
					"count": 16,
					"min": 25,
					"max": 197
				},
				"2022-12-18": {
					"avg": 20,
					"count": 1,
					"min": 20,
					"max": 20
				},
				"2022-12-20": {
					"avg": 169,
					"count": 3,
					"min": 117,
					"max": 195
				},
				"2022-12-21": {
					"avg": 202,
					"count": 4,
					"min": 50,
					"max": 445
				},
				"2022-12-22": {
					"avg": 195,
					"count": 1,
					"min": 195,
					"max": 195
				},
				"2022-12-23": {
					"avg": 37,
					"count": 8,
					"min": 20,
					"max": 110
				},
				"2022-12-24": {
					"avg": 26,
					"count": 3,
					"min": 21,
					"max": 36
				},
				"2022-12-25": {
					"avg": 34,
					"count": 2,
					"min": 24,
					"max": 43
				},
				"2022-12-26": {
					"avg": 178,
					"count": 5,
					"min": 21,
					"max": 217
				},
				"2022-12-27": {
					"avg": 127,
					"count": 2,
					"min": 120,
					"max": 134
				},
				"2022-12-28": {
					"avg": 57,
					"count": 5,
					"min": 26,
					"max": 138
				},
				"2022-12-29": {
					"avg": 93,
					"count": 2,
					"min": 43,
					"max": 143
				},
				"2022-12-30": {
					"avg": 93,
					"count": 7,
					"min": 23,
					"max": 300
				},
				"2022-12-31": {
					"avg": 81,
					"count": 2,
					"min": 43,
					"max": 119
				},
				"2023-01-01": {
					"avg": 177,
					"count": 6,
					"min": 21,
					"max": 331
				},
				"2023-01-02": {
					"avg": 135,
					"count": 19,
					"min": 85,
					"max": 335
				},
				"2023-01-03": {
					"avg": 79,
					"count": 4,
					"min": 40,
					"max": 134
				},
				"2023-01-04": {
					"avg": 269,
					"count": 5,
					"min": 49,
					"max": 324
				},
				"2023-01-05": {
					"avg": 135,
					"count": 5,
					"min": 23,
					"max": 271
				},
				"2023-01-06": {
					"avg": 133,
					"count": 3,
					"min": 29,
					"max": 221
				},
				"2023-01-07": {
					"avg": 132,
					"count": 6,
					"min": 113,
					"max": 149
				},
				"2023-01-08": {
					"avg": 57,
					"count": 6,
					"min": 25,
					"max": 124
				},
				"2023-01-09": {
					"avg": 94,
					"count": 8,
					"min": 20,
					"max": 117
				},
				"2023-01-10": {
					"avg": 100,
					"count": 8,
					"min": 25,
					"max": 294
				},
				"2023-01-11": {
					"avg": 78,
					"count": 19,
					"min": 44,
					"max": 225
				},
				"2023-01-12": {
					"avg": 71,
					"count": 8,
					"min": 22,
					"max": 248
				},
				"2023-02-06": {
					"avg": 107,
					"count": 6,
					"min": 30,
					"max": 215
				},
				"2023-02-07": {
					"avg": 156,
					"count": 4,
					"min": 25,
					"max": 289
				},
				"2023-02-08": {
					"avg": 90,
					"count": 2,
					"min": 25,
					"max": 155
				},
				"2023-02-10": {
					"avg": 172,
					"count": 4,
					"min": 21,
					"max": 294
				},
				"2023-02-11": {
					"avg": 142,
					"count": 8,
					"min": 23,
					"max": 217
				},
				"2023-02-12": {
					"avg": 127,
					"count": 12,
					"min": 50,
					"max": 153
				},
				"2023-02-13": {
					"avg": 115,
					"count": 3,
					"min": 115,
					"max": 115
				},
				"2023-02-14": {
					"avg": 144,
					"count": 1,
					"min": 144,
					"max": 144
				},
				"2023-02-15": {
					"avg": 97,
					"count": 5,
					"min": 25,
					"max": 250
				},
				"2023-02-16": {
					"avg": 50,
					"count": 1,
					"min": 50,
					"max": 50
				},
				"2023-02-17": {
					"avg": 218,
					"count": 3,
					"min": 42,
					"max": 362
				},
				"2023-02-18": {
					"avg": 163,
					"count": 2,
					"min": 27,
					"max": 299
				},
				"2023-02-19": {
					"avg": 83,
					"count": 3,
					"min": 36,
					"max": 148
				},
				"2023-02-20": {
					"avg": 140,
					"count": 11,
					"min": 99,
					"max": 324
				},
				"2023-02-21": {
					"avg": 118,
					"count": 3,
					"min": 50,
					"max": 250
				},
				"2023-02-22": {
					"avg": 255,
					"count": 3,
					"min": 143,
					"max": 374
				},
				"2023-02-23": {
					"avg": 139,
					"count": 7,
					"min": 56,
					"max": 246
				},
				"2023-02-24": {
					"avg": 191,
					"count": 2,
					"min": 131,
					"max": 250
				},
				"2023-02-26": {
					"avg": 242,
					"count": 7,
					"min": 192,
					"max": 252
				},
				"2023-02-27": {
					"avg": 141,
					"count": 3,
					"min": 49,
					"max": 250
				},
				"2023-02-28": {
					"avg": 198,
					"count": 6,
					"min": 56,
					"max": 523
				},
				"2023-03-01": {
					"avg": 71,
					"count": 2,
					"min": 21,
					"max": 121
				},
				"2023-03-02": {
					"avg": 153,
					"count": 7,
					"min": 49,
					"max": 200
				},
				"2023-03-03": {
					"avg": 92,
					"count": 5,
					"min": 25,
					"max": 208
				},
				"2023-03-04": {
					"avg": 229,
					"count": 2,
					"min": 156,
					"max": 301
				},
				"2023-03-05": {
					"avg": 395,
					"count": 1,
					"min": 395,
					"max": 395
				},
				"2023-03-06": {
					"avg": 21,
					"count": 1,
					"min": 21,
					"max": 21
				},
				"2023-03-07": {
					"avg": 167,
					"count": 3,
					"min": 32,
					"max": 275
				},
				"2023-03-09": {
					"avg": 45,
					"count": 2,
					"min": 24,
					"max": 65
				},
				"2023-03-10": {
					"avg": 123,
					"count": 6,
					"min": 27,
					"max": 307
				},
				"2023-03-11": {
					"avg": 272,
					"count": 4,
					"min": 75,
					"max": 514
				},
				"2023-03-12": {
					"avg": 119,
					"count": 7,
					"min": 23,
					"max": 248
				},
				"2023-03-13": {
					"avg": 44,
					"count": 1,
					"min": 44,
					"max": 44
				},
				"2023-03-14": {
					"avg": 727,
					"count": 3,
					"min": 46,
					"max": 2011
				},
				"2023-03-16": {
					"avg": 209,
					"count": 3,
					"min": 156,
					"max": 236
				},
				"2023-03-17": {
					"avg": 75,
					"count": 2,
					"min": 24,
					"max": 126
				},
				"2023-03-18": {
					"avg": 82,
					"count": 2,
					"min": 29,
					"max": 134
				},
				"2023-03-19": {
					"avg": 172,
					"count": 2,
					"min": 93,
					"max": 250
				},
				"2023-03-20": {
					"avg": 167,
					"count": 6,
					"min": 125,
					"max": 248
				},
				"2023-03-21": {
					"avg": 44,
					"count": 1,
					"min": 44,
					"max": 44
				},
				"2023-03-22": {
					"avg": 330,
					"count": 40,
					"min": 330,
					"max": 330
				},
				"2023-03-23": {
					"avg": 135,
					"count": 11,
					"min": 75,
					"max": 144
				},
				"2023-03-24": {
					"avg": 173,
					"count": 2,
					"min": 44,
					"max": 301
				},
				"2023-03-25": {
					"avg": 52,
					"count": 30,
					"min": 27,
					"max": 53
				},
				"2023-03-26": {
					"avg": 248,
					"count": 1,
					"min": 248,
					"max": 248
				},
				"2023-03-28": {
					"avg": 156,
					"count": 7,
					"min": 49,
					"max": 395
				},
				"2023-03-29": {
					"avg": 184,
					"count": 4,
					"min": 99,
					"max": 250
				},
				"2023-03-31": {
					"avg": 126,
					"count": 9,
					"min": 44,
					"max": 216
				},
				"2023-04-01": {
					"avg": 122,
					"count": 4,
					"min": 44,
					"max": 250
				},
				"2023-04-02": {
					"avg": 54,
					"count": 4,
					"min": 23,
					"max": 123
				},
				"2023-04-03": {
					"avg": 351,
					"count": 18,
					"min": 351,
					"max": 351
				},
				"2023-04-04": {
					"avg": 64,
					"count": 6,
					"min": 24,
					"max": 225
				},
				"2023-04-05": {
					"avg": 229,
					"count": 4,
					"min": 45,
					"max": 424
				},
				"2023-04-06": {
					"avg": 43,
					"count": 1,
					"min": 43,
					"max": 43
				},
				"2023-04-07": {
					"avg": 110,
					"count": 6,
					"min": 22,
					"max": 200
				},
				"2023-04-08": {
					"avg": 131,
					"count": 6,
					"min": 44,
					"max": 148
				},
				"2023-04-09": {
					"avg": 96,
					"count": 10,
					"min": 30,
					"max": 208
				},
				"2023-04-10": {
					"avg": 202,
					"count": 2,
					"min": 129,
					"max": 274
				},
				"2023-04-11": {
					"avg": 144,
					"count": 3,
					"min": 65,
					"max": 267
				},
				"2023-04-12": {
					"avg": 250,
					"count": 2,
					"min": 250,
					"max": 250
				},
				"2023-04-13": {
					"avg": 138,
					"count": 3,
					"min": 45,
					"max": 184
				},
				"2023-04-14": {
					"avg": 232,
					"count": 2,
					"min": 140,
					"max": 324
				},
				"2023-04-15": {
					"avg": 280,
					"count": 6,
					"min": 137,
					"max": 453
				},
				"2023-04-17": {
					"avg": 95,
					"count": 2,
					"min": 25,
					"max": 165
				},
				"2023-04-18": {
					"avg": 153,
					"count": 2,
					"min": 124,
					"max": 182
				},
				"2023-04-19": {
					"avg": 698,
					"count": 1,
					"min": 698,
					"max": 698
				},
				"2023-04-20": {
					"avg": 49,
					"count": 1,
					"min": 49,
					"max": 49
				},
				"2023-04-21": {
					"avg": 49,
					"count": 1,
					"min": 49,
					"max": 49
				},
				"2023-04-22": {
					"avg": 183,
					"count": 8,
					"min": 18,
					"max": 418
				},
				"2023-04-23": {
					"avg": 207,
					"count": 5,
					"min": 121,
					"max": 395
				},
				"2023-04-25": {
					"avg": 89,
					"count": 2,
					"min": 75,
					"max": 103
				},
				"2023-04-26": {
					"avg": 136,
					"count": 4,
					"min": 22,
					"max": 328
				},
				"2023-04-27": {
					"avg": 43,
					"count": 1,
					"min": 43,
					"max": 43
				},
				"2023-04-29": {
					"avg": 128,
					"count": 3,
					"min": 43,
					"max": 207
				},
				"2023-04-30": {
					"avg": 21,
					"count": 1,
					"min": 21,
					"max": 21
				},
				"2023-05-01": {
					"avg": 62,
					"count": 2,
					"min": 49,
					"max": 75
				},
				"2023-05-02": {
					"avg": 245,
					"count": 2,
					"min": 65,
					"max": 424
				},
				"2023-05-03": {
					"avg": 45,
					"count": 2,
					"min": 25,
					"max": 65
				},
				"2023-05-04": {
					"avg": 120,
					"count": 3,
					"min": 115,
					"max": 124
				},
				"2023-05-05": {
					"avg": 125,
					"count": 8,
					"min": 34,
					"max": 218
				},
				"2023-05-06": {
					"avg": 119,
					"count": 1,
					"min": 119,
					"max": 119
				},
				"2023-05-07": {
					"avg": 125,
					"count": 28,
					"min": 22,
					"max": 219
				},
				"2023-05-08": {
					"avg": 37,
					"count": 5,
					"min": 27,
					"max": 79
				},
				"2023-05-09": {
					"avg": 248,
					"count": 1,
					"min": 248,
					"max": 248
				},
				"2023-05-10": {
					"avg": 243,
					"count": 2,
					"min": 138,
					"max": 348
				},
				"2023-05-11": {
					"avg": 128,
					"count": 3,
					"min": 65,
					"max": 159
				},
				"2023-05-12": {
					"avg": 84,
					"count": 2,
					"min": 34,
					"max": 133
				},
				"2023-05-14": {
					"avg": 92,
					"count": 3,
					"min": 23,
					"max": 130
				},
				"2023-05-15": {
					"avg": 80,
					"count": 3,
					"min": 42,
					"max": 124
				},
				"2023-05-16": {
					"avg": 199,
					"count": 3,
					"min": 139,
					"max": 248
				},
				"2023-05-17": {
					"avg": 38,
					"count": 3,
					"min": 25,
					"max": 52
				},
				"2023-05-18": {
					"avg": 405,
					"count": 1,
					"min": 405,
					"max": 405
				},
				"2023-05-19": {
					"avg": 146,
					"count": 9,
					"min": 35,
					"max": 298
				},
				"2023-05-20": {
					"avg": 79,
					"count": 3,
					"min": 25,
					"max": 174
				},
				"2023-05-22": {
					"avg": 166,
					"count": 3,
					"min": 124,
					"max": 200
				},
				"2023-05-23": {
					"avg": 89,
					"count": 5,
					"min": 25,
					"max": 225
				},
				"2023-05-24": {
					"avg": 107,
					"count": 12,
					"min": 25,
					"max": 309
				},
				"2023-05-25": {
					"avg": 26,
					"count": 26,
					"min": 25,
					"max": 36
				},
				"2023-05-26": {
					"avg": 102,
					"count": 4,
					"min": 30,
					"max": 174
				},
				"2023-05-27": {
					"avg": 85,
					"count": 13,
					"min": 21,
					"max": 298
				},
				"2023-05-28": {
					"avg": 135,
					"count": 3,
					"min": 71,
					"max": 210
				},
				"2023-05-29": {
					"avg": 190,
					"count": 11,
					"min": 25,
					"max": 974
				},
				"2023-05-30": {
					"avg": 59,
					"count": 1,
					"min": 59,
					"max": 59
				},
				"2023-05-31": {
					"avg": 129,
					"count": 4,
					"min": 75,
					"max": 217
				},
				"2023-06-01": {
					"avg": 104,
					"count": 61,
					"min": 41,
					"max": 563
				},
				"2023-06-02": {
					"avg": 150,
					"count": 3,
					"min": 25,
					"max": 349
				},
				"2023-06-03": {
					"avg": 263,
					"count": 5,
					"min": 124,
					"max": 298
				},
				"2023-06-04": {
					"avg": 187,
					"count": 3,
					"min": 37,
					"max": 273
				},
				"2023-06-05": {
					"avg": 192,
					"count": 4,
					"min": 56,
					"max": 449
				},
				"2023-06-06": {
					"avg": 212,
					"count": 3,
					"min": 140,
					"max": 250
				},
				"2023-06-07": {
					"avg": 145,
					"count": 2,
					"min": 93,
					"max": 197
				},
				"2023-06-08": {
					"avg": 898,
					"count": 1,
					"min": 898,
					"max": 898
				},
				"2023-06-09": {
					"avg": 74,
					"count": 1,
					"min": 74,
					"max": 74
				},
				"2023-06-10": {
					"avg": 91,
					"count": 2,
					"min": 44,
					"max": 138
				},
				"2023-06-11": {
					"avg": 82,
					"count": 3,
					"min": 34,
					"max": 150
				},
				"2023-06-12": {
					"avg": 89,
					"count": 3,
					"min": 34,
					"max": 200
				},
				"2023-06-14": {
					"avg": 34,
					"count": 1,
					"min": 34,
					"max": 34
				},
				"2023-06-15": {
					"avg": 156,
					"count": 5,
					"min": 34,
					"max": 352
				},
				"2023-06-16": {
					"avg": 281,
					"count": 3,
					"min": 233,
					"max": 363
				},
				"2023-06-17": {
					"avg": 34,
					"count": 29,
					"min": 25,
					"max": 75
				},
				"2023-06-18": {
					"avg": 94,
					"count": 18,
					"min": 34,
					"max": 158
				},
				"2023-06-19": {
					"avg": 208,
					"count": 8,
					"min": 129,
					"max": 331
				},
				"2023-06-20": {
					"avg": 180,
					"count": 3,
					"min": 34,
					"max": 432
				},
				"2023-06-21": {
					"avg": 59,
					"count": 4,
					"min": 38,
					"max": 83
				},
				"2023-06-22": {
					"avg": 109,
					"count": 13,
					"min": 22,
					"max": 284
				},
				"2023-06-23": {
					"avg": 270,
					"count": 13,
					"min": 30,
					"max": 450
				},
				"2023-06-24": {
					"avg": 185,
					"count": 8,
					"min": 34,
					"max": 628
				},
				"2023-06-26": {
					"avg": 83,
					"count": 7,
					"min": 30,
					"max": 137
				},
				"2023-06-27": {
					"avg": 282,
					"count": 3,
					"min": 90,
					"max": 507
				},
				"2023-06-29": {
					"avg": 64,
					"count": 4,
					"min": 13,
					"max": 129
				},
				"2023-06-30": {
					"avg": 167,
					"count": 9,
					"min": 25,
					"max": 432
				},
				"2023-07-01": {
					"avg": 116,
					"count": 2,
					"min": 99,
					"max": 133
				},
				"2023-07-02": {
					"avg": 60,
					"count": 2,
					"min": 34,
					"max": 85
				},
				"2023-07-03": {
					"avg": 100,
					"count": 7,
					"min": 29,
					"max": 199
				},
				"2023-07-04": {
					"avg": 45,
					"count": 26,
					"min": 25,
					"max": 225
				},
				"2023-07-05": {
					"avg": 116,
					"count": 2,
					"min": 32,
					"max": 199
				},
				"2023-07-06": {
					"avg": 517,
					"count": 2,
					"min": 36,
					"max": 998
				},
				"2023-07-07": {
					"avg": 128,
					"count": 6,
					"min": 30,
					"max": 240
				},
				"2023-07-08": {
					"avg": 84,
					"count": 2,
					"min": 37,
					"max": 130
				},
				"2023-07-09": {
					"avg": 80,
					"count": 3,
					"min": 30,
					"max": 124
				},
				"2023-07-10": {
					"avg": 73,
					"count": 2,
					"min": 41,
					"max": 105
				},
				"2023-07-12": {
					"avg": 100,
					"count": 3,
					"min": 34,
					"max": 166
				},
				"2023-07-13": {
					"avg": 77,
					"count": 2,
					"min": 75,
					"max": 79
				},
				"2023-07-14": {
					"avg": 389,
					"count": 5,
					"min": 70,
					"max": 614
				},
				"2023-07-15": {
					"avg": 87,
					"count": 3,
					"min": 29,
					"max": 198
				},
				"2023-07-16": {
					"avg": 151,
					"count": 4,
					"min": 79,
					"max": 284
				},
				"2023-07-17": {
					"avg": 112,
					"count": 7,
					"min": 29,
					"max": 225
				},
				"2023-07-18": {
					"avg": 211,
					"count": 23,
					"min": 124,
					"max": 437
				},
				"2023-07-19": {
					"avg": 113,
					"count": 17,
					"min": 25,
					"max": 449
				},
				"2023-07-20": {
					"avg": 145,
					"count": 13,
					"min": 25,
					"max": 345
				},
				"2023-07-21": {
					"avg": 39,
					"count": 1,
					"min": 39,
					"max": 39
				},
				"2023-07-22": {
					"avg": 41,
					"count": 2,
					"min": 39,
					"max": 42
				},
				"2023-07-23": {
					"avg": 89,
					"count": 6,
					"min": 47,
					"max": 298
				},
				"2023-07-24": {
					"avg": 86,
					"count": 5,
					"min": 41,
					"max": 170
				},
				"2023-07-25": {
					"avg": 93,
					"count": 13,
					"min": 17,
					"max": 449
				},
				"2023-07-26": {
					"avg": 58,
					"count": 16,
					"min": 30,
					"max": 139
				},
				"2023-07-27": {
					"avg": 100,
					"count": 1,
					"min": 100,
					"max": 100
				},
				"2023-07-28": {
					"avg": 60,
					"count": 3,
					"min": 33,
					"max": 113
				},
				"2023-07-29": {
					"avg": 126,
					"count": 6,
					"min": 33,
					"max": 341
				},
				"2023-07-30": {
					"avg": 594,
					"count": 2,
					"min": 129,
					"max": 1058
				},
				"2023-07-31": {
					"avg": 685,
					"count": 2,
					"min": 536,
					"max": 834
				},
				"2023-08-01": {
					"avg": 294,
					"count": 6,
					"min": 189,
					"max": 479
				},
				"2023-08-02": {
					"avg": 114,
					"count": 7,
					"min": 34,
					"max": 512
				},
				"2023-08-03": {
					"avg": 116,
					"count": 9,
					"min": 78,
					"max": 124
				},
				"2023-08-04": {
					"avg": 86,
					"count": 4,
					"min": 19,
					"max": 130
				},
				"2023-08-05": {
					"avg": 65,
					"count": 4,
					"min": 25,
					"max": 134
				},
				"2023-08-06": {
					"avg": 117,
					"count": 4,
					"min": 34,
					"max": 199
				},
				"2023-08-07": {
					"avg": 102,
					"count": 21,
					"min": 34,
					"max": 413
				},
				"2023-08-08": {
					"avg": 70,
					"count": 1,
					"min": 70,
					"max": 70
				},
				"2023-08-09": {
					"avg": 154,
					"count": 8,
					"min": 35,
					"max": 524
				},
				"2023-08-10": {
					"avg": 51,
					"count": 3,
					"min": 20,
					"max": 114
				},
				"2023-08-11": {
					"avg": 145,
					"count": 5,
					"min": 19,
					"max": 324
				},
				"2023-08-12": {
					"avg": 125,
					"count": 2,
					"min": 118,
					"max": 132
				},
				"2023-08-14": {
					"avg": 42,
					"count": 6,
					"min": 19,
					"max": 118
				},
				"2023-08-15": {
					"avg": 349,
					"count": 1,
					"min": 349,
					"max": 349
				},
				"2023-08-16": {
					"avg": 178,
					"count": 19,
					"min": 35,
					"max": 599
				},
				"2023-08-17": {
					"avg": 81,
					"count": 1,
					"min": 81,
					"max": 81
				},
				"2023-08-18": {
					"avg": 211,
					"count": 4,
					"min": 24,
					"max": 413
				},
				"2023-08-19": {
					"avg": 123,
					"count": 4,
					"min": 30,
					"max": 178
				},
				"2023-08-20": {
					"avg": 57,
					"count": 4,
					"min": 34,
					"max": 124
				},
				"2023-08-21": {
					"avg": 110,
					"count": 2,
					"min": 23,
					"max": 197
				},
				"2023-08-23": {
					"avg": 248,
					"count": 3,
					"min": 85,
					"max": 495
				},
				"2023-08-24": {
					"avg": 154,
					"count": 3,
					"min": 19,
					"max": 424
				},
				"2023-08-25": {
					"avg": 117,
					"count": 12,
					"min": 26,
					"max": 449
				},
				"2023-08-26": {
					"avg": 44,
					"count": 2,
					"min": 44,
					"max": 44
				},
				"2023-08-27": {
					"avg": 99,
					"count": 2,
					"min": 30,
					"max": 169
				},
				"2023-08-28": {
					"avg": 44,
					"count": 1,
					"min": 44,
					"max": 44
				},
				"2023-08-29": {
					"avg": 71,
					"count": 2,
					"min": 25,
					"max": 116
				},
				"2023-08-30": {
					"avg": 117,
					"count": 1,
					"min": 117,
					"max": 117
				},
				"2023-08-31": {
					"avg": 112,
					"count": 3,
					"min": 34,
					"max": 246
				},
				"2023-09-02": {
					"avg": 202,
					"count": 13,
					"min": 100,
					"max": 628
				},
				"2023-09-03": {
					"avg": 59,
					"count": 4,
					"min": 30,
					"max": 100
				},
				"2023-09-04": {
					"avg": 84,
					"count": 2,
					"min": 34,
					"max": 133
				},
				"2023-09-05": {
					"avg": 150,
					"count": 2,
					"min": 100,
					"max": 199
				},
				"2023-09-06": {
					"avg": 37,
					"count": 2,
					"min": 37,
					"max": 37
				},
				"2023-09-07": {
					"avg": 105,
					"count": 2,
					"min": 37,
					"max": 173
				},
				"2023-09-08": {
					"avg": 112,
					"count": 3,
					"min": 37,
					"max": 199
				},
				"2023-09-09": {
					"avg": 189,
					"count": 3,
					"min": 118,
					"max": 248
				},
				"2023-09-10": {
					"avg": 359,
					"count": 4,
					"min": 37,
					"max": 1074
				},
				"2023-09-11": {
					"avg": 167,
					"count": 1,
					"min": 167,
					"max": 167
				},
				"2023-09-12": {
					"avg": 139,
					"count": 4,
					"min": 37,
					"max": 346
				},
				"2023-09-13": {
					"avg": 236,
					"count": 4,
					"min": 30,
					"max": 648
				},
				"2023-09-14": {
					"avg": 118,
					"count": 5,
					"min": 56,
					"max": 199
				},
				"2023-09-15": {
					"avg": 62,
					"count": 10,
					"min": 39,
					"max": 121
				},
				"2023-09-16": {
					"avg": 322,
					"count": 5,
					"min": 38,
					"max": 1195
				},
				"2023-09-17": {
					"avg": 101,
					"count": 3,
					"min": 30,
					"max": 209
				},
				"2023-09-18": {
					"avg": 116,
					"count": 4,
					"min": 30,
					"max": 248
				},
				"2023-09-19": {
					"avg": 114,
					"count": 11,
					"min": 20,
					"max": 228
				},
				"2023-09-20": {
					"avg": 123,
					"count": 4,
					"min": 20,
					"max": 248
				},
				"2023-09-21": {
					"avg": 130,
					"count": 5,
					"min": 123,
					"max": 134
				},
				"2023-09-22": {
					"avg": 75,
					"count": 2,
					"min": 25,
					"max": 124
				},
				"2023-09-23": {
					"avg": 85,
					"count": 10,
					"min": 51,
					"max": 89
				},
				"2023-09-25": {
					"avg": 102,
					"count": 7,
					"min": 26,
					"max": 254
				},
				"2023-09-26": {
					"avg": 151,
					"count": 12,
					"min": 66,
					"max": 250
				},
				"2023-09-27": {
					"avg": 149,
					"count": 1,
					"min": 149,
					"max": 149
				},
				"2023-09-28": {
					"avg": 100,
					"count": 1,
					"min": 100,
					"max": 100
				},
				"2023-09-29": {
					"avg": 86,
					"count": 2,
					"min": 57,
					"max": 114
				},
				"2023-09-30": {
					"avg": 113,
					"count": 12,
					"min": 30,
					"max": 274
				},
				"2023-10-01": {
					"avg": 146,
					"count": 2,
					"min": 132,
					"max": 160
				},
				"2023-10-02": {
					"avg": 67,
					"count": 3,
					"min": 20,
					"max": 148
				},
				"2023-10-03": {
					"avg": 165,
					"count": 3,
					"min": 124,
					"max": 248
				},
				"2023-10-04": {
					"avg": 165,
					"count": 5,
					"min": 30,
					"max": 456
				},
				"2023-10-05": {
					"avg": 87,
					"count": 2,
					"min": 35,
					"max": 140
				},
				"2023-10-06": {
					"avg": 951,
					"count": 4,
					"min": 88,
					"max": 3498
				},
				"2023-10-07": {
					"avg": 79,
					"count": 3,
					"min": 30,
					"max": 168
				},
				"2023-10-08": {
					"avg": 41,
					"count": 3,
					"min": 24,
					"max": 50
				},
				"2023-10-09": {
					"avg": 98,
					"count": 13,
					"min": 24,
					"max": 255
				},
				"2023-10-10": {
					"avg": 73,
					"count": 3,
					"min": 38,
					"max": 113
				},
				"2023-10-11": {
					"avg": 475,
					"count": 5,
					"min": 40,
					"max": 2077
				},
				"2023-10-12": {
					"avg": 45,
					"count": 2,
					"min": 23,
					"max": 66
				},
				"2023-10-13": {
					"avg": 83,
					"count": 6,
					"min": 37,
					"max": 212
				},
				"2023-10-14": {
					"avg": 101,
					"count": 3,
					"min": 29,
					"max": 175
				},
				"2023-10-16": {
					"avg": 182,
					"count": 4,
					"min": 35,
					"max": 297
				},
				"2023-10-17": {
					"avg": 73,
					"count": 5,
					"min": 25,
					"max": 178
				},
				"2023-10-18": {
					"avg": 150,
					"count": 3,
					"min": 144,
					"max": 162
				},
				"2023-10-19": {
					"avg": 73,
					"count": 12,
					"min": 39,
					"max": 198
				},
				"2023-10-20": {
					"avg": 121,
					"count": 14,
					"min": 27,
					"max": 248
				},
				"2023-10-21": {
					"avg": 37,
					"count": 3,
					"min": 32,
					"max": 48
				},
				"2023-10-22": {
					"avg": 61,
					"count": 3,
					"min": 32,
					"max": 85
				},
				"2023-10-23": {
					"avg": 71,
					"count": 4,
					"min": 26,
					"max": 99
				},
				"2023-10-25": {
					"avg": 274,
					"count": 2,
					"min": 274,
					"max": 274
				},
				"2023-10-26": {
					"avg": 199,
					"count": 4,
					"min": 70,
					"max": 449
				},
				"2023-10-27": {
					"avg": 68,
					"count": 3,
					"min": 35,
					"max": 99
				},
				"2023-10-28": {
					"avg": 164,
					"count": 5,
					"min": 124,
					"max": 274
				},
				"2023-10-29": {
					"avg": 92,
					"count": 3,
					"min": 70,
					"max": 111
				},
				"2023-10-30": {
					"avg": 237,
					"count": 3,
					"min": 100,
					"max": 413
				},
				"2023-10-31": {
					"avg": 83,
					"count": 2,
					"min": 32,
					"max": 134
				},
				"2023-11-01": {
					"avg": 138,
					"count": 1,
					"min": 138,
					"max": 138
				},
				"2023-11-02": {
					"avg": 41,
					"count": 1,
					"min": 41,
					"max": 41
				},
				"2023-11-03": {
					"avg": 160,
					"count": 3,
					"min": 65,
					"max": 265
				},
				"2023-11-04": {
					"avg": 289,
					"count": 11,
					"min": 65,
					"max": 509
				},
				"2023-11-05": {
					"avg": 285,
					"count": 2,
					"min": 110,
					"max": 459
				},
				"2023-11-06": {
					"avg": 162,
					"count": 4,
					"min": 119,
					"max": 289
				},
				"2023-11-08": {
					"avg": 83,
					"count": 1,
					"min": 83,
					"max": 83
				},
				"2023-11-09": {
					"avg": 41,
					"count": 5,
					"min": 26,
					"max": 100
				},
				"2023-11-10": {
					"avg": 77,
					"count": 1,
					"min": 77,
					"max": 77
				},
				"2023-11-11": {
					"avg": 31,
					"count": 1,
					"min": 31,
					"max": 31
				},
				"2023-11-12": {
					"avg": 203,
					"count": 2,
					"min": 31,
					"max": 374
				},
				"2023-11-13": {
					"avg": 123,
					"count": 1,
					"min": 123,
					"max": 123
				},
				"2023-11-14": {
					"avg": 53,
					"count": 14,
					"min": 5,
					"max": 309
				},
				"2023-11-15": {
					"avg": 122,
					"count": 8,
					"min": 24,
					"max": 268
				},
				"2023-11-16": {
					"avg": 29,
					"count": 1,
					"min": 29,
					"max": 29
				},
				"2023-11-17": {
					"avg": 120,
					"count": 4,
					"min": 115,
					"max": 123
				},
				"2023-11-18": {
					"avg": 107,
					"count": 2,
					"min": 31,
					"max": 182
				},
				"2023-11-20": {
					"avg": 289,
					"count": 1,
					"min": 289,
					"max": 289
				},
				"2023-11-21": {
					"avg": 104,
					"count": 14,
					"min": 26,
					"max": 119
				},
				"2023-11-22": {
					"avg": 82,
					"count": 2,
					"min": 25,
					"max": 139
				},
				"2023-11-23": {
					"avg": 75,
					"count": 3,
					"min": 32,
					"max": 124
				},
				"2023-11-24": {
					"avg": 177,
					"count": 40,
					"min": 25,
					"max": 428
				},
				"2023-11-25": {
					"avg": 87,
					"count": 3,
					"min": 32,
					"max": 115
				},
				"2023-11-26": {
					"avg": 151,
					"count": 7,
					"min": 65,
					"max": 347
				},
				"2023-11-27": {
					"avg": 45,
					"count": 56,
					"min": 23,
					"max": 347
				},
				"2024-05-15": {
					"avg": 167,
					"count": 1,
					"min": 167,
					"max": 167
				},
				"2024-05-16": {
					"avg": 145,
					"count": 1,
					"min": 145,
					"max": 145
				},
				"2024-05-17": {
					"avg": 102,
					"count": 53,
					"min": 19,
					"max": 254
				},
				"2024-05-18": {
					"avg": 210,
					"count": 48,
					"min": 25,
					"max": 399
				},
				"2024-05-19": {
					"avg": 347,
					"count": 5,
					"min": 39,
					"max": 449
				},
				"2024-05-20": {
					"avg": 209,
					"count": 9,
					"min": 23,
					"max": 598
				},
				"2024-05-21": {
					"avg": 316,
					"count": 13,
					"min": 38,
					"max": 944
				},
				"2024-05-22": {
					"avg": 129,
					"count": 2,
					"min": 111,
					"max": 147
				},
				"2024-05-23": {
					"avg": 119,
					"count": 1,
					"min": 119,
					"max": 119
				},
				"2024-05-25": {
					"avg": 123,
					"count": 2,
					"min": 99,
					"max": 147
				},
				"2024-05-26": {
					"avg": 171,
					"count": 4,
					"min": 24,
					"max": 414
				},
				"2024-05-27": {
					"avg": 90,
					"count": 8,
					"min": 25,
					"max": 99
				},
				"2024-05-28": {
					"avg": 127,
					"count": 2,
					"min": 127,
					"max": 127
				},
				"2024-05-29": {
					"avg": 255,
					"count": 4,
					"min": 163,
					"max": 414
				},
				"2024-05-30": {
					"avg": 185,
					"count": 2,
					"min": 147,
					"max": 222
				},
				"2024-05-31": {
					"avg": 100,
					"count": 3,
					"min": 36,
					"max": 160
				},
				"2024-06-03": {
					"avg": 239,
					"count": 7,
					"min": 192,
					"max": 262
				},
				"2024-06-04": {
					"avg": 130,
					"count": 2,
					"min": 124,
					"max": 136
				},
				"2024-06-05": {
					"avg": 105,
					"count": 1,
					"min": 105,
					"max": 105
				},
				"2024-06-06": {
					"avg": 73,
					"count": 3,
					"min": 47,
					"max": 124
				},
				"2024-06-07": {
					"avg": 174,
					"count": 2,
					"min": 152,
					"max": 196
				},
				"2024-06-08": {
					"avg": 39,
					"count": 1,
					"min": 39,
					"max": 39
				},
				"2024-06-09": {
					"avg": 201,
					"count": 3,
					"min": 196,
					"max": 204
				},
				"2024-06-11": {
					"avg": 147,
					"count": 1,
					"min": 147,
					"max": 147
				},
				"2024-06-12": {
					"avg": 196,
					"count": 2,
					"min": 192,
					"max": 199
				},
				"2024-06-14": {
					"avg": 152,
					"count": 1,
					"min": 152,
					"max": 152
				},
				"2024-06-15": {
					"avg": 47,
					"count": 1,
					"min": 47,
					"max": 47
				},
				"2024-06-16": {
					"avg": 292,
					"count": 1,
					"min": 292,
					"max": 292
				},
				"2024-06-17": {
					"avg": 99,
					"count": 1,
					"min": 99,
					"max": 99
				},
				"2024-06-18": {
					"avg": 147,
					"count": 1,
					"min": 147,
					"max": 147
				},
				"2024-06-19": {
					"avg": 99,
					"count": 2,
					"min": 50,
					"max": 147
				},
				"2024-06-20": {
					"avg": 147,
					"count": 1,
					"min": 147,
					"max": 147
				},
				"2024-06-21": {
					"avg": 196,
					"count": 1,
					"min": 196,
					"max": 196
				},
				"2024-06-22": {
					"avg": 88,
					"count": 2,
					"min": 24,
					"max": 151
				},
				"2024-06-23": {
					"avg": 337,
					"count": 3,
					"min": 197,
					"max": 464
				},
				"2024-06-24": {
					"avg": 247,
					"count": 3,
					"min": 50,
					"max": 564
				},
				"2024-06-25": {
					"avg": 122,
					"count": 1,
					"min": 122,
					"max": 122
				},
				"2024-06-27": {
					"avg": 234,
					"count": 3,
					"min": 139,
					"max": 424
				},
				"2024-06-28": {
					"avg": 195,
					"count": 2,
					"min": 195,
					"max": 195
				},
				"2024-06-29": {
					"avg": 47,
					"count": 1,
					"min": 47,
					"max": 47
				},
				"2024-06-30": {
					"avg": 92,
					"count": 2,
					"min": 37,
					"max": 146
				},
				"2024-07-01": {
					"avg": 200,
					"count": 1,
					"min": 200,
					"max": 200
				},
				"2024-07-02": {
					"avg": 71,
					"count": 4,
					"min": 40,
					"max": 115
				},
				"2024-07-03": {
					"avg": 190,
					"count": 2,
					"min": 157,
					"max": 222
				},
				"2024-07-04": {
					"avg": 162,
					"count": 1,
					"min": 162,
					"max": 162
				},
				"2024-07-05": {
					"avg": 104,
					"count": 2,
					"min": 39,
					"max": 168
				},
				"2024-07-06": {
					"avg": 37,
					"count": 1,
					"min": 37,
					"max": 37
				},
				"2024-07-07": {
					"avg": 145,
					"count": 3,
					"min": 99,
					"max": 172
				},
				"2024-07-08": {
					"avg": 464,
					"count": 1,
					"min": 464,
					"max": 464
				},
				"2024-07-10": {
					"avg": 187,
					"count": 1,
					"min": 187,
					"max": 187
				},
				"2024-07-11": {
					"avg": 157,
					"count": 3,
					"min": 143,
					"max": 166
				},
				"2024-07-12": {
					"avg": 115,
					"count": 1,
					"min": 115,
					"max": 115
				},
				"2024-07-13": {
					"avg": 155,
					"count": 2,
					"min": 50,
					"max": 260
				},
				"2024-07-14": {
					"avg": 150,
					"count": 2,
					"min": 139,
					"max": 161
				},
				"2024-07-17": {
					"avg": 180,
					"count": 3,
					"min": 65,
					"max": 318
				},
				"2024-07-18": {
					"avg": 109,
					"count": 2,
					"min": 42,
					"max": 176
				},
				"2024-07-19": {
					"avg": 152,
					"count": 4,
					"min": 42,
					"max": 247
				},
				"2024-07-20": {
					"avg": 87,
					"count": 4,
					"min": 36,
					"max": 157
				},
				"2024-07-21": {
					"avg": 113,
					"count": 2,
					"min": 62,
					"max": 163
				},
				"2024-07-22": {
					"avg": 146,
					"count": 3,
					"min": 121,
					"max": 168
				},
				"2024-07-24": {
					"avg": 77,
					"count": 2,
					"min": 29,
					"max": 124
				},
				"2024-07-25": {
					"avg": 87,
					"count": 4,
					"min": 42,
					"max": 163
				},
				"2024-07-26": {
					"avg": 170,
					"count": 5,
					"min": 146,
					"max": 197
				},
				"2024-07-27": {
					"avg": 112,
					"count": 3,
					"min": 40,
					"max": 256
				},
				"2024-07-28": {
					"avg": 176,
					"count": 5,
					"min": 40,
					"max": 325
				},
				"2024-07-29": {
					"avg": 43,
					"count": 1,
					"min": 43,
					"max": 43
				},
				"2024-07-30": {
					"avg": 98,
					"count": 8,
					"min": 90,
					"max": 147
				},
				"2024-07-31": {
					"avg": 146,
					"count": 2,
					"min": 136,
					"max": 156
				},
				"2024-08-01": {
					"avg": 49,
					"count": 1,
					"min": 49,
					"max": 49
				},
				"2024-08-02": {
					"avg": 117,
					"count": 2,
					"min": 37,
					"max": 197
				},
				"2024-08-04": {
					"avg": 92,
					"count": 2,
					"min": 65,
					"max": 119
				},
				"2024-08-05": {
					"avg": 132,
					"count": 5,
					"min": 40,
					"max": 221
				},
				"2024-08-07": {
					"avg": 49,
					"count": 2,
					"min": 47,
					"max": 50
				},
				"2024-08-08": {
					"avg": 367,
					"count": 1,
					"min": 367,
					"max": 367
				},
				"2024-08-09": {
					"avg": 148,
					"count": 5,
					"min": 50,
					"max": 302
				},
				"2024-08-10": {
					"avg": 75,
					"count": 2,
					"min": 50,
					"max": 99
				},
				"2024-08-11": {
					"avg": 199,
					"count": 1,
					"min": 199,
					"max": 199
				},
				"2024-08-12": {
					"avg": 155,
					"count": 1,
					"min": 155,
					"max": 155
				},
				"2024-08-13": {
					"avg": 139,
					"count": 15,
					"min": 51,
					"max": 472
				},
				"2024-08-14": {
					"avg": 158,
					"count": 2,
					"min": 138,
					"max": 177
				},
				"2024-08-15": {
					"avg": 163,
					"count": 1,
					"min": 163,
					"max": 163
				},
				"2024-08-16": {
					"avg": 156,
					"count": 3,
					"min": 100,
					"max": 220
				},
				"2024-08-17": {
					"avg": 96,
					"count": 2,
					"min": 44,
					"max": 147
				},
				"2024-08-18": {
					"avg": 392,
					"count": 6,
					"min": 40,
					"max": 564
				},
				"2024-08-20": {
					"avg": 213,
					"count": 4,
					"min": 47,
					"max": 324
				},
				"2024-08-21": {
					"avg": 252,
					"count": 1,
					"min": 252,
					"max": 252
				},
				"2024-08-22": {
					"avg": 97,
					"count": 2,
					"min": 47,
					"max": 147
				},
				"2024-08-23": {
					"avg": 50,
					"count": 1,
					"min": 50,
					"max": 50
				},
				"2024-08-24": {
					"avg": 149,
					"count": 3,
					"min": 149,
					"max": 149
				},
				"2024-08-26": {
					"avg": 129,
					"count": 6,
					"min": 49,
					"max": 168
				},
				"2024-08-28": {
					"avg": 108,
					"count": 2,
					"min": 47,
					"max": 168
				},
				"2024-08-30": {
					"avg": 260,
					"count": 1,
					"min": 260,
					"max": 260
				},
				"2024-08-31": {
					"avg": 218,
					"count": 3,
					"min": 39,
					"max": 569
				},
				"2024-09-01": {
					"avg": 44,
					"count": 1,
					"min": 44,
					"max": 44
				},
				"2024-09-02": {
					"avg": 201,
					"count": 3,
					"min": 135,
					"max": 242
				},
				"2024-09-03": {
					"avg": 48,
					"count": 17,
					"min": 32,
					"max": 197
				},
				"2024-09-04": {
					"avg": 68,
					"count": 4,
					"min": 33,
					"max": 170
				},
				"2024-09-05": {
					"avg": 45,
					"count": 1,
					"min": 45,
					"max": 45
				},
				"2024-09-06": {
					"avg": 45,
					"count": 1,
					"min": 45,
					"max": 45
				},
				"2024-09-09": {
					"avg": 314,
					"count": 3,
					"min": 242,
					"max": 351
				},
				"2024-09-11": {
					"avg": 34,
					"count": 1,
					"min": 34,
					"max": 34
				},
				"2024-09-12": {
					"avg": 35,
					"count": 1,
					"min": 35,
					"max": 35
				},
				"2024-09-13": {
					"avg": 33,
					"count": 1,
					"min": 33,
					"max": 33
				},
				"2024-09-14": {
					"avg": 859,
					"count": 1,
					"min": 859,
					"max": 859
				},
				"2024-09-15": {
					"avg": 124,
					"count": 4,
					"min": 124,
					"max": 124
				},
				"2024-09-16": {
					"avg": 131,
					"count": 5,
					"min": 35,
					"max": 197
				},
				"2024-09-17": {
					"avg": 300,
					"count": 4,
					"min": 90,
					"max": 661
				},
				"2024-09-18": {
					"avg": 418,
					"count": 2,
					"min": 174,
					"max": 661
				},
				"2024-09-19": {
					"avg": 172,
					"count": 5,
					"min": 35,
					"max": 240
				},
				"2024-09-20": {
					"avg": 292,
					"count": 4,
					"min": 26,
					"max": 402
				},
				"2024-09-21": {
					"avg": 107,
					"count": 2,
					"min": 43,
					"max": 171
				},
				"2024-09-23": {
					"avg": 166,
					"count": 3,
					"min": 162,
					"max": 168
				}
			},
			"avg": 146,
			"avg7": 180,
			"avg28": 180
		},
		"normal-nearmint": {
			"history": {
				"2024-05-24": {
					"avg": 299,
					"count": 1,
					"min": 299,
					"max": 299
				},
				"2024-05-25": {
					"avg": 65,
					"count": 1,
					"min": 65,
					"max": 65
				},
				"2024-05-27": {
					"avg": 128,
					"count": 11,
					"min": 75,
					"max": 328
				},
				"2024-05-28": {
					"avg": 79,
					"count": 1,
					"min": 79,
					"max": 79
				},
				"2024-05-30": {
					"avg": 100,
					"count": 1,
					"min": 100,
					"max": 100
				},
				"2024-05-31": {
					"avg": 299,
					"count": 1,
					"min": 299,
					"max": 299
				},
				"2024-06-01": {
					"avg": 298,
					"count": 2,
					"min": 249,
					"max": 347
				},
				"2024-06-02": {
					"avg": 194,
					"count": 1,
					"min": 194,
					"max": 194
				},
				"2024-06-03": {
					"avg": 347,
					"count": 1,
					"min": 347,
					"max": 347
				},
				"2024-06-05": {
					"avg": 213,
					"count": 4,
					"min": 60,
					"max": 388
				},
				"2024-06-07": {
					"avg": 199,
					"count": 1,
					"min": 199,
					"max": 199
				},
				"2024-06-09": {
					"avg": 103,
					"count": 3,
					"min": 58,
					"max": 193
				},
				"2024-06-11": {
					"avg": 75,
					"count": 1,
					"min": 75,
					"max": 75
				},
				"2024-06-13": {
					"avg": 227,
					"count": 2,
					"min": 191,
					"max": 262
				},
				"2024-06-15": {
					"avg": 214,
					"count": 5,
					"min": 149,
					"max": 269
				},
				"2024-06-16": {
					"avg": 214,
					"count": 2,
					"min": 155,
					"max": 272
				},
				"2024-06-17": {
					"avg": 61,
					"count": 1,
					"min": 61,
					"max": 61
				},
				"2024-06-19": {
					"avg": 140,
					"count": 5,
					"min": 50,
					"max": 172
				},
				"2024-06-20": {
					"avg": 159,
					"count": 1,
					"min": 159,
					"max": 159
				},
				"2024-06-27": {
					"avg": 153,
					"count": 4,
					"min": 53,
					"max": 291
				},
				"2024-06-28": {
					"avg": 160,
					"count": 1,
					"min": 160,
					"max": 160
				},
				"2024-06-30": {
					"avg": 209,
					"count": 1,
					"min": 209,
					"max": 209
				},
				"2024-07-01": {
					"avg": 208,
					"count": 2,
					"min": 208,
					"max": 208
				},
				"2024-07-02": {
					"avg": 156,
					"count": 1,
					"min": 156,
					"max": 156
				},
				"2024-07-03": {
					"avg": 77,
					"count": 1,
					"min": 77,
					"max": 77
				},
				"2024-07-04": {
					"avg": 156,
					"count": 1,
					"min": 156,
					"max": 156
				},
				"2024-07-05": {
					"avg": 213,
					"count": 3,
					"min": 180,
					"max": 249
				},
				"2024-07-06": {
					"avg": 228,
					"count": 5,
					"min": 50,
					"max": 394
				},
				"2024-07-07": {
					"avg": 122,
					"count": 3,
					"min": 34,
					"max": 197
				},
				"2024-07-08": {
					"avg": 77,
					"count": 1,
					"min": 77,
					"max": 77
				},
				"2024-07-09": {
					"avg": 74,
					"count": 1,
					"min": 74,
					"max": 74
				},
				"2024-07-10": {
					"avg": 34,
					"count": 1,
					"min": 34,
					"max": 34
				},
				"2024-07-12": {
					"avg": 284,
					"count": 2,
					"min": 34,
					"max": 534
				},
				"2024-07-15": {
					"avg": 299,
					"count": 1,
					"min": 299,
					"max": 299
				},
				"2024-07-16": {
					"avg": 77,
					"count": 1,
					"min": 77,
					"max": 77
				},
				"2024-07-19": {
					"avg": 143,
					"count": 2,
					"min": 77,
					"max": 209
				},
				"2024-07-20": {
					"avg": 240,
					"count": 2,
					"min": 133,
					"max": 347
				},
				"2024-07-22": {
					"avg": 187,
					"count": 1,
					"min": 187,
					"max": 187
				},
				"2024-07-23": {
					"avg": 748,
					"count": 1,
					"min": 748,
					"max": 748
				},
				"2024-07-24": {
					"avg": 196,
					"count": 55,
					"min": 79,
					"max": 325
				},
				"2024-07-25": {
					"avg": 126,
					"count": 2,
					"min": 53,
					"max": 198
				},
				"2024-07-26": {
					"avg": 194,
					"count": 2,
					"min": 178,
					"max": 209
				},
				"2024-07-27": {
					"avg": 536,
					"count": 2,
					"min": 309,
					"max": 763
				},
				"2024-07-28": {
					"avg": 54,
					"count": 1,
					"min": 54,
					"max": 54
				},
				"2024-07-29": {
					"avg": 224,
					"count": 2,
					"min": 56,
					"max": 391
				},
				"2024-07-30": {
					"avg": 1074,
					"count": 1,
					"min": 1074,
					"max": 1074
				},
				"2024-07-31": {
					"avg": 233,
					"count": 3,
					"min": 182,
					"max": 316
				},
				"2024-08-01": {
					"avg": 201,
					"count": 2,
					"min": 54,
					"max": 347
				},
				"2024-08-02": {
					"avg": 187,
					"count": 4,
					"min": 187,
					"max": 187
				},
				"2024-08-04": {
					"avg": 198,
					"count": 1,
					"min": 198,
					"max": 198
				},
				"2024-08-05": {
					"avg": 161,
					"count": 1,
					"min": 161,
					"max": 161
				},
				"2024-08-06": {
					"avg": 524,
					"count": 2,
					"min": 299,
					"max": 748
				},
				"2024-08-07": {
					"avg": 181,
					"count": 5,
					"min": 120,
					"max": 299
				},
				"2024-08-09": {
					"avg": 189,
					"count": 2,
					"min": 62,
					"max": 315
				},
				"2024-08-10": {
					"avg": 142,
					"count": 3,
					"min": 60,
					"max": 189
				},
				"2024-08-11": {
					"avg": 94,
					"count": 2,
					"min": 55,
					"max": 132
				},
				"2024-08-12": {
					"avg": 190,
					"count": 4,
					"min": 77,
					"max": 347
				},
				"2024-08-15": {
					"avg": 249,
					"count": 1,
					"min": 249,
					"max": 249
				},
				"2024-08-16": {
					"avg": 160,
					"count": 1,
					"min": 160,
					"max": 160
				},
				"2024-08-17": {
					"avg": 136,
					"count": 4,
					"min": 55,
					"max": 231
				},
				"2024-08-19": {
					"avg": 109,
					"count": 3,
					"min": 48,
					"max": 231
				},
				"2024-08-20": {
					"avg": 52,
					"count": 1,
					"min": 52,
					"max": 52
				},
				"2024-08-21": {
					"avg": 268,
					"count": 5,
					"min": 187,
					"max": 347
				},
				"2024-08-22": {
					"avg": 144,
					"count": 3,
					"min": 55,
					"max": 199
				},
				"2024-08-23": {
					"avg": 252,
					"count": 3,
					"min": 48,
					"max": 659
				},
				"2024-08-24": {
					"avg": 114,
					"count": 10,
					"min": 47,
					"max": 381
				},
				"2024-08-25": {
					"avg": 370,
					"count": 3,
					"min": 234,
					"max": 628
				},
				"2024-08-26": {
					"avg": 756,
					"count": 2,
					"min": 748,
					"max": 763
				},
				"2024-08-27": {
					"avg": 38,
					"count": 9,
					"min": 35,
					"max": 50
				},
				"2024-08-28": {
					"avg": 48,
					"count": 1,
					"min": 48,
					"max": 48
				},
				"2024-08-30": {
					"avg": 354,
					"count": 2,
					"min": 316,
					"max": 391
				},
				"2024-08-31": {
					"avg": 43,
					"count": 2,
					"min": 32,
					"max": 54
				},
				"2024-09-01": {
					"avg": 44,
					"count": 1,
					"min": 44,
					"max": 44
				},
				"2024-09-02": {
					"avg": 277,
					"count": 2,
					"min": 54,
					"max": 499
				},
				"2024-09-03": {
					"avg": 453,
					"count": 2,
					"min": 158,
					"max": 748
				},
				"2024-09-04": {
					"avg": 176,
					"count": 4,
					"min": 30,
					"max": 347
				},
				"2024-09-07": {
					"avg": 38,
					"count": 2,
					"min": 32,
					"max": 44
				},
				"2024-09-08": {
					"avg": 169,
					"count": 2,
					"min": 156,
					"max": 182
				},
				"2024-09-09": {
					"avg": 405,
					"count": 1,
					"min": 405,
					"max": 405
				},
				"2024-09-10": {
					"avg": 336,
					"count": 2,
					"min": 325,
					"max": 347
				},
				"2024-09-11": {
					"avg": 30,
					"count": 1,
					"min": 30,
					"max": 30
				},
				"2024-09-12": {
					"avg": 249,
					"count": 1,
					"min": 249,
					"max": 249
				},
				"2024-09-14": {
					"avg": 49,
					"count": 1,
					"min": 49,
					"max": 49
				},
				"2024-09-16": {
					"avg": 49,
					"count": 1,
					"min": 49,
					"max": 49
				},
				"2024-09-18": {
					"avg": 281,
					"count": 4,
					"min": 159,
					"max": 648
				},
				"2024-09-19": {
					"avg": 159,
					"count": 1,
					"min": 159,
					"max": 159
				},
				"2024-09-20": {
					"avg": 197,
					"count": 5,
					"min": 49,
					"max": 347
				},
				"2024-09-21": {
					"avg": 106,
					"count": 2,
					"min": 44,
					"max": 167
				},
				"2024-09-22": {
					"avg": 164,
					"count": 5,
					"min": 46,
					"max": 499
				},
				"2024-09-23": {
					"avg": 284,
					"count": 3,
					"min": 159,
					"max": 364
				}
			},
			"avg": 195,
			"avg7": -1,
			"avg28": -1
		},
		"normal-played": {
			"history": {
				"2024-05-24": {
					"avg": 25,
					"count": 1,
					"min": 25,
					"max": 25
				},
				"2024-06-01": {
					"avg": 84,
					"count": 2,
					"min": 43,
					"max": 124
				},
				"2024-06-02": {
					"avg": 43,
					"count": 1,
					"min": 43,
					"max": 43
				},
				"2024-06-03": {
					"avg": 147,
					"count": 1,
					"min": 147,
					"max": 147
				},
				"2024-06-04": {
					"avg": 35,
					"count": 1,
					"min": 35,
					"max": 35
				},
				"2024-06-05": {
					"avg": 40,
					"count": 1,
					"min": 40,
					"max": 40
				},
				"2024-06-07": {
					"avg": 117,
					"count": 9,
					"min": 28,
					"max": 152
				},
				"2024-06-08": {
					"avg": 154,
					"count": 1,
					"min": 154,
					"max": 154
				},
				"2024-06-11": {
					"avg": 112,
					"count": 1,
					"min": 112,
					"max": 112
				},
				"2024-06-18": {
					"avg": 192,
					"count": 1,
					"min": 192,
					"max": 192
				},
				"2024-06-19": {
					"avg": 139,
					"count": 1,
					"min": 139,
					"max": 139
				},
				"2024-06-20": {
					"avg": 162,
					"count": 6,
					"min": 37,
					"max": 226
				},
				"2024-06-22": {
					"avg": 139,
					"count": 1,
					"min": 139,
					"max": 139
				},
				"2024-06-23": {
					"avg": 156,
					"count": 2,
					"min": 119,
					"max": 192
				},
				"2024-06-24": {
					"avg": 200,
					"count": 2,
					"min": 37,
					"max": 362
				},
				"2024-06-25": {
					"avg": 123,
					"count": 1,
					"min": 123,
					"max": 123
				},
				"2024-06-26": {
					"avg": 1115,
					"count": 2,
					"min": 149,
					"max": 2081
				},
				"2024-06-27": {
					"avg": 25,
					"count": 3,
					"min": 17,
					"max": 28
				},
				"2024-06-28": {
					"avg": 90,
					"count": 1,
					"min": 90,
					"max": 90
				},
				"2024-07-01": {
					"avg": 27,
					"count": 1,
					"min": 27,
					"max": 27
				},
				"2024-07-02": {
					"avg": 33,
					"count": 3,
					"min": 33,
					"max": 33
				},
				"2024-07-04": {
					"avg": 142,
					"count": 1,
					"min": 142,
					"max": 142
				},
				"2024-07-05": {
					"avg": 33,
					"count": 1,
					"min": 33,
					"max": 33
				},
				"2024-07-09": {
					"avg": 65,
					"count": 1,
					"min": 65,
					"max": 65
				},
				"2024-07-10": {
					"avg": 28,
					"count": 1,
					"min": 28,
					"max": 28
				},
				"2024-07-11": {
					"avg": 162,
					"count": 3,
					"min": 161,
					"max": 162
				},
				"2024-07-13": {
					"avg": 161,
					"count": 1,
					"min": 161,
					"max": 161
				},
				"2024-07-14": {
					"avg": 304,
					"count": 2,
					"min": 45,
					"max": 563
				},
				"2024-07-15": {
					"avg": 29,
					"count": 2,
					"min": 18,
					"max": 40
				},
				"2024-07-16": {
					"avg": 134,
					"count": 2,
					"min": 127,
					"max": 140
				},
				"2024-07-17": {
					"avg": 58,
					"count": 5,
					"min": 25,
					"max": 152
				},
				"2024-07-20": {
					"avg": 151,
					"count": 1,
					"min": 151,
					"max": 151
				},
				"2024-07-21": {
					"avg": 46,
					"count": 1,
					"min": 46,
					"max": 46
				},
				"2024-07-22": {
					"avg": 136,
					"count": 3,
					"min": 100,
					"max": 154
				},
				"2024-07-23": {
					"avg": 119,
					"count": 3,
					"min": 119,
					"max": 119
				},
				"2024-07-24": {
					"avg": 119,
					"count": 2,
					"min": 119,
					"max": 119
				},
				"2024-07-25": {
					"avg": 74,
					"count": 4,
					"min": 25,
					"max": 145
				},
				"2024-07-26": {
					"avg": 88,
					"count": 3,
					"min": 35,
					"max": 114
				},
				"2024-07-31": {
					"avg": 40,
					"count": 1,
					"min": 40,
					"max": 40
				},
				"2024-08-03": {
					"avg": 33,
					"count": 2,
					"min": 27,
					"max": 39
				},
				"2024-08-04": {
					"avg": 95,
					"count": 2,
					"min": 33,
					"max": 157
				},
				"2024-08-05": {
					"avg": 30,
					"count": 1,
					"min": 30,
					"max": 30
				},
				"2024-08-06": {
					"avg": 40,
					"count": 1,
					"min": 40,
					"max": 40
				},
				"2024-08-10": {
					"avg": 59,
					"count": 2,
					"min": 35,
					"max": 83
				},
				"2024-08-11": {
					"avg": 108,
					"count": 2,
					"min": 45,
					"max": 171
				},
				"2024-08-14": {
					"avg": 147,
					"count": 1,
					"min": 147,
					"max": 147
				},
				"2024-08-16": {
					"avg": 145,
					"count": 1,
					"min": 145,
					"max": 145
				},
				"2024-08-18": {
					"avg": 145,
					"count": 1,
					"min": 145,
					"max": 145
				},
				"2024-08-19": {
					"avg": 25,
					"count": 1,
					"min": 25,
					"max": 25
				},
				"2024-08-20": {
					"avg": 68,
					"count": 1,
					"min": 68,
					"max": 68
				},
				"2024-08-22": {
					"avg": 25,
					"count": 1,
					"min": 25,
					"max": 25
				},
				"2024-08-24": {
					"avg": 134,
					"count": 8,
					"min": 44,
					"max": 147
				},
				"2024-08-25": {
					"avg": 28,
					"count": 2,
					"min": 28,
					"max": 28
				},
				"2024-08-27": {
					"avg": 28,
					"count": 1,
					"min": 28,
					"max": 28
				},
				"2024-08-29": {
					"avg": 28,
					"count": 1,
					"min": 28,
					"max": 28
				},
				"2024-08-30": {
					"avg": 68,
					"count": 1,
					"min": 68,
					"max": 68
				},
				"2024-08-31": {
					"avg": 28,
					"count": 1,
					"min": 28,
					"max": 28
				},
				"2024-09-01": {
					"avg": 28,
					"count": 1,
					"min": 28,
					"max": 28
				},
				"2024-09-02": {
					"avg": 190,
					"count": 1,
					"min": 190,
					"max": 190
				},
				"2024-09-04": {
					"avg": 28,
					"count": 1,
					"min": 28,
					"max": 28
				},
				"2024-09-06": {
					"avg": 129,
					"count": 9,
					"min": 28,
					"max": 157
				},
				"2024-09-08": {
					"avg": 25,
					"count": 1,
					"min": 25,
					"max": 25
				},
				"2024-09-11": {
					"avg": 28,
					"count": 1,
					"min": 28,
					"max": 28
				},
				"2024-09-12": {
					"avg": 35,
					"count": 1,
					"min": 35,
					"max": 35
				},
				"2024-09-13": {
					"avg": 97,
					"count": 2,
					"min": 84,
					"max": 110
				},
				"2024-09-14": {
					"avg": 53,
					"count": 2,
					"min": 30,
					"max": 75
				},
				"2024-09-16": {
					"avg": 124,
					"count": 1,
					"min": 124,
					"max": 124
				},
				"2024-09-17": {
					"avg": 27,
					"count": 1,
					"min": 27,
					"max": 27
				},
				"2024-09-18": {
					"avg": 172,
					"count": 2,
					"min": 141,
					"max": 203
				},
				"2024-09-22": {
					"avg": 96,
					"count": 2,
					"min": 50,
					"max": 142
				}
			},
			"avg": 116,
			"avg7": -1,
			"avg28": -1
		},
		"normal-used": {
			"history": {
				"2024-05-29": {
					"avg": 52,
					"count": 2,
					"min": 25,
					"max": 79
				},
				"2024-06-04": {
					"avg": 79,
					"count": 2,
					"min": 25,
					"max": 132
				},
				"2024-06-05": {
					"avg": 50,
					"count": 1,
					"min": 50,
					"max": 50
				},
				"2024-06-08": {
					"avg": 429,
					"count": 1,
					"min": 429,
					"max": 429
				},
				"2024-06-10": {
					"avg": 25,
					"count": 1,
					"min": 25,
					"max": 25
				},
				"2024-06-22": {
					"avg": 157,
					"count": 1,
					"min": 157,
					"max": 157
				},
				"2024-07-06": {
					"avg": 25,
					"count": 1,
					"min": 25,
					"max": 25
				},
				"2024-07-09": {
					"avg": 63,
					"count": 3,
					"min": 24,
					"max": 137
				},
				"2024-07-11": {
					"avg": 271,
					"count": 2,
					"min": 31,
					"max": 511
				},
				"2024-07-12": {
					"avg": 139,
					"count": 2,
					"min": 133,
					"max": 145
				},
				"2024-07-16": {
					"avg": 10,
					"count": 2,
					"min": 10,
					"max": 10
				},
				"2024-07-21": {
					"avg": 29,
					"count": 1,
					"min": 29,
					"max": 29
				},
				"2024-07-23": {
					"avg": 120,
					"count": 4,
					"min": 114,
					"max": 137
				},
				"2024-08-05": {
					"avg": 51,
					"count": 2,
					"min": 24,
					"max": 77
				},
				"2024-08-11": {
					"avg": 237,
					"count": 2,
					"min": 25,
					"max": 449
				},
				"2024-08-12": {
					"avg": 151,
					"count": 1,
					"min": 151,
					"max": 151
				},
				"2024-08-16": {
					"avg": 85,
					"count": 2,
					"min": 18,
					"max": 151
				},
				"2024-08-17": {
					"avg": 99,
					"count": 1,
					"min": 99,
					"max": 99
				},
				"2024-08-20": {
					"avg": 40,
					"count": 1,
					"min": 40,
					"max": 40
				},
				"2024-08-21": {
					"avg": 152,
					"count": 1,
					"min": 152,
					"max": 152
				},
				"2024-08-23": {
					"avg": 91,
					"count": 2,
					"min": 31,
					"max": 150
				},
				"2024-08-24": {
					"avg": 21,
					"count": 1,
					"min": 21,
					"max": 21
				},
				"2024-08-26": {
					"avg": 49,
					"count": 2,
					"min": 23,
					"max": 75
				},
				"2024-08-28": {
					"avg": 19,
					"count": 1,
					"min": 19,
					"max": 19
				},
				"2024-08-29": {
					"avg": 418,
					"count": 1,
					"min": 418,
					"max": 418
				},
				"2024-09-03": {
					"avg": 25,
					"count": 1,
					"min": 25,
					"max": 25
				},
				"2024-09-06": {
					"avg": 89,
					"count": 5,
					"min": 24,
					"max": 151
				},
				"2024-09-11": {
					"avg": 434,
					"count": 1,
					"min": 434,
					"max": 434
				},
				"2024-09-13": {
					"avg": 88,
					"count": 2,
					"min": 25,
					"max": 151
				},
				"2024-09-17": {
					"avg": 150,
					"count": 1,
					"min": 150,
					"max": 150
				},
				"2024-09-18": {
					"avg": 152,
					"count": 1,
					"min": 152,
					"max": 152
				},
				"2024-09-21": {
					"avg": 137,
					"count": 1,
					"min": 137,
					"max": 137
				}
			},
			"avg": 114,
			"avg7": -1,
			"avg28": -1
		},
		"normal-poor": {
			"history": {
				"2024-06-10": {
					"avg": 124,
					"count": 1,
					"min": 124,
					"max": 124
				},
				"2024-06-23": {
					"avg": 142,
					"count": 1,
					"min": 142,
					"max": 142
				},
				"2024-06-28": {
					"avg": 23,
					"count": 2,
					"min": 21,
					"max": 25
				},
				"2024-07-04": {
					"avg": 21,
					"count": 1,
					"min": 21,
					"max": 21
				},
				"2024-07-06": {
					"avg": 140,
					"count": 2,
					"min": 9,
					"max": 270
				},
				"2024-07-07": {
					"avg": 143,
					"count": 1,
					"min": 143,
					"max": 143
				},
				"2024-07-18": {
					"avg": 148,
					"count": 1,
					"min": 148,
					"max": 148
				},
				"2024-07-22": {
					"avg": 75,
					"count": 1,
					"min": 75,
					"max": 75
				},
				"2024-07-23": {
					"avg": 109,
					"count": 3,
					"min": 109,
					"max": 109
				},
				"2024-08-02": {
					"avg": 19,
					"count": 1,
					"min": 19,
					"max": 19
				},
				"2024-08-09": {
					"avg": 19,
					"count": 1,
					"min": 19,
					"max": 19
				},
				"2024-08-16": {
					"avg": 189,
					"count": 7,
					"min": 21,
					"max": 268
				},
				"2024-08-18": {
					"avg": 180,
					"count": 2,
					"min": 136,
					"max": 224
				},
				"2024-08-21": {
					"avg": 39,
					"count": 2,
					"min": 39,
					"max": 39
				},
				"2024-08-23": {
					"avg": 147,
					"count": 2,
					"min": 147,
					"max": 147
				},
				"2024-09-06": {
					"avg": 131,
					"count": 2,
					"min": 118,
					"max": 143
				}
			},
			"avg": 122,
			"avg7": -1,
			"avg28": -1
		}
	}
}