{
	"data": {
		"normal-good": {
			"history": {
				"2022-11-12": {
					"avg": 189,
					"count": 2
				},
				"2022-11-13": {
					"avg": 101,
					"count": 2
				},
				"2022-11-14": {
					"avg": 25,
					"count": 2
				},
				"2022-11-15": {
					"avg": 60,
					"count": 3
				},
				"2022-11-16": {
					"avg": 70,
					"count": 96
				},
				"2022-11-17": {
					"avg": 287,
					"count": 3
				},
				"2022-11-19": {
					"avg": 121,
					"count": 1,
					"min": 121,
					"max": 121
				},
				"2022-11-20": {
					"avg": 25,
					"count": 1,
					"min": 25,
					"max": 25
				},
				"2022-11-21": {
					"avg": 48,
					"count": 1,
					"min": 48,
					"max": 48
				},
				"2022-11-23": {
					"avg": 98,
					"count": 2,
					"min": 15,
					"max": 180
				},
				"2022-11-25": {
					"avg": 67,
					"count": 17,
					"min": 32,
					"max": 199
				},
				"2022-11-26": {
					"avg": 45,
					"count": 10,
					"min": 25,
					"max": 199
				},
				"2022-11-27": {
					"avg": 33,
					"count": 2,
					"min": 20,
					"max": 45
				},
				"2022-11-28": {
					"avg": 118,
					"count": 11,
					"min": 29,
					"max": 189
				},
				"2022-11-29": {
					"avg": 99,
					"count": 5,
					"min": 29,
					"max": 241
				},
				"2022-11-30": {
					"avg": 20,
					"count": 2,
					"min": 10,
					"max": 29
				},
				"2022-12-01": {
					"avg": 79,
					"count": 4,
					"min": 44,
					"max": 90
				},
				"2022-12-02": {
					"avg": 186,
					"count": 3,
					"min": 44,
					"max": 349
				},
				"2022-12-03": {
					"avg": 165,
					"count": 1,
					"min": 165,
					"max": 165
				},
				"2022-12-04": {
					"avg": 270,
					"count": 4,
					"min": 44,
					"max": 744
				},
				"2022-12-05": {
					"avg": 28,
					"count": 59,
					"min": 19,
					"max": 127
				},
				"2022-12-06": {
					"avg": 32,
					"count": 2,
					"min": 20,
					"max": 44
				},
				"2022-12-07": {
					"avg": 63,
					"count": 8,
					"min": 19,
					"max": 216
				},
				"2022-12-09": {
					"avg": 101,
					"count": 8,
					"min": 31,
					"max": 221
				},
				"2022-12-10": {
					"avg": 56,
					"count": 3,
					"min": 43,
					"max": 80
				},
				"2022-12-11": {
					"avg": 44,
					"count": 1,
					"min": 44,
					"max": 44
				},
				"2022-12-12": {
					"avg": 87,
					"count": 6,
					"min": 44,
					"max": 299
				},
				"2022-12-13": {
					"avg": 130,
					"count": 9,
					"min": 44,
					"max": 225
				},
				"2022-12-14": {
					"avg": 48,
					"count": 5,
					"min": 46,
					"max": 50
				},
				"2022-12-15": {
					"avg": 199,
					"count": 5,
					"min": 90,
					"max": 297
				},
				"2022-12-16": {
					"avg": 113,
					"count": 19,
					"min": 48,
					"max": 230
				},
				"2022-12-17": {
					"avg": 56,
					"count": 11,
					"min": 24,
					"max": 124
				},
				"2022-12-18": {
					"avg": 70,
					"count": 2,
					"min": 20,
					"max": 119
				},
				"2022-12-19": {
					"avg": 46,
					"count": 1,
					"min": 46,
					"max": 46
				},
				"2022-12-20": {
					"avg": 199,
					"count": 1,
					"min": 199,
					"max": 199
				},
				"2022-12-21": {
					"avg": 110,
					"count": 4,
					"min": 50,
					"max": 189
				},
				"2022-12-22": {
					"avg": 63,
					"count": 3,
					"min": 25,
					"max": 114
				},
				"2022-12-23": {
					"avg": 72,
					"count": 7,
					"min": 49,
					"max": 119
				},
				"2022-12-24": {
					"avg": 74,
					"count": 5,
					"min": 21,
					"max": 180
				},
				"2022-12-25": {
					"avg": 49,
					"count": 1,
					"min": 49,
					"max": 49
				},
				"2022-12-27": {
					"avg": 81,
					"count": 3,
					"min": 50,
					"max": 114
				},
				"2022-12-28": {
					"avg": 126,
					"count": 3,
					"min": 29,
					"max": 299
				},
				"2022-12-29": {
					"avg": 81,
					"count": 2,
					"min": 49,
					"max": 112
				},
				"2022-12-30": {
					"avg": 52,
					"count": 5,
					"min": 25,
					"max": 142
				},
				"2023-01-01": {
					"avg": 124,
					"count": 5,
					"min": 35,
					"max": 299
				},
				"2023-01-02": {
					"avg": 99,
					"count": 21,
					"min": 30,
					"max": 214
				},
				"2023-01-03": {
					"avg": 123,
					"count": 7,
					"min": 39,
					"max": 339
				},
				"2023-01-04": {
					"avg": 35,
					"count": 2,
					"min": 20,
					"max": 49
				},
				"2023-01-05": {
					"avg": 108,
					"count": 4,
					"min": 20,
					"max": 199
				},
				"2023-01-07": {
					"avg": 126,
					"count": 4,
					"min": 107,
					"max": 149
				},
				"2023-01-08": {
					"avg": 103,
					"count": 4,
					"min": 25,
					"max": 216
				},
				"2023-01-09": {
					"avg": 105,
					"count": 7,
					"min": 20,
					"max": 119
				},
				"2023-01-10": {
					"avg": 20,
					"count": 1,
					"min": 20,
					"max": 20
				},
				"2023-01-11": {
					"avg": 188,
					"count": 5,
					"min": 169,
					"max": 216
				},
				"2023-01-12": {
					"avg": 38,
					"count": 7,
					"min": 20,
					"max": 130
				},
				"2023-02-06": {
					"avg": 163,
					"count": 7,
					"min": 31,
					"max": 250
				},
				"2023-02-07": {
					"avg": 23,
					"count": 2,
					"min": 20,
					"max": 25
				},
				"2023-02-08": {
					"avg": 54,
					"count": 5,
					"min": 20,
					"max": 123
				},
				"2023-02-10": {
					"avg": 238,
					"count": 3,
					"min": 33,
					"max": 648
				},
				"2023-02-11": {
					"avg": 85,
					"count": 10,
					"min": 20,
					"max": 219
				},
				"2023-02-12": {
					"avg": 130,
					"count": 4,
					"min": 51,
					"max": 159
				},
				"2023-02-13": {
					"avg": 110,
					"count": 5,
					"min": 21,
					"max": 184
				},
				"2023-02-14": {
					"avg": 199,
					"count": 1,
					"min": 199,
					"max": 199
				},
				"2023-02-15": {
					"avg": 181,
					"count": 3,
					"min": 97,
					"max": 247
				},
				"2023-02-16": {
					"avg": 247,
					"count": 7,
					"min": 199,
					"max": 519
				},
				"2023-02-17": {
					"avg": 205,
					"count": 4,
					"min": 29,
					"max": 556
				},
				"2023-02-18": {
					"avg": 113,
					"count": 4,
					"min": 40,
					"max": 215
				},
				"2023-02-19": {
					"avg": 42,
					"count": 1,
					"min": 42,
					"max": 42
				},
				"2023-02-20": {
					"avg": 154,
					"count": 9,
					"min": 65,
					"max": 298
				},
				"2023-02-21": {
					"avg": 81,
					"count": 4,
					"min": 24,
					"max": 215
				},
				"2023-02-22": {
					"avg": 160,
					"count": 5,
					"min": 20,
					"max": 399
				},
				"2023-02-23": {
					"avg": 153,
					"count": 6,
					"min": 38,
					"max": 294
				},
				"2023-02-24": {
					"avg": 163,
					"count": 3,
					"min": 124,
					"max": 215
				},
				"2023-02-26": {
					"avg": 316,
					"count": 2,
					"min": 157,
					"max": 474
				},
				"2023-02-27": {
					"avg": 86,
					"count": 2,
					"min": 52,
					"max": 119
				},
				"2023-02-28": {
					"avg": 96,
					"count": 3,
					"min": 50,
					"max": 187
				},
				"2023-03-01": {
					"avg": 99,
					"count": 2,
					"min": 50,
					"max": 148
				},
				"2023-03-02": {
					"avg": 182,
					"count": 6,
					"min": 146,
					"max": 209
				},
				"2023-03-03": {
					"avg": 48,
					"count": 1,
					"min": 48,
					"max": 48
				},
				"2023-03-04": {
					"avg": 156,
					"count": 4,
					"min": 30,
					"max": 283
				},
				"2023-03-05": {
					"avg": 34,
					"count": 2,
					"min": 30,
					"max": 38
				},
				"2023-03-07": {
					"avg": 65,
					"count": 2,
					"min": 40,
					"max": 90
				},
				"2023-03-09": {
					"avg": 38,
					"count": 2,
					"min": 20,
					"max": 56
				},
				"2023-03-10": {
					"avg": 78,
					"count": 4,
					"min": 37,
					"max": 199
				},
				"2023-03-11": {
					"avg": 102,
					"count": 6,
					"min": 39,
					"max": 250
				},
				"2023-03-12": {
					"avg": 141,
					"count": 3,
					"min": 118,
					"max": 188
				},
				"2023-03-13": {
					"avg": 52,
					"count": 2,
					"min": 38,
					"max": 65
				},
				"2023-03-14": {
					"avg": 694,
					"count": 3,
					"min": 25,
					"max": 1992
				},
				"2023-03-15": {
					"avg": 149,
					"count": 2,
					"min": 49,
					"max": 248
				},
				"2023-03-16": {
					"avg": 110,
					"count": 3,
					"min": 65,
					"max": 136
				},
				"2023-03-17": {
					"avg": 59,
					"count": 1,
					"min": 59,
					"max": 59
				},
				"2023-03-18": {
					"avg": 152,
					"count": 2,
					"min": 148,
					"max": 155
				},
				"2023-03-19": {
					"avg": 65,
					"count": 1,
					"min": 65,
					"max": 65
				},
				"2023-03-20": {
					"avg": 152,
					"count": 1,
					"min": 152,
					"max": 152
				},
				"2023-03-21": {
					"avg": 34,
					"count": 2,
					"min": 30,
					"max": 38
				},
				"2023-03-22": {
					"avg": 342,
					"count": 36,
					"min": 339,
					"max": 343
				},
				"2023-03-24": {
					"avg": 118,
					"count": 8,
					"min": 37,
					"max": 129
				},
				"2023-03-25": {
					"avg": 50,
					"count": 2,
					"min": 25,
					"max": 75
				},
				"2023-03-26": {
					"avg": 132,
					"count": 1,
					"min": 132,
					"max": 132
				},
				"2023-03-28": {
					"avg": 155,
					"count": 5,
					"min": 23,
					"max": 408
				},
				"2023-03-29": {
					"avg": 137,
					"count": 9,
					"min": 119,
					"max": 248
				},
				"2023-03-31": {
					"avg": 119,
					"count": 5,
					"min": 119,
					"max": 119
				},
				"2023-04-01": {
					"avg": 194,
					"count": 8,
					"min": 32,
					"max": 408
				},
				"2023-04-02": {
					"avg": 152,
					"count": 4,
					"min": 35,
					"max": 299
				},
				"2023-04-03": {
					"avg": 49,
					"count": 12,
					"min": 37,
					"max": 50
				},
				"2023-04-04": {
					"avg": 103,
					"count": 11,
					"min": 23,
					"max": 857
				},
				"2023-04-05": {
					"avg": 166,
					"count": 3,
					"min": 34,
					"max": 408
				},
				"2023-04-06": {
					"avg": 75,
					"count": 2,
					"min": 65,
					"max": 84
				},
				"2023-04-07": {
					"avg": 146,
					"count": 3,
					"min": 49,
					"max": 240
				},
				"2023-04-08": {
					"avg": 207,
					"count": 4,
					"min": 38,
					"max": 533
				},
				"2023-04-09": {
					"avg": 94,
					"count": 11,
					"min": 23,
					"max": 198
				},
				"2023-04-10": {
					"avg": 150,
					"count": 18,
					"min": 149,
					"max": 160
				},
				"2023-04-11": {
					"avg": 157,
					"count": 2,
					"min": 65,
					"max": 248
				},
				"2023-04-12": {
					"avg": 154,
					"count": 4,
					"min": 37,
					"max": 272
				},
				"2023-04-13": {
					"avg": 79,
					"count": 1,
					"min": 79,
					"max": 79
				},
				"2023-04-14": {
					"avg": 20,
					"count": 1,
					"min": 20,
					"max": 20
				},
				"2023-04-15": {
					"avg": 168,
					"count": 3,
					"min": 99,
					"max": 265
				},
				"2023-04-16": {
					"avg": 56,
					"count": 2,
					"min": 38,
					"max": 75
				},
				"2023-04-17": {
					"avg": 318,
					"count": 9,
					"min": 50,
					"max": 474
				},
				"2023-04-19": {
					"avg": 748,
					"count": 1,
					"min": 748,
					"max": 748
				},
				"2023-04-20": {
					"avg": 136,
					"count": 4,
					"min": 18,
					"max": 424
				},
				"2023-04-22": {
					"avg": 81,
					"count": 3,
					"min": 58,
					"max": 125
				},
				"2023-04-23": {
					"avg": 89,
					"count": 3,
					"min": 17,
					"max": 174
				},
				"2023-04-25": {
					"avg": 110,
					"count": 5,
					"min": 35,
					"max": 178
				},
				"2023-04-26": {
					"avg": 141,
					"count": 3,
					"min": 103,
					"max": 174
				},
				"2023-04-29": {
					"avg": 219,
					"count": 2,
					"min": 124,
					"max": 313
				},
				"2023-04-30": {
					"avg": 174,
					"count": 3,
					"min": 46,
					"max": 424
				},
				"2023-05-01": {
					"avg": 62,
					"count": 3,
					"min": 53,
					"max": 76
				},
				"2023-05-02": {
					"avg": 111,
					"count": 3,
					"min": 91,
					"max": 124
				},
				"2023-05-03": {
					"avg": 378,
					"count": 2,
					"min": 100,
					"max": 655
				},
				"2023-05-04": {
					"avg": 22,
					"count": 1,
					"min": 22,
					"max": 22
				},
				"2023-05-05": {
					"avg": 153,
					"count": 2,
					"min": 93,
					"max": 212
				},
				"2023-05-06": {
					"avg": 113,
					"count": 1,
					"min": 113,
					"max": 113
				},
				"2023-05-07": {
					"avg": 134,
					"count": 28,
					"min": 25,
					"max": 544
				},
				"2023-05-08": {
					"avg": 64,
					"count": 6,
					"min": 36,
					"max": 139
				},
				"2023-05-10": {
					"avg": 60,
					"count": 2,
					"min": 56,
					"max": 63
				},
				"2023-05-11": {
					"avg": 48,
					"count": 2,
					"min": 33,
					"max": 63
				},
				"2023-05-12": {
					"avg": 135,
					"count": 8,
					"min": 37,
					"max": 174
				},
				"2023-05-13": {
					"avg": 37,
					"count": 1,
					"min": 37,
					"max": 37
				},
				"2023-05-14": {
					"avg": 121,
					"count": 1,
					"min": 121,
					"max": 121
				},
				"2023-05-15": {
					"avg": 108,
					"count": 5,
					"min": 48,
					"max": 124
				},
				"2023-05-16": {
					"avg": 248,
					"count": 1,
					"min": 248,
					"max": 248
				},
				"2023-05-17": {
					"avg": 70,
					"count": 1,
					"min": 70,
					"max": 70
				},
				"2023-05-18": {
					"avg": 203,
					"count": 2,
					"min": 124,
					"max": 281
				},
				"2023-05-19": {
					"avg": 107,
					"count": 8,
					"min": 58,
					"max": 124
				},
				"2023-05-20": {
					"avg": 33,
					"count": 3,
					"min": 25,
					"max": 37
				},
				"2023-05-21": {
					"avg": 160,
					"count": 1,
					"min": 160,
					"max": 160
				},
				"2023-05-22": {
					"avg": 1071,
					"count": 1,
					"min": 1071,
					"max": 1071
				},
				"2023-05-23": {
					"avg": 31,
					"count": 2,
					"min": 25,
					"max": 37
				},
				"2023-05-24": {
					"avg": 109,
					"count": 11,
					"min": 32,
					"max": 130
				},
				"2023-05-25": {
					"avg": 119,
					"count": 5,
					"min": 43,
					"max": 178
				},
				"2023-05-26": {
					"avg": 199,
					"count": 1,
					"min": 199,
					"max": 199
				},
				"2023-05-27": {
					"avg": 76,
					"count": 13,
					"min": 23,
					"max": 275
				},
				"2023-05-28": {
					"avg": 58,
					"count": 2,
					"min": 48,
					"max": 68
				},
				"2023-05-29": {
					"avg": 101,
					"count": 16,
					"min": 34,
					"max": 184
				},
				"2023-05-31": {
					"avg": 114,
					"count": 4,
					"min": 45,
					"max": 174
				},
				"2023-06-01": {
					"avg": 103,
					"count": 38,
					"min": 25,
					"max": 551
				},
				"2023-06-02": {
					"avg": 29,
					"count": 1,
					"min": 29,
					"max": 29
				},
				"2023-06-03": {
					"avg": 168,
					"count": 2,
					"min": 85,
					"max": 250
				},
				"2023-06-04": {
					"avg": 250,
					"count": 1,
					"min": 250,
					"max": 250
				},
				"2023-06-06": {
					"avg": 120,
					"count": 2,
					"min": 40,
					"max": 201
				},
				"2023-06-07": {
					"avg": 110,
					"count": 2,
					"min": 96,
					"max": 123
				},
				"2023-06-10": {
					"avg": 212,
					"count": 1,
					"min": 212,
					"max": 212
				},
				"2023-06-11": {
					"avg": 49,
					"count": 2,
					"min": 40,
					"max": 57
				},
				"2023-06-12": {
					"avg": 33,
					"count": 1,
					"min": 33,
					"max": 33
				},
				"2023-06-13": {
					"avg": 246,
					"count": 5,
					"min": 35,
					"max": 432
				},
				"2023-06-14": {
					"avg": 40,
					"count": 3,
					"min": 30,
					"max": 45
				},
				"2023-06-15": {
					"avg": 376,
					"count": 3,
					"min": 200,
					"max": 587
				},
				"2023-06-16": {
					"avg": 148,
					"count": 3,
					"min": 45,
					"max": 200
				},
				"2023-06-17": {
					"avg": 271,
					"count": 2,
					"min": 75,
					"max": 467
				},
				"2023-06-18": {
					"avg": 123,
					"count": 7,
					"min": 45,
					"max": 226
				},
				"2023-06-19": {
					"avg": 120,
					"count": 7,
					"min": 68,
					"max": 200
				},
				"2023-06-20": {
					"avg": 184,
					"count": 3,
					"min": 41,
					"max": 466
				},
				"2023-06-21": {
					"avg": 98,
					"count": 2,
					"min": 57,
					"max": 140
				},
				"2023-06-22": {
					"avg": 201,
					"count": 9,
					"min": 25,
					"max": 669
				},
				"2023-06-23": {
					"avg": 171,
					"count": 7,
					"min": 45,
					"max": 450
				},
				"2023-06-24": {
					"avg": 93,
					"count": 2,
					"min": 41,
					"max": 144
				},
				"2023-06-25": {
					"avg": 140,
					"count": 3,
					"min": 41,
					"max": 250
				},
				"2023-06-26": {
					"avg": 148,
					"count": 6,
					"min": 121,
					"max": 215
				},
				"2023-06-27": {
					"avg": 66,
					"count": 1,
					"min": 66,
					"max": 66
				},
				"2023-06-28": {
					"avg": 41,
					"count": 1,
					"min": 41,
					"max": 41
				},
				"2023-06-29": {
					"avg": 54,
					"count": 3,
					"min": 41,
					"max": 80
				},
				"2023-06-30": {
					"avg": 120,
					"count": 4,
					"min": 39,
					"max": 292
				},
				"2023-07-01": {
					"avg": 279,
					"count": 4,
					"min": 121,
					"max": 423
				},
				"2023-07-02": {
					"avg": 205,
					"count": 5,
					"min": 49,
					"max": 299
				},
				"2023-07-03": {
					"avg": 51,
					"count": 6,
					"min": 18,
					"max": 125
				},
				"2023-07-04": {
					"avg": 107,
					"count": 7,
					"min": 39,
					"max": 199
				},
				"2023-07-05": {
					"avg": 44,
					"count": 30,
					"min": 27,
					"max": 113
				},
				"2023-07-06": {
					"avg": 299,
					"count": 4,
					"min": 30,
					"max": 1024
				},
				"2023-07-07": {
					"avg": 137,
					"count": 4,
					"min": 40,
					"max": 250
				},
				"2023-07-08": {
					"avg": 109,
					"count": 5,
					"min": 39,
					"max": 210
				},
				"2023-07-09": {
					"avg": 79,
					"count": 3,
					"min": 40,
					"max": 122
				},
				"2023-07-10": {
					"avg": 1003,
					"count": 2,
					"min": 161,
					"max": 1844
				},
				"2023-07-11": {
					"avg": 45,
					"count": 1,
					"min": 45,
					"max": 45
				},
				"2023-07-12": {
					"avg": 164,
					"count": 5,
					"min": 23,
					"max": 495
				},
				"2023-07-13": {
					"avg": 163,
					"count": 5,
					"min": 40,
					"max": 532
				},
				"2023-07-14": {
					"avg": 174,
					"count": 2,
					"min": 100,
					"max": 248
				},
				"2023-07-15": {
					"avg": 167,
					"count": 3,
					"min": 40,
					"max": 303
				},
				"2023-07-16": {
					"avg": 89,
					"count": 2,
					"min": 75,
					"max": 103
				},
				"2023-07-17": {
					"avg": 95,
					"count": 5,
					"min": 95,
					"max": 95
				},
				"2023-07-18": {
					"avg": 160,
					"count": 2,
					"min": 159,
					"max": 160
				},
				"2023-07-19": {
					"avg": 137,
					"count": 9,
					"min": 24,
					"max": 474
				},
				"2023-07-20": {
					"avg": 88,
					"count": 7,
					"min": 24,
					"max": 123
				},
				"2023-07-21": {
					"avg": 51,
					"count": 3,
					"min": 15,
					"max": 75
				},
				"2023-07-22": {
					"avg": 132,
					"count": 6,
					"min": 23,
					"max": 599
				},
				"2023-07-23": {
					"avg": 101,
					"count": 2,
					"min": 38,
					"max": 164
				},
				"2023-07-24": {
					"avg": 160,
					"count": 6,
					"min": 39,
					"max": 250
				},
				"2023-07-25": {
					"avg": 86,
					"count": 13,
					"min": 16,
					"max": 292
				},
				"2023-07-26": {
					"avg": 71,
					"count": 4,
					"min": 10,
					"max": 122
				},
				"2023-07-29": {
					"avg": 627,
					"count": 24,
					"min": 25,
					"max": 834
				},
				"2023-07-30": {
					"avg": 327,
					"count": 4,
					"min": 33,
					"max": 1205
				},
				"2023-07-31": {
					"avg": 417,
					"count": 5,
					"min": 69,
					"max": 834
				},
				"2023-08-01": {
					"avg": 283,
					"count": 7,
					"min": 88,
					"max": 474
				},
				"2023-08-02": {
					"avg": 61,
					"count": 5,
					"min": 34,
					"max": 119
				},
				"2023-08-03": {
					"avg": 83,
					"count": 4,
					"min": 40,
					"max": 124
				},
				"2023-08-04": {
					"avg": 110,
					"count": 6,
					"min": 68,
					"max": 137
				},
				"2023-08-05": {
					"avg": 143,
					"count": 3,
					"min": 36,
					"max": 314
				},
				"2023-08-06": {
					"avg": 25,
					"count": 1,
					"min": 25,
					"max": 25
				},
				"2023-08-07": {
					"avg": 100,
					"count": 37,
					"min": 29,
					"max": 574
				},
				"2023-08-08": {
					"avg": 40,
					"count": 6,
					"min": 29,
					"max": 74
				},
				"2023-08-09": {
					"avg": 105,
					"count": 7,
					"min": 33,
					"max": 150
				},
				"2023-08-10": {
					"avg": 90,
					"count": 8,
					"min": 20,
					"max": 219
				},
				"2023-08-11": {
					"avg": 90,
					"count": 4,
					"min": 34,
					"max": 189
				},
				"2023-08-12": {
					"avg": 67,
					"count": 1,
					"min": 67,
					"max": 67
				},
				"2023-08-14": {
					"avg": 41,
					"count": 5,
					"min": 20,
					"max": 117
				},
				"2023-08-15": {
					"avg": 116,
					"count": 3,
					"min": 66,
					"max": 164
				},
				"2023-08-16": {
					"avg": 367,
					"count": 3,
					"min": 123,
					"max": 679
				},
				"2023-08-17": {
					"avg": 35,
					"count": 1,
					"min": 35,
					"max": 35
				},
				"2023-08-18": {
					"avg": 279,
					"count": 2,
					"min": 149,
					"max": 409
				},
				"2023-08-19": {
					"avg": 49,
					"count": 3,
					"min": 40,
					"max": 68
				},
				"2023-08-20": {
					"avg": 83,
					"count": 5,
					"min": 35,
					"max": 150
				},
				"2023-08-21": {
					"avg": 178,
					"count": 5,
					"min": 30,
					"max": 450
				},
				"2023-08-23": {
					"avg": 134,
					"count": 2,
					"min": 68,
					"max": 199
				},
				"2023-08-24": {
					"avg": 102,
					"count": 2,
					"min": 20,
					"max": 183
				},
				"2023-08-25": {
					"avg": 93,
					"count": 12,
					"min": 25,
					"max": 234
				},
				"2023-08-26": {
					"avg": 48,
					"count": 1,
					"min": 48,
					"max": 48
				},
				"2023-08-27": {
					"avg": 61,
					"count": 2,
					"min": 22,
					"max": 100
				},
				"2023-08-28": {
					"avg": 238,
					"count": 5,
					"min": 32,
					"max": 829
				},
				"2023-08-29": {
					"avg": 67,
					"count": 3,
					"min": 24,
					"max": 132
				},
				"2023-08-30": {
					"avg": 70,
					"count": 1,
					"min": 70,
					"max": 70
				},
				"2023-08-31": {
					"avg": 32,
					"count": 1,
					"min": 32,
					"max": 32
				},
				"2023-09-01": {
					"avg": 46,
					"count": 1,
					"min": 46,
					"max": 46
				},
				"2023-09-02": {
					"avg": 125,
					"count": 1,
					"min": 125,
					"max": 125
				},
				"2023-09-03": {
					"avg": 29,
					"count": 2,
					"min": 25,
					"max": 32
				},
				"2023-09-04": {
					"avg": 43,
					"count": 2,
					"min": 30,
					"max": 57
				},
				"2023-09-05": {
					"avg": 190,
					"count": 2,
					"min": 34,
					"max": 346
				},
				"2023-09-06": {
					"avg": 39,
					"count": 1,
					"min": 39,
					"max": 39
				},
				"2023-09-07": {
					"avg": 59,
					"count": 2,
					"min": 31,
					"max": 86
				},
				"2023-09-08": {
					"avg": 199,
					"count": 2,
					"min": 100,
					"max": 297
				},
				"2023-09-09": {
					"avg": 132,
					"count": 12,
					"min": 35,
					"max": 248
				},
				"2023-09-10": {
					"avg": 352,
					"count": 4,
					"min": 40,
					"max": 1095
				},
				"2023-09-11": {
					"avg": 162,
					"count": 1,
					"min": 162,
					"max": 162
				},
				"2023-09-12": {
					"avg": 93,
					"count": 2,
					"min": 57,
					"max": 129
				},
				"2023-09-13": {
					"avg": 221,
					"count": 4,
					"min": 42,
					"max": 496
				},
				"2023-09-14": {
					"avg": 70,
					"count": 5,
					"min": 42,
					"max": 123
				},
				"2023-09-15": {
					"avg": 274,
					"count": 2,
					"min": 250,
					"max": 297
				},
				"2023-09-16": {
					"avg": 42,
					"count": 2,
					"min": 42,
					"max": 42
				},
				"2023-09-17": {
					"avg": 84,
					"count": 3,
					"min": 29,
					"max": 180
				},
				"2023-09-18": {
					"avg": 31,
					"count": 1,
					"min": 31,
					"max": 31
				},
				"2023-09-19": {
					"avg": 87,
					"count": 2,
					"min": 20,
					"max": 154
				},
				"2023-09-20": {
					"avg": 73,
					"count": 2,
					"min": 20,
					"max": 125
				},
				"2023-09-21": {
					"avg": 26,
					"count": 2,
					"min": 26,
					"max": 26
				},
				"2023-09-22": {
					"avg": 135,
					"count": 2,
					"min": 68,
					"max": 201
				},
				"2023-09-23": {
					"avg": 50,
					"count": 9,
					"min": 37,
					"max": 125
				},
				"2023-09-25": {
					"avg": 71,
					"count": 7,
					"min": 26,
					"max": 157
				},
				"2023-09-26": {
					"avg": 119,
					"count": 6,
					"min": 25,
					"max": 225
				},
				"2023-09-28": {
					"avg": 106,
					"count": 3,
					"min": 29,
					"max": 164
				},
				"2023-09-29": {
					"avg": 25,
					"count": 18,
					"min": 25,
					"max": 25
				},
				"2023-09-30": {
					"avg": 121,
					"count": 1,
					"min": 121,
					"max": 121
				},
				"2023-10-01": {
					"avg": 58,
					"count": 2,
					"min": 58,
					"max": 58
				},
				"2023-10-02": {
					"avg": 149,
					"count": 7,
					"min": 46,
					"max": 244
				},
				"2023-10-03": {
					"avg": 171,
					"count": 4,
					"min": 57,
					"max": 290
				},
				"2023-10-04": {
					"avg": 130,
					"count": 2,
					"min": 100,
					"max": 159
				},
				"2023-10-05": {
					"avg": 25,
					"count": 1,
					"min": 25,
					"max": 25
				},
				"2023-10-06": {
					"avg": 180,
					"count": 5,
					"min": 99,
					"max": 297
				},
				"2023-10-08": {
					"avg": 36,
					"count": 3,
					"min": 35,
					"max": 38
				},
				"2023-10-09": {
					"avg": 98,
					"count": 10,
					"min": 29,
					"max": 164
				},
				"2023-10-10": {
					"avg": 101,
					"count": 4,
					"min": 34,
					"max": 212
				},
				"2023-10-11": {
					"avg": 2048,
					"count": 1,
					"min": 2048,
					"max": 2048
				},
				"2023-10-12": {
					"avg": 24,
					"count": 1,
					"min": 24,
					"max": 24
				},
				"2023-10-13": {
					"avg": 42,
					"count": 1,
					"min": 42,
					"max": 42
				},
				"2023-10-14": {
					"avg": 112,
					"count": 4,
					"min": 34,
					"max": 164
				},
				"2023-10-16": {
					"avg": 74,
					"count": 2,
					"min": 74,
					"max": 74
				},
				"2023-10-17": {
					"avg": 95,
					"count": 2,
					"min": 29,
					"max": 160
				},
				"2023-10-18": {
					"avg": 163,
					"count": 4,
					"min": 149,
					"max": 197
				},
				"2023-10-19": {
					"avg": 140,
					"count": 17,
					"min": 31,
					"max": 409
				},
				"2023-10-20": {
					"avg": 121,
					"count": 7,
					"min": 74,
					"max": 300
				},
				"2023-10-21": {
					"avg": 34,
					"count": 3,
					"min": 33,
					"max": 35
				},
				"2023-10-22": {
					"avg": 191,
					"count": 4,
					"min": 31,
					"max": 509
				},
				"2023-10-23": {
					"avg": 96,
					"count": 2,
					"min": 34,
					"max": 157
				},
				"2023-10-24": {
					"avg": 154,
					"count": 3,
					"min": 123,
					"max": 174
				},
				"2023-10-25": {
					"avg": 100,
					"count": 2,
					"min": 77,
					"max": 123
				},
				"2023-10-26": {
					"avg": 163,
					"count": 2,
					"min": 142,
					"max": 184
				},
				"2023-10-27": {
					"avg": 43,
					"count": 2,
					"min": 30,
					"max": 56
				},
				"2023-10-28": {
					"avg": 136,
					"count": 3,
					"min": 124,
					"max": 159
				},
				"2023-10-29": {
					"avg": 190,
					"count": 3,
					"min": 25,
					"max": 449
				},
				"2023-10-30": {
					"avg": 200,
					"count": 9,
					"min": 32,
					"max": 519
				},
				"2023-10-31": {
					"avg": 97,
					"count": 3,
					"min": 58,
					"max": 134
				},
				"2023-11-01": {
					"avg": 77,
					"count": 2,
					"min": 32,
					"max": 122
				},
				"2023-11-02": {
					"avg": 252,
					"count": 3,
					"min": 25,
					"max": 673
				},
				"2023-11-03": {
					"avg": 31,
					"count": 2,
					"min": 30,
					"max": 32
				},
				"2023-11-04": {
					"avg": 339,
					"count": 2,
					"min": 157,
					"max": 520
				},
				"2023-11-05": {
					"avg": 117,
					"count": 2,
					"min": 117,
					"max": 117
				},
				"2023-11-06": {
					"avg": 149,
					"count": 8,
					"min": 44,
					"max": 328
				},
				"2023-11-07": {
					"avg": 181,
					"count": 3,
					"min": 130,
					"max": 225
				},
				"2023-11-08": {
					"avg": 82,
					"count": 2,
					"min": 25,
					"max": 139
				},
				"2023-11-09": {
					"avg": 100,
					"count": 2,
					"min": 100,
					"max": 100
				},
				"2023-11-10": {
					"avg": 169,
					"count": 5,
					"min": 29,
					"max": 278
				},
				"2023-11-11": {
					"avg": 131,
					"count": 1,
					"min": 131,
					"max": 131
				},
				"2023-11-12": {
					"avg": 143,
					"count": 3,
					"min": 32,
					"max": 298
				},
				"2023-11-13": {
					"avg": 250,
					"count": 4,
					"min": 139,
					"max": 287
				},
				"2023-11-14": {
					"avg": 114,
					"count": 7,
					"min": 29,
					"max": 141
				},
				"2023-11-15": {
					"avg": 94,
					"count": 4,
					"min": 29,
					"max": 258
				},
				"2023-11-16": {
					"avg": 41,
					"count": 2,
					"min": 32,
					"max": 49
				},
				"2023-11-17": {
					"avg": 90,
					"count": 4,
					"min": 49,
					"max": 131
				},
				"2023-11-18": {
					"avg": 177,
					"count": 6,
					"min": 63,
					"max": 500
				},
				"2023-11-19": {
					"avg": 48,
					"count": 2,
					"min": 48,
					"max": 48
				},
				"2023-11-20": {
					"avg": 173,
					"count": 2,
					"min": 59,
					"max": 287
				},
				"2023-11-21": {
					"avg": 111,
					"count": 11,
					"min": 29,
					"max": 129
				},
				"2023-11-22": {
					"avg": 188,
					"count": 4,
					"min": 156,
					"max": 199
				},
				"2023-11-23": {
					"avg": 409,
					"count": 2,
					"min": 148,
					"max": 670
				},
				"2023-11-24": {
					"avg": 131,
					"count": 31,
					"min": 19,
					"max": 409
				},
				"2023-11-25": {
					"avg": 105,
					"count": 6,
					"min": 99,
					"max": 131
				},
				"2023-11-26": {
					"avg": 89,
					"count": 5,
					"min": 31,
					"max": 185
				},
				"2023-11-27": {
					"avg": 185,
					"count": 5,
					"min": 46,
					"max": 349
				},
				"2024-05-15": {
					"avg": 99,
					"count": 1,
					"min": 99,
					"max": 99
				},
				"2024-05-16": {
					"avg": 237,
					"count": 5,
					"min": 38,
					"max": 689
				},
				"2024-05-17": {
					"avg": 109,
					"count": 58,
					"min": 20,
					"max": 521
				},
				"2024-05-18": {
					"avg": 272,
					"count": 36,
					"min": 25,
					"max": 531
				},
				"2024-05-19": {
					"avg": 114,
					"count": 5,
					"min": 29,
					"max": 205
				},
				"2024-05-20": {
					"avg": 195,
					"count": 16,
					"min": 99,
					"max": 229
				},
				"2024-05-21": {
					"avg": 271,
					"count": 7,
					"min": 38,
					"max": 356
				},
				"2024-05-22": {
					"avg": 154,
					"count": 3,
					"min": 129,
					"max": 192
				},
				"2024-05-24": {
					"avg": 89,
					"count": 11,
					"min": 31,
					"max": 101
				},
				"2024-05-26": {
					"avg": 100,
					"count": 1,
					"min": 100,
					"max": 100
				},
				"2024-05-27": {
					"avg": 114,
					"count": 2,
					"min": 31,
					"max": 197
				},
				"2024-05-29": {
					"avg": 201,
					"count": 4,
					"min": 94,
					"max": 409
				},
				"2024-05-30": {
					"avg": 173,
					"count": 2,
					"min": 149,
					"max": 197
				},
				"2024-05-31": {
					"avg": 85,
					"count": 3,
					"min": 31,
					"max": 142
				},
				"2024-06-01": {
					"avg": 102,
					"count": 3,
					"min": 39,
					"max": 167
				},
				"2024-06-02": {
					"avg": 34,
					"count": 1,
					"min": 34,
					"max": 34
				},
				"2024-06-03": {
					"avg": 111,
					"count": 12,
					"min": 38,
					"max": 225
				},
				"2024-06-04": {
					"avg": 136,
					"count": 2,
					"min": 100,
					"max": 172
				},
				"2024-06-05": {
					"avg": 50,
					"count": 1,
					"min": 50,
					"max": 50
				},
				"2024-06-06": {
					"avg": 29,
					"count": 1,
					"min": 29,
					"max": 29
				},
				"2024-06-07": {
					"avg": 119,
					"count": 3,
					"min": 36,
					"max": 170
				},
				"2024-06-12": {
					"avg": 174,
					"count": 2,
					"min": 153,
					"max": 194
				},
				"2024-06-14": {
					"avg": 159,
					"count": 1,
					"min": 159,
					"max": 159
				},
				"2024-06-16": {
					"avg": 172,
					"count": 1,
					"min": 172,
					"max": 172
				},
				"2024-06-17": {
					"avg": 126,
					"count": 2,
					"min": 126,
					"max": 126
				},
				"2024-06-18": {
					"avg": 137,
					"count": 1,
					"min": 137,
					"max": 137
				},
				"2024-06-19": {
					"avg": 30,
					"count": 1,
					"min": 30,
					"max": 30
				},
				"2024-06-22": {
					"avg": 135,
					"count": 5,
					"min": 133,
					"max": 137
				},
				"2024-06-23": {
					"avg": 206,
					"count": 2,
					"min": 197,
					"max": 214
				},
				"2024-06-26": {
					"avg": 139,
					"count": 2,
					"min": 38,
					"max": 240
				},
				"2024-06-27": {
					"avg": 36,
					"count": 1,
					"min": 36,
					"max": 36
				},
				"2024-06-30": {
					"avg": 192,
					"count": 1,
					"min": 192,
					"max": 192
				},
				"2024-07-02": {
					"avg": 37,
					"count": 1,
					"min": 37,
					"max": 37
				},
				"2024-07-03": {
					"avg": 100,
					"count": 2,
					"min": 50,
					"max": 149
				},
				"2024-07-04": {
					"avg": 30,
					"count": 1,
					"min": 30,
					"max": 30
				},
				"2024-07-06": {
					"avg": 40,
					"count": 1,
					"min": 40,
					"max": 40
				},
				"2024-07-07": {
					"avg": 185,
					"count": 2,
					"min": 146,
					"max": 224
				},
				"2024-07-11": {
					"avg": 39,
					"count": 1,
					"min": 39,
					"max": 39
				},
				"2024-07-12": {
					"avg": 105,
					"count": 2,
					"min": 39,
					"max": 170
				},
				"2024-07-15": {
					"avg": 38,
					"count": 1,
					"min": 38,
					"max": 38
				},
				"2024-07-16": {
					"avg": 70,
					"count": 9,
					"min": 48,
					"max": 115
				},
				"2024-07-17": {
					"avg": 83,
					"count": 2,
					"min": 24,
					"max": 142
				},
				"2024-07-19": {
					"avg": 203,
					"count": 3,
					"min": 115,
					"max": 357
				},
				"2024-07-20": {
					"avg": 99,
					"count": 4,
					"min": 48,
					"max": 165
				},
				"2024-07-21": {
					"avg": 113,
					"count": 1,
					"min": 113,
					"max": 113
				},
				"2024-07-22": {
					"avg": 115,
					"count": 1,
					"min": 115,
					"max": 115
				},
				"2024-07-23": {
					"avg": 212,
					"count": 6,
					"min": 14,
					"max": 344
				},
				"2024-07-24": {
					"avg": 124,
					"count": 6,
					"min": 124,
					"max": 124
				},
				"2024-07-25": {
					"avg": 104,
					"count": 2,
					"min": 49,
					"max": 158
				},
				"2024-07-26": {
					"avg": 152,
					"count": 3,
					"min": 114,
					"max": 197
				},
				"2024-07-27": {
					"avg": 96,
					"count": 2,
					"min": 33,
					"max": 158
				},
				"2024-07-28": {
					"avg": 50,
					"count": 1,
					"min": 50,
					"max": 50
				},
				"2024-07-29": {
					"avg": 33,
					"count": 1,
					"min": 33,
					"max": 33
				},
				"2024-07-31": {
					"avg": 185,
					"count": 1,
					"min": 185,
					"max": 185
				},
				"2024-08-01": {
					"avg": 387,
					"count": 3,
					"min": 49,
					"max": 652
				},
				"2024-08-02": {
					"avg": 129,
					"count": 3,
					"min": 100,
					"max": 157
				},
				"2024-08-03": {
					"avg": 97,
					"count": 3,
					"min": 47,
					"max": 130
				},
				"2024-08-04": {
					"avg": 74,
					"count": 2,
					"min": 33,
					"max": 114
				},
				"2024-08-05": {
					"avg": 186,
					"count": 6,
					"min": 157,
					"max": 247
				},
				"2024-08-07": {
					"avg": 98,
					"count": 3,
					"min": 35,
					"max": 221
				},
				"2024-08-10": {
					"avg": 34,
					"count": 4,
					"min": 34,
					"max": 34
				},
				"2024-08-11": {
					"avg": 174,
					"count": 5,
					"min": 39,
					"max": 625
				},
				"2024-08-12": {
					"avg": 35,
					"count": 1,
					"min": 35,
					"max": 35
				},
				"2024-08-13": {
					"avg": 40,
					"count": 2,
					"min": 35,
					"max": 45
				},
				"2024-08-14": {
					"avg": 211,
					"count": 2,
					"min": 157,
					"max": 264
				},
				"2024-08-15": {
					"avg": 112,
					"count": 3,
					"min": 112,
					"max": 112
				},
				"2024-08-16": {
					"avg": 240,
					"count": 5,
					"min": 67,
					"max": 648
				},
				"2024-08-17": {
					"avg": 51,
					"count": 1,
					"min": 51,
					"max": 51
				},
				"2024-08-18": {
					"avg": 432,
					"count": 4,
					"min": 50,
					"max": 559
				},
				"2024-08-19": {
					"avg": 140,
					"count": 1,
					"min": 140,
					"max": 140
				},
				"2024-08-20": {
					"avg": 239,
					"count": 2,
					"min": 154,
					"max": 324
				},
				"2024-08-21": {
					"avg": 32,
					"count": 5,
					"min": 31,
					"max": 32
				},
				"2024-08-22": {
					"avg": 30,
					"count": 11,
					"min": 30,
					"max": 30
				},
				"2024-08-24": {
					"avg": 161,
					"count": 6,
					"min": 144,
					"max": 248
				},
				"2024-08-25": {
					"avg": 113,
					"count": 3,
					"min": 30,
					"max": 154
				},
				"2024-08-28": {
					"avg": 30,
					"count": 10,
					"min": 30,
					"max": 30
				},
				"2024-08-29": {
					"avg": 114,
					"count": 3,
					"min": 114,
					"max": 114
				},
				"2024-08-31": {
					"avg": 160,
					"count": 6,
					"min": 30,
					"max": 569
				},
				"2024-09-01": {
					"avg": 569,
					"count": 1,
					"min": 569,
					"max": 569
				},
				"2024-09-02": {
					"avg": 143,
					"count": 4,
					"min": 99,
					"max": 180
				},
				"2024-09-03": {
					"avg": 142,
					"count": 1,
					"min": 142,
					"max": 142
				},
				"2024-09-04": {
					"avg": 25,
					"count": 2,
					"min": 25,
					"max": 25
				},
				"2024-09-06": {
					"avg": 47,
					"count": 3,
					"min": 42,
					"max": 51
				},
				"2024-09-09": {
					"avg": 231,
					"count": 1,
					"min": 231,
					"max": 231
				},
				"2024-09-11": {
					"avg": 173,
					"count": 3,
					"min": 25,
					"max": 469
				},
				"2024-09-12": {
					"avg": 121,
					"count": 2,
					"min": 26,
					"max": 215
				},
				"2024-09-13": {
					"avg": 89,
					"count": 1,
					"min": 89,
					"max": 89
				},
				"2024-09-16": {
					"avg": 89,
					"count": 1,
					"min": 89,
					"max": 89
				},
				"2024-09-17": {
					"avg": 321,
					"count": 3,
					"min": 149,
					"max": 664
				},
				"2024-09-18": {
					"avg": 188,
					"count": 1,
					"min": 188,
					"max": 188
				},
				"2024-09-19": {
					"avg": 187,
					"count": 2,
					"min": 157,
					"max": 216
				},
				"2024-09-20": {
					"avg": 26,
					"count": 3,
					"min": 25,
					"max": 26
				},
				"2024-09-23": {
					"avg": 168,
					"count": 2,
					"min": 168,
					"max": 168
				}
			},
			"avg": 133,
			"avg7": 179,
			"avg28": 179
		},
		"normal-nearmint": {
			"history": {
				"2024-05-23": {
					"avg": 251,
					"count": 1,
					"min": 251,
					"max": 251
				},
				"2024-05-24": {
					"avg": 174,
					"count": 1,
					"min": 174,
					"max": 174
				},
				"2024-05-25": {
					"avg": 228,
					"count": 2,
					"min": 67,
					"max": 388
				},
				"2024-05-27": {
					"avg": 98,
					"count": 5,
					"min": 65,
					"max": 228
				},
				"2024-05-30": {
					"avg": 111,
					"count": 2,
					"min": 75,
					"max": 147
				},
				"2024-05-31": {
					"avg": 183,
					"count": 2,
					"min": 54,
					"max": 311
				},
				"2024-06-01": {
					"avg": 548,
					"count": 2,
					"min": 347,
					"max": 748
				},
				"2024-06-03": {
					"avg": 294,
					"count": 1,
					"min": 294,
					"max": 294
				},
				"2024-06-04": {
					"avg": 127,
					"count": 1,
					"min": 127,
					"max": 127
				},
				"2024-06-05": {
					"avg": 152,
					"count": 2,
					"min": 54,
					"max": 249
				},
				"2024-06-07": {
					"avg": 182,
					"count": 2,
					"min": 125,
					"max": 239
				},
				"2024-06-08": {
					"avg": 189,
					"count": 1,
					"min": 189,
					"max": 189
				},
				"2024-06-09": {
					"avg": 54,
					"count": 1,
					"min": 54,
					"max": 54
				},
				"2024-06-11": {
					"avg": 249,
					"count": 2,
					"min": 249,
					"max": 249
				},
				"2024-06-12": {
					"avg": 55,
					"count": 1,
					"min": 55,
					"max": 55
				},
				"2024-06-13": {
					"avg": 179,
					"count": 2,
					"min": 168,
					"max": 189
				},
				"2024-06-15": {
					"avg": 251,
					"count": 2,
					"min": 200,
					"max": 301
				},
				"2024-06-17": {
					"avg": 123,
					"count": 4,
					"min": 56,
					"max": 145
				},
				"2024-06-18": {
					"avg": 423,
					"count": 2,
					"min": 347,
					"max": 498
				},
				"2024-06-19": {
					"avg": 180,
					"count": 7,
					"min": 100,
					"max": 279
				},
				"2024-06-20": {
					"avg": 328,
					"count": 2,
					"min": 158,
					"max": 498
				},
				"2024-06-21": {
					"avg": 52,
					"count": 1,
					"min": 52,
					"max": 52
				},
				"2024-06-26": {
					"avg": 1127,
					"count": 2,
					"min": 58,
					"max": 2196
				},
				"2024-06-28": {
					"avg": 145,
					"count": 1,
					"min": 145,
					"max": 145
				},
				"2024-06-29": {
					"avg": 249,
					"count": 1,
					"min": 249,
					"max": 249
				},
				"2024-06-30": {
					"avg": 249,
					"count": 2,
					"min": 249,
					"max": 249
				},
				"2024-07-01": {
					"avg": 52,
					"count": 2,
					"min": 46,
					"max": 57
				},
				"2024-07-03": {
					"avg": 75,
					"count": 2,
					"min": 52,
					"max": 97
				},
				"2024-07-05": {
					"avg": 170,
					"count": 2,
					"min": 120,
					"max": 219
				},
				"2024-07-06": {
					"avg": 139,
					"count": 4,
					"min": 54,
					"max": 280
				},
				"2024-07-07": {
					"avg": 144,
					"count": 3,
					"min": 46,
					"max": 217
				},
				"2024-07-08": {
					"avg": 97,
					"count": 1,
					"min": 97,
					"max": 97
				},
				"2024-07-09": {
					"avg": 65,
					"count": 2,
					"min": 55,
					"max": 75
				},
				"2024-07-11": {
					"avg": 249,
					"count": 1,
					"min": 249,
					"max": 249
				},
				"2024-07-12": {
					"avg": 46,
					"count": 1,
					"min": 46,
					"max": 46
				},
				"2024-07-14": {
					"avg": 97,
					"count": 1,
					"min": 97,
					"max": 97
				},
				"2024-07-15": {
					"avg": 254,
					"count": 2,
					"min": 161,
					"max": 347
				},
				"2024-07-16": {
					"avg": 52,
					"count": 1,
					"min": 52,
					"max": 52
				},
				"2024-07-17": {
					"avg": 164,
					"count": 1,
					"min": 164,
					"max": 164
				},
				"2024-07-19": {
					"avg": 61,
					"count": 1,
					"min": 61,
					"max": 61
				},
				"2024-07-20": {
					"avg": 59,
					"count": 1,
					"min": 59,
					"max": 59
				},
				"2024-07-21": {
					"avg": 97,
					"count": 1,
					"min": 97,
					"max": 97
				},
				"2024-07-22": {
					"avg": 194,
					"count": 2,
					"min": 161,
					"max": 226
				},
				"2024-07-24": {
					"avg": 110,
					"count": 2,
					"min": 99,
					"max": 120
				},
				"2024-07-26": {
					"avg": 68,
					"count": 1,
					"min": 68,
					"max": 68
				},
				"2024-07-27": {
					"avg": 410,
					"count": 2,
					"min": 126,
					"max": 694
				},
				"2024-07-28": {
					"avg": 106,
					"count": 2,
					"min": 47,
					"max": 165
				},
				"2024-07-29": {
					"avg": 158,
					"count": 2,
					"min": 144,
					"max": 172
				},
				"2024-07-30": {
					"avg": 1094,
					"count": 1,
					"min": 1094,
					"max": 1094
				},
				"2024-08-02": {
					"avg": 152,
					"count": 3,
					"min": 69,
					"max": 193
				},
				"2024-08-03": {
					"avg": 157,
					"count": 2,
					"min": 66,
					"max": 247
				},
				"2024-08-04": {
					"avg": 498,
					"count": 1,
					"min": 498,
					"max": 498
				},
				"2024-08-05": {
					"avg": 188,
					"count": 1,
					"min": 188,
					"max": 188
				},
				"2024-08-07": {
					"avg": 222,
					"count": 2,
					"min": 97,
					"max": 347
				},
				"2024-08-08": {
					"avg": 43,
					"count": 1,
					"min": 43,
					"max": 43
				},
				"2024-08-09": {
					"avg": 75,
					"count": 3,
					"min": 75,
					"max": 75
				},
				"2024-08-10": {
					"avg": 185,
					"count": 3,
					"min": 172,
					"max": 199
				},
				"2024-08-11": {
					"avg": 61,
					"count": 2,
					"min": 59,
					"max": 63
				},
				"2024-08-12": {
					"avg": 264,
					"count": 3,
					"min": 97,
					"max": 349
				},
				"2024-08-13": {
					"avg": 141,
					"count": 1,
					"min": 141,
					"max": 141
				},
				"2024-08-14": {
					"avg": 61,
					"count": 2,
					"min": 61,
					"max": 61
				},
				"2024-08-15": {
					"avg": 61,
					"count": 1,
					"min": 61,
					"max": 61
				},
				"2024-08-16": {
					"avg": 249,
					"count": 1,
					"min": 249,
					"max": 249
				},
				"2024-08-17": {
					"avg": 309,
					"count": 4,
					"min": 65,
					"max": 896
				},
				"2024-08-19": {
					"avg": 62,
					"count": 3,
					"min": 61,
					"max": 65
				},
				"2024-08-21": {
					"avg": 231,
					"count": 3,
					"min": 141,
					"max": 347
				},
				"2024-08-23": {
					"avg": 172,
					"count": 4,
					"min": 49,
					"max": 249
				},
				"2024-08-24": {
					"avg": 86,
					"count": 10,
					"min": 56,
					"max": 345
				},
				"2024-08-25": {
					"avg": 498,
					"count": 1,
					"min": 498,
					"max": 498
				},
				"2024-08-26": {
					"avg": 748,
					"count": 1,
					"min": 748,
					"max": 748
				},
				"2024-08-27": {
					"avg": 118,
					"count": 3,
					"min": 43,
					"max": 187
				},
				"2024-08-28": {
					"avg": 186,
					"count": 2,
					"min": 186,
					"max": 186
				},
				"2024-08-29": {
					"avg": 200,
					"count": 1,
					"min": 200,
					"max": 200
				},
				"2024-08-30": {
					"avg": 184,
					"count": 2,
					"min": 121,
					"max": 247
				},
				"2024-08-31": {
					"avg": 31,
					"count": 2,
					"min": 31,
					"max": 31
				},
				"2024-09-01": {
					"avg": 188,
					"count": 1,
					"min": 188,
					"max": 188
				},
				"2024-09-02": {
					"avg": 280,
					"count": 2,
					"min": 61,
					"max": 499
				},
				"2024-09-03": {
					"avg": 231,
					"count": 6,
					"min": 30,
					"max": 748
				},
				"2024-09-04": {
					"avg": 216,
					"count": 3,
					"min": 97,
					"max": 300
				},
				"2024-09-06": {
					"avg": 56,
					"count": 1,
					"min": 56,
					"max": 56
				},
				"2024-09-07": {
					"avg": 157,
					"count": 3,
					"min": 24,
					"max": 399
				},
				"2024-09-08": {
					"avg": 163,
					"count": 3,
					"min": 151,
					"max": 188
				},
				"2024-09-09": {
					"avg": 399,
					"count": 2,
					"min": 198,
					"max": 599
				},
				"2024-09-10": {
					"avg": 147,
					"count": 2,
					"min": 143,
					"max": 151
				},
				"2024-09-11": {
					"avg": 151,
					"count": 1,
					"min": 151,
					"max": 151
				},
				"2024-09-12": {
					"avg": 275,
					"count": 1,
					"min": 275,
					"max": 275
				},
				"2024-09-13": {
					"avg": 275,
					"count": 1,
					"min": 275,
					"max": 275
				},
				"2024-09-14": {
					"avg": 202,
					"count": 3,
					"min": 49,
					"max": 499
				},
				"2024-09-15": {
					"avg": 141,
					"count": 1,
					"min": 141,
					"max": 141
				},
				"2024-09-16": {
					"avg": 129,
					"count": 1,
					"min": 129,
					"max": 129
				},
				"2024-09-18": {
					"avg": 121,
					"count": 5,
					"min": 54,
					"max": 157
				},
				"2024-09-19": {
					"avg": 99,
					"count": 1,
					"min": 99,
					"max": 99
				},
				"2024-09-20": {
					"avg": 219,
					"count": 4,
					"min": 99,
					"max": 373
				},
				"2024-09-21": {
					"avg": 103,
					"count": 4,
					"min": 54,
					"max": 199
				},
				"2024-09-22": {
					"avg": 224,
					"count": 7,
					"min": 61,
					"max": 674
				},
				"2024-09-23": {
					"avg": 158,
					"count": 1,
					"min": 158,
					"max": 158
				}
			},
			"avg": 191,
			"avg7": -1,
			"avg28": -1
		},
		"normal-poor": {
			"history": {
				"2024-05-27": {
					"avg": 120,
					"count": 1,
					"min": 120,
					"max": 120
				},
				"2024-06-07": {
					"avg": 20,
					"count": 1,
					"min": 20,
					"max": 20
				},
				"2024-06-08": {
					"avg": 35,
					"count": 1,
					"min": 35,
					"max": 35
				},
				"2024-06-10": {
					"avg": 22,
					"count": 1,
					"min": 22,
					"max": 22
				},
				"2024-06-14": {
					"avg": 25,
					"count": 1,
					"min": 25,
					"max": 25
				},
				"2024-06-25": {
					"avg": 144,
					"count": 1,
					"min": 144,
					"max": 144
				},
				"2024-07-06": {
					"avg": 191,
					"count": 2,
					"min": 144,
					"max": 238
				},
				"2024-07-10": {
					"avg": 22,
					"count": 1,
					"min": 22,
					"max": 22
				},
				"2024-07-11": {
					"avg": 19,
					"count": 1,
					"min": 19,
					"max": 19
				},
				"2024-07-23": {
					"avg": 109,
					"count": 3,
					"min": 109,
					"max": 109
				},
				"2024-08-01": {
					"avg": 25,
					"count": 1,
					"min": 25,
					"max": 25
				},
				"2024-08-02": {
					"avg": 22,
					"count": 1,
					"min": 22,
					"max": 22
				},
				"2024-08-03": {
					"avg": 10,
					"count": 1,
					"min": 10,
					"max": 10
				},
				"2024-08-11": {
					"avg": 10,
					"count": 1,
					"min": 10,
					"max": 10
				},
				"2024-08-12": {
					"avg": 149,
					"count": 1,
					"min": 149,
					"max": 149
				},
				"2024-08-16": {
					"avg": 71,
					"count": 6,
					"min": 19,
					"max": 142
				},
				"2024-08-28": {
					"avg": 25,
					"count": 1,
					"min": 25,
					"max": 25
				},
				"2024-09-03": {
					"avg": 39,
					"count": 1,
					"min": 39,
					"max": 39
				},
				"2024-09-06": {
					"avg": 101,
					"count": 5,
					"min": 21,
					"max": 121
				},
				"2024-09-13": {
					"avg": 169,
					"count": 1,
					"min": 169,
					"max": 169
				}
			},
			"avg": 78,
			"avg7": -1,
			"avg28": -1
		},
		"normal-played": {
			"history": {
				"2024-05-23": {
					"avg": 66,
					"count": 2,
					"min": 40,
					"max": 91
				},
				"2024-05-29": {
					"avg": 89,
					"count": 1,
					"min": 89,
					"max": 89
				},
				"2024-06-04": {
					"avg": 96,
					"count": 1,
					"min": 96,
					"max": 96
				},
				"2024-06-06": {
					"avg": 136,
					"count": 1,
					"min": 136,
					"max": 136
				},
				"2024-06-07": {
					"avg": 144,
					"count": 9,
					"min": 21,
					"max": 226
				},
				"2024-06-08": {
					"avg": 449,
					"count": 1,
					"min": 449,
					"max": 449
				},
				"2024-06-09": {
					"avg": 36,
					"count": 2,
					"min": 30,
					"max": 42
				},
				"2024-06-17": {
					"avg": 451,
					"count": 2,
					"min": 451,
					"max": 451
				},
				"2024-06-18": {
					"avg": 137,
					"count": 3,
					"min": 130,
					"max": 150
				},
				"2024-06-19": {
					"avg": 90,
					"count": 2,
					"min": 42,
					"max": 137
				},
				"2024-06-20": {
					"avg": 147,
					"count": 1,
					"min": 147,
					"max": 147
				},
				"2024-06-22": {
					"avg": 151,
					"count": 1,
					"min": 151,
					"max": 151
				},
				"2024-06-25": {
					"avg": 127,
					"count": 1,
					"min": 127,
					"max": 127
				},
				"2024-06-26": {
					"avg": 851,
					"count": 2,
					"min": 181,
					"max": 1521
				},
				"2024-06-27": {
					"avg": 30,
					"count": 1,
					"min": 30,
					"max": 30
				},
				"2024-07-02": {
					"avg": 187,
					"count": 1,
					"min": 187,
					"max": 187
				},
				"2024-07-04": {
					"avg": 78,
					"count": 3,
					"min": 33,
					"max": 132
				},
				"2024-07-07": {
					"avg": 39,
					"count": 1,
					"min": 39,
					"max": 39
				},
				"2024-07-08": {
					"avg": 246,
					"count": 2,
					"min": 29,
					"max": 462
				},
				"2024-07-10": {
					"avg": 31,
					"count": 1,
					"min": 31,
					"max": 31
				},
				"2024-07-12": {
					"avg": 27,
					"count": 1,
					"min": 27,
					"max": 27
				},
				"2024-07-13": {
					"avg": 164,
					"count": 2,
					"min": 48,
					"max": 279
				},
				"2024-07-14": {
					"avg": 533,
					"count": 1,
					"min": 533,
					"max": 533
				},
				"2024-07-15": {
					"avg": 9,
					"count": 5,
					"min": 9,
					"max": 9
				},
				"2024-07-16": {
					"avg": 179,
					"count": 2,
					"min": 157,
					"max": 201
				},
				"2024-07-19": {
					"avg": 29,
					"count": 3,
					"min": 29,
					"max": 29
				},
				"2024-07-21": {
					"avg": 177,
					"count": 1,
					"min": 177,
					"max": 177
				},
				"2024-07-22": {
					"avg": 98,
					"count": 2,
					"min": 96,
					"max": 100
				},
				"2024-07-23": {
					"avg": 93,
					"count": 2,
					"min": 29,
					"max": 157
				},
				"2024-07-24": {
					"avg": 119,
					"count": 20,
					"min": 119,
					"max": 119
				},
				"2024-07-26": {
					"avg": 148,
					"count": 3,
					"min": 105,
					"max": 232
				},
				"2024-07-27": {
					"avg": 277,
					"count": 2,
					"min": 30,
					"max": 524
				},
				"2024-07-29": {
					"avg": 29,
					"count": 1,
					"min": 29,
					"max": 29
				},
				"2024-07-31": {
					"avg": 50,
					"count": 1,
					"min": 50,
					"max": 50
				},
				"2024-08-06": {
					"avg": 82,
					"count": 1,
					"min": 82,
					"max": 82
				},
				"2024-08-11": {
					"avg": 31,
					"count": 1,
					"min": 31,
					"max": 31
				},
				"2024-08-15": {
					"avg": 85,
					"count": 2,
					"min": 35,
					"max": 134
				},
				"2024-08-16": {
					"avg": 138,
					"count": 1,
					"min": 138,
					"max": 138
				},
				"2024-08-19": {
					"avg": 46,
					"count": 3,
					"min": 25,
					"max": 86
				},
				"2024-08-20": {
					"avg": 29,
					"count": 1,
					"min": 29,
					"max": 29
				},
				"2024-08-21": {
					"avg": 143,
					"count": 2,
					"min": 138,
					"max": 148
				},
				"2024-08-22": {
					"avg": 33,
					"count": 4,
					"min": 25,
					"max": 35
				},
				"2024-08-24": {
					"avg": 123,
					"count": 6,
					"min": 25,
					"max": 142
				},
				"2024-08-25": {
					"avg": 85,
					"count": 2,
					"min": 83,
					"max": 86
				},
				"2024-08-26": {
					"avg": 112,
					"count": 2,
					"min": 86,
					"max": 138
				},
				"2024-08-27": {
					"avg": 139,
					"count": 1,
					"min": 139,
					"max": 139
				},
				"2024-08-28": {
					"avg": 86,
					"count": 1,
					"min": 86,
					"max": 86
				},
				"2024-08-30": {
					"avg": 126,
					"count": 2,
					"min": 42,
					"max": 210
				},
				"2024-08-31": {
					"avg": 90,
					"count": 2,
					"min": 37,
					"max": 142
				},
				"2024-09-03": {
					"avg": 37,
					"count": 1,
					"min": 37,
					"max": 37
				},
				"2024-09-05": {
					"avg": 142,
					"count": 1,
					"min": 142,
					"max": 142
				},
				"2024-09-06": {
					"avg": 82,
					"count": 1,
					"min": 82,
					"max": 82
				},
				"2024-09-07": {
					"avg": 23,
					"count": 1,
					"min": 23,
					"max": 23
				},
				"2024-09-10": {
					"avg": 148,
					"count": 2,
					"min": 147,
					"max": 149
				},
				"2024-09-11": {
					"avg": 24,
					"count": 1,
					"min": 24,
					"max": 24
				},
				"2024-09-12": {
					"avg": 38,
					"count": 3,
					"min": 25,
					"max": 50
				},
				"2024-09-14": {
					"avg": 75,
					"count": 1,
					"min": 75,
					"max": 75
				},
				"2024-09-15": {
					"avg": 25,
					"count": 1,
					"min": 25,
					"max": 25
				},
				"2024-09-18": {
					"avg": 150,
					"count": 1,
					"min": 150,
					"max": 150
				}
			},
			"avg": 125,
			"avg7": -1,
			"avg28": -1
		},
		"normal-used": {
			"history": {
				"2024-05-30": {
					"avg": 147,
					"count": 1,
					"min": 147,
					"max": 147
				},
				"2024-06-07": {
					"avg": 21,
					"count": 3,
					"min": 21,
					"max": 21
				},
				"2024-06-13": {
					"avg": 39,
					"count": 1,
					"min": 39,
					"max": 39
				},
				"2024-06-17": {
					"avg": 437,
					"count": 3,
					"min": 437,
					"max": 437
				},
				"2024-06-23": {
					"avg": 143,
					"count": 1,
					"min": 143,
					"max": 143
				},
				"2024-06-28": {
					"avg": 25,
					"count": 2,
					"min": 22,
					"max": 27
				},
				"2024-07-04": {
					"avg": 27,
					"count": 1,
					"min": 27,
					"max": 27
				},
				"2024-07-11": {
					"avg": 77,
					"count": 2,
					"min": 35,
					"max": 119
				},
				"2024-07-16": {
					"avg": 22,
					"count": 1,
					"min": 22,
					"max": 22
				},
				"2024-07-20": {
					"avg": 270,
					"count": 2,
					"min": 270,
					"max": 270
				},
				"2024-07-22": {
					"avg": 75,
					"count": 1,
					"min": 75,
					"max": 75
				},
				"2024-07-23": {
					"avg": 114,
					"count": 7,
					"min": 114,
					"max": 114
				},
				"2024-07-24": {
					"avg": 19,
					"count": 1,
					"min": 19,
					"max": 19
				},
				"2024-07-27": {
					"avg": 25,
					"count": 1,
					"min": 25,
					"max": 25
				},
				"2024-07-28": {
					"avg": 210,
					"count": 1,
					"min": 210,
					"max": 210
				},
				"2024-07-30": {
					"avg": 189,
					"count": 1,
					"min": 189,
					"max": 189
				},
				"2024-07-31": {
					"avg": 18,
					"count": 1,
					"min": 18,
					"max": 18
				},
				"2024-08-01": {
					"avg": 118,
					"count": 1,
					"min": 118,
					"max": 118
				},
				"2024-08-03": {
					"avg": 21,
					"count": 1,
					"min": 21,
					"max": 21
				},
				"2024-08-16": {
					"avg": 152,
					"count": 3,
					"min": 152,
					"max": 152
				},
				"2024-08-19": {
					"avg": 30,
					"count": 2,
					"min": 30,
					"max": 30
				},
				"2024-08-23": {
					"avg": 146,
					"count": 1,
					"min": 146,
					"max": 146
				},
				"2024-09-02": {
					"avg": 151,
					"count": 1,
					"min": 151,
					"max": 151
				},
				"2024-09-04": {
					"avg": 62,
					"count": 1,
					"min": 62,
					"max": 62
				},
				"2024-09-06": {
					"avg": 84,
					"count": 2,
					"min": 22,
					"max": 146
				},
				"2024-09-13": {
					"avg": 20,
					"count": 1,
					"min": 20,
					"max": 20
				},
				"2024-09-21": {
					"avg": 21,
					"count": 1,
					"min": 21,
					"max": 21
				},
				"2024-09-22": {
					"avg": 22,
					"count": 1,
					"min": 22,
					"max": 22
				}
			},
			"avg": 113,
			"avg7": -1,
			"avg28": -1
		}
	}
}