{
	"data": {
		"normal-good": {
			"history": {
				"2022-11-12": {
					"avg": 113,
					"count": 2
				},
				"2022-11-13": {
					"avg": 82,
					"count": 4
				},
				"2022-11-14": {
					"avg": 72,
					"count": 3
				},
				"2022-11-15": {
					"avg": 78,
					"count": 4
				},
				"2022-11-16": {
					"avg": 93,
					"count": 103
				},
				"2022-11-17": {
					"avg": 178,
					"count": 6
				},
				"2022-11-18": {
					"avg": 150,
					"count": 1
				},
				"2022-11-19": {
					"avg": 101,
					"count": 3,
					"min": 32,
					"max": 156
				},
				"2022-11-20": {
					"avg": 125,
					"count": 1,
					"min": 125,
					"max": 125
				},
				"2022-11-22": {
					"avg": 827,
					"count": 6,
					"min": 827,
					"max": 827
				},
				"2022-11-23": {
					"avg": 154,
					"count": 3,
					"min": 13,
					"max": 225
				},
				"2022-11-24": {
					"avg": 20,
					"count": 2,
					"min": 20,
					"max": 20
				},
				"2022-11-25": {
					"avg": 54,
					"count": 16,
					"min": 20,
					"max": 67
				},
				"2022-11-26": {
					"avg": 701,
					"count": 19,
					"min": 24,
					"max": 823
				},
				"2022-11-27": {
					"avg": 24,
					"count": 5,
					"min": 24,
					"max": 24
				},
				"2022-11-28": {
					"avg": 100,
					"count": 11,
					"min": 24,
					"max": 113
				},
				"2022-11-29": {
					"avg": 130,
					"count": 5,
					"min": 29,
					"max": 219
				},
				"2022-11-30": {
					"avg": 8,
					"count": 1,
					"min": 8,
					"max": 8
				},
				"2022-12-01": {
					"avg": 35,
					"count": 2,
					"min": 20,
					"max": 49
				},
				"2022-12-02": {
					"avg": 24,
					"count": 2,
					"min": 20,
					"max": 27
				},
				"2022-12-03": {
					"avg": 133,
					"count": 2,
					"min": 106,
					"max": 159
				},
				"2022-12-04": {
					"avg": 79,
					"count": 5,
					"min": 25,
					"max": 159
				},
				"2022-12-05": {
					"avg": 27,
					"count": 128,
					"min": 18,
					"max": 208
				},
				"2022-12-06": {
					"avg": 823,
					"count": 1,
					"min": 823,
					"max": 823
				},
				"2022-12-07": {
					"avg": 35,
					"count": 10,
					"min": 15,
					"max": 104
				},
				"2022-12-09": {
					"avg": 113,
					"count": 8,
					"min": 25,
					"max": 250
				},
				"2022-12-10": {
					"avg": 115,
					"count": 8,
					"min": 106,
					"max": 117
				},
				"2022-12-11": {
					"avg": 206,
					"count": 3,
					"min": 82,
					"max": 310
				},
				"2022-12-12": {
					"avg": 199,
					"count": 1,
					"min": 199,
					"max": 199
				},
				"2022-12-13": {
					"avg": 125,
					"count": 13,
					"min": 32,
					"max": 197
				},
				"2022-12-14": {
					"avg": 32,
					"count": 1,
					"min": 32,
					"max": 32
				},
				"2022-12-15": {
					"avg": 136,
					"count": 12,
					"min": 17,
					"max": 694
				},
				"2022-12-16": {
					"avg": 127,
					"count": 17,
					"min": 49,
					"max": 298
				},
				"2022-12-17": {
					"avg": 75,
					"count": 6,
					"min": 25,
					"max": 124
				},
				"2022-12-18": {
					"avg": 15,
					"count": 1,
					"min": 15,
					"max": 15
				},
				"2022-12-19": {
					"avg": 263,
					"count": 3,
					"min": 263,
					"max": 263
				},
				"2022-12-20": {
					"avg": 217,
					"count": 2,
					"min": 27,
					"max": 407
				},
				"2022-12-21": {
					"avg": 268,
					"count": 3,
					"min": 125,
					"max": 450
				},
				"2022-12-22": {
					"avg": 32,
					"count": 5,
					"min": 32,
					"max": 32
				},
				"2022-12-23": {
					"avg": 65,
					"count": 8,
					"min": 15,
					"max": 199
				},
				"2022-12-24": {
					"avg": 188,
					"count": 13,
					"min": 29,
					"max": 287
				},
				"2022-12-25": {
					"avg": 123,
					"count": 2,
					"min": 49,
					"max": 197
				},
				"2022-12-27": {
					"avg": 91,
					"count": 6,
					"min": 9,
					"max": 110
				},
				"2022-12-28": {
					"avg": 123,
					"count": 3,
					"min": 107,
					"max": 143
				},
				"2022-12-29": {
					"avg": 38,
					"count": 1,
					"min": 38,
					"max": 38
				},
				"2022-12-30": {
					"avg": 75,
					"count": 13,
					"min": 20,
					"max": 520
				},
				"2022-12-31": {
					"avg": 118,
					"count": 1,
					"min": 118,
					"max": 118
				},
				"2023-01-01": {
					"avg": 149,
					"count": 5,
					"min": 49,
					"max": 199
				},
				"2023-01-02": {
					"avg": 214,
					"count": 100,
					"min": 29,
					"max": 537
				},
				"2023-01-03": {
					"avg": 80,
					"count": 4,
					"min": 25,
					"max": 138
				},
				"2023-01-04": {
					"avg": 12,
					"count": 3,
					"min": 8,
					"max": 20
				},
				"2023-01-05": {
					"avg": 109,
					"count": 7,
					"min": 20,
					"max": 219
				},
				"2023-01-06": {
					"avg": 39,
					"count": 7,
					"min": 15,
					"max": 119
				},
				"2023-01-07": {
					"avg": 105,
					"count": 8,
					"min": 15,
					"max": 197
				},
				"2023-01-08": {
					"avg": 25,
					"count": 1,
					"min": 25,
					"max": 25
				},
				"2023-01-09": {
					"avg": 104,
					"count": 13,
					"min": 16,
					"max": 125
				},
				"2023-01-10": {
					"avg": 93,
					"count": 4,
					"min": 20,
					"max": 138
				},
				"2023-01-11": {
					"avg": 138,
					"count": 4,
					"min": 25,
					"max": 176
				},
				"2023-01-12": {
					"avg": 79,
					"count": 5,
					"min": 16,
					"max": 197
				},
				"2023-02-06": {
					"avg": 49,
					"count": 19,
					"min": 20,
					"max": 184
				},
				"2023-02-07": {
					"avg": 217,
					"count": 6,
					"min": 149,
					"max": 356
				},
				"2023-02-08": {
					"avg": 225,
					"count": 7,
					"min": 116,
					"max": 531
				},
				"2023-02-10": {
					"avg": 235,
					"count": 1,
					"min": 235,
					"max": 235
				},
				"2023-02-11": {
					"avg": 102,
					"count": 9,
					"min": 20,
					"max": 184
				},
				"2023-02-12": {
					"avg": 90,
					"count": 9,
					"min": 19,
					"max": 125
				},
				"2023-02-13": {
					"avg": 134,
					"count": 3,
					"min": 102,
					"max": 197
				},
				"2023-02-14": {
					"avg": 409,
					"count": 2,
					"min": 119,
					"max": 699
				},
				"2023-02-15": {
					"avg": 41,
					"count": 5,
					"min": 20,
					"max": 69
				},
				"2023-02-17": {
					"avg": 224,
					"count": 2,
					"min": 199,
					"max": 248
				},
				"2023-02-18": {
					"avg": 125,
					"count": 3,
					"min": 38,
					"max": 298
				},
				"2023-02-19": {
					"avg": 81,
					"count": 2,
					"min": 38,
					"max": 124
				},
				"2023-02-20": {
					"avg": 130,
					"count": 9,
					"min": 20,
					"max": 225
				},
				"2023-02-21": {
					"avg": 43,
					"count": 7,
					"min": 20,
					"max": 144
				},
				"2023-02-22": {
					"avg": 206,
					"count": 2,
					"min": 38,
					"max": 374
				},
				"2023-02-23": {
					"avg": 155,
					"count": 4,
					"min": 99,
					"max": 181
				},
				"2023-02-24": {
					"avg": 126,
					"count": 3,
					"min": 43,
					"max": 225
				},
				"2023-02-26": {
					"avg": 114,
					"count": 6,
					"min": 15,
					"max": 474
				},
				"2023-02-27": {
					"avg": 328,
					"count": 2,
					"min": 119,
					"max": 537
				},
				"2023-02-28": {
					"avg": 150,
					"count": 17,
					"min": 146,
					"max": 184
				},
				"2023-03-01": {
					"avg": 37,
					"count": 1,
					"min": 37,
					"max": 37
				},
				"2023-03-02": {
					"avg": 196,
					"count": 9,
					"min": 20,
					"max": 798
				},
				"2023-03-03": {
					"avg": 89,
					"count": 4,
					"min": 20,
					"max": 184
				},
				"2023-03-04": {
					"avg": 100,
					"count": 4,
					"min": 30,
					"max": 185
				},
				"2023-03-05": {
					"avg": 36,
					"count": 2,
					"min": 26,
					"max": 45
				},
				"2023-03-06": {
					"avg": 25,
					"count": 4,
					"min": 25,
					"max": 25
				},
				"2023-03-07": {
					"avg": 74,
					"count": 2,
					"min": 35,
					"max": 114
				},
				"2023-03-09": {
					"avg": 33,
					"count": 4,
					"min": 26,
					"max": 37
				},
				"2023-03-10": {
					"avg": 90,
					"count": 5,
					"min": 36,
					"max": 132
				},
				"2023-03-11": {
					"avg": 186,
					"count": 4,
					"min": 149,
					"max": 200
				},
				"2023-03-12": {
					"avg": 61,
					"count": 4,
					"min": 20,
					"max": 184
				},
				"2023-03-13": {
					"avg": 148,
					"count": 2,
					"min": 98,
					"max": 197
				},
				"2023-03-14": {
					"avg": 333,
					"count": 9,
					"min": 8,
					"max": 1983
				},
				"2023-03-15": {
					"avg": 119,
					"count": 2,
					"min": 118,
					"max": 119
				},
				"2023-03-16": {
					"avg": 248,
					"count": 3,
					"min": 21,
					"max": 528
				},
				"2023-03-17": {
					"avg": 18,
					"count": 1,
					"min": 18,
					"max": 18
				},
				"2023-03-18": {
					"avg": 137,
					"count": 3,
					"min": 119,
					"max": 160
				},
				"2023-03-19": {
					"avg": 197,
					"count": 1,
					"min": 197,
					"max": 197
				},
				"2023-03-20": {
					"avg": 144,
					"count": 4,
					"min": 130,
					"max": 184
				},
				"2023-03-21": {
					"avg": 395,
					"count": 1,
					"min": 395,
					"max": 395
				},
				"2023-03-22": {
					"avg": 341,
					"count": 59,
					"min": 335,
					"max": 346
				},
				"2023-03-23": {
					"avg": 196,
					"count": 1,
					"min": 196,
					"max": 196
				},
				"2023-03-24": {
					"avg": 118,
					"count": 19,
					"min": 37,
					"max": 124
				},
				"2023-03-26": {
					"avg": 116,
					"count": 1,
					"min": 116,
					"max": 116
				},
				"2023-03-27": {
					"avg": 123,
					"count": 1,
					"min": 123,
					"max": 123
				},
				"2023-03-28": {
					"avg": 174,
					"count": 5,
					"min": 23,
					"max": 395
				},
				"2023-03-29": {
					"avg": 158,
					"count": 4,
					"min": 119,
					"max": 244
				},
				"2023-03-31": {
					"avg": 130,
					"count": 21,
					"min": 33,
					"max": 199
				},
				"2023-04-01": {
					"avg": 195,
					"count": 12,
					"min": 30,
					"max": 395
				},
				"2023-04-02": {
					"avg": 37,
					"count": 2,
					"min": 32,
					"max": 41
				},
				"2023-04-03": {
					"avg": 295,
					"count": 69,
					"min": 248,
					"max": 324
				},
				"2023-04-04": {
					"avg": 22,
					"count": 6,
					"min": 12,
					"max": 38
				},
				"2023-04-05": {
					"avg": 125,
					"count": 5,
					"min": 12,
					"max": 424
				},
				"2023-04-06": {
					"avg": 23,
					"count": 23,
					"min": 20,
					"max": 45
				},
				"2023-04-07": {
					"avg": 212,
					"count": 3,
					"min": 49,
					"max": 529
				},
				"2023-04-08": {
					"avg": 250,
					"count": 1,
					"min": 250,
					"max": 250
				},
				"2023-04-09": {
					"avg": 20,
					"count": 6,
					"min": 20,
					"max": 22
				},
				"2023-04-10": {
					"avg": 147,
					"count": 3,
					"min": 119,
					"max": 197
				},
				"2023-04-11": {
					"avg": 139,
					"count": 2,
					"min": 50,
					"max": 228
				},
				"2023-04-12": {
					"avg": 84,
					"count": 2,
					"min": 49,
					"max": 119
				},
				"2023-04-13": {
					"avg": 45,
					"count": 1,
					"min": 45,
					"max": 45
				},
				"2023-04-14": {
					"avg": 170,
					"count": 1,
					"min": 170,
					"max": 170
				},
				"2023-04-15": {
					"avg": 169,
					"count": 4,
					"min": 114,
					"max": 315
				},
				"2023-04-16": {
					"avg": 50,
					"count": 1,
					"min": 50,
					"max": 50
				},
				"2023-04-17": {
					"avg": 354,
					"count": 7,
					"min": 132,
					"max": 424
				},
				"2023-04-18": {
					"avg": 271,
					"count": 3,
					"min": 105,
					"max": 524
				},
				"2023-04-19": {
					"avg": 249,
					"count": 3,
					"min": 49,
					"max": 648
				},
				"2023-04-20": {
					"avg": 10,
					"count": 2,
					"min": 10,
					"max": 10
				},
				"2023-04-21": {
					"avg": 47,
					"count": 7,
					"min": 10,
					"max": 148
				},
				"2023-04-22": {
					"avg": 176,
					"count": 4,
					"min": 49,
					"max": 299
				},
				"2023-04-23": {
					"avg": 174,
					"count": 4,
					"min": 19,
					"max": 577
				},
				"2023-04-25": {
					"avg": 162,
					"count": 5,
					"min": 35,
					"max": 283
				},
				"2023-04-26": {
					"avg": 137,
					"count": 3,
					"min": 67,
					"max": 278
				},
				"2023-04-29": {
					"avg": 111,
					"count": 1,
					"min": 111,
					"max": 111
				},
				"2023-05-01": {
					"avg": 97,
					"count": 2,
					"min": 45,
					"max": 148
				},
				"2023-05-02": {
					"avg": 791,
					"count": 29,
					"min": 23,
					"max": 844
				},
				"2023-05-03": {
					"avg": 63,
					"count": 2,
					"min": 26,
					"max": 99
				},
				"2023-05-05": {
					"avg": 119,
					"count": 6,
					"min": 94,
					"max": 198
				},
				"2023-05-06": {
					"avg": 305,
					"count": 2,
					"min": 27,
					"max": 583
				},
				"2023-05-07": {
					"avg": 96,
					"count": 29,
					"min": 15,
					"max": 536
				},
				"2023-05-08": {
					"avg": 232,
					"count": 7,
					"min": 125,
					"max": 537
				},
				"2023-05-09": {
					"avg": 61,
					"count": 10,
					"min": 25,
					"max": 197
				},
				"2023-05-10": {
					"avg": 75,
					"count": 2,
					"min": 25,
					"max": 125
				},
				"2023-05-11": {
					"avg": 175,
					"count": 2,
					"min": 50,
					"max": 299
				},
				"2023-05-12": {
					"avg": 91,
					"count": 3,
					"min": 25,
					"max": 223
				},
				"2023-05-14": {
					"avg": 91,
					"count": 18,
					"min": 17,
					"max": 110
				},
				"2023-05-15": {
					"avg": 33,
					"count": 2,
					"min": 32,
					"max": 34
				},
				"2023-05-16": {
					"avg": 25,
					"count": 1,
					"min": 25,
					"max": 25
				},
				"2023-05-17": {
					"avg": 76,
					"count": 2,
					"min": 27,
					"max": 124
				},
				"2023-05-19": {
					"avg": 84,
					"count": 10,
					"min": 25,
					"max": 126
				},
				"2023-05-20": {
					"avg": 111,
					"count": 1,
					"min": 111,
					"max": 111
				},
				"2023-05-21": {
					"avg": 199,
					"count": 1,
					"min": 199,
					"max": 199
				},
				"2023-05-22": {
					"avg": 55,
					"count": 2,
					"min": 30,
					"max": 79
				},
				"2023-05-23": {
					"avg": 86,
					"count": 5,
					"min": 27,
					"max": 210
				},
				"2023-05-24": {
					"avg": 109,
					"count": 12,
					"min": 23,
					"max": 199
				},
				"2023-05-25": {
					"avg": 107,
					"count": 1,
					"min": 107,
					"max": 107
				},
				"2023-05-26": {
					"avg": 184,
					"count": 2,
					"min": 69,
					"max": 299
				},
				"2023-05-27": {
					"avg": 99,
					"count": 16,
					"min": 23,
					"max": 278
				},
				"2023-05-28": {
					"avg": 81,
					"count": 2,
					"min": 50,
					"max": 111
				},
				"2023-05-29": {
					"avg": 57,
					"count": 8,
					"min": 27,
					"max": 179
				},
				"2023-05-31": {
					"avg": 225,
					"count": 1,
					"min": 225,
					"max": 225
				},
				"2023-06-01": {
					"avg": 124,
					"count": 194,
					"min": 25,
					"max": 537
				},
				"2023-06-02": {
					"avg": 167,
					"count": 2,
					"min": 35,
					"max": 299
				},
				"2023-06-03": {
					"avg": 149,
					"count": 3,
					"min": 35,
					"max": 215
				},
				"2023-06-04": {
					"avg": 119,
					"count": 2,
					"min": 38,
					"max": 199
				},
				"2023-06-05": {
					"avg": 225,
					"count": 1,
					"min": 225,
					"max": 225
				},
				"2023-06-06": {
					"avg": 112,
					"count": 4,
					"min": 38,
					"max": 199
				},
				"2023-06-07": {
					"avg": 85,
					"count": 3,
					"min": 51,
					"max": 110
				},
				"2023-06-08": {
					"avg": 111,
					"count": 1,
					"min": 111,
					"max": 111
				},
				"2023-06-09": {
					"avg": 38,
					"count": 1,
					"min": 38,
					"max": 38
				},
				"2023-06-10": {
					"avg": 101,
					"count": 4,
					"min": 38,
					"max": 213
				},
				"2023-06-11": {
					"avg": 67,
					"count": 3,
					"min": 25,
					"max": 150
				},
				"2023-06-12": {
					"avg": 169,
					"count": 34,
					"min": 6,
					"max": 174
				},
				"2023-06-13": {
					"avg": 433,
					"count": 1,
					"min": 433,
					"max": 433
				},
				"2023-06-14": {
					"avg": 122,
					"count": 4,
					"min": 35,
					"max": 297
				},
				"2023-06-15": {
					"avg": 365,
					"count": 3,
					"min": 197,
					"max": 571
				},
				"2023-06-16": {
					"avg": 31,
					"count": 2,
					"min": 25,
					"max": 36
				},
				"2023-06-17": {
					"avg": 46,
					"count": 17,
					"min": 32,
					"max": 199
				},
				"2023-06-18": {
					"avg": 158,
					"count": 24,
					"min": 41,
					"max": 179
				},
				"2023-06-20": {
					"avg": 45,
					"count": 5,
					"min": 37,
					"max": 75
				},
				"2023-06-21": {
					"avg": 218,
					"count": 2,
					"min": 37,
					"max": 399
				},
				"2023-06-22": {
					"avg": 155,
					"count": 5,
					"min": 17,
					"max": 424
				},
				"2023-06-23": {
					"avg": 189,
					"count": 8,
					"min": 17,
					"max": 441
				},
				"2023-06-24": {
					"avg": 52,
					"count": 2,
					"min": 20,
					"max": 84
				},
				"2023-06-25": {
					"avg": 108,
					"count": 2,
					"min": 17,
					"max": 199
				},
				"2023-06-26": {
					"avg": 122,
					"count": 5,
					"min": 111,
					"max": 151
				},
				"2023-06-27": {
					"avg": 199,
					"count": 1,
					"min": 199,
					"max": 199
				},
				"2023-06-28": {
					"avg": 20,
					"count": 1,
					"min": 20,
					"max": 20
				},
				"2023-06-29": {
					"avg": 81,
					"count": 5,
					"min": 11,
					"max": 173
				},
				"2023-06-30": {
					"avg": 353,
					"count": 11,
					"min": 36,
					"max": 419
				},
				"2023-07-01": {
					"avg": 135,
					"count": 1,
					"min": 135,
					"max": 135
				},
				"2023-07-02": {
					"avg": 256,
					"count": 4,
					"min": 47,
					"max": 427
				},
				"2023-07-03": {
					"avg": 68,
					"count": 3,
					"min": 35,
					"max": 134
				},
				"2023-07-04": {
					"avg": 36,
					"count": 51,
					"min": 20,
					"max": 199
				},
				"2023-07-05": {
					"avg": 30,
					"count": 1,
					"min": 30,
					"max": 30
				},
				"2023-07-06": {
					"avg": 390,
					"count": 3,
					"min": 30,
					"max": 974
				},
				"2023-07-07": {
					"avg": 112,
					"count": 5,
					"min": 30,
					"max": 225
				},
				"2023-07-08": {
					"avg": 60,
					"count": 5,
					"min": 19,
					"max": 120
				},
				"2023-07-09": {
					"avg": 87,
					"count": 2,
					"min": 47,
					"max": 127
				},
				"2023-07-10": {
					"avg": 272,
					"count": 4,
					"min": 30,
					"max": 495
				},
				"2023-07-11": {
					"avg": 11,
					"count": 3,
					"min": 11,
					"max": 11
				},
				"2023-07-12": {
					"avg": 31,
					"count": 2,
					"min": 31,
					"max": 31
				},
				"2023-07-13": {
					"avg": 524,
					"count": 1,
					"min": 524,
					"max": 524
				},
				"2023-07-14": {
					"avg": 270,
					"count": 4,
					"min": 119,
					"max": 568
				},
				"2023-07-15": {
					"avg": 74,
					"count": 4,
					"min": 23,
					"max": 197
				},
				"2023-07-16": {
					"avg": 67,
					"count": 4,
					"min": 29,
					"max": 114
				},
				"2023-07-17": {
					"avg": 125,
					"count": 5,
					"min": 108,
					"max": 194
				},
				"2023-07-18": {
					"avg": 131,
					"count": 2,
					"min": 117,
					"max": 144
				},
				"2023-07-19": {
					"avg": 153,
					"count": 11,
					"min": 15,
					"max": 613
				},
				"2023-07-20": {
					"avg": 66,
					"count": 9,
					"min": 24,
					"max": 289
				},
				"2023-07-21": {
					"avg": 100,
					"count": 2,
					"min": 100,
					"max": 100
				},
				"2023-07-22": {
					"avg": 110,
					"count": 2,
					"min": 20,
					"max": 199
				},
				"2023-07-23": {
					"avg": 142,
					"count": 3,
					"min": 34,
					"max": 196
				},
				"2023-07-24": {
					"avg": 78,
					"count": 4,
					"min": 34,
					"max": 100
				},
				"2023-07-25": {
					"avg": 156,
					"count": 14,
					"min": 24,
					"max": 413
				},
				"2023-07-26": {
					"avg": 113,
					"count": 2,
					"min": 110,
					"max": 116
				},
				"2023-07-28": {
					"avg": 72,
					"count": 1,
					"min": 72,
					"max": 72
				},
				"2023-07-29": {
					"avg": 116,
					"count": 7,
					"min": 22,
					"max": 277
				},
				"2023-07-30": {
					"avg": 476,
					"count": 8,
					"min": 52,
					"max": 1053
				},
				"2023-07-31": {
					"avg": 291,
					"count": 3,
					"min": 10,
					"max": 823
				},
				"2023-08-01": {
					"avg": 249,
					"count": 8,
					"min": 79,
					"max": 499
				},
				"2023-08-02": {
					"avg": 37,
					"count": 7,
					"min": 19,
					"max": 110
				},
				"2023-08-03": {
					"avg": 73,
					"count": 2,
					"min": 29,
					"max": 117
				},
				"2023-08-04": {
					"avg": 61,
					"count": 3,
					"min": 20,
					"max": 122
				},
				"2023-08-05": {
					"avg": 91,
					"count": 4,
					"min": 16,
					"max": 212
				},
				"2023-08-06": {
					"avg": 108,
					"count": 2,
					"min": 17,
					"max": 199
				},
				"2023-08-07": {
					"avg": 339,
					"count": 40,
					"min": 29,
					"max": 599
				},
				"2023-08-08": {
					"avg": 77,
					"count": 7,
					"min": 47,
					"max": 118
				},
				"2023-08-09": {
					"avg": 97,
					"count": 5,
					"min": 20,
					"max": 119
				},
				"2023-08-10": {
					"avg": 70,
					"count": 5,
					"min": 29,
					"max": 119
				},
				"2023-08-11": {
					"avg": 63,
					"count": 3,
					"min": 30,
					"max": 110
				},
				"2023-08-12": {
					"avg": 120,
					"count": 8,
					"min": 25,
					"max": 195
				},
				"2023-08-14": {
					"avg": 191,
					"count": 7,
					"min": 15,
					"max": 504
				},
				"2023-08-15": {
					"avg": 33,
					"count": 2,
					"min": 25,
					"max": 40
				},
				"2023-08-16": {
					"avg": 201,
					"count": 10,
					"min": 117,
					"max": 515
				},
				"2023-08-17": {
					"avg": 23,
					"count": 1,
					"min": 23,
					"max": 23
				},
				"2023-08-18": {
					"avg": 70,
					"count": 2,
					"min": 16,
					"max": 124
				},
				"2023-08-19": {
					"avg": 129,
					"count": 5,
					"min": 25,
					"max": 223
				},
				"2023-08-20": {
					"avg": 77,
					"count": 6,
					"min": 20,
					"max": 147
				},
				"2023-08-21": {
					"avg": 53,
					"count": 4,
					"min": 42,
					"max": 86
				},
				"2023-08-23": {
					"avg": 748,
					"count": 4,
					"min": 117,
					"max": 2272
				},
				"2023-08-24": {
					"avg": 204,
					"count": 7,
					"min": 97,
					"max": 472
				},
				"2023-08-25": {
					"avg": 130,
					"count": 11,
					"min": 20,
					"max": 424
				},
				"2023-08-26": {
					"avg": 49,
					"count": 1,
					"min": 49,
					"max": 49
				},
				"2023-08-27": {
					"avg": 72,
					"count": 3,
					"min": 30,
					"max": 145
				},
				"2023-08-28": {
					"avg": 95,
					"count": 4,
					"min": 35,
					"max": 199
				},
				"2023-08-29": {
					"avg": 98,
					"count": 1,
					"min": 98,
					"max": 98
				},
				"2023-08-30": {
					"avg": 40,
					"count": 2,
					"min": 37,
					"max": 42
				},
				"2023-08-31": {
					"avg": 65,
					"count": 2,
					"min": 31,
					"max": 99
				},
				"2023-09-01": {
					"avg": 117,
					"count": 1,
					"min": 117,
					"max": 117
				},
				"2023-09-03": {
					"avg": 144,
					"count": 2,
					"min": 25,
					"max": 263
				},
				"2023-09-04": {
					"avg": 29,
					"count": 2,
					"min": 29,
					"max": 29
				},
				"2023-09-05": {
					"avg": 225,
					"count": 1,
					"min": 225,
					"max": 225
				},
				"2023-09-06": {
					"avg": 171,
					"count": 1,
					"min": 171,
					"max": 171
				},
				"2023-09-07": {
					"avg": 27,
					"count": 1,
					"min": 27,
					"max": 27
				},
				"2023-09-08": {
					"avg": 168,
					"count": 3,
					"min": 120,
					"max": 254
				},
				"2023-09-09": {
					"avg": 55,
					"count": 3,
					"min": 22,
					"max": 114
				},
				"2023-09-10": {
					"avg": 585,
					"count": 2,
					"min": 124,
					"max": 1045
				},
				"2023-09-11": {
					"avg": 138,
					"count": 1,
					"min": 138,
					"max": 138
				},
				"2023-09-12": {
					"avg": 72,
					"count": 6,
					"min": 27,
					"max": 124
				},
				"2023-09-13": {
					"avg": 446,
					"count": 4,
					"min": 244,
					"max": 598
				},
				"2023-09-14": {
					"avg": 162,
					"count": 5,
					"min": 98,
					"max": 244
				},
				"2023-09-15": {
					"avg": 174,
					"count": 3,
					"min": 123,
					"max": 199
				},
				"2023-09-16": {
					"avg": 469,
					"count": 36,
					"min": 26,
					"max": 509
				},
				"2023-09-17": {
					"avg": 42,
					"count": 2,
					"min": 40,
					"max": 43
				},
				"2023-09-18": {
					"avg": 68,
					"count": 3,
					"min": 29,
					"max": 147
				},
				"2023-09-19": {
					"avg": 86,
					"count": 2,
					"min": 30,
					"max": 142
				},
				"2023-09-20": {
					"avg": 23,
					"count": 2,
					"min": 20,
					"max": 25
				},
				"2023-09-21": {
					"avg": 509,
					"count": 1,
					"min": 509,
					"max": 509
				},
				"2023-09-22": {
					"avg": 68,
					"count": 2,
					"min": 20,
					"max": 116
				},
				"2023-09-23": {
					"avg": 49,
					"count": 10,
					"min": 25,
					"max": 154
				},
				"2023-09-25": {
					"avg": 78,
					"count": 11,
					"min": 25,
					"max": 124
				},
				"2023-09-26": {
					"avg": 168,
					"count": 5,
					"min": 25,
					"max": 521
				},
				"2023-09-28": {
					"avg": 25,
					"count": 2,
					"min": 25,
					"max": 25
				},
				"2023-09-29": {
					"avg": 28,
					"count": 43,
					"min": 25,
					"max": 108
				},
				"2023-09-30": {
					"avg": 143,
					"count": 6,
					"min": 25,
					"max": 441
				},
				"2023-10-01": {
					"avg": 129,
					"count": 2,
					"min": 124,
					"max": 134
				},
				"2023-10-02": {
					"avg": 119,
					"count": 3,
					"min": 25,
					"max": 219
				},
				"2023-10-04": {
					"avg": 189,
					"count": 3,
					"min": 50,
					"max": 285
				},
				"2023-10-05": {
					"avg": 98,
					"count": 3,
					"min": 46,
					"max": 200
				},
				"2023-10-06": {
					"avg": 99,
					"count": 8,
					"min": 24,
					"max": 225
				},
				"2023-10-08": {
					"avg": 179,
					"count": 6,
					"min": 50,
					"max": 541
				},
				"2023-10-09": {
					"avg": 88,
					"count": 13,
					"min": 17,
					"max": 205
				},
				"2023-10-10": {
					"avg": 42,
					"count": 1,
					"min": 42,
					"max": 42
				},
				"2023-10-11": {
					"avg": 56,
					"count": 3,
					"min": 24,
					"max": 119
				},
				"2023-10-12": {
					"avg": 93,
					"count": 1,
					"min": 93,
					"max": 93
				},
				"2023-10-13": {
					"avg": 36,
					"count": 6,
					"min": 15,
					"max": 50
				},
				"2023-10-14": {
					"avg": 145,
					"count": 1,
					"min": 145,
					"max": 145
				},
				"2023-10-16": {
					"avg": 118,
					"count": 3,
					"min": 47,
					"max": 208
				},
				"2023-10-17": {
					"avg": 23,
					"count": 1,
					"min": 23,
					"max": 23
				},
				"2023-10-18": {
					"avg": 141,
					"count": 5,
					"min": 139,
					"max": 147
				},
				"2023-10-19": {
					"avg": 42,
					"count": 26,
					"min": 24,
					"max": 201
				},
				"2023-10-20": {
					"avg": 132,
					"count": 29,
					"min": 39,
					"max": 239
				},
				"2023-10-21": {
					"avg": 27,
					"count": 3,
					"min": 24,
					"max": 34
				},
				"2023-10-22": {
					"avg": 112,
					"count": 2,
					"min": 25,
					"max": 199
				},
				"2023-10-24": {
					"avg": 77,
					"count": 2,
					"min": 39,
					"max": 116
				},
				"2023-10-25": {
					"avg": 63,
					"count": 2,
					"min": 25,
					"max": 100
				},
				"2023-10-26": {
					"avg": 25,
					"count": 1,
					"min": 25,
					"max": 25
				},
				"2023-10-27": {
					"avg": 67,
					"count": 2,
					"min": 34,
					"max": 99
				},
				"2023-10-28": {
					"avg": 120,
					"count": 16,
					"min": 20,
					"max": 318
				},
				"2023-10-29": {
					"avg": 93,
					"count": 3,
					"min": 40,
					"max": 148
				},
				"2023-10-30": {
					"avg": 426,
					"count": 6,
					"min": 79,
					"max": 1648
				},
				"2023-10-31": {
					"avg": 49,
					"count": 4,
					"min": 15,
					"max": 139
				},
				"2023-11-01": {
					"avg": 25,
					"count": 1,
					"min": 25,
					"max": 25
				},
				"2023-11-02": {
					"avg": 42,
					"count": 1,
					"min": 42,
					"max": 42
				},
				"2023-11-03": {
					"avg": 90,
					"count": 6,
					"min": 9,
					"max": 164
				},
				"2023-11-04": {
					"avg": 320,
					"count": 2,
					"min": 148,
					"max": 492
				},
				"2023-11-05": {
					"avg": 449,
					"count": 1,
					"min": 449,
					"max": 449
				},
				"2023-11-06": {
					"avg": 204,
					"count": 2,
					"min": 100,
					"max": 308
				},
				"2023-11-07": {
					"avg": 234,
					"count": 2,
					"min": 180,
					"max": 287
				},
				"2023-11-09": {
					"avg": 38,
					"count": 6,
					"min": 27,
					"max": 95
				},
				"2023-11-10": {
					"avg": 165,
					"count": 23,
					"min": 134,
					"max": 278
				},
				"2023-11-11": {
					"avg": 35,
					"count": 3,
					"min": 25,
					"max": 50
				},
				"2023-11-12": {
					"avg": 192,
					"count": 1,
					"min": 192,
					"max": 192
				},
				"2023-11-13": {
					"avg": 194,
					"count": 1,
					"min": 194,
					"max": 194
				},
				"2023-11-14": {
					"avg": 73,
					"count": 3,
					"min": 21,
					"max": 149
				},
				"2023-11-15": {
					"avg": 63,
					"count": 3,
					"min": 41,
					"max": 98
				},
				"2023-11-16": {
					"avg": 27,
					"count": 1,
					"min": 27,
					"max": 27
				},
				"2023-11-17": {
					"avg": 222,
					"count": 1,
					"min": 222,
					"max": 222
				},
				"2023-11-18": {
					"avg": 260,
					"count": 2,
					"min": 19,
					"max": 500
				},
				"2023-11-19": {
					"avg": 39,
					"count": 2,
					"min": 39,
					"max": 39
				},
				"2023-11-20": {
					"avg": 205,
					"count": 3,
					"min": 68,
					"max": 299
				},
				"2023-11-21": {
					"avg": 196,
					"count": 3,
					"min": 20,
					"max": 548
				},
				"2023-11-22": {
					"avg": 42,
					"count": 1,
					"min": 42,
					"max": 42
				},
				"2023-11-23": {
					"avg": 373,
					"count": 76,
					"min": 39,
					"max": 898
				},
				"2023-11-24": {
					"avg": 212,
					"count": 40,
					"min": 19,
					"max": 460
				},
				"2023-11-25": {
					"avg": 100,
					"count": 3,
					"min": 100,
					"max": 100
				},
				"2023-11-26": {
					"avg": 130,
					"count": 4,
					"min": 43,
					"max": 314
				},
				"2023-11-27": {
					"avg": 240,
					"count": 4,
					"min": 119,
					"max": 347
				},
				"2024-05-15": {
					"avg": 162,
					"count": 1,
					"min": 162,
					"max": 162
				},
				"2024-05-16": {
					"avg": 71,
					"count": 5,
					"min": 18,
					"max": 141
				},
				"2024-05-17": {
					"avg": 154,
					"count": 78,
					"min": 19,
					"max": 521
				},
				"2024-05-18": {
					"avg": 188,
					"count": 31,
					"min": 19,
					"max": 416
				},
				"2024-05-19": {
					"avg": 59,
					"count": 4,
					"min": 25,
					"max": 124
				},
				"2024-05-20": {
					"avg": 101,
					"count": 4,
					"min": 43,
					"max": 147
				},
				"2024-05-21": {
					"avg": 90,
					"count": 4,
					"min": 30,
					"max": 136
				},
				"2024-05-22": {
					"avg": 83,
					"count": 2,
					"min": 25,
					"max": 140
				},
				"2024-05-23": {
					"avg": 179,
					"count": 3,
					"min": 100,
					"max": 290
				},
				"2024-05-24": {
					"avg": 25,
					"count": 1,
					"min": 25,
					"max": 25
				},
				"2024-05-25": {
					"avg": 25,
					"count": 1,
					"min": 25,
					"max": 25
				},
				"2024-05-26": {
					"avg": 199,
					"count": 3,
					"min": 24,
					"max": 498
				},
				"2024-05-27": {
					"avg": 68,
					"count": 4,
					"min": 23,
					"max": 122
				},
				"2024-05-28": {
					"avg": 24,
					"count": 1,
					"min": 24,
					"max": 24
				},
				"2024-05-29": {
					"avg": 247,
					"count": 1,
					"min": 247,
					"max": 247
				},
				"2024-05-31": {
					"avg": 116,
					"count": 3,
					"min": 22,
					"max": 163
				},
				"2024-06-01": {
					"avg": 232,
					"count": 1,
					"min": 232,
					"max": 232
				},
				"2024-06-03": {
					"avg": 102,
					"count": 1,
					"min": 102,
					"max": 102
				},
				"2024-06-04": {
					"avg": 109,
					"count": 1,
					"min": 109,
					"max": 109
				},
				"2024-06-05": {
					"avg": 50,
					"count": 1,
					"min": 50,
					"max": 50
				},
				"2024-06-06": {
					"avg": 23,
					"count": 1,
					"min": 23,
					"max": 23
				},
				"2024-06-07": {
					"avg": 74,
					"count": 5,
					"min": 25,
					"max": 149
				},
				"2024-06-08": {
					"avg": 149,
					"count": 1,
					"min": 149,
					"max": 149
				},
				"2024-06-12": {
					"avg": 135,
					"count": 4,
					"min": 64,
					"max": 249
				},
				"2024-06-14": {
					"avg": 147,
					"count": 1,
					"min": 147,
					"max": 147
				},
				"2024-06-16": {
					"avg": 149,
					"count": 1,
					"min": 149,
					"max": 149
				},
				"2024-06-17": {
					"avg": 128,
					"count": 1,
					"min": 128,
					"max": 128
				},
				"2024-06-18": {
					"avg": 159,
					"count": 1,
					"min": 159,
					"max": 159
				},
				"2024-06-21": {
					"avg": 119,
					"count": 3,
					"min": 30,
					"max": 178
				},
				"2024-06-22": {
					"avg": 203,
					"count": 2,
					"min": 30,
					"max": 375
				},
				"2024-06-23": {
					"avg": 107,
					"count": 1,
					"min": 107,
					"max": 107
				},
				"2024-06-24": {
					"avg": 149,
					"count": 1,
					"min": 149,
					"max": 149
				},
				"2024-06-25": {
					"avg": 149,
					"count": 1,
					"min": 149,
					"max": 149
				},
				"2024-06-27": {
					"avg": 541,
					"count": 1,
					"min": 541,
					"max": 541
				},
				"2024-06-28": {
					"avg": 26,
					"count": 2,
					"min": 24,
					"max": 27
				},
				"2024-06-29": {
					"avg": 24,
					"count": 1,
					"min": 24,
					"max": 24
				},
				"2024-07-02": {
					"avg": 140,
					"count": 3,
					"min": 100,
					"max": 219
				},
				"2024-07-03": {
					"avg": 123,
					"count": 1,
					"min": 123,
					"max": 123
				},
				"2024-07-04": {
					"avg": 225,
					"count": 1,
					"min": 225,
					"max": 225
				},
				"2024-07-07": {
					"avg": 156,
					"count": 3,
					"min": 20,
					"max": 224
				},
				"2024-07-08": {
					"avg": 14,
					"count": 1,
					"min": 14,
					"max": 14
				},
				"2024-07-10": {
					"avg": 82,
					"count": 2,
					"min": 26,
					"max": 138
				},
				"2024-07-11": {
					"avg": 150,
					"count": 1,
					"min": 150,
					"max": 150
				},
				"2024-07-12": {
					"avg": 149,
					"count": 1,
					"min": 149,
					"max": 149
				},
				"2024-07-13": {
					"avg": 247,
					"count": 1,
					"min": 247,
					"max": 247
				},
				"2024-07-14": {
					"avg": 344,
					"count": 2,
					"min": 124,
					"max": 563
				},
				"2024-07-15": {
					"avg": 135,
					"count": 1,
					"min": 135,
					"max": 135
				},
				"2024-07-16": {
					"avg": 82,
					"count": 8,
					"min": 63,
					"max": 113
				},
				"2024-07-18": {
					"avg": 182,
					"count": 4,
					"min": 18,
					"max": 459
				},
				"2024-07-20": {
					"avg": 147,
					"count": 4,
					"min": 20,
					"max": 260
				},
				"2024-07-22": {
					"avg": 63,
					"count": 3,
					"min": 20,
					"max": 142
				},
				"2024-07-24": {
					"avg": 104,
					"count": 4,
					"min": 30,
					"max": 152
				},
				"2024-07-25": {
					"avg": 71,
					"count": 2,
					"min": 22,
					"max": 120
				},
				"2024-07-26": {
					"avg": 69,
					"count": 2,
					"min": 29,
					"max": 109
				},
				"2024-07-27": {
					"avg": 131,
					"count": 3,
					"min": 120,
					"max": 137
				},
				"2024-07-28": {
					"avg": 75,
					"count": 2,
					"min": 30,
					"max": 120
				},
				"2024-07-31": {
					"avg": 120,
					"count": 1,
					"min": 120,
					"max": 120
				},
				"2024-08-01": {
					"avg": 30,
					"count": 34,
					"min": 30,
					"max": 30
				},
				"2024-08-02": {
					"avg": 137,
					"count": 6,
					"min": 100,
					"max": 159
				},
				"2024-08-03": {
					"avg": 58,
					"count": 3,
					"min": 22,
					"max": 125
				},
				"2024-08-04": {
					"avg": 60,
					"count": 3,
					"min": 25,
					"max": 109
				},
				"2024-08-05": {
					"avg": 167,
					"count": 7,
					"min": 25,
					"max": 247
				},
				"2024-08-06": {
					"avg": 28,
					"count": 2,
					"min": 26,
					"max": 30
				},
				"2024-08-09": {
					"avg": 119,
					"count": 1,
					"min": 119,
					"max": 119
				},
				"2024-08-10": {
					"avg": 62,
					"count": 3,
					"min": 23,
					"max": 138
				},
				"2024-08-11": {
					"avg": 120,
					"count": 2,
					"min": 120,
					"max": 120
				},
				"2024-08-12": {
					"avg": 26,
					"count": 1,
					"min": 26,
					"max": 26
				},
				"2024-08-13": {
					"avg": 45,
					"count": 15,
					"min": 24,
					"max": 152
				},
				"2024-08-14": {
					"avg": 36,
					"count": 1,
					"min": 36,
					"max": 36
				},
				"2024-08-15": {
					"avg": 26,
					"count": 1,
					"min": 26,
					"max": 26
				},
				"2024-08-16": {
					"avg": 138,
					"count": 2,
					"min": 75,
					"max": 201
				},
				"2024-08-17": {
					"avg": 451,
					"count": 2,
					"min": 25,
					"max": 877
				},
				"2024-08-18": {
					"avg": 25,
					"count": 1,
					"min": 25,
					"max": 25
				},
				"2024-08-20": {
					"avg": 156,
					"count": 7,
					"min": 75,
					"max": 199
				},
				"2024-08-21": {
					"avg": 114,
					"count": 3,
					"min": 27,
					"max": 157
				},
				"2024-08-23": {
					"avg": 68,
					"count": 3,
					"min": 22,
					"max": 156
				},
				"2024-08-27": {
					"avg": 156,
					"count": 2,
					"min": 155,
					"max": 156
				},
				"2024-08-28": {
					"avg": 149,
					"count": 1,
					"min": 149,
					"max": 149
				},
				"2024-08-29": {
					"avg": 152,
					"count": 3,
					"min": 108,
					"max": 240
				},
				"2024-08-30": {
					"avg": 293,
					"count": 1,
					"min": 293,
					"max": 293
				},
				"2024-08-31": {
					"avg": 208,
					"count": 3,
					"min": 28,
					"max": 533
				},
				"2024-09-01": {
					"avg": 534,
					"count": 8,
					"min": 28,
					"max": 1075
				},
				"2024-09-02": {
					"avg": 67,
					"count": 5,
					"min": 22,
					"max": 156
				},
				"2024-09-03": {
					"avg": 142,
					"count": 1,
					"min": 142,
					"max": 142
				},
				"2024-09-04": {
					"avg": 26,
					"count": 2,
					"min": 20,
					"max": 31
				},
				"2024-09-06": {
					"avg": 39,
					"count": 1,
					"min": 39,
					"max": 39
				},
				"2024-09-07": {
					"avg": 19,
					"count": 1,
					"min": 19,
					"max": 19
				},
				"2024-09-08": {
					"avg": 616,
					"count": 1,
					"min": 616,
					"max": 616
				},
				"2024-09-09": {
					"avg": 50,
					"count": 1,
					"min": 50,
					"max": 50
				},
				"2024-09-11": {
					"avg": 34,
					"count": 2,
					"min": 33,
					"max": 34
				},
				"2024-09-12": {
					"avg": 33,
					"count": 1,
					"min": 33,
					"max": 33
				},
				"2024-09-13": {
					"avg": 94,
					"count": 2,
					"min": 24,
					"max": 163
				},
				"2024-09-14": {
					"avg": 433,
					"count": 1,
					"min": 433,
					"max": 433
				},
				"2024-09-15": {
					"avg": 157,
					"count": 1,
					"min": 157,
					"max": 157
				},
				"2024-09-17": {
					"avg": 217,
					"count": 6,
					"min": 34,
					"max": 678
				},
				"2024-09-18": {
					"avg": 331,
					"count": 5,
					"min": 229,
					"max": 356
				},
				"2024-09-19": {
					"avg": 397,
					"count": 2,
					"min": 221,
					"max": 572
				},
				"2024-09-20": {
					"avg": 177,
					"count": 6,
					"min": 25,
					"max": 356
				},
				"2024-09-21": {
					"avg": 99,
					"count": 1,
					"min": 99,
					"max": 99
				},
				"2024-09-23": {
					"avg": 138,
					"count": 2,
					"min": 49,
					"max": 226
				}
			},
			"avg": 158,
			"avg7": 152,
			"avg28": 152
		},
		"normal-nearmint": {
			"history": {
				"2024-05-23": {
					"avg": 404,
					"count": 3,
					"min": 163,
					"max": 525
				},
				"2024-05-24": {
					"avg": 549,
					"count": 1,
					"min": 549,
					"max": 549
				},
				"2024-05-25": {
					"avg": 164,
					"count": 2,
					"min": 52,
					"max": 275
				},
				"2024-05-27": {
					"avg": 234,
					"count": 1,
					"min": 234,
					"max": 234
				},
				"2024-05-29": {
					"avg": 398,
					"count": 1,
					"min": 398,
					"max": 398
				},
				"2024-05-30": {
					"avg": 155,
					"count": 1,
					"min": 155,
					"max": 155
				},
				"2024-05-31": {
					"avg": 31,
					"count": 2,
					"min": 23,
					"max": 38
				},
				"2024-06-01": {
					"avg": 287,
					"count": 1,
					"min": 287,
					"max": 287
				},
				"2024-06-05": {
					"avg": 107,
					"count": 2,
					"min": 41,
					"max": 172
				},
				"2024-06-06": {
					"avg": 196,
					"count": 4,
					"min": 147,
					"max": 288
				},
				"2024-06-07": {
					"avg": 109,
					"count": 3,
					"min": 44,
					"max": 146
				},
				"2024-06-08": {
					"avg": 311,
					"count": 2,
					"min": 174,
					"max": 448
				},
				"2024-06-09": {
					"avg": 187,
					"count": 2,
					"min": 124,
					"max": 249
				},
				"2024-06-11": {
					"avg": 296,
					"count": 2,
					"min": 144,
					"max": 448
				},
				"2024-06-12": {
					"avg": 267,
					"count": 1,
					"min": 267,
					"max": 267
				},
				"2024-06-13": {
					"avg": 121,
					"count": 2,
					"min": 22,
					"max": 220
				},
				"2024-06-14": {
					"avg": 155,
					"count": 7,
					"min": 144,
					"max": 219
				},
				"2024-06-15": {
					"avg": 165,
					"count": 2,
					"min": 145,
					"max": 185
				},
				"2024-06-16": {
					"avg": 223,
					"count": 3,
					"min": 79,
					"max": 448
				},
				"2024-06-17": {
					"avg": 131,
					"count": 16,
					"min": 39,
					"max": 223
				},
				"2024-06-18": {
					"avg": 461,
					"count": 4,
					"min": 38,
					"max": 602
				},
				"2024-06-19": {
					"avg": 161,
					"count": 8,
					"min": 137,
					"max": 203
				},
				"2024-06-20": {
					"avg": 148,
					"count": 1,
					"min": 148,
					"max": 148
				},
				"2024-06-21": {
					"avg": 146,
					"count": 1,
					"min": 146,
					"max": 146
				},
				"2024-06-23": {
					"avg": 186,
					"count": 1,
					"min": 186,
					"max": 186
				},
				"2024-06-24": {
					"avg": 310,
					"count": 1,
					"min": 310,
					"max": 310
				},
				"2024-06-25": {
					"avg": 215,
					"count": 3,
					"min": 174,
					"max": 267
				},
				"2024-06-27": {
					"avg": 93,
					"count": 2,
					"min": 39,
					"max": 146
				},
				"2024-06-28": {
					"avg": 156,
					"count": 2,
					"min": 129,
					"max": 183
				},
				"2024-07-01": {
					"avg": 417,
					"count": 2,
					"min": 185,
					"max": 648
				},
				"2024-07-02": {
					"avg": 79,
					"count": 9,
					"min": 36,
					"max": 203
				},
				"2024-07-03": {
					"avg": 163,
					"count": 2,
					"min": 97,
					"max": 228
				},
				"2024-07-04": {
					"avg": 115,
					"count": 10,
					"min": 25,
					"max": 249
				},
				"2024-07-05": {
					"avg": 220,
					"count": 2,
					"min": 191,
					"max": 248
				},
				"2024-07-06": {
					"avg": 185,
					"count": 3,
					"min": 36,
					"max": 268
				},
				"2024-07-07": {
					"avg": 103,
					"count": 3,
					"min": 25,
					"max": 158
				},
				"2024-07-08": {
					"avg": 249,
					"count": 2,
					"min": 49,
					"max": 448
				},
				"2024-07-10": {
					"avg": 115,
					"count": 1,
					"min": 115,
					"max": 115
				},
				"2024-07-11": {
					"avg": 613,
					"count": 2,
					"min": 131,
					"max": 1094
				},
				"2024-07-12": {
					"avg": 33,
					"count": 3,
					"min": 25,
					"max": 48
				},
				"2024-07-13": {
					"avg": 448,
					"count": 1,
					"min": 448,
					"max": 448
				},
				"2024-07-14": {
					"avg": 162,
					"count": 3,
					"min": 40,
					"max": 249
				},
				"2024-07-15": {
					"avg": 190,
					"count": 3,
					"min": 25,
					"max": 347
				},
				"2024-07-16": {
					"avg": 69,
					"count": 1,
					"min": 69,
					"max": 69
				},
				"2024-07-17": {
					"avg": 142,
					"count": 3,
					"min": 42,
					"max": 316
				},
				"2024-07-19": {
					"avg": 338,
					"count": 1,
					"min": 338,
					"max": 338
				},
				"2024-07-20": {
					"avg": 124,
					"count": 1,
					"min": 124,
					"max": 124
				},
				"2024-07-21": {
					"avg": 573,
					"count": 2,
					"min": 249,
					"max": 896
				},
				"2024-07-22": {
					"avg": 101,
					"count": 3,
					"min": 49,
					"max": 175
				},
				"2024-07-23": {
					"avg": 748,
					"count": 2,
					"min": 748,
					"max": 748
				},
				"2024-07-24": {
					"avg": 147,
					"count": 54,
					"min": 69,
					"max": 153
				},
				"2024-07-25": {
					"avg": 146,
					"count": 3,
					"min": 97,
					"max": 175
				},
				"2024-07-26": {
					"avg": 141,
					"count": 9,
					"min": 37,
					"max": 234
				},
				"2024-07-27": {
					"avg": 170,
					"count": 1,
					"min": 170,
					"max": 170
				},
				"2024-07-28": {
					"avg": 52,
					"count": 1,
					"min": 52,
					"max": 52
				},
				"2024-07-29": {
					"avg": 137,
					"count": 2,
					"min": 25,
					"max": 248
				},
				"2024-07-30": {
					"avg": 446,
					"count": 3,
					"min": 69,
					"max": 1094
				},
				"2024-07-31": {
					"avg": 38,
					"count": 2,
					"min": 25,
					"max": 51
				},
				"2024-08-01": {
					"avg": 1039,
					"count": 1,
					"min": 1039,
					"max": 1039
				},
				"2024-08-03": {
					"avg": 248,
					"count": 1,
					"min": 248,
					"max": 248
				},
				"2024-08-04": {
					"avg": 498,
					"count": 1,
					"min": 498,
					"max": 498
				},
				"2024-08-05": {
					"avg": 28,
					"count": 6,
					"min": 25,
					"max": 41
				},
				"2024-08-06": {
					"avg": 139,
					"count": 1,
					"min": 139,
					"max": 139
				},
				"2024-08-07": {
					"avg": 347,
					"count": 1,
					"min": 347,
					"max": 347
				},
				"2024-08-09": {
					"avg": 130,
					"count": 4,
					"min": 57,
					"max": 347
				},
				"2024-08-10": {
					"avg": 193,
					"count": 2,
					"min": 137,
					"max": 248
				},
				"2024-08-11": {
					"avg": 186,
					"count": 2,
					"min": 123,
					"max": 249
				},
				"2024-08-12": {
					"avg": 138,
					"count": 3,
					"min": 50,
					"max": 267
				},
				"2024-08-13": {
					"avg": 176,
					"count": 1,
					"min": 176,
					"max": 176
				},
				"2024-08-14": {
					"avg": 250,
					"count": 2,
					"min": 52,
					"max": 448
				},
				"2024-08-15": {
					"avg": 249,
					"count": 1,
					"min": 249,
					"max": 249
				},
				"2024-08-16": {
					"avg": 318,
					"count": 3,
					"min": 203,
					"max": 548
				},
				"2024-08-17": {
					"avg": 182,
					"count": 7,
					"min": 50,
					"max": 249
				},
				"2024-08-18": {
					"avg": 50,
					"count": 1,
					"min": 50,
					"max": 50
				},
				"2024-08-19": {
					"avg": 172,
					"count": 4,
					"min": 50,
					"max": 215
				},
				"2024-08-20": {
					"avg": 240,
					"count": 2,
					"min": 151,
					"max": 329
				},
				"2024-08-21": {
					"avg": 194,
					"count": 8,
					"min": 50,
					"max": 398
				},
				"2024-08-22": {
					"avg": 151,
					"count": 1,
					"min": 151,
					"max": 151
				},
				"2024-08-23": {
					"avg": 111,
					"count": 7,
					"min": 24,
					"max": 237
				},
				"2024-08-24": {
					"avg": 121,
					"count": 9,
					"min": 50,
					"max": 129
				},
				"2024-08-25": {
					"avg": 319,
					"count": 2,
					"min": 139,
					"max": 498
				},
				"2024-08-26": {
					"avg": 678,
					"count": 2,
					"min": 557,
					"max": 799
				},
				"2024-08-28": {
					"avg": 136,
					"count": 6,
					"min": 41,
					"max": 250
				},
				"2024-08-29": {
					"avg": 50,
					"count": 1,
					"min": 50,
					"max": 50
				},
				"2024-08-30": {
					"avg": 324,
					"count": 3,
					"min": 136,
					"max": 699
				},
				"2024-08-31": {
					"avg": 98,
					"count": 4,
					"min": 39,
					"max": 234
				},
				"2024-09-01": {
					"avg": 69,
					"count": 1,
					"min": 69,
					"max": 69
				},
				"2024-09-03": {
					"avg": 799,
					"count": 1,
					"min": 799,
					"max": 799
				},
				"2024-09-04": {
					"avg": 139,
					"count": 3,
					"min": 71,
					"max": 250
				},
				"2024-09-05": {
					"avg": 207,
					"count": 2,
					"min": 52,
					"max": 362
				},
				"2024-09-06": {
					"avg": 58,
					"count": 1,
					"min": 58,
					"max": 58
				},
				"2024-09-07": {
					"avg": 143,
					"count": 8,
					"min": 41,
					"max": 261
				},
				"2024-09-08": {
					"avg": 85,
					"count": 3,
					"min": 40,
					"max": 176
				},
				"2024-09-09": {
					"avg": 134,
					"count": 1,
					"min": 134,
					"max": 134
				},
				"2024-09-10": {
					"avg": 134,
					"count": 1,
					"min": 134,
					"max": 134
				},
				"2024-09-12": {
					"avg": 94,
					"count": 9,
					"min": 47,
					"max": 275
				},
				"2024-09-13": {
					"avg": 47,
					"count": 1,
					"min": 47,
					"max": 47
				},
				"2024-09-14": {
					"avg": 49,
					"count": 1,
					"min": 49,
					"max": 49
				},
				"2024-09-16": {
					"avg": 129,
					"count": 1,
					"min": 129,
					"max": 129
				},
				"2024-09-17": {
					"avg": 261,
					"count": 1,
					"min": 261,
					"max": 261
				},
				"2024-09-18": {
					"avg": 82,
					"count": 3,
					"min": 39,
					"max": 152
				},
				"2024-09-20": {
					"avg": 185,
					"count": 4,
					"min": 49,
					"max": 373
				},
				"2024-09-21": {
					"avg": 211,
					"count": 1,
					"min": 211,
					"max": 211
				},
				"2024-09-23": {
					"avg": 147,
					"count": 2,
					"min": 147,
					"max": 147
				}
			},
			"avg": 179,
			"avg7": -1,
			"avg28": -1
		},
		"normal-used": {
			"history": {
				"2024-05-27": {
					"avg": 118,
					"count": 1,
					"min": 118,
					"max": 118
				},
				"2024-06-08": {
					"avg": 25,
					"count": 1,
					"min": 25,
					"max": 25
				},
				"2024-06-20": {
					"avg": 21,
					"count": 5,
					"min": 21,
					"max": 21
				},
				"2024-06-22": {
					"avg": 117,
					"count": 2,
					"min": 70,
					"max": 163
				},
				"2024-07-04": {
					"avg": 20,
					"count": 1,
					"min": 20,
					"max": 20
				},
				"2024-07-10": {
					"avg": 274,
					"count": 1,
					"min": 274,
					"max": 274
				},
				"2024-07-12": {
					"avg": 18,
					"count": 1,
					"min": 18,
					"max": 18
				},
				"2024-07-13": {
					"avg": 135,
					"count": 1,
					"min": 135,
					"max": 135
				},
				"2024-07-14": {
					"avg": 29,
					"count": 1,
					"min": 29,
					"max": 29
				},
				"2024-07-18": {
					"avg": 110,
					"count": 1,
					"min": 110,
					"max": 110
				},
				"2024-07-19": {
					"avg": 451,
					"count": 1,
					"min": 451,
					"max": 451
				},
				"2024-07-22": {
					"avg": 45,
					"count": 1,
					"min": 45,
					"max": 45
				},
				"2024-07-23": {
					"avg": 120,
					"count": 3,
					"min": 111,
					"max": 137
				},
				"2024-08-07": {
					"avg": 20,
					"count": 1,
					"min": 20,
					"max": 20
				},
				"2024-08-11": {
					"avg": 20,
					"count": 1,
					"min": 20,
					"max": 20
				},
				"2024-08-12": {
					"avg": 18,
					"count": 1,
					"min": 18,
					"max": 18
				},
				"2024-08-16": {
					"avg": 137,
					"count": 1,
					"min": 137,
					"max": 137
				},
				"2024-08-20": {
					"avg": 20,
					"count": 1,
					"min": 20,
					"max": 20
				},
				"2024-08-21": {
					"avg": 77,
					"count": 1,
					"min": 77,
					"max": 77
				},
				"2024-08-24": {
					"avg": 45,
					"count": 1,
					"min": 45,
					"max": 45
				},
				"2024-08-25": {
					"avg": 25,
					"count": 1,
					"min": 25,
					"max": 25
				},
				"2024-08-29": {
					"avg": 20,
					"count": 1,
					"min": 20,
					"max": 20
				},
				"2024-09-02": {
					"avg": 137,
					"count": 1,
					"min": 137,
					"max": 137
				},
				"2024-09-06": {
					"avg": 142,
					"count": 1,
					"min": 142,
					"max": 142
				},
				"2024-09-16": {
					"avg": 14,
					"count": 1,
					"min": 14,
					"max": 14
				}
			},
			"avg": 81,
			"avg7": -1,
			"avg28": -1
		},
		"normal-played": {
			"history": {
				"2024-05-25": {
					"avg": 114,
					"count": 1,
					"min": 114,
					"max": 114
				},
				"2024-06-01": {
					"avg": 25,
					"count": 1,
					"min": 25,
					"max": 25
				},
				"2024-06-02": {
					"avg": 39,
					"count": 1,
					"min": 39,
					"max": 39
				},
				"2024-06-03": {
					"avg": 503,
					"count": 2,
					"min": 503,
					"max": 503
				},
				"2024-06-06": {
					"avg": 145,
					"count": 1,
					"min": 145,
					"max": 145
				},
				"2024-06-07": {
					"avg": 195,
					"count": 8,
					"min": 137,
					"max": 214
				},
				"2024-06-08": {
					"avg": 19,
					"count": 1,
					"min": 19,
					"max": 19
				},
				"2024-06-09": {
					"avg": 19,
					"count": 1,
					"min": 19,
					"max": 19
				},
				"2024-06-13": {
					"avg": 20,
					"count": 1,
					"min": 20,
					"max": 20
				},
				"2024-06-14": {
					"avg": 45,
					"count": 1,
					"min": 45,
					"max": 45
				},
				"2024-06-16": {
					"avg": 197,
					"count": 1,
					"min": 197,
					"max": 197
				},
				"2024-06-17": {
					"avg": 125,
					"count": 1,
					"min": 125,
					"max": 125
				},
				"2024-06-19": {
					"avg": 30,
					"count": 2,
					"min": 25,
					"max": 35
				},
				"2024-06-20": {
					"avg": 104,
					"count": 2,
					"min": 33,
					"max": 175
				},
				"2024-06-22": {
					"avg": 245,
					"count": 2,
					"min": 119,
					"max": 370
				},
				"2024-06-24": {
					"avg": 128,
					"count": 1,
					"min": 128,
					"max": 128
				},
				"2024-06-25": {
					"avg": 100,
					"count": 4,
					"min": 19,
					"max": 140
				},
				"2024-06-27": {
					"avg": 23,
					"count": 3,
					"min": 20,
					"max": 27
				},
				"2024-06-29": {
					"avg": 229,
					"count": 1,
					"min": 229,
					"max": 229
				},
				"2024-07-02": {
					"avg": 75,
					"count": 1,
					"min": 75,
					"max": 75
				},
				"2024-07-03": {
					"avg": 33,
					"count": 1,
					"min": 33,
					"max": 33
				},
				"2024-07-04": {
					"avg": 147,
					"count": 1,
					"min": 147,
					"max": 147
				},
				"2024-07-08": {
					"avg": 19,
					"count": 4,
					"min": 14,
					"max": 33
				},
				"2024-07-10": {
					"avg": 135,
					"count": 6,
					"min": 135,
					"max": 135
				},
				"2024-07-11": {
					"avg": 23,
					"count": 1,
					"min": 23,
					"max": 23
				},
				"2024-07-12": {
					"avg": 28,
					"count": 3,
					"min": 21,
					"max": 39
				},
				"2024-07-13": {
					"avg": 106,
					"count": 3,
					"min": 25,
					"max": 147
				},
				"2024-07-15": {
					"avg": 14,
					"count": 1,
					"min": 14,
					"max": 14
				},
				"2024-07-16": {
					"avg": 105,
					"count": 2,
					"min": 14,
					"max": 196
				},
				"2024-07-18": {
					"avg": 113,
					"count": 3,
					"min": 113,
					"max": 113
				},
				"2024-07-19": {
					"avg": 54,
					"count": 4,
					"min": 25,
					"max": 142
				},
				"2024-07-22": {
					"avg": 100,
					"count": 2,
					"min": 99,
					"max": 100
				},
				"2024-07-23": {
					"avg": 110,
					"count": 1,
					"min": 110,
					"max": 110
				},
				"2024-07-24": {
					"avg": 113,
					"count": 34,
					"min": 113,
					"max": 113
				},
				"2024-07-25": {
					"avg": 20,
					"count": 1,
					"min": 20,
					"max": 20
				},
				"2024-07-26": {
					"avg": 106,
					"count": 3,
					"min": 106,
					"max": 106
				},
				"2024-07-27": {
					"avg": 705,
					"count": 3,
					"min": 25,
					"max": 1044
				},
				"2024-07-29": {
					"avg": 134,
					"count": 1,
					"min": 134,
					"max": 134
				},
				"2024-07-31": {
					"avg": 134,
					"count": 1,
					"min": 134,
					"max": 134
				},
				"2024-08-01": {
					"avg": 168,
					"count": 1,
					"min": 168,
					"max": 168
				},
				"2024-08-02": {
					"avg": 76,
					"count": 1,
					"min": 76,
					"max": 76
				},
				"2024-08-03": {
					"avg": 56,
					"count": 1,
					"min": 56,
					"max": 56
				},
				"2024-08-04": {
					"avg": 153,
					"count": 1,
					"min": 153,
					"max": 153
				},
				"2024-08-05": {
					"avg": 48,
					"count": 2,
					"min": 20,
					"max": 75
				},
				"2024-08-09": {
					"avg": 23,
					"count": 1,
					"min": 23,
					"max": 23
				},
				"2024-08-14": {
					"avg": 25,
					"count": 2,
					"min": 10,
					"max": 39
				},
				"2024-08-16": {
					"avg": 84,
					"count": 8,
					"min": 15,
					"max": 153
				},
				"2024-08-19": {
					"avg": 152,
					"count": 1,
					"min": 152,
					"max": 152
				},
				"2024-08-20": {
					"avg": 137,
					"count": 1,
					"min": 137,
					"max": 137
				},
				"2024-08-21": {
					"avg": 84,
					"count": 2,
					"min": 30,
					"max": 137
				},
				"2024-08-22": {
					"avg": 35,
					"count": 2,
					"min": 35,
					"max": 35
				},
				"2024-08-23": {
					"avg": 25,
					"count": 1,
					"min": 25,
					"max": 25
				},
				"2024-08-26": {
					"avg": 137,
					"count": 1,
					"min": 137,
					"max": 137
				},
				"2024-08-27": {
					"avg": 140,
					"count": 3,
					"min": 139,
					"max": 141
				},
				"2024-08-28": {
					"avg": 102,
					"count": 1,
					"min": 102,
					"max": 102
				},
				"2024-09-02": {
					"avg": 140,
					"count": 3,
					"min": 75,
					"max": 196
				},
				"2024-09-06": {
					"avg": 114,
					"count": 4,
					"min": 74,
					"max": 153
				},
				"2024-09-07": {
					"avg": 19,
					"count": 1,
					"min": 19,
					"max": 19
				},
				"2024-09-13": {
					"avg": 102,
					"count": 2,
					"min": 102,
					"max": 102
				},
				"2024-09-17": {
					"avg": 45,
					"count": 1,
					"min": 45,
					"max": 45
				},
				"2024-09-18": {
					"avg": 202,
					"count": 1,
					"min": 202,
					"max": 202
				},
				"2024-09-19": {
					"avg": 49,
					"count": 1,
					"min": 49,
					"max": 49
				},
				"2024-09-20": {
					"avg": 137,
					"count": 1,
					"min": 137,
					"max": 137
				}
			},
			"avg": 118,
			"avg7": -1,
			"avg28": -1
		},
		"normal-poor": {
			"history": {
				"2024-05-23": {
					"avg": 30,
					"count": 1,
					"min": 30,
					"max": 30
				},
				"2024-06-04": {
					"avg": 20,
					"count": 1,
					"min": 20,
					"max": 20
				},
				"2024-06-20": {
					"avg": 19,
					"count": 1,
					"min": 19,
					"max": 19
				},
				"2024-06-24": {
					"avg": 39,
					"count": 1,
					"min": 39,
					"max": 39
				},
				"2024-06-25": {
					"avg": 129,
					"count": 1,
					"min": 129,
					"max": 129
				},
				"2024-06-29": {
					"avg": 39,
					"count": 1,
					"min": 39,
					"max": 39
				},
				"2024-07-06": {
					"avg": 123,
					"count": 1,
					"min": 123,
					"max": 123
				},
				"2024-07-09": {
					"avg": 15,
					"count": 1,
					"min": 15,
					"max": 15
				},
				"2024-07-15": {
					"avg": 75,
					"count": 2,
					"min": 20,
					"max": 129
				},
				"2024-07-18": {
					"avg": 145,
					"count": 1,
					"min": 145,
					"max": 145
				},
				"2024-07-23": {
					"avg": 109,
					"count": 7,
					"min": 109,
					"max": 109
				},
				"2024-07-25": {
					"avg": 29,
					"count": 1,
					"min": 29,
					"max": 29
				},
				"2024-07-31": {
					"avg": 18,
					"count": 4,
					"min": 18,
					"max": 18
				},
				"2024-08-06": {
					"avg": 26,
					"count": 2,
					"min": 25,
					"max": 26
				},
				"2024-08-16": {
					"avg": 67,
					"count": 4,
					"min": 67,
					"max": 67
				},
				"2024-08-23": {
					"avg": 19,
					"count": 1,
					"min": 19,
					"max": 19
				},
				"2024-08-31": {
					"avg": 10,
					"count": 1,
					"min": 10,
					"max": 10
				},
				"2024-09-06": {
					"avg": 137,
					"count": 1,
					"min": 137,
					"max": 137
				},
				"2024-09-13": {
					"avg": 15,
					"count": 1,
					"min": 15,
					"max": 15
				},
				"2024-09-21": {
					"avg": 137,
					"count": 1,
					"min": 137,
					"max": 137
				}
			},
			"avg": 65,
			"avg7": -1,
			"avg28": -1
		}
	}
}