{
	"data": {
		"normal-good": {
			"history": {
				"2022-11-12": {
					"avg": 199,
					"count": 2
				},
				"2022-11-13": {
					"avg": 65,
					"count": 7
				},
				"2022-11-14": {
					"avg": 129,
					"count": 7
				},
				"2022-11-15": {
					"avg": 57,
					"count": 3
				},
				"2022-11-16": {
					"avg": 144,
					"count": 37
				},
				"2022-11-17": {
					"avg": 127,
					"count": 4
				},
				"2022-11-18": {
					"avg": 88,
					"count": 2
				},
				"2022-11-19": {
					"avg": 75,
					"count": 2,
					"min": 25,
					"max": 124
				},
				"2022-11-20": {
					"avg": 88,
					"count": 2,
					"min": 38,
					"max": 139
				},
				"2022-11-23": {
					"avg": 86,
					"count": 2,
					"min": 39,
					"max": 132
				},
				"2022-11-25": {
					"avg": 95,
					"count": 15,
					"min": 17,
					"max": 409
				},
				"2022-11-26": {
					"avg": 19,
					"count": 1,
					"min": 19,
					"max": 19
				},
				"2022-11-27": {
					"avg": 19,
					"count": 6,
					"min": 19,
					"max": 19
				},
				"2022-11-28": {
					"avg": 108,
					"count": 18,
					"min": 32,
					"max": 119
				},
				"2022-11-29": {
					"avg": 48,
					"count": 4,
					"min": 19,
					"max": 134
				},
				"2022-12-02": {
					"avg": 184,
					"count": 2,
					"min": 40,
					"max": 328
				},
				"2022-12-03": {
					"avg": 121,
					"count": 1,
					"min": 121,
					"max": 121
				},
				"2022-12-04": {
					"avg": 73,
					"count": 7,
					"min": 19,
					"max": 145
				},
				"2022-12-05": {
					"avg": 30,
					"count": 67,
					"min": 19,
					"max": 149
				},
				"2022-12-06": {
					"avg": 849,
					"count": 1,
					"min": 849,
					"max": 849
				},
				"2022-12-07": {
					"avg": 73,
					"count": 8,
					"min": 25,
					"max": 119
				},
				"2022-12-09": {
					"avg": 20,
					"count": 3,
					"min": 20,
					"max": 20
				},
				"2022-12-10": {
					"avg": 115,
					"count": 6,
					"min": 20,
					"max": 204
				},
				"2022-12-11": {
					"avg": 108,
					"count": 5,
					"min": 35,
					"max": 310
				},
				"2022-12-12": {
					"avg": 215,
					"count": 1,
					"min": 215,
					"max": 215
				},
				"2022-12-13": {
					"avg": 119,
					"count": 12,
					"min": 25,
					"max": 154
				},
				"2022-12-15": {
					"avg": 127,
					"count": 4,
					"min": 40,
					"max": 217
				},
				"2022-12-16": {
					"avg": 116,
					"count": 19,
					"min": 36,
					"max": 446
				},
				"2022-12-17": {
					"avg": 72,
					"count": 10,
					"min": 40,
					"max": 144
				},
				"2022-12-18": {
					"avg": 85,
					"count": 3,
					"min": 18,
					"max": 121
				},
				"2022-12-20": {
					"avg": 72,
					"count": 2,
					"min": 35,
					"max": 108
				},
				"2022-12-21": {
					"avg": 196,
					"count": 3,
					"min": 40,
					"max": 445
				},
				"2022-12-22": {
					"avg": 181,
					"count": 3,
					"min": 101,
					"max": 324
				},
				"2022-12-23": {
					"avg": 124,
					"count": 8,
					"min": 99,
					"max": 248
				},
				"2022-12-24": {
					"avg": 143,
					"count": 11,
					"min": 25,
					"max": 200
				},
				"2022-12-25": {
					"avg": 40,
					"count": 1,
					"min": 40,
					"max": 40
				},
				"2022-12-27": {
					"avg": 67,
					"count": 3,
					"min": 40,
					"max": 110
				},
				"2022-12-28": {
					"avg": 68,
					"count": 5,
					"min": 29,
					"max": 129
				},
				"2022-12-29": {
					"avg": 65,
					"count": 3,
					"min": 45,
					"max": 101
				},
				"2022-12-30": {
					"avg": 28,
					"count": 9,
					"min": 20,
					"max": 46
				},
				"2023-01-01": {
					"avg": 141,
					"count": 5,
					"min": 40,
					"max": 225
				},
				"2023-01-02": {
					"avg": 111,
					"count": 10,
					"min": 40,
					"max": 123
				},
				"2023-01-03": {
					"avg": 158,
					"count": 5,
					"min": 40,
					"max": 324
				},
				"2023-01-04": {
					"avg": 92,
					"count": 2,
					"min": 35,
					"max": 148
				},
				"2023-01-05": {
					"avg": 137,
					"count": 7,
					"min": 104,
					"max": 232
				},
				"2023-01-06": {
					"avg": 195,
					"count": 2,
					"min": 179,
					"max": 210
				},
				"2023-01-07": {
					"avg": 103,
					"count": 2,
					"min": 60,
					"max": 147
				},
				"2023-01-08": {
					"avg": 62,
					"count": 4,
					"min": 31,
					"max": 135
				},
				"2023-01-09": {
					"avg": 103,
					"count": 5,
					"min": 20,
					"max": 124
				},
				"2023-01-10": {
					"avg": 72,
					"count": 2,
					"min": 20,
					"max": 124
				},
				"2023-01-11": {
					"avg": 137,
					"count": 3,
					"min": 99,
					"max": 174
				},
				"2023-01-12": {
					"avg": 155,
					"count": 1,
					"min": 155,
					"max": 155
				},
				"2023-02-06": {
					"avg": 37,
					"count": 46,
					"min": 29,
					"max": 124
				},
				"2023-02-07": {
					"avg": 125,
					"count": 2,
					"min": 29,
					"max": 221
				},
				"2023-02-08": {
					"avg": 137,
					"count": 8,
					"min": 110,
					"max": 295
				},
				"2023-02-10": {
					"avg": 77,
					"count": 5,
					"min": 8,
					"max": 180
				},
				"2023-02-11": {
					"avg": 72,
					"count": 14,
					"min": 10,
					"max": 216
				},
				"2023-02-12": {
					"avg": 210,
					"count": 6,
					"min": 48,
					"max": 295
				},
				"2023-02-13": {
					"avg": 142,
					"count": 2,
					"min": 99,
					"max": 185
				},
				"2023-02-14": {
					"avg": 142,
					"count": 2,
					"min": 141,
					"max": 144
				},
				"2023-02-15": {
					"avg": 105,
					"count": 4,
					"min": 46,
					"max": 250
				},
				"2023-02-16": {
					"avg": 84,
					"count": 5,
					"min": 20,
					"max": 155
				},
				"2023-02-17": {
					"avg": 110,
					"count": 4,
					"min": 54,
					"max": 170
				},
				"2023-02-18": {
					"avg": 69,
					"count": 4,
					"min": 45,
					"max": 133
				},
				"2023-02-19": {
					"avg": 87,
					"count": 5,
					"min": 41,
					"max": 160
				},
				"2023-02-20": {
					"avg": 140,
					"count": 12,
					"min": 45,
					"max": 248
				},
				"2023-02-21": {
					"avg": 42,
					"count": 3,
					"min": 34,
					"max": 47
				},
				"2023-02-22": {
					"avg": 222,
					"count": 2,
					"min": 69,
					"max": 374
				},
				"2023-02-23": {
					"avg": 121,
					"count": 6,
					"min": 47,
					"max": 182
				},
				"2023-02-24": {
					"avg": 182,
					"count": 3,
					"min": 119,
					"max": 218
				},
				"2023-02-26": {
					"avg": 388,
					"count": 6,
					"min": 113,
					"max": 947
				},
				"2023-02-27": {
					"avg": 116,
					"count": 4,
					"min": 45,
					"max": 160
				},
				"2023-02-28": {
					"avg": 99,
					"count": 3,
					"min": 48,
					"max": 201
				},
				"2023-03-01": {
					"avg": 46,
					"count": 1,
					"min": 46,
					"max": 46
				},
				"2023-03-02": {
					"avg": 138,
					"count": 9,
					"min": 30,
					"max": 178
				},
				"2023-03-03": {
					"avg": 332,
					"count": 13,
					"min": 30,
					"max": 395
				},
				"2023-03-04": {
					"avg": 153,
					"count": 4,
					"min": 119,
					"max": 205
				},
				"2023-03-06": {
					"avg": 70,
					"count": 4,
					"min": 25,
					"max": 205
				},
				"2023-03-07": {
					"avg": 69,
					"count": 2,
					"min": 22,
					"max": 115
				},
				"2023-03-09": {
					"avg": 48,
					"count": 2,
					"min": 48,
					"max": 48
				},
				"2023-03-10": {
					"avg": 57,
					"count": 3,
					"min": 41,
					"max": 89
				},
				"2023-03-11": {
					"avg": 112,
					"count": 4,
					"min": 20,
					"max": 199
				},
				"2023-03-12": {
					"avg": 69,
					"count": 6,
					"min": 25,
					"max": 145
				},
				"2023-03-13": {
					"avg": 298,
					"count": 3,
					"min": 45,
					"max": 649
				},
				"2023-03-14": {
					"avg": 100,
					"count": 2,
					"min": 52,
					"max": 149
				},
				"2023-03-16": {
					"avg": 244,
					"count": 11,
					"min": 128,
					"max": 276
				},
				"2023-03-17": {
					"avg": 38,
					"count": 1,
					"min": 38,
					"max": 38
				},
				"2023-03-18": {
					"avg": 127,
					"count": 3,
					"min": 48,
					"max": 169
				},
				"2023-03-19": {
					"avg": 199,
					"count": 1,
					"min": 199,
					"max": 199
				},
				"2023-03-20": {
					"avg": 205,
					"count": 1,
					"min": 205,
					"max": 205
				},
				"2023-03-21": {
					"avg": 147,
					"count": 1,
					"min": 147,
					"max": 147
				},
				"2023-03-22": {
					"avg": 349,
					"count": 49,
					"min": 343,
					"max": 353
				},
				"2023-03-23": {
					"avg": 207,
					"count": 1,
					"min": 207,
					"max": 207
				},
				"2023-03-24": {
					"avg": 137,
					"count": 1,
					"min": 137,
					"max": 137
				},
				"2023-03-25": {
					"avg": 25,
					"count": 1,
					"min": 25,
					"max": 25
				},
				"2023-03-28": {
					"avg": 141,
					"count": 7,
					"min": 23,
					"max": 399
				},
				"2023-03-29": {
					"avg": 114,
					"count": 1,
					"min": 114,
					"max": 114
				},
				"2023-03-31": {
					"avg": 109,
					"count": 9,
					"min": 46,
					"max": 119
				},
				"2023-04-01": {
					"avg": 110,
					"count": 6,
					"min": 39,
					"max": 175
				},
				"2023-04-02": {
					"avg": 83,
					"count": 4,
					"min": 45,
					"max": 161
				},
				"2023-04-03": {
					"avg": 279,
					"count": 28,
					"min": 134,
					"max": 357
				},
				"2023-04-04": {
					"avg": 177,
					"count": 7,
					"min": 25,
					"max": 857
				},
				"2023-04-05": {
					"avg": 127,
					"count": 7,
					"min": 20,
					"max": 399
				},
				"2023-04-06": {
					"avg": 49,
					"count": 2,
					"min": 49,
					"max": 49
				},
				"2023-04-07": {
					"avg": 87,
					"count": 2,
					"min": 75,
					"max": 99
				},
				"2023-04-08": {
					"avg": 75,
					"count": 5,
					"min": 25,
					"max": 139
				},
				"2023-04-09": {
					"avg": 36,
					"count": 7,
					"min": 25,
					"max": 99
				},
				"2023-04-10": {
					"avg": 87,
					"count": 3,
					"min": 36,
					"max": 115
				},
				"2023-04-11": {
					"avg": 188,
					"count": 2,
					"min": 52,
					"max": 324
				},
				"2023-04-13": {
					"avg": 18,
					"count": 1,
					"min": 18,
					"max": 18
				},
				"2023-04-15": {
					"avg": 193,
					"count": 4,
					"min": 99,
					"max": 310
				},
				"2023-04-17": {
					"avg": 261,
					"count": 4,
					"min": 49,
					"max": 424
				},
				"2023-04-19": {
					"avg": 374,
					"count": 2,
					"min": 100,
					"max": 648
				},
				"2023-04-20": {
					"avg": 52,
					"count": 1,
					"min": 52,
					"max": 52
				},
				"2023-04-22": {
					"avg": 81,
					"count": 4,
					"min": 58,
					"max": 148
				},
				"2023-04-23": {
					"avg": 308,
					"count": 1,
					"min": 308,
					"max": 308
				},
				"2023-04-25": {
					"avg": 119,
					"count": 10,
					"min": 50,
					"max": 225
				},
				"2023-04-26": {
					"avg": 49,
					"count": 2,
					"min": 49,
					"max": 49
				},
				"2023-04-27": {
					"avg": 45,
					"count": 1,
					"min": 45,
					"max": 45
				},
				"2023-04-29": {
					"avg": 136,
					"count": 2,
					"min": 118,
					"max": 154
				},
				"2023-04-30": {
					"avg": 39,
					"count": 1,
					"min": 39,
					"max": 39
				},
				"2023-05-01": {
					"avg": 46,
					"count": 3,
					"min": 36,
					"max": 58
				},
				"2023-05-02": {
					"avg": 776,
					"count": 27,
					"min": 44,
					"max": 844
				},
				"2023-05-04": {
					"avg": 89,
					"count": 1,
					"min": 89,
					"max": 89
				},
				"2023-05-05": {
					"avg": 105,
					"count": 13,
					"min": 94,
					"max": 198
				},
				"2023-05-06": {
					"avg": 58,
					"count": 2,
					"min": 58,
					"max": 58
				},
				"2023-05-07": {
					"avg": 136,
					"count": 29,
					"min": 20,
					"max": 368
				},
				"2023-05-08": {
					"avg": 68,
					"count": 7,
					"min": 38,
					"max": 147
				},
				"2023-05-09": {
					"avg": 109,
					"count": 3,
					"min": 34,
					"max": 248
				},
				"2023-05-10": {
					"avg": 49,
					"count": 2,
					"min": 34,
					"max": 64
				},
				"2023-05-11": {
					"avg": 140,
					"count": 4,
					"min": 34,
					"max": 248
				},
				"2023-05-13": {
					"avg": 34,
					"count": 1,
					"min": 34,
					"max": 34
				},
				"2023-05-14": {
					"avg": 148,
					"count": 3,
					"min": 25,
					"max": 299
				},
				"2023-05-15": {
					"avg": 32,
					"count": 3,
					"min": 25,
					"max": 46
				},
				"2023-05-16": {
					"avg": 94,
					"count": 1,
					"min": 94,
					"max": 94
				},
				"2023-05-17": {
					"avg": 92,
					"count": 2,
					"min": 50,
					"max": 133
				},
				"2023-05-18": {
					"avg": 323,
					"count": 1,
					"min": 323,
					"max": 323
				},
				"2023-05-19": {
					"avg": 96,
					"count": 7,
					"min": 35,
					"max": 119
				},
				"2023-05-20": {
					"avg": 29,
					"count": 1,
					"min": 29,
					"max": 29
				},
				"2023-05-21": {
					"avg": 121,
					"count": 2,
					"min": 44,
					"max": 199
				},
				"2023-05-22": {
					"avg": 569,
					"count": 2,
					"min": 79,
					"max": 1058
				},
				"2023-05-23": {
					"avg": 168,
					"count": 12,
					"min": 34,
					"max": 199
				},
				"2023-05-24": {
					"avg": 137,
					"count": 12,
					"min": 36,
					"max": 299
				},
				"2023-05-25": {
					"avg": 115,
					"count": 2,
					"min": 34,
					"max": 195
				},
				"2023-05-26": {
					"avg": 99,
					"count": 2,
					"min": 46,
					"max": 152
				},
				"2023-05-27": {
					"avg": 107,
					"count": 14,
					"min": 46,
					"max": 268
				},
				"2023-05-28": {
					"avg": 159,
					"count": 1,
					"min": 159,
					"max": 159
				},
				"2023-05-29": {
					"avg": 134,
					"count": 14,
					"min": 44,
					"max": 158
				},
				"2023-05-31": {
					"avg": 71,
					"count": 3,
					"min": 44,
					"max": 121
				},
				"2023-06-01": {
					"avg": 167,
					"count": 100,
					"min": 20,
					"max": 1149
				},
				"2023-06-02": {
					"avg": 173,
					"count": 2,
					"min": 47,
					"max": 299
				},
				"2023-06-03": {
					"avg": 163,
					"count": 4,
					"min": 68,
					"max": 264
				},
				"2023-06-04": {
					"avg": 176,
					"count": 3,
					"min": 139,
					"max": 241
				},
				"2023-06-05": {
					"avg": 221,
					"count": 3,
					"min": 221,
					"max": 221
				},
				"2023-06-06": {
					"avg": 91,
					"count": 5,
					"min": 40,
					"max": 149
				},
				"2023-06-07": {
					"avg": 102,
					"count": 2,
					"min": 80,
					"max": 124
				},
				"2023-06-08": {
					"avg": 114,
					"count": 1,
					"min": 114,
					"max": 114
				},
				"2023-06-10": {
					"avg": 56,
					"count": 2,
					"min": 34,
					"max": 78
				},
				"2023-06-11": {
					"avg": 250,
					"count": 1,
					"min": 250,
					"max": 250
				},
				"2023-06-12": {
					"avg": 178,
					"count": 2,
					"min": 40,
					"max": 316
				},
				"2023-06-13": {
					"avg": 45,
					"count": 4,
					"min": 40,
					"max": 47
				},
				"2023-06-14": {
					"avg": 145,
					"count": 3,
					"min": 68,
					"max": 288
				},
				"2023-06-15": {
					"avg": 302,
					"count": 7,
					"min": 47,
					"max": 557
				},
				"2023-06-16": {
					"avg": 47,
					"count": 1,
					"min": 47,
					"max": 47
				},
				"2023-06-17": {
					"avg": 114,
					"count": 3,
					"min": 47,
					"max": 199
				},
				"2023-06-18": {
					"avg": 134,
					"count": 5,
					"min": 95,
					"max": 226
				},
				"2023-06-20": {
					"avg": 101,
					"count": 4,
					"min": 47,
					"max": 198
				},
				"2023-06-21": {
					"avg": 43,
					"count": 3,
					"min": 37,
					"max": 54
				},
				"2023-06-22": {
					"avg": 215,
					"count": 10,
					"min": 47,
					"max": 675
				},
				"2023-06-23": {
					"avg": 316,
					"count": 12,
					"min": 99,
					"max": 450
				},
				"2023-06-24": {
					"avg": 65,
					"count": 3,
					"min": 48,
					"max": 100
				},
				"2023-06-25": {
					"avg": 199,
					"count": 1,
					"min": 199,
					"max": 199
				},
				"2023-06-26": {
					"avg": 132,
					"count": 7,
					"min": 99,
					"max": 250
				},
				"2023-06-27": {
					"avg": 83,
					"count": 1,
					"min": 83,
					"max": 83
				},
				"2023-06-28": {
					"avg": 114,
					"count": 3,
					"min": 50,
					"max": 146
				},
				"2023-06-29": {
					"avg": 62,
					"count": 4,
					"min": 50,
					"max": 99
				},
				"2023-06-30": {
					"avg": 53,
					"count": 10,
					"min": 25,
					"max": 148
				},
				"2023-07-01": {
					"avg": 420,
					"count": 1,
					"min": 420,
					"max": 420
				},
				"2023-07-02": {
					"avg": 133,
					"count": 2,
					"min": 41,
					"max": 225
				},
				"2023-07-03": {
					"avg": 52,
					"count": 4,
					"min": 42,
					"max": 73
				},
				"2023-07-04": {
					"avg": 118,
					"count": 5,
					"min": 42,
					"max": 219
				},
				"2023-07-06": {
					"avg": 109,
					"count": 3,
					"min": 30,
					"max": 180
				},
				"2023-07-07": {
					"avg": 147,
					"count": 1,
					"min": 147,
					"max": 147
				},
				"2023-07-08": {
					"avg": 93,
					"count": 3,
					"min": 44,
					"max": 138
				},
				"2023-07-09": {
					"avg": 79,
					"count": 1,
					"min": 79,
					"max": 79
				},
				"2023-07-10": {
					"avg": 252,
					"count": 3,
					"min": 110,
					"max": 446
				},
				"2023-07-13": {
					"avg": 76,
					"count": 3,
					"min": 40,
					"max": 147
				},
				"2023-07-14": {
					"avg": 151,
					"count": 1,
					"min": 151,
					"max": 151
				},
				"2023-07-15": {
					"avg": 119,
					"count": 2,
					"min": 99,
					"max": 138
				},
				"2023-07-16": {
					"avg": 279,
					"count": 5,
					"min": 39,
					"max": 1049
				},
				"2023-07-17": {
					"avg": 97,
					"count": 4,
					"min": 89,
					"max": 119
				},
				"2023-07-18": {
					"avg": 159,
					"count": 1,
					"min": 159,
					"max": 159
				},
				"2023-07-19": {
					"avg": 152,
					"count": 6,
					"min": 50,
					"max": 449
				},
				"2023-07-20": {
					"avg": 134,
					"count": 9,
					"min": 35,
					"max": 334
				},
				"2023-07-21": {
					"avg": 76,
					"count": 3,
					"min": 50,
					"max": 110
				},
				"2023-07-22": {
					"avg": 118,
					"count": 7,
					"min": 36,
					"max": 199
				},
				"2023-07-23": {
					"avg": 132,
					"count": 3,
					"min": 35,
					"max": 213
				},
				"2023-07-24": {
					"avg": 179,
					"count": 5,
					"min": 35,
					"max": 247
				},
				"2023-07-25": {
					"avg": 138,
					"count": 14,
					"min": 18,
					"max": 416
				},
				"2023-07-26": {
					"avg": 96,
					"count": 3,
					"min": 35,
					"max": 144
				},
				"2023-07-27": {
					"avg": 63,
					"count": 1,
					"min": 63,
					"max": 63
				},
				"2023-07-28": {
					"avg": 140,
					"count": 1,
					"min": 140,
					"max": 140
				},
				"2023-07-29": {
					"avg": 85,
					"count": 7,
					"min": 27,
					"max": 214
				},
				"2023-07-30": {
					"avg": 737,
					"count": 1,
					"min": 737,
					"max": 737
				},
				"2023-07-31": {
					"avg": 368,
					"count": 4,
					"min": 35,
					"max": 839
				},
				"2023-08-01": {
					"avg": 191,
					"count": 8,
					"min": 44,
					"max": 449
				},
				"2023-08-02": {
					"avg": 107,
					"count": 5,
					"min": 31,
					"max": 250
				},
				"2023-08-03": {
					"avg": 45,
					"count": 1,
					"min": 45,
					"max": 45
				},
				"2023-08-04": {
					"avg": 64,
					"count": 3,
					"min": 19,
					"max": 113
				},
				"2023-08-05": {
					"avg": 75,
					"count": 4,
					"min": 29,
					"max": 118
				},
				"2023-08-06": {
					"avg": 105,
					"count": 4,
					"min": 19,
					"max": 160
				},
				"2023-08-07": {
					"avg": 204,
					"count": 16,
					"min": 30,
					"max": 529
				},
				"2023-08-08": {
					"avg": 31,
					"count": 2,
					"min": 31,
					"max": 31
				},
				"2023-08-09": {
					"avg": 46,
					"count": 7,
					"min": 29,
					"max": 118
				},
				"2023-08-10": {
					"avg": 97,
					"count": 4,
					"min": 75,
					"max": 128
				},
				"2023-08-11": {
					"avg": 168,
					"count": 4,
					"min": 60,
					"max": 301
				},
				"2023-08-12": {
					"avg": 123,
					"count": 5,
					"min": 110,
					"max": 128
				},
				"2023-08-14": {
					"avg": 97,
					"count": 6,
					"min": 31,
					"max": 120
				},
				"2023-08-15": {
					"avg": 140,
					"count": 3,
					"min": 56,
					"max": 301
				},
				"2023-08-16": {
					"avg": 172,
					"count": 22,
					"min": 25,
					"max": 608
				},
				"2023-08-18": {
					"avg": 238,
					"count": 2,
					"min": 26,
					"max": 449
				},
				"2023-08-19": {
					"avg": 30,
					"count": 1,
					"min": 30,
					"max": 30
				},
				"2023-08-20": {
					"avg": 85,
					"count": 3,
					"min": 38,
					"max": 117
				},
				"2023-08-21": {
					"avg": 128,
					"count": 1,
					"min": 128,
					"max": 128
				},
				"2023-08-23": {
					"avg": 778,
					"count": 3,
					"min": 68,
					"max": 2100
				},
				"2023-08-24": {
					"avg": 287,
					"count": 2,
					"min": 147,
					"max": 427
				},
				"2023-08-25": {
					"avg": 144,
					"count": 12,
					"min": 18,
					"max": 395
				},
				"2023-08-26": {
					"avg": 100,
					"count": 1,
					"min": 100,
					"max": 100
				},
				"2023-08-27": {
					"avg": 121,
					"count": 7,
					"min": 15,
					"max": 308
				},
				"2023-08-28": {
					"avg": 62,
					"count": 4,
					"min": 35,
					"max": 139
				},
				"2023-08-29": {
					"avg": 72,
					"count": 2,
					"min": 40,
					"max": 104
				},
				"2023-08-30": {
					"avg": 41,
					"count": 3,
					"min": 31,
					"max": 61
				},
				"2023-08-31": {
					"avg": 229,
					"count": 1,
					"min": 229,
					"max": 229
				},
				"2023-09-01": {
					"avg": 176,
					"count": 1,
					"min": 176,
					"max": 176
				},
				"2023-09-02": {
					"avg": 141,
					"count": 20,
					"min": 61,
					"max": 257
				},
				"2023-09-03": {
					"avg": 104,
					"count": 1,
					"min": 104,
					"max": 104
				},
				"2023-09-04": {
					"avg": 33,
					"count": 2,
					"min": 33,
					"max": 33
				},
				"2023-09-05": {
					"avg": 218,
					"count": 1,
					"min": 218,
					"max": 218
				},
				"2023-09-06": {
					"avg": 34,
					"count": 1,
					"min": 34,
					"max": 34
				},
				"2023-09-07": {
					"avg": 148,
					"count": 4,
					"min": 35,
					"max": 229
				},
				"2023-09-08": {
					"avg": 224,
					"count": 3,
					"min": 100,
					"max": 318
				},
				"2023-09-09": {
					"avg": 236,
					"count": 19,
					"min": 31,
					"max": 533
				},
				"2023-09-10": {
					"avg": 34,
					"count": 3,
					"min": 33,
					"max": 35
				},
				"2023-09-11": {
					"avg": 92,
					"count": 3,
					"min": 42,
					"max": 156
				},
				"2023-09-12": {
					"avg": 127,
					"count": 4,
					"min": 35,
					"max": 294
				},
				"2023-09-13": {
					"avg": 366,
					"count": 5,
					"min": 36,
					"max": 598
				},
				"2023-09-14": {
					"avg": 97,
					"count": 7,
					"min": 20,
					"max": 255
				},
				"2023-09-15": {
					"avg": 115,
					"count": 4,
					"min": 57,
					"max": 199
				},
				"2023-09-16": {
					"avg": 63,
					"count": 2,
					"min": 57,
					"max": 69
				},
				"2023-09-17": {
					"avg": 108,
					"count": 3,
					"min": 36,
					"max": 214
				},
				"2023-09-19": {
					"avg": 93,
					"count": 6,
					"min": 20,
					"max": 334
				},
				"2023-09-20": {
					"avg": 56,
					"count": 3,
					"min": 20,
					"max": 124
				},
				"2023-09-21": {
					"avg": 96,
					"count": 1,
					"min": 96,
					"max": 96
				},
				"2023-09-22": {
					"avg": 25,
					"count": 1,
					"min": 25,
					"max": 25
				},
				"2023-09-23": {
					"avg": 187,
					"count": 6,
					"min": 48,
					"max": 239
				},
				"2023-09-25": {
					"avg": 101,
					"count": 7,
					"min": 25,
					"max": 255
				},
				"2023-09-26": {
					"avg": 185,
					"count": 5,
					"min": 25,
					"max": 513
				},
				"2023-09-27": {
					"avg": 25,
					"count": 1,
					"min": 25,
					"max": 25
				},
				"2023-09-29": {
					"avg": 154,
					"count": 4,
					"min": 71,
					"max": 246
				},
				"2023-09-30": {
					"avg": 63,
					"count": 2,
					"min": 25,
					"max": 100
				},
				"2023-10-01": {
					"avg": 170,
					"count": 1,
					"min": 170,
					"max": 170
				},
				"2023-10-02": {
					"avg": 102,
					"count": 1,
					"min": 102,
					"max": 102
				},
				"2023-10-03": {
					"avg": 139,
					"count": 2,
					"min": 139,
					"max": 139
				},
				"2023-10-04": {
					"avg": 147,
					"count": 4,
					"min": 102,
					"max": 170
				},
				"2023-10-05": {
					"avg": 99,
					"count": 1,
					"min": 99,
					"max": 99
				},
				"2023-10-06": {
					"avg": 87,
					"count": 3,
					"min": 49,
					"max": 110
				},
				"2023-10-08": {
					"avg": 66,
					"count": 5,
					"min": 25,
					"max": 108
				},
				"2023-10-09": {
					"avg": 76,
					"count": 15,
					"min": 25,
					"max": 164
				},
				"2023-10-10": {
					"avg": 30,
					"count": 1,
					"min": 30,
					"max": 30
				},
				"2023-10-11": {
					"avg": 322,
					"count": 2,
					"min": 119,
					"max": 524
				},
				"2023-10-12": {
					"avg": 128,
					"count": 6,
					"min": 65,
					"max": 185
				},
				"2023-10-13": {
					"avg": 93,
					"count": 2,
					"min": 40,
					"max": 145
				},
				"2023-10-16": {
					"avg": 320,
					"count": 5,
					"min": 75,
					"max": 474
				},
				"2023-10-17": {
					"avg": 124,
					"count": 4,
					"min": 25,
					"max": 413
				},
				"2023-10-18": {
					"avg": 136,
					"count": 6,
					"min": 76,
					"max": 162
				},
				"2023-10-19": {
					"avg": 110,
					"count": 6,
					"min": 25,
					"max": 134
				},
				"2023-10-20": {
					"avg": 142,
					"count": 9,
					"min": 126,
					"max": 164
				},
				"2023-10-21": {
					"avg": 39,
					"count": 3,
					"min": 29,
					"max": 50
				},
				"2023-10-22": {
					"avg": 39,
					"count": 1,
					"min": 39,
					"max": 39
				},
				"2023-10-23": {
					"avg": 130,
					"count": 3,
					"min": 39,
					"max": 303
				},
				"2023-10-24": {
					"avg": 333,
					"count": 1,
					"min": 333,
					"max": 333
				},
				"2023-10-25": {
					"avg": 85,
					"count": 3,
					"min": 31,
					"max": 139
				},
				"2023-10-26": {
					"avg": 201,
					"count": 4,
					"min": 79,
					"max": 413
				},
				"2023-10-27": {
					"avg": 144,
					"count": 3,
					"min": 34,
					"max": 303
				},
				"2023-10-28": {
					"avg": 192,
					"count": 2,
					"min": 170,
					"max": 215
				},
				"2023-10-29": {
					"avg": 272,
					"count": 5,
					"min": 29,
					"max": 669
				},
				"2023-10-30": {
					"avg": 223,
					"count": 6,
					"min": 79,
					"max": 413
				},
				"2023-10-31": {
					"avg": 42,
					"count": 4,
					"min": 29,
					"max": 51
				},
				"2023-11-01": {
					"avg": 89,
					"count": 1,
					"min": 89,
					"max": 89
				},
				"2023-11-02": {
					"avg": 225,
					"count": 4,
					"min": 44,
					"max": 364
				},
				"2023-11-03": {
					"avg": 143,
					"count": 2,
					"min": 98,
					"max": 188
				},
				"2023-11-04": {
					"avg": 216,
					"count": 3,
					"min": 29,
					"max": 541
				},
				"2023-11-05": {
					"avg": 100,
					"count": 2,
					"min": 84,
					"max": 116
				},
				"2023-11-06": {
					"avg": 76,
					"count": 2,
					"min": 34,
					"max": 119
				},
				"2023-11-07": {
					"avg": 117,
					"count": 2,
					"min": 35,
					"max": 199
				},
				"2023-11-08": {
					"avg": 54,
					"count": 3,
					"min": 34,
					"max": 92
				},
				"2023-11-09": {
					"avg": 34,
					"count": 1,
					"min": 34,
					"max": 34
				},
				"2023-11-10": {
					"avg": 137,
					"count": 2,
					"min": 125,
					"max": 148
				},
				"2023-11-11": {
					"avg": 65,
					"count": 2,
					"min": 40,
					"max": 90
				},
				"2023-11-12": {
					"avg": 117,
					"count": 2,
					"min": 34,
					"max": 200
				},
				"2023-11-13": {
					"avg": 449,
					"count": 1,
					"min": 449,
					"max": 449
				},
				"2023-11-14": {
					"avg": 72,
					"count": 2,
					"min": 41,
					"max": 102
				},
				"2023-11-15": {
					"avg": 115,
					"count": 4,
					"min": 41,
					"max": 197
				},
				"2023-11-17": {
					"avg": 298,
					"count": 5,
					"min": 117,
					"max": 706
				},
				"2023-11-18": {
					"avg": 75,
					"count": 5,
					"min": 36,
					"max": 99
				},
				"2023-11-19": {
					"avg": 116,
					"count": 1,
					"min": 116,
					"max": 116
				},
				"2023-11-20": {
					"avg": 148,
					"count": 2,
					"min": 96,
					"max": 199
				},
				"2023-11-21": {
					"avg": 83,
					"count": 2,
					"min": 26,
					"max": 139
				},
				"2023-11-22": {
					"avg": 54,
					"count": 3,
					"min": 32,
					"max": 99
				},
				"2023-11-24": {
					"avg": 135,
					"count": 31,
					"min": 19,
					"max": 416
				},
				"2023-11-25": {
					"avg": 85,
					"count": 2,
					"min": 83,
					"max": 86
				},
				"2023-11-26": {
					"avg": 83,
					"count": 3,
					"min": 29,
					"max": 159
				},
				"2023-11-27": {
					"avg": 142,
					"count": 4,
					"min": 45,
					"max": 223
				},
				"2024-05-15": {
					"avg": 166,
					"count": 1,
					"min": 166,
					"max": 166
				},
				"2024-05-16": {
					"avg": 306,
					"count": 7,
					"min": 38,
					"max": 390
				},
				"2024-05-17": {
					"avg": 233,
					"count": 59,
					"min": 19,
					"max": 523
				},
				"2024-05-18": {
					"avg": 182,
					"count": 32,
					"min": 25,
					"max": 527
				},
				"2024-05-19": {
					"avg": 116,
					"count": 7,
					"min": 25,
					"max": 449
				},
				"2024-05-20": {
					"avg": 189,
					"count": 2,
					"min": 169,
					"max": 208
				},
				"2024-05-21": {
					"avg": 238,
					"count": 10,
					"min": 37,
					"max": 356
				},
				"2024-05-22": {
					"avg": 223,
					"count": 2,
					"min": 46,
					"max": 399
				},
				"2024-05-24": {
					"avg": 85,
					"count": 2,
					"min": 32,
					"max": 138
				},
				"2024-05-26": {
					"avg": 100,
					"count": 1,
					"min": 100,
					"max": 100
				},
				"2024-05-27": {
					"avg": 128,
					"count": 13,
					"min": 38,
					"max": 160
				},
				"2024-05-29": {
					"avg": 162,
					"count": 3,
					"min": 18,
					"max": 414
				},
				"2024-05-30": {
					"avg": 84,
					"count": 2,
					"min": 28,
					"max": 140
				},
				"2024-06-01": {
					"avg": 104,
					"count": 2,
					"min": 48,
					"max": 159
				},
				"2024-06-02": {
					"avg": 41,
					"count": 3,
					"min": 30,
					"max": 53
				},
				"2024-06-03": {
					"avg": 272,
					"count": 2,
					"min": 272,
					"max": 272
				},
				"2024-06-04": {
					"avg": 60,
					"count": 2,
					"min": 29,
					"max": 91
				},
				"2024-06-05": {
					"avg": 111,
					"count": 2,
					"min": 105,
					"max": 117
				},
				"2024-06-06": {
					"avg": 132,
					"count": 2,
					"min": 93,
					"max": 170
				},
				"2024-06-07": {
					"avg": 144,
					"count": 4,
					"min": 94,
					"max": 172
				},
				"2024-06-08": {
					"avg": 464,
					"count": 1,
					"min": 464,
					"max": 464
				},
				"2024-06-09": {
					"avg": 142,
					"count": 1,
					"min": 142,
					"max": 142
				},
				"2024-06-11": {
					"avg": 116,
					"count": 2,
					"min": 100,
					"max": 131
				},
				"2024-06-12": {
					"avg": 39,
					"count": 1,
					"min": 39,
					"max": 39
				},
				"2024-06-14": {
					"avg": 142,
					"count": 1,
					"min": 142,
					"max": 142
				},
				"2024-06-15": {
					"avg": 193,
					"count": 1,
					"min": 193,
					"max": 193
				},
				"2024-06-17": {
					"avg": 139,
					"count": 4,
					"min": 75,
					"max": 170
				},
				"2024-06-18": {
					"avg": 143,
					"count": 3,
					"min": 88,
					"max": 193
				},
				"2024-06-19": {
					"avg": 124,
					"count": 2,
					"min": 100,
					"max": 147
				},
				"2024-06-20": {
					"avg": 469,
					"count": 1,
					"min": 469,
					"max": 469
				},
				"2024-06-21": {
					"avg": 136,
					"count": 2,
					"min": 75,
					"max": 197
				},
				"2024-06-22": {
					"avg": 55,
					"count": 1,
					"min": 55,
					"max": 55
				},
				"2024-06-23": {
					"avg": 158,
					"count": 12,
					"min": 94,
					"max": 220
				},
				"2024-06-24": {
					"avg": 100,
					"count": 1,
					"min": 100,
					"max": 100
				},
				"2024-06-25": {
					"avg": 124,
					"count": 1,
					"min": 124,
					"max": 124
				},
				"2024-06-26": {
					"avg": 2076,
					"count": 1,
					"min": 2076,
					"max": 2076
				},
				"2024-06-28": {
					"avg": 47,
					"count": 1,
					"min": 47,
					"max": 47
				},
				"2024-07-02": {
					"avg": 308,
					"count": 2,
					"min": 43,
					"max": 573
				},
				"2024-07-03": {
					"avg": 252,
					"count": 2,
					"min": 147,
					"max": 356
				},
				"2024-07-04": {
					"avg": 49,
					"count": 9,
					"min": 49,
					"max": 49
				},
				"2024-07-07": {
					"avg": 107,
					"count": 4,
					"min": 28,
					"max": 224
				},
				"2024-07-09": {
					"avg": 78,
					"count": 1,
					"min": 78,
					"max": 78
				},
				"2024-07-15": {
					"avg": 25,
					"count": 1,
					"min": 25,
					"max": 25
				},
				"2024-07-16": {
					"avg": 65,
					"count": 4,
					"min": 42,
					"max": 124
				},
				"2024-07-17": {
					"avg": 161,
					"count": 1,
					"min": 161,
					"max": 161
				},
				"2024-07-19": {
					"avg": 220,
					"count": 1,
					"min": 220,
					"max": 220
				},
				"2024-07-20": {
					"avg": 195,
					"count": 5,
					"min": 35,
					"max": 294
				},
				"2024-07-21": {
					"avg": 47,
					"count": 1,
					"min": 47,
					"max": 47
				},
				"2024-07-22": {
					"avg": 79,
					"count": 3,
					"min": 37,
					"max": 100
				},
				"2024-07-24": {
					"avg": 42,
					"count": 1,
					"min": 42,
					"max": 42
				},
				"2024-07-25": {
					"avg": 199,
					"count": 2,
					"min": 199,
					"max": 199
				},
				"2024-07-26": {
					"avg": 29,
					"count": 3,
					"min": 29,
					"max": 29
				},
				"2024-07-27": {
					"avg": 119,
					"count": 2,
					"min": 30,
					"max": 207
				},
				"2024-07-28": {
					"avg": 56,
					"count": 2,
					"min": 30,
					"max": 81
				},
				"2024-07-29": {
					"avg": 170,
					"count": 1,
					"min": 170,
					"max": 170
				},
				"2024-08-01": {
					"avg": 1055,
					"count": 1,
					"min": 1055,
					"max": 1055
				},
				"2024-08-02": {
					"avg": 126,
					"count": 7,
					"min": 44,
					"max": 179
				},
				"2024-08-03": {
					"avg": 47,
					"count": 1,
					"min": 47,
					"max": 47
				},
				"2024-08-04": {
					"avg": 78,
					"count": 2,
					"min": 31,
					"max": 124
				},
				"2024-08-05": {
					"avg": 172,
					"count": 2,
					"min": 157,
					"max": 186
				},
				"2024-08-07": {
					"avg": 80,
					"count": 1,
					"min": 80,
					"max": 80
				},
				"2024-08-09": {
					"avg": 106,
					"count": 2,
					"min": 49,
					"max": 162
				},
				"2024-08-10": {
					"avg": 114,
					"count": 3,
					"min": 47,
					"max": 160
				},
				"2024-08-11": {
					"avg": 61,
					"count": 2,
					"min": 42,
					"max": 80
				},
				"2024-08-12": {
					"avg": 42,
					"count": 2,
					"min": 35,
					"max": 48
				},
				"2024-08-13": {
					"avg": 48,
					"count": 1,
					"min": 48,
					"max": 48
				},
				"2024-08-17": {
					"avg": 141,
					"count": 1,
					"min": 141,
					"max": 141
				},
				"2024-08-18": {
					"avg": 149,
					"count": 1,
					"min": 149,
					"max": 149
				},
				"2024-08-19": {
					"avg": 83,
					"count": 3,
					"min": 35,
					"max": 164
				},
				"2024-08-20": {
					"avg": 106,
					"count": 9,
					"min": 78,
					"max": 174
				},
				"2024-08-21": {
					"avg": 31,
					"count": 1,
					"min": 31,
					"max": 31
				},
				"2024-08-22": {
					"avg": 48,
					"count": 2,
					"min": 48,
					"max": 48
				},
				"2024-08-23": {
					"avg": 35,
					"count": 1,
					"min": 35,
					"max": 35
				},
				"2024-08-24": {
					"avg": 151,
					"count": 4,
					"min": 150,
					"max": 152
				},
				"2024-08-25": {
					"avg": 154,
					"count": 1,
					"min": 154,
					"max": 154
				},
				"2024-08-26": {
					"avg": 150,
					"count": 1,
					"min": 150,
					"max": 150
				},
				"2024-08-27": {
					"avg": 81,
					"count": 4,
					"min": 21,
					"max": 157
				},
				"2024-08-28": {
					"avg": 94,
					"count": 3,
					"min": 35,
					"max": 124
				},
				"2024-08-30": {
					"avg": 272,
					"count": 1,
					"min": 272,
					"max": 272
				},
				"2024-08-31": {
					"avg": 302,
					"count": 2,
					"min": 35,
					"max": 569
				},
				"2024-09-01": {
					"avg": 64,
					"count": 4,
					"min": 28,
					"max": 160
				},
				"2024-09-02": {
					"avg": 110,
					"count": 3,
					"min": 33,
					"max": 197
				},
				"2024-09-03": {
					"avg": 25,
					"count": 17,
					"min": 24,
					"max": 33
				},
				"2024-09-04": {
					"avg": 32,
					"count": 2,
					"min": 31,
					"max": 33
				},
				"2024-09-05": {
					"avg": 35,
					"count": 11,
					"min": 35,
					"max": 35
				},
				"2024-09-06": {
					"avg": 146,
					"count": 1,
					"min": 146,
					"max": 146
				},
				"2024-09-07": {
					"avg": 50,
					"count": 1,
					"min": 50,
					"max": 50
				},
				"2024-09-08": {
					"avg": 136,
					"count": 1,
					"min": 136,
					"max": 136
				},
				"2024-09-11": {
					"avg": 35,
					"count": 1,
					"min": 35,
					"max": 35
				},
				"2024-09-12": {
					"avg": 50,
					"count": 1,
					"min": 50,
					"max": 50
				},
				"2024-09-13": {
					"avg": 35,
					"count": 1,
					"min": 35,
					"max": 35
				},
				"2024-09-15": {
					"avg": 108,
					"count": 1,
					"min": 108,
					"max": 108
				},
				"2024-09-17": {
					"avg": 308,
					"count": 3,
					"min": 60,
					"max": 673
				},
				"2024-09-18": {
					"avg": 126,
					"count": 5,
					"min": 34,
					"max": 157
				},
				"2024-09-19": {
					"avg": 167,
					"count": 3,
					"min": 162,
					"max": 178
				},
				"2024-09-21": {
					"avg": 86,
					"count": 2,
					"min": 34,
					"max": 137
				},
				"2024-09-22": {
					"avg": 161,
					"count": 2,
					"min": 49,
					"max": 272
				},
				"2024-09-23": {
					"avg": 136,
					"count": 1,
					"min": 136,
					"max": 136
				}
			},
			"avg": 150,
			"avg7": 216,
			"avg28": 216
		},
		"normal-nearmint": {
			"history": {
				"2024-05-24": {
					"avg": 199,
					"count": 1,
					"min": 199,
					"max": 199
				},
				"2024-05-25": {
					"avg": 220,
					"count": 5,
					"min": 66,
					"max": 347
				},
				"2024-05-27": {
					"avg": 242,
					"count": 3,
					"min": 199,
					"max": 278
				},
				"2024-05-29": {
					"avg": 99,
					"count": 1,
					"min": 99,
					"max": 99
				},
				"2024-05-30": {
					"avg": 70,
					"count": 1,
					"min": 70,
					"max": 70
				},
				"2024-05-31": {
					"avg": 162,
					"count": 3,
					"min": 79,
					"max": 209
				},
				"2024-06-01": {
					"avg": 351,
					"count": 1,
					"min": 351,
					"max": 351
				},
				"2024-06-05": {
					"avg": 248,
					"count": 1,
					"min": 248,
					"max": 248
				},
				"2024-06-06": {
					"avg": 272,
					"count": 4,
					"min": 218,
					"max": 324
				},
				"2024-06-07": {
					"avg": 216,
					"count": 3,
					"min": 100,
					"max": 300
				},
				"2024-06-08": {
					"avg": 80,
					"count": 2,
					"min": 59,
					"max": 100
				},
				"2024-06-09": {
					"avg": 170,
					"count": 4,
					"min": 59,
					"max": 249
				},
				"2024-06-10": {
					"avg": 147,
					"count": 1,
					"min": 147,
					"max": 147
				},
				"2024-06-11": {
					"avg": 225,
					"count": 2,
					"min": 57,
					"max": 393
				},
				"2024-06-13": {
					"avg": 303,
					"count": 1,
					"min": 303,
					"max": 303
				},
				"2024-06-14": {
					"avg": 195,
					"count": 2,
					"min": 162,
					"max": 227
				},
				"2024-06-15": {
					"avg": 224,
					"count": 2,
					"min": 221,
					"max": 227
				},
				"2024-06-16": {
					"avg": 161,
					"count": 1,
					"min": 161,
					"max": 161
				},
				"2024-06-17": {
					"avg": 118,
					"count": 2,
					"min": 39,
					"max": 197
				},
				"2024-06-18": {
					"avg": 281,
					"count": 7,
					"min": 39,
					"max": 626
				},
				"2024-06-19": {
					"avg": 307,
					"count": 4,
					"min": 161,
					"max": 598
				},
				"2024-06-20": {
					"avg": 156,
					"count": 2,
					"min": 148,
					"max": 164
				},
				"2024-06-23": {
					"avg": 648,
					"count": 1,
					"min": 648,
					"max": 648
				},
				"2024-06-24": {
					"avg": 450,
					"count": 2,
					"min": 301,
					"max": 599
				},
				"2024-06-25": {
					"avg": 314,
					"count": 1,
					"min": 314,
					"max": 314
				},
				"2024-06-26": {
					"avg": 64,
					"count": 2,
					"min": 60,
					"max": 67
				},
				"2024-06-28": {
					"avg": 168,
					"count": 2,
					"min": 158,
					"max": 177
				},
				"2024-06-30": {
					"avg": 80,
					"count": 1,
					"min": 80,
					"max": 80
				},
				"2024-07-01": {
					"avg": 112,
					"count": 3,
					"min": 40,
					"max": 195
				},
				"2024-07-02": {
					"avg": 98,
					"count": 1,
					"min": 98,
					"max": 98
				},
				"2024-07-03": {
					"avg": 97,
					"count": 1,
					"min": 97,
					"max": 97
				},
				"2024-07-04": {
					"avg": 75,
					"count": 1,
					"min": 75,
					"max": 75
				},
				"2024-07-05": {
					"avg": 244,
					"count": 1,
					"min": 244,
					"max": 244
				},
				"2024-07-06": {
					"avg": 176,
					"count": 5,
					"min": 40,
					"max": 222
				},
				"2024-07-07": {
					"avg": 90,
					"count": 2,
					"min": 40,
					"max": 139
				},
				"2024-07-08": {
					"avg": 162,
					"count": 3,
					"min": 75,
					"max": 248
				},
				"2024-07-10": {
					"avg": 249,
					"count": 1,
					"min": 249,
					"max": 249
				},
				"2024-07-11": {
					"avg": 40,
					"count": 2,
					"min": 40,
					"max": 40
				},
				"2024-07-12": {
					"avg": 40,
					"count": 1,
					"min": 40,
					"max": 40
				},
				"2024-07-13": {
					"avg": 349,
					"count": 2,
					"min": 198,
					"max": 499
				},
				"2024-07-14": {
					"avg": 161,
					"count": 1,
					"min": 161,
					"max": 161
				},
				"2024-07-15": {
					"avg": 98,
					"count": 1,
					"min": 98,
					"max": 98
				},
				"2024-07-16": {
					"avg": 214,
					"count": 1,
					"min": 214,
					"max": 214
				},
				"2024-07-17": {
					"avg": 74,
					"count": 1,
					"min": 74,
					"max": 74
				},
				"2024-07-18": {
					"avg": 599,
					"count": 3,
					"min": 599,
					"max": 599
				},
				"2024-07-19": {
					"avg": 167,
					"count": 1,
					"min": 167,
					"max": 167
				},
				"2024-07-20": {
					"avg": 98,
					"count": 1,
					"min": 98,
					"max": 98
				},
				"2024-07-21": {
					"avg": 474,
					"count": 1,
					"min": 474,
					"max": 474
				},
				"2024-07-22": {
					"avg": 215,
					"count": 3,
					"min": 167,
					"max": 290
				},
				"2024-07-24": {
					"avg": 199,
					"count": 9,
					"min": 79,
					"max": 230
				},
				"2024-07-26": {
					"avg": 347,
					"count": 1,
					"min": 347,
					"max": 347
				},
				"2024-07-27": {
					"avg": 340,
					"count": 3,
					"min": 139,
					"max": 679
				},
				"2024-07-28": {
					"avg": 40,
					"count": 1,
					"min": 40,
					"max": 40
				},
				"2024-07-29": {
					"avg": 136,
					"count": 3,
					"min": 55,
					"max": 185
				},
				"2024-07-30": {
					"avg": 1094,
					"count": 1,
					"min": 1094,
					"max": 1094
				},
				"2024-07-31": {
					"avg": 175,
					"count": 1,
					"min": 175,
					"max": 175
				},
				"2024-08-01": {
					"avg": 499,
					"count": 1,
					"min": 499,
					"max": 499
				},
				"2024-08-03": {
					"avg": 347,
					"count": 1,
					"min": 347,
					"max": 347
				},
				"2024-08-04": {
					"avg": 542,
					"count": 1,
					"min": 542,
					"max": 542
				},
				"2024-08-05": {
					"avg": 198,
					"count": 1,
					"min": 198,
					"max": 198
				},
				"2024-08-06": {
					"avg": 474,
					"count": 2,
					"min": 199,
					"max": 748
				},
				"2024-08-07": {
					"avg": 148,
					"count": 4,
					"min": 55,
					"max": 295
				},
				"2024-08-08": {
					"avg": 69,
					"count": 1,
					"min": 69,
					"max": 69
				},
				"2024-08-09": {
					"avg": 67,
					"count": 3,
					"min": 67,
					"max": 67
				},
				"2024-08-10": {
					"avg": 182,
					"count": 3,
					"min": 97,
					"max": 249
				},
				"2024-08-11": {
					"avg": 56,
					"count": 2,
					"min": 49,
					"max": 63
				},
				"2024-08-12": {
					"avg": 261,
					"count": 3,
					"min": 97,
					"max": 347
				},
				"2024-08-13": {
					"avg": 274,
					"count": 3,
					"min": 139,
					"max": 500
				},
				"2024-08-14": {
					"avg": 249,
					"count": 1,
					"min": 249,
					"max": 249
				},
				"2024-08-16": {
					"avg": 332,
					"count": 3,
					"min": 167,
					"max": 599
				},
				"2024-08-17": {
					"avg": 343,
					"count": 4,
					"min": 61,
					"max": 896
				},
				"2024-08-18": {
					"avg": 178,
					"count": 9,
					"min": 57,
					"max": 599
				},
				"2024-08-19": {
					"avg": 169,
					"count": 5,
					"min": 67,
					"max": 208
				},
				"2024-08-20": {
					"avg": 319,
					"count": 1,
					"min": 319,
					"max": 319
				},
				"2024-08-21": {
					"avg": 298,
					"count": 2,
					"min": 248,
					"max": 347
				},
				"2024-08-23": {
					"avg": 160,
					"count": 4,
					"min": 67,
					"max": 248
				},
				"2024-08-24": {
					"avg": 139,
					"count": 7,
					"min": 139,
					"max": 139
				},
				"2024-08-25": {
					"avg": 367,
					"count": 3,
					"min": 279,
					"max": 542
				},
				"2024-08-26": {
					"avg": 423,
					"count": 2,
					"min": 97,
					"max": 748
				},
				"2024-08-28": {
					"avg": 131,
					"count": 2,
					"min": 53,
					"max": 208
				},
				"2024-08-30": {
					"avg": 461,
					"count": 2,
					"min": 274,
					"max": 648
				},
				"2024-08-31": {
					"avg": 60,
					"count": 4,
					"min": 39,
					"max": 97
				},
				"2024-09-01": {
					"avg": 249,
					"count": 1,
					"min": 249,
					"max": 249
				},
				"2024-09-02": {
					"avg": 39,
					"count": 1,
					"min": 39,
					"max": 39
				},
				"2024-09-03": {
					"avg": 74,
					"count": 29,
					"min": 39,
					"max": 748
				},
				"2024-09-04": {
					"avg": 281,
					"count": 2,
					"min": 249,
					"max": 312
				},
				"2024-09-05": {
					"avg": 41,
					"count": 11,
					"min": 39,
					"max": 58
				},
				"2024-09-06": {
					"avg": 60,
					"count": 1,
					"min": 60,
					"max": 60
				},
				"2024-09-07": {
					"avg": 234,
					"count": 3,
					"min": 53,
					"max": 500
				},
				"2024-09-08": {
					"avg": 183,
					"count": 1,
					"min": 183,
					"max": 183
				},
				"2024-09-10": {
					"avg": 225,
					"count": 1,
					"min": 225,
					"max": 225
				},
				"2024-09-11": {
					"avg": 226,
					"count": 1,
					"min": 226,
					"max": 226
				},
				"2024-09-12": {
					"avg": 116,
					"count": 3,
					"min": 49,
					"max": 249
				},
				"2024-09-13": {
					"avg": 51,
					"count": 2,
					"min": 49,
					"max": 53
				},
				"2024-09-14": {
					"avg": 166,
					"count": 4,
					"min": 49,
					"max": 499
				},
				"2024-09-16": {
					"avg": 150,
					"count": 1,
					"min": 150,
					"max": 150
				},
				"2024-09-17": {
					"avg": 249,
					"count": 1,
					"min": 249,
					"max": 249
				},
				"2024-09-18": {
					"avg": 171,
					"count": 3,
					"min": 97,
					"max": 249
				},
				"2024-09-20": {
					"avg": 235,
					"count": 8,
					"min": 49,
					"max": 599
				},
				"2024-09-21": {
					"avg": 54,
					"count": 1,
					"min": 54,
					"max": 54
				},
				"2024-09-22": {
					"avg": 349,
					"count": 3,
					"min": 53,
					"max": 648
				},
				"2024-09-23": {
					"avg": 218,
					"count": 4,
					"min": 196,
					"max": 278
				}
			},
			"avg": 196,
			"avg7": -1,
			"avg28": -1
		},
		"normal-played": {
			"history": {
				"2024-05-23": {
					"avg": 74,
					"count": 2,
					"min": 74,
					"max": 74
				},
				"2024-05-25": {
					"avg": 47,
					"count": 1,
					"min": 47,
					"max": 47
				},
				"2024-05-26": {
					"avg": 25,
					"count": 1,
					"min": 25,
					"max": 25
				},
				"2024-05-29": {
					"avg": 25,
					"count": 1,
					"min": 25,
					"max": 25
				},
				"2024-06-01": {
					"avg": 27,
					"count": 2,
					"min": 19,
					"max": 35
				},
				"2024-06-06": {
					"avg": 158,
					"count": 1,
					"min": 158,
					"max": 158
				},
				"2024-06-07": {
					"avg": 154,
					"count": 9,
					"min": 17,
					"max": 222
				},
				"2024-06-08": {
					"avg": 74,
					"count": 1,
					"min": 74,
					"max": 74
				},
				"2024-06-09": {
					"avg": 67,
					"count": 2,
					"min": 60,
					"max": 74
				},
				"2024-06-12": {
					"avg": 74,
					"count": 1,
					"min": 74,
					"max": 74
				},
				"2024-06-13": {
					"avg": 228,
					"count": 1,
					"min": 228,
					"max": 228
				},
				"2024-06-17": {
					"avg": 139,
					"count": 1,
					"min": 139,
					"max": 139
				},
				"2024-06-19": {
					"avg": 107,
					"count": 2,
					"min": 74,
					"max": 140
				},
				"2024-06-20": {
					"avg": 110,
					"count": 2,
					"min": 73,
					"max": 147
				},
				"2024-06-22": {
					"avg": 376,
					"count": 2,
					"min": 376,
					"max": 376
				},
				"2024-06-23": {
					"avg": 226,
					"count": 1,
					"min": 226,
					"max": 226
				},
				"2024-06-24": {
					"avg": 71,
					"count": 4,
					"min": 25,
					"max": 138
				},
				"2024-06-25": {
					"avg": 142,
					"count": 1,
					"min": 142,
					"max": 142
				},
				"2024-06-27": {
					"avg": 30,
					"count": 5,
					"min": 30,
					"max": 30
				},
				"2024-06-29": {
					"avg": 181,
					"count": 1,
					"min": 181,
					"max": 181
				},
				"2024-07-02": {
					"avg": 33,
					"count": 3,
					"min": 33,
					"max": 33
				},
				"2024-07-04": {
					"avg": 147,
					"count": 1,
					"min": 147,
					"max": 147
				},
				"2024-07-06": {
					"avg": 15,
					"count": 1,
					"min": 15,
					"max": 15
				},
				"2024-07-08": {
					"avg": 274,
					"count": 2,
					"min": 274,
					"max": 274
				},
				"2024-07-10": {
					"avg": 150,
					"count": 2,
					"min": 25,
					"max": 274
				},
				"2024-07-11": {
					"avg": 27,
					"count": 1,
					"min": 27,
					"max": 27
				},
				"2024-07-13": {
					"avg": 266,
					"count": 1,
					"min": 266,
					"max": 266
				},
				"2024-07-15": {
					"avg": 18,
					"count": 1,
					"min": 18,
					"max": 18
				},
				"2024-07-16": {
					"avg": 18,
					"count": 1,
					"min": 18,
					"max": 18
				},
				"2024-07-17": {
					"avg": 150,
					"count": 1,
					"min": 150,
					"max": 150
				},
				"2024-07-19": {
					"avg": 74,
					"count": 5,
					"min": 28,
					"max": 152
				},
				"2024-07-20": {
					"avg": 151,
					"count": 1,
					"min": 151,
					"max": 151
				},
				"2024-07-22": {
					"avg": 80,
					"count": 3,
					"min": 70,
					"max": 100
				},
				"2024-07-23": {
					"avg": 109,
					"count": 2,
					"min": 47,
					"max": 171
				},
				"2024-07-25": {
					"avg": 25,
					"count": 1,
					"min": 25,
					"max": 25
				},
				"2024-07-26": {
					"avg": 149,
					"count": 5,
					"min": 111,
					"max": 230
				},
				"2024-07-27": {
					"avg": 43,
					"count": 1,
					"min": 43,
					"max": 43
				},
				"2024-07-29": {
					"avg": 35,
					"count": 1,
					"min": 35,
					"max": 35
				},
				"2024-07-31": {
					"avg": 62,
					"count": 3,
					"min": 25,
					"max": 137
				},
				"2024-08-03": {
					"avg": 29,
					"count": 2,
					"min": 27,
					"max": 30
				},
				"2024-08-04": {
					"avg": 92,
					"count": 2,
					"min": 26,
					"max": 158
				},
				"2024-08-12": {
					"avg": 113,
					"count": 1,
					"min": 113,
					"max": 113
				},
				"2024-08-13": {
					"avg": 25,
					"count": 1,
					"min": 25,
					"max": 25
				},
				"2024-08-14": {
					"avg": 93,
					"count": 2,
					"min": 33,
					"max": 152
				},
				"2024-08-15": {
					"avg": 22,
					"count": 1,
					"min": 22,
					"max": 22
				},
				"2024-08-16": {
					"avg": 113,
					"count": 6,
					"min": 23,
					"max": 158
				},
				"2024-08-17": {
					"avg": 172,
					"count": 1,
					"min": 172,
					"max": 172
				},
				"2024-08-18": {
					"avg": 93,
					"count": 3,
					"min": 24,
					"max": 224
				},
				"2024-08-19": {
					"avg": 25,
					"count": 1,
					"min": 25,
					"max": 25
				},
				"2024-08-20": {
					"avg": 44,
					"count": 1,
					"min": 44,
					"max": 44
				},
				"2024-08-21": {
					"avg": 94,
					"count": 4,
					"min": 25,
					"max": 152
				},
				"2024-08-22": {
					"avg": 225,
					"count": 2,
					"min": 145,
					"max": 305
				},
				"2024-08-23": {
					"avg": 368,
					"count": 3,
					"min": 25,
					"max": 1055
				},
				"2024-08-24": {
					"avg": 147,
					"count": 4,
					"min": 147,
					"max": 147
				},
				"2024-08-25": {
					"avg": 38,
					"count": 3,
					"min": 25,
					"max": 64
				},
				"2024-08-26": {
					"avg": 84,
					"count": 1,
					"min": 84,
					"max": 84
				},
				"2024-08-27": {
					"avg": 25,
					"count": 1,
					"min": 25,
					"max": 25
				},
				"2024-08-28": {
					"avg": 150,
					"count": 1,
					"min": 150,
					"max": 150
				},
				"2024-08-29": {
					"avg": 74,
					"count": 2,
					"min": 64,
					"max": 84
				},
				"2024-08-30": {
					"avg": 25,
					"count": 1,
					"min": 25,
					"max": 25
				},
				"2024-08-31": {
					"avg": 59,
					"count": 3,
					"min": 25,
					"max": 127
				},
				"2024-09-02": {
					"avg": 171,
					"count": 1,
					"min": 171,
					"max": 171
				},
				"2024-09-03": {
					"avg": 25,
					"count": 1,
					"min": 25,
					"max": 25
				},
				"2024-09-04": {
					"avg": 43,
					"count": 2,
					"min": 22,
					"max": 64
				},
				"2024-09-06": {
					"avg": 57,
					"count": 9,
					"min": 22,
					"max": 158
				},
				"2024-09-07": {
					"avg": 25,
					"count": 1,
					"min": 25,
					"max": 25
				},
				"2024-09-08": {
					"avg": 295,
					"count": 2,
					"min": 22,
					"max": 568
				},
				"2024-09-09": {
					"avg": 35,
					"count": 1,
					"min": 35,
					"max": 35
				},
				"2024-09-10": {
					"avg": 25,
					"count": 1,
					"min": 25,
					"max": 25
				},
				"2024-09-11": {
					"avg": 30,
					"count": 2,
					"min": 25,
					"max": 35
				},
				"2024-09-12": {
					"avg": 27,
					"count": 1,
					"min": 27,
					"max": 27
				},
				"2024-09-13": {
					"avg": 84,
					"count": 1,
					"min": 84,
					"max": 84
				},
				"2024-09-17": {
					"avg": 26,
					"count": 2,
					"min": 25,
					"max": 26
				},
				"2024-09-18": {
					"avg": 144,
					"count": 3,
					"min": 65,
					"max": 201
				},
				"2024-09-19": {
					"avg": 510,
					"count": 1,
					"min": 510,
					"max": 510
				},
				"2024-09-20": {
					"avg": 81,
					"count": 2,
					"min": 27,
					"max": 134
				},
				"2024-09-21": {
					"avg": 33,
					"count": 1,
					"min": 33,
					"max": 33
				}
			},
			"avg": 105,
			"avg7": -1,
			"avg28": -1
		},
		"normal-poor": {
			"history": {
				"2024-05-25": {
					"avg": 257,
					"count": 1,
					"min": 257,
					"max": 257
				},
				"2024-05-30": {
					"avg": 35,
					"count": 1,
					"min": 35,
					"max": 35
				},
				"2024-06-02": {
					"avg": 29,
					"count": 1,
					"min": 29,
					"max": 29
				},
				"2024-06-03": {
					"avg": 138,
					"count": 1,
					"min": 138,
					"max": 138
				},
				"2024-06-06": {
					"avg": 134,
					"count": 1,
					"min": 134,
					"max": 134
				},
				"2024-06-18": {
					"avg": 99,
					"count": 1,
					"min": 99,
					"max": 99
				},
				"2024-06-20": {
					"avg": 21,
					"count": 2,
					"min": 21,
					"max": 21
				},
				"2024-06-25": {
					"avg": 49,
					"count": 1,
					"min": 49,
					"max": 49
				},
				"2024-06-27": {
					"avg": 47,
					"count": 1,
					"min": 47,
					"max": 47
				},
				"2024-07-13": {
					"avg": 134,
					"count": 1,
					"min": 134,
					"max": 134
				},
				"2024-07-15": {
					"avg": 21,
					"count": 1,
					"min": 21,
					"max": 21
				},
				"2024-07-18": {
					"avg": 19,
					"count": 1,
					"min": 19,
					"max": 19
				},
				"2024-07-23": {
					"avg": 44,
					"count": 7,
					"min": 19,
					"max": 75
				},
				"2024-07-28": {
					"avg": 21,
					"count": 1,
					"min": 21,
					"max": 21
				},
				"2024-08-01": {
					"avg": 20,
					"count": 1,
					"min": 20,
					"max": 20
				},
				"2024-08-07": {
					"avg": 148,
					"count": 1,
					"min": 148,
					"max": 148
				},
				"2024-08-16": {
					"avg": 108,
					"count": 5,
					"min": 21,
					"max": 270
				},
				"2024-08-18": {
					"avg": 653,
					"count": 2,
					"min": 653,
					"max": 653
				},
				"2024-08-22": {
					"avg": 35,
					"count": 2,
					"min": 35,
					"max": 35
				},
				"2024-09-06": {
					"avg": 95,
					"count": 3,
					"min": 23,
					"max": 142
				},
				"2024-09-09": {
					"avg": 37,
					"count": 2,
					"min": 20,
					"max": 54
				},
				"2024-09-11": {
					"avg": 414,
					"count": 1,
					"min": 414,
					"max": 414
				},
				"2024-09-21": {
					"avg": 138,
					"count": 1,
					"min": 138,
					"max": 138
				}
			},
			"avg": 111,
			"avg7": -1,
			"avg28": -1
		},
		"normal-used": {
			"history": {
				"2024-05-29": {
					"avg": 55,
					"count": 2,
					"min": 25,
					"max": 84
				},
				"2024-06-05": {
					"avg": 50,
					"count": 1,
					"min": 50,
					"max": 50
				},
				"2024-06-08": {
					"avg": 25,
					"count": 1,
					"min": 25,
					"max": 25
				},
				"2024-06-10": {
					"avg": 140,
					"count": 1,
					"min": 140,
					"max": 140
				},
				"2024-06-11": {
					"avg": 50,
					"count": 1,
					"min": 50,
					"max": 50
				},
				"2024-06-20": {
					"avg": 28,
					"count": 2,
					"min": 28,
					"max": 28
				},
				"2024-06-28": {
					"avg": 29,
					"count": 1,
					"min": 29,
					"max": 29
				},
				"2024-06-29": {
					"avg": 239,
					"count": 1,
					"min": 239,
					"max": 239
				},
				"2024-07-01": {
					"avg": 157,
					"count": 1,
					"min": 157,
					"max": 157
				},
				"2024-07-04": {
					"avg": 23,
					"count": 1,
					"min": 23,
					"max": 23
				},
				"2024-07-08": {
					"avg": 32,
					"count": 1,
					"min": 32,
					"max": 32
				},
				"2024-07-11": {
					"avg": 124,
					"count": 1,
					"min": 124,
					"max": 124
				},
				"2024-07-14": {
					"avg": 226,
					"count": 2,
					"min": 22,
					"max": 429
				},
				"2024-07-15": {
					"avg": 136,
					"count": 1,
					"min": 136,
					"max": 136
				},
				"2024-07-18": {
					"avg": 115,
					"count": 1,
					"min": 115,
					"max": 115
				},
				"2024-07-23": {
					"avg": 141,
					"count": 1,
					"min": 141,
					"max": 141
				},
				"2024-08-02": {
					"avg": 49,
					"count": 1,
					"min": 49,
					"max": 49
				},
				"2024-08-03": {
					"avg": 141,
					"count": 1,
					"min": 141,
					"max": 141
				},
				"2024-08-05": {
					"avg": 27,
					"count": 1,
					"min": 27,
					"max": 27
				},
				"2024-08-07": {
					"avg": 15,
					"count": 1,
					"min": 15,
					"max": 15
				},
				"2024-08-09": {
					"avg": 152,
					"count": 1,
					"min": 152,
					"max": 152
				},
				"2024-08-11": {
					"avg": 25,
					"count": 1,
					"min": 25,
					"max": 25
				},
				"2024-08-12": {
					"avg": 214,
					"count": 1,
					"min": 214,
					"max": 214
				},
				"2024-08-16": {
					"avg": 153,
					"count": 1,
					"min": 153,
					"max": 153
				},
				"2024-08-20": {
					"avg": 27,
					"count": 1,
					"min": 27,
					"max": 27
				},
				"2024-08-21": {
					"avg": 27,
					"count": 2,
					"min": 14,
					"max": 39
				},
				"2024-09-14": {
					"avg": 26,
					"count": 1,
					"min": 26,
					"max": 26
				},
				"2024-09-16": {
					"avg": 75,
					"count": 1,
					"min": 75,
					"max": 75
				},
				"2024-09-18": {
					"avg": 133,
					"count": 1,
					"min": 133,
					"max": 133
				}
			},
			"avg": 90,
			"avg7": -1,
			"avg28": -1
		}
	}
}