{
	"data": {
		"normal-good": {
			"history": {
				"2022-11-12": {
					"avg": 57,
					"count": 2
				},
				"2022-11-13": {
					"avg": 61,
					"count": 16
				},
				"2022-11-14": {
					"avg": 17,
					"count": 1
				},
				"2022-11-15": {
					"avg": 110,
					"count": 1
				},
				"2022-11-16": {
					"avg": 88,
					"count": 25
				},
				"2022-11-17": {
					"avg": 198,
					"count": 5
				},
				"2022-11-18": {
					"avg": 103,
					"count": 2
				},
				"2022-11-19": {
					"avg": 87,
					"count": 2,
					"min": 20,
					"max": 154
				},
				"2022-11-21": {
					"avg": 13,
					"count": 1,
					"min": 13,
					"max": 13
				},
				"2022-11-22": {
					"avg": 778,
					"count": 17,
					"min": 143,
					"max": 818
				},
				"2022-11-23": {
					"avg": 130,
					"count": 4,
					"min": 115,
					"max": 175
				},
				"2022-11-25": {
					"avg": 98,
					"count": 17,
					"min": 19,
					"max": 269
				},
				"2022-11-26": {
					"avg": 657,
					"count": 88,
					"min": 13,
					"max": 823
				},
				"2022-11-27": {
					"avg": 16,
					"count": 7,
					"min": 16,
					"max": 16
				},
				"2022-11-28": {
					"avg": 66,
					"count": 18,
					"min": 10,
					"max": 71
				},
				"2022-11-29": {
					"avg": 125,
					"count": 3,
					"min": 110,
					"max": 156
				},
				"2022-12-01": {
					"avg": 51,
					"count": 7,
					"min": 38,
					"max": 122
				},
				"2022-12-02": {
					"avg": 15,
					"count": 4,
					"min": 5,
					"max": 25
				},
				"2022-12-03": {
					"avg": 77,
					"count": 2,
					"min": 69,
					"max": 86
				},
				"2022-12-04": {
					"avg": 77,
					"count": 5,
					"min": 13,
					"max": 157
				},
				"2022-12-05": {
					"avg": 66,
					"count": 141,
					"min": 20,
					"max": 138
				},
				"2022-12-06": {
					"avg": 82,
					"count": 14,
					"min": 10,
					"max": 823
				},
				"2022-12-07": {
					"avg": 78,
					"count": 8,
					"min": 8,
					"max": 174
				},
				"2022-12-09": {
					"avg": 16,
					"count": 3,
					"min": 11,
					"max": 25
				},
				"2022-12-10": {
					"avg": 69,
					"count": 240,
					"min": 12,
					"max": 524
				},
				"2022-12-11": {
					"avg": 82,
					"count": 2,
					"min": 69,
					"max": 95
				},
				"2022-12-12": {
					"avg": 45,
					"count": 4,
					"min": 15,
					"max": 127
				},
				"2022-12-13": {
					"avg": 36,
					"count": 3,
					"min": 19,
					"max": 69
				},
				"2022-12-14": {
					"avg": 20,
					"count": 1,
					"min": 20,
					"max": 20
				},
				"2022-12-15": {
					"avg": 80,
					"count": 5,
					"min": 68,
					"max": 114
				},
				"2022-12-16": {
					"avg": 116,
					"count": 18,
					"min": 8,
					"max": 414
				},
				"2022-12-17": {
					"avg": 66,
					"count": 2,
					"min": 13,
					"max": 118
				},
				"2022-12-18": {
					"avg": 107,
					"count": 5,
					"min": 8,
					"max": 173
				},
				"2022-12-20": {
					"avg": 159,
					"count": 4,
					"min": 20,
					"max": 208
				},
				"2022-12-21": {
					"avg": 113,
					"count": 2,
					"min": 50,
					"max": 175
				},
				"2022-12-22": {
					"avg": 25,
					"count": 1,
					"min": 25,
					"max": 25
				},
				"2022-12-23": {
					"avg": 91,
					"count": 7,
					"min": 50,
					"max": 113
				},
				"2022-12-24": {
					"avg": 105,
					"count": 6,
					"min": 20,
					"max": 135
				},
				"2022-12-25": {
					"avg": 45,
					"count": 6,
					"min": 20,
					"max": 119
				},
				"2022-12-26": {
					"avg": 41,
					"count": 4,
					"min": 12,
					"max": 119
				},
				"2022-12-27": {
					"avg": 87,
					"count": 16,
					"min": 20,
					"max": 107
				},
				"2022-12-28": {
					"avg": 29,
					"count": 4,
					"min": 25,
					"max": 39
				},
				"2022-12-29": {
					"avg": 187,
					"count": 35,
					"min": 25,
					"max": 197
				},
				"2022-12-30": {
					"avg": 37,
					"count": 2,
					"min": 24,
					"max": 50
				},
				"2022-12-31": {
					"avg": 112,
					"count": 13,
					"min": 20,
					"max": 173
				},
				"2023-01-01": {
					"avg": 111,
					"count": 12,
					"min": 81,
					"max": 172
				},
				"2023-01-02": {
					"avg": 160,
					"count": 196,
					"min": 16,
					"max": 556
				},
				"2023-01-03": {
					"avg": 47,
					"count": 7,
					"min": 22,
					"max": 121
				},
				"2023-01-04": {
					"avg": 308,
					"count": 2,
					"min": 27,
					"max": 589
				},
				"2023-01-05": {
					"avg": 53,
					"count": 10,
					"min": 13,
					"max": 119
				},
				"2023-01-06": {
					"avg": 56,
					"count": 4,
					"min": 5,
					"max": 120
				},
				"2023-01-07": {
					"avg": 43,
					"count": 11,
					"min": 10,
					"max": 299
				},
				"2023-01-08": {
					"avg": 61,
					"count": 3,
					"min": 15,
					"max": 118
				},
				"2023-01-09": {
					"avg": 80,
					"count": 3,
					"min": 20,
					"max": 113
				},
				"2023-01-10": {
					"avg": 31,
					"count": 5,
					"min": 13,
					"max": 50
				},
				"2023-01-11": {
					"avg": 94,
					"count": 11,
					"min": 39,
					"max": 139
				},
				"2023-01-12": {
					"avg": 149,
					"count": 17,
					"min": 15,
					"max": 521
				},
				"2023-02-06": {
					"avg": 61,
					"count": 16,
					"min": 8,
					"max": 119
				},
				"2023-02-07": {
					"avg": 82,
					"count": 4,
					"min": 8,
					"max": 198
				},
				"2023-02-08": {
					"avg": 54,
					"count": 5,
					"min": 18,
					"max": 162
				},
				"2023-02-10": {
					"avg": 94,
					"count": 5,
					"min": 92,
					"max": 100
				},
				"2023-02-11": {
					"avg": 88,
					"count": 8,
					"min": 10,
					"max": 149
				},
				"2023-02-12": {
					"avg": 64,
					"count": 23,
					"min": 8,
					"max": 114
				},
				"2023-02-13": {
					"avg": 99,
					"count": 1,
					"min": 99,
					"max": 99
				},
				"2023-02-14": {
					"avg": 104,
					"count": 4,
					"min": 97,
					"max": 106
				},
				"2023-02-15": {
					"avg": 73,
					"count": 2,
					"min": 33,
					"max": 113
				},
				"2023-02-16": {
					"avg": 85,
					"count": 13,
					"min": 15,
					"max": 95
				},
				"2023-02-17": {
					"avg": 89,
					"count": 5,
					"min": 9,
					"max": 167
				},
				"2023-02-18": {
					"avg": 126,
					"count": 4,
					"min": 8,
					"max": 204
				},
				"2023-02-19": {
					"avg": 53,
					"count": 4,
					"min": 8,
					"max": 151
				},
				"2023-02-20": {
					"avg": 84,
					"count": 6,
					"min": 10,
					"max": 143
				},
				"2023-02-21": {
					"avg": 35,
					"count": 10,
					"min": 20,
					"max": 167
				},
				"2023-02-22": {
					"avg": 18,
					"count": 25,
					"min": 18,
					"max": 20
				},
				"2023-02-23": {
					"avg": 89,
					"count": 4,
					"min": 20,
					"max": 124
				},
				"2023-02-24": {
					"avg": 87,
					"count": 4,
					"min": 24,
					"max": 167
				},
				"2023-02-26": {
					"avg": 161,
					"count": 6,
					"min": 10,
					"max": 873
				},
				"2023-02-27": {
					"avg": 205,
					"count": 3,
					"min": 10,
					"max": 519
				},
				"2023-02-28": {
					"avg": 112,
					"count": 27,
					"min": 15,
					"max": 175
				},
				"2023-03-01": {
					"avg": 49,
					"count": 3,
					"min": 25,
					"max": 97
				},
				"2023-03-02": {
					"avg": 161,
					"count": 17,
					"min": 11,
					"max": 648
				},
				"2023-03-03": {
					"avg": 75,
					"count": 3,
					"min": 23,
					"max": 113
				},
				"2023-03-04": {
					"avg": 125,
					"count": 2,
					"min": 114,
					"max": 137
				},
				"2023-03-05": {
					"avg": 13,
					"count": 1,
					"min": 13,
					"max": 13
				},
				"2023-03-06": {
					"avg": 82,
					"count": 13,
					"min": 15,
					"max": 214
				},
				"2023-03-07": {
					"avg": 64,
					"count": 3,
					"min": 20,
					"max": 87
				},
				"2023-03-09": {
					"avg": 21,
					"count": 4,
					"min": 10,
					"max": 25
				},
				"2023-03-10": {
					"avg": 28,
					"count": 13,
					"min": 6,
					"max": 97
				},
				"2023-03-11": {
					"avg": 29,
					"count": 4,
					"min": 15,
					"max": 59
				},
				"2023-03-12": {
					"avg": 28,
					"count": 6,
					"min": 16,
					"max": 47
				},
				"2023-03-13": {
					"avg": 170,
					"count": 3,
					"min": 16,
					"max": 299
				},
				"2023-03-14": {
					"avg": 122,
					"count": 22,
					"min": 5,
					"max": 167
				},
				"2023-03-16": {
					"avg": 159,
					"count": 7,
					"min": 159,
					"max": 159
				},
				"2023-03-17": {
					"avg": 59,
					"count": 1,
					"min": 59,
					"max": 59
				},
				"2023-03-18": {
					"avg": 106,
					"count": 6,
					"min": 25,
					"max": 137
				},
				"2023-03-19": {
					"avg": 8,
					"count": 1,
					"min": 8,
					"max": 8
				},
				"2023-03-20": {
					"avg": 126,
					"count": 3,
					"min": 88,
					"max": 166
				},
				"2023-03-23": {
					"avg": 88,
					"count": 4,
					"min": 5,
					"max": 124
				},
				"2023-03-24": {
					"avg": 99,
					"count": 31,
					"min": 18,
					"max": 114
				},
				"2023-03-25": {
					"avg": 72,
					"count": 2,
					"min": 25,
					"max": 119
				},
				"2023-03-28": {
					"avg": 138,
					"count": 5,
					"min": 13,
					"max": 378
				},
				"2023-03-29": {
					"avg": 114,
					"count": 28,
					"min": 107,
					"max": 219
				},
				"2023-03-31": {
					"avg": 124,
					"count": 19,
					"min": 107,
					"max": 137
				},
				"2023-04-01": {
					"avg": 69,
					"count": 5,
					"min": 15,
					"max": 129
				},
				"2023-04-02": {
					"avg": 15,
					"count": 1,
					"min": 15,
					"max": 15
				},
				"2023-04-03": {
					"avg": 356,
					"count": 17,
					"min": 127,
					"max": 433
				},
				"2023-04-04": {
					"avg": 290,
					"count": 3,
					"min": 19,
					"max": 827
				},
				"2023-04-05": {
					"avg": 96,
					"count": 7,
					"min": 19,
					"max": 119
				},
				"2023-04-06": {
					"avg": 19,
					"count": 1,
					"min": 19,
					"max": 19
				},
				"2023-04-07": {
					"avg": 110,
					"count": 23,
					"min": 39,
					"max": 168
				},
				"2023-04-08": {
					"avg": 192,
					"count": 5,
					"min": 20,
					"max": 524
				},
				"2023-04-09": {
					"avg": 117,
					"count": 6,
					"min": 45,
					"max": 157
				},
				"2023-04-10": {
					"avg": 135,
					"count": 15,
					"min": 69,
					"max": 156
				},
				"2023-04-11": {
					"avg": 109,
					"count": 2,
					"min": 25,
					"max": 193
				},
				"2023-04-12": {
					"avg": 14,
					"count": 2,
					"min": 13,
					"max": 15
				},
				"2023-04-15": {
					"avg": 135,
					"count": 3,
					"min": 25,
					"max": 221
				},
				"2023-04-17": {
					"avg": 251,
					"count": 9,
					"min": 21,
					"max": 399
				},
				"2023-04-18": {
					"avg": 18,
					"count": 4,
					"min": 13,
					"max": 20
				},
				"2023-04-19": {
					"avg": 259,
					"count": 2,
					"min": 18,
					"max": 499
				},
				"2023-04-20": {
					"avg": 82,
					"count": 3,
					"min": 8,
					"max": 119
				},
				"2023-04-21": {
					"avg": 11,
					"count": 34,
					"min": 8,
					"max": 25
				},
				"2023-04-22": {
					"avg": 499,
					"count": 1,
					"min": 499,
					"max": 499
				},
				"2023-04-23": {
					"avg": 42,
					"count": 4,
					"min": 11,
					"max": 94
				},
				"2023-04-25": {
					"avg": 81,
					"count": 4,
					"min": 23,
					"max": 124
				},
				"2023-04-26": {
					"avg": 61,
					"count": 6,
					"min": 10,
					"max": 111
				},
				"2023-04-29": {
					"avg": 55,
					"count": 3,
					"min": 25,
					"max": 116
				},
				"2023-04-30": {
					"avg": 99,
					"count": 1,
					"min": 99,
					"max": 99
				},
				"2023-05-01": {
					"avg": 25,
					"count": 5,
					"min": 16,
					"max": 33
				},
				"2023-05-02": {
					"avg": 785,
					"count": 33,
					"min": 99,
					"max": 831
				},
				"2023-05-03": {
					"avg": 72,
					"count": 5,
					"min": 8,
					"max": 99
				},
				"2023-05-04": {
					"avg": 827,
					"count": 1,
					"min": 827,
					"max": 827
				},
				"2023-05-05": {
					"avg": 116,
					"count": 5,
					"min": 74,
					"max": 194
				},
				"2023-05-06": {
					"avg": 19,
					"count": 4,
					"min": 17,
					"max": 26
				},
				"2023-05-07": {
					"avg": 177,
					"count": 155,
					"min": 10,
					"max": 524
				},
				"2023-05-08": {
					"avg": 136,
					"count": 15,
					"min": 97,
					"max": 519
				},
				"2023-05-09": {
					"avg": 41,
					"count": 12,
					"min": 19,
					"max": 97
				},
				"2023-05-10": {
					"avg": 120,
					"count": 20,
					"min": 19,
					"max": 214
				},
				"2023-05-11": {
					"avg": 82,
					"count": 3,
					"min": 25,
					"max": 124
				},
				"2023-05-12": {
					"avg": 481,
					"count": 13,
					"min": 19,
					"max": 519
				},
				"2023-05-13": {
					"avg": 19,
					"count": 2,
					"min": 19,
					"max": 19
				},
				"2023-05-14": {
					"avg": 78,
					"count": 18,
					"min": 9,
					"max": 108
				},
				"2023-05-15": {
					"avg": 68,
					"count": 7,
					"min": 10,
					"max": 105
				},
				"2023-05-16": {
					"avg": 97,
					"count": 2,
					"min": 97,
					"max": 97
				},
				"2023-05-17": {
					"avg": 157,
					"count": 2,
					"min": 140,
					"max": 173
				},
				"2023-05-18": {
					"avg": 72,
					"count": 3,
					"min": 19,
					"max": 179
				},
				"2023-05-19": {
					"avg": 75,
					"count": 39,
					"min": 25,
					"max": 524
				},
				"2023-05-20": {
					"avg": 43,
					"count": 5,
					"min": 12,
					"max": 92
				},
				"2023-05-21": {
					"avg": 30,
					"count": 1,
					"min": 30,
					"max": 30
				},
				"2023-05-22": {
					"avg": 29,
					"count": 2,
					"min": 18,
					"max": 39
				},
				"2023-05-23": {
					"avg": 145,
					"count": 4,
					"min": 18,
					"max": 517
				},
				"2023-05-24": {
					"avg": 101,
					"count": 13,
					"min": 18,
					"max": 110
				},
				"2023-05-25": {
					"avg": 73,
					"count": 2,
					"min": 18,
					"max": 128
				},
				"2023-05-26": {
					"avg": 60,
					"count": 2,
					"min": 22,
					"max": 97
				},
				"2023-05-27": {
					"avg": 87,
					"count": 15,
					"min": 13,
					"max": 142
				},
				"2023-05-28": {
					"avg": 50,
					"count": 3,
					"min": 42,
					"max": 57
				},
				"2023-05-29": {
					"avg": 25,
					"count": 12,
					"min": 11,
					"max": 71
				},
				"2023-05-30": {
					"avg": 29,
					"count": 1,
					"min": 29,
					"max": 29
				},
				"2023-05-31": {
					"avg": 101,
					"count": 9,
					"min": 23,
					"max": 139
				},
				"2023-06-01": {
					"avg": 195,
					"count": 166,
					"min": 20,
					"max": 1023
				},
				"2023-06-02": {
					"avg": 94,
					"count": 3,
					"min": 20,
					"max": 149
				},
				"2023-06-03": {
					"avg": 65,
					"count": 2,
					"min": 30,
					"max": 99
				},
				"2023-06-04": {
					"avg": 89,
					"count": 1,
					"min": 89,
					"max": 89
				},
				"2023-06-05": {
					"avg": 108,
					"count": 20,
					"min": 108,
					"max": 108
				},
				"2023-06-06": {
					"avg": 56,
					"count": 3,
					"min": 16,
					"max": 89
				},
				"2023-06-07": {
					"avg": 50,
					"count": 3,
					"min": 21,
					"max": 107
				},
				"2023-06-08": {
					"avg": 268,
					"count": 2,
					"min": 23,
					"max": 514
				},
				"2023-06-09": {
					"avg": 68,
					"count": 2,
					"min": 22,
					"max": 114
				},
				"2023-06-10": {
					"avg": 56,
					"count": 3,
					"min": 22,
					"max": 122
				},
				"2023-06-12": {
					"avg": 47,
					"count": 8,
					"min": 8,
					"max": 113
				},
				"2023-06-13": {
					"avg": 52,
					"count": 4,
					"min": 23,
					"max": 139
				},
				"2023-06-14": {
					"avg": 70,
					"count": 4,
					"min": 23,
					"max": 192
				},
				"2023-06-15": {
					"avg": 237,
					"count": 4,
					"min": 23,
					"max": 527
				},
				"2023-06-16": {
					"avg": 134,
					"count": 1,
					"min": 134,
					"max": 134
				},
				"2023-06-17": {
					"avg": 25,
					"count": 55,
					"min": 23,
					"max": 99
				},
				"2023-06-18": {
					"avg": 149,
					"count": 123,
					"min": 26,
					"max": 293
				},
				"2023-06-20": {
					"avg": 89,
					"count": 15,
					"min": 18,
					"max": 447
				},
				"2023-06-21": {
					"avg": 65,
					"count": 4,
					"min": 18,
					"max": 132
				},
				"2023-06-22": {
					"avg": 99,
					"count": 6,
					"min": 18,
					"max": 233
				},
				"2023-06-23": {
					"avg": 318,
					"count": 7,
					"min": 19,
					"max": 421
				},
				"2023-06-24": {
					"avg": 98,
					"count": 6,
					"min": 47,
					"max": 108
				},
				"2023-06-25": {
					"avg": 75,
					"count": 2,
					"min": 22,
					"max": 127
				},
				"2023-06-26": {
					"avg": 94,
					"count": 7,
					"min": 31,
					"max": 111
				},
				"2023-06-27": {
					"avg": 57,
					"count": 1,
					"min": 57,
					"max": 57
				},
				"2023-06-28": {
					"avg": 99,
					"count": 1,
					"min": 99,
					"max": 99
				},
				"2023-06-29": {
					"avg": 18,
					"count": 3,
					"min": 5,
					"max": 31
				},
				"2023-06-30": {
					"avg": 42,
					"count": 5,
					"min": 18,
					"max": 104
				},
				"2023-07-01": {
					"avg": 99,
					"count": 2,
					"min": 99,
					"max": 99
				},
				"2023-07-02": {
					"avg": 83,
					"count": 3,
					"min": 31,
					"max": 119
				},
				"2023-07-03": {
					"avg": 65,
					"count": 3,
					"min": 18,
					"max": 100
				},
				"2023-07-04": {
					"avg": 27,
					"count": 75,
					"min": 18,
					"max": 128
				},
				"2023-07-06": {
					"avg": 383,
					"count": 39,
					"min": 22,
					"max": 974
				},
				"2023-07-07": {
					"avg": 91,
					"count": 5,
					"min": 18,
					"max": 113
				},
				"2023-07-08": {
					"avg": 127,
					"count": 2,
					"min": 120,
					"max": 134
				},
				"2023-07-09": {
					"avg": 38,
					"count": 3,
					"min": 31,
					"max": 51
				},
				"2023-07-10": {
					"avg": 93,
					"count": 4,
					"min": 24,
					"max": 199
				},
				"2023-07-12": {
					"avg": 161,
					"count": 7,
					"min": 18,
					"max": 552
				},
				"2023-07-14": {
					"avg": 112,
					"count": 2,
					"min": 97,
					"max": 127
				},
				"2023-07-15": {
					"avg": 72,
					"count": 3,
					"min": 29,
					"max": 94
				},
				"2023-07-16": {
					"avg": 76,
					"count": 7,
					"min": 17,
					"max": 103
				},
				"2023-07-17": {
					"avg": 44,
					"count": 8,
					"min": 24,
					"max": 53
				},
				"2023-07-18": {
					"avg": 122,
					"count": 11,
					"min": 10,
					"max": 524
				},
				"2023-07-19": {
					"avg": 88,
					"count": 18,
					"min": 8,
					"max": 424
				},
				"2023-07-20": {
					"avg": 45,
					"count": 11,
					"min": 15,
					"max": 158
				},
				"2023-07-21": {
					"avg": 31,
					"count": 2,
					"min": 30,
					"max": 31
				},
				"2023-07-22": {
					"avg": 22,
					"count": 2,
					"min": 15,
					"max": 30
				},
				"2023-07-23": {
					"avg": 77,
					"count": 2,
					"min": 69,
					"max": 85
				},
				"2023-07-24": {
					"avg": 152,
					"count": 5,
					"min": 15,
					"max": 207
				},
				"2023-07-25": {
					"avg": 178,
					"count": 15,
					"min": 15,
					"max": 407
				},
				"2023-07-26": {
					"avg": 84,
					"count": 5,
					"min": 44,
					"max": 104
				},
				"2023-07-29": {
					"avg": 480,
					"count": 59,
					"min": 16,
					"max": 823
				},
				"2023-07-30": {
					"avg": 666,
					"count": 4,
					"min": 111,
					"max": 1109
				},
				"2023-07-31": {
					"avg": 108,
					"count": 13,
					"min": 16,
					"max": 124
				},
				"2023-08-01": {
					"avg": 132,
					"count": 12,
					"min": 16,
					"max": 449
				},
				"2023-08-02": {
					"avg": 20,
					"count": 6,
					"min": 15,
					"max": 25
				},
				"2023-08-03": {
					"avg": 116,
					"count": 5,
					"min": 111,
					"max": 125
				},
				"2023-08-04": {
					"avg": 100,
					"count": 6,
					"min": 24,
					"max": 145
				},
				"2023-08-05": {
					"avg": 18,
					"count": 3,
					"min": 4,
					"max": 25
				},
				"2023-08-06": {
					"avg": 28,
					"count": 3,
					"min": 25,
					"max": 33
				},
				"2023-08-07": {
					"avg": 173,
					"count": 69,
					"min": 20,
					"max": 517
				},
				"2023-08-08": {
					"avg": 77,
					"count": 5,
					"min": 18,
					"max": 117
				},
				"2023-08-09": {
					"avg": 108,
					"count": 10,
					"min": 85,
					"max": 132
				},
				"2023-08-10": {
					"avg": 122,
					"count": 7,
					"min": 24,
					"max": 206
				},
				"2023-08-11": {
					"avg": 96,
					"count": 6,
					"min": 23,
					"max": 154
				},
				"2023-08-12": {
					"avg": 111,
					"count": 4,
					"min": 111,
					"max": 111
				},
				"2023-08-14": {
					"avg": 91,
					"count": 6,
					"min": 24,
					"max": 105
				},
				"2023-08-15": {
					"avg": 76,
					"count": 60,
					"min": 21,
					"max": 134
				},
				"2023-08-16": {
					"avg": 189,
					"count": 4,
					"min": 92,
					"max": 449
				},
				"2023-08-17": {
					"avg": 58,
					"count": 2,
					"min": 16,
					"max": 100
				},
				"2023-08-18": {
					"avg": 93,
					"count": 1,
					"min": 93,
					"max": 93
				},
				"2023-08-19": {
					"avg": 15,
					"count": 1,
					"min": 15,
					"max": 15
				},
				"2023-08-20": {
					"avg": 29,
					"count": 1,
					"min": 29,
					"max": 29
				},
				"2023-08-21": {
					"avg": 111,
					"count": 2,
					"min": 93,
					"max": 129
				},
				"2023-08-23": {
					"avg": 702,
					"count": 3,
					"min": 24,
					"max": 2053
				},
				"2023-08-24": {
					"avg": 288,
					"count": 3,
					"min": 288,
					"max": 288
				},
				"2023-08-25": {
					"avg": 94,
					"count": 11,
					"min": 34,
					"max": 139
				},
				"2023-08-26": {
					"avg": 18,
					"count": 4,
					"min": 17,
					"max": 20
				},
				"2023-08-27": {
					"avg": 57,
					"count": 6,
					"min": 10,
					"max": 138
				},
				"2023-08-28": {
					"avg": 285,
					"count": 3,
					"min": 18,
					"max": 815
				},
				"2023-08-29": {
					"avg": 96,
					"count": 3,
					"min": 16,
					"max": 174
				},
				"2023-08-30": {
					"avg": 28,
					"count": 2,
					"min": 25,
					"max": 31
				},
				"2023-08-31": {
					"avg": 259,
					"count": 2,
					"min": 86,
					"max": 431
				},
				"2023-09-01": {
					"avg": 32,
					"count": 5,
					"min": 15,
					"max": 51
				},
				"2023-09-02": {
					"avg": 194,
					"count": 1,
					"min": 194,
					"max": 194
				},
				"2023-09-03": {
					"avg": 88,
					"count": 5,
					"min": 15,
					"max": 267
				},
				"2023-09-05": {
					"avg": 96,
					"count": 3,
					"min": 25,
					"max": 196
				},
				"2023-09-06": {
					"avg": 27,
					"count": 5,
					"min": 20,
					"max": 29
				},
				"2023-09-07": {
					"avg": 72,
					"count": 2,
					"min": 20,
					"max": 124
				},
				"2023-09-08": {
					"avg": 62,
					"count": 2,
					"min": 25,
					"max": 99
				},
				"2023-09-09": {
					"avg": 32,
					"count": 15,
					"min": 25,
					"max": 127
				},
				"2023-09-10": {
					"avg": 294,
					"count": 4,
					"min": 15,
					"max": 1030
				},
				"2023-09-11": {
					"avg": 88,
					"count": 2,
					"min": 39,
					"max": 137
				},
				"2023-09-12": {
					"avg": 67,
					"count": 2,
					"min": 30,
					"max": 104
				},
				"2023-09-13": {
					"avg": 225,
					"count": 5,
					"min": 15,
					"max": 449
				},
				"2023-09-14": {
					"avg": 94,
					"count": 9,
					"min": 15,
					"max": 163
				},
				"2023-09-15": {
					"avg": 71,
					"count": 7,
					"min": 54,
					"max": 145
				},
				"2023-09-16": {
					"avg": 14,
					"count": 3,
					"min": 12,
					"max": 15
				},
				"2023-09-17": {
					"avg": 35,
					"count": 2,
					"min": 25,
					"max": 44
				},
				"2023-09-18": {
					"avg": 71,
					"count": 2,
					"min": 15,
					"max": 127
				},
				"2023-09-19": {
					"avg": 53,
					"count": 3,
					"min": 10,
					"max": 124
				},
				"2023-09-20": {
					"avg": 13,
					"count": 3,
					"min": 10,
					"max": 15
				},
				"2023-09-21": {
					"avg": 99,
					"count": 1,
					"min": 99,
					"max": 99
				},
				"2023-09-22": {
					"avg": 67,
					"count": 2,
					"min": 15,
					"max": 119
				},
				"2023-09-23": {
					"avg": 85,
					"count": 41,
					"min": 25,
					"max": 209
				},
				"2023-09-25": {
					"avg": 68,
					"count": 19,
					"min": 18,
					"max": 135
				},
				"2023-09-26": {
					"avg": 92,
					"count": 4,
					"min": 39,
					"max": 115
				},
				"2023-09-27": {
					"avg": 103,
					"count": 1,
					"min": 103,
					"max": 103
				},
				"2023-09-29": {
					"avg": 48,
					"count": 18,
					"min": 17,
					"max": 229
				},
				"2023-09-30": {
					"avg": 36,
					"count": 3,
					"min": 12,
					"max": 70
				},
				"2023-10-01": {
					"avg": 86,
					"count": 2,
					"min": 47,
					"max": 124
				},
				"2023-10-02": {
					"avg": 143,
					"count": 4,
					"min": 17,
					"max": 449
				},
				"2023-10-03": {
					"avg": 128,
					"count": 3,
					"min": 121,
					"max": 143
				},
				"2023-10-04": {
					"avg": 160,
					"count": 3,
					"min": 36,
					"max": 318
				},
				"2023-10-05": {
					"avg": 379,
					"count": 50,
					"min": 17,
					"max": 564
				},
				"2023-10-06": {
					"avg": 112,
					"count": 3,
					"min": 98,
					"max": 127
				},
				"2023-10-07": {
					"avg": 13,
					"count": 2,
					"min": 13,
					"max": 13
				},
				"2023-10-08": {
					"avg": 57,
					"count": 10,
					"min": 13,
					"max": 95
				},
				"2023-10-09": {
					"avg": 94,
					"count": 31,
					"min": 17,
					"max": 549
				},
				"2023-10-10": {
					"avg": 13,
					"count": 1,
					"min": 13,
					"max": 13
				},
				"2023-10-13": {
					"avg": 37,
					"count": 9,
					"min": 11,
					"max": 106
				},
				"2023-10-14": {
					"avg": 99,
					"count": 3,
					"min": 86,
					"max": 124
				},
				"2023-10-16": {
					"avg": 250,
					"count": 7,
					"min": 115,
					"max": 275
				},
				"2023-10-17": {
					"avg": 91,
					"count": 4,
					"min": 10,
					"max": 143
				},
				"2023-10-18": {
					"avg": 123,
					"count": 10,
					"min": 24,
					"max": 134
				},
				"2023-10-19": {
					"avg": 20,
					"count": 86,
					"min": 13,
					"max": 58
				},
				"2023-10-20": {
					"avg": 110,
					"count": 28,
					"min": 94,
					"max": 123
				},
				"2023-10-21": {
					"avg": 20,
					"count": 10,
					"min": 10,
					"max": 37
				},
				"2023-10-22": {
					"avg": 73,
					"count": 10,
					"min": 15,
					"max": 88
				},
				"2023-10-24": {
					"avg": 94,
					"count": 3,
					"min": 37,
					"max": 127
				},
				"2023-10-25": {
					"avg": 22,
					"count": 2,
					"min": 13,
					"max": 30
				},
				"2023-10-26": {
					"avg": 51,
					"count": 3,
					"min": 5,
					"max": 113
				},
				"2023-10-27": {
					"avg": 64,
					"count": 2,
					"min": 29,
					"max": 99
				},
				"2023-10-28": {
					"avg": 112,
					"count": 37,
					"min": 12,
					"max": 180
				},
				"2023-10-29": {
					"avg": 201,
					"count": 3,
					"min": 100,
					"max": 379
				},
				"2023-10-30": {
					"avg": 154,
					"count": 15,
					"min": 25,
					"max": 509
				},
				"2023-10-31": {
					"avg": 12,
					"count": 1,
					"min": 12,
					"max": 12
				},
				"2023-11-01": {
					"avg": 32,
					"count": 7,
					"min": 12,
					"max": 104
				},
				"2023-11-02": {
					"avg": 25,
					"count": 1,
					"min": 25,
					"max": 25
				},
				"2023-11-03": {
					"avg": 77,
					"count": 2,
					"min": 73,
					"max": 80
				},
				"2023-11-04": {
					"avg": 174,
					"count": 4,
					"min": 12,
					"max": 515
				},
				"2023-11-06": {
					"avg": 173,
					"count": 2,
					"min": 116,
					"max": 229
				},
				"2023-11-07": {
					"avg": 75,
					"count": 2,
					"min": 75,
					"max": 75
				},
				"2023-11-08": {
					"avg": 133,
					"count": 1,
					"min": 133,
					"max": 133
				},
				"2023-11-09": {
					"avg": 54,
					"count": 6,
					"min": 10,
					"max": 114
				},
				"2023-11-10": {
					"avg": 128,
					"count": 38,
					"min": 15,
					"max": 174
				},
				"2023-11-11": {
					"avg": 86,
					"count": 4,
					"min": 24,
					"max": 110
				},
				"2023-11-12": {
					"avg": 117,
					"count": 3,
					"min": 18,
					"max": 185
				},
				"2023-11-13": {
					"avg": 104,
					"count": 2,
					"min": 104,
					"max": 104
				},
				"2023-11-14": {
					"avg": 75,
					"count": 1,
					"min": 75,
					"max": 75
				},
				"2023-11-15": {
					"avg": 59,
					"count": 4,
					"min": 13,
					"max": 175
				},
				"2023-11-16": {
					"avg": 42,
					"count": 1,
					"min": 42,
					"max": 42
				},
				"2023-11-17": {
					"avg": 85,
					"count": 6,
					"min": 12,
					"max": 164
				},
				"2023-11-18": {
					"avg": 114,
					"count": 51,
					"min": 12,
					"max": 162
				},
				"2023-11-19": {
					"avg": 40,
					"count": 1,
					"min": 40,
					"max": 40
				},
				"2023-11-20": {
					"avg": 87,
					"count": 4,
					"min": 12,
					"max": 129
				},
				"2023-11-21": {
					"avg": 189,
					"count": 3,
					"min": 15,
					"max": 528
				},
				"2023-11-22": {
					"avg": 75,
					"count": 2,
					"min": 25,
					"max": 124
				},
				"2023-11-23": {
					"avg": 134,
					"count": 11,
					"min": 26,
					"max": 219
				},
				"2023-11-24": {
					"avg": 160,
					"count": 39,
					"min": 15,
					"max": 430
				},
				"2023-11-25": {
					"avg": 467,
					"count": 3,
					"min": 467,
					"max": 467
				},
				"2023-11-26": {
					"avg": 94,
					"count": 6,
					"min": 25,
					"max": 179
				},
				"2023-11-27": {
					"avg": 134,
					"count": 8,
					"min": 107,
					"max": 197
				},
				"2024-05-15": {
					"avg": 39,
					"count": 1,
					"min": 39,
					"max": 39
				},
				"2024-05-16": {
					"avg": 38,
					"count": 1,
					"min": 38,
					"max": 38
				},
				"2024-05-17": {
					"avg": 122,
					"count": 205,
					"min": 10,
					"max": 509
				},
				"2024-05-18": {
					"avg": 151,
					"count": 21,
					"min": 37,
					"max": 256
				},
				"2024-05-19": {
					"avg": 60,
					"count": 7,
					"min": 21,
					"max": 103
				},
				"2024-05-20": {
					"avg": 77,
					"count": 12,
					"min": 23,
					"max": 88
				},
				"2024-05-21": {
					"avg": 103,
					"count": 7,
					"min": 19,
					"max": 364
				},
				"2024-05-22": {
					"avg": 35,
					"count": 20,
					"min": 29,
					"max": 140
				},
				"2024-05-23": {
					"avg": 246,
					"count": 13,
					"min": 127,
					"max": 284
				},
				"2024-05-25": {
					"avg": 25,
					"count": 1,
					"min": 25,
					"max": 25
				},
				"2024-05-26": {
					"avg": 120,
					"count": 24,
					"min": 116,
					"max": 147
				},
				"2024-05-27": {
					"avg": 170,
					"count": 1,
					"min": 170,
					"max": 170
				},
				"2024-05-28": {
					"avg": 118,
					"count": 3,
					"min": 15,
					"max": 170
				},
				"2024-05-29": {
					"avg": 207,
					"count": 2,
					"min": 16,
					"max": 398
				},
				"2024-05-31": {
					"avg": 48,
					"count": 5,
					"min": 17,
					"max": 124
				},
				"2024-06-02": {
					"avg": 222,
					"count": 1,
					"min": 222,
					"max": 222
				},
				"2024-06-03": {
					"avg": 150,
					"count": 1,
					"min": 150,
					"max": 150
				},
				"2024-06-04": {
					"avg": 135,
					"count": 2,
					"min": 100,
					"max": 170
				},
				"2024-06-05": {
					"avg": 85,
					"count": 1,
					"min": 85,
					"max": 85
				},
				"2024-06-06": {
					"avg": 15,
					"count": 1,
					"min": 15,
					"max": 15
				},
				"2024-06-07": {
					"avg": 205,
					"count": 2,
					"min": 159,
					"max": 250
				},
				"2024-06-08": {
					"avg": 448,
					"count": 1,
					"min": 448,
					"max": 448
				},
				"2024-06-09": {
					"avg": 25,
					"count": 2,
					"min": 25,
					"max": 25
				},
				"2024-06-11": {
					"avg": 259,
					"count": 2,
					"min": 70,
					"max": 448
				},
				"2024-06-14": {
					"avg": 135,
					"count": 2,
					"min": 132,
					"max": 137
				},
				"2024-06-16": {
					"avg": 157,
					"count": 2,
					"min": 144,
					"max": 170
				},
				"2024-06-18": {
					"avg": 65,
					"count": 4,
					"min": 10,
					"max": 154
				},
				"2024-06-19": {
					"avg": 16,
					"count": 1,
					"min": 16,
					"max": 16
				},
				"2024-06-22": {
					"avg": 133,
					"count": 2,
					"min": 133,
					"max": 133
				},
				"2024-06-23": {
					"avg": 170,
					"count": 1,
					"min": 170,
					"max": 170
				},
				"2024-06-25": {
					"avg": 66,
					"count": 2,
					"min": 19,
					"max": 113
				},
				"2024-06-27": {
					"avg": 25,
					"count": 11,
					"min": 22,
					"max": 25
				},
				"2024-06-28": {
					"avg": 15,
					"count": 2,
					"min": 14,
					"max": 15
				},
				"2024-06-29": {
					"avg": 25,
					"count": 12,
					"min": 23,
					"max": 50
				},
				"2024-06-30": {
					"avg": 14,
					"count": 1,
					"min": 14,
					"max": 14
				},
				"2024-07-01": {
					"avg": 146,
					"count": 1,
					"min": 146,
					"max": 146
				},
				"2024-07-02": {
					"avg": 100,
					"count": 1,
					"min": 100,
					"max": 100
				},
				"2024-07-03": {
					"avg": 115,
					"count": 1,
					"min": 115,
					"max": 115
				},
				"2024-07-04": {
					"avg": 74,
					"count": 2,
					"min": 16,
					"max": 132
				},
				"2024-07-05": {
					"avg": 163,
					"count": 1,
					"min": 163,
					"max": 163
				},
				"2024-07-07": {
					"avg": 176,
					"count": 2,
					"min": 128,
					"max": 224
				},
				"2024-07-08": {
					"avg": 224,
					"count": 17,
					"min": 10,
					"max": 269
				},
				"2024-07-09": {
					"avg": 77,
					"count": 2,
					"min": 20,
					"max": 134
				},
				"2024-07-10": {
					"avg": 25,
					"count": 1,
					"min": 25,
					"max": 25
				},
				"2024-07-11": {
					"avg": 139,
					"count": 1,
					"min": 139,
					"max": 139
				},
				"2024-07-12": {
					"avg": 137,
					"count": 1,
					"min": 137,
					"max": 137
				},
				"2024-07-14": {
					"avg": 71,
					"count": 2,
					"min": 20,
					"max": 121
				},
				"2024-07-15": {
					"avg": 19,
					"count": 4,
					"min": 7,
					"max": 55
				},
				"2024-07-17": {
					"avg": 474,
					"count": 29,
					"min": 169,
					"max": 521
				},
				"2024-07-18": {
					"avg": 117,
					"count": 56,
					"min": 117,
					"max": 117
				},
				"2024-07-19": {
					"avg": 155,
					"count": 10,
					"min": 20,
					"max": 453
				},
				"2024-07-20": {
					"avg": 54,
					"count": 15,
					"min": 45,
					"max": 151
				},
				"2024-07-21": {
					"avg": 134,
					"count": 4,
					"min": 22,
					"max": 177
				},
				"2024-07-22": {
					"avg": 130,
					"count": 3,
					"min": 15,
					"max": 319
				},
				"2024-07-24": {
					"avg": 159,
					"count": 43,
					"min": 10,
					"max": 516
				},
				"2024-07-26": {
					"avg": 134,
					"count": 1,
					"min": 134,
					"max": 134
				},
				"2024-07-27": {
					"avg": 128,
					"count": 3,
					"min": 104,
					"max": 150
				},
				"2024-07-29": {
					"avg": 103,
					"count": 1,
					"min": 103,
					"max": 103
				},
				"2024-07-31": {
					"avg": 131,
					"count": 1,
					"min": 131,
					"max": 131
				},
				"2024-08-01": {
					"avg": 535,
					"count": 2,
					"min": 50,
					"max": 1020
				},
				"2024-08-02": {
					"avg": 99,
					"count": 5,
					"min": 20,
					"max": 142
				},
				"2024-08-03": {
					"avg": 106,
					"count": 1,
					"min": 106,
					"max": 106
				},
				"2024-08-04": {
					"avg": 109,
					"count": 1,
					"min": 109,
					"max": 109
				},
				"2024-08-05": {
					"avg": 40,
					"count": 2,
					"min": 24,
					"max": 56
				},
				"2024-08-08": {
					"avg": 148,
					"count": 1,
					"min": 148,
					"max": 148
				},
				"2024-08-10": {
					"avg": 28,
					"count": 8,
					"min": 13,
					"max": 99
				},
				"2024-08-11": {
					"avg": 153,
					"count": 2,
					"min": 109,
					"max": 197
				},
				"2024-08-12": {
					"avg": 22,
					"count": 1,
					"min": 22,
					"max": 22
				},
				"2024-08-14": {
					"avg": 233,
					"count": 2,
					"min": 14,
					"max": 452
				},
				"2024-08-15": {
					"avg": 46,
					"count": 4,
					"min": 14,
					"max": 134
				},
				"2024-08-16": {
					"avg": 172,
					"count": 2,
					"min": 142,
					"max": 201
				},
				"2024-08-17": {
					"avg": 32,
					"count": 1,
					"min": 32,
					"max": 32
				},
				"2024-08-18": {
					"avg": 50,
					"count": 1,
					"min": 50,
					"max": 50
				},
				"2024-08-19": {
					"avg": 40,
					"count": 16,
					"min": 25,
					"max": 42
				},
				"2024-08-20": {
					"avg": 154,
					"count": 1,
					"min": 154,
					"max": 154
				},
				"2024-08-21": {
					"avg": 58,
					"count": 4,
					"min": 13,
					"max": 140
				},
				"2024-08-23": {
					"avg": 14,
					"count": 1,
					"min": 14,
					"max": 14
				},
				"2024-08-24": {
					"avg": 126,
					"count": 12,
					"min": 105,
					"max": 175
				},
				"2024-08-25": {
					"avg": 34,
					"count": 3,
					"min": 20,
					"max": 57
				},
				"2024-08-27": {
					"avg": 41,
					"count": 5,
					"min": 15,
					"max": 133
				},
				"2024-08-28": {
					"avg": 98,
					"count": 2,
					"min": 49,
					"max": 147
				},
				"2024-08-29": {
					"avg": 18,
					"count": 1,
					"min": 18,
					"max": 18
				},
				"2024-08-30": {
					"avg": 100,
					"count": 4,
					"min": 20,
					"max": 167
				},
				"2024-08-31": {
					"avg": 59,
					"count": 3,
					"min": 19,
					"max": 133
				},
				"2024-09-01": {
					"avg": 28,
					"count": 6,
					"min": 15,
					"max": 32
				},
				"2024-09-02": {
					"avg": 59,
					"count": 4,
					"min": 25,
					"max": 122
				},
				"2024-09-03": {
					"avg": 112,
					"count": 3,
					"min": 57,
					"max": 143
				},
				"2024-09-04": {
					"avg": 34,
					"count": 2,
					"min": 12,
					"max": 55
				},
				"2024-09-05": {
					"avg": 38,
					"count": 35,
					"min": 25,
					"max": 60
				},
				"2024-09-06": {
					"avg": 12,
					"count": 5,
					"min": 12,
					"max": 12
				},
				"2024-09-07": {
					"avg": 12,
					"count": 1,
					"min": 12,
					"max": 12
				},
				"2024-09-09": {
					"avg": 119,
					"count": 1,
					"min": 119,
					"max": 119
				},
				"2024-09-12": {
					"avg": 18,
					"count": 2,
					"min": 10,
					"max": 25
				},
				"2024-09-13": {
					"avg": 10,
					"count": 1,
					"min": 10,
					"max": 10
				},
				"2024-09-14": {
					"avg": 835,
					"count": 2,
					"min": 835,
					"max": 835
				},
				"2024-09-15": {
					"avg": 101,
					"count": 7,
					"min": 101,
					"max": 101
				},
				"2024-09-17": {
					"avg": 290,
					"count": 2,
					"min": 11,
					"max": 568
				},
				"2024-09-18": {
					"avg": 98,
					"count": 4,
					"min": 68,
					"max": 176
				},
				"2024-09-19": {
					"avg": 246,
					"count": 4,
					"min": 50,
					"max": 712
				},
				"2024-09-20": {
					"avg": 72,
					"count": 4,
					"min": 19,
					"max": 120
				},
				"2024-09-22": {
					"avg": 552,
					"count": 1,
					"min": 552,
					"max": 552
				}
			},
			"avg": 139,
			"avg7": 113,
			"avg28": 113
		},
		"normal-played": {
			"history": {
				"2024-05-25": {
					"avg": 113,
					"count": 5,
					"min": 113,
					"max": 113
				},
				"2024-05-26": {
					"avg": 117,
					"count": 9,
					"min": 117,
					"max": 117
				},
				"2024-05-27": {
					"avg": 13,
					"count": 1,
					"min": 13,
					"max": 13
				},
				"2024-05-29": {
					"avg": 15,
					"count": 1,
					"min": 15,
					"max": 15
				},
				"2024-05-31": {
					"avg": 135,
					"count": 6,
					"min": 135,
					"max": 135
				},
				"2024-06-01": {
					"avg": 140,
					"count": 1,
					"min": 140,
					"max": 140
				},
				"2024-06-03": {
					"avg": 10,
					"count": 2,
					"min": 10,
					"max": 10
				},
				"2024-06-04": {
					"avg": 16,
					"count": 1,
					"min": 16,
					"max": 16
				},
				"2024-06-06": {
					"avg": 126,
					"count": 1,
					"min": 126,
					"max": 126
				},
				"2024-06-07": {
					"avg": 92,
					"count": 10,
					"min": 10,
					"max": 175
				},
				"2024-06-08": {
					"avg": 11,
					"count": 1,
					"min": 11,
					"max": 11
				},
				"2024-06-17": {
					"avg": 116,
					"count": 1,
					"min": 116,
					"max": 116
				},
				"2024-06-18": {
					"avg": 127,
					"count": 1,
					"min": 127,
					"max": 127
				},
				"2024-06-19": {
					"avg": 64,
					"count": 4,
					"min": 10,
					"max": 114
				},
				"2024-06-21": {
					"avg": 73,
					"count": 3,
					"min": 25,
					"max": 169
				},
				"2024-06-22": {
					"avg": 59,
					"count": 3,
					"min": 13,
					"max": 127
				},
				"2024-06-23": {
					"avg": 120,
					"count": 11,
					"min": 104,
					"max": 213
				},
				"2024-06-24": {
					"avg": 24,
					"count": 3,
					"min": 13,
					"max": 39
				},
				"2024-06-25": {
					"avg": 77,
					"count": 2,
					"min": 20,
					"max": 134
				},
				"2024-06-27": {
					"avg": 19,
					"count": 7,
					"min": 19,
					"max": 19
				},
				"2024-06-29": {
					"avg": 100,
					"count": 4,
					"min": 27,
					"max": 209
				},
				"2024-07-03": {
					"avg": 17,
					"count": 2,
					"min": 16,
					"max": 17
				},
				"2024-07-04": {
					"avg": 16,
					"count": 1,
					"min": 16,
					"max": 16
				},
				"2024-07-08": {
					"avg": 10,
					"count": 1,
					"min": 10,
					"max": 10
				},
				"2024-07-09": {
					"avg": 514,
					"count": 1,
					"min": 514,
					"max": 514
				},
				"2024-07-10": {
					"avg": 14,
					"count": 1,
					"min": 14,
					"max": 14
				},
				"2024-07-12": {
					"avg": 15,
					"count": 7,
					"min": 15,
					"max": 15
				},
				"2024-07-13": {
					"avg": 131,
					"count": 1,
					"min": 131,
					"max": 131
				},
				"2024-07-14": {
					"avg": 65,
					"count": 8,
					"min": 13,
					"max": 419
				},
				"2024-07-18": {
					"avg": 110,
					"count": 4,
					"min": 110,
					"max": 110
				},
				"2024-07-19": {
					"avg": 93,
					"count": 2,
					"min": 45,
					"max": 140
				},
				"2024-07-23": {
					"avg": 101,
					"count": 2,
					"min": 38,
					"max": 163
				},
				"2024-07-24": {
					"avg": 109,
					"count": 46,
					"min": 15,
					"max": 309
				},
				"2024-07-25": {
					"avg": 12,
					"count": 1,
					"min": 12,
					"max": 12
				},
				"2024-07-26": {
					"avg": 137,
					"count": 1,
					"min": 137,
					"max": 137
				},
				"2024-07-28": {
					"avg": 32,
					"count": 1,
					"min": 32,
					"max": 32
				},
				"2024-07-29": {
					"avg": 102,
					"count": 4,
					"min": 102,
					"max": 102
				},
				"2024-07-30": {
					"avg": 176,
					"count": 1,
					"min": 176,
					"max": 176
				},
				"2024-07-31": {
					"avg": 14,
					"count": 1,
					"min": 14,
					"max": 14
				},
				"2024-08-03": {
					"avg": 78,
					"count": 2,
					"min": 30,
					"max": 125
				},
				"2024-08-04": {
					"avg": 14,
					"count": 1,
					"min": 14,
					"max": 14
				},
				"2024-08-06": {
					"avg": 27,
					"count": 2,
					"min": 27,
					"max": 27
				},
				"2024-08-09": {
					"avg": 15,
					"count": 1,
					"min": 15,
					"max": 15
				},
				"2024-08-10": {
					"avg": 152,
					"count": 2,
					"min": 148,
					"max": 155
				},
				"2024-08-11": {
					"avg": 162,
					"count": 1,
					"min": 162,
					"max": 162
				},
				"2024-08-13": {
					"avg": 10,
					"count": 1,
					"min": 10,
					"max": 10
				},
				"2024-08-16": {
					"avg": 129,
					"count": 7,
					"min": 110,
					"max": 137
				},
				"2024-08-17": {
					"avg": 25,
					"count": 20,
					"min": 25,
					"max": 25
				},
				"2024-08-20": {
					"avg": 131,
					"count": 2,
					"min": 131,
					"max": 131
				},
				"2024-08-21": {
					"avg": 131,
					"count": 1,
					"min": 131,
					"max": 131
				},
				"2024-08-22": {
					"avg": 29,
					"count": 2,
					"min": 25,
					"max": 32
				},
				"2024-08-23": {
					"avg": 48,
					"count": 4,
					"min": 12,
					"max": 142
				},
				"2024-08-24": {
					"avg": 137,
					"count": 9,
					"min": 35,
					"max": 204
				},
				"2024-08-26": {
					"avg": 32,
					"count": 2,
					"min": 15,
					"max": 48
				},
				"2024-08-27": {
					"avg": 17,
					"count": 1,
					"min": 17,
					"max": 17
				},
				"2024-08-28": {
					"avg": 146,
					"count": 7,
					"min": 103,
					"max": 162
				},
				"2024-08-29": {
					"avg": 18,
					"count": 1,
					"min": 18,
					"max": 18
				},
				"2024-09-02": {
					"avg": 44,
					"count": 2,
					"min": 39,
					"max": 49
				},
				"2024-09-03": {
					"avg": 38,
					"count": 4,
					"min": 38,
					"max": 38
				},
				"2024-09-06": {
					"avg": 37,
					"count": 1,
					"min": 37,
					"max": 37
				},
				"2024-09-07": {
					"avg": 13,
					"count": 1,
					"min": 13,
					"max": 13
				},
				"2024-09-08": {
					"avg": 31,
					"count": 4,
					"min": 19,
					"max": 35
				},
				"2024-09-10": {
					"avg": 162,
					"count": 1,
					"min": 162,
					"max": 162
				},
				"2024-09-14": {
					"avg": 80,
					"count": 1,
					"min": 80,
					"max": 80
				},
				"2024-09-16": {
					"avg": 19,
					"count": 2,
					"min": 19,
					"max": 19
				},
				"2024-09-17": {
					"avg": 37,
					"count": 2,
					"min": 25,
					"max": 49
				},
				"2024-09-18": {
					"avg": 84,
					"count": 2,
					"min": 35,
					"max": 132
				},
				"2024-09-20": {
					"avg": 15,
					"count": 2,
					"min": 14,
					"max": 15
				},
				"2024-09-21": {
					"avg": 120,
					"count": 1,
					"min": 120,
					"max": 120
				},
				"2024-09-22": {
					"avg": 141,
					"count": 1,
					"min": 141,
					"max": 141
				}
			},
			"avg": 83,
			"avg7": -1,
			"avg28": -1
		},
		"normal-nearmint": {
			"history": {
				"2024-05-23": {
					"avg": 516,
					"count": 9,
					"min": 509,
					"max": 524
				},
				"2024-05-24": {
					"avg": 194,
					"count": 1,
					"min": 194,
					"max": 194
				},
				"2024-05-25": {
					"avg": 72,
					"count": 1,
					"min": 72,
					"max": 72
				},
				"2024-05-27": {
					"avg": 100,
					"count": 1,
					"min": 100,
					"max": 100
				},
				"2024-05-29": {
					"avg": 138,
					"count": 1,
					"min": 138,
					"max": 138
				},
				"2024-05-30": {
					"avg": 129,
					"count": 1,
					"min": 129,
					"max": 129
				},
				"2024-05-31": {
					"avg": 64,
					"count": 3,
					"min": 10,
					"max": 159
				},
				"2024-06-01": {
					"avg": 599,
					"count": 1,
					"min": 599,
					"max": 599
				},
				"2024-06-02": {
					"avg": 129,
					"count": 1,
					"min": 129,
					"max": 129
				},
				"2024-06-03": {
					"avg": 39,
					"count": 2,
					"min": 29,
					"max": 49
				},
				"2024-06-05": {
					"avg": 103,
					"count": 3,
					"min": 50,
					"max": 183
				},
				"2024-06-06": {
					"avg": 24,
					"count": 1,
					"min": 24,
					"max": 24
				},
				"2024-06-07": {
					"avg": 24,
					"count": 1,
					"min": 24,
					"max": 24
				},
				"2024-06-08": {
					"avg": 159,
					"count": 1,
					"min": 159,
					"max": 159
				},
				"2024-06-09": {
					"avg": 168,
					"count": 1,
					"min": 168,
					"max": 168
				},
				"2024-06-11": {
					"avg": 131,
					"count": 23,
					"min": 29,
					"max": 146
				},
				"2024-06-13": {
					"avg": 164,
					"count": 2,
					"min": 130,
					"max": 197
				},
				"2024-06-14": {
					"avg": 197,
					"count": 1,
					"min": 197,
					"max": 197
				},
				"2024-06-15": {
					"avg": 131,
					"count": 3,
					"min": 49,
					"max": 198
				},
				"2024-06-17": {
					"avg": 76,
					"count": 3,
					"min": 24,
					"max": 121
				},
				"2024-06-18": {
					"avg": 130,
					"count": 1,
					"min": 130,
					"max": 130
				},
				"2024-06-19": {
					"avg": 284,
					"count": 3,
					"min": 147,
					"max": 522
				},
				"2024-06-20": {
					"avg": 534,
					"count": 1,
					"min": 534,
					"max": 534
				},
				"2024-06-21": {
					"avg": 39,
					"count": 1,
					"min": 39,
					"max": 39
				},
				"2024-06-22": {
					"avg": 50,
					"count": 1,
					"min": 50,
					"max": 50
				},
				"2024-06-24": {
					"avg": 100,
					"count": 1,
					"min": 100,
					"max": 100
				},
				"2024-06-26": {
					"avg": 169,
					"count": 3,
					"min": 30,
					"max": 331
				},
				"2024-06-27": {
					"avg": 87,
					"count": 10,
					"min": 21,
					"max": 154
				},
				"2024-06-28": {
					"avg": 22,
					"count": 1,
					"min": 22,
					"max": 22
				},
				"2024-06-29": {
					"avg": 56,
					"count": 27,
					"min": 25,
					"max": 164
				},
				"2024-06-30": {
					"avg": 61,
					"count": 2,
					"min": 22,
					"max": 99
				},
				"2024-07-01": {
					"avg": 100,
					"count": 1,
					"min": 100,
					"max": 100
				},
				"2024-07-03": {
					"avg": 22,
					"count": 1,
					"min": 22,
					"max": 22
				},
				"2024-07-06": {
					"avg": 8,
					"count": 1,
					"min": 8,
					"max": 8
				},
				"2024-07-07": {
					"avg": 109,
					"count": 1,
					"min": 109,
					"max": 109
				},
				"2024-07-08": {
					"avg": 142,
					"count": 1,
					"min": 142,
					"max": 142
				},
				"2024-07-09": {
					"avg": 89,
					"count": 2,
					"min": 28,
					"max": 150
				},
				"2024-07-10": {
					"avg": 52,
					"count": 15,
					"min": 23,
					"max": 338
				},
				"2024-07-12": {
					"avg": 80,
					"count": 4,
					"min": 22,
					"max": 254
				},
				"2024-07-13": {
					"avg": 110,
					"count": 2,
					"min": 47,
					"max": 173
				},
				"2024-07-14": {
					"avg": 28,
					"count": 3,
					"min": 25,
					"max": 29
				},
				"2024-07-15": {
					"avg": 139,
					"count": 3,
					"min": 100,
					"max": 197
				},
				"2024-07-16": {
					"avg": 48,
					"count": 2,
					"min": 25,
					"max": 70
				},
				"2024-07-17": {
					"avg": 145,
					"count": 20,
					"min": 25,
					"max": 197
				},
				"2024-07-18": {
					"avg": 197,
					"count": 1,
					"min": 197,
					"max": 197
				},
				"2024-07-19": {
					"avg": 269,
					"count": 1,
					"min": 269,
					"max": 269
				},
				"2024-07-21": {
					"avg": 157,
					"count": 1,
					"min": 157,
					"max": 157
				},
				"2024-07-22": {
					"avg": 91,
					"count": 6,
					"min": 29,
					"max": 157
				},
				"2024-07-23": {
					"avg": 131,
					"count": 12,
					"min": 110,
					"max": 135
				},
				"2024-07-24": {
					"avg": 167,
					"count": 143,
					"min": 142,
					"max": 524
				},
				"2024-07-25": {
					"avg": 77,
					"count": 2,
					"min": 26,
					"max": 127
				},
				"2024-07-26": {
					"avg": 142,
					"count": 5,
					"min": 127,
					"max": 177
				},
				"2024-07-27": {
					"avg": 205,
					"count": 3,
					"min": 107,
					"max": 254
				},
				"2024-07-28": {
					"avg": 202,
					"count": 1,
					"min": 202,
					"max": 202
				},
				"2024-07-29": {
					"avg": 66,
					"count": 4,
					"min": 24,
					"max": 192
				},
				"2024-07-30": {
					"avg": 369,
					"count": 3,
					"min": 28,
					"max": 1044
				},
				"2024-07-31": {
					"avg": 53,
					"count": 5,
					"min": 23,
					"max": 172
				},
				"2024-08-01": {
					"avg": 84,
					"count": 10,
					"min": 84,
					"max": 84
				},
				"2024-08-02": {
					"avg": 127,
					"count": 10,
					"min": 127,
					"max": 127
				},
				"2024-08-03": {
					"avg": 131,
					"count": 2,
					"min": 100,
					"max": 161
				},
				"2024-08-05": {
					"avg": 173,
					"count": 1,
					"min": 173,
					"max": 173
				},
				"2024-08-07": {
					"avg": 136,
					"count": 7,
					"min": 25,
					"max": 549
				},
				"2024-08-10": {
					"avg": 144,
					"count": 10,
					"min": 25,
					"max": 846
				},
				"2024-08-11": {
					"avg": 110,
					"count": 3,
					"min": 47,
					"max": 175
				},
				"2024-08-12": {
					"avg": 154,
					"count": 4,
					"min": 47,
					"max": 324
				},
				"2024-08-13": {
					"avg": 266,
					"count": 5,
					"min": 30,
					"max": 500
				},
				"2024-08-14": {
					"avg": 39,
					"count": 1,
					"min": 39,
					"max": 39
				},
				"2024-08-15": {
					"avg": 118,
					"count": 6,
					"min": 25,
					"max": 138
				},
				"2024-08-16": {
					"avg": 598,
					"count": 1,
					"min": 598,
					"max": 598
				},
				"2024-08-17": {
					"avg": 184,
					"count": 18,
					"min": 25,
					"max": 846
				},
				"2024-08-18": {
					"avg": 26,
					"count": 1,
					"min": 26,
					"max": 26
				},
				"2024-08-19": {
					"avg": 105,
					"count": 4,
					"min": 28,
					"max": 208
				},
				"2024-08-21": {
					"avg": 128,
					"count": 3,
					"min": 99,
					"max": 149
				},
				"2024-08-22": {
					"avg": 63,
					"count": 2,
					"min": 27,
					"max": 99
				},
				"2024-08-23": {
					"avg": 82,
					"count": 1,
					"min": 82,
					"max": 82
				},
				"2024-08-24": {
					"avg": 143,
					"count": 54,
					"min": 129,
					"max": 207
				},
				"2024-08-25": {
					"avg": 190,
					"count": 2,
					"min": 81,
					"max": 298
				},
				"2024-08-26": {
					"avg": 598,
					"count": 1,
					"min": 598,
					"max": 598
				},
				"2024-08-27": {
					"avg": 127,
					"count": 1,
					"min": 127,
					"max": 127
				},
				"2024-08-28": {
					"avg": 77,
					"count": 7,
					"min": 24,
					"max": 145
				},
				"2024-08-29": {
					"avg": 105,
					"count": 1,
					"min": 105,
					"max": 105
				},
				"2024-08-30": {
					"avg": 177,
					"count": 1,
					"min": 177,
					"max": 177
				},
				"2024-08-31": {
					"avg": 176,
					"count": 4,
					"min": 21,
					"max": 574
				},
				"2024-09-03": {
					"avg": 341,
					"count": 2,
					"min": 84,
					"max": 598
				},
				"2024-09-04": {
					"avg": 127,
					"count": 2,
					"min": 47,
					"max": 206
				},
				"2024-09-05": {
					"avg": 194,
					"count": 2,
					"min": 49,
					"max": 338
				},
				"2024-09-06": {
					"avg": 235,
					"count": 1,
					"min": 235,
					"max": 235
				},
				"2024-09-07": {
					"avg": 90,
					"count": 2,
					"min": 21,
					"max": 158
				},
				"2024-09-08": {
					"avg": 152,
					"count": 1,
					"min": 152,
					"max": 152
				},
				"2024-09-09": {
					"avg": 25,
					"count": 1,
					"min": 25,
					"max": 25
				},
				"2024-09-10": {
					"avg": 98,
					"count": 2,
					"min": 18,
					"max": 178
				},
				"2024-09-11": {
					"avg": 187,
					"count": 1,
					"min": 187,
					"max": 187
				},
				"2024-09-13": {
					"avg": 88,
					"count": 2,
					"min": 23,
					"max": 152
				},
				"2024-09-14": {
					"avg": 56,
					"count": 2,
					"min": 28,
					"max": 84
				},
				"2024-09-15": {
					"avg": 1064,
					"count": 2,
					"min": 29,
					"max": 2099
				},
				"2024-09-16": {
					"avg": 51,
					"count": 2,
					"min": 23,
					"max": 79
				},
				"2024-09-17": {
					"avg": 189,
					"count": 2,
					"min": 169,
					"max": 208
				},
				"2024-09-18": {
					"avg": 26,
					"count": 14,
					"min": 5,
					"max": 162
				},
				"2024-09-20": {
					"avg": 147,
					"count": 3,
					"min": 18,
					"max": 225
				},
				"2024-09-21": {
					"avg": 18,
					"count": 1,
					"min": 18,
					"max": 18
				},
				"2024-09-22": {
					"avg": 92,
					"count": 4,
					"min": 36,
					"max": 150
				},
				"2024-09-23": {
					"avg": 176,
					"count": 1,
					"min": 176,
					"max": 176
				}
			},
			"avg": 144,
			"avg7": -1,
			"avg28": -1
		},
		"normal-used": {
			"history": {
				"2024-05-24": {
					"avg": 136,
					"count": 1,
					"min": 136,
					"max": 136
				},
				"2024-05-25": {
					"avg": 229,
					"count": 1,
					"min": 229,
					"max": 229
				},
				"2024-05-26": {
					"avg": 82,
					"count": 6,
					"min": 15,
					"max": 124
				},
				"2024-05-29": {
					"avg": 65,
					"count": 1,
					"min": 65,
					"max": 65
				},
				"2024-06-07": {
					"avg": 13,
					"count": 2,
					"min": 13,
					"max": 13
				},
				"2024-06-16": {
					"avg": 111,
					"count": 2,
					"min": 111,
					"max": 111
				},
				"2024-06-20": {
					"avg": 13,
					"count": 4,
					"min": 13,
					"max": 13
				},
				"2024-06-23": {
					"avg": 44,
					"count": 8,
					"min": 31,
					"max": 132
				},
				"2024-06-25": {
					"avg": 130,
					"count": 1,
					"min": 130,
					"max": 130
				},
				"2024-06-27": {
					"avg": 29,
					"count": 1,
					"min": 29,
					"max": 29
				},
				"2024-06-28": {
					"avg": 18,
					"count": 9,
					"min": 15,
					"max": 33
				},
				"2024-07-02": {
					"avg": 31,
					"count": 1,
					"min": 31,
					"max": 31
				},
				"2024-07-04": {
					"avg": 31,
					"count": 1,
					"min": 31,
					"max": 31
				},
				"2024-07-10": {
					"avg": 123,
					"count": 8,
					"min": 123,
					"max": 123
				},
				"2024-07-16": {
					"avg": 3,
					"count": 3,
					"min": 3,
					"max": 3
				},
				"2024-07-18": {
					"avg": 108,
					"count": 1,
					"min": 108,
					"max": 108
				},
				"2024-07-21": {
					"avg": 21,
					"count": 1,
					"min": 21,
					"max": 21
				},
				"2024-07-24": {
					"avg": 33,
					"count": 1,
					"min": 33,
					"max": 33
				},
				"2024-08-11": {
					"avg": 11,
					"count": 2,
					"min": 9,
					"max": 13
				},
				"2024-08-13": {
					"avg": 25,
					"count": 1,
					"min": 25,
					"max": 25
				},
				"2024-08-16": {
					"avg": 144,
					"count": 1,
					"min": 144,
					"max": 144
				},
				"2024-08-20": {
					"avg": 20,
					"count": 1,
					"min": 20,
					"max": 20
				},
				"2024-08-21": {
					"avg": 8,
					"count": 1,
					"min": 8,
					"max": 8
				},
				"2024-08-23": {
					"avg": 82,
					"count": 2,
					"min": 25,
					"max": 138
				},
				"2024-08-26": {
					"avg": 25,
					"count": 1,
					"min": 25,
					"max": 25
				},
				"2024-08-28": {
					"avg": 13,
					"count": 1,
					"min": 13,
					"max": 13
				},
				"2024-08-31": {
					"avg": 10,
					"count": 1,
					"min": 10,
					"max": 10
				},
				"2024-09-06": {
					"avg": 75,
					"count": 4,
					"min": 25,
					"max": 111
				},
				"2024-09-16": {
					"avg": 17,
					"count": 1,
					"min": 17,
					"max": 17
				},
				"2024-09-17": {
					"avg": 18,
					"count": 1,
					"min": 18,
					"max": 18
				},
				"2024-09-21": {
					"avg": 137,
					"count": 1,
					"min": 137,
					"max": 137
				},
				"2024-09-22": {
					"avg": 12,
					"count": 1,
					"min": 12,
					"max": 12
				},
				"2024-09-23": {
					"avg": 22,
					"count": 4,
					"min": 22,
					"max": 22
				}
			},
			"avg": 55,
			"avg7": -1,
			"avg28": -1
		},
		"normal-poor": {
			"history": {
				"2024-06-20": {
					"avg": 15,
					"count": 3,
					"min": 15,
					"max": 15
				},
				"2024-06-24": {
					"avg": 131,
					"count": 1,
					"min": 131,
					"max": 131
				},
				"2024-06-25": {
					"avg": 25,
					"count": 1,
					"min": 25,
					"max": 25
				},
				"2024-07-06": {
					"avg": 116,
					"count": 1,
					"min": 116,
					"max": 116
				},
				"2024-07-10": {
					"avg": 77,
					"count": 2,
					"min": 10,
					"max": 143
				},
				"2024-07-11": {
					"avg": 9,
					"count": 2,
					"min": 9,
					"max": 9
				},
				"2024-07-12": {
					"avg": 9,
					"count": 2,
					"min": 9,
					"max": 9
				},
				"2024-07-13": {
					"avg": 128,
					"count": 1,
					"min": 128,
					"max": 128
				},
				"2024-07-15": {
					"avg": 123,
					"count": 1,
					"min": 123,
					"max": 123
				},
				"2024-07-16": {
					"avg": 1,
					"count": 1,
					"min": 1,
					"max": 1
				},
				"2024-07-20": {
					"avg": 135,
					"count": 2,
					"min": 6,
					"max": 264
				},
				"2024-07-22": {
					"avg": 10,
					"count": 1,
					"min": 10,
					"max": 10
				},
				"2024-07-25": {
					"avg": 13,
					"count": 1,
					"min": 13,
					"max": 13
				},
				"2024-07-27": {
					"avg": 1,
					"count": 1,
					"min": 1,
					"max": 1
				},
				"2024-08-03": {
					"avg": 8,
					"count": 4,
					"min": 6,
					"max": 13
				},
				"2024-08-12": {
					"avg": 143,
					"count": 1,
					"min": 143,
					"max": 143
				},
				"2024-08-16": {
					"avg": 59,
					"count": 4,
					"min": 6,
					"max": 110
				},
				"2024-08-20": {
					"avg": 3,
					"count": 2,
					"min": 3,
					"max": 3
				},
				"2024-08-28": {
					"avg": 100,
					"count": 1,
					"min": 100,
					"max": 100
				},
				"2024-08-31": {
					"avg": 10,
					"count": 1,
					"min": 10,
					"max": 10
				},
				"2024-09-02": {
					"avg": 24,
					"count": 1,
					"min": 24,
					"max": 24
				},
				"2024-09-05": {
					"avg": 124,
					"count": 1,
					"min": 124,
					"max": 124
				},
				"2024-09-06": {
					"avg": 70,
					"count": 2,
					"min": 11,
					"max": 128
				},
				"2024-09-17": {
					"avg": 20,
					"count": 1,
					"min": 20,
					"max": 20
				}
			},
			"avg": 50,
			"avg7": -1,
			"avg28": -1
		}
	}
}