{
	"data": {
		"normal-good": {
			"history": {
				"2022-11-12": {
					"avg": 60,
					"count": 2
				},
				"2022-11-13": {
					"avg": 66,
					"count": 17
				},
				"2022-11-14": {
					"avg": 78,
					"count": 4
				},
				"2022-11-15": {
					"avg": 67,
					"count": 2
				},
				"2022-11-16": {
					"avg": 110,
					"count": 87
				},
				"2022-11-17": {
					"avg": 120,
					"count": 9
				},
				"2022-11-19": {
					"avg": 99,
					"count": 3,
					"min": 23,
					"max": 154
				},
				"2022-11-20": {
					"avg": 40,
					"count": 3,
					"min": 19,
					"max": 50
				},
				"2022-11-21": {
					"avg": 19,
					"count": 1,
					"min": 19,
					"max": 19
				},
				"2022-11-22": {
					"avg": 823,
					"count": 32,
					"min": 822,
					"max": 823
				},
				"2022-11-23": {
					"avg": 104,
					"count": 3,
					"min": 19,
					"max": 188
				},
				"2022-11-24": {
					"avg": 53,
					"count": 4,
					"min": 19,
					"max": 149
				},
				"2022-11-25": {
					"avg": 59,
					"count": 20,
					"min": 10,
					"max": 174
				},
				"2022-11-26": {
					"avg": 760,
					"count": 60,
					"min": 519,
					"max": 822
				},
				"2022-11-27": {
					"avg": 20,
					"count": 8,
					"min": 19,
					"max": 23
				},
				"2022-11-28": {
					"avg": 74,
					"count": 6,
					"min": 19,
					"max": 122
				},
				"2022-11-29": {
					"avg": 74,
					"count": 5,
					"min": 15,
					"max": 114
				},
				"2022-11-30": {
					"avg": 15,
					"count": 2,
					"min": 15,
					"max": 15
				},
				"2022-12-01": {
					"avg": 96,
					"count": 16,
					"min": 15,
					"max": 1023
				},
				"2022-12-02": {
					"avg": 13,
					"count": 3,
					"min": 8,
					"max": 15
				},
				"2022-12-03": {
					"avg": 80,
					"count": 1,
					"min": 80,
					"max": 80
				},
				"2022-12-04": {
					"avg": 56,
					"count": 5,
					"min": 15,
					"max": 89
				},
				"2022-12-05": {
					"avg": 30,
					"count": 163,
					"min": 8,
					"max": 219
				},
				"2022-12-06": {
					"avg": 247,
					"count": 4,
					"min": 13,
					"max": 820
				},
				"2022-12-07": {
					"avg": 93,
					"count": 7,
					"min": 19,
					"max": 106
				},
				"2022-12-09": {
					"avg": 19,
					"count": 2,
					"min": 19,
					"max": 19
				},
				"2022-12-10": {
					"avg": 81,
					"count": 239,
					"min": 17,
					"max": 524
				},
				"2022-12-11": {
					"avg": 42,
					"count": 3,
					"min": 19,
					"max": 89
				},
				"2022-12-12": {
					"avg": 31,
					"count": 9,
					"min": 17,
					"max": 99
				},
				"2022-12-13": {
					"avg": 46,
					"count": 4,
					"min": 19,
					"max": 89
				},
				"2022-12-14": {
					"avg": 59,
					"count": 3,
					"min": 17,
					"max": 135
				},
				"2022-12-15": {
					"avg": 69,
					"count": 5,
					"min": 15,
					"max": 178
				},
				"2022-12-16": {
					"avg": 117,
					"count": 17,
					"min": 25,
					"max": 417
				},
				"2022-12-17": {
					"avg": 93,
					"count": 4,
					"min": 15,
					"max": 124
				},
				"2022-12-18": {
					"avg": 74,
					"count": 8,
					"min": 16,
					"max": 199
				},
				"2022-12-20": {
					"avg": 33,
					"count": 3,
					"min": 19,
					"max": 62
				},
				"2022-12-21": {
					"avg": 94,
					"count": 4,
					"min": 50,
					"max": 150
				},
				"2022-12-22": {
					"avg": 106,
					"count": 1,
					"min": 106,
					"max": 106
				},
				"2022-12-23": {
					"avg": 96,
					"count": 9,
					"min": 25,
					"max": 123
				},
				"2022-12-24": {
					"avg": 49,
					"count": 1,
					"min": 49,
					"max": 49
				},
				"2022-12-25": {
					"avg": 39,
					"count": 10,
					"min": 19,
					"max": 173
				},
				"2022-12-26": {
					"avg": 22,
					"count": 1,
					"min": 22,
					"max": 22
				},
				"2022-12-27": {
					"avg": 64,
					"count": 9,
					"min": 9,
					"max": 306
				},
				"2022-12-28": {
					"avg": 72,
					"count": 2,
					"min": 19,
					"max": 125
				},
				"2022-12-29": {
					"avg": 185,
					"count": 28,
					"min": 19,
					"max": 208
				},
				"2022-12-30": {
					"avg": 22,
					"count": 2,
					"min": 19,
					"max": 25
				},
				"2022-12-31": {
					"avg": 54,
					"count": 2,
					"min": 19,
					"max": 89
				},
				"2023-01-01": {
					"avg": 112,
					"count": 2,
					"min": 105,
					"max": 119
				},
				"2023-01-02": {
					"avg": 192,
					"count": 131,
					"min": 20,
					"max": 524
				},
				"2023-01-03": {
					"avg": 148,
					"count": 4,
					"min": 25,
					"max": 299
				},
				"2023-01-04": {
					"avg": 589,
					"count": 1,
					"min": 589,
					"max": 589
				},
				"2023-01-05": {
					"avg": 65,
					"count": 13,
					"min": 13,
					"max": 119
				},
				"2023-01-06": {
					"avg": 5,
					"count": 1,
					"min": 5,
					"max": 5
				},
				"2023-01-07": {
					"avg": 59,
					"count": 2,
					"min": 20,
					"max": 97
				},
				"2023-01-08": {
					"avg": 74,
					"count": 5,
					"min": 15,
					"max": 184
				},
				"2023-01-09": {
					"avg": 110,
					"count": 1,
					"min": 110,
					"max": 110
				},
				"2023-01-10": {
					"avg": 51,
					"count": 3,
					"min": 15,
					"max": 119
				},
				"2023-01-11": {
					"avg": 107,
					"count": 18,
					"min": 17,
					"max": 259
				},
				"2023-01-12": {
					"avg": 113,
					"count": 21,
					"min": 15,
					"max": 523
				},
				"2023-02-06": {
					"avg": 55,
					"count": 39,
					"min": 24,
					"max": 299
				},
				"2023-02-07": {
					"avg": 165,
					"count": 4,
					"min": 18,
					"max": 349
				},
				"2023-02-08": {
					"avg": 211,
					"count": 36,
					"min": 24,
					"max": 523
				},
				"2023-02-10": {
					"avg": 56,
					"count": 5,
					"min": 8,
					"max": 85
				},
				"2023-02-11": {
					"avg": 105,
					"count": 9,
					"min": 10,
					"max": 274
				},
				"2023-02-12": {
					"avg": 21,
					"count": 9,
					"min": 19,
					"max": 35
				},
				"2023-02-13": {
					"avg": 87,
					"count": 6,
					"min": 19,
					"max": 100
				},
				"2023-02-14": {
					"avg": 99,
					"count": 22,
					"min": 82,
					"max": 108
				},
				"2023-02-15": {
					"avg": 67,
					"count": 8,
					"min": 18,
					"max": 149
				},
				"2023-02-16": {
					"avg": 81,
					"count": 7,
					"min": 12,
					"max": 174
				},
				"2023-02-17": {
					"avg": 93,
					"count": 10,
					"min": 18,
					"max": 519
				},
				"2023-02-18": {
					"avg": 125,
					"count": 5,
					"min": 19,
					"max": 199
				},
				"2023-02-19": {
					"avg": 109,
					"count": 7,
					"min": 6,
					"max": 251
				},
				"2023-02-20": {
					"avg": 126,
					"count": 13,
					"min": 19,
					"max": 175
				},
				"2023-02-21": {
					"avg": 65,
					"count": 3,
					"min": 21,
					"max": 134
				},
				"2023-02-22": {
					"avg": 20,
					"count": 20,
					"min": 20,
					"max": 22
				},
				"2023-02-23": {
					"avg": 86,
					"count": 3,
					"min": 56,
					"max": 106
				},
				"2023-02-24": {
					"avg": 120,
					"count": 7,
					"min": 85,
					"max": 149
				},
				"2023-02-26": {
					"avg": 28,
					"count": 6,
					"min": 13,
					"max": 50
				},
				"2023-02-27": {
					"avg": 208,
					"count": 3,
					"min": 19,
					"max": 519
				},
				"2023-02-28": {
					"avg": 125,
					"count": 31,
					"min": 17,
					"max": 349
				},
				"2023-03-01": {
					"avg": 41,
					"count": 3,
					"min": 23,
					"max": 59
				},
				"2023-03-02": {
					"avg": 128,
					"count": 16,
					"min": 15,
					"max": 251
				},
				"2023-03-03": {
					"avg": 52,
					"count": 6,
					"min": 6,
					"max": 159
				},
				"2023-03-04": {
					"avg": 86,
					"count": 2,
					"min": 24,
					"max": 148
				},
				"2023-03-05": {
					"avg": 59,
					"count": 9,
					"min": 24,
					"max": 170
				},
				"2023-03-06": {
					"avg": 61,
					"count": 11,
					"min": 24,
					"max": 202
				},
				"2023-03-07": {
					"avg": 66,
					"count": 4,
					"min": 24,
					"max": 134
				},
				"2023-03-09": {
					"avg": 17,
					"count": 3,
					"min": 2,
					"max": 25
				},
				"2023-03-10": {
					"avg": 23,
					"count": 5,
					"min": 2,
					"max": 60
				},
				"2023-03-11": {
					"avg": 148,
					"count": 2,
					"min": 122,
					"max": 174
				},
				"2023-03-12": {
					"avg": 60,
					"count": 6,
					"min": 20,
					"max": 136
				},
				"2023-03-13": {
					"avg": 193,
					"count": 7,
					"min": 10,
					"max": 524
				},
				"2023-03-14": {
					"avg": 97,
					"count": 3,
					"min": 97,
					"max": 97
				},
				"2023-03-15": {
					"avg": 41,
					"count": 6,
					"min": 30,
					"max": 97
				},
				"2023-03-16": {
					"avg": 145,
					"count": 9,
					"min": 44,
					"max": 468
				},
				"2023-03-17": {
					"avg": 100,
					"count": 1,
					"min": 100,
					"max": 100
				},
				"2023-03-18": {
					"avg": 150,
					"count": 1,
					"min": 150,
					"max": 150
				},
				"2023-03-20": {
					"avg": 64,
					"count": 2,
					"min": 27,
					"max": 100
				},
				"2023-03-21": {
					"avg": 134,
					"count": 1,
					"min": 134,
					"max": 134
				},
				"2023-03-24": {
					"avg": 39,
					"count": 7,
					"min": 20,
					"max": 98
				},
				"2023-03-25": {
					"avg": 25,
					"count": 1,
					"min": 25,
					"max": 25
				},
				"2023-03-28": {
					"avg": 146,
					"count": 6,
					"min": 22,
					"max": 395
				},
				"2023-03-29": {
					"avg": 109,
					"count": 27,
					"min": 35,
					"max": 233
				},
				"2023-03-31": {
					"avg": 148,
					"count": 14,
					"min": 134,
					"max": 169
				},
				"2023-04-01": {
					"avg": 80,
					"count": 4,
					"min": 25,
					"max": 127
				},
				"2023-04-02": {
					"avg": 26,
					"count": 2,
					"min": 25,
					"max": 26
				},
				"2023-04-03": {
					"avg": 159,
					"count": 32,
					"min": 16,
					"max": 433
				},
				"2023-04-04": {
					"avg": 244,
					"count": 4,
					"min": 20,
					"max": 833
				},
				"2023-04-05": {
					"avg": 54,
					"count": 5,
					"min": 26,
					"max": 110
				},
				"2023-04-06": {
					"avg": 425,
					"count": 5,
					"min": 26,
					"max": 525
				},
				"2023-04-07": {
					"avg": 117,
					"count": 11,
					"min": 97,
					"max": 199
				},
				"2023-04-08": {
					"avg": 115,
					"count": 20,
					"min": 26,
					"max": 185
				},
				"2023-04-09": {
					"avg": 82,
					"count": 11,
					"min": 20,
					"max": 154
				},
				"2023-04-10": {
					"avg": 126,
					"count": 22,
					"min": 15,
					"max": 157
				},
				"2023-04-11": {
					"avg": 56,
					"count": 3,
					"min": 20,
					"max": 124
				},
				"2023-04-12": {
					"avg": 99,
					"count": 1,
					"min": 99,
					"max": 99
				},
				"2023-04-13": {
					"avg": 17,
					"count": 2,
					"min": 8,
					"max": 25
				},
				"2023-04-14": {
					"avg": 41,
					"count": 2,
					"min": 23,
					"max": 59
				},
				"2023-04-15": {
					"avg": 123,
					"count": 2,
					"min": 24,
					"max": 221
				},
				"2023-04-16": {
					"avg": 65,
					"count": 2,
					"min": 26,
					"max": 104
				},
				"2023-04-17": {
					"avg": 249,
					"count": 10,
					"min": 10,
					"max": 424
				},
				"2023-04-18": {
					"avg": 157,
					"count": 20,
					"min": 20,
					"max": 236
				},
				"2023-04-19": {
					"avg": 241,
					"count": 4,
					"min": 10,
					"max": 468
				},
				"2023-04-20": {
					"avg": 10,
					"count": 2,
					"min": 10,
					"max": 10
				},
				"2023-04-21": {
					"avg": 26,
					"count": 7,
					"min": 10,
					"max": 78
				},
				"2023-04-22": {
					"avg": 548,
					"count": 1,
					"min": 548,
					"max": 548
				},
				"2023-04-23": {
					"avg": 169,
					"count": 4,
					"min": 11,
					"max": 395
				},
				"2023-04-25": {
					"avg": 51,
					"count": 4,
					"min": 15,
					"max": 124
				},
				"2023-04-29": {
					"avg": 110,
					"count": 1,
					"min": 110,
					"max": 110
				},
				"2023-04-30": {
					"avg": 56,
					"count": 2,
					"min": 20,
					"max": 91
				},
				"2023-05-01": {
					"avg": 23,
					"count": 3,
					"min": 18,
					"max": 25
				},
				"2023-05-02": {
					"avg": 797,
					"count": 33,
					"min": 25,
					"max": 823
				},
				"2023-05-03": {
					"avg": 91,
					"count": 2,
					"min": 91,
					"max": 91
				},
				"2023-05-04": {
					"avg": 20,
					"count": 1,
					"min": 20,
					"max": 20
				},
				"2023-05-05": {
					"avg": 69,
					"count": 22,
					"min": 25,
					"max": 97
				},
				"2023-05-06": {
					"avg": 36,
					"count": 3,
					"min": 19,
					"max": 63
				},
				"2023-05-07": {
					"avg": 48,
					"count": 117,
					"min": 20,
					"max": 212
				},
				"2023-05-08": {
					"avg": 104,
					"count": 9,
					"min": 19,
					"max": 118
				},
				"2023-05-09": {
					"avg": 91,
					"count": 14,
					"min": 17,
					"max": 128
				},
				"2023-05-10": {
					"avg": 256,
					"count": 48,
					"min": 19,
					"max": 442
				},
				"2023-05-11": {
					"avg": 87,
					"count": 4,
					"min": 25,
					"max": 125
				},
				"2023-05-12": {
					"avg": 80,
					"count": 8,
					"min": 19,
					"max": 169
				},
				"2023-05-13": {
					"avg": 20,
					"count": 2,
					"min": 20,
					"max": 20
				},
				"2023-05-14": {
					"avg": 110,
					"count": 1,
					"min": 110,
					"max": 110
				},
				"2023-05-15": {
					"avg": 81,
					"count": 5,
					"min": 25,
					"max": 104
				},
				"2023-05-16": {
					"avg": 24,
					"count": 1,
					"min": 24,
					"max": 24
				},
				"2023-05-17": {
					"avg": 220,
					"count": 2,
					"min": 20,
					"max": 420
				},
				"2023-05-18": {
					"avg": 106,
					"count": 4,
					"min": 23,
					"max": 254
				},
				"2023-05-19": {
					"avg": 79,
					"count": 8,
					"min": 15,
					"max": 114
				},
				"2023-05-20": {
					"avg": 41,
					"count": 3,
					"min": 23,
					"max": 67
				},
				"2023-05-21": {
					"avg": 87,
					"count": 1,
					"min": 87,
					"max": 87
				},
				"2023-05-22": {
					"avg": 309,
					"count": 4,
					"min": 39,
					"max": 1023
				},
				"2023-05-23": {
					"avg": 121,
					"count": 5,
					"min": 20,
					"max": 519
				},
				"2023-05-24": {
					"avg": 93,
					"count": 16,
					"min": 23,
					"max": 110
				},
				"2023-05-25": {
					"avg": 30,
					"count": 3,
					"min": 19,
					"max": 49
				},
				"2023-05-26": {
					"avg": 62,
					"count": 3,
					"min": 21,
					"max": 141
				},
				"2023-05-27": {
					"avg": 94,
					"count": 17,
					"min": 17,
					"max": 132
				},
				"2023-05-28": {
					"avg": 114,
					"count": 5,
					"min": 24,
					"max": 395
				},
				"2023-05-29": {
					"avg": 31,
					"count": 14,
					"min": 11,
					"max": 115
				},
				"2023-05-31": {
					"avg": 103,
					"count": 7,
					"min": 15,
					"max": 169
				},
				"2023-06-01": {
					"avg": 195,
					"count": 24,
					"min": 16,
					"max": 528
				},
				"2023-06-02": {
					"avg": 29,
					"count": 1,
					"min": 29,
					"max": 29
				},
				"2023-06-03": {
					"avg": 306,
					"count": 3,
					"min": 70,
					"max": 424
				},
				"2023-06-04": {
					"avg": 58,
					"count": 3,
					"min": 24,
					"max": 124
				},
				"2023-06-05": {
					"avg": 169,
					"count": 2,
					"min": 169,
					"max": 169
				},
				"2023-06-06": {
					"avg": 68,
					"count": 3,
					"min": 34,
					"max": 99
				},
				"2023-06-07": {
					"avg": 28,
					"count": 2,
					"min": 22,
					"max": 34
				},
				"2023-06-08": {
					"avg": 32,
					"count": 1,
					"min": 32,
					"max": 32
				},
				"2023-06-09": {
					"avg": 29,
					"count": 1,
					"min": 29,
					"max": 29
				},
				"2023-06-10": {
					"avg": 70,
					"count": 2,
					"min": 16,
					"max": 124
				},
				"2023-06-11": {
					"avg": 99,
					"count": 1,
					"min": 99,
					"max": 99
				},
				"2023-06-12": {
					"avg": 110,
					"count": 4,
					"min": 104,
					"max": 123
				},
				"2023-06-13": {
					"avg": 47,
					"count": 4,
					"min": 20,
					"max": 119
				},
				"2023-06-14": {
					"avg": 43,
					"count": 6,
					"min": 15,
					"max": 113
				},
				"2023-06-15": {
					"avg": 197,
					"count": 6,
					"min": 24,
					"max": 587
				},
				"2023-06-17": {
					"avg": 50,
					"count": 23,
					"min": 19,
					"max": 125
				},
				"2023-06-18": {
					"avg": 88,
					"count": 7,
					"min": 25,
					"max": 110
				},
				"2023-06-20": {
					"avg": 143,
					"count": 13,
					"min": 20,
					"max": 441
				},
				"2023-06-21": {
					"avg": 76,
					"count": 4,
					"min": 29,
					"max": 132
				},
				"2023-06-22": {
					"avg": 141,
					"count": 7,
					"min": 25,
					"max": 424
				},
				"2023-06-23": {
					"avg": 374,
					"count": 8,
					"min": 20,
					"max": 425
				},
				"2023-06-24": {
					"avg": 45,
					"count": 1,
					"min": 45,
					"max": 45
				},
				"2023-06-25": {
					"avg": 115,
					"count": 4,
					"min": 97,
					"max": 147
				},
				"2023-06-26": {
					"avg": 104,
					"count": 5,
					"min": 104,
					"max": 104
				},
				"2023-06-27": {
					"avg": 133,
					"count": 3,
					"min": 45,
					"max": 205
				},
				"2023-06-28": {
					"avg": 103,
					"count": 2,
					"min": 103,
					"max": 103
				},
				"2023-06-29": {
					"avg": 25,
					"count": 1,
					"min": 25,
					"max": 25
				},
				"2023-06-30": {
					"avg": 220,
					"count": 14,
					"min": 25,
					"max": 424
				},
				"2023-07-01": {
					"avg": 70,
					"count": 4,
					"min": 27,
					"max": 124
				},
				"2023-07-02": {
					"avg": 47,
					"count": 2,
					"min": 25,
					"max": 69
				},
				"2023-07-03": {
					"avg": 92,
					"count": 6,
					"min": 10,
					"max": 450
				},
				"2023-07-04": {
					"avg": 31,
					"count": 32,
					"min": 19,
					"max": 128
				},
				"2023-07-06": {
					"avg": 320,
					"count": 4,
					"min": 25,
					"max": 974
				},
				"2023-07-07": {
					"avg": 36,
					"count": 25,
					"min": 18,
					"max": 124
				},
				"2023-07-08": {
					"avg": 67,
					"count": 4,
					"min": 12,
					"max": 120
				},
				"2023-07-09": {
					"avg": 60,
					"count": 3,
					"min": 23,
					"max": 117
				},
				"2023-07-10": {
					"avg": 296,
					"count": 9,
					"min": 24,
					"max": 1825
				},
				"2023-07-11": {
					"avg": 5,
					"count": 1,
					"min": 5,
					"max": 5
				},
				"2023-07-12": {
					"avg": 273,
					"count": 2,
					"min": 20,
					"max": 526
				},
				"2023-07-13": {
					"avg": 310,
					"count": 19,
					"min": 64,
					"max": 523
				},
				"2023-07-14": {
					"avg": 98,
					"count": 15,
					"min": 97,
					"max": 113
				},
				"2023-07-15": {
					"avg": 192,
					"count": 7,
					"min": 18,
					"max": 548
				},
				"2023-07-16": {
					"avg": 64,
					"count": 7,
					"min": 19,
					"max": 104
				},
				"2023-07-17": {
					"avg": 63,
					"count": 8,
					"min": 25,
					"max": 219
				},
				"2023-07-18": {
					"avg": 35,
					"count": 53,
					"min": 20,
					"max": 136
				},
				"2023-07-19": {
					"avg": 120,
					"count": 7,
					"min": 9,
					"max": 424
				},
				"2023-07-20": {
					"avg": 49,
					"count": 13,
					"min": 18,
					"max": 325
				},
				"2023-07-21": {
					"avg": 23,
					"count": 4,
					"min": 15,
					"max": 27
				},
				"2023-07-22": {
					"avg": 175,
					"count": 6,
					"min": 17,
					"max": 230
				},
				"2023-07-23": {
					"avg": 134,
					"count": 4,
					"min": 17,
					"max": 424
				},
				"2023-07-24": {
					"avg": 100,
					"count": 3,
					"min": 25,
					"max": 207
				},
				"2023-07-25": {
					"avg": 187,
					"count": 17,
					"min": 25,
					"max": 407
				},
				"2023-07-26": {
					"avg": 70,
					"count": 6,
					"min": 10,
					"max": 163
				},
				"2023-07-27": {
					"avg": 89,
					"count": 3,
					"min": 25,
					"max": 121
				},
				"2023-07-28": {
					"avg": 72,
					"count": 7,
					"min": 25,
					"max": 198
				},
				"2023-07-29": {
					"avg": 518,
					"count": 52,
					"min": 17,
					"max": 823
				},
				"2023-07-30": {
					"avg": 669,
					"count": 4,
					"min": 125,
					"max": 1112
				},
				"2023-07-31": {
					"avg": 112,
					"count": 16,
					"min": 26,
					"max": 124
				},
				"2023-08-01": {
					"avg": 160,
					"count": 9,
					"min": 44,
					"max": 424
				},
				"2023-08-02": {
					"avg": 20,
					"count": 5,
					"min": 17,
					"max": 25
				},
				"2023-08-03": {
					"avg": 89,
					"count": 4,
					"min": 25,
					"max": 110
				},
				"2023-08-04": {
					"avg": 85,
					"count": 3,
					"min": 25,
					"max": 124
				},
				"2023-08-05": {
					"avg": 23,
					"count": 3,
					"min": 8,
					"max": 35
				},
				"2023-08-06": {
					"avg": 54,
					"count": 3,
					"min": 25,
					"max": 99
				},
				"2023-08-07": {
					"avg": 183,
					"count": 65,
					"min": 20,
					"max": 525
				},
				"2023-08-08": {
					"avg": 19,
					"count": 5,
					"min": 19,
					"max": 19
				},
				"2023-08-09": {
					"avg": 100,
					"count": 14,
					"min": 13,
					"max": 111
				},
				"2023-08-10": {
					"avg": 113,
					"count": 8,
					"min": 25,
					"max": 209
				},
				"2023-08-11": {
					"avg": 274,
					"count": 1,
					"min": 274,
					"max": 274
				},
				"2023-08-12": {
					"avg": 118,
					"count": 45,
					"min": 25,
					"max": 134
				},
				"2023-08-14": {
					"avg": 42,
					"count": 7,
					"min": 10,
					"max": 108
				},
				"2023-08-15": {
					"avg": 116,
					"count": 3,
					"min": 24,
					"max": 199
				},
				"2023-08-16": {
					"avg": 172,
					"count": 5,
					"min": 25,
					"max": 519
				},
				"2023-08-17": {
					"avg": 22,
					"count": 2,
					"min": 20,
					"max": 24
				},
				"2023-08-18": {
					"avg": 89,
					"count": 6,
					"min": 25,
					"max": 147
				},
				"2023-08-19": {
					"avg": 17,
					"count": 1,
					"min": 17,
					"max": 17
				},
				"2023-08-20": {
					"avg": 21,
					"count": 4,
					"min": 19,
					"max": 24
				},
				"2023-08-21": {
					"avg": 96,
					"count": 3,
					"min": 19,
					"max": 159
				},
				"2023-08-23": {
					"avg": 601,
					"count": 4,
					"min": 114,
					"max": 2048
				},
				"2023-08-24": {
					"avg": 549,
					"count": 1,
					"min": 549,
					"max": 549
				},
				"2023-08-25": {
					"avg": 131,
					"count": 16,
					"min": 24,
					"max": 395
				},
				"2023-08-26": {
					"avg": 44,
					"count": 8,
					"min": 18,
					"max": 209
				},
				"2023-08-27": {
					"avg": 127,
					"count": 5,
					"min": 10,
					"max": 169
				},
				"2023-08-28": {
					"avg": 48,
					"count": 3,
					"min": 20,
					"max": 99
				},
				"2023-08-29": {
					"avg": 95,
					"count": 1,
					"min": 95,
					"max": 95
				},
				"2023-08-30": {
					"avg": 97,
					"count": 2,
					"min": 94,
					"max": 100
				},
				"2023-09-01": {
					"avg": 23,
					"count": 2,
					"min": 17,
					"max": 29
				},
				"2023-09-02": {
					"avg": 101,
					"count": 2,
					"min": 18,
					"max": 184
				},
				"2023-09-03": {
					"avg": 44,
					"count": 3,
					"min": 18,
					"max": 75
				},
				"2023-09-04": {
					"avg": 19,
					"count": 2,
					"min": 18,
					"max": 19
				},
				"2023-09-05": {
					"avg": 189,
					"count": 1,
					"min": 189,
					"max": 189
				},
				"2023-09-06": {
					"avg": 78,
					"count": 3,
					"min": 18,
					"max": 121
				},
				"2023-09-07": {
					"avg": 121,
					"count": 1,
					"min": 121,
					"max": 121
				},
				"2023-09-08": {
					"avg": 70,
					"count": 2,
					"min": 43,
					"max": 96
				},
				"2023-09-09": {
					"avg": 40,
					"count": 34,
					"min": 20,
					"max": 514
				},
				"2023-09-10": {
					"avg": 285,
					"count": 4,
					"min": 18,
					"max": 1084
				},
				"2023-09-11": {
					"avg": 121,
					"count": 1,
					"min": 121,
					"max": 121
				},
				"2023-09-12": {
					"avg": 49,
					"count": 3,
					"min": 18,
					"max": 103
				},
				"2023-09-13": {
					"avg": 246,
					"count": 3,
					"min": 20,
					"max": 499
				},
				"2023-09-14": {
					"avg": 162,
					"count": 9,
					"min": 43,
					"max": 219
				},
				"2023-09-15": {
					"avg": 152,
					"count": 4,
					"min": 99,
					"max": 255
				},
				"2023-09-16": {
					"avg": 25,
					"count": 6,
					"min": 18,
					"max": 53
				},
				"2023-09-17": {
					"avg": 116,
					"count": 3,
					"min": 25,
					"max": 199
				},
				"2023-09-18": {
					"avg": 163,
					"count": 3,
					"min": 97,
					"max": 295
				},
				"2023-09-19": {
					"avg": 60,
					"count": 3,
					"min": 10,
					"max": 121
				},
				"2023-09-20": {
					"avg": 17,
					"count": 3,
					"min": 10,
					"max": 20
				},
				"2023-09-22": {
					"avg": 20,
					"count": 2,
					"min": 20,
					"max": 20
				},
				"2023-09-23": {
					"avg": 94,
					"count": 30,
					"min": 25,
					"max": 209
				},
				"2023-09-25": {
					"avg": 71,
					"count": 19,
					"min": 12,
					"max": 124
				},
				"2023-09-26": {
					"avg": 60,
					"count": 6,
					"min": 17,
					"max": 129
				},
				"2023-09-27": {
					"avg": 104,
					"count": 1,
					"min": 104,
					"max": 104
				},
				"2023-09-28": {
					"avg": 160,
					"count": 3,
					"min": 121,
					"max": 189
				},
				"2023-09-29": {
					"avg": 47,
					"count": 13,
					"min": 20,
					"max": 101
				},
				"2023-09-30": {
					"avg": 19,
					"count": 2,
					"min": 16,
					"max": 22
				},
				"2023-10-01": {
					"avg": 88,
					"count": 3,
					"min": 20,
					"max": 124
				},
				"2023-10-02": {
					"avg": 42,
					"count": 3,
					"min": 18,
					"max": 87
				},
				"2023-10-03": {
					"avg": 120,
					"count": 1,
					"min": 120,
					"max": 120
				},
				"2023-10-04": {
					"avg": 230,
					"count": 8,
					"min": 20,
					"max": 549
				},
				"2023-10-05": {
					"avg": 97,
					"count": 19,
					"min": 21,
					"max": 168
				},
				"2023-10-06": {
					"avg": 75,
					"count": 4,
					"min": 20,
					"max": 116
				},
				"2023-10-07": {
					"avg": 17,
					"count": 1,
					"min": 17,
					"max": 17
				},
				"2023-10-08": {
					"avg": 214,
					"count": 3,
					"min": 49,
					"max": 521
				},
				"2023-10-09": {
					"avg": 56,
					"count": 21,
					"min": 17,
					"max": 185
				},
				"2023-10-11": {
					"avg": 1558,
					"count": 8,
					"min": 24,
					"max": 2068
				},
				"2023-10-13": {
					"avg": 45,
					"count": 7,
					"min": 15,
					"max": 118
				},
				"2023-10-14": {
					"avg": 83,
					"count": 5,
					"min": 17,
					"max": 114
				},
				"2023-10-16": {
					"avg": 145,
					"count": 2,
					"min": 20,
					"max": 271
				},
				"2023-10-17": {
					"avg": 175,
					"count": 4,
					"min": 20,
					"max": 428
				},
				"2023-10-18": {
					"avg": 134,
					"count": 3,
					"min": 134,
					"max": 134
				},
				"2023-10-19": {
					"avg": 44,
					"count": 52,
					"min": 18,
					"max": 117
				},
				"2023-10-20": {
					"avg": 105,
					"count": 25,
					"min": 20,
					"max": 198
				},
				"2023-10-21": {
					"avg": 27,
					"count": 2,
					"min": 18,
					"max": 35
				},
				"2023-10-22": {
					"avg": 43,
					"count": 3,
					"min": 18,
					"max": 92
				},
				"2023-10-23": {
					"avg": 80,
					"count": 2,
					"min": 10,
					"max": 149
				},
				"2023-10-24": {
					"avg": 38,
					"count": 5,
					"min": 18,
					"max": 116
				},
				"2023-10-25": {
					"avg": 52,
					"count": 4,
					"min": 17,
					"max": 116
				},
				"2023-10-26": {
					"avg": 81,
					"count": 5,
					"min": 5,
					"max": 129
				},
				"2023-10-27": {
					"avg": 87,
					"count": 2,
					"min": 29,
					"max": 144
				},
				"2023-10-28": {
					"avg": 117,
					"count": 49,
					"min": 114,
					"max": 144
				},
				"2023-10-29": {
					"avg": 53,
					"count": 2,
					"min": 16,
					"max": 90
				},
				"2023-10-30": {
					"avg": 92,
					"count": 23,
					"min": 22,
					"max": 395
				},
				"2023-10-31": {
					"avg": 18,
					"count": 2,
					"min": 16,
					"max": 20
				},
				"2023-11-01": {
					"avg": 474,
					"count": 1,
					"min": 474,
					"max": 474
				},
				"2023-11-02": {
					"avg": 239,
					"count": 2,
					"min": 114,
					"max": 364
				},
				"2023-11-03": {
					"avg": 77,
					"count": 1,
					"min": 77,
					"max": 77
				},
				"2023-11-04": {
					"avg": 56,
					"count": 4,
					"min": 25,
					"max": 129
				},
				"2023-11-06": {
					"avg": 121,
					"count": 4,
					"min": 25,
					"max": 229
				},
				"2023-11-07": {
					"avg": 150,
					"count": 1,
					"min": 150,
					"max": 150
				},
				"2023-11-08": {
					"avg": 138,
					"count": 1,
					"min": 138,
					"max": 138
				},
				"2023-11-09": {
					"avg": 53,
					"count": 1,
					"min": 53,
					"max": 53
				},
				"2023-11-10": {
					"avg": 127,
					"count": 29,
					"min": 17,
					"max": 174
				},
				"2023-11-11": {
					"avg": 80,
					"count": 7,
					"min": 17,
					"max": 163
				},
				"2023-11-12": {
					"avg": 146,
					"count": 3,
					"min": 97,
					"max": 229
				},
				"2023-11-13": {
					"avg": 84,
					"count": 4,
					"min": 16,
					"max": 111
				},
				"2023-11-14": {
					"avg": 30,
					"count": 2,
					"min": 16,
					"max": 44
				},
				"2023-11-15": {
					"avg": 22,
					"count": 3,
					"min": 16,
					"max": 25
				},
				"2023-11-16": {
					"avg": 185,
					"count": 2,
					"min": 16,
					"max": 354
				},
				"2023-11-17": {
					"avg": 22,
					"count": 2,
					"min": 16,
					"max": 29
				},
				"2023-11-18": {
					"avg": 136,
					"count": 41,
					"min": 19,
					"max": 1001
				},
				"2023-11-20": {
					"avg": 38,
					"count": 5,
					"min": 16,
					"max": 99
				},
				"2023-11-21": {
					"avg": 40,
					"count": 12,
					"min": 16,
					"max": 124
				},
				"2023-11-22": {
					"avg": 122,
					"count": 2,
					"min": 120,
					"max": 124
				},
				"2023-11-23": {
					"avg": 194,
					"count": 22,
					"min": 25,
					"max": 424
				},
				"2023-11-24": {
					"avg": 191,
					"count": 32,
					"min": 18,
					"max": 541
				},
				"2023-11-25": {
					"avg": 16,
					"count": 1,
					"min": 16,
					"max": 16
				},
				"2023-11-26": {
					"avg": 156,
					"count": 5,
					"min": 16,
					"max": 512
				},
				"2023-11-27": {
					"avg": 119,
					"count": 9,
					"min": 20,
					"max": 197
				},
				"2024-05-15": {
					"avg": 147,
					"count": 1,
					"min": 147,
					"max": 147
				},
				"2024-05-16": {
					"avg": 211,
					"count": 3,
					"min": 25,
					"max": 571
				},
				"2024-05-17": {
					"avg": 131,
					"count": 140,
					"min": 15,
					"max": 501
				},
				"2024-05-18": {
					"avg": 207,
					"count": 49,
					"min": 24,
					"max": 574
				},
				"2024-05-19": {
					"avg": 153,
					"count": 9,
					"min": 20,
					"max": 527
				},
				"2024-05-20": {
					"avg": 105,
					"count": 31,
					"min": 63,
					"max": 139
				},
				"2024-05-21": {
					"avg": 92,
					"count": 11,
					"min": 20,
					"max": 361
				},
				"2024-05-22": {
					"avg": 127,
					"count": 6,
					"min": 25,
					"max": 399
				},
				"2024-05-23": {
					"avg": 204,
					"count": 22,
					"min": 54,
					"max": 309
				},
				"2024-05-25": {
					"avg": 28,
					"count": 1,
					"min": 28,
					"max": 28
				},
				"2024-05-26": {
					"avg": 123,
					"count": 13,
					"min": 121,
					"max": 128
				},
				"2024-05-27": {
					"avg": 169,
					"count": 2,
					"min": 25,
					"max": 313
				},
				"2024-05-28": {
					"avg": 151,
					"count": 1,
					"min": 151,
					"max": 151
				},
				"2024-05-29": {
					"avg": 199,
					"count": 2,
					"min": 20,
					"max": 378
				},
				"2024-05-30": {
					"avg": 67,
					"count": 2,
					"min": 10,
					"max": 123
				},
				"2024-05-31": {
					"avg": 104,
					"count": 4,
					"min": 15,
					"max": 136
				},
				"2024-06-02": {
					"avg": 15,
					"count": 1,
					"min": 15,
					"max": 15
				},
				"2024-06-04": {
					"avg": 83,
					"count": 2,
					"min": 15,
					"max": 151
				},
				"2024-06-05": {
					"avg": 90,
					"count": 1,
					"min": 90,
					"max": 90
				},
				"2024-06-06": {
					"avg": 14,
					"count": 3,
					"min": 14,
					"max": 14
				},
				"2024-06-07": {
					"avg": 94,
					"count": 9,
					"min": 13,
					"max": 156
				},
				"2024-06-11": {
					"avg": 98,
					"count": 3,
					"min": 13,
					"max": 149
				},
				"2024-06-12": {
					"avg": 76,
					"count": 2,
					"min": 14,
					"max": 138
				},
				"2024-06-13": {
					"avg": 127,
					"count": 1,
					"min": 127,
					"max": 127
				},
				"2024-06-14": {
					"avg": 13,
					"count": 1,
					"min": 13,
					"max": 13
				},
				"2024-06-15": {
					"avg": 13,
					"count": 1,
					"min": 13,
					"max": 13
				},
				"2024-06-16": {
					"avg": 83,
					"count": 14,
					"min": 27,
					"max": 149
				},
				"2024-06-17": {
					"avg": 121,
					"count": 1,
					"min": 121,
					"max": 121
				},
				"2024-06-18": {
					"avg": 140,
					"count": 1,
					"min": 140,
					"max": 140
				},
				"2024-06-19": {
					"avg": 109,
					"count": 5,
					"min": 15,
					"max": 132
				},
				"2024-06-22": {
					"avg": 127,
					"count": 2,
					"min": 125,
					"max": 128
				},
				"2024-06-23": {
					"avg": 121,
					"count": 16,
					"min": 45,
					"max": 229
				},
				"2024-06-25": {
					"avg": 99,
					"count": 3,
					"min": 65,
					"max": 116
				},
				"2024-06-26": {
					"avg": 313,
					"count": 1,
					"min": 313,
					"max": 313
				},
				"2024-06-27": {
					"avg": 25,
					"count": 4,
					"min": 25,
					"max": 25
				},
				"2024-06-28": {
					"avg": 29,
					"count": 1,
					"min": 29,
					"max": 29
				},
				"2024-06-29": {
					"avg": 45,
					"count": 3,
					"min": 45,
					"max": 45
				},
				"2024-06-30": {
					"avg": 42,
					"count": 1,
					"min": 42,
					"max": 42
				},
				"2024-07-01": {
					"avg": 157,
					"count": 4,
					"min": 50,
					"max": 428
				},
				"2024-07-02": {
					"avg": 129,
					"count": 1,
					"min": 129,
					"max": 129
				},
				"2024-07-03": {
					"avg": 115,
					"count": 1,
					"min": 115,
					"max": 115
				},
				"2024-07-04": {
					"avg": 16,
					"count": 2,
					"min": 15,
					"max": 16
				},
				"2024-07-05": {
					"avg": 154,
					"count": 1,
					"min": 154,
					"max": 154
				},
				"2024-07-06": {
					"avg": 6,
					"count": 1,
					"min": 6,
					"max": 6
				},
				"2024-07-07": {
					"avg": 171,
					"count": 2,
					"min": 118,
					"max": 224
				},
				"2024-07-08": {
					"avg": 87,
					"count": 4,
					"min": 28,
					"max": 264
				},
				"2024-07-10": {
					"avg": 157,
					"count": 1,
					"min": 157,
					"max": 157
				},
				"2024-07-11": {
					"avg": 114,
					"count": 1,
					"min": 114,
					"max": 114
				},
				"2024-07-14": {
					"avg": 25,
					"count": 2,
					"min": 20,
					"max": 29
				},
				"2024-07-15": {
					"avg": 65,
					"count": 6,
					"min": 3,
					"max": 208
				},
				"2024-07-16": {
					"avg": 102,
					"count": 3,
					"min": 102,
					"max": 102
				},
				"2024-07-17": {
					"avg": 299,
					"count": 38,
					"min": 16,
					"max": 515
				},
				"2024-07-18": {
					"avg": 114,
					"count": 75,
					"min": 114,
					"max": 114
				},
				"2024-07-19": {
					"avg": 17,
					"count": 5,
					"min": 17,
					"max": 17
				},
				"2024-07-20": {
					"avg": 26,
					"count": 22,
					"min": 3,
					"max": 43
				},
				"2024-07-21": {
					"avg": 16,
					"count": 1,
					"min": 16,
					"max": 16
				},
				"2024-07-22": {
					"avg": 85,
					"count": 4,
					"min": 43,
					"max": 99
				},
				"2024-07-23": {
					"avg": 121,
					"count": 3,
					"min": 110,
					"max": 144
				},
				"2024-07-24": {
					"avg": 225,
					"count": 33,
					"min": 118,
					"max": 523
				},
				"2024-07-25": {
					"avg": 77,
					"count": 2,
					"min": 15,
					"max": 138
				},
				"2024-07-27": {
					"avg": 114,
					"count": 5,
					"min": 39,
					"max": 145
				},
				"2024-07-28": {
					"avg": 30,
					"count": 1,
					"min": 30,
					"max": 30
				},
				"2024-07-29": {
					"avg": 18,
					"count": 1,
					"min": 18,
					"max": 18
				},
				"2024-07-31": {
					"avg": 80,
					"count": 4,
					"min": 20,
					"max": 139
				},
				"2024-08-01": {
					"avg": 401,
					"count": 4,
					"min": 16,
					"max": 1020
				},
				"2024-08-02": {
					"avg": 108,
					"count": 5,
					"min": 20,
					"max": 150
				},
				"2024-08-03": {
					"avg": 35,
					"count": 1,
					"min": 35,
					"max": 35
				},
				"2024-08-04": {
					"avg": 48,
					"count": 3,
					"min": 21,
					"max": 102
				},
				"2024-08-05": {
					"avg": 76,
					"count": 2,
					"min": 25,
					"max": 127
				},
				"2024-08-06": {
					"avg": 28,
					"count": 26,
					"min": 28,
					"max": 28
				},
				"2024-08-07": {
					"avg": 23,
					"count": 1,
					"min": 23,
					"max": 23
				},
				"2024-08-09": {
					"avg": 23,
					"count": 1,
					"min": 23,
					"max": 23
				},
				"2024-08-10": {
					"avg": 57,
					"count": 11,
					"min": 15,
					"max": 225
				},
				"2024-08-12": {
					"avg": 88,
					"count": 3,
					"min": 15,
					"max": 124
				},
				"2024-08-13": {
					"avg": 25,
					"count": 5,
					"min": 15,
					"max": 35
				},
				"2024-08-14": {
					"avg": 25,
					"count": 1,
					"min": 25,
					"max": 25
				},
				"2024-08-15": {
					"avg": 60,
					"count": 3,
					"min": 25,
					"max": 130
				},
				"2024-08-16": {
					"avg": 261,
					"count": 3,
					"min": 50,
					"max": 528
				},
				"2024-08-17": {
					"avg": 246,
					"count": 2,
					"min": 147,
					"max": 344
				},
				"2024-08-18": {
					"avg": 23,
					"count": 2,
					"min": 20,
					"max": 25
				},
				"2024-08-20": {
					"avg": 154,
					"count": 1,
					"min": 154,
					"max": 154
				},
				"2024-08-21": {
					"avg": 40,
					"count": 3,
					"min": 20,
					"max": 49
				},
				"2024-08-22": {
					"avg": 22,
					"count": 1,
					"min": 22,
					"max": 22
				},
				"2024-08-23": {
					"avg": 25,
					"count": 1,
					"min": 25,
					"max": 25
				},
				"2024-08-24": {
					"avg": 148,
					"count": 13,
					"min": 142,
					"max": 225
				},
				"2024-08-25": {
					"avg": 25,
					"count": 1,
					"min": 25,
					"max": 25
				},
				"2024-08-26": {
					"avg": 25,
					"count": 1,
					"min": 25,
					"max": 25
				},
				"2024-08-27": {
					"avg": 56,
					"count": 3,
					"min": 25,
					"max": 119
				},
				"2024-08-28": {
					"avg": 92,
					"count": 3,
					"min": 25,
					"max": 125
				},
				"2024-08-29": {
					"avg": 99,
					"count": 11,
					"min": 25,
					"max": 140
				},
				"2024-08-30": {
					"avg": 113,
					"count": 2,
					"min": 58,
					"max": 167
				},
				"2024-08-31": {
					"avg": 253,
					"count": 3,
					"min": 20,
					"max": 528
				},
				"2024-09-01": {
					"avg": 63,
					"count": 5,
					"min": 15,
					"max": 152
				},
				"2024-09-02": {
					"avg": 147,
					"count": 2,
					"min": 139,
					"max": 155
				},
				"2024-09-03": {
					"avg": 130,
					"count": 1,
					"min": 130,
					"max": 130
				},
				"2024-09-04": {
					"avg": 74,
					"count": 5,
					"min": 12,
					"max": 148
				},
				"2024-09-06": {
					"avg": 11,
					"count": 8,
					"min": 11,
					"max": 11
				},
				"2024-09-07": {
					"avg": 103,
					"count": 2,
					"min": 25,
					"max": 181
				},
				"2024-09-09": {
					"avg": 25,
					"count": 1,
					"min": 25,
					"max": 25
				},
				"2024-09-10": {
					"avg": 89,
					"count": 2,
					"min": 25,
					"max": 152
				},
				"2024-09-11": {
					"avg": 18,
					"count": 1,
					"min": 18,
					"max": 18
				},
				"2024-09-12": {
					"avg": 18,
					"count": 1,
					"min": 18,
					"max": 18
				},
				"2024-09-13": {
					"avg": 11,
					"count": 2,
					"min": 11,
					"max": 11
				},
				"2024-09-15": {
					"avg": 45,
					"count": 1,
					"min": 45,
					"max": 45
				},
				"2024-09-16": {
					"avg": 107,
					"count": 4,
					"min": 105,
					"max": 111
				},
				"2024-09-17": {
					"avg": 11,
					"count": 2,
					"min": 11,
					"max": 11
				},
				"2024-09-18": {
					"avg": 156,
					"count": 1,
					"min": 156,
					"max": 156
				},
				"2024-09-19": {
					"avg": 102,
					"count": 6,
					"min": 50,
					"max": 158
				},
				"2024-09-20": {
					"avg": 110,
					"count": 2,
					"min": 16,
					"max": 203
				},
				"2024-09-22": {
					"avg": 30,
					"count": 2,
					"min": 25,
					"max": 35
				},
				"2024-09-23": {
					"avg": 127,
					"count": 2,
					"min": 127,
					"max": 127
				}
			},
			"avg": 138,
			"avg7": 143,
			"avg28": 143
		},
		"normal-nearmint": {
			"history": {
				"2024-05-23": {
					"avg": 490,
					"count": 12,
					"min": 234,
					"max": 513
				},
				"2024-05-24": {
					"avg": 29,
					"count": 14,
					"min": 29,
					"max": 29
				},
				"2024-05-25": {
					"avg": 90,
					"count": 2,
					"min": 32,
					"max": 147
				},
				"2024-05-27": {
					"avg": 159,
					"count": 4,
					"min": 97,
					"max": 203
				},
				"2024-05-30": {
					"avg": 113,
					"count": 2,
					"min": 97,
					"max": 129
				},
				"2024-05-31": {
					"avg": 74,
					"count": 2,
					"min": 24,
					"max": 124
				},
				"2024-06-01": {
					"avg": 163,
					"count": 3,
					"min": 94,
					"max": 197
				},
				"2024-06-03": {
					"avg": 171,
					"count": 1,
					"min": 171,
					"max": 171
				},
				"2024-06-05": {
					"avg": 28,
					"count": 1,
					"min": 28,
					"max": 28
				},
				"2024-06-06": {
					"avg": 113,
					"count": 2,
					"min": 27,
					"max": 198
				},
				"2024-06-07": {
					"avg": 221,
					"count": 1,
					"min": 221,
					"max": 221
				},
				"2024-06-08": {
					"avg": 130,
					"count": 2,
					"min": 100,
					"max": 159
				},
				"2024-06-09": {
					"avg": 173,
					"count": 1,
					"min": 173,
					"max": 173
				},
				"2024-06-11": {
					"avg": 109,
					"count": 2,
					"min": 20,
					"max": 197
				},
				"2024-06-13": {
					"avg": 225,
					"count": 3,
					"min": 136,
					"max": 321
				},
				"2024-06-15": {
					"avg": 68,
					"count": 2,
					"min": 44,
					"max": 92
				},
				"2024-06-16": {
					"avg": 190,
					"count": 2,
					"min": 135,
					"max": 244
				},
				"2024-06-17": {
					"avg": 135,
					"count": 1,
					"min": 135,
					"max": 135
				},
				"2024-06-18": {
					"avg": 183,
					"count": 6,
					"min": 135,
					"max": 299
				},
				"2024-06-19": {
					"avg": 90,
					"count": 3,
					"min": 29,
					"max": 149
				},
				"2024-06-20": {
					"avg": 128,
					"count": 1,
					"min": 128,
					"max": 128
				},
				"2024-06-21": {
					"avg": 39,
					"count": 1,
					"min": 39,
					"max": 39
				},
				"2024-06-24": {
					"avg": 100,
					"count": 1,
					"min": 100,
					"max": 100
				},
				"2024-06-25": {
					"avg": 191,
					"count": 1,
					"min": 191,
					"max": 191
				},
				"2024-06-27": {
					"avg": 33,
					"count": 28,
					"min": 25,
					"max": 159
				},
				"2024-06-28": {
					"avg": 125,
					"count": 1,
					"min": 125,
					"max": 125
				},
				"2024-06-29": {
					"avg": 74,
					"count": 3,
					"min": 39,
					"max": 97
				},
				"2024-07-01": {
					"avg": 100,
					"count": 1,
					"min": 100,
					"max": 100
				},
				"2024-07-02": {
					"avg": 149,
					"count": 1,
					"min": 149,
					"max": 149
				},
				"2024-07-05": {
					"avg": 123,
					"count": 4,
					"min": 14,
					"max": 159
				},
				"2024-07-06": {
					"avg": 149,
					"count": 10,
					"min": 136,
					"max": 167
				},
				"2024-07-07": {
					"avg": 69,
					"count": 2,
					"min": 25,
					"max": 112
				},
				"2024-07-08": {
					"avg": 99,
					"count": 2,
					"min": 50,
					"max": 147
				},
				"2024-07-09": {
					"avg": 74,
					"count": 3,
					"min": 27,
					"max": 97
				},
				"2024-07-10": {
					"avg": 169,
					"count": 3,
					"min": 167,
					"max": 171
				},
				"2024-07-11": {
					"avg": 163,
					"count": 2,
					"min": 96,
					"max": 229
				},
				"2024-07-12": {
					"avg": 80,
					"count": 2,
					"min": 25,
					"max": 135
				},
				"2024-07-14": {
					"avg": 198,
					"count": 2,
					"min": 147,
					"max": 249
				},
				"2024-07-15": {
					"avg": 125,
					"count": 3,
					"min": 100,
					"max": 149
				},
				"2024-07-16": {
					"avg": 129,
					"count": 2,
					"min": 35,
					"max": 222
				},
				"2024-07-17": {
					"avg": 169,
					"count": 14,
					"min": 27,
					"max": 524
				},
				"2024-07-18": {
					"avg": 244,
					"count": 1,
					"min": 244,
					"max": 244
				},
				"2024-07-19": {
					"avg": 27,
					"count": 1,
					"min": 27,
					"max": 27
				},
				"2024-07-20": {
					"avg": 90,
					"count": 3,
					"min": 27,
					"max": 147
				},
				"2024-07-21": {
					"avg": 139,
					"count": 3,
					"min": 32,
					"max": 224
				},
				"2024-07-22": {
					"avg": 39,
					"count": 1,
					"min": 39,
					"max": 39
				},
				"2024-07-23": {
					"avg": 598,
					"count": 1,
					"min": 598,
					"max": 598
				},
				"2024-07-24": {
					"avg": 275,
					"count": 4,
					"min": 13,
					"max": 524
				},
				"2024-07-25": {
					"avg": 64,
					"count": 2,
					"min": 30,
					"max": 97
				},
				"2024-07-26": {
					"avg": 141,
					"count": 7,
					"min": 97,
					"max": 221
				},
				"2024-07-27": {
					"avg": 207,
					"count": 4,
					"min": 112,
					"max": 244
				},
				"2024-07-28": {
					"avg": 97,
					"count": 1,
					"min": 97,
					"max": 97
				},
				"2024-07-29": {
					"avg": 167,
					"count": 1,
					"min": 167,
					"max": 167
				},
				"2024-07-30": {
					"avg": 599,
					"count": 2,
					"min": 154,
					"max": 1044
				},
				"2024-07-31": {
					"avg": 25,
					"count": 1,
					"min": 25,
					"max": 25
				},
				"2024-08-01": {
					"avg": 83,
					"count": 11,
					"min": 27,
					"max": 97
				},
				"2024-08-02": {
					"avg": 48,
					"count": 4,
					"min": 27,
					"max": 97
				},
				"2024-08-03": {
					"avg": 132,
					"count": 2,
					"min": 92,
					"max": 172
				},
				"2024-08-05": {
					"avg": 173,
					"count": 3,
					"min": 139,
					"max": 206
				},
				"2024-08-06": {
					"avg": 27,
					"count": 1,
					"min": 27,
					"max": 27
				},
				"2024-08-07": {
					"avg": 119,
					"count": 4,
					"min": 44,
					"max": 186
				},
				"2024-08-08": {
					"avg": 89,
					"count": 1,
					"min": 89,
					"max": 89
				},
				"2024-08-09": {
					"avg": 80,
					"count": 6,
					"min": 30,
					"max": 197
				},
				"2024-08-10": {
					"avg": 205,
					"count": 5,
					"min": 25,
					"max": 846
				},
				"2024-08-11": {
					"avg": 71,
					"count": 2,
					"min": 30,
					"max": 112
				},
				"2024-08-12": {
					"avg": 190,
					"count": 3,
					"min": 47,
					"max": 324
				},
				"2024-08-13": {
					"avg": 500,
					"count": 4,
					"min": 500,
					"max": 500
				},
				"2024-08-14": {
					"avg": 28,
					"count": 2,
					"min": 25,
					"max": 30
				},
				"2024-08-15": {
					"avg": 83,
					"count": 2,
					"min": 25,
					"max": 140
				},
				"2024-08-16": {
					"avg": 115,
					"count": 1,
					"min": 115,
					"max": 115
				},
				"2024-08-17": {
					"avg": 177,
					"count": 6,
					"min": 28,
					"max": 846
				},
				"2024-08-19": {
					"avg": 48,
					"count": 5,
					"min": 27,
					"max": 86
				},
				"2024-08-20": {
					"avg": 27,
					"count": 1,
					"min": 27,
					"max": 27
				},
				"2024-08-21": {
					"avg": 108,
					"count": 3,
					"min": 85,
					"max": 140
				},
				"2024-08-22": {
					"avg": 140,
					"count": 1,
					"min": 140,
					"max": 140
				},
				"2024-08-23": {
					"avg": 117,
					"count": 3,
					"min": 49,
					"max": 216
				},
				"2024-08-24": {
					"avg": 122,
					"count": 40,
					"min": 24,
					"max": 176
				},
				"2024-08-25": {
					"avg": 28,
					"count": 1,
					"min": 28,
					"max": 28
				},
				"2024-08-26": {
					"avg": 598,
					"count": 1,
					"min": 598,
					"max": 598
				},
				"2024-08-27": {
					"avg": 186,
					"count": 2,
					"min": 45,
					"max": 326
				},
				"2024-08-28": {
					"avg": 28,
					"count": 1,
					"min": 28,
					"max": 28
				},
				"2024-08-30": {
					"avg": 224,
					"count": 1,
					"min": 224,
					"max": 224
				},
				"2024-08-31": {
					"avg": 37,
					"count": 3,
					"min": 24,
					"max": 44
				},
				"2024-09-01": {
					"avg": 28,
					"count": 1,
					"min": 28,
					"max": 28
				},
				"2024-09-02": {
					"avg": 125,
					"count": 2,
					"min": 44,
					"max": 205
				},
				"2024-09-03": {
					"avg": 215,
					"count": 3,
					"min": 24,
					"max": 598
				},
				"2024-09-04": {
					"avg": 90,
					"count": 6,
					"min": 8,
					"max": 217
				},
				"2024-09-05": {
					"avg": 194,
					"count": 2,
					"min": 49,
					"max": 338
				},
				"2024-09-06": {
					"avg": 123,
					"count": 2,
					"min": 19,
					"max": 227
				},
				"2024-09-07": {
					"avg": 86,
					"count": 4,
					"min": 19,
					"max": 158
				},
				"2024-09-08": {
					"avg": 152,
					"count": 2,
					"min": 151,
					"max": 152
				},
				"2024-09-09": {
					"avg": 25,
					"count": 1,
					"min": 25,
					"max": 25
				},
				"2024-09-10": {
					"avg": 44,
					"count": 1,
					"min": 44,
					"max": 44
				},
				"2024-09-11": {
					"avg": 74,
					"count": 3,
					"min": 25,
					"max": 151
				},
				"2024-09-12": {
					"avg": 22,
					"count": 5,
					"min": 22,
					"max": 22
				},
				"2024-09-13": {
					"avg": 67,
					"count": 3,
					"min": 22,
					"max": 152
				},
				"2024-09-14": {
					"avg": 29,
					"count": 2,
					"min": 28,
					"max": 29
				},
				"2024-09-15": {
					"avg": 1087,
					"count": 2,
					"min": 74,
					"max": 2099
				},
				"2024-09-16": {
					"avg": 25,
					"count": 1,
					"min": 25,
					"max": 25
				},
				"2024-09-17": {
					"avg": 93,
					"count": 1,
					"min": 93,
					"max": 93
				},
				"2024-09-18": {
					"avg": 57,
					"count": 25,
					"min": 18,
					"max": 166
				},
				"2024-09-20": {
					"avg": 158,
					"count": 5,
					"min": 18,
					"max": 227
				},
				"2024-09-21": {
					"avg": 151,
					"count": 1,
					"min": 151,
					"max": 151
				},
				"2024-09-22": {
					"avg": 27,
					"count": 1,
					"min": 27,
					"max": 27
				},
				"2024-09-23": {
					"avg": 210,
					"count": 2,
					"min": 176,
					"max": 244
				}
			},
			"avg": 134,
			"avg7": -1,
			"avg28": -1
		},
		"normal-used": {
			"history": {
				"2024-05-26": {
					"avg": 20,
					"count": 1,
					"min": 20,
					"max": 20
				},
				"2024-05-29": {
					"avg": 68,
					"count": 1,
					"min": 68,
					"max": 68
				},
				"2024-06-20": {
					"avg": 16,
					"count": 4,
					"min": 16,
					"max": 16
				},
				"2024-06-21": {
					"avg": 156,
					"count": 1,
					"min": 156,
					"max": 156
				},
				"2024-06-23": {
					"avg": 34,
					"count": 4,
					"min": 34,
					"max": 34
				},
				"2024-06-24": {
					"avg": 15,
					"count": 1,
					"min": 15,
					"max": 15
				},
				"2024-07-04": {
					"avg": 511,
					"count": 3,
					"min": 511,
					"max": 511
				},
				"2024-07-07": {
					"avg": 127,
					"count": 5,
					"min": 127,
					"max": 127
				},
				"2024-07-10": {
					"avg": 23,
					"count": 1,
					"min": 23,
					"max": 23
				},
				"2024-07-12": {
					"avg": 132,
					"count": 1,
					"min": 132,
					"max": 132
				},
				"2024-07-13": {
					"avg": 414,
					"count": 1,
					"min": 414,
					"max": 414
				},
				"2024-07-18": {
					"avg": 105,
					"count": 2,
					"min": 105,
					"max": 105
				},
				"2024-07-20": {
					"avg": 25,
					"count": 1,
					"min": 25,
					"max": 25
				},
				"2024-07-23": {
					"avg": 109,
					"count": 2,
					"min": 109,
					"max": 109
				},
				"2024-07-26": {
					"avg": 14,
					"count": 1,
					"min": 14,
					"max": 14
				},
				"2024-07-28": {
					"avg": 120,
					"count": 6,
					"min": 25,
					"max": 139
				},
				"2024-07-31": {
					"avg": 43,
					"count": 3,
					"min": 43,
					"max": 43
				},
				"2024-08-03": {
					"avg": 30,
					"count": 1,
					"min": 30,
					"max": 30
				},
				"2024-08-09": {
					"avg": 20,
					"count": 1,
					"min": 20,
					"max": 20
				},
				"2024-08-10": {
					"avg": 16,
					"count": 1,
					"min": 16,
					"max": 16
				},
				"2024-08-16": {
					"avg": 113,
					"count": 5,
					"min": 11,
					"max": 143
				},
				"2024-08-19": {
					"avg": 15,
					"count": 1,
					"min": 15,
					"max": 15
				},
				"2024-08-20": {
					"avg": 77,
					"count": 2,
					"min": 20,
					"max": 133
				},
				"2024-08-23": {
					"avg": 19,
					"count": 1,
					"min": 19,
					"max": 19
				},
				"2024-08-24": {
					"avg": 15,
					"count": 1,
					"min": 15,
					"max": 15
				},
				"2024-08-31": {
					"avg": 10,
					"count": 1,
					"min": 10,
					"max": 10
				},
				"2024-09-08": {
					"avg": 19,
					"count": 1,
					"min": 19,
					"max": 19
				},
				"2024-09-20": {
					"avg": 516,
					"count": 1,
					"min": 516,
					"max": 516
				},
				"2024-09-21": {
					"avg": 15,
					"count": 1,
					"min": 15,
					"max": 15
				},
				"2024-09-22": {
					"avg": 15,
					"count": 1,
					"min": 15,
					"max": 15
				},
				"2024-09-23": {
					"avg": 22,
					"count": 1,
					"min": 22,
					"max": 22
				}
			},
			"avg": 104,
			"avg7": -1,
			"avg28": -1
		},
		"normal-played": {
			"history": {
				"2024-05-25": {
					"avg": 93,
					"count": 4,
					"min": 17,
					"max": 147
				},
				"2024-05-26": {
					"avg": 120,
					"count": 1,
					"min": 120,
					"max": 120
				},
				"2024-05-29": {
					"avg": 19,
					"count": 1,
					"min": 19,
					"max": 19
				},
				"2024-06-01": {
					"avg": 142,
					"count": 1,
					"min": 142,
					"max": 142
				},
				"2024-06-02": {
					"avg": 129,
					"count": 2,
					"min": 129,
					"max": 129
				},
				"2024-06-06": {
					"avg": 126,
					"count": 1,
					"min": 126,
					"max": 126
				},
				"2024-06-07": {
					"avg": 173,
					"count": 3,
					"min": 39,
					"max": 240
				},
				"2024-06-17": {
					"avg": 116,
					"count": 1,
					"min": 116,
					"max": 116
				},
				"2024-06-18": {
					"avg": 129,
					"count": 1,
					"min": 129,
					"max": 129
				},
				"2024-06-19": {
					"avg": 19,
					"count": 1,
					"min": 19,
					"max": 19
				},
				"2024-06-20": {
					"avg": 14,
					"count": 4,
					"min": 14,
					"max": 14
				},
				"2024-06-21": {
					"avg": 19,
					"count": 4,
					"min": 14,
					"max": 25
				},
				"2024-06-22": {
					"avg": 140,
					"count": 6,
					"min": 129,
					"max": 147
				},
				"2024-06-23": {
					"avg": 125,
					"count": 9,
					"min": 109,
					"max": 213
				},
				"2024-06-24": {
					"avg": 23,
					"count": 3,
					"min": 15,
					"max": 39
				},
				"2024-06-27": {
					"avg": 19,
					"count": 1,
					"min": 19,
					"max": 19
				},
				"2024-06-29": {
					"avg": 115,
					"count": 5,
					"min": 82,
					"max": 164
				},
				"2024-07-03": {
					"avg": 14,
					"count": 1,
					"min": 14,
					"max": 14
				},
				"2024-07-04": {
					"avg": 214,
					"count": 3,
					"min": 214,
					"max": 214
				},
				"2024-07-06": {
					"avg": 105,
					"count": 1,
					"min": 105,
					"max": 105
				},
				"2024-07-08": {
					"avg": 36,
					"count": 7,
					"min": 23,
					"max": 110
				},
				"2024-07-10": {
					"avg": 15,
					"count": 2,
					"min": 15,
					"max": 15
				},
				"2024-07-11": {
					"avg": 15,
					"count": 1,
					"min": 15,
					"max": 15
				},
				"2024-07-12": {
					"avg": 100,
					"count": 11,
					"min": 15,
					"max": 137
				},
				"2024-07-13": {
					"avg": 12,
					"count": 1,
					"min": 12,
					"max": 12
				},
				"2024-07-14": {
					"avg": 244,
					"count": 2,
					"min": 12,
					"max": 475
				},
				"2024-07-15": {
					"avg": 62,
					"count": 2,
					"min": 1,
					"max": 123
				},
				"2024-07-19": {
					"avg": 63,
					"count": 4,
					"min": 38,
					"max": 136
				},
				"2024-07-22": {
					"avg": 100,
					"count": 5,
					"min": 91,
					"max": 127
				},
				"2024-07-23": {
					"avg": 90,
					"count": 2,
					"min": 24,
					"max": 156
				},
				"2024-07-24": {
					"avg": 83,
					"count": 33,
					"min": 12,
					"max": 309
				},
				"2024-07-25": {
					"avg": 12,
					"count": 2,
					"min": 12,
					"max": 12
				},
				"2024-07-26": {
					"avg": 134,
					"count": 4,
					"min": 132,
					"max": 135
				},
				"2024-07-27": {
					"avg": 65,
					"count": 12,
					"min": 15,
					"max": 128
				},
				"2024-07-28": {
					"avg": 162,
					"count": 1,
					"min": 162,
					"max": 162
				},
				"2024-07-30": {
					"avg": 273,
					"count": 2,
					"min": 25,
					"max": 521
				},
				"2024-08-01": {
					"avg": 106,
					"count": 1,
					"min": 106,
					"max": 106
				},
				"2024-08-04": {
					"avg": 67,
					"count": 2,
					"min": 25,
					"max": 109
				},
				"2024-08-05": {
					"avg": 25,
					"count": 1,
					"min": 25,
					"max": 25
				},
				"2024-08-06": {
					"avg": 76,
					"count": 2,
					"min": 24,
					"max": 128
				},
				"2024-08-11": {
					"avg": 136,
					"count": 2,
					"min": 109,
					"max": 162
				},
				"2024-08-14": {
					"avg": 29,
					"count": 2,
					"min": 25,
					"max": 32
				},
				"2024-08-15": {
					"avg": 17,
					"count": 1,
					"min": 17,
					"max": 17
				},
				"2024-08-16": {
					"avg": 88,
					"count": 5,
					"min": 8,
					"max": 146
				},
				"2024-08-20": {
					"avg": 131,
					"count": 1,
					"min": 131,
					"max": 131
				},
				"2024-08-21": {
					"avg": 142,
					"count": 1,
					"min": 142,
					"max": 142
				},
				"2024-08-22": {
					"avg": 114,
					"count": 1,
					"min": 114,
					"max": 114
				},
				"2024-08-23": {
					"avg": 25,
					"count": 1,
					"min": 25,
					"max": 25
				},
				"2024-08-24": {
					"avg": 133,
					"count": 15,
					"min": 15,
					"max": 142
				},
				"2024-08-28": {
					"avg": 43,
					"count": 1,
					"min": 43,
					"max": 43
				},
				"2024-09-02": {
					"avg": 39,
					"count": 1,
					"min": 39,
					"max": 39
				},
				"2024-09-06": {
					"avg": 8,
					"count": 1,
					"min": 8,
					"max": 8
				},
				"2024-09-08": {
					"avg": 35,
					"count": 3,
					"min": 35,
					"max": 35
				},
				"2024-09-09": {
					"avg": 109,
					"count": 1,
					"min": 109,
					"max": 109
				},
				"2024-09-10": {
					"avg": 130,
					"count": 1,
					"min": 130,
					"max": 130
				},
				"2024-09-12": {
					"avg": 25,
					"count": 1,
					"min": 25,
					"max": 25
				},
				"2024-09-14": {
					"avg": 10,
					"count": 1,
					"min": 10,
					"max": 10
				},
				"2024-09-15": {
					"avg": 57,
					"count": 3,
					"min": 15,
					"max": 130
				},
				"2024-09-16": {
					"avg": 130,
					"count": 1,
					"min": 130,
					"max": 130
				},
				"2024-09-17": {
					"avg": 285,
					"count": 2,
					"min": 25,
					"max": 544
				},
				"2024-09-18": {
					"avg": 39,
					"count": 1,
					"min": 39,
					"max": 39
				},
				"2024-09-19": {
					"avg": 11,
					"count": 1,
					"min": 11,
					"max": 11
				}
			},
			"avg": 92,
			"avg7": -1,
			"avg28": -1
		},
		"normal-poor": {
			"history": {
				"2024-05-25": {
					"avg": 107,
					"count": 6,
					"min": 107,
					"max": 107
				},
				"2024-06-07": {
					"avg": 16,
					"count": 2,
					"min": 11,
					"max": 20
				},
				"2024-06-08": {
					"avg": 211,
					"count": 2,
					"min": 11,
					"max": 411
				},
				"2024-06-20": {
					"avg": 11,
					"count": 1,
					"min": 11,
					"max": 11
				},
				"2024-06-21": {
					"avg": 10,
					"count": 1,
					"min": 10,
					"max": 10
				},
				"2024-06-25": {
					"avg": 129,
					"count": 1,
					"min": 129,
					"max": 129
				},
				"2024-06-30": {
					"avg": 18,
					"count": 1,
					"min": 18,
					"max": 18
				},
				"2024-07-06": {
					"avg": 222,
					"count": 1,
					"min": 222,
					"max": 222
				},
				"2024-07-11": {
					"avg": 10,
					"count": 4,
					"min": 5,
					"max": 14
				},
				"2024-07-12": {
					"avg": 50,
					"count": 3,
					"min": 9,
					"max": 131
				},
				"2024-07-14": {
					"avg": 25,
					"count": 1,
					"min": 25,
					"max": 25
				},
				"2024-07-15": {
					"avg": 11,
					"count": 1,
					"min": 11,
					"max": 11
				},
				"2024-07-16": {
					"avg": 72,
					"count": 2,
					"min": 11,
					"max": 133
				},
				"2024-07-22": {
					"avg": 148,
					"count": 1,
					"min": 148,
					"max": 148
				},
				"2024-07-23": {
					"avg": 59,
					"count": 6,
					"min": 9,
					"max": 110
				},
				"2024-07-25": {
					"avg": 91,
					"count": 2,
					"min": 20,
					"max": 162
				},
				"2024-07-27": {
					"avg": 3,
					"count": 1,
					"min": 3,
					"max": 3
				},
				"2024-07-31": {
					"avg": 18,
					"count": 1,
					"min": 18,
					"max": 18
				},
				"2024-08-09": {
					"avg": 11,
					"count": 1,
					"min": 11,
					"max": 11
				},
				"2024-08-10": {
					"avg": 25,
					"count": 1,
					"min": 25,
					"max": 25
				},
				"2024-08-11": {
					"avg": 12,
					"count": 1,
					"min": 12,
					"max": 12
				},
				"2024-08-12": {
					"avg": 142,
					"count": 1,
					"min": 142,
					"max": 142
				},
				"2024-08-16": {
					"avg": 260,
					"count": 5,
					"min": 260,
					"max": 260
				},
				"2024-08-18": {
					"avg": 100,
					"count": 1,
					"min": 100,
					"max": 100
				},
				"2024-08-21": {
					"avg": 72,
					"count": 2,
					"min": 6,
					"max": 138
				},
				"2024-09-02": {
					"avg": 144,
					"count": 1,
					"min": 144,
					"max": 144
				},
				"2024-09-06": {
					"avg": 11,
					"count": 1,
					"min": 11,
					"max": 11
				},
				"2024-09-08": {
					"avg": 18,
					"count": 3,
					"min": 18,
					"max": 18
				},
				"2024-09-13": {
					"avg": 152,
					"count": 1,
					"min": 152,
					"max": 152
				},
				"2024-09-20": {
					"avg": 25,
					"count": 1,
					"min": 25,
					"max": 25
				},
				"2024-09-23": {
					"avg": 20,
					"count": 1,
					"min": 20,
					"max": 20
				}
			},
			"avg": 82,
			"avg7": -1,
			"avg28": -1
		}
	}
}