{
	"data": {
		"normal-good": {
			"history": {
				"2022-11-12": {
					"avg": 118,
					"count": 1
				},
				"2022-11-13": {
					"avg": 91,
					"count": 12
				},
				"2022-11-14": {
					"avg": 169,
					"count": 1
				},
				"2022-11-15": {
					"avg": 69,
					"count": 2
				},
				"2022-11-16": {
					"avg": 98,
					"count": 99
				},
				"2022-11-17": {
					"avg": 200,
					"count": 3
				},
				"2022-11-19": {
					"avg": 87,
					"count": 3,
					"min": 20,
					"max": 154
				},
				"2022-11-20": {
					"avg": 13,
					"count": 1,
					"min": 13,
					"max": 13
				},
				"2022-11-22": {
					"avg": 821,
					"count": 48,
					"min": 818,
					"max": 823
				},
				"2022-11-23": {
					"avg": 135,
					"count": 3,
					"min": 104,
					"max": 150
				},
				"2022-11-24": {
					"avg": 18,
					"count": 1,
					"min": 18,
					"max": 18
				},
				"2022-11-25": {
					"avg": 54,
					"count": 17,
					"min": 5,
					"max": 154
				},
				"2022-11-26": {
					"avg": 461,
					"count": 133,
					"min": 24,
					"max": 823
				},
				"2022-11-28": {
					"avg": 87,
					"count": 19,
					"min": 5,
					"max": 512
				},
				"2022-11-29": {
					"avg": 57,
					"count": 4,
					"min": 5,
					"max": 108
				},
				"2022-11-30": {
					"avg": 10,
					"count": 3,
					"min": 5,
					"max": 13
				},
				"2022-12-01": {
					"avg": 50,
					"count": 13,
					"min": 43,
					"max": 60
				},
				"2022-12-02": {
					"avg": 20,
					"count": 3,
					"min": 17,
					"max": 23
				},
				"2022-12-03": {
					"avg": 13,
					"count": 1,
					"min": 13,
					"max": 13
				},
				"2022-12-04": {
					"avg": 44,
					"count": 5,
					"min": 13,
					"max": 60
				},
				"2022-12-05": {
					"avg": 43,
					"count": 195,
					"min": 13,
					"max": 142
				},
				"2022-12-06": {
					"avg": 131,
					"count": 8,
					"min": 19,
					"max": 818
				},
				"2022-12-07": {
					"avg": 97,
					"count": 8,
					"min": 13,
					"max": 119
				},
				"2022-12-09": {
					"avg": 21,
					"count": 3,
					"min": 19,
					"max": 25
				},
				"2022-12-10": {
					"avg": 76,
					"count": 206,
					"min": 17,
					"max": 519
				},
				"2022-12-11": {
					"avg": 20,
					"count": 1,
					"min": 20,
					"max": 20
				},
				"2022-12-12": {
					"avg": 125,
					"count": 8,
					"min": 21,
					"max": 556
				},
				"2022-12-13": {
					"avg": 104,
					"count": 3,
					"min": 20,
					"max": 221
				},
				"2022-12-14": {
					"avg": 57,
					"count": 3,
					"min": 25,
					"max": 73
				},
				"2022-12-15": {
					"avg": 78,
					"count": 15,
					"min": 16,
					"max": 594
				},
				"2022-12-16": {
					"avg": 109,
					"count": 19,
					"min": 10,
					"max": 420
				},
				"2022-12-17": {
					"avg": 46,
					"count": 7,
					"min": 13,
					"max": 119
				},
				"2022-12-18": {
					"avg": 62,
					"count": 12,
					"min": 8,
					"max": 107
				},
				"2022-12-20": {
					"avg": 94,
					"count": 13,
					"min": 15,
					"max": 186
				},
				"2022-12-21": {
					"avg": 84,
					"count": 3,
					"min": 50,
					"max": 124
				},
				"2022-12-22": {
					"avg": 54,
					"count": 4,
					"min": 23,
					"max": 108
				},
				"2022-12-23": {
					"avg": 311,
					"count": 15,
					"min": 11,
					"max": 524
				},
				"2022-12-24": {
					"avg": 16,
					"count": 1,
					"min": 16,
					"max": 16
				},
				"2022-12-25": {
					"avg": 60,
					"count": 4,
					"min": 16,
					"max": 167
				},
				"2022-12-27": {
					"avg": 32,
					"count": 7,
					"min": 27,
					"max": 44
				},
				"2022-12-28": {
					"avg": 53,
					"count": 3,
					"min": 15,
					"max": 125
				},
				"2022-12-29": {
					"avg": 195,
					"count": 26,
					"min": 25,
					"max": 214
				},
				"2022-12-30": {
					"avg": 118,
					"count": 3,
					"min": 24,
					"max": 211
				},
				"2022-12-31": {
					"avg": 103,
					"count": 32,
					"min": 21,
					"max": 124
				},
				"2023-01-01": {
					"avg": 123,
					"count": 4,
					"min": 80,
					"max": 172
				},
				"2023-01-02": {
					"avg": 192,
					"count": 118,
					"min": 15,
					"max": 524
				},
				"2023-01-03": {
					"avg": 64,
					"count": 7,
					"min": 21,
					"max": 125
				},
				"2023-01-04": {
					"avg": 198,
					"count": 3,
					"min": 11,
					"max": 569
				},
				"2023-01-05": {
					"avg": 55,
					"count": 10,
					"min": 20,
					"max": 114
				},
				"2023-01-06": {
					"avg": 5,
					"count": 2,
					"min": 5,
					"max": 5
				},
				"2023-01-07": {
					"avg": 26,
					"count": 3,
					"min": 15,
					"max": 44
				},
				"2023-01-08": {
					"avg": 27,
					"count": 6,
					"min": 15,
					"max": 50
				},
				"2023-01-09": {
					"avg": 71,
					"count": 3,
					"min": 10,
					"max": 111
				},
				"2023-01-10": {
					"avg": 56,
					"count": 5,
					"min": 20,
					"max": 111
				},
				"2023-01-11": {
					"avg": 98,
					"count": 16,
					"min": 11,
					"max": 119
				},
				"2023-01-12": {
					"avg": 121,
					"count": 25,
					"min": 9,
					"max": 521
				},
				"2023-02-06": {
					"avg": 58,
					"count": 49,
					"min": 8,
					"max": 149
				},
				"2023-02-07": {
					"avg": 59,
					"count": 4,
					"min": 17,
					"max": 119
				},
				"2023-02-08": {
					"avg": 151,
					"count": 3,
					"min": 107,
					"max": 228
				},
				"2023-02-10": {
					"avg": 85,
					"count": 5,
					"min": 6,
					"max": 167
				},
				"2023-02-11": {
					"avg": 90,
					"count": 8,
					"min": 15,
					"max": 111
				},
				"2023-02-12": {
					"avg": 39,
					"count": 20,
					"min": 15,
					"max": 115
				},
				"2023-02-13": {
					"avg": 101,
					"count": 4,
					"min": 101,
					"max": 101
				},
				"2023-02-14": {
					"avg": 101,
					"count": 30,
					"min": 99,
					"max": 167
				},
				"2023-02-15": {
					"avg": 77,
					"count": 6,
					"min": 20,
					"max": 149
				},
				"2023-02-16": {
					"avg": 261,
					"count": 3,
					"min": 86,
					"max": 524
				},
				"2023-02-17": {
					"avg": 52,
					"count": 3,
					"min": 15,
					"max": 119
				},
				"2023-02-18": {
					"avg": 73,
					"count": 5,
					"min": 21,
					"max": 134
				},
				"2023-02-19": {
					"avg": 107,
					"count": 4,
					"min": 17,
					"max": 149
				},
				"2023-02-20": {
					"avg": 125,
					"count": 7,
					"min": 50,
					"max": 234
				},
				"2023-02-21": {
					"avg": 114,
					"count": 3,
					"min": 50,
					"max": 174
				},
				"2023-02-22": {
					"avg": 33,
					"count": 3,
					"min": 10,
					"max": 69
				},
				"2023-02-23": {
					"avg": 91,
					"count": 6,
					"min": 10,
					"max": 199
				},
				"2023-02-24": {
					"avg": 122,
					"count": 6,
					"min": 108,
					"max": 149
				},
				"2023-02-26": {
					"avg": 355,
					"count": 3,
					"min": 96,
					"max": 873
				},
				"2023-02-28": {
					"avg": 140,
					"count": 20,
					"min": 49,
					"max": 175
				},
				"2023-03-02": {
					"avg": 193,
					"count": 7,
					"min": 20,
					"max": 598
				},
				"2023-03-03": {
					"avg": 79,
					"count": 3,
					"min": 15,
					"max": 126
				},
				"2023-03-04": {
					"avg": 77,
					"count": 2,
					"min": 10,
					"max": 144
				},
				"2023-03-05": {
					"avg": 16,
					"count": 2,
					"min": 15,
					"max": 17
				},
				"2023-03-06": {
					"avg": 30,
					"count": 1,
					"min": 30,
					"max": 30
				},
				"2023-03-07": {
					"avg": 25,
					"count": 2,
					"min": 16,
					"max": 33
				},
				"2023-03-09": {
					"avg": 23,
					"count": 4,
					"min": 17,
					"max": 25
				},
				"2023-03-10": {
					"avg": 345,
					"count": 5,
					"min": 11,
					"max": 1018
				},
				"2023-03-11": {
					"avg": 159,
					"count": 4,
					"min": 25,
					"max": 524
				},
				"2023-03-12": {
					"avg": 30,
					"count": 4,
					"min": 19,
					"max": 33
				},
				"2023-03-13": {
					"avg": 151,
					"count": 4,
					"min": 8,
					"max": 250
				},
				"2023-03-14": {
					"avg": 136,
					"count": 26,
					"min": 9,
					"max": 177
				},
				"2023-03-16": {
					"avg": 148,
					"count": 1,
					"min": 148,
					"max": 148
				},
				"2023-03-17": {
					"avg": 94,
					"count": 3,
					"min": 59,
					"max": 124
				},
				"2023-03-18": {
					"avg": 76,
					"count": 4,
					"min": 19,
					"max": 140
				},
				"2023-03-19": {
					"avg": 88,
					"count": 2,
					"min": 35,
					"max": 140
				},
				"2023-03-20": {
					"avg": 61,
					"count": 2,
					"min": 19,
					"max": 103
				},
				"2023-03-22": {
					"avg": 330,
					"count": 43,
					"min": 330,
					"max": 330
				},
				"2023-03-24": {
					"avg": 101,
					"count": 25,
					"min": 16,
					"max": 114
				},
				"2023-03-25": {
					"avg": 27,
					"count": 2,
					"min": 25,
					"max": 29
				},
				"2023-03-27": {
					"avg": 110,
					"count": 1,
					"min": 110,
					"max": 110
				},
				"2023-03-28": {
					"avg": 133,
					"count": 6,
					"min": 11,
					"max": 378
				},
				"2023-03-29": {
					"avg": 90,
					"count": 4,
					"min": 18,
					"max": 219
				},
				"2023-03-31": {
					"avg": 115,
					"count": 35,
					"min": 105,
					"max": 140
				},
				"2023-04-01": {
					"avg": 64,
					"count": 5,
					"min": 19,
					"max": 134
				},
				"2023-04-02": {
					"avg": 15,
					"count": 2,
					"min": 11,
					"max": 19
				},
				"2023-04-03": {
					"avg": 88,
					"count": 18,
					"min": 19,
					"max": 128
				},
				"2023-04-04": {
					"avg": 464,
					"count": 2,
					"min": 19,
					"max": 908
				},
				"2023-04-05": {
					"avg": 73,
					"count": 5,
					"min": 19,
					"max": 106
				},
				"2023-04-06": {
					"avg": 425,
					"count": 5,
					"min": 19,
					"max": 526
				},
				"2023-04-07": {
					"avg": 76,
					"count": 2,
					"min": 39,
					"max": 113
				},
				"2023-04-08": {
					"avg": 187,
					"count": 3,
					"min": 19,
					"max": 524
				},
				"2023-04-09": {
					"avg": 97,
					"count": 8,
					"min": 20,
					"max": 129
				},
				"2023-04-10": {
					"avg": 137,
					"count": 18,
					"min": 19,
					"max": 152
				},
				"2023-04-11": {
					"avg": 78,
					"count": 2,
					"min": 59,
					"max": 97
				},
				"2023-04-15": {
					"avg": 142,
					"count": 3,
					"min": 99,
					"max": 195
				},
				"2023-04-16": {
					"avg": 64,
					"count": 2,
					"min": 25,
					"max": 103
				},
				"2023-04-17": {
					"avg": 269,
					"count": 8,
					"min": 11,
					"max": 399
				},
				"2023-04-18": {
					"avg": 202,
					"count": 13,
					"min": 46,
					"max": 524
				},
				"2023-04-19": {
					"avg": 209,
					"count": 5,
					"min": 18,
					"max": 438
				},
				"2023-04-20": {
					"avg": 30,
					"count": 2,
					"min": 11,
					"max": 49
				},
				"2023-04-21": {
					"avg": 26,
					"count": 5,
					"min": 8,
					"max": 46
				},
				"2023-04-23": {
					"avg": 39,
					"count": 4,
					"min": 11,
					"max": 75
				},
				"2023-04-25": {
					"avg": 89,
					"count": 2,
					"min": 59,
					"max": 119
				},
				"2023-04-26": {
					"avg": 30,
					"count": 4,
					"min": 18,
					"max": 63
				},
				"2023-04-27": {
					"avg": 78,
					"count": 1,
					"min": 78,
					"max": 78
				},
				"2023-04-29": {
					"avg": 70,
					"count": 2,
					"min": 25,
					"max": 115
				},
				"2023-05-01": {
					"avg": 40,
					"count": 5,
					"min": 15,
					"max": 132
				},
				"2023-05-02": {
					"avg": 774,
					"count": 34,
					"min": 19,
					"max": 823
				},
				"2023-05-03": {
					"avg": 51,
					"count": 1,
					"min": 51,
					"max": 51
				},
				"2023-05-04": {
					"avg": 164,
					"count": 2,
					"min": 26,
					"max": 301
				},
				"2023-05-05": {
					"avg": 37,
					"count": 25,
					"min": 20,
					"max": 139
				},
				"2023-05-06": {
					"avg": 48,
					"count": 4,
					"min": 16,
					"max": 138
				},
				"2023-05-07": {
					"avg": 198,
					"count": 138,
					"min": 10,
					"max": 524
				},
				"2023-05-08": {
					"avg": 103,
					"count": 13,
					"min": 19,
					"max": 116
				},
				"2023-05-09": {
					"avg": 75,
					"count": 14,
					"min": 19,
					"max": 127
				},
				"2023-05-10": {
					"avg": 296,
					"count": 31,
					"min": 19,
					"max": 534
				},
				"2023-05-11": {
					"avg": 140,
					"count": 5,
					"min": 25,
					"max": 438
				},
				"2023-05-12": {
					"avg": 73,
					"count": 3,
					"min": 19,
					"max": 148
				},
				"2023-05-14": {
					"avg": 72,
					"count": 18,
					"min": 25,
					"max": 110
				},
				"2023-05-15": {
					"avg": 84,
					"count": 7,
					"min": 18,
					"max": 124
				},
				"2023-05-16": {
					"avg": 88,
					"count": 20,
					"min": 22,
					"max": 110
				},
				"2023-05-17": {
					"avg": 25,
					"count": 1,
					"min": 25,
					"max": 25
				},
				"2023-05-18": {
					"avg": 99,
					"count": 4,
					"min": 22,
					"max": 231
				},
				"2023-05-19": {
					"avg": 61,
					"count": 43,
					"min": 20,
					"max": 524
				},
				"2023-05-20": {
					"avg": 45,
					"count": 5,
					"min": 20,
					"max": 51
				},
				"2023-05-22": {
					"avg": 531,
					"count": 2,
					"min": 39,
					"max": 1023
				},
				"2023-05-23": {
					"avg": 170,
					"count": 4,
					"min": 20,
					"max": 519
				},
				"2023-05-24": {
					"avg": 107,
					"count": 10,
					"min": 104,
					"max": 110
				},
				"2023-05-25": {
					"avg": 95,
					"count": 3,
					"min": 18,
					"max": 144
				},
				"2023-05-26": {
					"avg": 215,
					"count": 5,
					"min": 18,
					"max": 823
				},
				"2023-05-27": {
					"avg": 75,
					"count": 13,
					"min": 18,
					"max": 135
				},
				"2023-05-28": {
					"avg": 57,
					"count": 1,
					"min": 57,
					"max": 57
				},
				"2023-05-29": {
					"avg": 90,
					"count": 16,
					"min": 18,
					"max": 120
				},
				"2023-05-30": {
					"avg": 143,
					"count": 1,
					"min": 143,
					"max": 143
				},
				"2023-05-31": {
					"avg": 74,
					"count": 14,
					"min": 15,
					"max": 143
				},
				"2023-06-01": {
					"avg": 144,
					"count": 66,
					"min": 10,
					"max": 523
				},
				"2023-06-02": {
					"avg": 91,
					"count": 2,
					"min": 32,
					"max": 149
				},
				"2023-06-03": {
					"avg": 95,
					"count": 3,
					"min": 32,
					"max": 153
				},
				"2023-06-04": {
					"avg": 79,
					"count": 1,
					"min": 79,
					"max": 79
				},
				"2023-06-05": {
					"avg": 105,
					"count": 22,
					"min": 35,
					"max": 108
				},
				"2023-06-06": {
					"avg": 58,
					"count": 4,
					"min": 16,
					"max": 79
				},
				"2023-06-07": {
					"avg": 88,
					"count": 3,
					"min": 51,
					"max": 114
				},
				"2023-06-10": {
					"avg": 48,
					"count": 4,
					"min": 16,
					"max": 125
				},
				"2023-06-12": {
					"avg": 67,
					"count": 7,
					"min": 8,
					"max": 107
				},
				"2023-06-13": {
					"avg": 53,
					"count": 7,
					"min": 18,
					"max": 139
				},
				"2023-06-14": {
					"avg": 180,
					"count": 4,
					"min": 39,
					"max": 381
				},
				"2023-06-15": {
					"avg": 212,
					"count": 5,
					"min": 19,
					"max": 570
				},
				"2023-06-17": {
					"avg": 29,
					"count": 26,
					"min": 19,
					"max": 149
				},
				"2023-06-18": {
					"avg": 116,
					"count": 33,
					"min": 34,
					"max": 157
				},
				"2023-06-20": {
					"avg": 87,
					"count": 7,
					"min": 17,
					"max": 430
				},
				"2023-06-21": {
					"avg": 60,
					"count": 2,
					"min": 20,
					"max": 99
				},
				"2023-06-22": {
					"avg": 201,
					"count": 8,
					"min": 20,
					"max": 656
				},
				"2023-06-23": {
					"avg": 361,
					"count": 6,
					"min": 43,
					"max": 425
				},
				"2023-06-24": {
					"avg": 94,
					"count": 4,
					"min": 58,
					"max": 106
				},
				"2023-06-25": {
					"avg": 112,
					"count": 2,
					"min": 97,
					"max": 127
				},
				"2023-06-26": {
					"avg": 104,
					"count": 5,
					"min": 104,
					"max": 104
				},
				"2023-06-27": {
					"avg": 85,
					"count": 4,
					"min": 51,
					"max": 108
				},
				"2023-06-28": {
					"avg": 17,
					"count": 1,
					"min": 17,
					"max": 17
				},
				"2023-06-29": {
					"avg": 62,
					"count": 2,
					"min": 49,
					"max": 75
				},
				"2023-06-30": {
					"avg": 79,
					"count": 5,
					"min": 17,
					"max": 124
				},
				"2023-07-01": {
					"avg": 25,
					"count": 1,
					"min": 25,
					"max": 25
				},
				"2023-07-02": {
					"avg": 42,
					"count": 2,
					"min": 27,
					"max": 57
				},
				"2023-07-03": {
					"avg": 37,
					"count": 3,
					"min": 18,
					"max": 71
				},
				"2023-07-04": {
					"avg": 24,
					"count": 85,
					"min": 18,
					"max": 139
				},
				"2023-07-06": {
					"avg": 216,
					"count": 26,
					"min": 17,
					"max": 948
				},
				"2023-07-07": {
					"avg": 122,
					"count": 6,
					"min": 20,
					"max": 250
				},
				"2023-07-08": {
					"avg": 97,
					"count": 5,
					"min": 20,
					"max": 134
				},
				"2023-07-09": {
					"avg": 54,
					"count": 4,
					"min": 17,
					"max": 110
				},
				"2023-07-10": {
					"avg": 81,
					"count": 7,
					"min": 39,
					"max": 207
				},
				"2023-07-12": {
					"avg": 160,
					"count": 4,
					"min": 27,
					"max": 500
				},
				"2023-07-13": {
					"avg": 119,
					"count": 5,
					"min": 20,
					"max": 516
				},
				"2023-07-14": {
					"avg": 184,
					"count": 5,
					"min": 69,
					"max": 509
				},
				"2023-07-15": {
					"avg": 124,
					"count": 10,
					"min": 75,
					"max": 141
				},
				"2023-07-16": {
					"avg": 34,
					"count": 4,
					"min": 18,
					"max": 68
				},
				"2023-07-17": {
					"avg": 44,
					"count": 7,
					"min": 18,
					"max": 51
				},
				"2023-07-18": {
					"avg": 112,
					"count": 31,
					"min": 29,
					"max": 417
				},
				"2023-07-19": {
					"avg": 75,
					"count": 8,
					"min": 9,
					"max": 399
				},
				"2023-07-20": {
					"avg": 47,
					"count": 16,
					"min": 18,
					"max": 119
				},
				"2023-07-21": {
					"avg": 27,
					"count": 3,
					"min": 25,
					"max": 30
				},
				"2023-07-22": {
					"avg": 62,
					"count": 3,
					"min": 20,
					"max": 117
				},
				"2023-07-23": {
					"avg": 69,
					"count": 2,
					"min": 69,
					"max": 69
				},
				"2023-07-24": {
					"avg": 38,
					"count": 4,
					"min": 22,
					"max": 68
				},
				"2023-07-25": {
					"avg": 95,
					"count": 14,
					"min": 25,
					"max": 301
				},
				"2023-07-26": {
					"avg": 89,
					"count": 4,
					"min": 10,
					"max": 205
				},
				"2023-07-27": {
					"avg": 23,
					"count": 1,
					"min": 23,
					"max": 23
				},
				"2023-07-29": {
					"avg": 390,
					"count": 75,
					"min": 15,
					"max": 823
				},
				"2023-07-30": {
					"avg": 1032,
					"count": 1,
					"min": 1032,
					"max": 1032
				},
				"2023-07-31": {
					"avg": 110,
					"count": 14,
					"min": 18,
					"max": 124
				},
				"2023-08-01": {
					"avg": 164,
					"count": 8,
					"min": 30,
					"max": 399
				},
				"2023-08-02": {
					"avg": 35,
					"count": 6,
					"min": 17,
					"max": 124
				},
				"2023-08-03": {
					"avg": 74,
					"count": 2,
					"min": 30,
					"max": 118
				},
				"2023-08-04": {
					"avg": 89,
					"count": 4,
					"min": 30,
					"max": 129
				},
				"2023-08-05": {
					"avg": 29,
					"count": 1,
					"min": 29,
					"max": 29
				},
				"2023-08-06": {
					"avg": 26,
					"count": 4,
					"min": 8,
					"max": 68
				},
				"2023-08-07": {
					"avg": 243,
					"count": 35,
					"min": 20,
					"max": 524
				},
				"2023-08-08": {
					"avg": 95,
					"count": 5,
					"min": 16,
					"max": 115
				},
				"2023-08-09": {
					"avg": 109,
					"count": 9,
					"min": 106,
					"max": 113
				},
				"2023-08-10": {
					"avg": 71,
					"count": 9,
					"min": 15,
					"max": 129
				},
				"2023-08-11": {
					"avg": 101,
					"count": 4,
					"min": 23,
					"max": 273
				},
				"2023-08-12": {
					"avg": 121,
					"count": 18,
					"min": 113,
					"max": 124
				},
				"2023-08-14": {
					"avg": 83,
					"count": 5,
					"min": 63,
					"max": 113
				},
				"2023-08-15": {
					"avg": 18,
					"count": 1,
					"min": 18,
					"max": 18
				},
				"2023-08-16": {
					"avg": 125,
					"count": 6,
					"min": 97,
					"max": 229
				},
				"2023-08-17": {
					"avg": 99,
					"count": 3,
					"min": 21,
					"max": 178
				},
				"2023-08-18": {
					"avg": 97,
					"count": 1,
					"min": 97,
					"max": 97
				},
				"2023-08-20": {
					"avg": 29,
					"count": 1,
					"min": 29,
					"max": 29
				},
				"2023-08-21": {
					"avg": 43,
					"count": 5,
					"min": 27,
					"max": 67
				},
				"2023-08-23": {
					"avg": 703,
					"count": 3,
					"min": 29,
					"max": 2049
				},
				"2023-08-24": {
					"avg": 242,
					"count": 5,
					"min": 30,
					"max": 295
				},
				"2023-08-25": {
					"avg": 72,
					"count": 11,
					"min": 50,
					"max": 155
				},
				"2023-08-26": {
					"avg": 45,
					"count": 6,
					"min": 24,
					"max": 63
				},
				"2023-08-27": {
					"avg": 54,
					"count": 8,
					"min": 10,
					"max": 178
				},
				"2023-08-28": {
					"avg": 304,
					"count": 3,
					"min": 39,
					"max": 818
				},
				"2023-08-29": {
					"avg": 66,
					"count": 3,
					"min": 34,
					"max": 115
				},
				"2023-08-31": {
					"avg": 57,
					"count": 1,
					"min": 57,
					"max": 57
				},
				"2023-09-03": {
					"avg": 34,
					"count": 2,
					"min": 16,
					"max": 52
				},
				"2023-09-05": {
					"avg": 92,
					"count": 8,
					"min": 11,
					"max": 144
				},
				"2023-09-07": {
					"avg": 124,
					"count": 1,
					"min": 124,
					"max": 124
				},
				"2023-09-08": {
					"avg": 42,
					"count": 3,
					"min": 20,
					"max": 86
				},
				"2023-09-09": {
					"avg": 25,
					"count": 36,
					"min": 17,
					"max": 107
				},
				"2023-09-10": {
					"avg": 285,
					"count": 5,
					"min": 11,
					"max": 1071
				},
				"2023-09-11": {
					"avg": 100,
					"count": 3,
					"min": 38,
					"max": 137
				},
				"2023-09-12": {
					"avg": 65,
					"count": 3,
					"min": 31,
					"max": 103
				},
				"2023-09-13": {
					"avg": 223,
					"count": 5,
					"min": 15,
					"max": 449
				},
				"2023-09-14": {
					"avg": 88,
					"count": 7,
					"min": 30,
					"max": 148
				},
				"2023-09-15": {
					"avg": 77,
					"count": 2,
					"min": 52,
					"max": 101
				},
				"2023-09-16": {
					"avg": 75,
					"count": 3,
					"min": 36,
					"max": 99
				},
				"2023-09-17": {
					"avg": 89,
					"count": 4,
					"min": 29,
					"max": 199
				},
				"2023-09-18": {
					"avg": 114,
					"count": 5,
					"min": 15,
					"max": 301
				},
				"2023-09-19": {
					"avg": 43,
					"count": 5,
					"min": 8,
					"max": 124
				},
				"2023-09-20": {
					"avg": 45,
					"count": 4,
					"min": 8,
					"max": 124
				},
				"2023-09-21": {
					"avg": 68,
					"count": 1,
					"min": 68,
					"max": 68
				},
				"2023-09-22": {
					"avg": 26,
					"count": 3,
					"min": 15,
					"max": 39
				},
				"2023-09-23": {
					"avg": 97,
					"count": 31,
					"min": 25,
					"max": 207
				},
				"2023-09-25": {
					"avg": 77,
					"count": 19,
					"min": 20,
					"max": 124
				},
				"2023-09-26": {
					"avg": 78,
					"count": 3,
					"min": 15,
					"max": 115
				},
				"2023-09-27": {
					"avg": 17,
					"count": 1,
					"min": 17,
					"max": 17
				},
				"2023-09-29": {
					"avg": 84,
					"count": 7,
					"min": 25,
					"max": 214
				},
				"2023-09-30": {
					"avg": 48,
					"count": 5,
					"min": 13,
					"max": 165
				},
				"2023-10-01": {
					"avg": 29,
					"count": 1,
					"min": 29,
					"max": 29
				},
				"2023-10-02": {
					"avg": 144,
					"count": 4,
					"min": 13,
					"max": 449
				},
				"2023-10-04": {
					"avg": 249,
					"count": 3,
					"min": 70,
					"max": 549
				},
				"2023-10-05": {
					"avg": 213,
					"count": 49,
					"min": 25,
					"max": 549
				},
				"2023-10-06": {
					"avg": 113,
					"count": 4,
					"min": 92,
					"max": 149
				},
				"2023-10-08": {
					"avg": 114,
					"count": 2,
					"min": 49,
					"max": 178
				},
				"2023-10-09": {
					"avg": 71,
					"count": 10,
					"min": 45,
					"max": 231
				},
				"2023-10-10": {
					"avg": 13,
					"count": 1,
					"min": 13,
					"max": 13
				},
				"2023-10-11": {
					"avg": 25,
					"count": 1,
					"min": 25,
					"max": 25
				},
				"2023-10-13": {
					"avg": 23,
					"count": 8,
					"min": 4,
					"max": 74
				},
				"2023-10-14": {
					"avg": 117,
					"count": 2,
					"min": 95,
					"max": 138
				},
				"2023-10-16": {
					"avg": 207,
					"count": 7,
					"min": 29,
					"max": 273
				},
				"2023-10-17": {
					"avg": 103,
					"count": 4,
					"min": 13,
					"max": 144
				},
				"2023-10-18": {
					"avg": 116,
					"count": 6,
					"min": 29,
					"max": 134
				},
				"2023-10-19": {
					"avg": 22,
					"count": 73,
					"min": 15,
					"max": 110
				},
				"2023-10-20": {
					"avg": 91,
					"count": 31,
					"min": 25,
					"max": 132
				},
				"2023-10-21": {
					"avg": 20,
					"count": 2,
					"min": 15,
					"max": 25
				},
				"2023-10-22": {
					"avg": 77,
					"count": 3,
					"min": 15,
					"max": 153
				},
				"2023-10-23": {
					"avg": 13,
					"count": 1,
					"min": 13,
					"max": 13
				},
				"2023-10-25": {
					"avg": 32,
					"count": 2,
					"min": 26,
					"max": 37
				},
				"2023-10-26": {
					"avg": 52,
					"count": 4,
					"min": 26,
					"max": 113
				},
				"2023-10-27": {
					"avg": 62,
					"count": 2,
					"min": 25,
					"max": 99
				},
				"2023-10-28": {
					"avg": 110,
					"count": 75,
					"min": 88,
					"max": 159
				},
				"2023-10-29": {
					"avg": 387,
					"count": 4,
					"min": 90,
					"max": 745
				},
				"2023-10-30": {
					"avg": 108,
					"count": 28,
					"min": 15,
					"max": 349
				},
				"2023-10-31": {
					"avg": 15,
					"count": 1,
					"min": 15,
					"max": 15
				},
				"2023-11-01": {
					"avg": 104,
					"count": 1,
					"min": 104,
					"max": 104
				},
				"2023-11-02": {
					"avg": 22,
					"count": 1,
					"min": 22,
					"max": 22
				},
				"2023-11-03": {
					"avg": 41,
					"count": 3,
					"min": 15,
					"max": 82
				},
				"2023-11-04": {
					"avg": 179,
					"count": 4,
					"min": 21,
					"max": 504
				},
				"2023-11-06": {
					"avg": 170,
					"count": 2,
					"min": 111,
					"max": 229
				},
				"2023-11-07": {
					"avg": 57,
					"count": 1,
					"min": 57,
					"max": 57
				},
				"2023-11-08": {
					"avg": 104,
					"count": 1,
					"min": 104,
					"max": 104
				},
				"2023-11-09": {
					"avg": 60,
					"count": 6,
					"min": 22,
					"max": 114
				},
				"2023-11-10": {
					"avg": 116,
					"count": 54,
					"min": 5,
					"max": 174
				},
				"2023-11-11": {
					"avg": 89,
					"count": 5,
					"min": 23,
					"max": 110
				},
				"2023-11-12": {
					"avg": 105,
					"count": 2,
					"min": 48,
					"max": 161
				},
				"2023-11-13": {
					"avg": 206,
					"count": 3,
					"min": 97,
					"max": 381
				},
				"2023-11-14": {
					"avg": 113,
					"count": 1,
					"min": 113,
					"max": 113
				},
				"2023-11-15": {
					"avg": 68,
					"count": 3,
					"min": 25,
					"max": 154
				},
				"2023-11-16": {
					"avg": 17,
					"count": 1,
					"min": 17,
					"max": 17
				},
				"2023-11-17": {
					"avg": 134,
					"count": 3,
					"min": 104,
					"max": 183
				},
				"2023-11-18": {
					"avg": 124,
					"count": 1,
					"min": 124,
					"max": 124
				},
				"2023-11-20": {
					"avg": 25,
					"count": 1,
					"min": 25,
					"max": 25
				},
				"2023-11-21": {
					"avg": 42,
					"count": 24,
					"min": 15,
					"max": 529
				},
				"2023-11-22": {
					"avg": 121,
					"count": 1,
					"min": 121,
					"max": 121
				},
				"2023-11-23": {
					"avg": 155,
					"count": 16,
					"min": 118,
					"max": 219
				},
				"2023-11-24": {
					"avg": 180,
					"count": 35,
					"min": 11,
					"max": 449
				},
				"2023-11-26": {
					"avg": 86,
					"count": 6,
					"min": 26,
					"max": 197
				},
				"2023-11-27": {
					"avg": 103,
					"count": 6,
					"min": 20,
					"max": 174
				},
				"2024-05-15": {
					"avg": 147,
					"count": 1,
					"min": 147,
					"max": 147
				},
				"2024-05-16": {
					"avg": 297,
					"count": 2,
					"min": 38,
					"max": 556
				},
				"2024-05-17": {
					"avg": 168,
					"count": 123,
					"min": 25,
					"max": 2055
				},
				"2024-05-18": {
					"avg": 155,
					"count": 29,
					"min": 15,
					"max": 542
				},
				"2024-05-19": {
					"avg": 54,
					"count": 7,
					"min": 20,
					"max": 150
				},
				"2024-05-20": {
					"avg": 118,
					"count": 56,
					"min": 59,
					"max": 139
				},
				"2024-05-21": {
					"avg": 98,
					"count": 12,
					"min": 20,
					"max": 503
				},
				"2024-05-22": {
					"avg": 186,
					"count": 2,
					"min": 164,
					"max": 209
				},
				"2024-05-23": {
					"avg": 220,
					"count": 18,
					"min": 25,
					"max": 284
				},
				"2024-05-25": {
					"avg": 32,
					"count": 1,
					"min": 32,
					"max": 32
				},
				"2024-05-26": {
					"avg": 122,
					"count": 7,
					"min": 121,
					"max": 124
				},
				"2024-05-28": {
					"avg": 147,
					"count": 1,
					"min": 147,
					"max": 147
				},
				"2024-05-29": {
					"avg": 198,
					"count": 2,
					"min": 15,
					"max": 381
				},
				"2024-05-30": {
					"avg": 15,
					"count": 1,
					"min": 15,
					"max": 15
				},
				"2024-05-31": {
					"avg": 72,
					"count": 4,
					"min": 10,
					"max": 132
				},
				"2024-06-01": {
					"avg": 76,
					"count": 2,
					"min": 12,
					"max": 140
				},
				"2024-06-02": {
					"avg": 126,
					"count": 2,
					"min": 30,
					"max": 222
				},
				"2024-06-03": {
					"avg": 219,
					"count": 2,
					"min": 219,
					"max": 219
				},
				"2024-06-04": {
					"avg": 147,
					"count": 1,
					"min": 147,
					"max": 147
				},
				"2024-06-06": {
					"avg": 132,
					"count": 1,
					"min": 132,
					"max": 132
				},
				"2024-06-07": {
					"avg": 122,
					"count": 12,
					"min": 20,
					"max": 174
				},
				"2024-06-12": {
					"avg": 144,
					"count": 1,
					"min": 144,
					"max": 144
				},
				"2024-06-14": {
					"avg": 137,
					"count": 2,
					"min": 132,
					"max": 141
				},
				"2024-06-16": {
					"avg": 105,
					"count": 8,
					"min": 39,
					"max": 141
				},
				"2024-06-17": {
					"avg": 138,
					"count": 3,
					"min": 121,
					"max": 147
				},
				"2024-06-18": {
					"avg": 136,
					"count": 1,
					"min": 136,
					"max": 136
				},
				"2024-06-20": {
					"avg": 131,
					"count": 2,
					"min": 131,
					"max": 131
				},
				"2024-06-22": {
					"avg": 140,
					"count": 2,
					"min": 136,
					"max": 144
				},
				"2024-06-24": {
					"avg": 30,
					"count": 1,
					"min": 30,
					"max": 30
				},
				"2024-06-26": {
					"avg": 317,
					"count": 1,
					"min": 317,
					"max": 317
				},
				"2024-06-27": {
					"avg": 17,
					"count": 6,
					"min": 16,
					"max": 19
				},
				"2024-06-28": {
					"avg": 91,
					"count": 3,
					"min": 24,
					"max": 124
				},
				"2024-06-29": {
					"avg": 114,
					"count": 10,
					"min": 21,
					"max": 185
				},
				"2024-06-30": {
					"avg": 17,
					"count": 1,
					"min": 17,
					"max": 17
				},
				"2024-07-01": {
					"avg": 99,
					"count": 1,
					"min": 99,
					"max": 99
				},
				"2024-07-03": {
					"avg": 116,
					"count": 1,
					"min": 116,
					"max": 116
				},
				"2024-07-05": {
					"avg": 149,
					"count": 1,
					"min": 149,
					"max": 149
				},
				"2024-07-07": {
					"avg": 113,
					"count": 1,
					"min": 113,
					"max": 113
				},
				"2024-07-08": {
					"avg": 281,
					"count": 15,
					"min": 270,
					"max": 431
				},
				"2024-07-09": {
					"avg": 24,
					"count": 1,
					"min": 24,
					"max": 24
				},
				"2024-07-10": {
					"avg": 274,
					"count": 1,
					"min": 274,
					"max": 274
				},
				"2024-07-11": {
					"avg": 157,
					"count": 2,
					"min": 136,
					"max": 177
				},
				"2024-07-13": {
					"avg": 237,
					"count": 1,
					"min": 237,
					"max": 237
				},
				"2024-07-14": {
					"avg": 70,
					"count": 8,
					"min": 19,
					"max": 325
				},
				"2024-07-15": {
					"avg": 9,
					"count": 5,
					"min": 9,
					"max": 9
				},
				"2024-07-17": {
					"avg": 273,
					"count": 56,
					"min": 24,
					"max": 522
				},
				"2024-07-18": {
					"avg": 126,
					"count": 62,
					"min": 120,
					"max": 498
				},
				"2024-07-19": {
					"avg": 181,
					"count": 3,
					"min": 44,
					"max": 453
				},
				"2024-07-20": {
					"avg": 33,
					"count": 19,
					"min": 25,
					"max": 148
				},
				"2024-07-22": {
					"avg": 88,
					"count": 2,
					"min": 88,
					"max": 88
				},
				"2024-07-23": {
					"avg": 75,
					"count": 2,
					"min": 20,
					"max": 129
				},
				"2024-07-24": {
					"avg": 164,
					"count": 24,
					"min": 18,
					"max": 314
				},
				"2024-07-25": {
					"avg": 24,
					"count": 1,
					"min": 24,
					"max": 24
				},
				"2024-07-27": {
					"avg": 135,
					"count": 3,
					"min": 15,
					"max": 220
				},
				"2024-07-29": {
					"avg": 83,
					"count": 2,
					"min": 19,
					"max": 146
				},
				"2024-07-30": {
					"avg": 30,
					"count": 1,
					"min": 30,
					"max": 30
				},
				"2024-07-31": {
					"avg": 106,
					"count": 5,
					"min": 106,
					"max": 106
				},
				"2024-08-01": {
					"avg": 492,
					"count": 3,
					"min": 25,
					"max": 1020
				},
				"2024-08-02": {
					"avg": 131,
					"count": 4,
					"min": 118,
					"max": 150
				},
				"2024-08-04": {
					"avg": 64,
					"count": 2,
					"min": 22,
					"max": 106
				},
				"2024-08-05": {
					"avg": 42,
					"count": 1,
					"min": 42,
					"max": 42
				},
				"2024-08-07": {
					"avg": 119,
					"count": 1,
					"min": 119,
					"max": 119
				},
				"2024-08-10": {
					"avg": 32,
					"count": 11,
					"min": 17,
					"max": 150
				},
				"2024-08-11": {
					"avg": 162,
					"count": 1,
					"min": 162,
					"max": 162
				},
				"2024-08-12": {
					"avg": 21,
					"count": 1,
					"min": 21,
					"max": 21
				},
				"2024-08-13": {
					"avg": 23,
					"count": 25,
					"min": 7,
					"max": 25
				},
				"2024-08-15": {
					"avg": 76,
					"count": 2,
					"min": 18,
					"max": 134
				},
				"2024-08-16": {
					"avg": 50,
					"count": 1,
					"min": 50,
					"max": 50
				},
				"2024-08-17": {
					"avg": 83,
					"count": 2,
					"min": 32,
					"max": 134
				},
				"2024-08-18": {
					"avg": 50,
					"count": 1,
					"min": 50,
					"max": 50
				},
				"2024-08-20": {
					"avg": 130,
					"count": 4,
					"min": 18,
					"max": 224
				},
				"2024-08-21": {
					"avg": 27,
					"count": 3,
					"min": 18,
					"max": 44
				},
				"2024-08-22": {
					"avg": 32,
					"count": 1,
					"min": 32,
					"max": 32
				},
				"2024-08-23": {
					"avg": 30,
					"count": 2,
					"min": 25,
					"max": 35
				},
				"2024-08-24": {
					"avg": 135,
					"count": 11,
					"min": 105,
					"max": 142
				},
				"2024-08-27": {
					"avg": 19,
					"count": 1,
					"min": 19,
					"max": 19
				},
				"2024-08-30": {
					"avg": 404,
					"count": 3,
					"min": 19,
					"max": 1029
				},
				"2024-08-31": {
					"avg": 30,
					"count": 9,
					"min": 30,
					"max": 30
				},
				"2024-09-01": {
					"avg": 28,
					"count": 3,
					"min": 17,
					"max": 35
				},
				"2024-09-03": {
					"avg": 115,
					"count": 2,
					"min": 105,
					"max": 124
				},
				"2024-09-04": {
					"avg": 77,
					"count": 2,
					"min": 13,
					"max": 140
				},
				"2024-09-06": {
					"avg": 44,
					"count": 14,
					"min": 13,
					"max": 268
				},
				"2024-09-07": {
					"avg": 13,
					"count": 1,
					"min": 13,
					"max": 13
				},
				"2024-09-08": {
					"avg": 44,
					"count": 1,
					"min": 44,
					"max": 44
				},
				"2024-09-10": {
					"avg": 51,
					"count": 4,
					"min": 18,
					"max": 129
				},
				"2024-09-11": {
					"avg": 164,
					"count": 1,
					"min": 164,
					"max": 164
				},
				"2024-09-12": {
					"avg": 29,
					"count": 22,
					"min": 24,
					"max": 62
				},
				"2024-09-13": {
					"avg": 25,
					"count": 2,
					"min": 15,
					"max": 35
				},
				"2024-09-14": {
					"avg": 431,
					"count": 2,
					"min": 431,
					"max": 431
				},
				"2024-09-15": {
					"avg": 101,
					"count": 10,
					"min": 101,
					"max": 101
				},
				"2024-09-16": {
					"avg": 10,
					"count": 3,
					"min": 10,
					"max": 10
				},
				"2024-09-17": {
					"avg": 563,
					"count": 1,
					"min": 563,
					"max": 563
				},
				"2024-09-18": {
					"avg": 21,
					"count": 2,
					"min": 5,
					"max": 36
				},
				"2024-09-19": {
					"avg": 226,
					"count": 4,
					"min": 50,
					"max": 652
				},
				"2024-09-20": {
					"avg": 156,
					"count": 4,
					"min": 17,
					"max": 202
				},
				"2024-09-21": {
					"avg": 120,
					"count": 1,
					"min": 120,
					"max": 120
				},
				"2024-09-22": {
					"avg": 91,
					"count": 2,
					"min": 15,
					"max": 167
				}
			},
			"avg": 143,
			"avg7": 149,
			"avg28": 149
		},
		"normal-nearmint": {
			"history": {
				"2024-05-23": {
					"avg": 444,
					"count": 18,
					"min": 147,
					"max": 519
				},
				"2024-05-25": {
					"avg": 26,
					"count": 2,
					"min": 20,
					"max": 32
				},
				"2024-05-27": {
					"avg": 91,
					"count": 4,
					"min": 27,
					"max": 165
				},
				"2024-05-29": {
					"avg": 78,
					"count": 2,
					"min": 27,
					"max": 128
				},
				"2024-05-30": {
					"avg": 30,
					"count": 1,
					"min": 30,
					"max": 30
				},
				"2024-05-31": {
					"avg": 112,
					"count": 2,
					"min": 27,
					"max": 197
				},
				"2024-06-01": {
					"avg": 598,
					"count": 1,
					"min": 598,
					"max": 598
				},
				"2024-06-03": {
					"avg": 43,
					"count": 1,
					"min": 43,
					"max": 43
				},
				"2024-06-04": {
					"avg": 100,
					"count": 1,
					"min": 100,
					"max": 100
				},
				"2024-06-06": {
					"avg": 27,
					"count": 1,
					"min": 27,
					"max": 27
				},
				"2024-06-08": {
					"avg": 159,
					"count": 1,
					"min": 159,
					"max": 159
				},
				"2024-06-09": {
					"avg": 171,
					"count": 1,
					"min": 171,
					"max": 171
				},
				"2024-06-10": {
					"avg": 35,
					"count": 2,
					"min": 35,
					"max": 35
				},
				"2024-06-11": {
					"avg": 88,
					"count": 2,
					"min": 29,
					"max": 147
				},
				"2024-06-13": {
					"avg": 101,
					"count": 2,
					"min": 52,
					"max": 149
				},
				"2024-06-14": {
					"avg": 162,
					"count": 1,
					"min": 162,
					"max": 162
				},
				"2024-06-15": {
					"avg": 43,
					"count": 1,
					"min": 43,
					"max": 43
				},
				"2024-06-16": {
					"avg": 190,
					"count": 2,
					"min": 138,
					"max": 242
				},
				"2024-06-17": {
					"avg": 133,
					"count": 2,
					"min": 127,
					"max": 138
				},
				"2024-06-18": {
					"avg": 162,
					"count": 5,
					"min": 138,
					"max": 229
				},
				"2024-06-19": {
					"avg": 267,
					"count": 3,
					"min": 138,
					"max": 525
				},
				"2024-06-20": {
					"avg": 529,
					"count": 1,
					"min": 529,
					"max": 529
				},
				"2024-06-21": {
					"avg": 43,
					"count": 3,
					"min": 39,
					"max": 45
				},
				"2024-06-24": {
					"avg": 83,
					"count": 2,
					"min": 65,
					"max": 100
				},
				"2024-06-25": {
					"avg": 249,
					"count": 1,
					"min": 249,
					"max": 249
				},
				"2024-06-26": {
					"avg": 24,
					"count": 2,
					"min": 23,
					"max": 25
				},
				"2024-06-27": {
					"avg": 25,
					"count": 26,
					"min": 24,
					"max": 27
				},
				"2024-06-28": {
					"avg": 82,
					"count": 3,
					"min": 25,
					"max": 124
				},
				"2024-06-29": {
					"avg": 161,
					"count": 2,
					"min": 161,
					"max": 161
				},
				"2024-06-30": {
					"avg": 47,
					"count": 1,
					"min": 47,
					"max": 47
				},
				"2024-07-01": {
					"avg": 47,
					"count": 1,
					"min": 47,
					"max": 47
				},
				"2024-07-07": {
					"avg": 71,
					"count": 2,
					"min": 25,
					"max": 116
				},
				"2024-07-08": {
					"avg": 147,
					"count": 1,
					"min": 147,
					"max": 147
				},
				"2024-07-10": {
					"avg": 25,
					"count": 1,
					"min": 25,
					"max": 25
				},
				"2024-07-12": {
					"avg": 25,
					"count": 1,
					"min": 25,
					"max": 25
				},
				"2024-07-14": {
					"avg": 27,
					"count": 2,
					"min": 25,
					"max": 29
				},
				"2024-07-15": {
					"avg": 114,
					"count": 4,
					"min": 17,
					"max": 212
				},
				"2024-07-16": {
					"avg": 48,
					"count": 2,
					"min": 31,
					"max": 65
				},
				"2024-07-17": {
					"avg": 140,
					"count": 15,
					"min": 24,
					"max": 157
				},
				"2024-07-19": {
					"avg": 24,
					"count": 3,
					"min": 24,
					"max": 24
				},
				"2024-07-20": {
					"avg": 100,
					"count": 1,
					"min": 100,
					"max": 100
				},
				"2024-07-21": {
					"avg": 140,
					"count": 4,
					"min": 29,
					"max": 197
				},
				"2024-07-22": {
					"avg": 92,
					"count": 3,
					"min": 35,
					"max": 162
				},
				"2024-07-23": {
					"avg": 115,
					"count": 1,
					"min": 115,
					"max": 115
				},
				"2024-07-24": {
					"avg": 164,
					"count": 161,
					"min": 39,
					"max": 303
				},
				"2024-07-25": {
					"avg": 97,
					"count": 1,
					"min": 97,
					"max": 97
				},
				"2024-07-26": {
					"avg": 150,
					"count": 10,
					"min": 97,
					"max": 215
				},
				"2024-07-27": {
					"avg": 244,
					"count": 4,
					"min": 28,
					"max": 603
				},
				"2024-07-28": {
					"avg": 61,
					"count": 2,
					"min": 28,
					"max": 93
				},
				"2024-07-29": {
					"avg": 95,
					"count": 2,
					"min": 25,
					"max": 165
				},
				"2024-07-30": {
					"avg": 1044,
					"count": 1,
					"min": 1044,
					"max": 1044
				},
				"2024-07-31": {
					"avg": 50,
					"count": 2,
					"min": 25,
					"max": 74
				},
				"2024-08-01": {
					"avg": 73,
					"count": 11,
					"min": 27,
					"max": 77
				},
				"2024-08-02": {
					"avg": 97,
					"count": 2,
					"min": 97,
					"max": 97
				},
				"2024-08-03": {
					"avg": 91,
					"count": 2,
					"min": 88,
					"max": 93
				},
				"2024-08-05": {
					"avg": 145,
					"count": 2,
					"min": 143,
					"max": 147
				},
				"2024-08-06": {
					"avg": 97,
					"count": 10,
					"min": 97,
					"max": 97
				},
				"2024-08-07": {
					"avg": 104,
					"count": 3,
					"min": 50,
					"max": 197
				},
				"2024-08-08": {
					"avg": 150,
					"count": 1,
					"min": 150,
					"max": 150
				},
				"2024-08-09": {
					"avg": 131,
					"count": 2,
					"min": 33,
					"max": 228
				},
				"2024-08-10": {
					"avg": 341,
					"count": 3,
					"min": 25,
					"max": 846
				},
				"2024-08-11": {
					"avg": 117,
					"count": 2,
					"min": 115,
					"max": 119
				},
				"2024-08-12": {
					"avg": 122,
					"count": 2,
					"min": 47,
					"max": 197
				},
				"2024-08-13": {
					"avg": 329,
					"count": 2,
					"min": 157,
					"max": 500
				},
				"2024-08-14": {
					"avg": 79,
					"count": 2,
					"min": 65,
					"max": 93
				},
				"2024-08-15": {
					"avg": 63,
					"count": 3,
					"min": 25,
					"max": 137
				},
				"2024-08-16": {
					"avg": 349,
					"count": 2,
					"min": 99,
					"max": 598
				},
				"2024-08-17": {
					"avg": 245,
					"count": 4,
					"min": 25,
					"max": 846
				},
				"2024-08-19": {
					"avg": 106,
					"count": 3,
					"min": 27,
					"max": 208
				},
				"2024-08-20": {
					"avg": 83,
					"count": 1,
					"min": 83,
					"max": 83
				},
				"2024-08-21": {
					"avg": 133,
					"count": 3,
					"min": 97,
					"max": 186
				},
				"2024-08-23": {
					"avg": 157,
					"count": 3,
					"min": 92,
					"max": 212
				},
				"2024-08-24": {
					"avg": 124,
					"count": 45,
					"min": 23,
					"max": 168
				},
				"2024-08-25": {
					"avg": 97,
					"count": 1,
					"min": 97,
					"max": 97
				},
				"2024-08-26": {
					"avg": 598,
					"count": 1,
					"min": 598,
					"max": 598
				},
				"2024-08-27": {
					"avg": 27,
					"count": 1,
					"min": 27,
					"max": 27
				},
				"2024-08-28": {
					"avg": 27,
					"count": 1,
					"min": 27,
					"max": 27
				},
				"2024-08-29": {
					"avg": 35,
					"count": 1,
					"min": 35,
					"max": 35
				},
				"2024-08-30": {
					"avg": 120,
					"count": 2,
					"min": 42,
					"max": 197
				},
				"2024-08-31": {
					"avg": 50,
					"count": 3,
					"min": 23,
					"max": 92
				},
				"2024-09-01": {
					"avg": 33,
					"count": 3,
					"min": 27,
					"max": 37
				},
				"2024-09-03": {
					"avg": 288,
					"count": 4,
					"min": 27,
					"max": 598
				},
				"2024-09-04": {
					"avg": 98,
					"count": 3,
					"min": 23,
					"max": 222
				},
				"2024-09-05": {
					"avg": 246,
					"count": 3,
					"min": 49,
					"max": 349
				},
				"2024-09-06": {
					"avg": 31,
					"count": 2,
					"min": 24,
					"max": 37
				},
				"2024-09-07": {
					"avg": 109,
					"count": 4,
					"min": 23,
					"max": 157
				},
				"2024-09-08": {
					"avg": 202,
					"count": 2,
					"min": 154,
					"max": 249
				},
				"2024-09-09": {
					"avg": 91,
					"count": 2,
					"min": 25,
					"max": 157
				},
				"2024-09-10": {
					"avg": 97,
					"count": 2,
					"min": 25,
					"max": 169
				},
				"2024-09-11": {
					"avg": 90,
					"count": 10,
					"min": 24,
					"max": 97
				},
				"2024-09-12": {
					"avg": 27,
					"count": 2,
					"min": 23,
					"max": 31
				},
				"2024-09-13": {
					"avg": 27,
					"count": 2,
					"min": 26,
					"max": 27
				},
				"2024-09-14": {
					"avg": 65,
					"count": 3,
					"min": 31,
					"max": 83
				},
				"2024-09-15": {
					"avg": 1090,
					"count": 2,
					"min": 80,
					"max": 2099
				},
				"2024-09-16": {
					"avg": 188,
					"count": 2,
					"min": 148,
					"max": 227
				},
				"2024-09-17": {
					"avg": 134,
					"count": 2,
					"min": 99,
					"max": 169
				},
				"2024-09-18": {
					"avg": 156,
					"count": 2,
					"min": 142,
					"max": 169
				},
				"2024-09-20": {
					"avg": 135,
					"count": 7,
					"min": 23,
					"max": 227
				},
				"2024-09-22": {
					"avg": 36,
					"count": 2,
					"min": 36,
					"max": 36
				},
				"2024-09-23": {
					"avg": 204,
					"count": 2,
					"min": 166,
					"max": 242
				}
			},
			"avg": 149,
			"avg7": -1,
			"avg28": -1
		},
		"normal-used": {
			"history": {
				"2024-05-27": {
					"avg": 135,
					"count": 1,
					"min": 135,
					"max": 135
				},
				"2024-05-29": {
					"avg": 31,
					"count": 5,
					"min": 13,
					"max": 68
				},
				"2024-06-02": {
					"avg": 126,
					"count": 1,
					"min": 126,
					"max": 126
				},
				"2024-06-03": {
					"avg": 140,
					"count": 1,
					"min": 140,
					"max": 140
				},
				"2024-06-07": {
					"avg": 13,
					"count": 1,
					"min": 13,
					"max": 13
				},
				"2024-06-08": {
					"avg": 25,
					"count": 1,
					"min": 25,
					"max": 25
				},
				"2024-06-20": {
					"avg": 14,
					"count": 6,
					"min": 14,
					"max": 14
				},
				"2024-06-22": {
					"avg": 163,
					"count": 5,
					"min": 163,
					"max": 163
				},
				"2024-06-23": {
					"avg": 43,
					"count": 5,
					"min": 43,
					"max": 43
				},
				"2024-06-25": {
					"avg": 49,
					"count": 1,
					"min": 49,
					"max": 49
				},
				"2024-06-28": {
					"avg": 135,
					"count": 1,
					"min": 135,
					"max": 135
				},
				"2024-07-03": {
					"avg": 15,
					"count": 1,
					"min": 15,
					"max": 15
				},
				"2024-07-04": {
					"avg": 337,
					"count": 5,
					"min": 15,
					"max": 505
				},
				"2024-07-05": {
					"avg": 14,
					"count": 1,
					"min": 14,
					"max": 14
				},
				"2024-07-08": {
					"avg": 25,
					"count": 1,
					"min": 25,
					"max": 25
				},
				"2024-07-14": {
					"avg": 415,
					"count": 1,
					"min": 415,
					"max": 415
				},
				"2024-07-15": {
					"avg": 4,
					"count": 1,
					"min": 4,
					"max": 4
				},
				"2024-07-16": {
					"avg": 13,
					"count": 2,
					"min": 4,
					"max": 22
				},
				"2024-07-18": {
					"avg": 105,
					"count": 1,
					"min": 105,
					"max": 105
				},
				"2024-07-21": {
					"avg": 21,
					"count": 1,
					"min": 21,
					"max": 21
				},
				"2024-07-28": {
					"avg": 25,
					"count": 1,
					"min": 25,
					"max": 25
				},
				"2024-07-31": {
					"avg": 35,
					"count": 3,
					"min": 35,
					"max": 35
				},
				"2024-08-03": {
					"avg": 10,
					"count": 1,
					"min": 10,
					"max": 10
				},
				"2024-08-05": {
					"avg": 13,
					"count": 1,
					"min": 13,
					"max": 13
				},
				"2024-08-11": {
					"avg": 13,
					"count": 1,
					"min": 13,
					"max": 13
				},
				"2024-08-12": {
					"avg": 9,
					"count": 1,
					"min": 9,
					"max": 9
				},
				"2024-08-16": {
					"avg": 54,
					"count": 5,
					"min": 9,
					"max": 132
				},
				"2024-08-20": {
					"avg": 13,
					"count": 1,
					"min": 13,
					"max": 13
				},
				"2024-08-22": {
					"avg": 34,
					"count": 1,
					"min": 34,
					"max": 34
				},
				"2024-08-23": {
					"avg": 19,
					"count": 1,
					"min": 19,
					"max": 19
				},
				"2024-09-08": {
					"avg": 24,
					"count": 1,
					"min": 24,
					"max": 24
				},
				"2024-09-09": {
					"avg": 109,
					"count": 1,
					"min": 109,
					"max": 109
				},
				"2024-09-23": {
					"avg": 22,
					"count": 2,
					"min": 22,
					"max": 22
				}
			},
			"avg": 79,
			"avg7": -1,
			"avg28": -1
		},
		"normal-played": {
			"history": {
				"2024-05-25": {
					"avg": 113,
					"count": 4,
					"min": 103,
					"max": 141
				},
				"2024-05-26": {
					"avg": 52,
					"count": 3,
					"min": 20,
					"max": 116
				},
				"2024-06-03": {
					"avg": 160,
					"count": 1,
					"min": 160,
					"max": 160
				},
				"2024-06-05": {
					"avg": 68,
					"count": 2,
					"min": 50,
					"max": 85
				},
				"2024-06-06": {
					"avg": 135,
					"count": 1,
					"min": 135,
					"max": 135
				},
				"2024-06-08": {
					"avg": 14,
					"count": 1,
					"min": 14,
					"max": 14
				},
				"2024-06-09": {
					"avg": 14,
					"count": 1,
					"min": 14,
					"max": 14
				},
				"2024-06-14": {
					"avg": 201,
					"count": 1,
					"min": 201,
					"max": 201
				},
				"2024-06-17": {
					"avg": 116,
					"count": 1,
					"min": 116,
					"max": 116
				},
				"2024-06-18": {
					"avg": 135,
					"count": 4,
					"min": 118,
					"max": 174
				},
				"2024-06-19": {
					"avg": 115,
					"count": 8,
					"min": 112,
					"max": 127
				},
				"2024-06-21": {
					"avg": 70,
					"count": 5,
					"min": 14,
					"max": 174
				},
				"2024-06-22": {
					"avg": 106,
					"count": 3,
					"min": 35,
					"max": 149
				},
				"2024-06-23": {
					"avg": 109,
					"count": 7,
					"min": 109,
					"max": 109
				},
				"2024-06-24": {
					"avg": 113,
					"count": 1,
					"min": 113,
					"max": 113
				},
				"2024-06-25": {
					"avg": 81,
					"count": 4,
					"min": 10,
					"max": 133
				},
				"2024-06-27": {
					"avg": 16,
					"count": 9,
					"min": 15,
					"max": 16
				},
				"2024-06-29": {
					"avg": 110,
					"count": 4,
					"min": 39,
					"max": 134
				},
				"2024-07-03": {
					"avg": 14,
					"count": 1,
					"min": 14,
					"max": 14
				},
				"2024-07-04": {
					"avg": 29,
					"count": 1,
					"min": 29,
					"max": 29
				},
				"2024-07-08": {
					"avg": 23,
					"count": 4,
					"min": 10,
					"max": 27
				},
				"2024-07-10": {
					"avg": 15,
					"count": 2,
					"min": 15,
					"max": 15
				},
				"2024-07-11": {
					"avg": 124,
					"count": 1,
					"min": 124,
					"max": 124
				},
				"2024-07-12": {
					"avg": 119,
					"count": 7,
					"min": 15,
					"max": 137
				},
				"2024-07-13": {
					"avg": 13,
					"count": 1,
					"min": 13,
					"max": 13
				},
				"2024-07-14": {
					"avg": 13,
					"count": 2,
					"min": 13,
					"max": 13
				},
				"2024-07-15": {
					"avg": 125,
					"count": 1,
					"min": 125,
					"max": 125
				},
				"2024-07-16": {
					"avg": 7,
					"count": 1,
					"min": 7,
					"max": 7
				},
				"2024-07-17": {
					"avg": 104,
					"count": 4,
					"min": 91,
					"max": 141
				},
				"2024-07-18": {
					"avg": 110,
					"count": 3,
					"min": 110,
					"max": 110
				},
				"2024-07-19": {
					"avg": 103,
					"count": 3,
					"min": 28,
					"max": 154
				},
				"2024-07-22": {
					"avg": 53,
					"count": 2,
					"min": 51,
					"max": 55
				},
				"2024-07-23": {
					"avg": 132,
					"count": 2,
					"min": 127,
					"max": 137
				},
				"2024-07-24": {
					"avg": 107,
					"count": 32,
					"min": 15,
					"max": 309
				},
				"2024-07-26": {
					"avg": 138,
					"count": 4,
					"min": 135,
					"max": 141
				},
				"2024-07-30": {
					"avg": 25,
					"count": 1,
					"min": 25,
					"max": 25
				},
				"2024-07-31": {
					"avg": 102,
					"count": 4,
					"min": 102,
					"max": 102
				},
				"2024-08-04": {
					"avg": 54,
					"count": 3,
					"min": 13,
					"max": 132
				},
				"2024-08-06": {
					"avg": 26,
					"count": 3,
					"min": 20,
					"max": 29
				},
				"2024-08-11": {
					"avg": 162,
					"count": 1,
					"min": 162,
					"max": 162
				},
				"2024-08-12": {
					"avg": 106,
					"count": 1,
					"min": 106,
					"max": 106
				},
				"2024-08-14": {
					"avg": 99,
					"count": 2,
					"min": 25,
					"max": 172
				},
				"2024-08-15": {
					"avg": 74,
					"count": 2,
					"min": 17,
					"max": 130
				},
				"2024-08-16": {
					"avg": 89,
					"count": 9,
					"min": 7,
					"max": 261
				},
				"2024-08-18": {
					"avg": 137,
					"count": 1,
					"min": 137,
					"max": 137
				},
				"2024-08-19": {
					"avg": 135,
					"count": 1,
					"min": 135,
					"max": 135
				},
				"2024-08-21": {
					"avg": 140,
					"count": 2,
					"min": 137,
					"max": 142
				},
				"2024-08-22": {
					"avg": 304,
					"count": 12,
					"min": 147,
					"max": 2025
				},
				"2024-08-24": {
					"avg": 134,
					"count": 12,
					"min": 15,
					"max": 160
				},
				"2024-08-25": {
					"avg": 12,
					"count": 1,
					"min": 12,
					"max": 12
				},
				"2024-08-26": {
					"avg": 25,
					"count": 2,
					"min": 19,
					"max": 30
				},
				"2024-08-27": {
					"avg": 13,
					"count": 1,
					"min": 13,
					"max": 13
				},
				"2024-08-28": {
					"avg": 77,
					"count": 2,
					"min": 15,
					"max": 139
				},
				"2024-09-02": {
					"avg": 75,
					"count": 3,
					"min": 30,
					"max": 157
				},
				"2024-09-06": {
					"avg": 70,
					"count": 5,
					"min": 8,
					"max": 146
				},
				"2024-09-07": {
					"avg": 13,
					"count": 1,
					"min": 13,
					"max": 13
				},
				"2024-09-08": {
					"avg": 152,
					"count": 2,
					"min": 152,
					"max": 152
				},
				"2024-09-09": {
					"avg": 109,
					"count": 3,
					"min": 109,
					"max": 109
				},
				"2024-09-13": {
					"avg": 132,
					"count": 1,
					"min": 132,
					"max": 132
				},
				"2024-09-14": {
					"avg": 68,
					"count": 4,
					"min": 20,
					"max": 182
				},
				"2024-09-15": {
					"avg": 10,
					"count": 1,
					"min": 10,
					"max": 10
				},
				"2024-09-17": {
					"avg": 30,
					"count": 1,
					"min": 30,
					"max": 30
				},
				"2024-09-18": {
					"avg": 39,
					"count": 1,
					"min": 39,
					"max": 39
				},
				"2024-09-19": {
					"avg": 49,
					"count": 1,
					"min": 49,
					"max": 49
				},
				"2024-09-22": {
					"avg": 13,
					"count": 1,
					"min": 13,
					"max": 13
				}
			},
			"avg": 102,
			"avg7": -1,
			"avg28": -1
		},
		"normal-poor": {
			"history": {
				"2024-05-25": {
					"avg": 108,
					"count": 6,
					"min": 108,
					"max": 108
				},
				"2024-06-07": {
					"avg": 88,
					"count": 2,
					"min": 10,
					"max": 165
				},
				"2024-06-08": {
					"avg": 221,
					"count": 2,
					"min": 28,
					"max": 414
				},
				"2024-06-10": {
					"avg": 71,
					"count": 2,
					"min": 10,
					"max": 132
				},
				"2024-06-14": {
					"avg": 38,
					"count": 2,
					"min": 25,
					"max": 50
				},
				"2024-06-22": {
					"avg": 157,
					"count": 2,
					"min": 157,
					"max": 157
				},
				"2024-06-24": {
					"avg": 39,
					"count": 1,
					"min": 39,
					"max": 39
				},
				"2024-07-04": {
					"avg": 140,
					"count": 1,
					"min": 140,
					"max": 140
				},
				"2024-07-09": {
					"avg": 114,
					"count": 1,
					"min": 114,
					"max": 114
				},
				"2024-07-11": {
					"avg": 10,
					"count": 4,
					"min": 9,
					"max": 12
				},
				"2024-07-15": {
					"avg": 10,
					"count": 1,
					"min": 10,
					"max": 10
				},
				"2024-07-20": {
					"avg": 5,
					"count": 1,
					"min": 5,
					"max": 5
				},
				"2024-07-23": {
					"avg": 92,
					"count": 5,
					"min": 63,
					"max": 210
				},
				"2024-07-25": {
					"avg": 160,
					"count": 1,
					"min": 160,
					"max": 160
				},
				"2024-07-27": {
					"avg": 15,
					"count": 1,
					"min": 15,
					"max": 15
				},
				"2024-07-28": {
					"avg": 205,
					"count": 1,
					"min": 205,
					"max": 205
				},
				"2024-08-03": {
					"avg": 30,
					"count": 1,
					"min": 30,
					"max": 30
				},
				"2024-08-07": {
					"avg": 1212,
					"count": 1,
					"min": 1212,
					"max": 1212
				},
				"2024-08-09": {
					"avg": 12,
					"count": 1,
					"min": 12,
					"max": 12
				},
				"2024-08-15": {
					"avg": 25,
					"count": 1,
					"min": 25,
					"max": 25
				},
				"2024-08-16": {
					"avg": 127,
					"count": 1,
					"min": 127,
					"max": 127
				},
				"2024-08-31": {
					"avg": 15,
					"count": 3,
					"min": 10,
					"max": 26
				},
				"2024-09-06": {
					"avg": 132,
					"count": 1,
					"min": 132,
					"max": 132
				},
				"2024-09-15": {
					"avg": 31,
					"count": 1,
					"min": 31,
					"max": 31
				},
				"2024-09-17": {
					"avg": 15,
					"count": 1,
					"min": 15,
					"max": 15
				},
				"2024-09-20": {
					"avg": 514,
					"count": 1,
					"min": 514,
					"max": 514
				},
				"2024-09-21": {
					"avg": 137,
					"count": 1,
					"min": 137,
					"max": 137
				},
				"2024-09-23": {
					"avg": 20,
					"count": 2,
					"min": 20,
					"max": 20
				}
			},
			"avg": 111,
			"avg7": -1,
			"avg28": -1
		}
	}
}