{
	"data": {
		"normal-good": {
			"history": {
				"2022-11-12": {
					"avg": 134,
					"count": 2
				},
				"2022-11-13": {
					"avg": 73,
					"count": 16
				},
				"2022-11-14": {
					"avg": 119,
					"count": 1
				},
				"2022-11-15": {
					"avg": 114,
					"count": 1
				},
				"2022-11-16": {
					"avg": 107,
					"count": 65
				},
				"2022-11-17": {
					"avg": 186,
					"count": 5
				},
				"2022-11-18": {
					"avg": 10,
					"count": 1
				},
				"2022-11-19": {
					"avg": 96,
					"count": 3,
					"min": 25,
					"max": 154
				},
				"2022-11-20": {
					"avg": 13,
					"count": 1,
					"min": 13,
					"max": 13
				},
				"2022-11-22": {
					"avg": 694,
					"count": 39,
					"min": 117,
					"max": 822
				},
				"2022-11-23": {
					"avg": 117,
					"count": 1,
					"min": 117,
					"max": 117
				},
				"2022-11-24": {
					"avg": 78,
					"count": 3,
					"min": 18,
					"max": 149
				},
				"2022-11-25": {
					"avg": 102,
					"count": 15,
					"min": 8,
					"max": 174
				},
				"2022-11-26": {
					"avg": 484,
					"count": 93,
					"min": 18,
					"max": 823
				},
				"2022-11-27": {
					"avg": 91,
					"count": 7,
					"min": 19,
					"max": 120
				},
				"2022-11-28": {
					"avg": 70,
					"count": 5,
					"min": 20,
					"max": 119
				},
				"2022-11-29": {
					"avg": 124,
					"count": 3,
					"min": 104,
					"max": 164
				},
				"2022-11-30": {
					"avg": 13,
					"count": 2,
					"min": 5,
					"max": 20
				},
				"2022-12-01": {
					"avg": 51,
					"count": 7,
					"min": 35,
					"max": 122
				},
				"2022-12-02": {
					"avg": 44,
					"count": 4,
					"min": 18,
					"max": 118
				},
				"2022-12-03": {
					"avg": 66,
					"count": 5,
					"min": 56,
					"max": 104
				},
				"2022-12-04": {
					"avg": 69,
					"count": 6,
					"min": 23,
					"max": 159
				},
				"2022-12-05": {
					"avg": 61,
					"count": 79,
					"min": 5,
					"max": 192
				},
				"2022-12-06": {
					"avg": 337,
					"count": 3,
					"min": 91,
					"max": 818
				},
				"2022-12-07": {
					"avg": 94,
					"count": 7,
					"min": 24,
					"max": 106
				},
				"2022-12-09": {
					"avg": 23,
					"count": 3,
					"min": 20,
					"max": 25
				},
				"2022-12-10": {
					"avg": 90,
					"count": 242,
					"min": 16,
					"max": 524
				},
				"2022-12-12": {
					"avg": 112,
					"count": 10,
					"min": 20,
					"max": 574
				},
				"2022-12-13": {
					"avg": 65,
					"count": 4,
					"min": 24,
					"max": 114
				},
				"2022-12-14": {
					"avg": 25,
					"count": 1,
					"min": 25,
					"max": 25
				},
				"2022-12-15": {
					"avg": 40,
					"count": 18,
					"min": 16,
					"max": 117
				},
				"2022-12-16": {
					"avg": 120,
					"count": 20,
					"min": 16,
					"max": 421
				},
				"2022-12-17": {
					"avg": 203,
					"count": 24,
					"min": 36,
					"max": 296
				},
				"2022-12-18": {
					"avg": 90,
					"count": 5,
					"min": 8,
					"max": 187
				},
				"2022-12-20": {
					"avg": 94,
					"count": 1,
					"min": 94,
					"max": 94
				},
				"2022-12-21": {
					"avg": 132,
					"count": 3,
					"min": 124,
					"max": 146
				},
				"2022-12-22": {
					"avg": 77,
					"count": 2,
					"min": 40,
					"max": 114
				},
				"2022-12-23": {
					"avg": 349,
					"count": 19,
					"min": 50,
					"max": 524
				},
				"2022-12-24": {
					"avg": 91,
					"count": 9,
					"min": 8,
					"max": 199
				},
				"2022-12-25": {
					"avg": 134,
					"count": 2,
					"min": 119,
					"max": 149
				},
				"2022-12-26": {
					"avg": 61,
					"count": 2,
					"min": 13,
					"max": 108
				},
				"2022-12-27": {
					"avg": 95,
					"count": 7,
					"min": 73,
					"max": 147
				},
				"2022-12-28": {
					"avg": 91,
					"count": 7,
					"min": 15,
					"max": 225
				},
				"2022-12-29": {
					"avg": 274,
					"count": 2,
					"min": 25,
					"max": 523
				},
				"2022-12-30": {
					"avg": 162,
					"count": 3,
					"min": 23,
					"max": 349
				},
				"2022-12-31": {
					"avg": 115,
					"count": 1,
					"min": 115,
					"max": 115
				},
				"2023-01-01": {
					"avg": 147,
					"count": 4,
					"min": 118,
					"max": 176
				},
				"2023-01-02": {
					"avg": 248,
					"count": 78,
					"min": 25,
					"max": 524
				},
				"2023-01-03": {
					"avg": 141,
					"count": 5,
					"min": 33,
					"max": 246
				},
				"2023-01-04": {
					"avg": 326,
					"count": 4,
					"min": 35,
					"max": 604
				},
				"2023-01-05": {
					"avg": 104,
					"count": 11,
					"min": 34,
					"max": 217
				},
				"2023-01-06": {
					"avg": 75,
					"count": 2,
					"min": 9,
					"max": 142
				},
				"2023-01-07": {
					"avg": 93,
					"count": 3,
					"min": 29,
					"max": 149
				},
				"2023-01-08": {
					"avg": 144,
					"count": 21,
					"min": 67,
					"max": 239
				},
				"2023-01-09": {
					"avg": 109,
					"count": 3,
					"min": 72,
					"max": 147
				},
				"2023-01-10": {
					"avg": 80,
					"count": 4,
					"min": 20,
					"max": 160
				},
				"2023-01-11": {
					"avg": 111,
					"count": 14,
					"min": 13,
					"max": 139
				},
				"2023-01-12": {
					"avg": 51,
					"count": 17,
					"min": 17,
					"max": 97
				},
				"2023-02-06": {
					"avg": 29,
					"count": 62,
					"min": 20,
					"max": 149
				},
				"2023-02-07": {
					"avg": 92,
					"count": 3,
					"min": 16,
					"max": 149
				},
				"2023-02-08": {
					"avg": 113,
					"count": 18,
					"min": 39,
					"max": 124
				},
				"2023-02-10": {
					"avg": 309,
					"count": 9,
					"min": 83,
					"max": 526
				},
				"2023-02-11": {
					"avg": 115,
					"count": 34,
					"min": 15,
					"max": 207
				},
				"2023-02-12": {
					"avg": 84,
					"count": 40,
					"min": 15,
					"max": 144
				},
				"2023-02-13": {
					"avg": 103,
					"count": 12,
					"min": 92,
					"max": 104
				},
				"2023-02-14": {
					"avg": 116,
					"count": 2,
					"min": 34,
					"max": 197
				},
				"2023-02-15": {
					"avg": 51,
					"count": 8,
					"min": 15,
					"max": 149
				},
				"2023-02-16": {
					"avg": 64,
					"count": 12,
					"min": 8,
					"max": 73
				},
				"2023-02-17": {
					"avg": 109,
					"count": 3,
					"min": 15,
					"max": 158
				},
				"2023-02-18": {
					"avg": 109,
					"count": 2,
					"min": 20,
					"max": 198
				},
				"2023-02-19": {
					"avg": 74,
					"count": 7,
					"min": 8,
					"max": 158
				},
				"2023-02-20": {
					"avg": 97,
					"count": 9,
					"min": 26,
					"max": 158
				},
				"2023-02-21": {
					"avg": 53,
					"count": 4,
					"min": 15,
					"max": 158
				},
				"2023-02-22": {
					"avg": 97,
					"count": 6,
					"min": 20,
					"max": 158
				},
				"2023-02-23": {
					"avg": 77,
					"count": 7,
					"min": 20,
					"max": 120
				},
				"2023-02-24": {
					"avg": 116,
					"count": 9,
					"min": 15,
					"max": 165
				},
				"2023-02-26": {
					"avg": 31,
					"count": 7,
					"min": 10,
					"max": 78
				},
				"2023-02-27": {
					"avg": 144,
					"count": 4,
					"min": 30,
					"max": 266
				},
				"2023-02-28": {
					"avg": 167,
					"count": 23,
					"min": 141,
					"max": 399
				},
				"2023-03-01": {
					"avg": 119,
					"count": 2,
					"min": 40,
					"max": 199
				},
				"2023-03-02": {
					"avg": 127,
					"count": 16,
					"min": 30,
					"max": 204
				},
				"2023-03-03": {
					"avg": 63,
					"count": 2,
					"min": 12,
					"max": 115
				},
				"2023-03-05": {
					"avg": 17,
					"count": 1,
					"min": 17,
					"max": 17
				},
				"2023-03-07": {
					"avg": 39,
					"count": 4,
					"min": 2,
					"max": 115
				},
				"2023-03-09": {
					"avg": 21,
					"count": 5,
					"min": 2,
					"max": 30
				},
				"2023-03-10": {
					"avg": 29,
					"count": 4,
					"min": 2,
					"max": 67
				},
				"2023-03-11": {
					"avg": 32,
					"count": 5,
					"min": 18,
					"max": 59
				},
				"2023-03-12": {
					"avg": 66,
					"count": 5,
					"min": 32,
					"max": 116
				},
				"2023-03-13": {
					"avg": 272,
					"count": 4,
					"min": 30,
					"max": 601
				},
				"2023-03-14": {
					"avg": 122,
					"count": 27,
					"min": 30,
					"max": 158
				},
				"2023-03-15": {
					"avg": 85,
					"count": 6,
					"min": 25,
					"max": 124
				},
				"2023-03-16": {
					"avg": 175,
					"count": 9,
					"min": 89,
					"max": 199
				},
				"2023-03-17": {
					"avg": 32,
					"count": 3,
					"min": 18,
					"max": 59
				},
				"2023-03-18": {
					"avg": 130,
					"count": 2,
					"min": 115,
					"max": 145
				},
				"2023-03-19": {
					"avg": 15,
					"count": 1,
					"min": 15,
					"max": 15
				},
				"2023-03-20": {
					"avg": 99,
					"count": 3,
					"min": 34,
					"max": 148
				},
				"2023-03-21": {
					"avg": 468,
					"count": 1,
					"min": 468,
					"max": 468
				},
				"2023-03-23": {
					"avg": 58,
					"count": 3,
					"min": 5,
					"max": 150
				},
				"2023-03-24": {
					"avg": 85,
					"count": 23,
					"min": 15,
					"max": 114
				},
				"2023-03-25": {
					"avg": 25,
					"count": 1,
					"min": 25,
					"max": 25
				},
				"2023-03-28": {
					"avg": 176,
					"count": 3,
					"min": 22,
					"max": 378
				},
				"2023-03-29": {
					"avg": 127,
					"count": 7,
					"min": 20,
					"max": 219
				},
				"2023-03-31": {
					"avg": 116,
					"count": 35,
					"min": 34,
					"max": 145
				},
				"2023-04-01": {
					"avg": 20,
					"count": 1,
					"min": 20,
					"max": 20
				},
				"2023-04-02": {
					"avg": 22,
					"count": 2,
					"min": 20,
					"max": 24
				},
				"2023-04-03": {
					"avg": 275,
					"count": 32,
					"min": 149,
					"max": 433
				},
				"2023-04-04": {
					"avg": 429,
					"count": 2,
					"min": 18,
					"max": 839
				},
				"2023-04-05": {
					"avg": 68,
					"count": 2,
					"min": 17,
					"max": 119
				},
				"2023-04-06": {
					"avg": 38,
					"count": 6,
					"min": 15,
					"max": 134
				},
				"2023-04-07": {
					"avg": 98,
					"count": 3,
					"min": 39,
					"max": 148
				},
				"2023-04-08": {
					"avg": 25,
					"count": 1,
					"min": 25,
					"max": 25
				},
				"2023-04-09": {
					"avg": 105,
					"count": 8,
					"min": 20,
					"max": 150
				},
				"2023-04-10": {
					"avg": 158,
					"count": 15,
					"min": 104,
					"max": 173
				},
				"2023-04-11": {
					"avg": 111,
					"count": 2,
					"min": 25,
					"max": 197
				},
				"2023-04-12": {
					"avg": 173,
					"count": 2,
					"min": 118,
					"max": 227
				},
				"2023-04-13": {
					"avg": 42,
					"count": 2,
					"min": 40,
					"max": 44
				},
				"2023-04-15": {
					"avg": 128,
					"count": 8,
					"min": 25,
					"max": 210
				},
				"2023-04-16": {
					"avg": 155,
					"count": 2,
					"min": 110,
					"max": 199
				},
				"2023-04-17": {
					"avg": 318,
					"count": 8,
					"min": 124,
					"max": 399
				},
				"2023-04-18": {
					"avg": 198,
					"count": 22,
					"min": 20,
					"max": 524
				},
				"2023-04-19": {
					"avg": 121,
					"count": 6,
					"min": 20,
					"max": 548
				},
				"2023-04-20": {
					"avg": 45,
					"count": 2,
					"min": 15,
					"max": 75
				},
				"2023-04-21": {
					"avg": 11,
					"count": 21,
					"min": 10,
					"max": 25
				},
				"2023-04-23": {
					"avg": 34,
					"count": 39,
					"min": 20,
					"max": 35
				},
				"2023-04-25": {
					"avg": 55,
					"count": 6,
					"min": 10,
					"max": 122
				},
				"2023-04-26": {
					"avg": 84,
					"count": 5,
					"min": 63,
					"max": 167
				},
				"2023-04-29": {
					"avg": 124,
					"count": 1,
					"min": 124,
					"max": 124
				},
				"2023-05-01": {
					"avg": 18,
					"count": 10,
					"min": 15,
					"max": 25
				},
				"2023-05-02": {
					"avg": 754,
					"count": 36,
					"min": 30,
					"max": 831
				},
				"2023-05-03": {
					"avg": 98,
					"count": 10,
					"min": 40,
					"max": 378
				},
				"2023-05-04": {
					"avg": 15,
					"count": 1,
					"min": 15,
					"max": 15
				},
				"2023-05-05": {
					"avg": 87,
					"count": 20,
					"min": 75,
					"max": 199
				},
				"2023-05-06": {
					"avg": 164,
					"count": 2,
					"min": 124,
					"max": 204
				},
				"2023-05-07": {
					"avg": 141,
					"count": 147,
					"min": 20,
					"max": 519
				},
				"2023-05-08": {
					"avg": 136,
					"count": 10,
					"min": 20,
					"max": 519
				},
				"2023-05-09": {
					"avg": 93,
					"count": 3,
					"min": 69,
					"max": 142
				},
				"2023-05-10": {
					"avg": 79,
					"count": 17,
					"min": 29,
					"max": 213
				},
				"2023-05-11": {
					"avg": 87,
					"count": 5,
					"min": 25,
					"max": 197
				},
				"2023-05-13": {
					"avg": 19,
					"count": 1,
					"min": 19,
					"max": 19
				},
				"2023-05-14": {
					"avg": 76,
					"count": 33,
					"min": 23,
					"max": 110
				},
				"2023-05-15": {
					"avg": 166,
					"count": 5,
					"min": 37,
					"max": 198
				},
				"2023-05-16": {
					"avg": 115,
					"count": 3,
					"min": 32,
					"max": 197
				},
				"2023-05-17": {
					"avg": 285,
					"count": 2,
					"min": 50,
					"max": 519
				},
				"2023-05-18": {
					"avg": 113,
					"count": 2,
					"min": 113,
					"max": 113
				},
				"2023-05-19": {
					"avg": 67,
					"count": 54,
					"min": 11,
					"max": 519
				},
				"2023-05-20": {
					"avg": 37,
					"count": 6,
					"min": 15,
					"max": 119
				},
				"2023-05-22": {
					"avg": 530,
					"count": 2,
					"min": 39,
					"max": 1021
				},
				"2023-05-23": {
					"avg": 22,
					"count": 1,
					"min": 22,
					"max": 22
				},
				"2023-05-24": {
					"avg": 107,
					"count": 15,
					"min": 15,
					"max": 219
				},
				"2023-05-25": {
					"avg": 55,
					"count": 3,
					"min": 19,
					"max": 128
				},
				"2023-05-26": {
					"avg": 50,
					"count": 2,
					"min": 25,
					"max": 75
				},
				"2023-05-27": {
					"avg": 94,
					"count": 13,
					"min": 8,
					"max": 213
				},
				"2023-05-28": {
					"avg": 70,
					"count": 3,
					"min": 50,
					"max": 106
				},
				"2023-05-29": {
					"avg": 58,
					"count": 15,
					"min": 12,
					"max": 130
				},
				"2023-05-30": {
					"avg": 129,
					"count": 1,
					"min": 129,
					"max": 129
				},
				"2023-05-31": {
					"avg": 103,
					"count": 8,
					"min": 25,
					"max": 148
				},
				"2023-06-01": {
					"avg": 179,
					"count": 188,
					"min": 21,
					"max": 1111
				},
				"2023-06-02": {
					"avg": 107,
					"count": 2,
					"min": 15,
					"max": 199
				},
				"2023-06-03": {
					"avg": 50,
					"count": 1,
					"min": 50,
					"max": 50
				},
				"2023-06-04": {
					"avg": 93,
					"count": 2,
					"min": 45,
					"max": 140
				},
				"2023-06-05": {
					"avg": 93,
					"count": 23,
					"min": 20,
					"max": 108
				},
				"2023-06-06": {
					"avg": 99,
					"count": 3,
					"min": 23,
					"max": 148
				},
				"2023-06-07": {
					"avg": 29,
					"count": 5,
					"min": 19,
					"max": 40
				},
				"2023-06-08": {
					"avg": 90,
					"count": 4,
					"min": 24,
					"max": 118
				},
				"2023-06-09": {
					"avg": 253,
					"count": 2,
					"min": 107,
					"max": 399
				},
				"2023-06-10": {
					"avg": 29,
					"count": 2,
					"min": 25,
					"max": 32
				},
				"2023-06-12": {
					"avg": 80,
					"count": 3,
					"min": 19,
					"max": 111
				},
				"2023-06-13": {
					"avg": 50,
					"count": 1,
					"min": 50,
					"max": 50
				},
				"2023-06-14": {
					"avg": 28,
					"count": 2,
					"min": 16,
					"max": 39
				},
				"2023-06-15": {
					"avg": 193,
					"count": 6,
					"min": 19,
					"max": 527
				},
				"2023-06-16": {
					"avg": 62,
					"count": 3,
					"min": 39,
					"max": 99
				},
				"2023-06-17": {
					"avg": 30,
					"count": 31,
					"min": 26,
					"max": 139
				},
				"2023-06-18": {
					"avg": 35,
					"count": 16,
					"min": 19,
					"max": 125
				},
				"2023-06-20": {
					"avg": 152,
					"count": 8,
					"min": 19,
					"max": 425
				},
				"2023-06-21": {
					"avg": 98,
					"count": 2,
					"min": 79,
					"max": 117
				},
				"2023-06-22": {
					"avg": 99,
					"count": 11,
					"min": 18,
					"max": 399
				},
				"2023-06-23": {
					"avg": 154,
					"count": 3,
					"min": 19,
					"max": 424
				},
				"2023-06-24": {
					"avg": 91,
					"count": 5,
					"min": 38,
					"max": 124
				},
				"2023-06-25": {
					"avg": 160,
					"count": 3,
					"min": 127,
					"max": 221
				},
				"2023-06-26": {
					"avg": 119,
					"count": 6,
					"min": 111,
					"max": 134
				},
				"2023-06-27": {
					"avg": 88,
					"count": 12,
					"min": 49,
					"max": 92
				},
				"2023-06-29": {
					"avg": 27,
					"count": 5,
					"min": 12,
					"max": 49
				},
				"2023-06-30": {
					"avg": 49,
					"count": 5,
					"min": 20,
					"max": 99
				},
				"2023-07-01": {
					"avg": 863,
					"count": 5,
					"min": 47,
					"max": 1067
				},
				"2023-07-02": {
					"avg": 174,
					"count": 1,
					"min": 174,
					"max": 174
				},
				"2023-07-03": {
					"avg": 80,
					"count": 6,
					"min": 19,
					"max": 129
				},
				"2023-07-04": {
					"avg": 27,
					"count": 63,
					"min": 20,
					"max": 135
				},
				"2023-07-06": {
					"avg": 65,
					"count": 2,
					"min": 19,
					"max": 111
				},
				"2023-07-07": {
					"avg": 136,
					"count": 7,
					"min": 17,
					"max": 250
				},
				"2023-07-08": {
					"avg": 73,
					"count": 4,
					"min": 19,
					"max": 120
				},
				"2023-07-09": {
					"avg": 32,
					"count": 10,
					"min": 32,
					"max": 32
				},
				"2023-07-10": {
					"avg": 116,
					"count": 22,
					"min": 40,
					"max": 198
				},
				"2023-07-12": {
					"avg": 416,
					"count": 1,
					"min": 416,
					"max": 416
				},
				"2023-07-13": {
					"avg": 145,
					"count": 6,
					"min": 20,
					"max": 517
				},
				"2023-07-14": {
					"avg": 125,
					"count": 4,
					"min": 52,
					"max": 197
				},
				"2023-07-15": {
					"avg": 111,
					"count": 1,
					"min": 111,
					"max": 111
				},
				"2023-07-16": {
					"avg": 84,
					"count": 3,
					"min": 44,
					"max": 139
				},
				"2023-07-17": {
					"avg": 48,
					"count": 9,
					"min": 20,
					"max": 58
				},
				"2023-07-18": {
					"avg": 261,
					"count": 35,
					"min": 17,
					"max": 417
				},
				"2023-07-19": {
					"avg": 100,
					"count": 6,
					"min": 12,
					"max": 399
				},
				"2023-07-20": {
					"avg": 31,
					"count": 10,
					"min": 18,
					"max": 144
				},
				"2023-07-21": {
					"avg": 27,
					"count": 2,
					"min": 24,
					"max": 30
				},
				"2023-07-22": {
					"avg": 144,
					"count": 1,
					"min": 144,
					"max": 144
				},
				"2023-07-23": {
					"avg": 217,
					"count": 2,
					"min": 99,
					"max": 335
				},
				"2023-07-24": {
					"avg": 19,
					"count": 2,
					"min": 18,
					"max": 20
				},
				"2023-07-25": {
					"avg": 161,
					"count": 14,
					"min": 12,
					"max": 408
				},
				"2023-07-26": {
					"avg": 56,
					"count": 5,
					"min": 13,
					"max": 114
				},
				"2023-07-27": {
					"avg": 77,
					"count": 4,
					"min": 25,
					"max": 126
				},
				"2023-07-29": {
					"avg": 464,
					"count": 31,
					"min": 17,
					"max": 823
				},
				"2023-07-30": {
					"avg": 490,
					"count": 6,
					"min": 124,
					"max": 1109
				},
				"2023-07-31": {
					"avg": 191,
					"count": 12,
					"min": 17,
					"max": 823
				},
				"2023-08-01": {
					"avg": 170,
					"count": 11,
					"min": 29,
					"max": 399
				},
				"2023-08-02": {
					"avg": 112,
					"count": 9,
					"min": 29,
					"max": 512
				},
				"2023-08-03": {
					"avg": 389,
					"count": 4,
					"min": 117,
					"max": 1195
				},
				"2023-08-04": {
					"avg": 69,
					"count": 2,
					"min": 29,
					"max": 108
				},
				"2023-08-05": {
					"avg": 30,
					"count": 1,
					"min": 30,
					"max": 30
				},
				"2023-08-06": {
					"avg": 48,
					"count": 3,
					"min": 13,
					"max": 101
				},
				"2023-08-07": {
					"avg": 286,
					"count": 21,
					"min": 22,
					"max": 519
				},
				"2023-08-08": {
					"avg": 126,
					"count": 9,
					"min": 104,
					"max": 149
				},
				"2023-08-09": {
					"avg": 112,
					"count": 16,
					"min": 108,
					"max": 114
				},
				"2023-08-10": {
					"avg": 120,
					"count": 6,
					"min": 20,
					"max": 214
				},
				"2023-08-11": {
					"avg": 30,
					"count": 2,
					"min": 27,
					"max": 32
				},
				"2023-08-12": {
					"avg": 54,
					"count": 5,
					"min": 10,
					"max": 157
				},
				"2023-08-14": {
					"avg": 133,
					"count": 6,
					"min": 108,
					"max": 248
				},
				"2023-08-15": {
					"avg": 24,
					"count": 1,
					"min": 24,
					"max": 24
				},
				"2023-08-16": {
					"avg": 84,
					"count": 9,
					"min": 10,
					"max": 121
				},
				"2023-08-17": {
					"avg": 62,
					"count": 3,
					"min": 24,
					"max": 125
				},
				"2023-08-18": {
					"avg": 76,
					"count": 4,
					"min": 25,
					"max": 148
				},
				"2023-08-19": {
					"avg": 27,
					"count": 5,
					"min": 16,
					"max": 49
				},
				"2023-08-20": {
					"avg": 65,
					"count": 7,
					"min": 20,
					"max": 148
				},
				"2023-08-21": {
					"avg": 91,
					"count": 3,
					"min": 26,
					"max": 123
				},
				"2023-08-23": {
					"avg": 534,
					"count": 4,
					"min": 20,
					"max": 2059
				},
				"2023-08-24": {
					"avg": 108,
					"count": 6,
					"min": 24,
					"max": 313
				},
				"2023-08-25": {
					"avg": 170,
					"count": 10,
					"min": 57,
					"max": 250
				},
				"2023-08-26": {
					"avg": 83,
					"count": 6,
					"min": 26,
					"max": 196
				},
				"2023-08-27": {
					"avg": 71,
					"count": 4,
					"min": 10,
					"max": 125
				},
				"2023-08-28": {
					"avg": 100,
					"count": 3,
					"min": 26,
					"max": 149
				},
				"2023-08-29": {
					"avg": 173,
					"count": 4,
					"min": 29,
					"max": 307
				},
				"2023-08-31": {
					"avg": 234,
					"count": 2,
					"min": 29,
					"max": 439
				},
				"2023-09-01": {
					"avg": 41,
					"count": 2,
					"min": 33,
					"max": 48
				},
				"2023-09-03": {
					"avg": 63,
					"count": 6,
					"min": 15,
					"max": 200
				},
				"2023-09-05": {
					"avg": 152,
					"count": 2,
					"min": 110,
					"max": 194
				},
				"2023-09-06": {
					"avg": 48,
					"count": 10,
					"min": 20,
					"max": 198
				},
				"2023-09-07": {
					"avg": 86,
					"count": 2,
					"min": 48,
					"max": 124
				},
				"2023-09-08": {
					"avg": 105,
					"count": 3,
					"min": 48,
					"max": 144
				},
				"2023-09-09": {
					"avg": 44,
					"count": 28,
					"min": 17,
					"max": 405
				},
				"2023-09-10": {
					"avg": 262,
					"count": 6,
					"min": 10,
					"max": 1095
				},
				"2023-09-11": {
					"avg": 94,
					"count": 2,
					"min": 39,
					"max": 148
				},
				"2023-09-12": {
					"avg": 94,
					"count": 6,
					"min": 31,
					"max": 119
				},
				"2023-09-13": {
					"avg": 89,
					"count": 9,
					"min": 12,
					"max": 198
				},
				"2023-09-14": {
					"avg": 130,
					"count": 9,
					"min": 25,
					"max": 225
				},
				"2023-09-15": {
					"avg": 119,
					"count": 5,
					"min": 30,
					"max": 233
				},
				"2023-09-16": {
					"avg": 38,
					"count": 2,
					"min": 30,
					"max": 45
				},
				"2023-09-17": {
					"avg": 126,
					"count": 5,
					"min": 24,
					"max": 195
				},
				"2023-09-18": {
					"avg": 197,
					"count": 3,
					"min": 110,
					"max": 283
				},
				"2023-09-19": {
					"avg": 78,
					"count": 2,
					"min": 17,
					"max": 138
				},
				"2023-09-20": {
					"avg": 23,
					"count": 2,
					"min": 20,
					"max": 25
				},
				"2023-09-21": {
					"avg": 180,
					"count": 6,
					"min": 80,
					"max": 225
				},
				"2023-09-22": {
					"avg": 37,
					"count": 2,
					"min": 25,
					"max": 49
				},
				"2023-09-23": {
					"avg": 38,
					"count": 11,
					"min": 26,
					"max": 131
				},
				"2023-09-25": {
					"avg": 88,
					"count": 23,
					"min": 13,
					"max": 124
				},
				"2023-09-26": {
					"avg": 86,
					"count": 14,
					"min": 17,
					"max": 116
				},
				"2023-09-27": {
					"avg": 107,
					"count": 3,
					"min": 17,
					"max": 193
				},
				"2023-09-28": {
					"avg": 109,
					"count": 4,
					"min": 20,
					"max": 148
				},
				"2023-09-29": {
					"avg": 87,
					"count": 13,
					"min": 25,
					"max": 223
				},
				"2023-09-30": {
					"avg": 148,
					"count": 1,
					"min": 148,
					"max": 148
				},
				"2023-10-01": {
					"avg": 112,
					"count": 3,
					"min": 101,
					"max": 124
				},
				"2023-10-02": {
					"avg": 101,
					"count": 8,
					"min": 25,
					"max": 132
				},
				"2023-10-03": {
					"avg": 123,
					"count": 1,
					"min": 123,
					"max": 123
				},
				"2023-10-04": {
					"avg": 136,
					"count": 3,
					"min": 115,
					"max": 161
				},
				"2023-10-05": {
					"avg": 311,
					"count": 16,
					"min": 45,
					"max": 551
				},
				"2023-10-06": {
					"avg": 87,
					"count": 5,
					"min": 16,
					"max": 179
				},
				"2023-10-08": {
					"avg": 40,
					"count": 3,
					"min": 23,
					"max": 50
				},
				"2023-10-09": {
					"avg": 86,
					"count": 30,
					"min": 17,
					"max": 526
				},
				"2023-10-11": {
					"avg": 29,
					"count": 2,
					"min": 25,
					"max": 32
				},
				"2023-10-12": {
					"avg": 18,
					"count": 3,
					"min": 18,
					"max": 18
				},
				"2023-10-13": {
					"avg": 100,
					"count": 8,
					"min": 25,
					"max": 370
				},
				"2023-10-14": {
					"avg": 74,
					"count": 2,
					"min": 13,
					"max": 135
				},
				"2023-10-16": {
					"avg": 241,
					"count": 8,
					"min": 18,
					"max": 400
				},
				"2023-10-17": {
					"avg": 88,
					"count": 2,
					"min": 57,
					"max": 119
				},
				"2023-10-18": {
					"avg": 103,
					"count": 5,
					"min": 18,
					"max": 172
				},
				"2023-10-19": {
					"avg": 43,
					"count": 42,
					"min": 16,
					"max": 204
				},
				"2023-10-20": {
					"avg": 97,
					"count": 34,
					"min": 33,
					"max": 132
				},
				"2023-10-21": {
					"avg": 55,
					"count": 3,
					"min": 15,
					"max": 134
				},
				"2023-10-22": {
					"avg": 107,
					"count": 1,
					"min": 107,
					"max": 107
				},
				"2023-10-23": {
					"avg": 20,
					"count": 1,
					"min": 20,
					"max": 20
				},
				"2023-10-24": {
					"avg": 117,
					"count": 2,
					"min": 39,
					"max": 194
				},
				"2023-10-25": {
					"avg": 51,
					"count": 1,
					"min": 51,
					"max": 51
				},
				"2023-10-26": {
					"avg": 118,
					"count": 2,
					"min": 68,
					"max": 168
				},
				"2023-10-27": {
					"avg": 212,
					"count": 2,
					"min": 18,
					"max": 405
				},
				"2023-10-28": {
					"avg": 109,
					"count": 49,
					"min": 91,
					"max": 145
				},
				"2023-10-29": {
					"avg": 193,
					"count": 3,
					"min": 90,
					"max": 383
				},
				"2023-10-30": {
					"avg": 145,
					"count": 5,
					"min": 19,
					"max": 383
				},
				"2023-10-31": {
					"avg": 100,
					"count": 1,
					"min": 100,
					"max": 100
				},
				"2023-11-01": {
					"avg": 106,
					"count": 4,
					"min": 104,
					"max": 110
				},
				"2023-11-02": {
					"avg": 32,
					"count": 1,
					"min": 32,
					"max": 32
				},
				"2023-11-03": {
					"avg": 97,
					"count": 2,
					"min": 74,
					"max": 119
				},
				"2023-11-04": {
					"avg": 207,
					"count": 6,
					"min": 31,
					"max": 507
				},
				"2023-11-05": {
					"avg": 104,
					"count": 4,
					"min": 104,
					"max": 104
				},
				"2023-11-06": {
					"avg": 113,
					"count": 2,
					"min": 111,
					"max": 114
				},
				"2023-11-07": {
					"avg": 118,
					"count": 2,
					"min": 110,
					"max": 126
				},
				"2023-11-09": {
					"avg": 15,
					"count": 1,
					"min": 15,
					"max": 15
				},
				"2023-11-10": {
					"avg": 113,
					"count": 26,
					"min": 15,
					"max": 193
				},
				"2023-11-11": {
					"avg": 66,
					"count": 6,
					"min": 25,
					"max": 110
				},
				"2023-11-12": {
					"avg": 71,
					"count": 4,
					"min": 15,
					"max": 100
				},
				"2023-11-13": {
					"avg": 110,
					"count": 7,
					"min": 104,
					"max": 149
				},
				"2023-11-14": {
					"avg": 30,
					"count": 5,
					"min": 25,
					"max": 49
				},
				"2023-11-15": {
					"avg": 84,
					"count": 8,
					"min": 15,
					"max": 171
				},
				"2023-11-16": {
					"avg": 15,
					"count": 2,
					"min": 15,
					"max": 15
				},
				"2023-11-17": {
					"avg": 120,
					"count": 8,
					"min": 104,
					"max": 124
				},
				"2023-11-18": {
					"avg": 213,
					"count": 12,
					"min": 19,
					"max": 1111
				},
				"2023-11-19": {
					"avg": 104,
					"count": 1,
					"min": 104,
					"max": 104
				},
				"2023-11-20": {
					"avg": 149,
					"count": 4,
					"min": 149,
					"max": 149
				},
				"2023-11-21": {
					"avg": 52,
					"count": 18,
					"min": 15,
					"max": 539
				},
				"2023-11-22": {
					"avg": 134,
					"count": 6,
					"min": 119,
					"max": 191
				},
				"2023-11-23": {
					"avg": 35,
					"count": 1,
					"min": 35,
					"max": 35
				},
				"2023-11-24": {
					"avg": 178,
					"count": 47,
					"min": 57,
					"max": 458
				},
				"2023-11-25": {
					"avg": 107,
					"count": 3,
					"min": 59,
					"max": 202
				},
				"2023-11-26": {
					"avg": 83,
					"count": 9,
					"min": 15,
					"max": 191
				},
				"2023-11-27": {
					"avg": 95,
					"count": 6,
					"min": 20,
					"max": 199
				},
				"2024-05-15": {
					"avg": 39,
					"count": 1,
					"min": 39,
					"max": 39
				},
				"2024-05-16": {
					"avg": 38,
					"count": 1,
					"min": 38,
					"max": 38
				},
				"2024-05-17": {
					"avg": 91,
					"count": 132,
					"min": 10,
					"max": 449
				},
				"2024-05-18": {
					"avg": 179,
					"count": 40,
					"min": 49,
					"max": 550
				},
				"2024-05-19": {
					"avg": 55,
					"count": 6,
					"min": 21,
					"max": 197
				},
				"2024-05-20": {
					"avg": 154,
					"count": 56,
					"min": 39,
					"max": 608
				},
				"2024-05-21": {
					"avg": 99,
					"count": 4,
					"min": 19,
					"max": 137
				},
				"2024-05-22": {
					"avg": 139,
					"count": 2,
					"min": 122,
					"max": 156
				},
				"2024-05-23": {
					"avg": 191,
					"count": 12,
					"min": 48,
					"max": 285
				},
				"2024-05-24": {
					"avg": 68,
					"count": 9,
					"min": 19,
					"max": 80
				},
				"2024-05-26": {
					"avg": 112,
					"count": 10,
					"min": 45,
					"max": 119
				},
				"2024-05-27": {
					"avg": 117,
					"count": 12,
					"min": 49,
					"max": 122
				},
				"2024-05-28": {
					"avg": 145,
					"count": 1,
					"min": 145,
					"max": 145
				},
				"2024-05-29": {
					"avg": 51,
					"count": 23,
					"min": 22,
					"max": 402
				},
				"2024-05-30": {
					"avg": 82,
					"count": 3,
					"min": 17,
					"max": 132
				},
				"2024-05-31": {
					"avg": 137,
					"count": 3,
					"min": 132,
					"max": 147
				},
				"2024-06-01": {
					"avg": 72,
					"count": 2,
					"min": 39,
					"max": 105
				},
				"2024-06-03": {
					"avg": 154,
					"count": 1,
					"min": 154,
					"max": 154
				},
				"2024-06-04": {
					"avg": 101,
					"count": 2,
					"min": 96,
					"max": 106
				},
				"2024-06-05": {
					"avg": 110,
					"count": 2,
					"min": 95,
					"max": 125
				},
				"2024-06-07": {
					"avg": 146,
					"count": 7,
					"min": 17,
					"max": 172
				},
				"2024-06-09": {
					"avg": 75,
					"count": 2,
					"min": 17,
					"max": 132
				},
				"2024-06-11": {
					"avg": 23,
					"count": 1,
					"min": 23,
					"max": 23
				},
				"2024-06-16": {
					"avg": 147,
					"count": 1,
					"min": 147,
					"max": 147
				},
				"2024-06-17": {
					"avg": 225,
					"count": 5,
					"min": 46,
					"max": 641
				},
				"2024-06-18": {
					"avg": 132,
					"count": 1,
					"min": 132,
					"max": 132
				},
				"2024-06-19": {
					"avg": 164,
					"count": 3,
					"min": 20,
					"max": 450
				},
				"2024-06-20": {
					"avg": 145,
					"count": 4,
					"min": 30,
					"max": 183
				},
				"2024-06-21": {
					"avg": 32,
					"count": 2,
					"min": 25,
					"max": 39
				},
				"2024-06-22": {
					"avg": 104,
					"count": 4,
					"min": 30,
					"max": 128
				},
				"2024-06-23": {
					"avg": 279,
					"count": 2,
					"min": 106,
					"max": 452
				},
				"2024-06-24": {
					"avg": 65,
					"count": 7,
					"min": 20,
					"max": 100
				},
				"2024-06-25": {
					"avg": 79,
					"count": 1,
					"min": 79,
					"max": 79
				},
				"2024-06-27": {
					"avg": 24,
					"count": 6,
					"min": 20,
					"max": 26
				},
				"2024-06-28": {
					"avg": 22,
					"count": 1,
					"min": 22,
					"max": 22
				},
				"2024-07-01": {
					"avg": 192,
					"count": 3,
					"min": 26,
					"max": 452
				},
				"2024-07-02": {
					"avg": 293,
					"count": 2,
					"min": 134,
					"max": 452
				},
				"2024-07-03": {
					"avg": 71,
					"count": 1,
					"min": 71,
					"max": 71
				},
				"2024-07-05": {
					"avg": 76,
					"count": 2,
					"min": 52,
					"max": 99
				},
				"2024-07-07": {
					"avg": 147,
					"count": 2,
					"min": 69,
					"max": 224
				},
				"2024-07-08": {
					"avg": 229,
					"count": 24,
					"min": 26,
					"max": 271
				},
				"2024-07-09": {
					"avg": 115,
					"count": 2,
					"min": 75,
					"max": 154
				},
				"2024-07-12": {
					"avg": 125,
					"count": 65,
					"min": 22,
					"max": 146
				},
				"2024-07-13": {
					"avg": 151,
					"count": 1,
					"min": 151,
					"max": 151
				},
				"2024-07-14": {
					"avg": 86,
					"count": 2,
					"min": 25,
					"max": 147
				},
				"2024-07-15": {
					"avg": 11,
					"count": 5,
					"min": 8,
					"max": 25
				},
				"2024-07-16": {
					"avg": 104,
					"count": 3,
					"min": 104,
					"max": 104
				},
				"2024-07-17": {
					"avg": 143,
					"count": 1,
					"min": 143,
					"max": 143
				},
				"2024-07-18": {
					"avg": 552,
					"count": 6,
					"min": 552,
					"max": 552
				},
				"2024-07-19": {
					"avg": 200,
					"count": 2,
					"min": 68,
					"max": 332
				},
				"2024-07-20": {
					"avg": 90,
					"count": 3,
					"min": 18,
					"max": 151
				},
				"2024-07-21": {
					"avg": 104,
					"count": 2,
					"min": 30,
					"max": 177
				},
				"2024-07-22": {
					"avg": 72,
					"count": 10,
					"min": 18,
					"max": 100
				},
				"2024-07-23": {
					"avg": 33,
					"count": 1,
					"min": 33,
					"max": 33
				},
				"2024-07-25": {
					"avg": 132,
					"count": 1,
					"min": 132,
					"max": 132
				},
				"2024-07-27": {
					"avg": 117,
					"count": 2,
					"min": 25,
					"max": 208
				},
				"2024-07-28": {
					"avg": 25,
					"count": 1,
					"min": 25,
					"max": 25
				},
				"2024-07-29": {
					"avg": 30,
					"count": 1,
					"min": 30,
					"max": 30
				},
				"2024-07-31": {
					"avg": 118,
					"count": 5,
					"min": 105,
					"max": 141
				},
				"2024-08-01": {
					"avg": 386,
					"count": 3,
					"min": 25,
					"max": 1025
				},
				"2024-08-02": {
					"avg": 42,
					"count": 5,
					"min": 20,
					"max": 132
				},
				"2024-08-04": {
					"avg": 42,
					"count": 4,
					"min": 20,
					"max": 107
				},
				"2024-08-05": {
					"avg": 33,
					"count": 22,
					"min": 20,
					"max": 151
				},
				"2024-08-06": {
					"avg": 48,
					"count": 28,
					"min": 30,
					"max": 152
				},
				"2024-08-07": {
					"avg": 147,
					"count": 6,
					"min": 147,
					"max": 147
				},
				"2024-08-09": {
					"avg": 61,
					"count": 1,
					"min": 61,
					"max": 61
				},
				"2024-08-10": {
					"avg": 58,
					"count": 4,
					"min": 27,
					"max": 150
				},
				"2024-08-11": {
					"avg": 451,
					"count": 1,
					"min": 451,
					"max": 451
				},
				"2024-08-12": {
					"avg": 90,
					"count": 2,
					"min": 27,
					"max": 152
				},
				"2024-08-13": {
					"avg": 29,
					"count": 27,
					"min": 27,
					"max": 35
				},
				"2024-08-14": {
					"avg": 117,
					"count": 2,
					"min": 30,
					"max": 203
				},
				"2024-08-17": {
					"avg": 66,
					"count": 3,
					"min": 25,
					"max": 99
				},
				"2024-08-18": {
					"avg": 137,
					"count": 1,
					"min": 137,
					"max": 137
				},
				"2024-08-20": {
					"avg": 57,
					"count": 20,
					"min": 23,
					"max": 149
				},
				"2024-08-21": {
					"avg": 34,
					"count": 5,
					"min": 27,
					"max": 61
				},
				"2024-08-23": {
					"avg": 62,
					"count": 1,
					"min": 62,
					"max": 62
				},
				"2024-08-24": {
					"avg": 139,
					"count": 9,
					"min": 135,
					"max": 142
				},
				"2024-08-28": {
					"avg": 112,
					"count": 7,
					"min": 56,
					"max": 154
				},
				"2024-08-30": {
					"avg": 823,
					"count": 4,
					"min": 185,
					"max": 1035
				},
				"2024-08-31": {
					"avg": 30,
					"count": 2,
					"min": 30,
					"max": 30
				},
				"2024-09-01": {
					"avg": 56,
					"count": 1,
					"min": 56,
					"max": 56
				},
				"2024-09-02": {
					"avg": 425,
					"count": 6,
					"min": 24,
					"max": 2057
				},
				"2024-09-03": {
					"avg": 37,
					"count": 4,
					"min": 37,
					"max": 37
				},
				"2024-09-04": {
					"avg": 51,
					"count": 5,
					"min": 18,
					"max": 183
				},
				"2024-09-05": {
					"avg": 63,
					"count": 18,
					"min": 56,
					"max": 149
				},
				"2024-09-08": {
					"avg": 338,
					"count": 3,
					"min": 219,
					"max": 575
				},
				"2024-09-09": {
					"avg": 156,
					"count": 1,
					"min": 156,
					"max": 156
				},
				"2024-09-10": {
					"avg": 42,
					"count": 2,
					"min": 19,
					"max": 64
				},
				"2024-09-12": {
					"avg": 23,
					"count": 1,
					"min": 23,
					"max": 23
				},
				"2024-09-15": {
					"avg": 99,
					"count": 11,
					"min": 17,
					"max": 107
				},
				"2024-09-16": {
					"avg": 26,
					"count": 9,
					"min": 17,
					"max": 96
				},
				"2024-09-17": {
					"avg": 309,
					"count": 2,
					"min": 25,
					"max": 592
				},
				"2024-09-18": {
					"avg": 295,
					"count": 8,
					"min": 26,
					"max": 481
				},
				"2024-09-19": {
					"avg": 161,
					"count": 1,
					"min": 161,
					"max": 161
				},
				"2024-09-20": {
					"avg": 147,
					"count": 3,
					"min": 25,
					"max": 208
				},
				"2024-09-22": {
					"avg": 176,
					"count": 2,
					"min": 100,
					"max": 251
				},
				"2024-09-23": {
					"avg": 33,
					"count": 1,
					"min": 33,
					"max": 33
				}
			},
			"avg": 139,
			"avg7": 119,
			"avg28": 119
		},
		"normal-poor": {
			"history": {
				"2024-05-23": {
					"avg": 11,
					"count": 1,
					"min": 11,
					"max": 11
				},
				"2024-05-28": {
					"avg": 30,
					"count": 1,
					"min": 30,
					"max": 30
				},
				"2024-06-05": {
					"avg": 135,
					"count": 6,
					"min": 135,
					"max": 135
				},
				"2024-06-07": {
					"avg": 86,
					"count": 2,
					"min": 25,
					"max": 147
				},
				"2024-06-08": {
					"avg": 25,
					"count": 1,
					"min": 25,
					"max": 25
				},
				"2024-06-14": {
					"avg": 25,
					"count": 1,
					"min": 25,
					"max": 25
				},
				"2024-06-15": {
					"avg": 134,
					"count": 1,
					"min": 134,
					"max": 134
				},
				"2024-06-22": {
					"avg": 146,
					"count": 4,
					"min": 128,
					"max": 160
				},
				"2024-06-25": {
					"avg": 132,
					"count": 1,
					"min": 132,
					"max": 132
				},
				"2024-06-28": {
					"avg": 112,
					"count": 1,
					"min": 112,
					"max": 112
				},
				"2024-06-29": {
					"avg": 224,
					"count": 1,
					"min": 224,
					"max": 224
				},
				"2024-07-05": {
					"avg": 6,
					"count": 1,
					"min": 6,
					"max": 6
				},
				"2024-07-06": {
					"avg": 226,
					"count": 1,
					"min": 226,
					"max": 226
				},
				"2024-07-10": {
					"avg": 6,
					"count": 1,
					"min": 6,
					"max": 6
				},
				"2024-07-11": {
					"avg": 9,
					"count": 3,
					"min": 8,
					"max": 9
				},
				"2024-07-23": {
					"avg": 72,
					"count": 4,
					"min": 9,
					"max": 156
				},
				"2024-07-25": {
					"avg": 64,
					"count": 3,
					"min": 12,
					"max": 161
				},
				"2024-07-26": {
					"avg": 34,
					"count": 1,
					"min": 34,
					"max": 34
				},
				"2024-07-28": {
					"avg": 25,
					"count": 1,
					"min": 25,
					"max": 25
				},
				"2024-08-03": {
					"avg": 30,
					"count": 1,
					"min": 30,
					"max": 30
				},
				"2024-08-05": {
					"avg": 25,
					"count": 1,
					"min": 25,
					"max": 25
				},
				"2024-08-06": {
					"avg": 29,
					"count": 1,
					"min": 29,
					"max": 29
				},
				"2024-08-08": {
					"avg": 108,
					"count": 1,
					"min": 108,
					"max": 108
				},
				"2024-08-16": {
					"avg": 92,
					"count": 5,
					"min": 67,
					"max": 110
				},
				"2024-08-21": {
					"avg": 15,
					"count": 1,
					"min": 15,
					"max": 15
				},
				"2024-08-26": {
					"avg": 13,
					"count": 1,
					"min": 13,
					"max": 13
				},
				"2024-08-31": {
					"avg": 10,
					"count": 1,
					"min": 10,
					"max": 10
				},
				"2024-09-06": {
					"avg": 115,
					"count": 5,
					"min": 15,
					"max": 142
				},
				"2024-09-07": {
					"avg": 25,
					"count": 1,
					"min": 25,
					"max": 25
				},
				"2024-09-16": {
					"avg": 17,
					"count": 1,
					"min": 17,
					"max": 17
				},
				"2024-09-23": {
					"avg": 20,
					"count": 4,
					"min": 20,
					"max": 20
				}
			},
			"avg": 77,
			"avg7": -1,
			"avg28": -1
		},
		"normal-nearmint": {
			"history": {
				"2024-05-23": {
					"avg": 483,
					"count": 10,
					"min": 156,
					"max": 519
				},
				"2024-05-25": {
					"avg": 37,
					"count": 2,
					"min": 37,
					"max": 37
				},
				"2024-05-27": {
					"avg": 192,
					"count": 3,
					"min": 128,
					"max": 225
				},
				"2024-05-28": {
					"avg": 325,
					"count": 1,
					"min": 325,
					"max": 325
				},
				"2024-05-29": {
					"avg": 162,
					"count": 67,
					"min": 35,
					"max": 223
				},
				"2024-05-30": {
					"avg": 50,
					"count": 1,
					"min": 50,
					"max": 50
				},
				"2024-05-31": {
					"avg": 161,
					"count": 3,
					"min": 114,
					"max": 239
				},
				"2024-06-01": {
					"avg": 120,
					"count": 1,
					"min": 120,
					"max": 120
				},
				"2024-06-02": {
					"avg": 31,
					"count": 2,
					"min": 31,
					"max": 31
				},
				"2024-06-03": {
					"avg": 146,
					"count": 2,
					"min": 118,
					"max": 173
				},
				"2024-06-04": {
					"avg": 108,
					"count": 20,
					"min": 35,
					"max": 120
				},
				"2024-06-05": {
					"avg": 157,
					"count": 3,
					"min": 100,
					"max": 271
				},
				"2024-06-06": {
					"avg": 324,
					"count": 73,
					"min": 197,
					"max": 637
				},
				"2024-06-07": {
					"avg": 30,
					"count": 1,
					"min": 30,
					"max": 30
				},
				"2024-06-08": {
					"avg": 291,
					"count": 3,
					"min": 100,
					"max": 598
				},
				"2024-06-09": {
					"avg": 173,
					"count": 1,
					"min": 173,
					"max": 173
				},
				"2024-06-10": {
					"avg": 219,
					"count": 1,
					"min": 219,
					"max": 219
				},
				"2024-06-11": {
					"avg": 108,
					"count": 3,
					"min": 20,
					"max": 151
				},
				"2024-06-12": {
					"avg": 38,
					"count": 2,
					"min": 30,
					"max": 45
				},
				"2024-06-13": {
					"avg": 158,
					"count": 4,
					"min": 31,
					"max": 271
				},
				"2024-06-14": {
					"avg": 211,
					"count": 1,
					"min": 211,
					"max": 211
				},
				"2024-06-15": {
					"avg": 78,
					"count": 1,
					"min": 78,
					"max": 78
				},
				"2024-06-16": {
					"avg": 221,
					"count": 1,
					"min": 221,
					"max": 221
				},
				"2024-06-17": {
					"avg": 141,
					"count": 1,
					"min": 141,
					"max": 141
				},
				"2024-06-18": {
					"avg": 128,
					"count": 6,
					"min": 32,
					"max": 272
				},
				"2024-06-19": {
					"avg": 110,
					"count": 5,
					"min": 29,
					"max": 197
				},
				"2024-06-20": {
					"avg": 440,
					"count": 1,
					"min": 440,
					"max": 440
				},
				"2024-06-21": {
					"avg": 200,
					"count": 4,
					"min": 39,
					"max": 574
				},
				"2024-06-25": {
					"avg": 181,
					"count": 2,
					"min": 171,
					"max": 190
				},
				"2024-06-26": {
					"avg": 259,
					"count": 14,
					"min": 249,
					"max": 285
				},
				"2024-06-27": {
					"avg": 95,
					"count": 4,
					"min": 31,
					"max": 159
				},
				"2024-06-28": {
					"avg": 144,
					"count": 4,
					"min": 134,
					"max": 147
				},
				"2024-06-30": {
					"avg": 126,
					"count": 2,
					"min": 100,
					"max": 152
				},
				"2024-07-02": {
					"avg": 107,
					"count": 3,
					"min": 32,
					"max": 159
				},
				"2024-07-03": {
					"avg": 79,
					"count": 1,
					"min": 79,
					"max": 79
				},
				"2024-07-06": {
					"avg": 15,
					"count": 1,
					"min": 15,
					"max": 15
				},
				"2024-07-07": {
					"avg": 72,
					"count": 2,
					"min": 25,
					"max": 119
				},
				"2024-07-08": {
					"avg": 114,
					"count": 3,
					"min": 50,
					"max": 150
				},
				"2024-07-09": {
					"avg": 50,
					"count": 1,
					"min": 50,
					"max": 50
				},
				"2024-07-12": {
					"avg": 147,
					"count": 11,
					"min": 25,
					"max": 159
				},
				"2024-07-13": {
					"avg": 36,
					"count": 2,
					"min": 25,
					"max": 47
				},
				"2024-07-14": {
					"avg": 200,
					"count": 1,
					"min": 200,
					"max": 200
				},
				"2024-07-15": {
					"avg": 131,
					"count": 1,
					"min": 131,
					"max": 131
				},
				"2024-07-16": {
					"avg": 79,
					"count": 2,
					"min": 32,
					"max": 126
				},
				"2024-07-17": {
					"avg": 195,
					"count": 2,
					"min": 142,
					"max": 247
				},
				"2024-07-20": {
					"avg": 25,
					"count": 11,
					"min": 25,
					"max": 25
				},
				"2024-07-21": {
					"avg": 165,
					"count": 3,
					"min": 47,
					"max": 286
				},
				"2024-07-23": {
					"avg": 334,
					"count": 2,
					"min": 20,
					"max": 648
				},
				"2024-07-24": {
					"avg": 145,
					"count": 132,
					"min": 39,
					"max": 224
				},
				"2024-07-26": {
					"avg": 148,
					"count": 12,
					"min": 30,
					"max": 225
				},
				"2024-07-27": {
					"avg": 269,
					"count": 3,
					"min": 119,
					"max": 457
				},
				"2024-07-28": {
					"avg": 83,
					"count": 1,
					"min": 83,
					"max": 83
				},
				"2024-07-29": {
					"avg": 48,
					"count": 9,
					"min": 20,
					"max": 259
				},
				"2024-07-30": {
					"avg": 290,
					"count": 5,
					"min": 32,
					"max": 1044
				},
				"2024-07-31": {
					"avg": 1194,
					"count": 1,
					"min": 1194,
					"max": 1194
				},
				"2024-08-03": {
					"avg": 125,
					"count": 1,
					"min": 125,
					"max": 125
				},
				"2024-08-04": {
					"avg": 39,
					"count": 1,
					"min": 39,
					"max": 39
				},
				"2024-08-05": {
					"avg": 140,
					"count": 3,
					"min": 32,
					"max": 241
				},
				"2024-08-07": {
					"avg": 228,
					"count": 2,
					"min": 208,
					"max": 247
				},
				"2024-08-08": {
					"avg": 30,
					"count": 1,
					"min": 30,
					"max": 30
				},
				"2024-08-09": {
					"avg": 75,
					"count": 8,
					"min": 33,
					"max": 278
				},
				"2024-08-10": {
					"avg": 29,
					"count": 5,
					"min": 28,
					"max": 29
				},
				"2024-08-11": {
					"avg": 79,
					"count": 4,
					"min": 29,
					"max": 183
				},
				"2024-08-12": {
					"avg": 168,
					"count": 5,
					"min": 47,
					"max": 324
				},
				"2024-08-13": {
					"avg": 329,
					"count": 2,
					"min": 157,
					"max": 500
				},
				"2024-08-14": {
					"avg": 31,
					"count": 2,
					"min": 30,
					"max": 32
				},
				"2024-08-15": {
					"avg": 30,
					"count": 2,
					"min": 30,
					"max": 30
				},
				"2024-08-16": {
					"avg": 364,
					"count": 2,
					"min": 154,
					"max": 574
				},
				"2024-08-17": {
					"avg": 420,
					"count": 3,
					"min": 30,
					"max": 846
				},
				"2024-08-19": {
					"avg": 73,
					"count": 4,
					"min": 30,
					"max": 128
				},
				"2024-08-20": {
					"avg": 104,
					"count": 2,
					"min": 33,
					"max": 174
				},
				"2024-08-21": {
					"avg": 156,
					"count": 4,
					"min": 118,
					"max": 225
				},
				"2024-08-22": {
					"avg": 147,
					"count": 1,
					"min": 147,
					"max": 147
				},
				"2024-08-23": {
					"avg": 137,
					"count": 2,
					"min": 129,
					"max": 145
				},
				"2024-08-24": {
					"avg": 121,
					"count": 37,
					"min": 27,
					"max": 197
				},
				"2024-08-25": {
					"avg": 30,
					"count": 1,
					"min": 30,
					"max": 30
				},
				"2024-08-26": {
					"avg": 609,
					"count": 3,
					"min": 208,
					"max": 994
				},
				"2024-08-27": {
					"avg": 74,
					"count": 3,
					"min": 30,
					"max": 144
				},
				"2024-08-28": {
					"avg": 30,
					"count": 1,
					"min": 30,
					"max": 30
				},
				"2024-08-30": {
					"avg": 175,
					"count": 3,
					"min": 29,
					"max": 274
				},
				"2024-08-31": {
					"avg": 188,
					"count": 45,
					"min": 27,
					"max": 574
				},
				"2024-09-01": {
					"avg": 30,
					"count": 1,
					"min": 30,
					"max": 30
				},
				"2024-09-02": {
					"avg": 49,
					"count": 5,
					"min": 26,
					"max": 123
				},
				"2024-09-03": {
					"avg": 403,
					"count": 2,
					"min": 158,
					"max": 648
				},
				"2024-09-04": {
					"avg": 47,
					"count": 1,
					"min": 47,
					"max": 47
				},
				"2024-09-07": {
					"avg": 313,
					"count": 3,
					"min": 30,
					"max": 511
				},
				"2024-09-08": {
					"avg": 157,
					"count": 1,
					"min": 157,
					"max": 157
				},
				"2024-09-09": {
					"avg": 30,
					"count": 1,
					"min": 30,
					"max": 30
				},
				"2024-09-10": {
					"avg": 230,
					"count": 1,
					"min": 230,
					"max": 230
				},
				"2024-09-11": {
					"avg": 25,
					"count": 1,
					"min": 25,
					"max": 25
				},
				"2024-09-12": {
					"avg": 25,
					"count": 2,
					"min": 25,
					"max": 25
				},
				"2024-09-13": {
					"avg": 30,
					"count": 1,
					"min": 30,
					"max": 30
				},
				"2024-09-14": {
					"avg": 119,
					"count": 3,
					"min": 32,
					"max": 163
				},
				"2024-09-15": {
					"avg": 527,
					"count": 4,
					"min": 25,
					"max": 2034
				},
				"2024-09-16": {
					"avg": 191,
					"count": 3,
					"min": 129,
					"max": 247
				},
				"2024-09-18": {
					"avg": 83,
					"count": 3,
					"min": 26,
					"max": 146
				},
				"2024-09-19": {
					"avg": 325,
					"count": 1,
					"min": 325,
					"max": 325
				},
				"2024-09-20": {
					"avg": 153,
					"count": 11,
					"min": 26,
					"max": 222
				},
				"2024-09-22": {
					"avg": 32,
					"count": 4,
					"min": 26,
					"max": 38
				},
				"2024-09-23": {
					"avg": 103,
					"count": 2,
					"min": 29,
					"max": 176
				}
			},
			"avg": 176,
			"avg7": -1,
			"avg28": -1
		},
		"normal-played": {
			"history": {
				"2024-05-24": {
					"avg": 24,
					"count": 1,
					"min": 24,
					"max": 24
				},
				"2024-05-25": {
					"avg": 51,
					"count": 4,
					"min": 18,
					"max": 141
				},
				"2024-05-26": {
					"avg": 121,
					"count": 1,
					"min": 121,
					"max": 121
				},
				"2024-05-27": {
					"avg": 137,
					"count": 1,
					"min": 137,
					"max": 137
				},
				"2024-05-29": {
					"avg": 81,
					"count": 25,
					"min": 35,
					"max": 140
				},
				"2024-06-01": {
					"avg": 44,
					"count": 1,
					"min": 44,
					"max": 44
				},
				"2024-06-02": {
					"avg": 14,
					"count": 1,
					"min": 14,
					"max": 14
				},
				"2024-06-06": {
					"avg": 132,
					"count": 2,
					"min": 126,
					"max": 137
				},
				"2024-06-07": {
					"avg": 131,
					"count": 7,
					"min": 16,
					"max": 243
				},
				"2024-06-13": {
					"avg": 182,
					"count": 1,
					"min": 182,
					"max": 182
				},
				"2024-06-17": {
					"avg": 117,
					"count": 1,
					"min": 117,
					"max": 117
				},
				"2024-06-18": {
					"avg": 115,
					"count": 2,
					"min": 115,
					"max": 115
				},
				"2024-06-20": {
					"avg": 17,
					"count": 4,
					"min": 17,
					"max": 17
				},
				"2024-06-21": {
					"avg": 22,
					"count": 3,
					"min": 15,
					"max": 25
				},
				"2024-06-22": {
					"avg": 130,
					"count": 5,
					"min": 51,
					"max": 199
				},
				"2024-06-23": {
					"avg": 129,
					"count": 9,
					"min": 111,
					"max": 213
				},
				"2024-06-24": {
					"avg": 17,
					"count": 1,
					"min": 17,
					"max": 17
				},
				"2024-06-25": {
					"avg": 147,
					"count": 1,
					"min": 147,
					"max": 147
				},
				"2024-06-27": {
					"avg": 18,
					"count": 5,
					"min": 18,
					"max": 18
				},
				"2024-07-01": {
					"avg": 105,
					"count": 3,
					"min": 20,
					"max": 147
				},
				"2024-07-03": {
					"avg": 15,
					"count": 1,
					"min": 15,
					"max": 15
				},
				"2024-07-04": {
					"avg": 137,
					"count": 1,
					"min": 137,
					"max": 137
				},
				"2024-07-08": {
					"avg": 25,
					"count": 1,
					"min": 25,
					"max": 25
				},
				"2024-07-10": {
					"avg": 17,
					"count": 1,
					"min": 17,
					"max": 17
				},
				"2024-07-11": {
					"avg": 19,
					"count": 2,
					"min": 19,
					"max": 19
				},
				"2024-07-12": {
					"avg": 129,
					"count": 29,
					"min": 17,
					"max": 147
				},
				"2024-07-13": {
					"avg": 248,
					"count": 1,
					"min": 248,
					"max": 248
				},
				"2024-07-14": {
					"avg": 29,
					"count": 1,
					"min": 29,
					"max": 29
				},
				"2024-07-15": {
					"avg": 17,
					"count": 1,
					"min": 17,
					"max": 17
				},
				"2024-07-18": {
					"avg": 89,
					"count": 5,
					"min": 25,
					"max": 105
				},
				"2024-07-20": {
					"avg": 50,
					"count": 1,
					"min": 50,
					"max": 50
				},
				"2024-07-22": {
					"avg": 50,
					"count": 1,
					"min": 50,
					"max": 50
				},
				"2024-07-25": {
					"avg": 18,
					"count": 1,
					"min": 18,
					"max": 18
				},
				"2024-07-26": {
					"avg": 142,
					"count": 4,
					"min": 142,
					"max": 142
				},
				"2024-07-28": {
					"avg": 23,
					"count": 1,
					"min": 23,
					"max": 23
				},
				"2024-07-31": {
					"avg": 90,
					"count": 6,
					"min": 30,
					"max": 102
				},
				"2024-08-01": {
					"avg": 15,
					"count": 1,
					"min": 15,
					"max": 15
				},
				"2024-08-04": {
					"avg": 85,
					"count": 2,
					"min": 20,
					"max": 149
				},
				"2024-08-06": {
					"avg": 98,
					"count": 3,
					"min": 20,
					"max": 145
				},
				"2024-08-10": {
					"avg": 225,
					"count": 1,
					"min": 225,
					"max": 225
				},
				"2024-08-11": {
					"avg": 162,
					"count": 1,
					"min": 162,
					"max": 162
				},
				"2024-08-12": {
					"avg": 70,
					"count": 2,
					"min": 30,
					"max": 109
				},
				"2024-08-14": {
					"avg": 171,
					"count": 6,
					"min": 17,
					"max": 433
				},
				"2024-08-15": {
					"avg": 18,
					"count": 2,
					"min": 10,
					"max": 25
				},
				"2024-08-16": {
					"avg": 50,
					"count": 5,
					"min": 10,
					"max": 110
				},
				"2024-08-17": {
					"avg": 99,
					"count": 1,
					"min": 99,
					"max": 99
				},
				"2024-08-21": {
					"avg": 97,
					"count": 2,
					"min": 50,
					"max": 143
				},
				"2024-08-22": {
					"avg": 697,
					"count": 3,
					"min": 25,
					"max": 2023
				},
				"2024-08-23": {
					"avg": 25,
					"count": 1,
					"min": 25,
					"max": 25
				},
				"2024-08-24": {
					"avg": 16,
					"count": 1,
					"min": 16,
					"max": 16
				},
				"2024-08-25": {
					"avg": 15,
					"count": 1,
					"min": 15,
					"max": 15
				},
				"2024-08-26": {
					"avg": 43,
					"count": 1,
					"min": 43,
					"max": 43
				},
				"2024-08-27": {
					"avg": 184,
					"count": 2,
					"min": 143,
					"max": 224
				},
				"2024-08-28": {
					"avg": 14,
					"count": 1,
					"min": 14,
					"max": 14
				},
				"2024-08-30": {
					"avg": 503,
					"count": 1,
					"min": 503,
					"max": 503
				},
				"2024-09-01": {
					"avg": 14,
					"count": 1,
					"min": 14,
					"max": 14
				},
				"2024-09-02": {
					"avg": 41,
					"count": 3,
					"min": 41,
					"max": 41
				},
				"2024-09-06": {
					"avg": 45,
					"count": 8,
					"min": 13,
					"max": 149
				},
				"2024-09-07": {
					"avg": 42,
					"count": 2,
					"min": 42,
					"max": 42
				},
				"2024-09-08": {
					"avg": 79,
					"count": 2,
					"min": 17,
					"max": 140
				},
				"2024-09-10": {
					"avg": 49,
					"count": 1,
					"min": 49,
					"max": 49
				},
				"2024-09-13": {
					"avg": 26,
					"count": 2,
					"min": 8,
					"max": 43
				},
				"2024-09-14": {
					"avg": 518,
					"count": 1,
					"min": 518,
					"max": 518
				},
				"2024-09-15": {
					"avg": 50,
					"count": 2,
					"min": 50,
					"max": 50
				},
				"2024-09-17": {
					"avg": 19,
					"count": 2,
					"min": 16,
					"max": 22
				},
				"2024-09-21": {
					"avg": 143,
					"count": 1,
					"min": 143,
					"max": 143
				},
				"2024-09-22": {
					"avg": 128,
					"count": 3,
					"min": 42,
					"max": 207
				}
			},
			"avg": 102,
			"avg7": -1,
			"avg28": -1
		},
		"normal-used": {
			"history": {
				"2024-05-26": {
					"avg": 122,
					"count": 1,
					"min": 122,
					"max": 122
				},
				"2024-05-27": {
					"avg": 137,
					"count": 1,
					"min": 137,
					"max": 137
				},
				"2024-05-29": {
					"avg": 20,
					"count": 2,
					"min": 20,
					"max": 20
				},
				"2024-06-02": {
					"avg": 16,
					"count": 1,
					"min": 16,
					"max": 16
				},
				"2024-06-04": {
					"avg": 13,
					"count": 1,
					"min": 13,
					"max": 13
				},
				"2024-06-08": {
					"avg": 236,
					"count": 2,
					"min": 50,
					"max": 422
				},
				"2024-06-18": {
					"avg": 16,
					"count": 1,
					"min": 16,
					"max": 16
				},
				"2024-06-20": {
					"avg": 17,
					"count": 5,
					"min": 17,
					"max": 17
				},
				"2024-06-22": {
					"avg": 132,
					"count": 1,
					"min": 132,
					"max": 132
				},
				"2024-06-23": {
					"avg": 39,
					"count": 9,
					"min": 39,
					"max": 39
				},
				"2024-07-04": {
					"avg": 59,
					"count": 3,
					"min": 17,
					"max": 129
				},
				"2024-07-07": {
					"avg": 16,
					"count": 1,
					"min": 16,
					"max": 16
				},
				"2024-07-08": {
					"avg": 10,
					"count": 1,
					"min": 10,
					"max": 10
				},
				"2024-07-11": {
					"avg": 328,
					"count": 2,
					"min": 144,
					"max": 511
				},
				"2024-07-16": {
					"avg": 5,
					"count": 1,
					"min": 5,
					"max": 5
				},
				"2024-07-18": {
					"avg": 103,
					"count": 1,
					"min": 103,
					"max": 103
				},
				"2024-07-20": {
					"avg": 12,
					"count": 1,
					"min": 12,
					"max": 12
				},
				"2024-07-21": {
					"avg": 20,
					"count": 1,
					"min": 20,
					"max": 20
				},
				"2024-07-23": {
					"avg": 129,
					"count": 2,
					"min": 115,
					"max": 142
				},
				"2024-07-24": {
					"avg": 48,
					"count": 1,
					"min": 48,
					"max": 48
				},
				"2024-07-27": {
					"avg": 25,
					"count": 1,
					"min": 25,
					"max": 25
				},
				"2024-07-28": {
					"avg": 139,
					"count": 6,
					"min": 139,
					"max": 139
				},
				"2024-08-16": {
					"avg": 80,
					"count": 2,
					"min": 13,
					"max": 146
				},
				"2024-08-19": {
					"avg": 20,
					"count": 1,
					"min": 20,
					"max": 20
				},
				"2024-08-20": {
					"avg": 58,
					"count": 4,
					"min": 20,
					"max": 70
				},
				"2024-08-21": {
					"avg": 137,
					"count": 1,
					"min": 137,
					"max": 137
				},
				"2024-08-23": {
					"avg": 19,
					"count": 1,
					"min": 19,
					"max": 19
				},
				"2024-08-24": {
					"avg": 30,
					"count": 1,
					"min": 30,
					"max": 30
				},
				"2024-08-25": {
					"avg": 39,
					"count": 1,
					"min": 39,
					"max": 39
				},
				"2024-08-26": {
					"avg": 39,
					"count": 1,
					"min": 39,
					"max": 39
				},
				"2024-08-27": {
					"avg": 25,
					"count": 1,
					"min": 25,
					"max": 25
				},
				"2024-09-02": {
					"avg": 137,
					"count": 1,
					"min": 137,
					"max": 137
				},
				"2024-09-06": {
					"avg": 17,
					"count": 4,
					"min": 17,
					"max": 17
				},
				"2024-09-08": {
					"avg": 39,
					"count": 1,
					"min": 39,
					"max": 39
				},
				"2024-09-13": {
					"avg": 15,
					"count": 1,
					"min": 15,
					"max": 15
				},
				"2024-09-14": {
					"avg": 15,
					"count": 1,
					"min": 15,
					"max": 15
				},
				"2024-09-18": {
					"avg": 147,
					"count": 1,
					"min": 147,
					"max": 147
				},
				"2024-09-20": {
					"avg": 522,
					"count": 1,
					"min": 522,
					"max": 522
				}
			},
			"avg": 76,
			"avg7": -1,
			"avg28": -1
		}
	}
}