{
	"data": {
		"normal-good": {
			"history": {
				"2022-11-13": {
					"avg": 73,
					"count": 10
				},
				"2022-11-14": {
					"avg": 124,
					"count": 3
				},
				"2022-11-15": {
					"avg": 114,
					"count": 1
				},
				"2022-11-16": {
					"avg": 93,
					"count": 99
				},
				"2022-11-17": {
					"avg": 226,
					"count": 6
				},
				"2022-11-18": {
					"avg": 118,
					"count": 1
				},
				"2022-11-19": {
					"avg": 103,
					"count": 3,
					"min": 50,
					"max": 152
				},
				"2022-11-20": {
					"avg": 13,
					"count": 1,
					"min": 13,
					"max": 13
				},
				"2022-11-21": {
					"avg": 13,
					"count": 1,
					"min": 13,
					"max": 13
				},
				"2022-11-22": {
					"avg": 799,
					"count": 33,
					"min": 143,
					"max": 822
				},
				"2022-11-24": {
					"avg": 42,
					"count": 2,
					"min": 16,
					"max": 68
				},
				"2022-11-25": {
					"avg": 57,
					"count": 18,
					"min": 8,
					"max": 174
				},
				"2022-11-26": {
					"avg": 548,
					"count": 47,
					"min": 20,
					"max": 823
				},
				"2022-11-27": {
					"avg": 23,
					"count": 5,
					"min": 23,
					"max": 23
				},
				"2022-11-28": {
					"avg": 65,
					"count": 11,
					"min": 8,
					"max": 73
				},
				"2022-11-29": {
					"avg": 48,
					"count": 5,
					"min": 8,
					"max": 111
				},
				"2022-11-30": {
					"avg": 15,
					"count": 2,
					"min": 15,
					"max": 15
				},
				"2022-12-01": {
					"avg": 50,
					"count": 3,
					"min": 50,
					"max": 50
				},
				"2022-12-02": {
					"avg": 42,
					"count": 3,
					"min": 19,
					"max": 82
				},
				"2022-12-03": {
					"avg": 69,
					"count": 3,
					"min": 50,
					"max": 106
				},
				"2022-12-04": {
					"avg": 138,
					"count": 6,
					"min": 15,
					"max": 594
				},
				"2022-12-05": {
					"avg": 67,
					"count": 119,
					"min": 16,
					"max": 148
				},
				"2022-12-06": {
					"avg": 525,
					"count": 2,
					"min": 10,
					"max": 1039
				},
				"2022-12-07": {
					"avg": 101,
					"count": 8,
					"min": 25,
					"max": 149
				},
				"2022-12-09": {
					"avg": 26,
					"count": 4,
					"min": 25,
					"max": 30
				},
				"2022-12-10": {
					"avg": 99,
					"count": 195,
					"min": 26,
					"max": 524
				},
				"2022-12-11": {
					"avg": 19,
					"count": 1,
					"min": 19,
					"max": 19
				},
				"2022-12-12": {
					"avg": 50,
					"count": 6,
					"min": 25,
					"max": 99
				},
				"2022-12-13": {
					"avg": 87,
					"count": 2,
					"min": 25,
					"max": 149
				},
				"2022-12-14": {
					"avg": 30,
					"count": 1,
					"min": 30,
					"max": 30
				},
				"2022-12-15": {
					"avg": 205,
					"count": 4,
					"min": 35,
					"max": 584
				},
				"2022-12-16": {
					"avg": 109,
					"count": 19,
					"min": 15,
					"max": 414
				},
				"2022-12-17": {
					"avg": 210,
					"count": 4,
					"min": 36,
					"max": 599
				},
				"2022-12-18": {
					"avg": 108,
					"count": 18,
					"min": 20,
					"max": 169
				},
				"2022-12-19": {
					"avg": 120,
					"count": 1,
					"min": 120,
					"max": 120
				},
				"2022-12-20": {
					"avg": 125,
					"count": 6,
					"min": 16,
					"max": 194
				},
				"2022-12-21": {
					"avg": 110,
					"count": 2,
					"min": 96,
					"max": 123
				},
				"2022-12-22": {
					"avg": 33,
					"count": 2,
					"min": 21,
					"max": 44
				},
				"2022-12-23": {
					"avg": 81,
					"count": 12,
					"min": 27,
					"max": 104
				},
				"2022-12-24": {
					"avg": 50,
					"count": 1,
					"min": 50,
					"max": 50
				},
				"2022-12-25": {
					"avg": 41,
					"count": 6,
					"min": 25,
					"max": 122
				},
				"2022-12-27": {
					"avg": 35,
					"count": 1,
					"min": 35,
					"max": 35
				},
				"2022-12-28": {
					"avg": 70,
					"count": 4,
					"min": 10,
					"max": 128
				},
				"2022-12-29": {
					"avg": 239,
					"count": 31,
					"min": 23,
					"max": 588
				},
				"2022-12-30": {
					"avg": 120,
					"count": 2,
					"min": 25,
					"max": 214
				},
				"2022-12-31": {
					"avg": 117,
					"count": 31,
					"min": 102,
					"max": 168
				},
				"2023-01-01": {
					"avg": 116,
					"count": 5,
					"min": 20,
					"max": 196
				},
				"2023-01-02": {
					"avg": 267,
					"count": 85,
					"min": 25,
					"max": 524
				},
				"2023-01-03": {
					"avg": 103,
					"count": 6,
					"min": 48,
					"max": 299
				},
				"2023-01-04": {
					"avg": 266,
					"count": 2,
					"min": 40,
					"max": 492
				},
				"2023-01-05": {
					"avg": 61,
					"count": 13,
					"min": 13,
					"max": 119
				},
				"2023-01-06": {
					"avg": 50,
					"count": 4,
					"min": 5,
					"max": 139
				},
				"2023-01-07": {
					"avg": 34,
					"count": 6,
					"min": 10,
					"max": 87
				},
				"2023-01-08": {
					"avg": 57,
					"count": 4,
					"min": 23,
					"max": 119
				},
				"2023-01-09": {
					"avg": 148,
					"count": 2,
					"min": 117,
					"max": 178
				},
				"2023-01-10": {
					"avg": 66,
					"count": 4,
					"min": 20,
					"max": 110
				},
				"2023-01-11": {
					"avg": 122,
					"count": 7,
					"min": 23,
					"max": 148
				},
				"2023-01-12": {
					"avg": 135,
					"count": 23,
					"min": 20,
					"max": 524
				},
				"2023-02-06": {
					"avg": 65,
					"count": 38,
					"min": 20,
					"max": 113
				},
				"2023-02-07": {
					"avg": 54,
					"count": 4,
					"min": 22,
					"max": 148
				},
				"2023-02-08": {
					"avg": 165,
					"count": 2,
					"min": 119,
					"max": 211
				},
				"2023-02-10": {
					"avg": 223,
					"count": 3,
					"min": 85,
					"max": 499
				},
				"2023-02-11": {
					"avg": 93,
					"count": 7,
					"min": 10,
					"max": 207
				},
				"2023-02-12": {
					"avg": 120,
					"count": 24,
					"min": 10,
					"max": 221
				},
				"2023-02-13": {
					"avg": 97,
					"count": 5,
					"min": 74,
					"max": 103
				},
				"2023-02-14": {
					"avg": 110,
					"count": 5,
					"min": 110,
					"max": 110
				},
				"2023-02-15": {
					"avg": 131,
					"count": 2,
					"min": 113,
					"max": 149
				},
				"2023-02-16": {
					"avg": 75,
					"count": 7,
					"min": 22,
					"max": 179
				},
				"2023-02-17": {
					"avg": 231,
					"count": 3,
					"min": 20,
					"max": 524
				},
				"2023-02-18": {
					"avg": 165,
					"count": 2,
					"min": 25,
					"max": 304
				},
				"2023-02-19": {
					"avg": 142,
					"count": 4,
					"min": 124,
					"max": 159
				},
				"2023-02-20": {
					"avg": 132,
					"count": 12,
					"min": 25,
					"max": 190
				},
				"2023-02-21": {
					"avg": 87,
					"count": 2,
					"min": 25,
					"max": 148
				},
				"2023-02-22": {
					"avg": 135,
					"count": 7,
					"min": 20,
					"max": 349
				},
				"2023-02-23": {
					"avg": 93,
					"count": 3,
					"min": 25,
					"max": 179
				},
				"2023-02-24": {
					"avg": 139,
					"count": 3,
					"min": 119,
					"max": 149
				},
				"2023-02-26": {
					"avg": 374,
					"count": 8,
					"min": 10,
					"max": 886
				},
				"2023-02-27": {
					"avg": 85,
					"count": 4,
					"min": 31,
					"max": 148
				},
				"2023-02-28": {
					"avg": 60,
					"count": 6,
					"min": 21,
					"max": 175
				},
				"2023-03-01": {
					"avg": 2,
					"count": 1,
					"min": 2,
					"max": 2
				},
				"2023-03-02": {
					"avg": 127,
					"count": 8,
					"min": 2,
					"max": 175
				},
				"2023-03-03": {
					"avg": 25,
					"count": 3,
					"min": 25,
					"max": 25
				},
				"2023-03-04": {
					"avg": 110,
					"count": 2,
					"min": 74,
					"max": 146
				},
				"2023-03-05": {
					"avg": 22,
					"count": 4,
					"min": 17,
					"max": 30
				},
				"2023-03-06": {
					"avg": 70,
					"count": 5,
					"min": 18,
					"max": 146
				},
				"2023-03-07": {
					"avg": 66,
					"count": 3,
					"min": 25,
					"max": 122
				},
				"2023-03-09": {
					"avg": 25,
					"count": 1,
					"min": 25,
					"max": 25
				},
				"2023-03-10": {
					"avg": 65,
					"count": 6,
					"min": 23,
					"max": 122
				},
				"2023-03-11": {
					"avg": 103,
					"count": 3,
					"min": 59,
					"max": 125
				},
				"2023-03-12": {
					"avg": 31,
					"count": 5,
					"min": 20,
					"max": 48
				},
				"2023-03-13": {
					"avg": 155,
					"count": 5,
					"min": 30,
					"max": 299
				},
				"2023-03-14": {
					"avg": 148,
					"count": 1,
					"min": 148,
					"max": 148
				},
				"2023-03-15": {
					"avg": 30,
					"count": 1,
					"min": 30,
					"max": 30
				},
				"2023-03-16": {
					"avg": 169,
					"count": 7,
					"min": 169,
					"max": 169
				},
				"2023-03-18": {
					"avg": 92,
					"count": 3,
					"min": 19,
					"max": 145
				},
				"2023-03-20": {
					"avg": 113,
					"count": 2,
					"min": 100,
					"max": 126
				},
				"2023-03-21": {
					"avg": 87,
					"count": 1,
					"min": 87,
					"max": 87
				},
				"2023-03-23": {
					"avg": 33,
					"count": 3,
					"min": 5,
					"max": 64
				},
				"2023-03-24": {
					"avg": 108,
					"count": 14,
					"min": 30,
					"max": 114
				},
				"2023-03-25": {
					"avg": 100,
					"count": 2,
					"min": 25,
					"max": 175
				},
				"2023-03-28": {
					"avg": 135,
					"count": 5,
					"min": 22,
					"max": 378
				},
				"2023-03-29": {
					"avg": 128,
					"count": 19,
					"min": 110,
					"max": 219
				},
				"2023-03-31": {
					"avg": 125,
					"count": 9,
					"min": 8,
					"max": 145
				},
				"2023-04-01": {
					"avg": 67,
					"count": 3,
					"min": 25,
					"max": 127
				},
				"2023-04-02": {
					"avg": 85,
					"count": 2,
					"min": 30,
					"max": 139
				},
				"2023-04-03": {
					"avg": 318,
					"count": 15,
					"min": 16,
					"max": 433
				},
				"2023-04-04": {
					"avg": 288,
					"count": 3,
					"min": 19,
					"max": 827
				},
				"2023-04-05": {
					"avg": 33,
					"count": 3,
					"min": 19,
					"max": 49
				},
				"2023-04-06": {
					"avg": 20,
					"count": 15,
					"min": 20,
					"max": 20
				},
				"2023-04-07": {
					"avg": 89,
					"count": 4,
					"min": 39,
					"max": 106
				},
				"2023-04-08": {
					"avg": 25,
					"count": 1,
					"min": 25,
					"max": 25
				},
				"2023-04-09": {
					"avg": 153,
					"count": 9,
					"min": 30,
					"max": 475
				},
				"2023-04-10": {
					"avg": 162,
					"count": 14,
					"min": 148,
					"max": 163
				},
				"2023-04-11": {
					"avg": 97,
					"count": 1,
					"min": 97,
					"max": 97
				},
				"2023-04-12": {
					"avg": 77,
					"count": 2,
					"min": 30,
					"max": 125
				},
				"2023-04-15": {
					"avg": 244,
					"count": 4,
					"min": 221,
					"max": 252
				},
				"2023-04-16": {
					"avg": 25,
					"count": 1,
					"min": 25,
					"max": 25
				},
				"2023-04-17": {
					"avg": 324,
					"count": 7,
					"min": 124,
					"max": 399
				},
				"2023-04-18": {
					"avg": 137,
					"count": 11,
					"min": 20,
					"max": 212
				},
				"2023-04-19": {
					"avg": 50,
					"count": 1,
					"min": 50,
					"max": 50
				},
				"2023-04-20": {
					"avg": 64,
					"count": 2,
					"min": 13,
					"max": 114
				},
				"2023-04-21": {
					"avg": 12,
					"count": 32,
					"min": 10,
					"max": 25
				},
				"2023-04-22": {
					"avg": 107,
					"count": 1,
					"min": 107,
					"max": 107
				},
				"2023-04-23": {
					"avg": 34,
					"count": 34,
					"min": 11,
					"max": 35
				},
				"2023-04-25": {
					"avg": 119,
					"count": 1,
					"min": 119,
					"max": 119
				},
				"2023-04-26": {
					"avg": 83,
					"count": 6,
					"min": 63,
					"max": 129
				},
				"2023-04-27": {
					"avg": 107,
					"count": 1,
					"min": 107,
					"max": 107
				},
				"2023-04-29": {
					"avg": 504,
					"count": 1,
					"min": 504,
					"max": 504
				},
				"2023-04-30": {
					"avg": 43,
					"count": 3,
					"min": 18,
					"max": 91
				},
				"2023-05-01": {
					"avg": 48,
					"count": 6,
					"min": 15,
					"max": 135
				},
				"2023-05-02": {
					"avg": 773,
					"count": 35,
					"min": 25,
					"max": 831
				},
				"2023-05-03": {
					"avg": 83,
					"count": 6,
					"min": 20,
					"max": 148
				},
				"2023-05-05": {
					"avg": 106,
					"count": 3,
					"min": 75,
					"max": 169
				},
				"2023-05-06": {
					"avg": 23,
					"count": 2,
					"min": 23,
					"max": 23
				},
				"2023-05-07": {
					"avg": 156,
					"count": 126,
					"min": 10,
					"max": 519
				},
				"2023-05-08": {
					"avg": 107,
					"count": 14,
					"min": 22,
					"max": 159
				},
				"2023-05-09": {
					"avg": 41,
					"count": 10,
					"min": 19,
					"max": 66
				},
				"2023-05-10": {
					"avg": 84,
					"count": 28,
					"min": 15,
					"max": 146
				},
				"2023-05-11": {
					"avg": 114,
					"count": 2,
					"min": 97,
					"max": 130
				},
				"2023-05-12": {
					"avg": 98,
					"count": 3,
					"min": 91,
					"max": 111
				},
				"2023-05-13": {
					"avg": 73,
					"count": 1,
					"min": 73,
					"max": 73
				},
				"2023-05-14": {
					"avg": 78,
					"count": 29,
					"min": 73,
					"max": 110
				},
				"2023-05-15": {
					"avg": 100,
					"count": 3,
					"min": 10,
					"max": 180
				},
				"2023-05-16": {
					"avg": 99,
					"count": 16,
					"min": 19,
					"max": 110
				},
				"2023-05-17": {
					"avg": 318,
					"count": 2,
					"min": 117,
					"max": 519
				},
				"2023-05-18": {
					"avg": 97,
					"count": 3,
					"min": 19,
					"max": 254
				},
				"2023-05-19": {
					"avg": 76,
					"count": 36,
					"min": 15,
					"max": 519
				},
				"2023-05-20": {
					"avg": 60,
					"count": 4,
					"min": 19,
					"max": 164
				},
				"2023-05-22": {
					"avg": 532,
					"count": 2,
					"min": 39,
					"max": 1026
				},
				"2023-05-23": {
					"avg": 55,
					"count": 3,
					"min": 20,
					"max": 117
				},
				"2023-05-24": {
					"avg": 105,
					"count": 12,
					"min": 24,
					"max": 114
				},
				"2023-05-25": {
					"avg": 19,
					"count": 1,
					"min": 19,
					"max": 19
				},
				"2023-05-26": {
					"avg": 79,
					"count": 1,
					"min": 79,
					"max": 79
				},
				"2023-05-27": {
					"avg": 59,
					"count": 13,
					"min": 9,
					"max": 106
				},
				"2023-05-28": {
					"avg": 75,
					"count": 4,
					"min": 49,
					"max": 115
				},
				"2023-05-29": {
					"avg": 57,
					"count": 12,
					"min": 22,
					"max": 121
				},
				"2023-05-30": {
					"avg": 89,
					"count": 1,
					"min": 89,
					"max": 89
				},
				"2023-05-31": {
					"avg": 104,
					"count": 6,
					"min": 23,
					"max": 146
				},
				"2023-06-01": {
					"avg": 144,
					"count": 91,
					"min": 10,
					"max": 527
				},
				"2023-06-02": {
					"avg": 52,
					"count": 3,
					"min": 25,
					"max": 99
				},
				"2023-06-04": {
					"avg": 111,
					"count": 2,
					"min": 79,
					"max": 143
				},
				"2023-06-05": {
					"avg": 22,
					"count": 1,
					"min": 22,
					"max": 22
				},
				"2023-06-06": {
					"avg": 66,
					"count": 3,
					"min": 22,
					"max": 97
				},
				"2023-06-07": {
					"avg": 30,
					"count": 3,
					"min": 21,
					"max": 38
				},
				"2023-06-09": {
					"avg": 107,
					"count": 1,
					"min": 107,
					"max": 107
				},
				"2023-06-10": {
					"avg": 43,
					"count": 3,
					"min": 18,
					"max": 92
				},
				"2023-06-12": {
					"avg": 77,
					"count": 3,
					"min": 27,
					"max": 103
				},
				"2023-06-13": {
					"avg": 47,
					"count": 1,
					"min": 47,
					"max": 47
				},
				"2023-06-14": {
					"avg": 33,
					"count": 2,
					"min": 27,
					"max": 39
				},
				"2023-06-15": {
					"avg": 229,
					"count": 5,
					"min": 97,
					"max": 527
				},
				"2023-06-16": {
					"avg": 79,
					"count": 1,
					"min": 79,
					"max": 79
				},
				"2023-06-17": {
					"avg": 26,
					"count": 22,
					"min": 23,
					"max": 64
				},
				"2023-06-18": {
					"avg": 159,
					"count": 84,
					"min": 31,
					"max": 293
				},
				"2023-06-20": {
					"avg": 298,
					"count": 3,
					"min": 26,
					"max": 434
				},
				"2023-06-21": {
					"avg": 80,
					"count": 4,
					"min": 24,
					"max": 184
				},
				"2023-06-22": {
					"avg": 200,
					"count": 8,
					"min": 24,
					"max": 661
				},
				"2023-06-23": {
					"avg": 362,
					"count": 12,
					"min": 30,
					"max": 425
				},
				"2023-06-24": {
					"avg": 33,
					"count": 1,
					"min": 33,
					"max": 33
				},
				"2023-06-25": {
					"avg": 122,
					"count": 1,
					"min": 122,
					"max": 122
				},
				"2023-06-26": {
					"avg": 111,
					"count": 5,
					"min": 103,
					"max": 113
				},
				"2023-06-27": {
					"avg": 76,
					"count": 2,
					"min": 49,
					"max": 103
				},
				"2023-06-29": {
					"avg": 34,
					"count": 2,
					"min": 34,
					"max": 34
				},
				"2023-06-30": {
					"avg": 26,
					"count": 3,
					"min": 15,
					"max": 39
				},
				"2023-07-01": {
					"avg": 824,
					"count": 4,
					"min": 124,
					"max": 1061
				},
				"2023-07-02": {
					"avg": 47,
					"count": 2,
					"min": 34,
					"max": 59
				},
				"2023-07-03": {
					"avg": 74,
					"count": 3,
					"min": 19,
					"max": 127
				},
				"2023-07-04": {
					"avg": 30,
					"count": 59,
					"min": 20,
					"max": 136
				},
				"2023-07-06": {
					"avg": 185,
					"count": 28,
					"min": 34,
					"max": 948
				},
				"2023-07-07": {
					"avg": 86,
					"count": 4,
					"min": 15,
					"max": 114
				},
				"2023-07-08": {
					"avg": 77,
					"count": 4,
					"min": 38,
					"max": 120
				},
				"2023-07-09": {
					"avg": 59,
					"count": 6,
					"min": 34,
					"max": 117
				},
				"2023-07-10": {
					"avg": 381,
					"count": 21,
					"min": 51,
					"max": 465
				},
				"2023-07-11": {
					"avg": 13,
					"count": 1,
					"min": 13,
					"max": 13
				},
				"2023-07-12": {
					"avg": 31,
					"count": 2,
					"min": 25,
					"max": 36
				},
				"2023-07-13": {
					"avg": 100,
					"count": 7,
					"min": 66,
					"max": 114
				},
				"2023-07-14": {
					"avg": 102,
					"count": 5,
					"min": 19,
					"max": 145
				},
				"2023-07-15": {
					"avg": 133,
					"count": 3,
					"min": 132,
					"max": 134
				},
				"2023-07-16": {
					"avg": 38,
					"count": 3,
					"min": 22,
					"max": 67
				},
				"2023-07-17": {
					"avg": 46,
					"count": 7,
					"min": 35,
					"max": 50
				},
				"2023-07-18": {
					"avg": 127,
					"count": 2,
					"min": 119,
					"max": 136
				},
				"2023-07-19": {
					"avg": 128,
					"count": 12,
					"min": 24,
					"max": 399
				},
				"2023-07-20": {
					"avg": 42,
					"count": 5,
					"min": 20,
					"max": 110
				},
				"2023-07-21": {
					"avg": 32,
					"count": 1,
					"min": 32,
					"max": 32
				},
				"2023-07-22": {
					"avg": 30,
					"count": 1,
					"min": 30,
					"max": 30
				},
				"2023-07-23": {
					"avg": 57,
					"count": 4,
					"min": 25,
					"max": 114
				},
				"2023-07-24": {
					"avg": 62,
					"count": 4,
					"min": 29,
					"max": 124
				},
				"2023-07-25": {
					"avg": 213,
					"count": 14,
					"min": 15,
					"max": 407
				},
				"2023-07-26": {
					"avg": 70,
					"count": 5,
					"min": 10,
					"max": 158
				},
				"2023-07-27": {
					"avg": 124,
					"count": 1,
					"min": 124,
					"max": 124
				},
				"2023-07-29": {
					"avg": 550,
					"count": 26,
					"min": 21,
					"max": 823
				},
				"2023-07-30": {
					"avg": 537,
					"count": 5,
					"min": 37,
					"max": 1091
				},
				"2023-07-31": {
					"avg": 29,
					"count": 1,
					"min": 29,
					"max": 29
				},
				"2023-08-01": {
					"avg": 155,
					"count": 6,
					"min": 51,
					"max": 399
				},
				"2023-08-02": {
					"avg": 52,
					"count": 6,
					"min": 18,
					"max": 113
				},
				"2023-08-03": {
					"avg": 124,
					"count": 5,
					"min": 117,
					"max": 139
				},
				"2023-08-04": {
					"avg": 68,
					"count": 2,
					"min": 30,
					"max": 105
				},
				"2023-08-05": {
					"avg": 19,
					"count": 1,
					"min": 19,
					"max": 19
				},
				"2023-08-06": {
					"avg": 59,
					"count": 2,
					"min": 19,
					"max": 99
				},
				"2023-08-07": {
					"avg": 196,
					"count": 48,
					"min": 20,
					"max": 520
				},
				"2023-08-08": {
					"avg": 86,
					"count": 7,
					"min": 20,
					"max": 120
				},
				"2023-08-09": {
					"avg": 159,
					"count": 9,
					"min": 113,
					"max": 509
				},
				"2023-08-10": {
					"avg": 114,
					"count": 5,
					"min": 37,
					"max": 210
				},
				"2023-08-11": {
					"avg": 38,
					"count": 5,
					"min": 15,
					"max": 80
				},
				"2023-08-14": {
					"avg": 71,
					"count": 5,
					"min": 10,
					"max": 113
				},
				"2023-08-15": {
					"avg": 69,
					"count": 2,
					"min": 19,
					"max": 119
				},
				"2023-08-16": {
					"avg": 132,
					"count": 9,
					"min": 16,
					"max": 233
				},
				"2023-08-17": {
					"avg": 98,
					"count": 3,
					"min": 30,
					"max": 180
				},
				"2023-08-18": {
					"avg": 97,
					"count": 7,
					"min": 39,
					"max": 130
				},
				"2023-08-19": {
					"avg": 30,
					"count": 2,
					"min": 29,
					"max": 31
				},
				"2023-08-20": {
					"avg": 91,
					"count": 2,
					"min": 68,
					"max": 114
				},
				"2023-08-21": {
					"avg": 20,
					"count": 8,
					"min": 20,
					"max": 20
				},
				"2023-08-23": {
					"avg": 733,
					"count": 3,
					"min": 29,
					"max": 2049
				},
				"2023-08-24": {
					"avg": 154,
					"count": 2,
					"min": 97,
					"max": 210
				},
				"2023-08-25": {
					"avg": 141,
					"count": 13,
					"min": 49,
					"max": 250
				},
				"2023-08-26": {
					"avg": 45,
					"count": 8,
					"min": 17,
					"max": 105
				},
				"2023-08-27": {
					"avg": 23,
					"count": 1,
					"min": 23,
					"max": 23
				},
				"2023-08-28": {
					"avg": 112,
					"count": 6,
					"min": 99,
					"max": 125
				},
				"2023-08-29": {
					"avg": 115,
					"count": 2,
					"min": 115,
					"max": 115
				},
				"2023-08-30": {
					"avg": 17,
					"count": 2,
					"min": 15,
					"max": 19
				},
				"2023-08-31": {
					"avg": 25,
					"count": 1,
					"min": 25,
					"max": 25
				},
				"2023-09-01": {
					"avg": 110,
					"count": 2,
					"min": 110,
					"max": 110
				},
				"2023-09-02": {
					"avg": 68,
					"count": 1,
					"min": 68,
					"max": 68
				},
				"2023-09-03": {
					"avg": 97,
					"count": 3,
					"min": 18,
					"max": 198
				},
				"2023-09-04": {
					"avg": 65,
					"count": 2,
					"min": 16,
					"max": 114
				},
				"2023-09-05": {
					"avg": 68,
					"count": 1,
					"min": 68,
					"max": 68
				},
				"2023-09-06": {
					"avg": 59,
					"count": 2,
					"min": 30,
					"max": 87
				},
				"2023-09-07": {
					"avg": 45,
					"count": 1,
					"min": 45,
					"max": 45
				},
				"2023-09-08": {
					"avg": 27,
					"count": 1,
					"min": 27,
					"max": 27
				},
				"2023-09-09": {
					"avg": 60,
					"count": 13,
					"min": 25,
					"max": 412
				},
				"2023-09-10": {
					"avg": 1084,
					"count": 1,
					"min": 1084,
					"max": 1084
				},
				"2023-09-11": {
					"avg": 126,
					"count": 1,
					"min": 126,
					"max": 126
				},
				"2023-09-12": {
					"avg": 82,
					"count": 3,
					"min": 17,
					"max": 126
				},
				"2023-09-13": {
					"avg": 221,
					"count": 3,
					"min": 18,
					"max": 499
				},
				"2023-09-14": {
					"avg": 115,
					"count": 7,
					"min": 27,
					"max": 183
				},
				"2023-09-15": {
					"avg": 99,
					"count": 1,
					"min": 99,
					"max": 99
				},
				"2023-09-16": {
					"avg": 59,
					"count": 2,
					"min": 23,
					"max": 95
				},
				"2023-09-17": {
					"avg": 78,
					"count": 3,
					"min": 27,
					"max": 126
				},
				"2023-09-18": {
					"avg": 61,
					"count": 4,
					"min": 24,
					"max": 97
				},
				"2023-09-19": {
					"avg": 53,
					"count": 3,
					"min": 8,
					"max": 124
				},
				"2023-09-20": {
					"avg": 8,
					"count": 1,
					"min": 8,
					"max": 8
				},
				"2023-09-22": {
					"avg": 95,
					"count": 3,
					"min": 21,
					"max": 225
				},
				"2023-09-23": {
					"avg": 148,
					"count": 20,
					"min": 61,
					"max": 207
				},
				"2023-09-25": {
					"avg": 75,
					"count": 8,
					"min": 20,
					"max": 120
				},
				"2023-09-26": {
					"avg": 117,
					"count": 3,
					"min": 115,
					"max": 118
				},
				"2023-09-27": {
					"avg": 64,
					"count": 2,
					"min": 23,
					"max": 104
				},
				"2023-09-28": {
					"avg": 101,
					"count": 4,
					"min": 47,
					"max": 126
				},
				"2023-09-29": {
					"avg": 64,
					"count": 10,
					"min": 47,
					"max": 101
				},
				"2023-09-30": {
					"avg": 127,
					"count": 7,
					"min": 25,
					"max": 420
				},
				"2023-10-01": {
					"avg": 125,
					"count": 1,
					"min": 125,
					"max": 125
				},
				"2023-10-02": {
					"avg": 210,
					"count": 3,
					"min": 44,
					"max": 499
				},
				"2023-10-04": {
					"avg": 166,
					"count": 3,
					"min": 47,
					"max": 327
				},
				"2023-10-05": {
					"avg": 245,
					"count": 36,
					"min": 16,
					"max": 584
				},
				"2023-10-06": {
					"avg": 73,
					"count": 7,
					"min": 19,
					"max": 111
				},
				"2023-10-07": {
					"avg": 81,
					"count": 2,
					"min": 49,
					"max": 113
				},
				"2023-10-08": {
					"avg": 114,
					"count": 2,
					"min": 49,
					"max": 178
				},
				"2023-10-09": {
					"avg": 30,
					"count": 33,
					"min": 15,
					"max": 104
				},
				"2023-10-11": {
					"avg": 113,
					"count": 4,
					"min": 113,
					"max": 113
				},
				"2023-10-13": {
					"avg": 39,
					"count": 8,
					"min": 24,
					"max": 114
				},
				"2023-10-14": {
					"avg": 71,
					"count": 4,
					"min": 12,
					"max": 124
				},
				"2023-10-16": {
					"avg": 120,
					"count": 1,
					"min": 120,
					"max": 120
				},
				"2023-10-17": {
					"avg": 97,
					"count": 4,
					"min": 38,
					"max": 124
				},
				"2023-10-18": {
					"avg": 116,
					"count": 6,
					"min": 30,
					"max": 134
				},
				"2023-10-19": {
					"avg": 25,
					"count": 52,
					"min": 18,
					"max": 110
				},
				"2023-10-20": {
					"avg": 104,
					"count": 27,
					"min": 27,
					"max": 169
				},
				"2023-10-21": {
					"avg": 22,
					"count": 3,
					"min": 19,
					"max": 24
				},
				"2023-10-22": {
					"avg": 78,
					"count": 2,
					"min": 45,
					"max": 110
				},
				"2023-10-23": {
					"avg": 39,
					"count": 1,
					"min": 39,
					"max": 39
				},
				"2023-10-24": {
					"avg": 75,
					"count": 2,
					"min": 37,
					"max": 114
				},
				"2023-10-25": {
					"avg": 57,
					"count": 1,
					"min": 57,
					"max": 57
				},
				"2023-10-26": {
					"avg": 67,
					"count": 3,
					"min": 17,
					"max": 147
				},
				"2023-10-27": {
					"avg": 67,
					"count": 2,
					"min": 29,
					"max": 104
				},
				"2023-10-28": {
					"avg": 108,
					"count": 60,
					"min": 20,
					"max": 125
				},
				"2023-10-29": {
					"avg": 84,
					"count": 2,
					"min": 78,
					"max": 90
				},
				"2023-10-30": {
					"avg": 139,
					"count": 20,
					"min": 39,
					"max": 354
				},
				"2023-10-31": {
					"avg": 19,
					"count": 2,
					"min": 17,
					"max": 20
				},
				"2023-11-01": {
					"avg": 78,
					"count": 3,
					"min": 24,
					"max": 110
				},
				"2023-11-02": {
					"avg": 20,
					"count": 1,
					"min": 20,
					"max": 20
				},
				"2023-11-04": {
					"avg": 192,
					"count": 4,
					"min": 39,
					"max": 332
				},
				"2023-11-05": {
					"avg": 113,
					"count": 6,
					"min": 101,
					"max": 154
				},
				"2023-11-06": {
					"avg": 186,
					"count": 3,
					"min": 122,
					"max": 252
				},
				"2023-11-07": {
					"avg": 96,
					"count": 2,
					"min": 15,
					"max": 177
				},
				"2023-11-09": {
					"avg": 102,
					"count": 3,
					"min": 66,
					"max": 124
				},
				"2023-11-10": {
					"avg": 74,
					"count": 2,
					"min": 24,
					"max": 124
				},
				"2023-11-11": {
					"avg": 90,
					"count": 3,
					"min": 45,
					"max": 159
				},
				"2023-11-12": {
					"avg": 123,
					"count": 1,
					"min": 123,
					"max": 123
				},
				"2023-11-13": {
					"avg": 174,
					"count": 4,
					"min": 97,
					"max": 381
				},
				"2023-11-14": {
					"avg": 65,
					"count": 3,
					"min": 27,
					"max": 130
				},
				"2023-11-15": {
					"avg": 71,
					"count": 3,
					"min": 40,
					"max": 125
				},
				"2023-11-16": {
					"avg": 25,
					"count": 1,
					"min": 25,
					"max": 25
				},
				"2023-11-17": {
					"avg": 122,
					"count": 4,
					"min": 108,
					"max": 132
				},
				"2023-11-18": {
					"avg": 121,
					"count": 44,
					"min": 19,
					"max": 157
				},
				"2023-11-19": {
					"avg": 97,
					"count": 1,
					"min": 97,
					"max": 97
				},
				"2023-11-20": {
					"avg": 57,
					"count": 2,
					"min": 15,
					"max": 99
				},
				"2023-11-21": {
					"avg": 43,
					"count": 25,
					"min": 18,
					"max": 534
				},
				"2023-11-22": {
					"avg": 115,
					"count": 2,
					"min": 111,
					"max": 119
				},
				"2023-11-23": {
					"avg": 198,
					"count": 1,
					"min": 198,
					"max": 198
				},
				"2023-11-24": {
					"avg": 151,
					"count": 33,
					"min": 15,
					"max": 524
				},
				"2023-11-25": {
					"avg": 68,
					"count": 4,
					"min": 37,
					"max": 119
				},
				"2023-11-26": {
					"avg": 46,
					"count": 4,
					"min": 19,
					"max": 96
				},
				"2023-11-27": {
					"avg": 105,
					"count": 5,
					"min": 20,
					"max": 186
				},
				"2024-05-15": {
					"avg": 39,
					"count": 1,
					"min": 39,
					"max": 39
				},
				"2024-05-16": {
					"avg": 244,
					"count": 2,
					"min": 38,
					"max": 449
				},
				"2024-05-17": {
					"avg": 122,
					"count": 112,
					"min": 11,
					"max": 416
				},
				"2024-05-18": {
					"avg": 199,
					"count": 25,
					"min": 25,
					"max": 541
				},
				"2024-05-19": {
					"avg": 56,
					"count": 6,
					"min": 25,
					"max": 129
				},
				"2024-05-20": {
					"avg": 120,
					"count": 22,
					"min": 24,
					"max": 139
				},
				"2024-05-21": {
					"avg": 56,
					"count": 9,
					"min": 18,
					"max": 147
				},
				"2024-05-22": {
					"avg": 264,
					"count": 2,
					"min": 129,
					"max": 399
				},
				"2024-05-23": {
					"avg": 208,
					"count": 15,
					"min": 46,
					"max": 285
				},
				"2024-05-24": {
					"avg": 16,
					"count": 1,
					"min": 16,
					"max": 16
				},
				"2024-05-25": {
					"avg": 36,
					"count": 2,
					"min": 32,
					"max": 39
				},
				"2024-05-26": {
					"avg": 112,
					"count": 13,
					"min": 44,
					"max": 117
				},
				"2024-05-27": {
					"avg": 162,
					"count": 2,
					"min": 161,
					"max": 163
				},
				"2024-05-29": {
					"avg": 199,
					"count": 2,
					"min": 16,
					"max": 381
				},
				"2024-05-31": {
					"avg": 70,
					"count": 4,
					"min": 10,
					"max": 127
				},
				"2024-06-01": {
					"avg": 15,
					"count": 1,
					"min": 15,
					"max": 15
				},
				"2024-06-02": {
					"avg": 222,
					"count": 1,
					"min": 222,
					"max": 222
				},
				"2024-06-03": {
					"avg": 130,
					"count": 1,
					"min": 130,
					"max": 130
				},
				"2024-06-04": {
					"avg": 161,
					"count": 1,
					"min": 161,
					"max": 161
				},
				"2024-06-05": {
					"avg": 77,
					"count": 2,
					"min": 50,
					"max": 104
				},
				"2024-06-07": {
					"avg": 110,
					"count": 11,
					"min": 17,
					"max": 169
				},
				"2024-06-08": {
					"avg": 206,
					"count": 5,
					"min": 141,
					"max": 222
				},
				"2024-06-09": {
					"avg": 127,
					"count": 1,
					"min": 127,
					"max": 127
				},
				"2024-06-17": {
					"avg": 82,
					"count": 2,
					"min": 45,
					"max": 119
				},
				"2024-06-18": {
					"avg": 154,
					"count": 1,
					"min": 154,
					"max": 154
				},
				"2024-06-20": {
					"avg": 127,
					"count": 1,
					"min": 127,
					"max": 127
				},
				"2024-06-21": {
					"avg": 39,
					"count": 1,
					"min": 39,
					"max": 39
				},
				"2024-06-22": {
					"avg": 138,
					"count": 5,
					"min": 127,
					"max": 145
				},
				"2024-06-23": {
					"avg": 226,
					"count": 3,
					"min": 19,
					"max": 431
				},
				"2024-06-24": {
					"avg": 35,
					"count": 2,
					"min": 15,
					"max": 55
				},
				"2024-06-25": {
					"avg": 109,
					"count": 2,
					"min": 105,
					"max": 113
				},
				"2024-06-26": {
					"avg": 314,
					"count": 1,
					"min": 314,
					"max": 314
				},
				"2024-06-27": {
					"avg": 77,
					"count": 12,
					"min": 19,
					"max": 531
				},
				"2024-06-28": {
					"avg": 87,
					"count": 1,
					"min": 87,
					"max": 87
				},
				"2024-06-29": {
					"avg": 89,
					"count": 7,
					"min": 25,
					"max": 178
				},
				"2024-06-30": {
					"avg": 10,
					"count": 1,
					"min": 10,
					"max": 10
				},
				"2024-07-01": {
					"avg": 139,
					"count": 1,
					"min": 139,
					"max": 139
				},
				"2024-07-02": {
					"avg": 431,
					"count": 1,
					"min": 431,
					"max": 431
				},
				"2024-07-03": {
					"avg": 116,
					"count": 1,
					"min": 116,
					"max": 116
				},
				"2024-07-04": {
					"avg": 100,
					"count": 1,
					"min": 100,
					"max": 100
				},
				"2024-07-05": {
					"avg": 159,
					"count": 1,
					"min": 159,
					"max": 159
				},
				"2024-07-08": {
					"avg": 158,
					"count": 20,
					"min": 32,
					"max": 431
				},
				"2024-07-09": {
					"avg": 22,
					"count": 1,
					"min": 22,
					"max": 22
				},
				"2024-07-11": {
					"avg": 229,
					"count": 1,
					"min": 229,
					"max": 229
				},
				"2024-07-14": {
					"avg": 49,
					"count": 4,
					"min": 22,
					"max": 119
				},
				"2024-07-15": {
					"avg": 8,
					"count": 6,
					"min": 5,
					"max": 25
				},
				"2024-07-16": {
					"avg": 127,
					"count": 1,
					"min": 127,
					"max": 127
				},
				"2024-07-17": {
					"avg": 263,
					"count": 33,
					"min": 17,
					"max": 520
				},
				"2024-07-19": {
					"avg": 144,
					"count": 9,
					"min": 20,
					"max": 453
				},
				"2024-07-20": {
					"avg": 47,
					"count": 1,
					"min": 47,
					"max": 47
				},
				"2024-07-21": {
					"avg": 105,
					"count": 2,
					"min": 32,
					"max": 177
				},
				"2024-07-22": {
					"avg": 82,
					"count": 1,
					"min": 82,
					"max": 82
				},
				"2024-07-23": {
					"avg": 124,
					"count": 1,
					"min": 124,
					"max": 124
				},
				"2024-07-24": {
					"avg": 154,
					"count": 56,
					"min": 15,
					"max": 314
				},
				"2024-07-26": {
					"avg": 171,
					"count": 2,
					"min": 132,
					"max": 209
				},
				"2024-07-27": {
					"avg": 77,
					"count": 3,
					"min": 22,
					"max": 180
				},
				"2024-07-31": {
					"avg": 72,
					"count": 5,
					"min": 22,
					"max": 102
				},
				"2024-08-01": {
					"avg": 1029,
					"count": 1,
					"min": 1029,
					"max": 1029
				},
				"2024-08-02": {
					"avg": 150,
					"count": 2,
					"min": 150,
					"max": 150
				},
				"2024-08-03": {
					"avg": 104,
					"count": 1,
					"min": 104,
					"max": 104
				},
				"2024-08-04": {
					"avg": 21,
					"count": 1,
					"min": 21,
					"max": 21
				},
				"2024-08-05": {
					"avg": 146,
					"count": 2,
					"min": 130,
					"max": 162
				},
				"2024-08-07": {
					"avg": 18,
					"count": 1,
					"min": 18,
					"max": 18
				},
				"2024-08-10": {
					"avg": 42,
					"count": 6,
					"min": 17,
					"max": 150
				},
				"2024-08-11": {
					"avg": 451,
					"count": 1,
					"min": 451,
					"max": 451
				},
				"2024-08-12": {
					"avg": 18,
					"count": 2,
					"min": 17,
					"max": 19
				},
				"2024-08-13": {
					"avg": 17,
					"count": 2,
					"min": 17,
					"max": 17
				},
				"2024-08-14": {
					"avg": 151,
					"count": 4,
					"min": 150,
					"max": 152
				},
				"2024-08-15": {
					"avg": 19,
					"count": 1,
					"min": 19,
					"max": 19
				},
				"2024-08-17": {
					"avg": 231,
					"count": 4,
					"min": 32,
					"max": 297
				},
				"2024-08-18": {
					"avg": 59,
					"count": 20,
					"min": 33,
					"max": 531
				},
				"2024-08-19": {
					"avg": 39,
					"count": 2,
					"min": 25,
					"max": 52
				},
				"2024-08-20": {
					"avg": 36,
					"count": 17,
					"min": 19,
					"max": 38
				},
				"2024-08-21": {
					"avg": 24,
					"count": 5,
					"min": 22,
					"max": 25
				},
				"2024-08-24": {
					"avg": 143,
					"count": 6,
					"min": 25,
					"max": 238
				},
				"2024-08-26": {
					"avg": 21,
					"count": 1,
					"min": 21,
					"max": 21
				},
				"2024-08-28": {
					"avg": 15,
					"count": 1,
					"min": 15,
					"max": 15
				},
				"2024-08-29": {
					"avg": 93,
					"count": 9,
					"min": 21,
					"max": 102
				},
				"2024-08-31": {
					"avg": 71,
					"count": 5,
					"min": 30,
					"max": 218
				},
				"2024-09-01": {
					"avg": 21,
					"count": 4,
					"min": 16,
					"max": 25
				},
				"2024-09-02": {
					"avg": 80,
					"count": 3,
					"min": 25,
					"max": 166
				},
				"2024-09-03": {
					"avg": 25,
					"count": 1,
					"min": 25,
					"max": 25
				},
				"2024-09-04": {
					"avg": 16,
					"count": 2,
					"min": 13,
					"max": 19
				},
				"2024-09-05": {
					"avg": 24,
					"count": 16,
					"min": 15,
					"max": 25
				},
				"2024-09-06": {
					"avg": 36,
					"count": 9,
					"min": 13,
					"max": 145
				},
				"2024-09-08": {
					"avg": 551,
					"count": 1,
					"min": 551,
					"max": 551
				},
				"2024-09-09": {
					"avg": 20,
					"count": 1,
					"min": 20,
					"max": 20
				},
				"2024-09-10": {
					"avg": 21,
					"count": 1,
					"min": 21,
					"max": 21
				},
				"2024-09-11": {
					"avg": 39,
					"count": 1,
					"min": 39,
					"max": 39
				},
				"2024-09-14": {
					"avg": 257,
					"count": 4,
					"min": 24,
					"max": 433
				},
				"2024-09-15": {
					"avg": 50,
					"count": 1,
					"min": 50,
					"max": 50
				},
				"2024-09-16": {
					"avg": 12,
					"count": 4,
					"min": 12,
					"max": 12
				},
				"2024-09-19": {
					"avg": 102,
					"count": 2,
					"min": 50,
					"max": 153
				},
				"2024-09-20": {
					"avg": 55,
					"count": 3,
					"min": 21,
					"max": 120
				},
				"2024-09-21": {
					"avg": 90,
					"count": 2,
					"min": 24,
					"max": 155
				},
				"2024-09-22": {
					"avg": 21,
					"count": 1,
					"min": 21,
					"max": 21
				}
			},
			"avg": 140,
			"avg7": 129,
			"avg28": 129
		},
		"normal-used": {
			"history": {
				"2024-05-26": {
					"avg": 114,
					"count": 1,
					"min": 114,
					"max": 114
				},
				"2024-05-27": {
					"avg": 134,
					"count": 1,
					"min": 134,
					"max": 134
				},
				"2024-05-29": {
					"avg": 41,
					"count": 2,
					"min": 15,
					"max": 67
				},
				"2024-06-07": {
					"avg": 52,
					"count": 4,
					"min": 14,
					"max": 165
				},
				"2024-06-09": {
					"avg": 34,
					"count": 1,
					"min": 34,
					"max": 34
				},
				"2024-06-10": {
					"avg": 14,
					"count": 3,
					"min": 14,
					"max": 14
				},
				"2024-06-22": {
					"avg": 132,
					"count": 1,
					"min": 132,
					"max": 132
				},
				"2024-07-02": {
					"avg": 109,
					"count": 1,
					"min": 109,
					"max": 109
				},
				"2024-07-03": {
					"avg": 14,
					"count": 2,
					"min": 14,
					"max": 14
				},
				"2024-07-04": {
					"avg": 445,
					"count": 8,
					"min": 14,
					"max": 506
				},
				"2024-07-07": {
					"avg": 14,
					"count": 1,
					"min": 14,
					"max": 14
				},
				"2024-07-14": {
					"avg": 9,
					"count": 1,
					"min": 9,
					"max": 9
				},
				"2024-07-16": {
					"avg": 22,
					"count": 1,
					"min": 22,
					"max": 22
				},
				"2024-07-18": {
					"avg": 104,
					"count": 1,
					"min": 104,
					"max": 104
				},
				"2024-07-19": {
					"avg": 136,
					"count": 1,
					"min": 136,
					"max": 136
				},
				"2024-07-21": {
					"avg": 29,
					"count": 1,
					"min": 29,
					"max": 29
				},
				"2024-07-25": {
					"avg": 67,
					"count": 4,
					"min": 67,
					"max": 67
				},
				"2024-07-28": {
					"avg": 128,
					"count": 5,
					"min": 25,
					"max": 204
				},
				"2024-07-29": {
					"avg": 37,
					"count": 1,
					"min": 37,
					"max": 37
				},
				"2024-07-30": {
					"avg": 15,
					"count": 2,
					"min": 15,
					"max": 15
				},
				"2024-07-31": {
					"avg": 39,
					"count": 1,
					"min": 39,
					"max": 39
				},
				"2024-08-03": {
					"avg": 30,
					"count": 1,
					"min": 30,
					"max": 30
				},
				"2024-08-05": {
					"avg": 12,
					"count": 1,
					"min": 12,
					"max": 12
				},
				"2024-08-11": {
					"avg": 14,
					"count": 3,
					"min": 14,
					"max": 14
				},
				"2024-08-12": {
					"avg": 20,
					"count": 1,
					"min": 20,
					"max": 20
				},
				"2024-08-14": {
					"avg": 18,
					"count": 1,
					"min": 18,
					"max": 18
				},
				"2024-08-16": {
					"avg": 83,
					"count": 5,
					"min": 9,
					"max": 143
				},
				"2024-08-17": {
					"avg": 19,
					"count": 2,
					"min": 19,
					"max": 19
				},
				"2024-08-18": {
					"avg": 514,
					"count": 2,
					"min": 514,
					"max": 514
				},
				"2024-08-21": {
					"avg": 96,
					"count": 4,
					"min": 6,
					"max": 201
				},
				"2024-08-23": {
					"avg": 19,
					"count": 1,
					"min": 19,
					"max": 19
				},
				"2024-08-24": {
					"avg": 80,
					"count": 2,
					"min": 29,
					"max": 131
				},
				"2024-08-31": {
					"avg": 519,
					"count": 1,
					"min": 519,
					"max": 519
				},
				"2024-09-03": {
					"avg": 25,
					"count": 1,
					"min": 25,
					"max": 25
				},
				"2024-09-06": {
					"avg": 119,
					"count": 1,
					"min": 119,
					"max": 119
				},
				"2024-09-13": {
					"avg": 15,
					"count": 1,
					"min": 15,
					"max": 15
				},
				"2024-09-20": {
					"avg": 519,
					"count": 1,
					"min": 519,
					"max": 519
				},
				"2024-09-22": {
					"avg": 134,
					"count": 2,
					"min": 134,
					"max": 134
				},
				"2024-09-23": {
					"avg": 22,
					"count": 4,
					"min": 22,
					"max": 22
				}
			},
			"avg": 123,
			"avg7": -1,
			"avg28": -1
		},
		"normal-nearmint": {
			"history": {
				"2024-05-23": {
					"avg": 464,
					"count": 12,
					"min": 155,
					"max": 519
				},
				"2024-05-25": {
					"avg": 126,
					"count": 3,
					"min": 33,
					"max": 197
				},
				"2024-05-27": {
					"avg": 97,
					"count": 1,
					"min": 97,
					"max": 97
				},
				"2024-05-30": {
					"avg": 129,
					"count": 1,
					"min": 129,
					"max": 129
				},
				"2024-05-31": {
					"avg": 128,
					"count": 1,
					"min": 128,
					"max": 128
				},
				"2024-06-01": {
					"avg": 224,
					"count": 4,
					"min": 47,
					"max": 598
				},
				"2024-06-02": {
					"avg": 29,
					"count": 2,
					"min": 29,
					"max": 29
				},
				"2024-06-03": {
					"avg": 49,
					"count": 1,
					"min": 49,
					"max": 49
				},
				"2024-06-04": {
					"avg": 101,
					"count": 2,
					"min": 29,
					"max": 172
				},
				"2024-06-05": {
					"avg": 191,
					"count": 1,
					"min": 191,
					"max": 191
				},
				"2024-06-07": {
					"avg": 333,
					"count": 2,
					"min": 168,
					"max": 498
				},
				"2024-06-08": {
					"avg": 130,
					"count": 2,
					"min": 100,
					"max": 159
				},
				"2024-06-09": {
					"avg": 172,
					"count": 1,
					"min": 172,
					"max": 172
				},
				"2024-06-10": {
					"avg": 202,
					"count": 1,
					"min": 202,
					"max": 202
				},
				"2024-06-11": {
					"avg": 205,
					"count": 4,
					"min": 29,
					"max": 499
				},
				"2024-06-13": {
					"avg": 111,
					"count": 2,
					"min": 71,
					"max": 151
				},
				"2024-06-15": {
					"avg": 49,
					"count": 1,
					"min": 49,
					"max": 49
				},
				"2024-06-16": {
					"avg": 247,
					"count": 3,
					"min": 141,
					"max": 448
				},
				"2024-06-17": {
					"avg": 120,
					"count": 2,
					"min": 99,
					"max": 141
				},
				"2024-06-18": {
					"avg": 85,
					"count": 2,
					"min": 28,
					"max": 142
				},
				"2024-06-19": {
					"avg": 281,
					"count": 2,
					"min": 35,
					"max": 527
				},
				"2024-06-20": {
					"avg": 529,
					"count": 1,
					"min": 529,
					"max": 529
				},
				"2024-06-24": {
					"avg": 146,
					"count": 1,
					"min": 146,
					"max": 146
				},
				"2024-06-25": {
					"avg": 152,
					"count": 1,
					"min": 152,
					"max": 152
				},
				"2024-06-27": {
					"avg": 35,
					"count": 7,
					"min": 29,
					"max": 72
				},
				"2024-06-28": {
					"avg": 104,
					"count": 3,
					"min": 35,
					"max": 147
				},
				"2024-06-29": {
					"avg": 92,
					"count": 11,
					"min": 73,
					"max": 187
				},
				"2024-06-30": {
					"avg": 100,
					"count": 1,
					"min": 100,
					"max": 100
				},
				"2024-07-01": {
					"avg": 100,
					"count": 1,
					"min": 100,
					"max": 100
				},
				"2024-07-06": {
					"avg": 165,
					"count": 8,
					"min": 142,
					"max": 219
				},
				"2024-07-07": {
					"avg": 71,
					"count": 5,
					"min": 29,
					"max": 149
				},
				"2024-07-08": {
					"avg": 70,
					"count": 3,
					"min": 19,
					"max": 141
				},
				"2024-07-09": {
					"avg": 28,
					"count": 1,
					"min": 28,
					"max": 28
				},
				"2024-07-11": {
					"avg": 125,
					"count": 1,
					"min": 125,
					"max": 125
				},
				"2024-07-12": {
					"avg": 273,
					"count": 2,
					"min": 25,
					"max": 521
				},
				"2024-07-13": {
					"avg": 147,
					"count": 1,
					"min": 147,
					"max": 147
				},
				"2024-07-14": {
					"avg": 322,
					"count": 2,
					"min": 147,
					"max": 496
				},
				"2024-07-15": {
					"avg": 88,
					"count": 3,
					"min": 36,
					"max": 127
				},
				"2024-07-16": {
					"avg": 158,
					"count": 4,
					"min": 36,
					"max": 448
				},
				"2024-07-17": {
					"avg": 148,
					"count": 13,
					"min": 28,
					"max": 158
				},
				"2024-07-18": {
					"avg": 202,
					"count": 1,
					"min": 202,
					"max": 202
				},
				"2024-07-21": {
					"avg": 160,
					"count": 1,
					"min": 160,
					"max": 160
				},
				"2024-07-22": {
					"avg": 35,
					"count": 1,
					"min": 35,
					"max": 35
				},
				"2024-07-24": {
					"avg": 146,
					"count": 130,
					"min": 32,
					"max": 207
				},
				"2024-07-26": {
					"avg": 140,
					"count": 6,
					"min": 97,
					"max": 159
				},
				"2024-07-27": {
					"avg": 123,
					"count": 3,
					"min": 24,
					"max": 227
				},
				"2024-07-28": {
					"avg": 111,
					"count": 2,
					"min": 25,
					"max": 197
				},
				"2024-07-29": {
					"avg": 126,
					"count": 5,
					"min": 25,
					"max": 224
				},
				"2024-07-30": {
					"avg": 1044,
					"count": 1,
					"min": 1044,
					"max": 1044
				},
				"2024-08-01": {
					"avg": 69,
					"count": 2,
					"min": 69,
					"max": 69
				},
				"2024-08-02": {
					"avg": 97,
					"count": 9,
					"min": 97,
					"max": 97
				},
				"2024-08-03": {
					"avg": 125,
					"count": 3,
					"min": 84,
					"max": 157
				},
				"2024-08-05": {
					"avg": 120,
					"count": 2,
					"min": 30,
					"max": 210
				},
				"2024-08-06": {
					"avg": 111,
					"count": 8,
					"min": 110,
					"max": 111
				},
				"2024-08-07": {
					"avg": 145,
					"count": 3,
					"min": 75,
					"max": 197
				},
				"2024-08-09": {
					"avg": 137,
					"count": 3,
					"min": 33,
					"max": 197
				},
				"2024-08-10": {
					"avg": 499,
					"count": 2,
					"min": 152,
					"max": 846
				},
				"2024-08-11": {
					"avg": 87,
					"count": 3,
					"min": 28,
					"max": 117
				},
				"2024-08-12": {
					"avg": 154,
					"count": 4,
					"min": 47,
					"max": 319
				},
				"2024-08-13": {
					"avg": 500,
					"count": 1,
					"min": 500,
					"max": 500
				},
				"2024-08-14": {
					"avg": 75,
					"count": 1,
					"min": 75,
					"max": 75
				},
				"2024-08-15": {
					"avg": 25,
					"count": 3,
					"min": 25,
					"max": 26
				},
				"2024-08-16": {
					"avg": 359,
					"count": 2,
					"min": 119,
					"max": 598
				},
				"2024-08-17": {
					"avg": 204,
					"count": 9,
					"min": 26,
					"max": 846
				},
				"2024-08-18": {
					"avg": 444,
					"count": 5,
					"min": 26,
					"max": 548
				},
				"2024-08-19": {
					"avg": 27,
					"count": 3,
					"min": 26,
					"max": 27
				},
				"2024-08-20": {
					"avg": 79,
					"count": 1,
					"min": 79,
					"max": 79
				},
				"2024-08-21": {
					"avg": 156,
					"count": 4,
					"min": 111,
					"max": 192
				},
				"2024-08-22": {
					"avg": 113,
					"count": 2,
					"min": 79,
					"max": 146
				},
				"2024-08-23": {
					"avg": 78,
					"count": 2,
					"min": 27,
					"max": 129
				},
				"2024-08-24": {
					"avg": 119,
					"count": 41,
					"min": 23,
					"max": 147
				},
				"2024-08-25": {
					"avg": 44,
					"count": 1,
					"min": 44,
					"max": 44
				},
				"2024-08-26": {
					"avg": 598,
					"count": 1,
					"min": 598,
					"max": 598
				},
				"2024-08-27": {
					"avg": 27,
					"count": 1,
					"min": 27,
					"max": 27
				},
				"2024-08-28": {
					"avg": 23,
					"count": 3,
					"min": 23,
					"max": 23
				},
				"2024-08-30": {
					"avg": 198,
					"count": 4,
					"min": 171,
					"max": 224
				},
				"2024-08-31": {
					"avg": 62,
					"count": 4,
					"min": 23,
					"max": 171
				},
				"2024-09-01": {
					"avg": 26,
					"count": 2,
					"min": 25,
					"max": 27
				},
				"2024-09-02": {
					"avg": 119,
					"count": 3,
					"min": 27,
					"max": 181
				},
				"2024-09-03": {
					"avg": 259,
					"count": 5,
					"min": 73,
					"max": 598
				},
				"2024-09-04": {
					"avg": 121,
					"count": 2,
					"min": 27,
					"max": 215
				},
				"2024-09-05": {
					"avg": 29,
					"count": 13,
					"min": 27,
					"max": 49
				},
				"2024-09-06": {
					"avg": 234,
					"count": 1,
					"min": 234,
					"max": 234
				},
				"2024-09-07": {
					"avg": 122,
					"count": 3,
					"min": 23,
					"max": 199
				},
				"2024-09-08": {
					"avg": 152,
					"count": 1,
					"min": 152,
					"max": 152
				},
				"2024-09-09": {
					"avg": 25,
					"count": 1,
					"min": 25,
					"max": 25
				},
				"2024-09-10": {
					"avg": 161,
					"count": 2,
					"min": 143,
					"max": 179
				},
				"2024-09-11": {
					"avg": 63,
					"count": 3,
					"min": 49,
					"max": 90
				},
				"2024-09-13": {
					"avg": 23,
					"count": 2,
					"min": 20,
					"max": 25
				},
				"2024-09-15": {
					"avg": 2029,
					"count": 1,
					"min": 2029,
					"max": 2029
				},
				"2024-09-16": {
					"avg": 171,
					"count": 3,
					"min": 111,
					"max": 276
				},
				"2024-09-17": {
					"avg": 598,
					"count": 1,
					"min": 598,
					"max": 598
				},
				"2024-09-18": {
					"avg": 153,
					"count": 2,
					"min": 143,
					"max": 162
				},
				"2024-09-20": {
					"avg": 159,
					"count": 8,
					"min": 28,
					"max": 226
				},
				"2024-09-22": {
					"avg": 35,
					"count": 1,
					"min": 35,
					"max": 35
				},
				"2024-09-23": {
					"avg": 145,
					"count": 1,
					"min": 145,
					"max": 145
				}
			},
			"avg": 155,
			"avg7": -1,
			"avg28": -1
		},
		"normal-played": {
			"history": {
				"2024-05-25": {
					"avg": 126,
					"count": 2,
					"min": 101,
					"max": 151
				},
				"2024-05-26": {
					"avg": 116,
					"count": 3,
					"min": 116,
					"max": 116
				},
				"2024-06-03": {
					"avg": 500,
					"count": 1,
					"min": 500,
					"max": 500
				},
				"2024-06-04": {
					"avg": 125,
					"count": 1,
					"min": 125,
					"max": 125
				},
				"2024-06-06": {
					"avg": 78,
					"count": 2,
					"min": 10,
					"max": 145
				},
				"2024-06-07": {
					"avg": 15,
					"count": 1,
					"min": 15,
					"max": 15
				},
				"2024-06-08": {
					"avg": 15,
					"count": 1,
					"min": 15,
					"max": 15
				},
				"2024-06-09": {
					"avg": 29,
					"count": 1,
					"min": 29,
					"max": 29
				},
				"2024-06-10": {
					"avg": 137,
					"count": 1,
					"min": 137,
					"max": 137
				},
				"2024-06-13": {
					"avg": 38,
					"count": 1,
					"min": 38,
					"max": 38
				},
				"2024-06-17": {
					"avg": 451,
					"count": 4,
					"min": 451,
					"max": 451
				},
				"2024-06-18": {
					"avg": 10,
					"count": 1,
					"min": 10,
					"max": 10
				},
				"2024-06-19": {
					"avg": 74,
					"count": 2,
					"min": 15,
					"max": 132
				},
				"2024-06-22": {
					"avg": 150,
					"count": 4,
					"min": 132,
					"max": 162
				},
				"2024-06-23": {
					"avg": 109,
					"count": 5,
					"min": 109,
					"max": 109
				},
				"2024-06-24": {
					"avg": 15,
					"count": 1,
					"min": 15,
					"max": 15
				},
				"2024-06-25": {
					"avg": 141,
					"count": 1,
					"min": 141,
					"max": 141
				},
				"2024-06-27": {
					"avg": 15,
					"count": 7,
					"min": 15,
					"max": 15
				},
				"2024-06-28": {
					"avg": 40,
					"count": 1,
					"min": 40,
					"max": 40
				},
				"2024-06-29": {
					"avg": 113,
					"count": 2,
					"min": 42,
					"max": 183
				},
				"2024-07-04": {
					"avg": 213,
					"count": 1,
					"min": 213,
					"max": 213
				},
				"2024-07-05": {
					"avg": 404,
					"count": 1,
					"min": 404,
					"max": 404
				},
				"2024-07-06": {
					"avg": 3,
					"count": 1,
					"min": 3,
					"max": 3
				},
				"2024-07-07": {
					"avg": 32,
					"count": 1,
					"min": 32,
					"max": 32
				},
				"2024-07-08": {
					"avg": 33,
					"count": 13,
					"min": 27,
					"max": 107
				},
				"2024-07-09": {
					"avg": 129,
					"count": 1,
					"min": 129,
					"max": 129
				},
				"2024-07-10": {
					"avg": 79,
					"count": 4,
					"min": 14,
					"max": 274
				},
				"2024-07-11": {
					"avg": 11,
					"count": 2,
					"min": 10,
					"max": 12
				},
				"2024-07-12": {
					"avg": 137,
					"count": 1,
					"min": 137,
					"max": 137
				},
				"2024-07-14": {
					"avg": 22,
					"count": 1,
					"min": 22,
					"max": 22
				},
				"2024-07-15": {
					"avg": 106,
					"count": 2,
					"min": 3,
					"max": 208
				},
				"2024-07-16": {
					"avg": 10,
					"count": 3,
					"min": 3,
					"max": 25
				},
				"2024-07-17": {
					"avg": 142,
					"count": 1,
					"min": 142,
					"max": 142
				},
				"2024-07-18": {
					"avg": 107,
					"count": 2,
					"min": 107,
					"max": 107
				},
				"2024-07-19": {
					"avg": 14,
					"count": 4,
					"min": 14,
					"max": 14
				},
				"2024-07-22": {
					"avg": 44,
					"count": 1,
					"min": 44,
					"max": 44
				},
				"2024-07-23": {
					"avg": 144,
					"count": 2,
					"min": 123,
					"max": 165
				},
				"2024-07-24": {
					"avg": 196,
					"count": 11,
					"min": 114,
					"max": 512
				},
				"2024-07-25": {
					"avg": 13,
					"count": 2,
					"min": 12,
					"max": 14
				},
				"2024-07-26": {
					"avg": 132,
					"count": 3,
					"min": 132,
					"max": 132
				},
				"2024-07-27": {
					"avg": 54,
					"count": 6,
					"min": 15,
					"max": 128
				},
				"2024-07-30": {
					"avg": 181,
					"count": 1,
					"min": 181,
					"max": 181
				},
				"2024-07-31": {
					"avg": 129,
					"count": 2,
					"min": 129,
					"max": 129
				},
				"2024-08-03": {
					"avg": 130,
					"count": 1,
					"min": 130,
					"max": 130
				},
				"2024-08-04": {
					"avg": 103,
					"count": 3,
					"min": 25,
					"max": 147
				},
				"2024-08-10": {
					"avg": 160,
					"count": 1,
					"min": 160,
					"max": 160
				},
				"2024-08-11": {
					"avg": 162,
					"count": 1,
					"min": 162,
					"max": 162
				},
				"2024-08-14": {
					"avg": 99,
					"count": 4,
					"min": 25,
					"max": 136
				},
				"2024-08-15": {
					"avg": 10,
					"count": 1,
					"min": 10,
					"max": 10
				},
				"2024-08-16": {
					"avg": 132,
					"count": 3,
					"min": 132,
					"max": 132
				},
				"2024-08-18": {
					"avg": 543,
					"count": 1,
					"min": 543,
					"max": 543
				},
				"2024-08-20": {
					"avg": 43,
					"count": 1,
					"min": 43,
					"max": 43
				},
				"2024-08-21": {
					"avg": 142,
					"count": 1,
					"min": 142,
					"max": 142
				},
				"2024-08-22": {
					"avg": 128,
					"count": 1,
					"min": 128,
					"max": 128
				},
				"2024-08-23": {
					"avg": 25,
					"count": 1,
					"min": 25,
					"max": 25
				},
				"2024-08-24": {
					"avg": 160,
					"count": 1,
					"min": 160,
					"max": 160
				},
				"2024-08-25": {
					"avg": 14,
					"count": 1,
					"min": 14,
					"max": 14
				},
				"2024-08-26": {
					"avg": 10,
					"count": 1,
					"min": 10,
					"max": 10
				},
				"2024-08-27": {
					"avg": 14,
					"count": 1,
					"min": 14,
					"max": 14
				},
				"2024-08-28": {
					"avg": 200,
					"count": 1,
					"min": 200,
					"max": 200
				},
				"2024-08-31": {
					"avg": 76,
					"count": 2,
					"min": 14,
					"max": 137
				},
				"2024-09-01": {
					"avg": 18,
					"count": 2,
					"min": 10,
					"max": 25
				},
				"2024-09-02": {
					"avg": 41,
					"count": 2,
					"min": 39,
					"max": 42
				},
				"2024-09-03": {
					"avg": 42,
					"count": 4,
					"min": 41,
					"max": 42
				},
				"2024-09-06": {
					"avg": 135,
					"count": 4,
					"min": 118,
					"max": 147
				},
				"2024-09-07": {
					"avg": 15,
					"count": 1,
					"min": 15,
					"max": 15
				},
				"2024-09-08": {
					"avg": 35,
					"count": 3,
					"min": 35,
					"max": 35
				},
				"2024-09-10": {
					"avg": 36,
					"count": 1,
					"min": 36,
					"max": 36
				},
				"2024-09-12": {
					"avg": 74,
					"count": 2,
					"min": 15,
					"max": 132
				},
				"2024-09-13": {
					"avg": 137,
					"count": 1,
					"min": 137,
					"max": 137
				},
				"2024-09-14": {
					"avg": 35,
					"count": 2,
					"min": 35,
					"max": 35
				},
				"2024-09-17": {
					"avg": 23,
					"count": 2,
					"min": 16,
					"max": 30
				},
				"2024-09-18": {
					"avg": 117,
					"count": 3,
					"min": 35,
					"max": 174
				},
				"2024-09-21": {
					"avg": 20,
					"count": 1,
					"min": 20,
					"max": 20
				},
				"2024-09-22": {
					"avg": 129,
					"count": 3,
					"min": 42,
					"max": 208
				}
			},
			"avg": 100,
			"avg7": -1,
			"avg28": -1
		},
		"normal-poor": {
			"history": {
				"2024-06-03": {
					"avg": 136,
					"count": 1,
					"min": 136,
					"max": 136
				},
				"2024-06-04": {
					"avg": 25,
					"count": 1,
					"min": 25,
					"max": 25
				},
				"2024-06-06": {
					"avg": 25,
					"count": 1,
					"min": 25,
					"max": 25
				},
				"2024-06-08": {
					"avg": 406,
					"count": 1,
					"min": 406,
					"max": 406
				},
				"2024-06-10": {
					"avg": 11,
					"count": 1,
					"min": 11,
					"max": 11
				},
				"2024-06-14": {
					"avg": 25,
					"count": 1,
					"min": 25,
					"max": 25
				},
				"2024-06-22": {
					"avg": 132,
					"count": 1,
					"min": 132,
					"max": 132
				},
				"2024-06-25": {
					"avg": 132,
					"count": 1,
					"min": 132,
					"max": 132
				},
				"2024-06-28": {
					"avg": 11,
					"count": 1,
					"min": 11,
					"max": 11
				},
				"2024-07-04": {
					"avg": 11,
					"count": 1,
					"min": 11,
					"max": 11
				},
				"2024-07-06": {
					"avg": 110,
					"count": 1,
					"min": 110,
					"max": 110
				},
				"2024-07-11": {
					"avg": 15,
					"count": 1,
					"min": 15,
					"max": 15
				},
				"2024-07-15": {
					"avg": 12,
					"count": 1,
					"min": 12,
					"max": 12
				},
				"2024-07-22": {
					"avg": 30,
					"count": 1,
					"min": 30,
					"max": 30
				},
				"2024-07-23": {
					"avg": 68,
					"count": 7,
					"min": 9,
					"max": 110
				},
				"2024-08-12": {
					"avg": 140,
					"count": 2,
					"min": 140,
					"max": 140
				},
				"2024-08-14": {
					"avg": 17,
					"count": 1,
					"min": 17,
					"max": 17
				},
				"2024-08-16": {
					"avg": 185,
					"count": 4,
					"min": 110,
					"max": 261
				},
				"2024-08-31": {
					"avg": 10,
					"count": 2,
					"min": 10,
					"max": 10
				},
				"2024-09-16": {
					"avg": 17,
					"count": 1,
					"min": 17,
					"max": 17
				},
				"2024-09-17": {
					"avg": 18,
					"count": 1,
					"min": 18,
					"max": 18
				}
			},
			"avg": 83,
			"avg7": -1,
			"avg28": -1
		}
	}
}