{
	"data": {
		"normal-good": {
			"history": {
				"2022-11-12": {
					"avg": 112,
					"count": 4
				},
				"2022-11-13": {
					"avg": 103,
					"count": 4
				},
				"2022-11-14": {
					"avg": 33,
					"count": 3
				},
				"2022-11-15": {
					"avg": 16,
					"count": 1
				},
				"2022-11-16": {
					"avg": 47,
					"count": 39
				},
				"2022-11-17": {
					"avg": 153,
					"count": 4
				},
				"2022-11-18": {
					"avg": 139,
					"count": 1
				},
				"2022-11-19": {
					"avg": 329,
					"count": 7,
					"min": 225,
					"max": 360
				},
				"2022-11-20": {
					"avg": 18,
					"count": 3,
					"min": 13,
					"max": 25
				},
				"2022-11-23": {
					"avg": 17,
					"count": 2,
					"min": 13,
					"max": 20
				},
				"2022-11-24": {
					"avg": 13,
					"count": 1,
					"min": 13,
					"max": 13
				},
				"2022-11-25": {
					"avg": 91,
					"count": 8,
					"min": 13,
					"max": 524
				},
				"2022-11-26": {
					"avg": 66,
					"count": 2,
					"min": 16,
					"max": 116
				},
				"2022-11-27": {
					"avg": 52,
					"count": 7,
					"min": 17,
					"max": 162
				},
				"2022-11-28": {
					"avg": 102,
					"count": 4,
					"min": 21,
					"max": 162
				},
				"2022-11-29": {
					"avg": 164,
					"count": 1,
					"min": 164,
					"max": 164
				},
				"2022-12-02": {
					"avg": 16,
					"count": 2,
					"min": 10,
					"max": 21
				},
				"2022-12-04": {
					"avg": 111,
					"count": 6,
					"min": 21,
					"max": 161
				},
				"2022-12-05": {
					"avg": 21,
					"count": 1,
					"min": 21,
					"max": 21
				},
				"2022-12-06": {
					"avg": 17,
					"count": 1,
					"min": 17,
					"max": 17
				},
				"2022-12-07": {
					"avg": 64,
					"count": 7,
					"min": 12,
					"max": 214
				},
				"2022-12-09": {
					"avg": 79,
					"count": 5,
					"min": 17,
					"max": 122
				},
				"2022-12-10": {
					"avg": 24,
					"count": 39,
					"min": 17,
					"max": 25
				},
				"2022-12-11": {
					"avg": 41,
					"count": 4,
					"min": 19,
					"max": 107
				},
				"2022-12-12": {
					"avg": 190,
					"count": 2,
					"min": 149,
					"max": 230
				},
				"2022-12-13": {
					"avg": 127,
					"count": 8,
					"min": 17,
					"max": 412
				},
				"2022-12-14": {
					"avg": 19,
					"count": 1,
					"min": 19,
					"max": 19
				},
				"2022-12-15": {
					"avg": 88,
					"count": 4,
					"min": 17,
					"max": 199
				},
				"2022-12-16": {
					"avg": 83,
					"count": 9,
					"min": 11,
					"max": 214
				},
				"2022-12-17": {
					"avg": 21,
					"count": 1,
					"min": 21,
					"max": 21
				},
				"2022-12-18": {
					"avg": 103,
					"count": 3,
					"min": 15,
					"max": 147
				},
				"2022-12-21": {
					"avg": 52,
					"count": 3,
					"min": 10,
					"max": 124
				},
				"2022-12-22": {
					"avg": 278,
					"count": 1,
					"min": 278,
					"max": 278
				},
				"2022-12-23": {
					"avg": 34,
					"count": 2,
					"min": 17,
					"max": 50
				},
				"2022-12-24": {
					"avg": 17,
					"count": 1,
					"min": 17,
					"max": 17
				},
				"2022-12-25": {
					"avg": 105,
					"count": 3,
					"min": 21,
					"max": 147
				},
				"2022-12-26": {
					"avg": 21,
					"count": 1,
					"min": 21,
					"max": 21
				},
				"2022-12-27": {
					"avg": 102,
					"count": 4,
					"min": 17,
					"max": 246
				},
				"2022-12-28": {
					"avg": 113,
					"count": 1,
					"min": 113,
					"max": 113
				},
				"2022-12-29": {
					"avg": 148,
					"count": 1,
					"min": 148,
					"max": 148
				},
				"2022-12-30": {
					"avg": 32,
					"count": 4,
					"min": 19,
					"max": 44
				},
				"2022-12-31": {
					"avg": 92,
					"count": 3,
					"min": 18,
					"max": 129
				},
				"2023-01-01": {
					"avg": 99,
					"count": 6,
					"min": 21,
					"max": 149
				},
				"2023-01-02": {
					"avg": 91,
					"count": 2,
					"min": 68,
					"max": 113
				},
				"2023-01-03": {
					"avg": 47,
					"count": 5,
					"min": 16,
					"max": 125
				},
				"2023-01-04": {
					"avg": 54,
					"count": 5,
					"min": 21,
					"max": 124
				},
				"2023-01-05": {
					"avg": 75,
					"count": 13,
					"min": 20,
					"max": 215
				},
				"2023-01-06": {
					"avg": 137,
					"count": 2,
					"min": 56,
					"max": 217
				},
				"2023-01-07": {
					"avg": 48,
					"count": 8,
					"min": 13,
					"max": 128
				},
				"2023-01-08": {
					"avg": 27,
					"count": 14,
					"min": 19,
					"max": 71
				},
				"2023-01-09": {
					"avg": 112,
					"count": 9,
					"min": 100,
					"max": 113
				},
				"2023-01-10": {
					"avg": 20,
					"count": 1,
					"min": 20,
					"max": 20
				},
				"2023-01-11": {
					"avg": 83,
					"count": 17,
					"min": 20,
					"max": 143
				},
				"2023-01-12": {
					"avg": 23,
					"count": 3,
					"min": 19,
					"max": 29
				},
				"2023-02-06": {
					"avg": 164,
					"count": 6,
					"min": 25,
					"max": 574
				},
				"2023-02-07": {
					"avg": 82,
					"count": 3,
					"min": 19,
					"max": 199
				},
				"2023-02-08": {
					"avg": 72,
					"count": 17,
					"min": 19,
					"max": 526
				},
				"2023-02-10": {
					"avg": 189,
					"count": 8,
					"min": 19,
					"max": 499
				},
				"2023-02-11": {
					"avg": 94,
					"count": 4,
					"min": 21,
					"max": 118
				},
				"2023-02-12": {
					"avg": 508,
					"count": 4,
					"min": 21,
					"max": 1737
				},
				"2023-02-13": {
					"avg": 199,
					"count": 1,
					"min": 199,
					"max": 199
				},
				"2023-02-14": {
					"avg": 99,
					"count": 1,
					"min": 99,
					"max": 99
				},
				"2023-02-15": {
					"avg": 47,
					"count": 2,
					"min": 47,
					"max": 47
				},
				"2023-02-16": {
					"avg": 46,
					"count": 33,
					"min": 19,
					"max": 94
				},
				"2023-02-17": {
					"avg": 245,
					"count": 3,
					"min": 19,
					"max": 519
				},
				"2023-02-18": {
					"avg": 135,
					"count": 7,
					"min": 19,
					"max": 215
				},
				"2023-02-20": {
					"avg": 20,
					"count": 3,
					"min": 10,
					"max": 25
				},
				"2023-02-21": {
					"avg": 19,
					"count": 2,
					"min": 19,
					"max": 19
				},
				"2023-02-22": {
					"avg": 73,
					"count": 2,
					"min": 69,
					"max": 77
				},
				"2023-02-23": {
					"avg": 61,
					"count": 5,
					"min": 19,
					"max": 111
				},
				"2023-02-24": {
					"avg": 70,
					"count": 6,
					"min": 19,
					"max": 197
				},
				"2023-02-26": {
					"avg": 394,
					"count": 6,
					"min": 60,
					"max": 897
				},
				"2023-02-27": {
					"avg": 96,
					"count": 3,
					"min": 30,
					"max": 144
				},
				"2023-02-28": {
					"avg": 117,
					"count": 2,
					"min": 47,
					"max": 187
				},
				"2023-03-01": {
					"avg": 19,
					"count": 1,
					"min": 19,
					"max": 19
				},
				"2023-03-02": {
					"avg": 48,
					"count": 7,
					"min": 19,
					"max": 135
				},
				"2023-03-03": {
					"avg": 102,
					"count": 1,
					"min": 102,
					"max": 102
				},
				"2023-03-04": {
					"avg": 61,
					"count": 2,
					"min": 23,
					"max": 99
				},
				"2023-03-05": {
					"avg": 47,
					"count": 3,
					"min": 19,
					"max": 103
				},
				"2023-03-06": {
					"avg": 83,
					"count": 2,
					"min": 20,
					"max": 146
				},
				"2023-03-07": {
					"avg": 44,
					"count": 2,
					"min": 34,
					"max": 54
				},
				"2023-03-09": {
					"avg": 21,
					"count": 1,
					"min": 21,
					"max": 21
				},
				"2023-03-10": {
					"avg": 29,
					"count": 11,
					"min": 10,
					"max": 124
				},
				"2023-03-11": {
					"avg": 18,
					"count": 3,
					"min": 10,
					"max": 22
				},
				"2023-03-12": {
					"avg": 59,
					"count": 2,
					"min": 13,
					"max": 105
				},
				"2023-03-13": {
					"avg": 107,
					"count": 2,
					"min": 79,
					"max": 135
				},
				"2023-03-14": {
					"avg": 67,
					"count": 2,
					"min": 12,
					"max": 122
				},
				"2023-03-15": {
					"avg": 223,
					"count": 4,
					"min": 8,
					"max": 698
				},
				"2023-03-18": {
					"avg": 423,
					"count": 4,
					"min": 111,
					"max": 527
				},
				"2023-03-20": {
					"avg": 68,
					"count": 8,
					"min": 19,
					"max": 145
				},
				"2023-03-21": {
					"avg": 92,
					"count": 3,
					"min": 16,
					"max": 149
				},
				"2023-03-22": {
					"avg": 325,
					"count": 29,
					"min": 325,
					"max": 325
				},
				"2023-03-24": {
					"avg": 13,
					"count": 4,
					"min": 12,
					"max": 15
				},
				"2023-03-25": {
					"avg": 70,
					"count": 33,
					"min": 25,
					"max": 73
				},
				"2023-03-26": {
					"avg": 125,
					"count": 1,
					"min": 125,
					"max": 125
				},
				"2023-03-27": {
					"avg": 119,
					"count": 1,
					"min": 119,
					"max": 119
				},
				"2023-03-28": {
					"avg": 378,
					"count": 1,
					"min": 378,
					"max": 378
				},
				"2023-03-29": {
					"avg": 98,
					"count": 14,
					"min": 24,
					"max": 110
				},
				"2023-03-31": {
					"avg": 25,
					"count": 1,
					"min": 25,
					"max": 25
				},
				"2023-04-01": {
					"avg": 59,
					"count": 3,
					"min": 20,
					"max": 128
				},
				"2023-04-02": {
					"avg": 91,
					"count": 3,
					"min": 25,
					"max": 133
				},
				"2023-04-03": {
					"avg": 145,
					"count": 1,
					"min": 145,
					"max": 145
				},
				"2023-04-04": {
					"avg": 428,
					"count": 2,
					"min": 24,
					"max": 831
				},
				"2023-04-05": {
					"avg": 113,
					"count": 4,
					"min": 25,
					"max": 378
				},
				"2023-04-06": {
					"avg": 521,
					"count": 1,
					"min": 521,
					"max": 521
				},
				"2023-04-07": {
					"avg": 39,
					"count": 6,
					"min": 20,
					"max": 123
				},
				"2023-04-08": {
					"avg": 274,
					"count": 2,
					"min": 20,
					"max": 528
				},
				"2023-04-09": {
					"avg": 108,
					"count": 3,
					"min": 25,
					"max": 153
				},
				"2023-04-10": {
					"avg": 64,
					"count": 2,
					"min": 15,
					"max": 113
				},
				"2023-04-11": {
					"avg": 107,
					"count": 3,
					"min": 29,
					"max": 199
				},
				"2023-04-12": {
					"avg": 52,
					"count": 7,
					"min": 24,
					"max": 124
				},
				"2023-04-15": {
					"avg": 92,
					"count": 3,
					"min": 29,
					"max": 174
				},
				"2023-04-17": {
					"avg": 307,
					"count": 7,
					"min": 29,
					"max": 399
				},
				"2023-04-18": {
					"avg": 62,
					"count": 7,
					"min": 20,
					"max": 119
				},
				"2023-04-19": {
					"avg": 370,
					"count": 3,
					"min": 37,
					"max": 548
				},
				"2023-04-20": {
					"avg": 167,
					"count": 4,
					"min": 25,
					"max": 378
				},
				"2023-04-21": {
					"avg": 109,
					"count": 2,
					"min": 40,
					"max": 178
				},
				"2023-04-22": {
					"avg": 28,
					"count": 2,
					"min": 25,
					"max": 30
				},
				"2023-04-23": {
					"avg": 172,
					"count": 3,
					"min": 17,
					"max": 375
				},
				"2023-04-25": {
					"avg": 30,
					"count": 2,
					"min": 20,
					"max": 40
				},
				"2023-04-26": {
					"avg": 63,
					"count": 6,
					"min": 12,
					"max": 79
				},
				"2023-04-27": {
					"avg": 78,
					"count": 4,
					"min": 20,
					"max": 144
				},
				"2023-04-29": {
					"avg": 76,
					"count": 2,
					"min": 25,
					"max": 126
				},
				"2023-05-01": {
					"avg": 20,
					"count": 5,
					"min": 20,
					"max": 20
				},
				"2023-05-02": {
					"avg": 249,
					"count": 4,
					"min": 108,
					"max": 381
				},
				"2023-05-04": {
					"avg": 25,
					"count": 5,
					"min": 25,
					"max": 27
				},
				"2023-05-05": {
					"avg": 68,
					"count": 18,
					"min": 20,
					"max": 73
				},
				"2023-05-06": {
					"avg": 222,
					"count": 7,
					"min": 20,
					"max": 335
				},
				"2023-05-07": {
					"avg": 127,
					"count": 1,
					"min": 127,
					"max": 127
				},
				"2023-05-08": {
					"avg": 119,
					"count": 6,
					"min": 119,
					"max": 119
				},
				"2023-05-09": {
					"avg": 81,
					"count": 3,
					"min": 20,
					"max": 124
				},
				"2023-05-10": {
					"avg": 21,
					"count": 1,
					"min": 21,
					"max": 21
				},
				"2023-05-11": {
					"avg": 87,
					"count": 2,
					"min": 27,
					"max": 147
				},
				"2023-05-12": {
					"avg": 94,
					"count": 2,
					"min": 18,
					"max": 169
				},
				"2023-05-13": {
					"avg": 26,
					"count": 2,
					"min": 25,
					"max": 27
				},
				"2023-05-14": {
					"avg": 113,
					"count": 2,
					"min": 111,
					"max": 114
				},
				"2023-05-15": {
					"avg": 24,
					"count": 2,
					"min": 23,
					"max": 25
				},
				"2023-05-16": {
					"avg": 101,
					"count": 5,
					"min": 29,
					"max": 147
				},
				"2023-05-17": {
					"avg": 37,
					"count": 2,
					"min": 25,
					"max": 48
				},
				"2023-05-18": {
					"avg": 123,
					"count": 3,
					"min": 18,
					"max": 204
				},
				"2023-05-19": {
					"avg": 31,
					"count": 4,
					"min": 20,
					"max": 58
				},
				"2023-05-20": {
					"avg": 61,
					"count": 2,
					"min": 61,
					"max": 61
				},
				"2023-05-22": {
					"avg": 370,
					"count": 3,
					"min": 35,
					"max": 1027
				},
				"2023-05-23": {
					"avg": 53,
					"count": 4,
					"min": 23,
					"max": 119
				},
				"2023-05-24": {
					"avg": 71,
					"count": 4,
					"min": 23,
					"max": 118
				},
				"2023-05-27": {
					"avg": 27,
					"count": 1,
					"min": 27,
					"max": 27
				},
				"2023-05-29": {
					"avg": 220,
					"count": 5,
					"min": 25,
					"max": 948
				},
				"2023-05-30": {
					"avg": 178,
					"count": 1,
					"min": 178,
					"max": 178
				},
				"2023-05-31": {
					"avg": 171,
					"count": 1,
					"min": 171,
					"max": 171
				},
				"2023-06-01": {
					"avg": 90,
					"count": 69,
					"min": 20,
					"max": 526
				},
				"2023-06-02": {
					"avg": 199,
					"count": 1,
					"min": 199,
					"max": 199
				},
				"2023-06-03": {
					"avg": 49,
					"count": 1,
					"min": 49,
					"max": 49
				},
				"2023-06-04": {
					"avg": 183,
					"count": 3,
					"min": 20,
					"max": 423
				},
				"2023-06-05": {
					"avg": 148,
					"count": 1,
					"min": 148,
					"max": 148
				},
				"2023-06-06": {
					"avg": 66,
					"count": 3,
					"min": 39,
					"max": 110
				},
				"2023-06-07": {
					"avg": 74,
					"count": 5,
					"min": 20,
					"max": 150
				},
				"2023-06-09": {
					"avg": 101,
					"count": 4,
					"min": 83,
					"max": 119
				},
				"2023-06-10": {
					"avg": 26,
					"count": 1,
					"min": 26,
					"max": 26
				},
				"2023-06-12": {
					"avg": 64,
					"count": 1,
					"min": 64,
					"max": 64
				},
				"2023-06-13": {
					"avg": 30,
					"count": 1,
					"min": 30,
					"max": 30
				},
				"2023-06-14": {
					"avg": 84,
					"count": 3,
					"min": 49,
					"max": 155
				},
				"2023-06-15": {
					"avg": 176,
					"count": 4,
					"min": 147,
					"max": 221
				},
				"2023-06-17": {
					"avg": 22,
					"count": 15,
					"min": 20,
					"max": 39
				},
				"2023-06-18": {
					"avg": 73,
					"count": 21,
					"min": 30,
					"max": 123
				},
				"2023-06-20": {
					"avg": 28,
					"count": 6,
					"min": 20,
					"max": 32
				},
				"2023-06-21": {
					"avg": 43,
					"count": 2,
					"min": 36,
					"max": 49
				},
				"2023-06-22": {
					"avg": 238,
					"count": 3,
					"min": 23,
					"max": 669
				},
				"2023-06-23": {
					"avg": 23,
					"count": 2,
					"min": 23,
					"max": 23
				},
				"2023-06-24": {
					"avg": 36,
					"count": 2,
					"min": 23,
					"max": 49
				},
				"2023-06-25": {
					"avg": 107,
					"count": 3,
					"min": 49,
					"max": 147
				},
				"2023-06-26": {
					"avg": 74,
					"count": 2,
					"min": 23,
					"max": 124
				},
				"2023-06-27": {
					"avg": 119,
					"count": 2,
					"min": 106,
					"max": 131
				},
				"2023-06-29": {
					"avg": 27,
					"count": 2,
					"min": 23,
					"max": 30
				},
				"2023-06-30": {
					"avg": 303,
					"count": 6,
					"min": 39,
					"max": 421
				},
				"2023-07-01": {
					"avg": 52,
					"count": 1,
					"min": 52,
					"max": 52
				},
				"2023-07-02": {
					"avg": 84,
					"count": 3,
					"min": 23,
					"max": 174
				},
				"2023-07-03": {
					"avg": 43,
					"count": 4,
					"min": 25,
					"max": 49
				},
				"2023-07-04": {
					"avg": 20,
					"count": 1,
					"min": 20,
					"max": 20
				},
				"2023-07-06": {
					"avg": 119,
					"count": 1,
					"min": 119,
					"max": 119
				},
				"2023-07-07": {
					"avg": 250,
					"count": 1,
					"min": 250,
					"max": 250
				},
				"2023-07-08": {
					"avg": 58,
					"count": 3,
					"min": 20,
					"max": 120
				},
				"2023-07-09": {
					"avg": 30,
					"count": 1,
					"min": 30,
					"max": 30
				},
				"2023-07-10": {
					"avg": 139,
					"count": 4,
					"min": 23,
					"max": 426
				},
				"2023-07-12": {
					"avg": 194,
					"count": 5,
					"min": 20,
					"max": 579
				},
				"2023-07-13": {
					"avg": 65,
					"count": 7,
					"min": 37,
					"max": 70
				},
				"2023-07-14": {
					"avg": 152,
					"count": 5,
					"min": 115,
					"max": 199
				},
				"2023-07-15": {
					"avg": 97,
					"count": 3,
					"min": 30,
					"max": 137
				},
				"2023-07-16": {
					"avg": 50,
					"count": 2,
					"min": 30,
					"max": 70
				},
				"2023-07-17": {
					"avg": 115,
					"count": 4,
					"min": 100,
					"max": 120
				},
				"2023-07-18": {
					"avg": 47,
					"count": 27,
					"min": 20,
					"max": 127
				},
				"2023-07-19": {
					"avg": 58,
					"count": 2,
					"min": 18,
					"max": 98
				},
				"2023-07-20": {
					"avg": 147,
					"count": 3,
					"min": 20,
					"max": 239
				},
				"2023-07-22": {
					"avg": 115,
					"count": 5,
					"min": 21,
					"max": 381
				},
				"2023-07-23": {
					"avg": 145,
					"count": 3,
					"min": 29,
					"max": 328
				},
				"2023-07-24": {
					"avg": 71,
					"count": 4,
					"min": 25,
					"max": 124
				},
				"2023-07-25": {
					"avg": 80,
					"count": 2,
					"min": 30,
					"max": 129
				},
				"2023-07-26": {
					"avg": 73,
					"count": 4,
					"min": 21,
					"max": 125
				},
				"2023-07-27": {
					"avg": 71,
					"count": 4,
					"min": 30,
					"max": 126
				},
				"2023-07-29": {
					"avg": 54,
					"count": 4,
					"min": 21,
					"max": 124
				},
				"2023-07-30": {
					"avg": 549,
					"count": 4,
					"min": 23,
					"max": 1032
				},
				"2023-07-31": {
					"avg": 124,
					"count": 1,
					"min": 124,
					"max": 124
				},
				"2023-08-01": {
					"avg": 177,
					"count": 6,
					"min": 44,
					"max": 449
				},
				"2023-08-02": {
					"avg": 46,
					"count": 8,
					"min": 20,
					"max": 50
				},
				"2023-08-03": {
					"avg": 25,
					"count": 1,
					"min": 25,
					"max": 25
				},
				"2023-08-04": {
					"avg": 30,
					"count": 1,
					"min": 30,
					"max": 30
				},
				"2023-08-05": {
					"avg": 113,
					"count": 3,
					"min": 111,
					"max": 116
				},
				"2023-08-06": {
					"avg": 39,
					"count": 3,
					"min": 13,
					"max": 89
				},
				"2023-08-07": {
					"avg": 104,
					"count": 12,
					"min": 25,
					"max": 399
				},
				"2023-08-08": {
					"avg": 19,
					"count": 1,
					"min": 19,
					"max": 19
				},
				"2023-08-09": {
					"avg": 64,
					"count": 6,
					"min": 19,
					"max": 117
				},
				"2023-08-10": {
					"avg": 134,
					"count": 5,
					"min": 106,
					"max": 207
				},
				"2023-08-11": {
					"avg": 20,
					"count": 1,
					"min": 20,
					"max": 20
				},
				"2023-08-12": {
					"avg": 39,
					"count": 3,
					"min": 20,
					"max": 76
				},
				"2023-08-14": {
					"avg": 200,
					"count": 2,
					"min": 18,
					"max": 381
				},
				"2023-08-15": {
					"avg": 30,
					"count": 1,
					"min": 30,
					"max": 30
				},
				"2023-08-16": {
					"avg": 120,
					"count": 6,
					"min": 32,
					"max": 188
				},
				"2023-08-17": {
					"avg": 25,
					"count": 1,
					"min": 25,
					"max": 25
				},
				"2023-08-18": {
					"avg": 152,
					"count": 4,
					"min": 29,
					"max": 399
				},
				"2023-08-19": {
					"avg": 200,
					"count": 2,
					"min": 18,
					"max": 381
				},
				"2023-08-20": {
					"avg": 73,
					"count": 6,
					"min": 22,
					"max": 148
				},
				"2023-08-21": {
					"avg": 75,
					"count": 4,
					"min": 27,
					"max": 117
				},
				"2023-08-23": {
					"avg": 557,
					"count": 4,
					"min": 29,
					"max": 2047
				},
				"2023-08-24": {
					"avg": 121,
					"count": 10,
					"min": 19,
					"max": 299
				},
				"2023-08-25": {
					"avg": 262,
					"count": 2,
					"min": 124,
					"max": 399
				},
				"2023-08-26": {
					"avg": 124,
					"count": 1,
					"min": 124,
					"max": 124
				},
				"2023-08-27": {
					"avg": 61,
					"count": 3,
					"min": 30,
					"max": 124
				},
				"2023-08-28": {
					"avg": 180,
					"count": 2,
					"min": 161,
					"max": 199
				},
				"2023-08-30": {
					"avg": 124,
					"count": 1,
					"min": 124,
					"max": 124
				},
				"2023-08-31": {
					"avg": 381,
					"count": 1,
					"min": 381,
					"max": 381
				},
				"2023-09-02": {
					"avg": 65,
					"count": 3,
					"min": 50,
					"max": 73
				},
				"2023-09-03": {
					"avg": 181,
					"count": 2,
					"min": 100,
					"max": 261
				},
				"2023-09-04": {
					"avg": 147,
					"count": 3,
					"min": 79,
					"max": 244
				},
				"2023-09-05": {
					"avg": 57,
					"count": 1,
					"min": 57,
					"max": 57
				},
				"2023-09-06": {
					"avg": 27,
					"count": 4,
					"min": 27,
					"max": 27
				},
				"2023-09-07": {
					"avg": 141,
					"count": 4,
					"min": 24,
					"max": 381
				},
				"2023-09-08": {
					"avg": 136,
					"count": 2,
					"min": 124,
					"max": 148
				},
				"2023-09-09": {
					"avg": 105,
					"count": 4,
					"min": 31,
					"max": 147
				},
				"2023-09-10": {
					"avg": 93,
					"count": 4,
					"min": 27,
					"max": 119
				},
				"2023-09-11": {
					"avg": 61,
					"count": 3,
					"min": 22,
					"max": 132
				},
				"2023-09-12": {
					"avg": 64,
					"count": 9,
					"min": 22,
					"max": 118
				},
				"2023-09-13": {
					"avg": 398,
					"count": 3,
					"min": 147,
					"max": 523
				},
				"2023-09-14": {
					"avg": 35,
					"count": 3,
					"min": 24,
					"max": 57
				},
				"2023-09-15": {
					"avg": 29,
					"count": 1,
					"min": 29,
					"max": 29
				},
				"2023-09-16": {
					"avg": 119,
					"count": 2,
					"min": 119,
					"max": 119
				},
				"2023-09-17": {
					"avg": 240,
					"count": 3,
					"min": 31,
					"max": 516
				},
				"2023-09-18": {
					"avg": 107,
					"count": 4,
					"min": 23,
					"max": 147
				},
				"2023-09-19": {
					"avg": 25,
					"count": 2,
					"min": 20,
					"max": 29
				},
				"2023-09-21": {
					"avg": 21,
					"count": 2,
					"min": 10,
					"max": 31
				},
				"2023-09-22": {
					"avg": 94,
					"count": 1,
					"min": 94,
					"max": 94
				},
				"2023-09-23": {
					"avg": 61,
					"count": 16,
					"min": 25,
					"max": 128
				},
				"2023-09-25": {
					"avg": 28,
					"count": 12,
					"min": 11,
					"max": 124
				},
				"2023-09-26": {
					"avg": 119,
					"count": 1,
					"min": 119,
					"max": 119
				},
				"2023-09-27": {
					"avg": 25,
					"count": 1,
					"min": 25,
					"max": 25
				},
				"2023-09-28": {
					"avg": 100,
					"count": 2,
					"min": 15,
					"max": 184
				},
				"2023-09-29": {
					"avg": 54,
					"count": 3,
					"min": 27,
					"max": 103
				},
				"2023-09-30": {
					"avg": 70,
					"count": 13,
					"min": 21,
					"max": 189
				},
				"2023-10-01": {
					"avg": 34,
					"count": 2,
					"min": 20,
					"max": 48
				},
				"2023-10-02": {
					"avg": 23,
					"count": 3,
					"min": 23,
					"max": 23
				},
				"2023-10-03": {
					"avg": 101,
					"count": 3,
					"min": 22,
					"max": 163
				},
				"2023-10-04": {
					"avg": 105,
					"count": 5,
					"min": 70,
					"max": 140
				},
				"2023-10-05": {
					"avg": 73,
					"count": 2,
					"min": 23,
					"max": 122
				},
				"2023-10-06": {
					"avg": 175,
					"count": 1,
					"min": 175,
					"max": 175
				},
				"2023-10-07": {
					"avg": 22,
					"count": 12,
					"min": 18,
					"max": 25
				},
				"2023-10-08": {
					"avg": 50,
					"count": 2,
					"min": 50,
					"max": 50
				},
				"2023-10-09": {
					"avg": 19,
					"count": 1,
					"min": 19,
					"max": 19
				},
				"2023-10-10": {
					"avg": 128,
					"count": 1,
					"min": 128,
					"max": 128
				},
				"2023-10-11": {
					"avg": 110,
					"count": 2,
					"min": 110,
					"max": 110
				},
				"2023-10-12": {
					"avg": 24,
					"count": 2,
					"min": 18,
					"max": 30
				},
				"2023-10-13": {
					"avg": 170,
					"count": 6,
					"min": 18,
					"max": 409
				},
				"2023-10-14": {
					"avg": 119,
					"count": 1,
					"min": 119,
					"max": 119
				},
				"2023-10-16": {
					"avg": 223,
					"count": 2,
					"min": 29,
					"max": 417
				},
				"2023-10-17": {
					"avg": 92,
					"count": 4,
					"min": 23,
					"max": 199
				},
				"2023-10-18": {
					"avg": 25,
					"count": 1,
					"min": 25,
					"max": 25
				},
				"2023-10-19": {
					"avg": 63,
					"count": 3,
					"min": 18,
					"max": 117
				},
				"2023-10-20": {
					"avg": 159,
					"count": 16,
					"min": 102,
					"max": 225
				},
				"2023-10-21": {
					"avg": 26,
					"count": 3,
					"min": 20,
					"max": 29
				},
				"2023-10-22": {
					"avg": 26,
					"count": 3,
					"min": 25,
					"max": 26
				},
				"2023-10-23": {
					"avg": 75,
					"count": 2,
					"min": 18,
					"max": 131
				},
				"2023-10-24": {
					"avg": 104,
					"count": 1,
					"min": 104,
					"max": 104
				},
				"2023-10-25": {
					"avg": 78,
					"count": 2,
					"min": 57,
					"max": 99
				},
				"2023-10-26": {
					"avg": 58,
					"count": 3,
					"min": 5,
					"max": 144
				},
				"2023-10-27": {
					"avg": 86,
					"count": 2,
					"min": 40,
					"max": 132
				},
				"2023-10-28": {
					"avg": 89,
					"count": 2,
					"min": 26,
					"max": 152
				},
				"2023-10-29": {
					"avg": 121,
					"count": 6,
					"min": 21,
					"max": 424
				},
				"2023-10-30": {
					"avg": 87,
					"count": 3,
					"min": 23,
					"max": 199
				},
				"2023-10-31": {
					"avg": 137,
					"count": 2,
					"min": 23,
					"max": 251
				},
				"2023-11-01": {
					"avg": 219,
					"count": 3,
					"min": 23,
					"max": 503
				},
				"2023-11-02": {
					"avg": 259,
					"count": 6,
					"min": 21,
					"max": 499
				},
				"2023-11-03": {
					"avg": 61,
					"count": 2,
					"min": 27,
					"max": 95
				},
				"2023-11-04": {
					"avg": 399,
					"count": 13,
					"min": 39,
					"max": 503
				},
				"2023-11-05": {
					"avg": 143,
					"count": 2,
					"min": 102,
					"max": 184
				},
				"2023-11-06": {
					"avg": 125,
					"count": 2,
					"min": 125,
					"max": 126
				},
				"2023-11-07": {
					"avg": 126,
					"count": 1,
					"min": 126,
					"max": 126
				},
				"2023-11-09": {
					"avg": 12,
					"count": 4,
					"min": 3,
					"max": 24
				},
				"2023-11-11": {
					"avg": 19,
					"count": 2,
					"min": 17,
					"max": 20
				},
				"2023-11-12": {
					"avg": 60,
					"count": 2,
					"min": 16,
					"max": 104
				},
				"2023-11-13": {
					"avg": 189,
					"count": 3,
					"min": 44,
					"max": 399
				},
				"2023-11-14": {
					"avg": 58,
					"count": 4,
					"min": 16,
					"max": 99
				},
				"2023-11-15": {
					"avg": 26,
					"count": 2,
					"min": 25,
					"max": 26
				},
				"2023-11-16": {
					"avg": 37,
					"count": 5,
					"min": 22,
					"max": 65
				},
				"2023-11-17": {
					"avg": 67,
					"count": 12,
					"min": 16,
					"max": 198
				},
				"2023-11-18": {
					"avg": 23,
					"count": 2,
					"min": 19,
					"max": 26
				},
				"2023-11-19": {
					"avg": 122,
					"count": 3,
					"min": 39,
					"max": 225
				},
				"2023-11-20": {
					"avg": 108,
					"count": 1,
					"min": 108,
					"max": 108
				},
				"2023-11-21": {
					"avg": 25,
					"count": 1,
					"min": 25,
					"max": 25
				},
				"2023-11-22": {
					"avg": 55,
					"count": 3,
					"min": 26,
					"max": 99
				},
				"2023-11-23": {
					"avg": 114,
					"count": 2,
					"min": 99,
					"max": 129
				},
				"2023-11-24": {
					"avg": 101,
					"count": 11,
					"min": 15,
					"max": 188
				},
				"2023-11-25": {
					"avg": 119,
					"count": 1,
					"min": 119,
					"max": 119
				},
				"2023-11-26": {
					"avg": 92,
					"count": 5,
					"min": 25,
					"max": 138
				},
				"2023-11-27": {
					"avg": 136,
					"count": 9,
					"min": 30,
					"max": 199
				},
				"2024-05-16": {
					"avg": 222,
					"count": 4,
					"min": 138,
					"max": 474
				},
				"2024-05-17": {
					"avg": 147,
					"count": 16,
					"min": 13,
					"max": 512
				},
				"2024-05-18": {
					"avg": 246,
					"count": 65,
					"min": 15,
					"max": 326
				},
				"2024-05-19": {
					"avg": 49,
					"count": 4,
					"min": 19,
					"max": 99
				},
				"2024-05-20": {
					"avg": 166,
					"count": 6,
					"min": 25,
					"max": 593
				},
				"2024-05-22": {
					"avg": 122,
					"count": 4,
					"min": 34,
					"max": 190
				},
				"2024-05-24": {
					"avg": 224,
					"count": 1,
					"min": 224,
					"max": 224
				},
				"2024-05-25": {
					"avg": 50,
					"count": 1,
					"min": 50,
					"max": 50
				},
				"2024-05-26": {
					"avg": 279,
					"count": 10,
					"min": 120,
					"max": 517
				},
				"2024-05-27": {
					"avg": 160,
					"count": 7,
					"min": 50,
					"max": 222
				},
				"2024-05-29": {
					"avg": 381,
					"count": 1,
					"min": 381,
					"max": 381
				},
				"2024-05-30": {
					"avg": 82,
					"count": 3,
					"min": 18,
					"max": 130
				},
				"2024-06-02": {
					"avg": 222,
					"count": 1,
					"min": 222,
					"max": 222
				},
				"2024-06-03": {
					"avg": 73,
					"count": 2,
					"min": 49,
					"max": 97
				},
				"2024-06-04": {
					"avg": 138,
					"count": 1,
					"min": 138,
					"max": 138
				},
				"2024-06-05": {
					"avg": 140,
					"count": 1,
					"min": 140,
					"max": 140
				},
				"2024-06-06": {
					"avg": 75,
					"count": 2,
					"min": 12,
					"max": 138
				},
				"2024-06-07": {
					"avg": 50,
					"count": 3,
					"min": 50,
					"max": 50
				},
				"2024-06-08": {
					"avg": 223,
					"count": 6,
					"min": 222,
					"max": 224
				},
				"2024-06-09": {
					"avg": 132,
					"count": 1,
					"min": 132,
					"max": 132
				},
				"2024-06-10": {
					"avg": 137,
					"count": 4,
					"min": 137,
					"max": 137
				},
				"2024-06-12": {
					"avg": 144,
					"count": 1,
					"min": 144,
					"max": 144
				},
				"2024-06-14": {
					"avg": 132,
					"count": 1,
					"min": 132,
					"max": 132
				},
				"2024-06-15": {
					"avg": 120,
					"count": 2,
					"min": 23,
					"max": 217
				},
				"2024-06-16": {
					"avg": 190,
					"count": 1,
					"min": 190,
					"max": 190
				},
				"2024-06-17": {
					"avg": 124,
					"count": 2,
					"min": 124,
					"max": 124
				},
				"2024-06-18": {
					"avg": 154,
					"count": 1,
					"min": 154,
					"max": 154
				},
				"2024-06-20": {
					"avg": 184,
					"count": 4,
					"min": 184,
					"max": 184
				},
				"2024-06-23": {
					"avg": 144,
					"count": 6,
					"min": 23,
					"max": 182
				},
				"2024-06-24": {
					"avg": 38,
					"count": 2,
					"min": 25,
					"max": 50
				},
				"2024-06-25": {
					"avg": 18,
					"count": 1,
					"min": 18,
					"max": 18
				},
				"2024-06-29": {
					"avg": 138,
					"count": 14,
					"min": 25,
					"max": 154
				},
				"2024-06-30": {
					"avg": 119,
					"count": 1,
					"min": 119,
					"max": 119
				},
				"2024-07-02": {
					"avg": 226,
					"count": 2,
					"min": 20,
					"max": 431
				},
				"2024-07-05": {
					"avg": 21,
					"count": 1,
					"min": 21,
					"max": 21
				},
				"2024-07-06": {
					"avg": 136,
					"count": 7,
					"min": 132,
					"max": 137
				},
				"2024-07-07": {
					"avg": 73,
					"count": 2,
					"min": 15,
					"max": 130
				},
				"2024-07-08": {
					"avg": 175,
					"count": 11,
					"min": 10,
					"max": 267
				},
				"2024-07-09": {
					"avg": 89,
					"count": 2,
					"min": 8,
					"max": 170
				},
				"2024-07-10": {
					"avg": 215,
					"count": 2,
					"min": 215,
					"max": 215
				},
				"2024-07-11": {
					"avg": 53,
					"count": 2,
					"min": 53,
					"max": 53
				},
				"2024-07-12": {
					"avg": 53,
					"count": 1,
					"min": 53,
					"max": 53
				},
				"2024-07-13": {
					"avg": 185,
					"count": 4,
					"min": 22,
					"max": 431
				},
				"2024-07-15": {
					"avg": 16,
					"count": 2,
					"min": 8,
					"max": 24
				},
				"2024-07-16": {
					"avg": 63,
					"count": 12,
					"min": 25,
					"max": 107
				},
				"2024-07-17": {
					"avg": 22,
					"count": 1,
					"min": 22,
					"max": 22
				},
				"2024-07-19": {
					"avg": 114,
					"count": 5,
					"min": 22,
					"max": 453
				},
				"2024-07-20": {
					"avg": 18,
					"count": 6,
					"min": 13,
					"max": 35
				},
				"2024-07-21": {
					"avg": 118,
					"count": 1,
					"min": 118,
					"max": 118
				},
				"2024-07-22": {
					"avg": 54,
					"count": 6,
					"min": 35,
					"max": 135
				},
				"2024-07-25": {
					"avg": 49,
					"count": 1,
					"min": 49,
					"max": 49
				},
				"2024-07-26": {
					"avg": 143,
					"count": 2,
					"min": 137,
					"max": 149
				},
				"2024-07-29": {
					"avg": 145,
					"count": 1,
					"min": 145,
					"max": 145
				},
				"2024-08-01": {
					"avg": 731,
					"count": 2,
					"min": 431,
					"max": 1031
				},
				"2024-08-02": {
					"avg": 119,
					"count": 5,
					"min": 100,
					"max": 137
				},
				"2024-08-03": {
					"avg": 53,
					"count": 4,
					"min": 35,
					"max": 107
				},
				"2024-08-04": {
					"avg": 107,
					"count": 3,
					"min": 107,
					"max": 107
				},
				"2024-08-07": {
					"avg": 158,
					"count": 3,
					"min": 158,
					"max": 158
				},
				"2024-08-10": {
					"avg": 27,
					"count": 2,
					"min": 19,
					"max": 35
				},
				"2024-08-11": {
					"avg": 78,
					"count": 3,
					"min": 49,
					"max": 135
				},
				"2024-08-12": {
					"avg": 135,
					"count": 1,
					"min": 135,
					"max": 135
				},
				"2024-08-14": {
					"avg": 149,
					"count": 1,
					"min": 149,
					"max": 149
				},
				"2024-08-15": {
					"avg": 137,
					"count": 1,
					"min": 137,
					"max": 137
				},
				"2024-08-16": {
					"avg": 208,
					"count": 2,
					"min": 208,
					"max": 208
				},
				"2024-08-18": {
					"avg": 488,
					"count": 9,
					"min": 141,
					"max": 531
				},
				"2024-08-19": {
					"avg": 37,
					"count": 2,
					"min": 24,
					"max": 50
				},
				"2024-08-20": {
					"avg": 97,
					"count": 4,
					"min": 25,
					"max": 314
				},
				"2024-08-21": {
					"avg": 86,
					"count": 22,
					"min": 25,
					"max": 130
				},
				"2024-08-22": {
					"avg": 66,
					"count": 3,
					"min": 25,
					"max": 147
				},
				"2024-08-24": {
					"avg": 113,
					"count": 4,
					"min": 30,
					"max": 142
				},
				"2024-08-25": {
					"avg": 50,
					"count": 1,
					"min": 50,
					"max": 50
				},
				"2024-08-26": {
					"avg": 147,
					"count": 1,
					"min": 147,
					"max": 147
				},
				"2024-08-28": {
					"avg": 169,
					"count": 4,
					"min": 42,
					"max": 211
				},
				"2024-08-30": {
					"avg": 35,
					"count": 1,
					"min": 35,
					"max": 35
				},
				"2024-08-31": {
					"avg": 182,
					"count": 1,
					"min": 182,
					"max": 182
				},
				"2024-09-01": {
					"avg": 96,
					"count": 4,
					"min": 30,
					"max": 162
				},
				"2024-09-02": {
					"avg": 43,
					"count": 3,
					"min": 28,
					"max": 50
				},
				"2024-09-03": {
					"avg": 137,
					"count": 1,
					"min": 137,
					"max": 137
				},
				"2024-09-05": {
					"avg": 50,
					"count": 1,
					"min": 50,
					"max": 50
				},
				"2024-09-06": {
					"avg": 22,
					"count": 2,
					"min": 14,
					"max": 30
				},
				"2024-09-07": {
					"avg": 73,
					"count": 2,
					"min": 27,
					"max": 119
				},
				"2024-09-09": {
					"avg": 152,
					"count": 2,
					"min": 35,
					"max": 269
				},
				"2024-09-12": {
					"avg": 159,
					"count": 1,
					"min": 159,
					"max": 159
				},
				"2024-09-13": {
					"avg": 124,
					"count": 1,
					"min": 124,
					"max": 124
				},
				"2024-09-14": {
					"avg": 269,
					"count": 2,
					"min": 269,
					"max": 269
				},
				"2024-09-17": {
					"avg": 292,
					"count": 3,
					"min": 139,
					"max": 587
				},
				"2024-09-18": {
					"avg": 30,
					"count": 2,
					"min": 12,
					"max": 48
				},
				"2024-09-19": {
					"avg": 178,
					"count": 3,
					"min": 151,
					"max": 227
				},
				"2024-09-20": {
					"avg": 290,
					"count": 2,
					"min": 49,
					"max": 531
				},
				"2024-09-22": {
					"avg": 431,
					"count": 1,
					"min": 431,
					"max": 431
				}
			},
			"avg": 115,
			"avg7": 211,
			"avg28": 211
		},
		"normal-nearmint": {
			"history": {
				"2024-05-23": {
					"avg": 151,
					"count": 1,
					"min": 151,
					"max": 151
				},
				"2024-05-24": {
					"avg": 42,
					"count": 2,
					"min": 28,
					"max": 55
				},
				"2024-05-26": {
					"avg": 125,
					"count": 2,
					"min": 99,
					"max": 151
				},
				"2024-05-27": {
					"avg": 166,
					"count": 4,
					"min": 99,
					"max": 238
				},
				"2024-05-30": {
					"avg": 40,
					"count": 1,
					"min": 40,
					"max": 40
				},
				"2024-05-31": {
					"avg": 110,
					"count": 2,
					"min": 25,
					"max": 194
				},
				"2024-06-01": {
					"avg": 104,
					"count": 1,
					"min": 104,
					"max": 104
				},
				"2024-06-03": {
					"avg": 150,
					"count": 2,
					"min": 124,
					"max": 176
				},
				"2024-06-05": {
					"avg": 201,
					"count": 1,
					"min": 201,
					"max": 201
				},
				"2024-06-07": {
					"avg": 109,
					"count": 1,
					"min": 109,
					"max": 109
				},
				"2024-06-08": {
					"avg": 87,
					"count": 2,
					"min": 74,
					"max": 100
				},
				"2024-06-09": {
					"avg": 151,
					"count": 2,
					"min": 125,
					"max": 176
				},
				"2024-06-10": {
					"avg": 156,
					"count": 1,
					"min": 156,
					"max": 156
				},
				"2024-06-13": {
					"avg": 136,
					"count": 2,
					"min": 124,
					"max": 147
				},
				"2024-06-15": {
					"avg": 182,
					"count": 2,
					"min": 64,
					"max": 300
				},
				"2024-06-16": {
					"avg": 129,
					"count": 16,
					"min": 129,
					"max": 129
				},
				"2024-06-17": {
					"avg": 35,
					"count": 1,
					"min": 35,
					"max": 35
				},
				"2024-06-18": {
					"avg": 165,
					"count": 3,
					"min": 146,
					"max": 202
				},
				"2024-06-19": {
					"avg": 146,
					"count": 1,
					"min": 146,
					"max": 146
				},
				"2024-06-20": {
					"avg": 134,
					"count": 1,
					"min": 134,
					"max": 134
				},
				"2024-06-21": {
					"avg": 107,
					"count": 1,
					"min": 107,
					"max": 107
				},
				"2024-06-23": {
					"avg": 178,
					"count": 1,
					"min": 178,
					"max": 178
				},
				"2024-06-24": {
					"avg": 274,
					"count": 2,
					"min": 100,
					"max": 448
				},
				"2024-06-25": {
					"avg": 187,
					"count": 2,
					"min": 124,
					"max": 249
				},
				"2024-06-26": {
					"avg": 1746,
					"count": 5,
					"min": 100,
					"max": 2178
				},
				"2024-06-28": {
					"avg": 129,
					"count": 1,
					"min": 129,
					"max": 129
				},
				"2024-06-29": {
					"avg": 119,
					"count": 7,
					"min": 29,
					"max": 239
				},
				"2024-06-30": {
					"avg": 25,
					"count": 1,
					"min": 25,
					"max": 25
				},
				"2024-07-03": {
					"avg": 77,
					"count": 4,
					"min": 77,
					"max": 77
				},
				"2024-07-04": {
					"avg": 152,
					"count": 1,
					"min": 152,
					"max": 152
				},
				"2024-07-05": {
					"avg": 124,
					"count": 1,
					"min": 124,
					"max": 124
				},
				"2024-07-06": {
					"avg": 74,
					"count": 6,
					"min": 29,
					"max": 173
				},
				"2024-07-07": {
					"avg": 52,
					"count": 4,
					"min": 25,
					"max": 124
				},
				"2024-07-08": {
					"avg": 98,
					"count": 2,
					"min": 49,
					"max": 147
				},
				"2024-07-10": {
					"avg": 27,
					"count": 5,
					"min": 25,
					"max": 36
				},
				"2024-07-11": {
					"avg": 35,
					"count": 1,
					"min": 35,
					"max": 35
				},
				"2024-07-12": {
					"avg": 25,
					"count": 2,
					"min": 25,
					"max": 25
				},
				"2024-07-14": {
					"avg": 151,
					"count": 1,
					"min": 151,
					"max": 151
				},
				"2024-07-15": {
					"avg": 124,
					"count": 2,
					"min": 25,
					"max": 223
				},
				"2024-07-16": {
					"avg": 157,
					"count": 1,
					"min": 157,
					"max": 157
				},
				"2024-07-17": {
					"avg": 223,
					"count": 1,
					"min": 223,
					"max": 223
				},
				"2024-07-18": {
					"avg": 250,
					"count": 1,
					"min": 250,
					"max": 250
				},
				"2024-07-19": {
					"avg": 215,
					"count": 1,
					"min": 215,
					"max": 215
				},
				"2024-07-22": {
					"avg": 76,
					"count": 3,
					"min": 35,
					"max": 152
				},
				"2024-07-27": {
					"avg": 124,
					"count": 1,
					"min": 124,
					"max": 124
				},
				"2024-07-28": {
					"avg": 88,
					"count": 4,
					"min": 51,
					"max": 153
				},
				"2024-07-29": {
					"avg": 111,
					"count": 3,
					"min": 36,
					"max": 152
				},
				"2024-08-01": {
					"avg": 1048,
					"count": 4,
					"min": 1048,
					"max": 1048
				},
				"2024-08-03": {
					"avg": 97,
					"count": 1,
					"min": 97,
					"max": 97
				},
				"2024-08-04": {
					"avg": 300,
					"count": 2,
					"min": 222,
					"max": 378
				},
				"2024-08-05": {
					"avg": 132,
					"count": 3,
					"min": 30,
					"max": 209
				},
				"2024-08-07": {
					"avg": 33,
					"count": 1,
					"min": 33,
					"max": 33
				},
				"2024-08-08": {
					"avg": 77,
					"count": 1,
					"min": 77,
					"max": 77
				},
				"2024-08-09": {
					"avg": 29,
					"count": 1,
					"min": 29,
					"max": 29
				},
				"2024-08-11": {
					"avg": 207,
					"count": 4,
					"min": 35,
					"max": 513
				},
				"2024-08-12": {
					"avg": 224,
					"count": 3,
					"min": 123,
					"max": 324
				},
				"2024-08-16": {
					"avg": 224,
					"count": 1,
					"min": 224,
					"max": 224
				},
				"2024-08-17": {
					"avg": 51,
					"count": 3,
					"min": 32,
					"max": 90
				},
				"2024-08-20": {
					"avg": 99,
					"count": 1,
					"min": 99,
					"max": 99
				},
				"2024-08-21": {
					"avg": 183,
					"count": 3,
					"min": 125,
					"max": 248
				},
				"2024-08-22": {
					"avg": 33,
					"count": 1,
					"min": 33,
					"max": 33
				},
				"2024-08-23": {
					"avg": 129,
					"count": 1,
					"min": 129,
					"max": 129
				},
				"2024-08-25": {
					"avg": 34,
					"count": 1,
					"min": 34,
					"max": 34
				},
				"2024-08-26": {
					"avg": 351,
					"count": 2,
					"min": 77,
					"max": 624
				},
				"2024-08-27": {
					"avg": 448,
					"count": 1,
					"min": 448,
					"max": 448
				},
				"2024-08-28": {
					"avg": 34,
					"count": 1,
					"min": 34,
					"max": 34
				},
				"2024-08-29": {
					"avg": 20,
					"count": 1,
					"min": 20,
					"max": 20
				},
				"2024-08-30": {
					"avg": 249,
					"count": 1,
					"min": 249,
					"max": 249
				},
				"2024-08-31": {
					"avg": 30,
					"count": 1,
					"min": 30,
					"max": 30
				},
				"2024-09-01": {
					"avg": 69,
					"count": 3,
					"min": 20,
					"max": 166
				},
				"2024-09-02": {
					"avg": 70,
					"count": 3,
					"min": 34,
					"max": 98
				},
				"2024-09-03": {
					"avg": 224,
					"count": 3,
					"min": 24,
					"max": 624
				},
				"2024-09-06": {
					"avg": 88,
					"count": 1,
					"min": 88,
					"max": 88
				},
				"2024-09-07": {
					"avg": 24,
					"count": 1,
					"min": 24,
					"max": 24
				},
				"2024-09-08": {
					"avg": 161,
					"count": 1,
					"min": 161,
					"max": 161
				},
				"2024-09-09": {
					"avg": 33,
					"count": 2,
					"min": 31,
					"max": 34
				},
				"2024-09-10": {
					"avg": 31,
					"count": 11,
					"min": 24,
					"max": 98
				},
				"2024-09-11": {
					"avg": 93,
					"count": 2,
					"min": 35,
					"max": 151
				},
				"2024-09-13": {
					"avg": 30,
					"count": 3,
					"min": 27,
					"max": 34
				},
				"2024-09-16": {
					"avg": 135,
					"count": 4,
					"min": 37,
					"max": 228
				},
				"2024-09-18": {
					"avg": 173,
					"count": 2,
					"min": 157,
					"max": 189
				},
				"2024-09-20": {
					"avg": 155,
					"count": 3,
					"min": 85,
					"max": 223
				},
				"2024-09-22": {
					"avg": 180,
					"count": 2,
					"min": 150,
					"max": 210
				}
			},
			"avg": 181,
			"avg7": -1,
			"avg28": -1
		},
		"normal-played": {
			"history": {
				"2024-05-24": {
					"avg": 22,
					"count": 1,
					"min": 22,
					"max": 22
				},
				"2024-05-27": {
					"avg": 400,
					"count": 1,
					"min": 400,
					"max": 400
				},
				"2024-05-30": {
					"avg": 136,
					"count": 1,
					"min": 136,
					"max": 136
				},
				"2024-05-31": {
					"avg": 19,
					"count": 1,
					"min": 19,
					"max": 19
				},
				"2024-06-01": {
					"avg": 146,
					"count": 1,
					"min": 146,
					"max": 146
				},
				"2024-06-02": {
					"avg": 22,
					"count": 1,
					"min": 22,
					"max": 22
				},
				"2024-06-05": {
					"avg": 61,
					"count": 5,
					"min": 15,
					"max": 125
				},
				"2024-06-07": {
					"avg": 20,
					"count": 1,
					"min": 20,
					"max": 20
				},
				"2024-06-08": {
					"avg": 121,
					"count": 4,
					"min": 21,
					"max": 218
				},
				"2024-06-09": {
					"avg": 171,
					"count": 1,
					"min": 171,
					"max": 171
				},
				"2024-06-12": {
					"avg": 72,
					"count": 2,
					"min": 25,
					"max": 118
				},
				"2024-06-19": {
					"avg": 21,
					"count": 1,
					"min": 21,
					"max": 21
				},
				"2024-06-20": {
					"avg": 132,
					"count": 1,
					"min": 132,
					"max": 132
				},
				"2024-06-23": {
					"avg": 162,
					"count": 1,
					"min": 162,
					"max": 162
				},
				"2024-06-27": {
					"avg": 21,
					"count": 3,
					"min": 21,
					"max": 21
				},
				"2024-06-29": {
					"avg": 131,
					"count": 1,
					"min": 131,
					"max": 131
				},
				"2024-07-01": {
					"avg": 21,
					"count": 3,
					"min": 21,
					"max": 21
				},
				"2024-07-02": {
					"avg": 56,
					"count": 3,
					"min": 25,
					"max": 117
				},
				"2024-07-03": {
					"avg": 20,
					"count": 1,
					"min": 20,
					"max": 20
				},
				"2024-07-05": {
					"avg": 409,
					"count": 1,
					"min": 409,
					"max": 409
				},
				"2024-07-07": {
					"avg": 178,
					"count": 3,
					"min": 178,
					"max": 178
				},
				"2024-07-08": {
					"avg": 67,
					"count": 2,
					"min": 21,
					"max": 112
				},
				"2024-07-09": {
					"avg": 15,
					"count": 1,
					"min": 15,
					"max": 15
				},
				"2024-07-10": {
					"avg": 15,
					"count": 1,
					"min": 15,
					"max": 15
				},
				"2024-07-12": {
					"avg": 46,
					"count": 1,
					"min": 46,
					"max": 46
				},
				"2024-07-13": {
					"avg": 140,
					"count": 3,
					"min": 137,
					"max": 144
				},
				"2024-07-15": {
					"avg": 15,
					"count": 1,
					"min": 15,
					"max": 15
				},
				"2024-07-16": {
					"avg": 8,
					"count": 1,
					"min": 8,
					"max": 8
				},
				"2024-07-19": {
					"avg": 21,
					"count": 1,
					"min": 21,
					"max": 21
				},
				"2024-07-21": {
					"avg": 21,
					"count": 1,
					"min": 21,
					"max": 21
				},
				"2024-07-22": {
					"avg": 35,
					"count": 2,
					"min": 35,
					"max": 35
				},
				"2024-07-26": {
					"avg": 141,
					"count": 3,
					"min": 132,
					"max": 146
				},
				"2024-07-27": {
					"avg": 132,
					"count": 4,
					"min": 132,
					"max": 132
				},
				"2024-08-02": {
					"avg": 20,
					"count": 1,
					"min": 20,
					"max": 20
				},
				"2024-08-03": {
					"avg": 102,
					"count": 3,
					"min": 21,
					"max": 142
				},
				"2024-08-04": {
					"avg": 137,
					"count": 1,
					"min": 137,
					"max": 137
				},
				"2024-08-05": {
					"avg": 28,
					"count": 2,
					"min": 21,
					"max": 35
				},
				"2024-08-07": {
					"avg": 158,
					"count": 1,
					"min": 158,
					"max": 158
				},
				"2024-08-08": {
					"avg": 523,
					"count": 1,
					"min": 523,
					"max": 523
				},
				"2024-08-13": {
					"avg": 149,
					"count": 1,
					"min": 149,
					"max": 149
				},
				"2024-08-14": {
					"avg": 147,
					"count": 4,
					"min": 142,
					"max": 151
				},
				"2024-08-15": {
					"avg": 10,
					"count": 1,
					"min": 10,
					"max": 10
				},
				"2024-08-18": {
					"avg": 124,
					"count": 1,
					"min": 124,
					"max": 124
				},
				"2024-08-19": {
					"avg": 24,
					"count": 2,
					"min": 22,
					"max": 25
				},
				"2024-08-20": {
					"avg": 56,
					"count": 3,
					"min": 10,
					"max": 137
				},
				"2024-08-21": {
					"avg": 50,
					"count": 1,
					"min": 50,
					"max": 50
				},
				"2024-08-22": {
					"avg": 137,
					"count": 1,
					"min": 137,
					"max": 137
				},
				"2024-08-23": {
					"avg": 534,
					"count": 2,
					"min": 25,
					"max": 1043
				},
				"2024-08-24": {
					"avg": 177,
					"count": 3,
					"min": 177,
					"max": 177
				},
				"2024-08-25": {
					"avg": 101,
					"count": 3,
					"min": 10,
					"max": 147
				},
				"2024-08-26": {
					"avg": 173,
					"count": 1,
					"min": 173,
					"max": 173
				},
				"2024-08-27": {
					"avg": 71,
					"count": 2,
					"min": 20,
					"max": 121
				},
				"2024-08-28": {
					"avg": 126,
					"count": 5,
					"min": 43,
					"max": 151
				},
				"2024-08-29": {
					"avg": 43,
					"count": 1,
					"min": 43,
					"max": 43
				},
				"2024-09-01": {
					"avg": 65,
					"count": 3,
					"min": 24,
					"max": 147
				},
				"2024-09-02": {
					"avg": 134,
					"count": 3,
					"min": 121,
					"max": 145
				},
				"2024-09-03": {
					"avg": 178,
					"count": 1,
					"min": 178,
					"max": 178
				},
				"2024-09-04": {
					"avg": 17,
					"count": 1,
					"min": 17,
					"max": 17
				},
				"2024-09-06": {
					"avg": 20,
					"count": 3,
					"min": 17,
					"max": 21
				},
				"2024-09-07": {
					"avg": 143,
					"count": 2,
					"min": 140,
					"max": 145
				},
				"2024-09-09": {
					"avg": 52,
					"count": 3,
					"min": 18,
					"max": 69
				},
				"2024-09-10": {
					"avg": 144,
					"count": 3,
					"min": 138,
					"max": 147
				},
				"2024-09-11": {
					"avg": 19,
					"count": 1,
					"min": 19,
					"max": 19
				},
				"2024-09-13": {
					"avg": 69,
					"count": 3,
					"min": 19,
					"max": 144
				},
				"2024-09-16": {
					"avg": 133,
					"count": 1,
					"min": 133,
					"max": 133
				},
				"2024-09-18": {
					"avg": 152,
					"count": 2,
					"min": 147,
					"max": 157
				},
				"2024-09-21": {
					"avg": 135,
					"count": 6,
					"min": 19,
					"max": 158
				},
				"2024-09-22": {
					"avg": 19,
					"count": 1,
					"min": 19,
					"max": 19
				}
			},
			"avg": 106,
			"avg7": -1,
			"avg28": -1
		},
		"normal-poor": {
			"history": {
				"2024-05-23": {
					"avg": 30,
					"count": 1,
					"min": 30,
					"max": 30
				},
				"2024-05-25": {
					"avg": 227,
					"count": 2,
					"min": 227,
					"max": 227
				},
				"2024-06-03": {
					"avg": 25,
					"count": 1,
					"min": 25,
					"max": 25
				},
				"2024-06-04": {
					"avg": 210,
					"count": 1,
					"min": 210,
					"max": 210
				},
				"2024-06-23": {
					"avg": 15,
					"count": 1,
					"min": 15,
					"max": 15
				},
				"2024-07-01": {
					"avg": 27,
					"count": 3,
					"min": 27,
					"max": 27
				},
				"2024-07-04": {
					"avg": 140,
					"count": 1,
					"min": 140,
					"max": 140
				},
				"2024-07-08": {
					"avg": 25,
					"count": 1,
					"min": 25,
					"max": 25
				},
				"2024-07-11": {
					"avg": 15,
					"count": 4,
					"min": 15,
					"max": 15
				},
				"2024-07-15": {
					"avg": 127,
					"count": 1,
					"min": 127,
					"max": 127
				},
				"2024-08-01": {
					"avg": 20,
					"count": 1,
					"min": 20,
					"max": 20
				},
				"2024-08-05": {
					"avg": 67,
					"count": 1,
					"min": 67,
					"max": 67
				},
				"2024-08-11": {
					"avg": 12,
					"count": 1,
					"min": 12,
					"max": 12
				},
				"2024-08-13": {
					"avg": 127,
					"count": 5,
					"min": 25,
					"max": 152
				},
				"2024-08-24": {
					"avg": 20,
					"count": 1,
					"min": 20,
					"max": 20
				},
				"2024-09-05": {
					"avg": 20,
					"count": 1,
					"min": 20,
					"max": 20
				},
				"2024-09-20": {
					"avg": 144,
					"count": 1,
					"min": 144,
					"max": 144
				}
			},
			"avg": 77,
			"avg7": -1,
			"avg28": -1
		},
		"normal-used": {
			"history": {
				"2024-05-29": {
					"avg": 18,
					"count": 2,
					"min": 18,
					"max": 18
				},
				"2024-05-30": {
					"avg": 18,
					"count": 1,
					"min": 18,
					"max": 18
				},
				"2024-06-04": {
					"avg": 137,
					"count": 1,
					"min": 137,
					"max": 137
				},
				"2024-06-15": {
					"avg": 15,
					"count": 8,
					"min": 15,
					"max": 15
				},
				"2024-06-22": {
					"avg": 147,
					"count": 3,
					"min": 147,
					"max": 147
				},
				"2024-06-25": {
					"avg": 46,
					"count": 1,
					"min": 46,
					"max": 46
				},
				"2024-06-29": {
					"avg": 219,
					"count": 1,
					"min": 219,
					"max": 219
				},
				"2024-07-13": {
					"avg": 131,
					"count": 8,
					"min": 113,
					"max": 137
				},
				"2024-07-14": {
					"avg": 109,
					"count": 1,
					"min": 109,
					"max": 109
				},
				"2024-07-15": {
					"avg": 203,
					"count": 1,
					"min": 203,
					"max": 203
				},
				"2024-07-18": {
					"avg": 101,
					"count": 10,
					"min": 101,
					"max": 101
				},
				"2024-07-20": {
					"avg": 135,
					"count": 1,
					"min": 135,
					"max": 135
				},
				"2024-07-27": {
					"avg": 25,
					"count": 1,
					"min": 25,
					"max": 25
				},
				"2024-07-31": {
					"avg": 46,
					"count": 2,
					"min": 46,
					"max": 46
				},
				"2024-08-03": {
					"avg": 407,
					"count": 3,
					"min": 407,
					"max": 407
				},
				"2024-08-05": {
					"avg": 70,
					"count": 3,
					"min": 70,
					"max": 70
				},
				"2024-08-09": {
					"avg": 20,
					"count": 1,
					"min": 20,
					"max": 20
				},
				"2024-08-10": {
					"avg": 14,
					"count": 1,
					"min": 14,
					"max": 14
				},
				"2024-08-13": {
					"avg": 152,
					"count": 1,
					"min": 152,
					"max": 152
				},
				"2024-08-20": {
					"avg": 75,
					"count": 7,
					"min": 14,
					"max": 119
				},
				"2024-08-21": {
					"avg": 69,
					"count": 3,
					"min": 18,
					"max": 147
				},
				"2024-08-24": {
					"avg": 70,
					"count": 1,
					"min": 70,
					"max": 70
				},
				"2024-08-25": {
					"avg": 145,
					"count": 1,
					"min": 145,
					"max": 145
				},
				"2024-09-21": {
					"avg": 84,
					"count": 11,
					"min": 70,
					"max": 149
				},
				"2024-09-22": {
					"avg": 29,
					"count": 2,
					"min": 16,
					"max": 41
				}
			},
			"avg": 96,
			"avg7": -1,
			"avg28": -1
		}
	}
}