{
	"data": {
		"normal-good": {
			"history": {
				"2022-11-13": {
					"avg": 990,
					"count": 2
				},
				"2022-11-14": {
					"avg": 809,
					"count": 2
				},
				"2022-11-15": {
					"avg": 1980,
					"count": 4
				},
				"2022-11-16": {
					"avg": 1597,
					"count": 5
				},
				"2022-11-17": {
					"avg": 416,
					"count": 1
				},
				"2022-11-19": {
					"avg": 1298,
					"count": 2,
					"min": 416,
					"max": 2179
				},
				"2022-11-20": {
					"avg": 924,
					"count": 4,
					"min": 515,
					"max": 1294
				},
				"2022-11-21": {
					"avg": 636,
					"count": 2,
					"min": 374,
					"max": 898
				},
				"2022-11-22": {
					"avg": 584,
					"count": 1,
					"min": 584,
					"max": 584
				},
				"2022-11-23": {
					"avg": 1419,
					"count": 2,
					"min": 989,
					"max": 1848
				},
				"2022-11-24": {
					"avg": 870,
					"count": 3,
					"min": 710,
					"max": 1000
				},
				"2022-11-25": {
					"avg": 1433,
					"count": 5,
					"min": 1056,
					"max": 1850
				},
				"2022-11-26": {
					"avg": 1062,
					"count": 4,
					"min": 400,
					"max": 1999
				},
				"2022-11-28": {
					"avg": 592,
					"count": 4,
					"min": 500,
					"max": 720
				},
				"2022-11-29": {
					"avg": 1200,
					"count": 1,
					"min": 1200,
					"max": 1200
				},
				"2022-11-30": {
					"avg": 715,
					"count": 6,
					"min": 400,
					"max": 1895
				},
				"2022-12-01": {
					"avg": 656,
					"count": 4,
					"min": 466,
					"max": 1180
				},
				"2022-12-02": {
					"avg": 1055,
					"count": 5,
					"min": 293,
					"max": 1849
				},
				"2022-12-03": {
					"avg": 775,
					"count": 3,
					"min": 347,
					"max": 1180
				},
				"2022-12-04": {
					"avg": 897,
					"count": 3,
					"min": 474,
					"max": 1180
				},
				"2022-12-06": {
					"avg": 499,
					"count": 1,
					"min": 499,
					"max": 499
				},
				"2022-12-07": {
					"avg": 1382,
					"count": 7,
					"min": 548,
					"max": 2997
				},
				"2022-12-09": {
					"avg": 663,
					"count": 5,
					"min": 425,
					"max": 999
				},
				"2022-12-10": {
					"avg": 1809,
					"count": 2,
					"min": 713,
					"max": 2904
				},
				"2022-12-11": {
					"avg": 2530,
					"count": 5,
					"min": 399,
					"max": 5309
				},
				"2022-12-12": {
					"avg": 1103,
					"count": 9,
					"min": 350,
					"max": 2198
				},
				"2022-12-14": {
					"avg": 824,
					"count": 2,
					"min": 699,
					"max": 949
				},
				"2022-12-15": {
					"avg": 908,
					"count": 8,
					"min": 299,
					"max": 1600
				},
				"2022-12-16": {
					"avg": 1461,
					"count": 15,
					"min": 337,
					"max": 3124
				},
				"2022-12-17": {
					"avg": 3095,
					"count": 2,
					"min": 1192,
					"max": 4998
				},
				"2022-12-18": {
					"avg": 1999,
					"count": 1,
					"min": 1999,
					"max": 1999
				},
				"2022-12-19": {
					"avg": 869,
					"count": 2,
					"min": 799,
					"max": 939
				},
				"2022-12-20": {
					"avg": 439,
					"count": 1,
					"min": 439,
					"max": 439
				},
				"2022-12-21": {
					"avg": 1432,
					"count": 4,
					"min": 899,
					"max": 2688
				},
				"2022-12-22": {
					"avg": 1449,
					"count": 3,
					"min": 940,
					"max": 2299
				},
				"2022-12-23": {
					"avg": 935,
					"count": 1,
					"min": 935,
					"max": 935
				},
				"2022-12-24": {
					"avg": 582,
					"count": 4,
					"min": 438,
					"max": 839
				},
				"2022-12-26": {
					"avg": 5176,
					"count": 3,
					"min": 2904,
					"max": 7624
				},
				"2022-12-28": {
					"avg": 1089,
					"count": 3,
					"min": 449,
					"max": 1999
				},
				"2022-12-29": {
					"avg": 806,
					"count": 2,
					"min": 474,
					"max": 1137
				},
				"2022-12-30": {
					"avg": 1210,
					"count": 8,
					"min": 399,
					"max": 3200
				},
				"2022-12-31": {
					"avg": 1569,
					"count": 4,
					"min": 779,
					"max": 1898
				},
				"2023-01-01": {
					"avg": 350,
					"count": 1,
					"min": 350,
					"max": 350
				},
				"2023-01-02": {
					"avg": 1704,
					"count": 2,
					"min": 499,
					"max": 2909
				},
				"2023-01-03": {
					"avg": 4101,
					"count": 3,
					"min": 1103,
					"max": 7624
				},
				"2023-01-04": {
					"avg": 1123,
					"count": 6,
					"min": 439,
					"max": 2198
				},
				"2023-01-05": {
					"avg": 625,
					"count": 2,
					"min": 500,
					"max": 749
				},
				"2023-01-06": {
					"avg": 1202,
					"count": 4,
					"min": 549,
					"max": 2110
				},
				"2023-01-07": {
					"avg": 1239,
					"count": 2,
					"min": 1178,
					"max": 1299
				},
				"2023-01-08": {
					"avg": 1740,
					"count": 7,
					"min": 749,
					"max": 3250
				},
				"2023-01-09": {
					"avg": 804,
					"count": 3,
					"min": 449,
					"max": 1195
				},
				"2023-01-10": {
					"avg": 1416,
					"count": 4,
					"min": 1177,
					"max": 2113
				},
				"2023-01-11": {
					"avg": 1517,
					"count": 4,
					"min": 824,
					"max": 2997
				},
				"2023-01-12": {
					"avg": 1225,
					"count": 7,
					"min": 459,
					"max": 2126
				},
				"2023-02-06": {
					"avg": 1637,
					"count": 7,
					"min": 938,
					"max": 2298
				},
				"2023-02-07": {
					"avg": 1821,
					"count": 9,
					"min": 749,
					"max": 2599
				},
				"2023-02-08": {
					"avg": 1482,
					"count": 3,
					"min": 445,
					"max": 2000
				},
				"2023-02-10": {
					"avg": 570,
					"count": 1,
					"min": 570,
					"max": 570
				},
				"2023-02-11": {
					"avg": 1462,
					"count": 2,
					"min": 1395,
					"max": 1529
				},
				"2023-02-12": {
					"avg": 663,
					"count": 3,
					"min": 345,
					"max": 875
				},
				"2023-02-13": {
					"avg": 769,
					"count": 1,
					"min": 769,
					"max": 769
				},
				"2023-02-14": {
					"avg": 2235,
					"count": 6,
					"min": 499,
					"max": 6499
				},
				"2023-02-15": {
					"avg": 1999,
					"count": 1,
					"min": 1999,
					"max": 1999
				},
				"2023-02-16": {
					"avg": 1903,
					"count": 5,
					"min": 400,
					"max": 2420
				},
				"2023-02-18": {
					"avg": 1762,
					"count": 3,
					"min": 1393,
					"max": 2499
				},
				"2023-02-19": {
					"avg": 942,
					"count": 3,
					"min": 445,
					"max": 1393
				},
				"2023-02-20": {
					"avg": 2595,
					"count": 4,
					"min": 1440,
					"max": 4949
				},
				"2023-02-21": {
					"avg": 1340,
					"count": 4,
					"min": 582,
					"max": 2698
				},
				"2023-02-23": {
					"avg": 1931,
					"count": 2,
					"min": 1394,
					"max": 2468
				},
				"2023-02-24": {
					"avg": 1395,
					"count": 1,
					"min": 1395,
					"max": 1395
				},
				"2023-02-26": {
					"avg": 1398,
					"count": 5,
					"min": 326,
					"max": 3087
				},
				"2023-02-28": {
					"avg": 1824,
					"count": 3,
					"min": 1580,
					"max": 1999
				},
				"2023-03-02": {
					"avg": 2141,
					"count": 6,
					"min": 1397,
					"max": 5398
				},
				"2023-03-03": {
					"avg": 1397,
					"count": 1,
					"min": 1397,
					"max": 1397
				},
				"2023-03-04": {
					"avg": 1744,
					"count": 4,
					"min": 981,
					"max": 2600
				},
				"2023-03-05": {
					"avg": 2297,
					"count": 5,
					"min": 931,
					"max": 5299
				},
				"2023-03-06": {
					"avg": 1341,
					"count": 3,
					"min": 949,
					"max": 1537
				},
				"2023-03-07": {
					"avg": 2098,
					"count": 1,
					"min": 2098,
					"max": 2098
				},
				"2023-03-09": {
					"avg": 731,
					"count": 4,
					"min": 458,
					"max": 895
				},
				"2023-03-10": {
					"avg": 1299,
					"count": 7,
					"min": 516,
					"max": 2698
				},
				"2023-03-11": {
					"avg": 2432,
					"count": 2,
					"min": 1924,
					"max": 2940
				},
				"2023-03-12": {
					"avg": 368,
					"count": 1,
					"min": 368,
					"max": 368
				},
				"2023-03-13": {
					"avg": 3961,
					"count": 3,
					"min": 1395,
					"max": 5489
				},
				"2023-03-14": {
					"avg": 1598,
					"count": 6,
					"min": 1499,
					"max": 1825
				},
				"2023-03-15": {
					"avg": 1300,
					"count": 2,
					"min": 1100,
					"max": 1499
				},
				"2023-03-16": {
					"avg": 476,
					"count": 4,
					"min": 368,
					"max": 548
				},
				"2023-03-17": {
					"avg": 607,
					"count": 3,
					"min": 441,
					"max": 782
				},
				"2023-03-18": {
					"avg": 598,
					"count": 1,
					"min": 598,
					"max": 598
				},
				"2023-03-19": {
					"avg": 5489,
					"count": 1,
					"min": 5489,
					"max": 5489
				},
				"2023-03-22": {
					"avg": 1393,
					"count": 1,
					"min": 1393,
					"max": 1393
				},
				"2023-03-23": {
					"avg": 1367,
					"count": 2,
					"min": 1295,
					"max": 1439
				},
				"2023-03-24": {
					"avg": 1289,
					"count": 2,
					"min": 984,
					"max": 1594
				},
				"2023-03-25": {
					"avg": 854,
					"count": 2,
					"min": 269,
					"max": 1438
				},
				"2023-03-26": {
					"avg": 1030,
					"count": 6,
					"min": 399,
					"max": 2265
				},
				"2023-03-27": {
					"avg": 2392,
					"count": 1,
					"min": 2392,
					"max": 2392
				},
				"2023-03-28": {
					"avg": 981,
					"count": 1,
					"min": 981,
					"max": 981
				},
				"2023-03-29": {
					"avg": 1648,
					"count": 2,
					"min": 1299,
					"max": 1996
				},
				"2023-03-31": {
					"avg": 1027,
					"count": 4,
					"min": 576,
					"max": 1724
				},
				"2023-04-01": {
					"avg": 639,
					"count": 3,
					"min": 458,
					"max": 730
				},
				"2023-04-02": {
					"avg": 732,
					"count": 2,
					"min": 449,
					"max": 1015
				},
				"2023-04-03": {
					"avg": 2057,
					"count": 4,
					"min": 989,
					"max": 3000
				},
				"2023-04-04": {
					"avg": 2151,
					"count": 4,
					"min": 1450,
					"max": 3124
				},
				"2023-04-05": {
					"avg": 1698,
					"count": 5,
					"min": 347,
					"max": 2697
				},
				"2023-04-07": {
					"avg": 986,
					"count": 3,
					"min": 458,
					"max": 1924
				},
				"2023-04-09": {
					"avg": 1648,
					"count": 1,
					"min": 1648,
					"max": 1648
				},
				"2023-04-10": {
					"avg": 2049,
					"count": 3,
					"min": 1249,
					"max": 3098
				},
				"2023-04-11": {
					"avg": 424,
					"count": 1,
					"min": 424,
					"max": 424
				},
				"2023-04-13": {
					"avg": 1411,
					"count": 4,
					"min": 349,
					"max": 2148
				},
				"2023-04-15": {
					"avg": 1652,
					"count": 3,
					"min": 459,
					"max": 2796
				},
				"2023-04-16": {
					"avg": 1617,
					"count": 4,
					"min": 1525,
					"max": 1800
				},
				"2023-04-17": {
					"avg": 2259,
					"count": 2,
					"min": 2098,
					"max": 2420
				},
				"2023-04-18": {
					"avg": 890,
					"count": 3,
					"min": 324,
					"max": 1997
				},
				"2023-04-19": {
					"avg": 1167,
					"count": 3,
					"min": 701,
					"max": 1999
				},
				"2023-04-20": {
					"avg": 549,
					"count": 1,
					"min": 549,
					"max": 549
				},
				"2023-04-21": {
					"avg": 2741,
					"count": 2,
					"min": 2244,
					"max": 3238
				},
				"2023-04-22": {
					"avg": 1052,
					"count": 3,
					"min": 477,
					"max": 2121
				},
				"2023-04-23": {
					"avg": 1622,
					"count": 1,
					"min": 1622,
					"max": 1622
				},
				"2023-04-25": {
					"avg": 374,
					"count": 1,
					"min": 374,
					"max": 374
				},
				"2023-04-27": {
					"avg": 1499,
					"count": 1,
					"min": 1499,
					"max": 1499
				},
				"2023-04-28": {
					"avg": 2035,
					"count": 6,
					"min": 655,
					"max": 6499
				},
				"2023-04-29": {
					"avg": 1975,
					"count": 1,
					"min": 1975,
					"max": 1975
				},
				"2023-04-30": {
					"avg": 1342,
					"count": 6,
					"min": 439,
					"max": 3124
				},
				"2023-05-01": {
					"avg": 1295,
					"count": 4,
					"min": 817,
					"max": 1556
				},
				"2023-05-04": {
					"avg": 1133,
					"count": 4,
					"min": 698,
					"max": 2120
				},
				"2023-05-05": {
					"avg": 1100,
					"count": 2,
					"min": 798,
					"max": 1401
				},
				"2023-05-06": {
					"avg": 4848,
					"count": 1,
					"min": 4848,
					"max": 4848
				},
				"2023-05-07": {
					"avg": 1401,
					"count": 1,
					"min": 1401,
					"max": 1401
				},
				"2023-05-08": {
					"avg": 698,
					"count": 1,
					"min": 698,
					"max": 698
				},
				"2023-05-10": {
					"avg": 1290,
					"count": 1,
					"min": 1290,
					"max": 1290
				},
				"2023-05-12": {
					"avg": 1291,
					"count": 2,
					"min": 1098,
					"max": 1484
				},
				"2023-05-13": {
					"avg": 1277,
					"count": 2,
					"min": 555,
					"max": 1999
				},
				"2023-05-14": {
					"avg": 1042,
					"count": 2,
					"min": 799,
					"max": 1285
				},
				"2023-05-15": {
					"avg": 1432,
					"count": 3,
					"min": 867,
					"max": 2145
				},
				"2023-05-16": {
					"avg": 2592,
					"count": 2,
					"min": 1285,
					"max": 3899
				},
				"2023-05-17": {
					"avg": 499,
					"count": 3,
					"min": 299,
					"max": 600
				},
				"2023-05-18": {
					"avg": 379,
					"count": 2,
					"min": 349,
					"max": 409
				},
				"2023-05-19": {
					"avg": 899,
					"count": 1,
					"min": 899,
					"max": 899
				},
				"2023-05-20": {
					"avg": 3899,
					"count": 1,
					"min": 3899,
					"max": 3899
				},
				"2023-05-21": {
					"avg": 1399,
					"count": 2,
					"min": 849,
					"max": 1949
				},
				"2023-05-22": {
					"avg": 395,
					"count": 1,
					"min": 395,
					"max": 395
				},
				"2023-05-23": {
					"avg": 835,
					"count": 6,
					"min": 345,
					"max": 1298
				},
				"2023-05-24": {
					"avg": 1734,
					"count": 8,
					"min": 524,
					"max": 2440
				},
				"2023-05-25": {
					"avg": 1164,
					"count": 3,
					"min": 349,
					"max": 2148
				},
				"2023-05-26": {
					"avg": 1648,
					"count": 2,
					"min": 1147,
					"max": 2148
				},
				"2023-05-27": {
					"avg": 2017,
					"count": 4,
					"min": 599,
					"max": 5370
				},
				"2023-05-28": {
					"avg": 395,
					"count": 1,
					"min": 395,
					"max": 395
				},
				"2023-05-29": {
					"avg": 3199,
					"count": 2,
					"min": 2500,
					"max": 3898
				},
				"2023-05-31": {
					"avg": 2814,
					"count": 4,
					"min": 609,
					"max": 7999
				},
				"2023-06-01": {
					"avg": 1401,
					"count": 4,
					"min": 1199,
					"max": 1653
				},
				"2023-06-02": {
					"avg": 2781,
					"count": 3,
					"min": 1844,
					"max": 3374
				},
				"2023-06-03": {
					"avg": 578,
					"count": 1,
					"min": 578,
					"max": 578
				},
				"2023-06-05": {
					"avg": 2524,
					"count": 4,
					"min": 798,
					"max": 7098
				},
				"2023-06-06": {
					"avg": 1497,
					"count": 2,
					"min": 994,
					"max": 1999
				},
				"2023-06-07": {
					"avg": 1881,
					"count": 8,
					"min": 858,
					"max": 3094
				},
				"2023-06-08": {
					"avg": 670,
					"count": 2,
					"min": 450,
					"max": 889
				},
				"2023-06-09": {
					"avg": 2453,
					"count": 4,
					"min": 690,
					"max": 5951
				},
				"2023-06-10": {
					"avg": 545,
					"count": 2,
					"min": 545,
					"max": 545
				},
				"2023-06-11": {
					"avg": 500,
					"count": 1,
					"min": 500,
					"max": 500
				},
				"2023-06-12": {
					"avg": 590,
					"count": 1,
					"min": 590,
					"max": 590
				},
				"2023-06-13": {
					"avg": 3060,
					"count": 4,
					"min": 400,
					"max": 5309
				},
				"2023-06-14": {
					"avg": 935,
					"count": 3,
					"min": 525,
					"max": 1179
				},
				"2023-06-15": {
					"avg": 2274,
					"count": 4,
					"min": 499,
					"max": 3999
				},
				"2023-06-16": {
					"avg": 1341,
					"count": 4,
					"min": 265,
					"max": 3399
				},
				"2023-06-17": {
					"avg": 1283,
					"count": 1,
					"min": 1283,
					"max": 1283
				},
				"2023-06-18": {
					"avg": 1044,
					"count": 2,
					"min": 599,
					"max": 1488
				},
				"2023-06-20": {
					"avg": 1141,
					"count": 4,
					"min": 725,
					"max": 1289
				},
				"2023-06-22": {
					"avg": 619,
					"count": 2,
					"min": 248,
					"max": 989
				},
				"2023-06-23": {
					"avg": 687,
					"count": 9,
					"min": 348,
					"max": 981
				},
				"2023-06-24": {
					"avg": 1191,
					"count": 1,
					"min": 1191,
					"max": 1191
				},
				"2023-06-25": {
					"avg": 724,
					"count": 1,
					"min": 724,
					"max": 724
				},
				"2023-06-26": {
					"avg": 1191,
					"count": 1,
					"min": 1191,
					"max": 1191
				},
				"2023-06-27": {
					"avg": 1719,
					"count": 5,
					"min": 1129,
					"max": 3499
				},
				"2023-06-28": {
					"avg": 1996,
					"count": 3,
					"min": 778,
					"max": 3725
				},
				"2023-06-29": {
					"avg": 2320,
					"count": 1,
					"min": 2320,
					"max": 2320
				},
				"2023-06-30": {
					"avg": 839,
					"count": 6,
					"min": 399,
					"max": 1200
				},
				"2023-07-01": {
					"avg": 1975,
					"count": 5,
					"min": 763,
					"max": 3696
				},
				"2023-07-02": {
					"avg": 2749,
					"count": 3,
					"min": 949,
					"max": 5939
				},
				"2023-07-03": {
					"avg": 754,
					"count": 3,
					"min": 248,
					"max": 1283
				},
				"2023-07-04": {
					"avg": 608,
					"count": 3,
					"min": 275,
					"max": 1099
				},
				"2023-07-05": {
					"avg": 453,
					"count": 1,
					"min": 453,
					"max": 453
				},
				"2023-07-06": {
					"avg": 1362,
					"count": 5,
					"min": 678,
					"max": 1579
				},
				"2023-07-07": {
					"avg": 3177,
					"count": 4,
					"min": 1183,
					"max": 3999
				},
				"2023-07-08": {
					"avg": 2799,
					"count": 3,
					"min": 1400,
					"max": 5499
				},
				"2023-07-09": {
					"avg": 933,
					"count": 5,
					"min": 499,
					"max": 1700
				},
				"2023-07-10": {
					"avg": 1882,
					"count": 5,
					"min": 1000,
					"max": 2854
				},
				"2023-07-11": {
					"avg": 1965,
					"count": 3,
					"min": 945,
					"max": 3546
				},
				"2023-07-12": {
					"avg": 1439,
					"count": 1,
					"min": 1439,
					"max": 1439
				},
				"2023-07-13": {
					"avg": 1509,
					"count": 8,
					"min": 514,
					"max": 5099
				},
				"2023-07-14": {
					"avg": 875,
					"count": 1,
					"min": 875,
					"max": 875
				},
				"2023-07-16": {
					"avg": 862,
					"count": 2,
					"min": 849,
					"max": 874
				},
				"2023-07-17": {
					"avg": 1592,
					"count": 3,
					"min": 829,
					"max": 1997
				},
				"2023-07-18": {
					"avg": 565,
					"count": 5,
					"min": 349,
					"max": 900
				},
				"2023-07-19": {
					"avg": 825,
					"count": 3,
					"min": 500,
					"max": 1099
				},
				"2023-07-20": {
					"avg": 2594,
					"count": 2,
					"min": 1949,
					"max": 3239
				},
				"2023-07-21": {
					"avg": 956,
					"count": 6,
					"min": 648,
					"max": 1262
				},
				"2023-07-22": {
					"avg": 2274,
					"count": 2,
					"min": 648,
					"max": 3899
				},
				"2023-07-23": {
					"avg": 3981,
					"count": 3,
					"min": 649,
					"max": 8997
				},
				"2023-07-24": {
					"avg": 2249,
					"count": 3,
					"min": 947,
					"max": 4593
				},
				"2023-07-25": {
					"avg": 848,
					"count": 3,
					"min": 248,
					"max": 1897
				},
				"2023-07-26": {
					"avg": 3147,
					"count": 2,
					"min": 3000,
					"max": 3294
				},
				"2023-07-27": {
					"avg": 1499,
					"count": 3,
					"min": 399,
					"max": 3698
				},
				"2023-07-28": {
					"avg": 3486,
					"count": 1,
					"min": 3486,
					"max": 3486
				},
				"2023-07-29": {
					"avg": 1535,
					"count": 3,
					"min": 704,
					"max": 2994
				},
				"2023-07-30": {
					"avg": 2728,
					"count": 4,
					"min": 899,
					"max": 5066
				},
				"2023-07-31": {
					"avg": 1776,
					"count": 1,
					"min": 1776,
					"max": 1776
				},
				"2023-08-01": {
					"avg": 2018,
					"count": 5,
					"min": 1948,
					"max": 2145
				},
				"2023-08-03": {
					"avg": 733,
					"count": 5,
					"min": 397,
					"max": 999
				},
				"2023-08-04": {
					"avg": 515,
					"count": 3,
					"min": 273,
					"max": 874
				},
				"2023-08-05": {
					"avg": 2083,
					"count": 3,
					"min": 349,
					"max": 2950
				},
				"2023-08-06": {
					"avg": 971,
					"count": 7,
					"min": 349,
					"max": 3199
				},
				"2023-08-07": {
					"avg": 959,
					"count": 4,
					"min": 874,
					"max": 1095
				},
				"2023-08-08": {
					"avg": 1212,
					"count": 2,
					"min": 575,
					"max": 1848
				},
				"2023-08-09": {
					"avg": 681,
					"count": 7,
					"min": 375,
					"max": 975
				},
				"2023-08-10": {
					"avg": 2295,
					"count": 5,
					"min": 666,
					"max": 6685
				},
				"2023-08-11": {
					"avg": 1036,
					"count": 3,
					"min": 499,
					"max": 1351
				},
				"2023-08-12": {
					"avg": 899,
					"count": 4,
					"min": 378,
					"max": 1242
				},
				"2023-08-14": {
					"avg": 975,
					"count": 1,
					"min": 975,
					"max": 975
				},
				"2023-08-15": {
					"avg": 787,
					"count": 1,
					"min": 787,
					"max": 787
				},
				"2023-08-18": {
					"avg": 985,
					"count": 2,
					"min": 849,
					"max": 1121
				},
				"2023-08-19": {
					"avg": 740,
					"count": 3,
					"min": 497,
					"max": 975
				},
				"2023-08-20": {
					"avg": 1099,
					"count": 3,
					"min": 749,
					"max": 1549
				},
				"2023-08-21": {
					"avg": 1135,
					"count": 2,
					"min": 1135,
					"max": 1135
				},
				"2023-08-23": {
					"avg": 514,
					"count": 1,
					"min": 514,
					"max": 514
				},
				"2023-08-24": {
					"avg": 1024,
					"count": 1,
					"min": 1024,
					"max": 1024
				},
				"2023-08-25": {
					"avg": 2042,
					"count": 4,
					"min": 748,
					"max": 3498
				},
				"2023-08-26": {
					"avg": 973,
					"count": 3,
					"min": 744,
					"max": 1262
				},
				"2023-08-27": {
					"avg": 1086,
					"count": 5,
					"min": 749,
					"max": 1598
				},
				"2023-08-28": {
					"avg": 5599,
					"count": 1,
					"min": 5599,
					"max": 5599
				},
				"2023-08-29": {
					"avg": 1202,
					"count": 5,
					"min": 519,
					"max": 2329
				},
				"2023-08-30": {
					"avg": 1822,
					"count": 2,
					"min": 747,
					"max": 2897
				},
				"2023-08-31": {
					"avg": 982,
					"count": 2,
					"min": 815,
					"max": 1149
				},
				"2023-09-02": {
					"avg": 629,
					"count": 3,
					"min": 354,
					"max": 775
				},
				"2023-09-04": {
					"avg": 1804,
					"count": 5,
					"min": 260,
					"max": 5791
				},
				"2023-09-05": {
					"avg": 1232,
					"count": 4,
					"min": 747,
					"max": 1998
				},
				"2023-09-06": {
					"avg": 905,
					"count": 2,
					"min": 899,
					"max": 910
				},
				"2023-09-07": {
					"avg": 916,
					"count": 4,
					"min": 520,
					"max": 2064
				},
				"2023-09-08": {
					"avg": 1204,
					"count": 4,
					"min": 368,
					"max": 3093
				},
				"2023-09-09": {
					"avg": 756,
					"count": 3,
					"min": 377,
					"max": 1193
				},
				"2023-09-10": {
					"avg": 1795,
					"count": 1,
					"min": 1795,
					"max": 1795
				},
				"2023-09-11": {
					"avg": 1186,
					"count": 1,
					"min": 1186,
					"max": 1186
				},
				"2023-09-12": {
					"avg": 866,
					"count": 4,
					"min": 690,
					"max": 1128
				},
				"2023-09-13": {
					"avg": 930,
					"count": 2,
					"min": 599,
					"max": 1261
				},
				"2023-09-14": {
					"avg": 2668,
					"count": 4,
					"min": 277,
					"max": 5698
				},
				"2023-09-15": {
					"avg": 892,
					"count": 5,
					"min": 803,
					"max": 1025
				},
				"2023-09-16": {
					"avg": 1617,
					"count": 2,
					"min": 1235,
					"max": 1999
				},
				"2023-09-17": {
					"avg": 1078,
					"count": 4,
					"min": 1025,
					"max": 1235
				},
				"2023-09-18": {
					"avg": 1229,
					"count": 3,
					"min": 690,
					"max": 1999
				},
				"2023-09-19": {
					"avg": 355,
					"count": 7,
					"min": 250,
					"max": 378
				},
				"2023-09-20": {
					"avg": 1968,
					"count": 2,
					"min": 1285,
					"max": 2650
				},
				"2023-09-21": {
					"avg": 910,
					"count": 5,
					"min": 489,
					"max": 1289
				},
				"2023-09-23": {
					"avg": 1361,
					"count": 1,
					"min": 1361,
					"max": 1361
				},
				"2023-09-24": {
					"avg": 412,
					"count": 1,
					"min": 412,
					"max": 412
				},
				"2023-09-25": {
					"avg": 546,
					"count": 2,
					"min": 395,
					"max": 697
				},
				"2023-09-26": {
					"avg": 1077,
					"count": 4,
					"min": 753,
					"max": 1356
				},
				"2023-09-27": {
					"avg": 1475,
					"count": 2,
					"min": 1125,
					"max": 1825
				},
				"2023-09-28": {
					"avg": 1619,
					"count": 3,
					"min": 1179,
					"max": 2500
				},
				"2023-09-29": {
					"avg": 598,
					"count": 2,
					"min": 499,
					"max": 697
				},
				"2023-09-30": {
					"avg": 1313,
					"count": 7,
					"min": 1155,
					"max": 1999
				},
				"2023-10-01": {
					"avg": 1099,
					"count": 2,
					"min": 1070,
					"max": 1127
				},
				"2023-10-02": {
					"avg": 882,
					"count": 7,
					"min": 489,
					"max": 1774
				},
				"2023-10-03": {
					"avg": 733,
					"count": 3,
					"min": 399,
					"max": 1050
				},
				"2023-10-04": {
					"avg": 2511,
					"count": 5,
					"min": 425,
					"max": 5799
				},
				"2023-10-05": {
					"avg": 1109,
					"count": 2,
					"min": 544,
					"max": 1674
				},
				"2023-10-06": {
					"avg": 3202,
					"count": 1,
					"min": 3202,
					"max": 3202
				},
				"2023-10-07": {
					"avg": 1719,
					"count": 3,
					"min": 1219,
					"max": 2499
				},
				"2023-10-08": {
					"avg": 2000,
					"count": 1,
					"min": 2000,
					"max": 2000
				},
				"2023-10-09": {
					"avg": 610,
					"count": 2,
					"min": 570,
					"max": 649
				},
				"2023-10-10": {
					"avg": 5304,
					"count": 1,
					"min": 5304,
					"max": 5304
				},
				"2023-10-11": {
					"avg": 1136,
					"count": 2,
					"min": 272,
					"max": 1999
				},
				"2023-10-12": {
					"avg": 745,
					"count": 1,
					"min": 745,
					"max": 745
				},
				"2023-10-13": {
					"avg": 1198,
					"count": 11,
					"min": 399,
					"max": 2499
				},
				"2023-10-14": {
					"avg": 998,
					"count": 1,
					"min": 998,
					"max": 998
				},
				"2023-10-16": {
					"avg": 2974,
					"count": 1,
					"min": 2974,
					"max": 2974
				},
				"2023-10-17": {
					"avg": 479,
					"count": 1,
					"min": 479,
					"max": 479
				},
				"2023-10-18": {
					"avg": 1099,
					"count": 1,
					"min": 1099,
					"max": 1099
				},
				"2023-10-19": {
					"avg": 1139,
					"count": 9,
					"min": 299,
					"max": 2974
				},
				"2023-10-20": {
					"avg": 560,
					"count": 5,
					"min": 273,
					"max": 1098
				},
				"2023-10-21": {
					"avg": 499,
					"count": 1,
					"min": 499,
					"max": 499
				},
				"2023-10-22": {
					"avg": 530,
					"count": 3,
					"min": 350,
					"max": 743
				},
				"2023-10-23": {
					"avg": 1299,
					"count": 3,
					"min": 799,
					"max": 1999
				},
				"2023-10-25": {
					"avg": 786,
					"count": 3,
					"min": 424,
					"max": 1149
				},
				"2023-10-26": {
					"avg": 959,
					"count": 2,
					"min": 769,
					"max": 1149
				},
				"2023-10-27": {
					"avg": 2839,
					"count": 3,
					"min": 999,
					"max": 6298
				},
				"2023-10-28": {
					"avg": 1115,
					"count": 2,
					"min": 350,
					"max": 1879
				},
				"2023-10-29": {
					"avg": 744,
					"count": 1,
					"min": 744,
					"max": 744
				},
				"2023-10-31": {
					"avg": 2304,
					"count": 7,
					"min": 445,
					"max": 6299
				},
				"2023-11-01": {
					"avg": 2835,
					"count": 3,
					"min": 708,
					"max": 6998
				},
				"2023-11-03": {
					"avg": 1244,
					"count": 6,
					"min": 299,
					"max": 3098
				},
				"2023-11-04": {
					"avg": 971,
					"count": 4,
					"min": 442,
					"max": 1850
				},
				"2023-11-05": {
					"avg": 2035,
					"count": 2,
					"min": 1082,
					"max": 2987
				},
				"2023-11-06": {
					"avg": 2253,
					"count": 1,
					"min": 2253,
					"max": 2253
				},
				"2023-11-08": {
					"avg": 791,
					"count": 2,
					"min": 758,
					"max": 823
				},
				"2023-11-09": {
					"avg": 1660,
					"count": 3,
					"min": 900,
					"max": 2999
				},
				"2023-11-10": {
					"avg": 1241,
					"count": 5,
					"min": 320,
					"max": 2592
				},
				"2023-11-11": {
					"avg": 1283,
					"count": 3,
					"min": 1225,
					"max": 1399
				},
				"2023-11-12": {
					"avg": 1042,
					"count": 3,
					"min": 449,
					"max": 2149
				},
				"2023-11-13": {
					"avg": 1082,
					"count": 1,
					"min": 1082,
					"max": 1082
				},
				"2023-11-14": {
					"avg": 2148,
					"count": 3,
					"min": 739,
					"max": 4599
				},
				"2023-11-16": {
					"avg": 1397,
					"count": 1,
					"min": 1397,
					"max": 1397
				},
				"2023-11-17": {
					"avg": 724,
					"count": 3,
					"min": 461,
					"max": 985
				},
				"2023-11-18": {
					"avg": 592,
					"count": 3,
					"min": 475,
					"max": 650
				},
				"2023-11-20": {
					"avg": 975,
					"count": 7,
					"min": 349,
					"max": 1901
				},
				"2023-11-21": {
					"avg": 758,
					"count": 2,
					"min": 349,
					"max": 1167
				},
				"2023-11-22": {
					"avg": 758,
					"count": 3,
					"min": 336,
					"max": 1108
				},
				"2023-11-23": {
					"avg": 2340,
					"count": 1,
					"min": 2340,
					"max": 2340
				},
				"2023-11-24": {
					"avg": 1147,
					"count": 25,
					"min": 368,
					"max": 2196
				},
				"2023-11-25": {
					"avg": 926,
					"count": 8,
					"min": 399,
					"max": 1500
				},
				"2023-11-26": {
					"avg": 1941,
					"count": 2,
					"min": 1082,
					"max": 2799
				},
				"2023-11-27": {
					"avg": 2130,
					"count": 5,
					"min": 504,
					"max": 7999
				},
				"2024-05-15": {
					"avg": 908,
					"count": 1,
					"min": 908,
					"max": 908
				},
				"2024-05-16": {
					"avg": 1339,
					"count": 4,
					"min": 799,
					"max": 1628
				},
				"2024-05-17": {
					"avg": 978,
					"count": 31,
					"min": 499,
					"max": 2082
				},
				"2024-05-19": {
					"avg": 1504,
					"count": 2,
					"min": 1399,
					"max": 1609
				},
				"2024-05-20": {
					"avg": 5199,
					"count": 1,
					"min": 5199,
					"max": 5199
				},
				"2024-05-21": {
					"avg": 1916,
					"count": 6,
					"min": 825,
					"max": 4075
				},
				"2024-05-22": {
					"avg": 1244,
					"count": 10,
					"min": 599,
					"max": 1824
				},
				"2024-05-23": {
					"avg": 894,
					"count": 3,
					"min": 504,
					"max": 1619
				},
				"2024-05-24": {
					"avg": 1547,
					"count": 4,
					"min": 1390,
					"max": 1999
				},
				"2024-05-25": {
					"avg": 4075,
					"count": 1,
					"min": 4075,
					"max": 4075
				},
				"2024-05-29": {
					"avg": 1621,
					"count": 3,
					"min": 1388,
					"max": 2001
				},
				"2024-05-30": {
					"avg": 1999,
					"count": 1,
					"min": 1999,
					"max": 1999
				},
				"2024-05-31": {
					"avg": 4075,
					"count": 1,
					"min": 4075,
					"max": 4075
				},
				"2024-06-01": {
					"avg": 3699,
					"count": 1,
					"min": 3699,
					"max": 3699
				},
				"2024-06-03": {
					"avg": 1375,
					"count": 2,
					"min": 1350,
					"max": 1399
				},
				"2024-06-06": {
					"avg": 3798,
					"count": 1,
					"min": 3798,
					"max": 3798
				},
				"2024-06-08": {
					"avg": 1350,
					"count": 1,
					"min": 1350,
					"max": 1350
				},
				"2024-06-09": {
					"avg": 1438,
					"count": 2,
					"min": 1388,
					"max": 1487
				},
				"2024-06-11": {
					"avg": 1487,
					"count": 1,
					"min": 1487,
					"max": 1487
				},
				"2024-06-12": {
					"avg": 1135,
					"count": 1,
					"min": 1135,
					"max": 1135
				},
				"2024-06-14": {
					"avg": 1365,
					"count": 3,
					"min": 1298,
					"max": 1471
				},
				"2024-06-16": {
					"avg": 1408,
					"count": 2,
					"min": 1350,
					"max": 1465
				},
				"2024-06-18": {
					"avg": 1999,
					"count": 1,
					"min": 1999,
					"max": 1999
				},
				"2024-06-22": {
					"avg": 1699,
					"count": 1,
					"min": 1699,
					"max": 1699
				},
				"2024-06-23": {
					"avg": 1222,
					"count": 1,
					"min": 1222,
					"max": 1222
				},
				"2024-06-25": {
					"avg": 4549,
					"count": 1,
					"min": 4549,
					"max": 4549
				},
				"2024-06-27": {
					"avg": 1310,
					"count": 2,
					"min": 1298,
					"max": 1321
				},
				"2024-06-29": {
					"avg": 2277,
					"count": 1,
					"min": 2277,
					"max": 2277
				},
				"2024-07-02": {
					"avg": 1376,
					"count": 2,
					"min": 1322,
					"max": 1430
				},
				"2024-07-03": {
					"avg": 1433,
					"count": 3,
					"min": 1321,
					"max": 1499
				},
				"2024-07-04": {
					"avg": 1593,
					"count": 4,
					"min": 1399,
					"max": 1698
				},
				"2024-07-05": {
					"avg": 1478,
					"count": 1,
					"min": 1478,
					"max": 1478
				},
				"2024-07-07": {
					"avg": 1635,
					"count": 3,
					"min": 1298,
					"max": 2310
				},
				"2024-07-10": {
					"avg": 3764,
					"count": 1,
					"min": 3764,
					"max": 3764
				},
				"2024-07-12": {
					"avg": 1194,
					"count": 1,
					"min": 1194,
					"max": 1194
				},
				"2024-07-13": {
					"avg": 1183,
					"count": 2,
					"min": 1170,
					"max": 1195
				},
				"2024-07-15": {
					"avg": 1175,
					"count": 1,
					"min": 1175,
					"max": 1175
				},
				"2024-07-17": {
					"avg": 1175,
					"count": 2,
					"min": 1175,
					"max": 1175
				},
				"2024-07-18": {
					"avg": 1267,
					"count": 4,
					"min": 1257,
					"max": 1294
				},
				"2024-07-19": {
					"avg": 1401,
					"count": 1,
					"min": 1401,
					"max": 1401
				},
				"2024-07-20": {
					"avg": 1338,
					"count": 3,
					"min": 1258,
					"max": 1499
				},
				"2024-07-21": {
					"avg": 1272,
					"count": 1,
					"min": 1272,
					"max": 1272
				},
				"2024-07-22": {
					"avg": 1354,
					"count": 2,
					"min": 1314,
					"max": 1394
				},
				"2024-07-23": {
					"avg": 1298,
					"count": 1,
					"min": 1298,
					"max": 1298
				},
				"2024-07-24": {
					"avg": 1200,
					"count": 1,
					"min": 1200,
					"max": 1200
				},
				"2024-07-26": {
					"avg": 1175,
					"count": 2,
					"min": 1175,
					"max": 1175
				},
				"2024-07-28": {
					"avg": 1175,
					"count": 1,
					"min": 1175,
					"max": 1175
				},
				"2024-07-29": {
					"avg": 1150,
					"count": 1,
					"min": 1150,
					"max": 1150
				},
				"2024-08-01": {
					"avg": 1497,
					"count": 3,
					"min": 1147,
					"max": 2195
				},
				"2024-08-03": {
					"avg": 1596,
					"count": 2,
					"min": 1596,
					"max": 1596
				},
				"2024-08-04": {
					"avg": 1087,
					"count": 2,
					"min": 1074,
					"max": 1099
				},
				"2024-08-06": {
					"avg": 1128,
					"count": 3,
					"min": 1099,
					"max": 1147
				},
				"2024-08-07": {
					"avg": 1147,
					"count": 1,
					"min": 1147,
					"max": 1147
				},
				"2024-08-08": {
					"avg": 1184,
					"count": 3,
					"min": 1147,
					"max": 1255
				},
				"2024-08-09": {
					"avg": 3799,
					"count": 1,
					"min": 3799,
					"max": 3799
				},
				"2024-08-10": {
					"avg": 1171,
					"count": 2,
					"min": 1075,
					"max": 1267
				},
				"2024-08-11": {
					"avg": 1047,
					"count": 1,
					"min": 1047,
					"max": 1047
				},
				"2024-08-12": {
					"avg": 1009,
					"count": 1,
					"min": 1009,
					"max": 1009
				},
				"2024-08-16": {
					"avg": 1121,
					"count": 3,
					"min": 1024,
					"max": 1188
				},
				"2024-08-17": {
					"avg": 1495,
					"count": 1,
					"min": 1495,
					"max": 1495
				},
				"2024-08-18": {
					"avg": 1029,
					"count": 4,
					"min": 1022,
					"max": 1044
				},
				"2024-08-21": {
					"avg": 1067,
					"count": 2,
					"min": 1067,
					"max": 1067
				},
				"2024-08-22": {
					"avg": 1256,
					"count": 3,
					"min": 1195,
					"max": 1322
				},
				"2024-08-23": {
					"avg": 1137,
					"count": 1,
					"min": 1137,
					"max": 1137
				},
				"2024-08-25": {
					"avg": 1149,
					"count": 1,
					"min": 1149,
					"max": 1149
				},
				"2024-08-26": {
					"avg": 1508,
					"count": 2,
					"min": 1217,
					"max": 1799
				},
				"2024-08-27": {
					"avg": 3800,
					"count": 1,
					"min": 3800,
					"max": 3800
				},
				"2024-08-29": {
					"avg": 1562,
					"count": 1,
					"min": 1562,
					"max": 1562
				},
				"2024-08-30": {
					"avg": 1687,
					"count": 2,
					"min": 1125,
					"max": 2249
				},
				"2024-08-31": {
					"avg": 2648,
					"count": 2,
					"min": 1126,
					"max": 4169
				},
				"2024-09-01": {
					"avg": 1125,
					"count": 1,
					"min": 1125,
					"max": 1125
				},
				"2024-09-02": {
					"avg": 1698,
					"count": 2,
					"min": 1025,
					"max": 2370
				},
				"2024-09-04": {
					"avg": 1125,
					"count": 1,
					"min": 1125,
					"max": 1125
				},
				"2024-09-05": {
					"avg": 1126,
					"count": 2,
					"min": 1125,
					"max": 1126
				},
				"2024-09-06": {
					"avg": 1821,
					"count": 1,
					"min": 1821,
					"max": 1821
				},
				"2024-09-08": {
					"avg": 1149,
					"count": 3,
					"min": 1098,
					"max": 1252
				},
				"2024-09-09": {
					"avg": 1125,
					"count": 1,
					"min": 1125,
					"max": 1125
				},
				"2024-09-11": {
					"avg": 1212,
					"count": 9,
					"min": 1135,
					"max": 1289
				},
				"2024-09-12": {
					"avg": 1135,
					"count": 1,
					"min": 1135,
					"max": 1135
				},
				"2024-09-13": {
					"avg": 1327,
					"count": 1,
					"min": 1327,
					"max": 1327
				},
				"2024-09-14": {
					"avg": 1800,
					"count": 6,
					"min": 1135,
					"max": 3242
				},
				"2024-09-16": {
					"avg": 1050,
					"count": 2,
					"min": 1000,
					"max": 1099
				},
				"2024-09-18": {
					"avg": 1099,
					"count": 1,
					"min": 1099,
					"max": 1099
				},
				"2024-09-20": {
					"avg": 958,
					"count": 1,
					"min": 958,
					"max": 958
				},
				"2024-09-21": {
					"avg": 952,
					"count": 2,
					"min": 952,
					"max": 952
				},
				"2024-09-23": {
					"avg": 1092,
					"count": 2,
					"min": 1034,
					"max": 1149
				}
			},
			"avg": 1417,
			"avg7": 1250,
			"avg28": 1250
		},
		"normal-played": {
			"history": {
				"2024-05-25": {
					"avg": 679,
					"count": 1,
					"min": 679,
					"max": 679
				},
				"2024-05-27": {
					"avg": 883,
					"count": 3,
					"min": 698,
					"max": 1250
				},
				"2024-05-29": {
					"avg": 1699,
					"count": 1,
					"min": 1699,
					"max": 1699
				},
				"2024-05-30": {
					"avg": 825,
					"count": 1,
					"min": 825,
					"max": 825
				},
				"2024-06-01": {
					"avg": 774,
					"count": 1,
					"min": 774,
					"max": 774
				},
				"2024-06-03": {
					"avg": 1008,
					"count": 1,
					"min": 1008,
					"max": 1008
				},
				"2024-06-06": {
					"avg": 837,
					"count": 5,
					"min": 723,
					"max": 1013
				},
				"2024-06-08": {
					"avg": 1258,
					"count": 3,
					"min": 719,
					"max": 2121
				},
				"2024-06-09": {
					"avg": 762,
					"count": 2,
					"min": 725,
					"max": 798
				},
				"2024-06-11": {
					"avg": 1009,
					"count": 1,
					"min": 1009,
					"max": 1009
				},
				"2024-06-12": {
					"avg": 901,
					"count": 4,
					"min": 725,
					"max": 1095
				},
				"2024-06-14": {
					"avg": 829,
					"count": 1,
					"min": 829,
					"max": 829
				},
				"2024-06-16": {
					"avg": 933,
					"count": 1,
					"min": 933,
					"max": 933
				},
				"2024-06-17": {
					"avg": 805,
					"count": 2,
					"min": 799,
					"max": 811
				},
				"2024-06-18": {
					"avg": 2191,
					"count": 1,
					"min": 2191,
					"max": 2191
				},
				"2024-06-20": {
					"avg": 1299,
					"count": 4,
					"min": 799,
					"max": 2799
				},
				"2024-06-23": {
					"avg": 798,
					"count": 1,
					"min": 798,
					"max": 798
				},
				"2024-06-25": {
					"avg": 789,
					"count": 1,
					"min": 789,
					"max": 789
				},
				"2024-06-27": {
					"avg": 799,
					"count": 1,
					"min": 799,
					"max": 799
				},
				"2024-06-30": {
					"avg": 809,
					"count": 1,
					"min": 809,
					"max": 809
				},
				"2024-07-01": {
					"avg": 747,
					"count": 1,
					"min": 747,
					"max": 747
				},
				"2024-07-02": {
					"avg": 747,
					"count": 1,
					"min": 747,
					"max": 747
				},
				"2024-07-03": {
					"avg": 834,
					"count": 1,
					"min": 834,
					"max": 834
				},
				"2024-07-05": {
					"avg": 746,
					"count": 1,
					"min": 746,
					"max": 746
				},
				"2024-07-07": {
					"avg": 1483,
					"count": 2,
					"min": 775,
					"max": 2191
				},
				"2024-07-08": {
					"avg": 766,
					"count": 7,
					"min": 747,
					"max": 850
				},
				"2024-07-10": {
					"avg": 747,
					"count": 1,
					"min": 747,
					"max": 747
				},
				"2024-07-13": {
					"avg": 725,
					"count": 1,
					"min": 725,
					"max": 725
				},
				"2024-07-17": {
					"avg": 783,
					"count": 12,
					"min": 700,
					"max": 910
				},
				"2024-07-18": {
					"avg": 820,
					"count": 2,
					"min": 820,
					"max": 820
				},
				"2024-07-19": {
					"avg": 739,
					"count": 7,
					"min": 739,
					"max": 739
				},
				"2024-07-20": {
					"avg": 835,
					"count": 2,
					"min": 699,
					"max": 970
				},
				"2024-07-22": {
					"avg": 1186,
					"count": 3,
					"min": 747,
					"max": 2065
				},
				"2024-07-23": {
					"avg": 746,
					"count": 1,
					"min": 746,
					"max": 746
				},
				"2024-07-25": {
					"avg": 746,
					"count": 1,
					"min": 746,
					"max": 746
				},
				"2024-07-26": {
					"avg": 990,
					"count": 6,
					"min": 746,
					"max": 1965
				},
				"2024-07-28": {
					"avg": 1099,
					"count": 1,
					"min": 1099,
					"max": 1099
				},
				"2024-07-29": {
					"avg": 822,
					"count": 1,
					"min": 822,
					"max": 822
				},
				"2024-07-31": {
					"avg": 1057,
					"count": 4,
					"min": 709,
					"max": 1793
				},
				"2024-08-02": {
					"avg": 847,
					"count": 2,
					"min": 699,
					"max": 995
				},
				"2024-08-05": {
					"avg": 1429,
					"count": 2,
					"min": 1064,
					"max": 1793
				},
				"2024-08-06": {
					"avg": 995,
					"count": 1,
					"min": 995,
					"max": 995
				},
				"2024-08-07": {
					"avg": 846,
					"count": 1,
					"min": 846,
					"max": 846
				},
				"2024-08-08": {
					"avg": 822,
					"count": 1,
					"min": 822,
					"max": 822
				},
				"2024-08-09": {
					"avg": 700,
					"count": 1,
					"min": 700,
					"max": 700
				},
				"2024-08-10": {
					"avg": 1262,
					"count": 1,
					"min": 1262,
					"max": 1262
				},
				"2024-08-11": {
					"avg": 876,
					"count": 4,
					"min": 700,
					"max": 1018
				},
				"2024-08-12": {
					"avg": 2249,
					"count": 1,
					"min": 2249,
					"max": 2249
				},
				"2024-08-15": {
					"avg": 1015,
					"count": 1,
					"min": 1015,
					"max": 1015
				},
				"2024-08-16": {
					"avg": 820,
					"count": 1,
					"min": 820,
					"max": 820
				},
				"2024-08-17": {
					"avg": 881,
					"count": 2,
					"min": 753,
					"max": 1008
				},
				"2024-08-18": {
					"avg": 750,
					"count": 2,
					"min": 750,
					"max": 750
				},
				"2024-08-19": {
					"avg": 751,
					"count": 1,
					"min": 751,
					"max": 751
				},
				"2024-08-22": {
					"avg": 781,
					"count": 7,
					"min": 725,
					"max": 1088
				},
				"2024-08-24": {
					"avg": 874,
					"count": 1,
					"min": 874,
					"max": 874
				},
				"2024-08-27": {
					"avg": 889,
					"count": 2,
					"min": 779,
					"max": 998
				},
				"2024-08-28": {
					"avg": 798,
					"count": 1,
					"min": 798,
					"max": 798
				},
				"2024-08-29": {
					"avg": 867,
					"count": 1,
					"min": 867,
					"max": 867
				},
				"2024-08-30": {
					"avg": 2299,
					"count": 1,
					"min": 2299,
					"max": 2299
				},
				"2024-08-31": {
					"avg": 1039,
					"count": 1,
					"min": 1039,
					"max": 1039
				},
				"2024-09-01": {
					"avg": 798,
					"count": 1,
					"min": 798,
					"max": 798
				},
				"2024-09-02": {
					"avg": 2085,
					"count": 4,
					"min": 900,
					"max": 2799
				},
				"2024-09-03": {
					"avg": 798,
					"count": 2,
					"min": 798,
					"max": 798
				},
				"2024-09-04": {
					"avg": 1492,
					"count": 4,
					"min": 867,
					"max": 3299
				},
				"2024-09-05": {
					"avg": 1811,
					"count": 1,
					"min": 1811,
					"max": 1811
				},
				"2024-09-06": {
					"avg": 795,
					"count": 1,
					"min": 795,
					"max": 795
				},
				"2024-09-07": {
					"avg": 1295,
					"count": 1,
					"min": 1295,
					"max": 1295
				},
				"2024-09-08": {
					"avg": 941,
					"count": 3,
					"min": 668,
					"max": 1358
				},
				"2024-09-10": {
					"avg": 800,
					"count": 1,
					"min": 800,
					"max": 800
				},
				"2024-09-11": {
					"avg": 793,
					"count": 5,
					"min": 770,
					"max": 853
				},
				"2024-09-13": {
					"avg": 795,
					"count": 1,
					"min": 795,
					"max": 795
				},
				"2024-09-16": {
					"avg": 893,
					"count": 1,
					"min": 893,
					"max": 893
				},
				"2024-09-17": {
					"avg": 1602,
					"count": 2,
					"min": 1279,
					"max": 1924
				},
				"2024-09-18": {
					"avg": 1073,
					"count": 7,
					"min": 499,
					"max": 2229
				},
				"2024-09-19": {
					"avg": 795,
					"count": 1,
					"min": 795,
					"max": 795
				},
				"2024-09-20": {
					"avg": 1164,
					"count": 3,
					"min": 774,
					"max": 1924
				},
				"2024-09-21": {
					"avg": 694,
					"count": 1,
					"min": 694,
					"max": 694
				},
				"2024-09-22": {
					"avg": 774,
					"count": 1,
					"min": 774,
					"max": 774
				},
				"2024-09-23": {
					"avg": 795,
					"count": 3,
					"min": 795,
					"max": 795
				}
			},
			"avg": 983,
			"avg7": -1,
			"avg28": -1
		},
		"normal-nearmint": {
			"history": {
				"2024-05-23": {
					"avg": 1900,
					"count": 1,
					"min": 1900,
					"max": 1900
				},
				"2024-05-24": {
					"avg": 2575,
					"count": 2,
					"min": 2572,
					"max": 2578
				},
				"2024-05-25": {
					"avg": 2997,
					"count": 1,
					"min": 2997,
					"max": 2997
				},
				"2024-05-26": {
					"avg": 3046,
					"count": 2,
					"min": 2095,
					"max": 3996
				},
				"2024-05-27": {
					"avg": 4408,
					"count": 2,
					"min": 2195,
					"max": 6621
				},
				"2024-05-31": {
					"avg": 2345,
					"count": 1,
					"min": 2345,
					"max": 2345
				},
				"2024-06-03": {
					"avg": 5499,
					"count": 1,
					"min": 5499,
					"max": 5499
				},
				"2024-06-04": {
					"avg": 1699,
					"count": 1,
					"min": 1699,
					"max": 1699
				},
				"2024-06-12": {
					"avg": 2062,
					"count": 1,
					"min": 2062,
					"max": 2062
				},
				"2024-06-13": {
					"avg": 2099,
					"count": 1,
					"min": 2099,
					"max": 2099
				},
				"2024-06-14": {
					"avg": 4149,
					"count": 2,
					"min": 2199,
					"max": 6098
				},
				"2024-06-16": {
					"avg": 2199,
					"count": 1,
					"min": 2199,
					"max": 2199
				},
				"2024-06-17": {
					"avg": 2061,
					"count": 1,
					"min": 2061,
					"max": 2061
				},
				"2024-06-18": {
					"avg": 2094,
					"count": 1,
					"min": 2094,
					"max": 2094
				},
				"2024-06-23": {
					"avg": 1611,
					"count": 1,
					"min": 1611,
					"max": 1611
				},
				"2024-06-25": {
					"avg": 1760,
					"count": 2,
					"min": 1600,
					"max": 1920
				},
				"2024-06-29": {
					"avg": 1899,
					"count": 1,
					"min": 1899,
					"max": 1899
				},
				"2024-07-01": {
					"avg": 1899,
					"count": 1,
					"min": 1899,
					"max": 1899
				},
				"2024-07-04": {
					"avg": 1899,
					"count": 1,
					"min": 1899,
					"max": 1899
				},
				"2024-07-07": {
					"avg": 3900,
					"count": 2,
					"min": 2299,
					"max": 5500
				},
				"2024-07-09": {
					"avg": 6326,
					"count": 1,
					"min": 6326,
					"max": 6326
				},
				"2024-07-11": {
					"avg": 1900,
					"count": 1,
					"min": 1900,
					"max": 1900
				},
				"2024-07-14": {
					"avg": 1900,
					"count": 1,
					"min": 1900,
					"max": 1900
				},
				"2024-07-19": {
					"avg": 2000,
					"count": 1,
					"min": 2000,
					"max": 2000
				},
				"2024-07-20": {
					"avg": 1988,
					"count": 1,
					"min": 1988,
					"max": 1988
				},
				"2024-07-23": {
					"avg": 1944,
					"count": 2,
					"min": 1899,
					"max": 1988
				},
				"2024-07-29": {
					"avg": 1949,
					"count": 2,
					"min": 1899,
					"max": 1998
				},
				"2024-07-30": {
					"avg": 2098,
					"count": 1,
					"min": 2098,
					"max": 2098
				},
				"2024-08-01": {
					"avg": 6498,
					"count": 1,
					"min": 6498,
					"max": 6498
				},
				"2024-08-02": {
					"avg": 4199,
					"count": 2,
					"min": 2399,
					"max": 5999
				},
				"2024-08-10": {
					"avg": 1967,
					"count": 1,
					"min": 1967,
					"max": 1967
				},
				"2024-08-17": {
					"avg": 1799,
					"count": 1,
					"min": 1799,
					"max": 1799
				},
				"2024-08-19": {
					"avg": 1899,
					"count": 1,
					"min": 1899,
					"max": 1899
				},
				"2024-08-21": {
					"avg": 1899,
					"count": 1,
					"min": 1899,
					"max": 1899
				},
				"2024-08-22": {
					"avg": 1998,
					"count": 1,
					"min": 1998,
					"max": 1998
				},
				"2024-08-24": {
					"avg": 2045,
					"count": 2,
					"min": 1968,
					"max": 2122
				},
				"2024-08-30": {
					"avg": 2017,
					"count": 1,
					"min": 2017,
					"max": 2017
				},
				"2024-09-03": {
					"avg": 2060,
					"count": 2,
					"min": 1998,
					"max": 2122
				},
				"2024-09-07": {
					"avg": 7299,
					"count": 1,
					"min": 7299,
					"max": 7299
				},
				"2024-09-08": {
					"avg": 3955,
					"count": 1,
					"min": 3955,
					"max": 3955
				},
				"2024-09-14": {
					"avg": 2753,
					"count": 1,
					"min": 2753,
					"max": 2753
				},
				"2024-09-16": {
					"avg": 1998,
					"count": 1,
					"min": 1998,
					"max": 1998
				},
				"2024-09-18": {
					"avg": 1950,
					"count": 1,
					"min": 1950,
					"max": 1950
				},
				"2024-09-19": {
					"avg": 1950,
					"count": 1,
					"min": 1950,
					"max": 1950
				},
				"2024-09-21": {
					"avg": 4535,
					"count": 2,
					"min": 2099,
					"max": 6971
				},
				"2024-09-22": {
					"avg": 2379,
					"count": 1,
					"min": 2379,
					"max": 2379
				},
				"2024-09-23": {
					"avg": 2117,
					"count": 1,
					"min": 2117,
					"max": 2117
				}
			},
			"avg": 2781,
			"avg7": -1,
			"avg28": -1
		},
		"normal-poor": {
			"history": {
				"2024-05-25": {
					"avg": 444,
					"count": 1,
					"min": 444,
					"max": 444
				},
				"2024-05-31": {
					"avg": 349,
					"count": 5,
					"min": 349,
					"max": 349
				},
				"2024-06-01": {
					"avg": 350,
					"count": 1,
					"min": 350,
					"max": 350
				},
				"2024-06-03": {
					"avg": 485,
					"count": 2,
					"min": 349,
					"max": 621
				},
				"2024-06-04": {
					"avg": 547,
					"count": 1,
					"min": 547,
					"max": 547
				},
				"2024-06-14": {
					"avg": 531,
					"count": 1,
					"min": 531,
					"max": 531
				},
				"2024-06-15": {
					"avg": 409,
					"count": 2,
					"min": 409,
					"max": 409
				},
				"2024-06-19": {
					"avg": 527,
					"count": 1,
					"min": 527,
					"max": 527
				},
				"2024-06-22": {
					"avg": 531,
					"count": 1,
					"min": 531,
					"max": 531
				},
				"2024-06-27": {
					"avg": 531,
					"count": 1,
					"min": 531,
					"max": 531
				},
				"2024-06-29": {
					"avg": 588,
					"count": 1,
					"min": 588,
					"max": 588
				},
				"2024-06-30": {
					"avg": 478,
					"count": 1,
					"min": 478,
					"max": 478
				},
				"2024-07-03": {
					"avg": 500,
					"count": 1,
					"min": 500,
					"max": 500
				},
				"2024-07-10": {
					"avg": 399,
					"count": 1,
					"min": 399,
					"max": 399
				},
				"2024-07-12": {
					"avg": 531,
					"count": 1,
					"min": 531,
					"max": 531
				},
				"2024-07-20": {
					"avg": 799,
					"count": 1,
					"min": 799,
					"max": 799
				},
				"2024-07-21": {
					"avg": 536,
					"count": 1,
					"min": 536,
					"max": 536
				},
				"2024-07-23": {
					"avg": 626,
					"count": 1,
					"min": 626,
					"max": 626
				},
				"2024-07-26": {
					"avg": 599,
					"count": 1,
					"min": 599,
					"max": 599
				},
				"2024-08-03": {
					"avg": 888,
					"count": 2,
					"min": 888,
					"max": 888
				},
				"2024-08-05": {
					"avg": 413,
					"count": 1,
					"min": 413,
					"max": 413
				},
				"2024-08-08": {
					"avg": 603,
					"count": 5,
					"min": 510,
					"max": 820
				},
				"2024-08-10": {
					"avg": 401,
					"count": 1,
					"min": 401,
					"max": 401
				},
				"2024-08-11": {
					"avg": 610,
					"count": 3,
					"min": 402,
					"max": 800
				},
				"2024-08-14": {
					"avg": 526,
					"count": 1,
					"min": 526,
					"max": 526
				},
				"2024-08-15": {
					"avg": 599,
					"count": 1,
					"min": 599,
					"max": 599
				},
				"2024-08-18": {
					"avg": 509,
					"count": 1,
					"min": 509,
					"max": 509
				},
				"2024-08-21": {
					"avg": 599,
					"count": 1,
					"min": 599,
					"max": 599
				},
				"2024-08-27": {
					"avg": 500,
					"count": 1,
					"min": 500,
					"max": 500
				},
				"2024-09-05": {
					"avg": 505,
					"count": 1,
					"min": 505,
					"max": 505
				},
				"2024-09-13": {
					"avg": 505,
					"count": 2,
					"min": 505,
					"max": 505
				},
				"2024-09-15": {
					"avg": 505,
					"count": 1,
					"min": 505,
					"max": 505
				},
				"2024-09-18": {
					"avg": 610,
					"count": 1,
					"min": 610,
					"max": 610
				},
				"2024-09-20": {
					"avg": 879,
					"count": 5,
					"min": 505,
					"max": 1346
				},
				"2024-09-21": {
					"avg": 505,
					"count": 1,
					"min": 505,
					"max": 505
				},
				"2024-09-23": {
					"avg": 626,
					"count": 1,
					"min": 626,
					"max": 626
				}
			},
			"avg": 562,
			"avg7": -1,
			"avg28": -1
		},
		"normal-used": {
			"history": {
				"2024-05-23": {
					"avg": 613,
					"count": 2,
					"min": 600,
					"max": 625
				},
				"2024-05-24": {
					"avg": 728,
					"count": 2,
					"min": 607,
					"max": 849
				},
				"2024-06-02": {
					"avg": 525,
					"count": 3,
					"min": 525,
					"max": 525
				},
				"2024-06-04": {
					"avg": 571,
					"count": 4,
					"min": 485,
					"max": 607
				},
				"2024-06-07": {
					"avg": 1344,
					"count": 1,
					"min": 1344,
					"max": 1344
				},
				"2024-06-10": {
					"avg": 422,
					"count": 1,
					"min": 422,
					"max": 422
				},
				"2024-06-12": {
					"avg": 614,
					"count": 1,
					"min": 614,
					"max": 614
				},
				"2024-06-15": {
					"avg": 420,
					"count": 3,
					"min": 420,
					"max": 420
				},
				"2024-06-17": {
					"avg": 544,
					"count": 1,
					"min": 544,
					"max": 544
				},
				"2024-06-18": {
					"avg": 1598,
					"count": 1,
					"min": 1598,
					"max": 1598
				},
				"2024-06-21": {
					"avg": 527,
					"count": 3,
					"min": 420,
					"max": 592
				},
				"2024-06-22": {
					"avg": 758,
					"count": 2,
					"min": 666,
					"max": 849
				},
				"2024-06-23": {
					"avg": 695,
					"count": 1,
					"min": 695,
					"max": 695
				},
				"2024-06-27": {
					"avg": 528,
					"count": 2,
					"min": 528,
					"max": 528
				},
				"2024-06-30": {
					"avg": 1015,
					"count": 1,
					"min": 1015,
					"max": 1015
				},
				"2024-07-01": {
					"avg": 599,
					"count": 1,
					"min": 599,
					"max": 599
				},
				"2024-07-04": {
					"avg": 623,
					"count": 2,
					"min": 599,
					"max": 647
				},
				"2024-07-05": {
					"avg": 1500,
					"count": 1,
					"min": 1500,
					"max": 1500
				},
				"2024-07-08": {
					"avg": 724,
					"count": 1,
					"min": 724,
					"max": 724
				},
				"2024-07-10": {
					"avg": 1098,
					"count": 1,
					"min": 1098,
					"max": 1098
				},
				"2024-07-14": {
					"avg": 675,
					"count": 3,
					"min": 500,
					"max": 949
				},
				"2024-07-17": {
					"avg": 599,
					"count": 1,
					"min": 599,
					"max": 599
				},
				"2024-07-18": {
					"avg": 1379,
					"count": 1,
					"min": 1379,
					"max": 1379
				},
				"2024-07-19": {
					"avg": 532,
					"count": 2,
					"min": 472,
					"max": 592
				},
				"2024-07-21": {
					"avg": 1529,
					"count": 1,
					"min": 1529,
					"max": 1529
				},
				"2024-07-22": {
					"avg": 650,
					"count": 2,
					"min": 599,
					"max": 700
				},
				"2024-07-25": {
					"avg": 504,
					"count": 1,
					"min": 504,
					"max": 504
				},
				"2024-07-26": {
					"avg": 504,
					"count": 4,
					"min": 503,
					"max": 504
				},
				"2024-07-27": {
					"avg": 504,
					"count": 2,
					"min": 504,
					"max": 504
				},
				"2024-08-01": {
					"avg": 502,
					"count": 2,
					"min": 500,
					"max": 503
				},
				"2024-08-02": {
					"avg": 504,
					"count": 1,
					"min": 504,
					"max": 504
				},
				"2024-08-07": {
					"avg": 1479,
					"count": 1,
					"min": 1479,
					"max": 1479
				},
				"2024-08-11": {
					"avg": 1183,
					"count": 2,
					"min": 599,
					"max": 1767
				},
				"2024-08-12": {
					"avg": 612,
					"count": 1,
					"min": 612,
					"max": 612
				},
				"2024-08-13": {
					"avg": 612,
					"count": 1,
					"min": 612,
					"max": 612
				},
				"2024-08-18": {
					"avg": 725,
					"count": 1,
					"min": 725,
					"max": 725
				},
				"2024-08-19": {
					"avg": 527,
					"count": 1,
					"min": 527,
					"max": 527
				},
				"2024-08-20": {
					"avg": 1109,
					"count": 3,
					"min": 849,
					"max": 1239
				},
				"2024-08-23": {
					"avg": 1099,
					"count": 1,
					"min": 1099,
					"max": 1099
				},
				"2024-08-24": {
					"avg": 569,
					"count": 1,
					"min": 569,
					"max": 569
				},
				"2024-08-27": {
					"avg": 469,
					"count": 1,
					"min": 469,
					"max": 469
				},
				"2024-08-31": {
					"avg": 859,
					"count": 1,
					"min": 859,
					"max": 859
				},
				"2024-09-02": {
					"avg": 586,
					"count": 2,
					"min": 571,
					"max": 600
				},
				"2024-09-03": {
					"avg": 600,
					"count": 1,
					"min": 600,
					"max": 600
				},
				"2024-09-05": {
					"avg": 522,
					"count": 2,
					"min": 445,
					"max": 599
				},
				"2024-09-06": {
					"avg": 445,
					"count": 1,
					"min": 445,
					"max": 445
				},
				"2024-09-14": {
					"avg": 1020,
					"count": 1,
					"min": 1020,
					"max": 1020
				},
				"2024-09-17": {
					"avg": 1199,
					"count": 1,
					"min": 1199,
					"max": 1199
				},
				"2024-09-21": {
					"avg": 500,
					"count": 1,
					"min": 500,
					"max": 500
				},
				"2024-09-22": {
					"avg": 500,
					"count": 1,
					"min": 500,
					"max": 500
				}
			},
			"avg": 710,
			"avg7": -1,
			"avg28": -1
		}
	}
}