{
	"data": {
		"normal-good": {
			"history": {
				"2022-11-13": {
					"avg": 398,
					"count": 2
				},
				"2022-11-15": {
					"avg": 237,
					"count": 1
				},
				"2022-11-17": {
					"avg": 284,
					"count": 1
				},
				"2022-11-18": {
					"avg": 579,
					"count": 1
				},
				"2022-11-22": {
					"avg": 200,
					"count": 2,
					"min": 200,
					"max": 200
				},
				"2022-11-25": {
					"avg": 135,
					"count": 1,
					"min": 135,
					"max": 135
				},
				"2022-11-27": {
					"avg": 99,
					"count": 1,
					"min": 99,
					"max": 99
				},
				"2022-11-28": {
					"avg": 197,
					"count": 5,
					"min": 197,
					"max": 197
				},
				"2022-11-29": {
					"avg": 250,
					"count": 1,
					"min": 250,
					"max": 250
				},
				"2022-11-30": {
					"avg": 108,
					"count": 1,
					"min": 108,
					"max": 108
				},
				"2022-12-03": {
					"avg": 182,
					"count": 1,
					"min": 182,
					"max": 182
				},
				"2022-12-10": {
					"avg": 274,
					"count": 1,
					"min": 274,
					"max": 274
				},
				"2022-12-12": {
					"avg": 100,
					"count": 1,
					"min": 100,
					"max": 100
				},
				"2022-12-14": {
					"avg": 177,
					"count": 3,
					"min": 112,
					"max": 210
				},
				"2022-12-16": {
					"avg": 135,
					"count": 2,
					"min": 99,
					"max": 170
				},
				"2022-12-20": {
					"avg": 174,
					"count": 1,
					"min": 174,
					"max": 174
				},
				"2022-12-21": {
					"avg": 199,
					"count": 1,
					"min": 199,
					"max": 199
				},
				"2022-12-22": {
					"avg": 320,
					"count": 1,
					"min": 320,
					"max": 320
				},
				"2022-12-26": {
					"avg": 202,
					"count": 4,
					"min": 198,
					"max": 205
				},
				"2022-12-29": {
					"avg": 299,
					"count": 1,
					"min": 299,
					"max": 299
				},
				"2022-12-30": {
					"avg": 199,
					"count": 1,
					"min": 199,
					"max": 199
				},
				"2023-01-02": {
					"avg": 216,
					"count": 3,
					"min": 174,
					"max": 279
				},
				"2023-01-03": {
					"avg": 211,
					"count": 2,
					"min": 206,
					"max": 215
				},
				"2023-01-06": {
					"avg": 232,
					"count": 2,
					"min": 214,
					"max": 250
				},
				"2023-01-07": {
					"avg": 212,
					"count": 1,
					"min": 212,
					"max": 212
				},
				"2023-01-08": {
					"avg": 212,
					"count": 1,
					"min": 212,
					"max": 212
				},
				"2023-01-10": {
					"avg": 89,
					"count": 1,
					"min": 89,
					"max": 89
				},
				"2023-02-07": {
					"avg": 155,
					"count": 1,
					"min": 155,
					"max": 155
				},
				"2023-02-10": {
					"avg": 633,
					"count": 2,
					"min": 598,
					"max": 668
				},
				"2023-02-11": {
					"avg": 698,
					"count": 1,
					"min": 698,
					"max": 698
				},
				"2023-02-14": {
					"avg": 246,
					"count": 1,
					"min": 246,
					"max": 246
				},
				"2023-02-16": {
					"avg": 248,
					"count": 2,
					"min": 150,
					"max": 346
				},
				"2023-02-18": {
					"avg": 99,
					"count": 1,
					"min": 99,
					"max": 99
				},
				"2023-02-19": {
					"avg": 225,
					"count": 2,
					"min": 149,
					"max": 301
				},
				"2023-02-21": {
					"avg": 122,
					"count": 1,
					"min": 122,
					"max": 122
				},
				"2023-02-23": {
					"avg": 295,
					"count": 3,
					"min": 268,
					"max": 350
				},
				"2023-02-24": {
					"avg": 234,
					"count": 3,
					"min": 198,
					"max": 288
				},
				"2023-02-28": {
					"avg": 295,
					"count": 1,
					"min": 295,
					"max": 295
				},
				"2023-03-01": {
					"avg": 120,
					"count": 1,
					"min": 120,
					"max": 120
				},
				"2023-03-02": {
					"avg": 334,
					"count": 3,
					"min": 334,
					"max": 334
				},
				"2023-03-03": {
					"avg": 256,
					"count": 2,
					"min": 237,
					"max": 274
				},
				"2023-03-05": {
					"avg": 150,
					"count": 2,
					"min": 150,
					"max": 150
				},
				"2023-03-07": {
					"avg": 298,
					"count": 1,
					"min": 298,
					"max": 298
				},
				"2023-03-10": {
					"avg": 137,
					"count": 3,
					"min": 68,
					"max": 254
				},
				"2023-03-12": {
					"avg": 155,
					"count": 1,
					"min": 155,
					"max": 155
				},
				"2023-03-13": {
					"avg": 205,
					"count": 3,
					"min": 205,
					"max": 205
				},
				"2023-03-14": {
					"avg": 197,
					"count": 3,
					"min": 197,
					"max": 197
				},
				"2023-03-18": {
					"avg": 304,
					"count": 1,
					"min": 304,
					"max": 304
				},
				"2023-03-19": {
					"avg": 197,
					"count": 1,
					"min": 197,
					"max": 197
				},
				"2023-03-20": {
					"avg": 275,
					"count": 3,
					"min": 259,
					"max": 283
				},
				"2023-03-25": {
					"avg": 208,
					"count": 1,
					"min": 208,
					"max": 208
				},
				"2023-03-26": {
					"avg": 145,
					"count": 1,
					"min": 145,
					"max": 145
				},
				"2023-03-28": {
					"avg": 229,
					"count": 1,
					"min": 229,
					"max": 229
				},
				"2023-04-01": {
					"avg": 308,
					"count": 2,
					"min": 297,
					"max": 318
				},
				"2023-04-02": {
					"avg": 196,
					"count": 2,
					"min": 194,
					"max": 197
				},
				"2023-04-03": {
					"avg": 275,
					"count": 1,
					"min": 275,
					"max": 275
				},
				"2023-04-05": {
					"avg": 310,
					"count": 2,
					"min": 92,
					"max": 528
				},
				"2023-04-06": {
					"avg": 198,
					"count": 2,
					"min": 198,
					"max": 198
				},
				"2023-04-09": {
					"avg": 209,
					"count": 2,
					"min": 198,
					"max": 221
				},
				"2023-04-14": {
					"avg": 198,
					"count": 1,
					"min": 198,
					"max": 198
				},
				"2023-04-17": {
					"avg": 199,
					"count": 1,
					"min": 199,
					"max": 199
				},
				"2023-04-18": {
					"avg": 409,
					"count": 2,
					"min": 409,
					"max": 409
				},
				"2023-04-20": {
					"avg": 170,
					"count": 1,
					"min": 170,
					"max": 170
				},
				"2023-04-22": {
					"avg": 149,
					"count": 1,
					"min": 149,
					"max": 149
				},
				"2023-04-26": {
					"avg": 188,
					"count": 1,
					"min": 188,
					"max": 188
				},
				"2023-04-27": {
					"avg": 217,
					"count": 1,
					"min": 217,
					"max": 217
				},
				"2023-05-02": {
					"avg": 250,
					"count": 1,
					"min": 250,
					"max": 250
				},
				"2023-05-04": {
					"avg": 298,
					"count": 1,
					"min": 298,
					"max": 298
				},
				"2023-05-05": {
					"avg": 115,
					"count": 1,
					"min": 115,
					"max": 115
				},
				"2023-05-06": {
					"avg": 229,
					"count": 2,
					"min": 229,
					"max": 229
				},
				"2023-05-07": {
					"avg": 709,
					"count": 1,
					"min": 709,
					"max": 709
				},
				"2023-05-09": {
					"avg": 290,
					"count": 1,
					"min": 290,
					"max": 290
				},
				"2023-05-11": {
					"avg": 115,
					"count": 1,
					"min": 115,
					"max": 115
				},
				"2023-05-12": {
					"avg": 214,
					"count": 1,
					"min": 214,
					"max": 214
				},
				"2023-05-13": {
					"avg": 238,
					"count": 1,
					"min": 238,
					"max": 238
				},
				"2023-05-16": {
					"avg": 208,
					"count": 2,
					"min": 195,
					"max": 221
				},
				"2023-05-19": {
					"avg": 318,
					"count": 1,
					"min": 318,
					"max": 318
				},
				"2023-05-23": {
					"avg": 221,
					"count": 2,
					"min": 195,
					"max": 246
				},
				"2023-06-01": {
					"avg": 399,
					"count": 11,
					"min": 98,
					"max": 688
				},
				"2023-06-06": {
					"avg": 163,
					"count": 6,
					"min": 96,
					"max": 197
				},
				"2023-06-07": {
					"avg": 197,
					"count": 1,
					"min": 197,
					"max": 197
				},
				"2023-06-09": {
					"avg": 201,
					"count": 4,
					"min": 147,
					"max": 257
				},
				"2023-06-10": {
					"avg": 99,
					"count": 1,
					"min": 99,
					"max": 99
				},
				"2023-06-12": {
					"avg": 204,
					"count": 1,
					"min": 204,
					"max": 204
				},
				"2023-06-13": {
					"avg": 51,
					"count": 1,
					"min": 51,
					"max": 51
				},
				"2023-06-14": {
					"avg": 100,
					"count": 2,
					"min": 100,
					"max": 100
				},
				"2023-06-17": {
					"avg": 223,
					"count": 4,
					"min": 198,
					"max": 282
				},
				"2023-06-20": {
					"avg": 201,
					"count": 2,
					"min": 145,
					"max": 257
				},
				"2023-06-24": {
					"avg": 111,
					"count": 1,
					"min": 111,
					"max": 111
				},
				"2023-06-26": {
					"avg": 115,
					"count": 1,
					"min": 115,
					"max": 115
				},
				"2023-06-27": {
					"avg": 225,
					"count": 1,
					"min": 225,
					"max": 225
				},
				"2023-06-28": {
					"avg": 100,
					"count": 2,
					"min": 99,
					"max": 100
				},
				"2023-06-29": {
					"avg": 205,
					"count": 2,
					"min": 195,
					"max": 214
				},
				"2023-07-02": {
					"avg": 338,
					"count": 1,
					"min": 338,
					"max": 338
				},
				"2023-07-04": {
					"avg": 385,
					"count": 1,
					"min": 385,
					"max": 385
				},
				"2023-07-09": {
					"avg": 349,
					"count": 1,
					"min": 349,
					"max": 349
				},
				"2023-07-10": {
					"avg": 103,
					"count": 1,
					"min": 103,
					"max": 103
				},
				"2023-07-11": {
					"avg": 174,
					"count": 1,
					"min": 174,
					"max": 174
				},
				"2023-07-13": {
					"avg": 222,
					"count": 4,
					"min": 150,
					"max": 246
				},
				"2023-07-16": {
					"avg": 113,
					"count": 2,
					"min": 112,
					"max": 113
				},
				"2023-07-17": {
					"avg": 156,
					"count": 2,
					"min": 113,
					"max": 198
				},
				"2023-07-19": {
					"avg": 221,
					"count": 2,
					"min": 135,
					"max": 307
				},
				"2023-07-20": {
					"avg": 142,
					"count": 1,
					"min": 142,
					"max": 142
				},
				"2023-07-21": {
					"avg": 115,
					"count": 1,
					"min": 115,
					"max": 115
				},
				"2023-07-22": {
					"avg": 131,
					"count": 1,
					"min": 131,
					"max": 131
				},
				"2023-07-23": {
					"avg": 244,
					"count": 2,
					"min": 188,
					"max": 299
				},
				"2023-07-28": {
					"avg": 296,
					"count": 1,
					"min": 296,
					"max": 296
				},
				"2023-07-29": {
					"avg": 156,
					"count": 2,
					"min": 115,
					"max": 197
				},
				"2023-07-30": {
					"avg": 257,
					"count": 1,
					"min": 257,
					"max": 257
				},
				"2023-08-01": {
					"avg": 202,
					"count": 2,
					"min": 105,
					"max": 298
				},
				"2023-08-02": {
					"avg": 149,
					"count": 1,
					"min": 149,
					"max": 149
				},
				"2023-08-03": {
					"avg": 246,
					"count": 5,
					"min": 134,
					"max": 274
				},
				"2023-08-04": {
					"avg": 299,
					"count": 1,
					"min": 299,
					"max": 299
				},
				"2023-08-07": {
					"avg": 133,
					"count": 4,
					"min": 99,
					"max": 174
				},
				"2023-08-08": {
					"avg": 182,
					"count": 5,
					"min": 129,
					"max": 195
				},
				"2023-08-09": {
					"avg": 175,
					"count": 1,
					"min": 175,
					"max": 175
				},
				"2023-08-10": {
					"avg": 185,
					"count": 2,
					"min": 169,
					"max": 201
				},
				"2023-08-14": {
					"avg": 237,
					"count": 6,
					"min": 174,
					"max": 300
				},
				"2023-08-15": {
					"avg": 134,
					"count": 1,
					"min": 134,
					"max": 134
				},
				"2023-08-16": {
					"avg": 115,
					"count": 1,
					"min": 115,
					"max": 115
				},
				"2023-08-17": {
					"avg": 399,
					"count": 1,
					"min": 399,
					"max": 399
				},
				"2023-08-19": {
					"avg": 182,
					"count": 1,
					"min": 182,
					"max": 182
				},
				"2023-08-20": {
					"avg": 269,
					"count": 1,
					"min": 269,
					"max": 269
				},
				"2023-08-27": {
					"avg": 135,
					"count": 3,
					"min": 91,
					"max": 198
				},
				"2023-08-29": {
					"avg": 130,
					"count": 1,
					"min": 130,
					"max": 130
				},
				"2023-08-30": {
					"avg": 85,
					"count": 1,
					"min": 85,
					"max": 85
				},
				"2023-09-03": {
					"avg": 105,
					"count": 2,
					"min": 89,
					"max": 121
				},
				"2023-09-04": {
					"avg": 196,
					"count": 2,
					"min": 89,
					"max": 303
				},
				"2023-09-08": {
					"avg": 255,
					"count": 3,
					"min": 248,
					"max": 270
				},
				"2023-09-09": {
					"avg": 124,
					"count": 1,
					"min": 124,
					"max": 124
				},
				"2023-09-10": {
					"avg": 229,
					"count": 1,
					"min": 229,
					"max": 229
				},
				"2023-09-12": {
					"avg": 257,
					"count": 1,
					"min": 257,
					"max": 257
				},
				"2023-09-14": {
					"avg": 399,
					"count": 1,
					"min": 399,
					"max": 399
				},
				"2023-09-17": {
					"avg": 189,
					"count": 4,
					"min": 87,
					"max": 241
				},
				"2023-09-18": {
					"avg": 328,
					"count": 3,
					"min": 198,
					"max": 526
				},
				"2023-09-19": {
					"avg": 111,
					"count": 9,
					"min": 106,
					"max": 155
				},
				"2023-09-22": {
					"avg": 299,
					"count": 1,
					"min": 299,
					"max": 299
				},
				"2023-09-23": {
					"avg": 251,
					"count": 3,
					"min": 199,
					"max": 277
				},
				"2023-09-25": {
					"avg": 107,
					"count": 8,
					"min": 107,
					"max": 107
				},
				"2023-09-26": {
					"avg": 332,
					"count": 3,
					"min": 198,
					"max": 598
				},
				"2023-09-27": {
					"avg": 127,
					"count": 2,
					"min": 105,
					"max": 150
				},
				"2023-10-01": {
					"avg": 211,
					"count": 2,
					"min": 155,
					"max": 267
				},
				"2023-10-02": {
					"avg": 1161,
					"count": 1,
					"min": 1161,
					"max": 1161
				},
				"2023-10-08": {
					"avg": 214,
					"count": 4,
					"min": 101,
					"max": 275
				},
				"2023-10-10": {
					"avg": 2299,
					"count": 1,
					"min": 2299,
					"max": 2299
				},
				"2023-10-12": {
					"avg": 225,
					"count": 3,
					"min": 225,
					"max": 225
				},
				"2023-10-13": {
					"avg": 267,
					"count": 2,
					"min": 231,
					"max": 302
				},
				"2023-10-14": {
					"avg": 96,
					"count": 2,
					"min": 92,
					"max": 99
				},
				"2023-10-17": {
					"avg": 199,
					"count": 1,
					"min": 199,
					"max": 199
				},
				"2023-10-19": {
					"avg": 132,
					"count": 4,
					"min": 132,
					"max": 132
				},
				"2023-10-21": {
					"avg": 209,
					"count": 4,
					"min": 70,
					"max": 348
				},
				"2023-10-23": {
					"avg": 211,
					"count": 1,
					"min": 211,
					"max": 211
				},
				"2023-10-27": {
					"avg": 159,
					"count": 2,
					"min": 149,
					"max": 169
				},
				"2023-10-29": {
					"avg": 275,
					"count": 1,
					"min": 275,
					"max": 275
				},
				"2023-10-30": {
					"avg": 149,
					"count": 10,
					"min": 136,
					"max": 267
				},
				"2023-10-31": {
					"avg": 149,
					"count": 1,
					"min": 149,
					"max": 149
				},
				"2023-11-04": {
					"avg": 227,
					"count": 2,
					"min": 155,
					"max": 299
				},
				"2023-11-06": {
					"avg": 214,
					"count": 1,
					"min": 214,
					"max": 214
				},
				"2023-11-12": {
					"avg": 225,
					"count": 1,
					"min": 225,
					"max": 225
				},
				"2023-11-13": {
					"avg": 201,
					"count": 2,
					"min": 168,
					"max": 234
				},
				"2023-11-14": {
					"avg": 222,
					"count": 4,
					"min": 195,
					"max": 248
				},
				"2023-11-16": {
					"avg": 115,
					"count": 1,
					"min": 115,
					"max": 115
				},
				"2023-11-19": {
					"avg": 200,
					"count": 1,
					"min": 200,
					"max": 200
				},
				"2023-11-22": {
					"avg": 115,
					"count": 1,
					"min": 115,
					"max": 115
				},
				"2023-11-23": {
					"avg": 427,
					"count": 2,
					"min": 155,
					"max": 698
				},
				"2023-11-24": {
					"avg": 154,
					"count": 10,
					"min": 115,
					"max": 255
				},
				"2023-11-25": {
					"avg": 149,
					"count": 1,
					"min": 149,
					"max": 149
				},
				"2023-11-26": {
					"avg": 129,
					"count": 1,
					"min": 129,
					"max": 129
				},
				"2023-11-27": {
					"avg": 184,
					"count": 4,
					"min": 168,
					"max": 214
				},
				"2024-05-17": {
					"avg": 174,
					"count": 8,
					"min": 89,
					"max": 313
				},
				"2024-05-18": {
					"avg": 245,
					"count": 6,
					"min": 198,
					"max": 347
				},
				"2024-05-19": {
					"avg": 235,
					"count": 3,
					"min": 199,
					"max": 257
				},
				"2024-05-20": {
					"avg": 349,
					"count": 1,
					"min": 349,
					"max": 349
				},
				"2024-05-21": {
					"avg": 208,
					"count": 2,
					"min": 117,
					"max": 299
				},
				"2024-05-22": {
					"avg": 1312,
					"count": 1,
					"min": 1312,
					"max": 1312
				},
				"2024-05-23": {
					"avg": 220,
					"count": 1,
					"min": 220,
					"max": 220
				},
				"2024-05-27": {
					"avg": 257,
					"count": 2,
					"min": 224,
					"max": 289
				},
				"2024-05-29": {
					"avg": 249,
					"count": 1,
					"min": 249,
					"max": 249
				},
				"2024-05-31": {
					"avg": 1341,
					"count": 2,
					"min": 1341,
					"max": 1341
				},
				"2024-06-04": {
					"avg": 125,
					"count": 1,
					"min": 125,
					"max": 125
				},
				"2024-06-08": {
					"avg": 125,
					"count": 2,
					"min": 100,
					"max": 149
				},
				"2024-06-11": {
					"avg": 328,
					"count": 1,
					"min": 328,
					"max": 328
				},
				"2024-06-14": {
					"avg": 104,
					"count": 2,
					"min": 104,
					"max": 104
				},
				"2024-06-15": {
					"avg": 397,
					"count": 1,
					"min": 397,
					"max": 397
				},
				"2024-06-16": {
					"avg": 226,
					"count": 1,
					"min": 226,
					"max": 226
				},
				"2024-06-17": {
					"avg": 318,
					"count": 1,
					"min": 318,
					"max": 318
				},
				"2024-06-21": {
					"avg": 249,
					"count": 1,
					"min": 249,
					"max": 249
				},
				"2024-06-22": {
					"avg": 226,
					"count": 1,
					"min": 226,
					"max": 226
				},
				"2024-06-26": {
					"avg": 248,
					"count": 1,
					"min": 248,
					"max": 248
				},
				"2024-06-27": {
					"avg": 223,
					"count": 1,
					"min": 223,
					"max": 223
				},
				"2024-06-28": {
					"avg": 314,
					"count": 1,
					"min": 314,
					"max": 314
				},
				"2024-07-09": {
					"avg": 138,
					"count": 5,
					"min": 124,
					"max": 146
				},
				"2024-07-11": {
					"avg": 223,
					"count": 1,
					"min": 223,
					"max": 223
				},
				"2024-07-12": {
					"avg": 223,
					"count": 1,
					"min": 223,
					"max": 223
				},
				"2024-07-16": {
					"avg": 155,
					"count": 1,
					"min": 155,
					"max": 155
				},
				"2024-07-19": {
					"avg": 252,
					"count": 1,
					"min": 252,
					"max": 252
				},
				"2024-07-20": {
					"avg": 298,
					"count": 1,
					"min": 298,
					"max": 298
				},
				"2024-07-22": {
					"avg": 245,
					"count": 1,
					"min": 245,
					"max": 245
				},
				"2024-07-24": {
					"avg": 1220,
					"count": 2,
					"min": 1220,
					"max": 1220
				},
				"2024-08-01": {
					"avg": 147,
					"count": 2,
					"min": 146,
					"max": 148
				},
				"2024-08-06": {
					"avg": 251,
					"count": 2,
					"min": 251,
					"max": 251
				},
				"2024-08-07": {
					"avg": 218,
					"count": 1,
					"min": 218,
					"max": 218
				},
				"2024-08-08": {
					"avg": 223,
					"count": 1,
					"min": 223,
					"max": 223
				},
				"2024-08-12": {
					"avg": 298,
					"count": 1,
					"min": 298,
					"max": 298
				},
				"2024-08-13": {
					"avg": 161,
					"count": 1,
					"min": 161,
					"max": 161
				},
				"2024-08-15": {
					"avg": 229,
					"count": 1,
					"min": 229,
					"max": 229
				},
				"2024-08-17": {
					"avg": 150,
					"count": 1,
					"min": 150,
					"max": 150
				},
				"2024-08-19": {
					"avg": 357,
					"count": 6,
					"min": 155,
					"max": 397
				},
				"2024-08-20": {
					"avg": 155,
					"count": 1,
					"min": 155,
					"max": 155
				},
				"2024-08-21": {
					"avg": 222,
					"count": 3,
					"min": 155,
					"max": 255
				},
				"2024-08-23": {
					"avg": 223,
					"count": 1,
					"min": 223,
					"max": 223
				},
				"2024-08-24": {
					"avg": 251,
					"count": 1,
					"min": 251,
					"max": 251
				},
				"2024-08-29": {
					"avg": 1220,
					"count": 1,
					"min": 1220,
					"max": 1220
				},
				"2024-08-30": {
					"avg": 162,
					"count": 1,
					"min": 162,
					"max": 162
				},
				"2024-09-03": {
					"avg": 272,
					"count": 1,
					"min": 272,
					"max": 272
				},
				"2024-09-06": {
					"avg": 223,
					"count": 1,
					"min": 223,
					"max": 223
				},
				"2024-09-08": {
					"avg": 254,
					"count": 1,
					"min": 254,
					"max": 254
				},
				"2024-09-15": {
					"avg": 282,
					"count": 3,
					"min": 251,
					"max": 327
				},
				"2024-09-16": {
					"avg": 223,
					"count": 1,
					"min": 223,
					"max": 223
				},
				"2024-09-20": {
					"avg": 283,
					"count": 1,
					"min": 283,
					"max": 283
				},
				"2024-09-22": {
					"avg": 199,
					"count": 1,
					"min": 199,
					"max": 199
				}
			},
			"avg": 239,
			"avg7": 217,
			"avg28": 217
		},
		"normal-played": {
			"history": {
				"2024-05-27": {
					"avg": 289,
					"count": 1,
					"min": 289,
					"max": 289
				},
				"2024-06-01": {
					"avg": 227,
					"count": 1,
					"min": 227,
					"max": 227
				},
				"2024-06-07": {
					"avg": 265,
					"count": 1,
					"min": 265,
					"max": 265
				},
				"2024-06-29": {
					"avg": 220,
					"count": 1,
					"min": 220,
					"max": 220
				},
				"2024-07-01": {
					"avg": 103,
					"count": 1,
					"min": 103,
					"max": 103
				},
				"2024-07-02": {
					"avg": 213,
					"count": 3,
					"min": 196,
					"max": 222
				},
				"2024-07-09": {
					"avg": 100,
					"count": 1,
					"min": 100,
					"max": 100
				},
				"2024-07-12": {
					"avg": 101,
					"count": 2,
					"min": 101,
					"max": 101
				},
				"2024-07-15": {
					"avg": 116,
					"count": 1,
					"min": 116,
					"max": 116
				},
				"2024-07-20": {
					"avg": 226,
					"count": 2,
					"min": 226,
					"max": 226
				},
				"2024-07-22": {
					"avg": 226,
					"count": 1,
					"min": 226,
					"max": 226
				},
				"2024-07-23": {
					"avg": 102,
					"count": 1,
					"min": 102,
					"max": 102
				},
				"2024-08-01": {
					"avg": 228,
					"count": 1,
					"min": 228,
					"max": 228
				},
				"2024-08-03": {
					"avg": 106,
					"count": 1,
					"min": 106,
					"max": 106
				},
				"2024-08-11": {
					"avg": 178,
					"count": 8,
					"min": 178,
					"max": 178
				},
				"2024-08-12": {
					"avg": 264,
					"count": 1,
					"min": 264,
					"max": 264
				},
				"2024-08-23": {
					"avg": 223,
					"count": 1,
					"min": 223,
					"max": 223
				},
				"2024-08-25": {
					"avg": 223,
					"count": 1,
					"min": 223,
					"max": 223
				},
				"2024-09-01": {
					"avg": 120,
					"count": 2,
					"min": 120,
					"max": 120
				},
				"2024-09-02": {
					"avg": 161,
					"count": 2,
					"min": 120,
					"max": 202
				},
				"2024-09-06": {
					"avg": 96,
					"count": 1,
					"min": 96,
					"max": 96
				},
				"2024-09-07": {
					"avg": 250,
					"count": 3,
					"min": 250,
					"max": 250
				},
				"2024-09-08": {
					"avg": 222,
					"count": 1,
					"min": 222,
					"max": 222
				},
				"2024-09-16": {
					"avg": 269,
					"count": 1,
					"min": 269,
					"max": 269
				}
			},
			"avg": 187,
			"avg7": -1,
			"avg28": -1
		},
		"normal-nearmint": {
			"history": {
				"2024-05-26": {
					"avg": 324,
					"count": 1,
					"min": 324,
					"max": 324
				},
				"2024-05-27": {
					"avg": 350,
					"count": 1,
					"min": 350,
					"max": 350
				},
				"2024-05-30": {
					"avg": 315,
					"count": 1,
					"min": 315,
					"max": 315
				},
				"2024-06-01": {
					"avg": 322,
					"count": 1,
					"min": 322,
					"max": 322
				},
				"2024-06-08": {
					"avg": 349,
					"count": 1,
					"min": 349,
					"max": 349
				},
				"2024-06-09": {
					"avg": 190,
					"count": 1,
					"min": 190,
					"max": 190
				},
				"2024-06-15": {
					"avg": 315,
					"count": 1,
					"min": 315,
					"max": 315
				},
				"2024-06-16": {
					"avg": 292,
					"count": 1,
					"min": 292,
					"max": 292
				},
				"2024-06-19": {
					"avg": 359,
					"count": 1,
					"min": 359,
					"max": 359
				},
				"2024-06-23": {
					"avg": 292,
					"count": 1,
					"min": 292,
					"max": 292
				},
				"2024-06-24": {
					"avg": 347,
					"count": 1,
					"min": 347,
					"max": 347
				},
				"2024-07-02": {
					"avg": 297,
					"count": 2,
					"min": 297,
					"max": 297
				},
				"2024-07-03": {
					"avg": 297,
					"count": 1,
					"min": 297,
					"max": 297
				},
				"2024-07-06": {
					"avg": 296,
					"count": 1,
					"min": 296,
					"max": 296
				},
				"2024-07-09": {
					"avg": 193,
					"count": 2,
					"min": 193,
					"max": 193
				},
				"2024-07-17": {
					"avg": 297,
					"count": 1,
					"min": 297,
					"max": 297
				},
				"2024-07-21": {
					"avg": 297,
					"count": 1,
					"min": 297,
					"max": 297
				},
				"2024-07-26": {
					"avg": 379,
					"count": 2,
					"min": 297,
					"max": 460
				},
				"2024-07-29": {
					"avg": 297,
					"count": 2,
					"min": 297,
					"max": 297
				},
				"2024-08-03": {
					"avg": 297,
					"count": 1,
					"min": 297,
					"max": 297
				},
				"2024-08-06": {
					"avg": 355,
					"count": 2,
					"min": 297,
					"max": 413
				},
				"2024-08-08": {
					"avg": 248,
					"count": 2,
					"min": 187,
					"max": 309
				},
				"2024-08-09": {
					"avg": 185,
					"count": 1,
					"min": 185,
					"max": 185
				},
				"2024-08-11": {
					"avg": 399,
					"count": 1,
					"min": 399,
					"max": 399
				},
				"2024-08-12": {
					"avg": 297,
					"count": 1,
					"min": 297,
					"max": 297
				},
				"2024-08-16": {
					"avg": 297,
					"count": 1,
					"min": 297,
					"max": 297
				},
				"2024-08-18": {
					"avg": 368,
					"count": 1,
					"min": 368,
					"max": 368
				},
				"2024-08-20": {
					"avg": 459,
					"count": 1,
					"min": 459,
					"max": 459
				},
				"2024-08-22": {
					"avg": 336,
					"count": 1,
					"min": 336,
					"max": 336
				},
				"2024-08-23": {
					"avg": 250,
					"count": 1,
					"min": 250,
					"max": 250
				},
				"2024-08-29": {
					"avg": 262,
					"count": 1,
					"min": 262,
					"max": 262
				},
				"2024-09-01": {
					"avg": 297,
					"count": 1,
					"min": 297,
					"max": 297
				},
				"2024-09-10": {
					"avg": 1094,
					"count": 1,
					"min": 1094,
					"max": 1094
				},
				"2024-09-12": {
					"avg": 286,
					"count": 1,
					"min": 286,
					"max": 286
				},
				"2024-09-19": {
					"avg": 297,
					"count": 2,
					"min": 297,
					"max": 297
				},
				"2024-09-20": {
					"avg": 275,
					"count": 1,
					"min": 275,
					"max": 275
				},
				"2024-09-21": {
					"avg": 286,
					"count": 1,
					"min": 286,
					"max": 286
				},
				"2024-09-22": {
					"avg": 260,
					"count": 1,
					"min": 260,
					"max": 260
				}
			},
			"avg": 320,
			"avg7": -1,
			"avg28": -1
		},
		"normal-used": {
			"history": {
				"2024-06-09": {
					"avg": 88,
					"count": 1,
					"min": 88,
					"max": 88
				},
				"2024-07-06": {
					"avg": 250,
					"count": 1,
					"min": 250,
					"max": 250
				},
				"2024-07-09": {
					"avg": 70,
					"count": 1,
					"min": 70,
					"max": 70
				},
				"2024-07-15": {
					"avg": 66,
					"count": 1,
					"min": 66,
					"max": 66
				},
				"2024-07-29": {
					"avg": 188,
					"count": 2,
					"min": 179,
					"max": 197
				},
				"2024-08-04": {
					"avg": 149,
					"count": 1,
					"min": 149,
					"max": 149
				},
				"2024-08-06": {
					"avg": 93,
					"count": 1,
					"min": 93,
					"max": 93
				},
				"2024-08-19": {
					"avg": 248,
					"count": 2,
					"min": 248,
					"max": 248
				},
				"2024-08-27": {
					"avg": 149,
					"count": 1,
					"min": 149,
					"max": 149
				},
				"2024-09-01": {
					"avg": 102,
					"count": 1,
					"min": 102,
					"max": 102
				},
				"2024-09-14": {
					"avg": 75,
					"count": 1,
					"min": 75,
					"max": 75
				},
				"2024-09-20": {
					"avg": 264,
					"count": 1,
					"min": 264,
					"max": 264
				}
			},
			"avg": 156,
			"avg7": -1,
			"avg28": -1
		},
		"normal-poor": {
			"history": {
				"2024-06-16": {
					"avg": 85,
					"count": 1,
					"min": 85,
					"max": 85
				},
				"2024-07-06": {
					"avg": 99,
					"count": 1,
					"min": 99,
					"max": 99
				},
				"2024-07-23": {
					"avg": 169,
					"count": 3,
					"min": 85,
					"max": 211
				},
				"2024-08-14": {
					"avg": 185,
					"count": 1,
					"min": 185,
					"max": 185
				}
			},
			"avg": 146,
			"avg7": -1,
			"avg28": -1
		}
	}
}