{
	"data": {
		"normal-good": {
			"history": {
				"2022-11-13": {
					"avg": 199,
					"count": 1
				},
				"2022-11-14": {
					"avg": 187,
					"count": 1
				},
				"2022-11-15": {
					"avg": 160,
					"count": 1
				},
				"2022-11-17": {
					"avg": 197,
					"count": 3
				},
				"2022-11-19": {
					"avg": 94,
					"count": 12,
					"min": 77,
					"max": 99
				},
				"2022-11-20": {
					"avg": 139,
					"count": 3,
					"min": 100,
					"max": 184
				},
				"2022-11-21": {
					"avg": 179,
					"count": 9,
					"min": 169,
					"max": 180
				},
				"2022-11-25": {
					"avg": 148,
					"count": 2,
					"min": 115,
					"max": 180
				},
				"2022-11-26": {
					"avg": 235,
					"count": 3,
					"min": 171,
					"max": 267
				},
				"2022-11-27": {
					"avg": 122,
					"count": 1,
					"min": 122,
					"max": 122
				},
				"2022-11-28": {
					"avg": 241,
					"count": 7,
					"min": 174,
					"max": 589
				},
				"2022-11-29": {
					"avg": 184,
					"count": 1,
					"min": 184,
					"max": 184
				},
				"2022-11-30": {
					"avg": 153,
					"count": 1,
					"min": 153,
					"max": 153
				},
				"2022-12-02": {
					"avg": 113,
					"count": 2,
					"min": 113,
					"max": 113
				},
				"2022-12-03": {
					"avg": 171,
					"count": 1,
					"min": 171,
					"max": 171
				},
				"2022-12-04": {
					"avg": 169,
					"count": 2,
					"min": 122,
					"max": 217
				},
				"2022-12-05": {
					"avg": 416,
					"count": 1,
					"min": 416,
					"max": 416
				},
				"2022-12-06": {
					"avg": 209,
					"count": 2,
					"min": 171,
					"max": 246
				},
				"2022-12-11": {
					"avg": 199,
					"count": 1,
					"min": 199,
					"max": 199
				},
				"2022-12-12": {
					"avg": 121,
					"count": 1,
					"min": 121,
					"max": 121
				},
				"2022-12-14": {
					"avg": 130,
					"count": 1,
					"min": 130,
					"max": 130
				},
				"2022-12-16": {
					"avg": 171,
					"count": 7,
					"min": 91,
					"max": 213
				},
				"2022-12-20": {
					"avg": 171,
					"count": 1,
					"min": 171,
					"max": 171
				},
				"2022-12-21": {
					"avg": 555,
					"count": 1,
					"min": 555,
					"max": 555
				},
				"2022-12-22": {
					"avg": 189,
					"count": 1,
					"min": 189,
					"max": 189
				},
				"2022-12-24": {
					"avg": 167,
					"count": 2,
					"min": 164,
					"max": 169
				},
				"2022-12-26": {
					"avg": 113,
					"count": 1,
					"min": 113,
					"max": 113
				},
				"2022-12-28": {
					"avg": 169,
					"count": 1,
					"min": 169,
					"max": 169
				},
				"2022-12-30": {
					"avg": 199,
					"count": 1,
					"min": 199,
					"max": 199
				},
				"2022-12-31": {
					"avg": 140,
					"count": 3,
					"min": 80,
					"max": 220
				},
				"2023-01-01": {
					"avg": 217,
					"count": 2,
					"min": 188,
					"max": 246
				},
				"2023-01-06": {
					"avg": 203,
					"count": 1,
					"min": 203,
					"max": 203
				},
				"2023-01-07": {
					"avg": 274,
					"count": 5,
					"min": 184,
					"max": 297
				},
				"2023-01-08": {
					"avg": 244,
					"count": 2,
					"min": 189,
					"max": 299
				},
				"2023-01-09": {
					"avg": 149,
					"count": 1,
					"min": 149,
					"max": 149
				},
				"2023-01-11": {
					"avg": 299,
					"count": 1,
					"min": 299,
					"max": 299
				},
				"2023-01-12": {
					"avg": 200,
					"count": 1,
					"min": 200,
					"max": 200
				},
				"2023-02-08": {
					"avg": 235,
					"count": 10,
					"min": 154,
					"max": 271
				},
				"2023-02-10": {
					"avg": 791,
					"count": 4,
					"min": 212,
					"max": 2085
				},
				"2023-02-15": {
					"avg": 212,
					"count": 1,
					"min": 212,
					"max": 212
				},
				"2023-02-16": {
					"avg": 194,
					"count": 4,
					"min": 184,
					"max": 198
				},
				"2023-02-17": {
					"avg": 188,
					"count": 1,
					"min": 188,
					"max": 188
				},
				"2023-02-20": {
					"avg": 270,
					"count": 1,
					"min": 270,
					"max": 270
				},
				"2023-02-22": {
					"avg": 167,
					"count": 1,
					"min": 167,
					"max": 167
				},
				"2023-02-23": {
					"avg": 167,
					"count": 2,
					"min": 167,
					"max": 168
				},
				"2023-02-24": {
					"avg": 183,
					"count": 2,
					"min": 167,
					"max": 198
				},
				"2023-02-27": {
					"avg": 487,
					"count": 2,
					"min": 487,
					"max": 487
				},
				"2023-03-03": {
					"avg": 163,
					"count": 4,
					"min": 101,
					"max": 185
				},
				"2023-03-04": {
					"avg": 324,
					"count": 1,
					"min": 324,
					"max": 324
				},
				"2023-03-05": {
					"avg": 215,
					"count": 2,
					"min": 215,
					"max": 215
				},
				"2023-03-07": {
					"avg": 206,
					"count": 5,
					"min": 89,
					"max": 298
				},
				"2023-03-09": {
					"avg": 75,
					"count": 1,
					"min": 75,
					"max": 75
				},
				"2023-03-10": {
					"avg": 150,
					"count": 6,
					"min": 89,
					"max": 300
				},
				"2023-03-11": {
					"avg": 198,
					"count": 1,
					"min": 198,
					"max": 198
				},
				"2023-03-12": {
					"avg": 99,
					"count": 1,
					"min": 99,
					"max": 99
				},
				"2023-03-16": {
					"avg": 218,
					"count": 4,
					"min": 195,
					"max": 242
				},
				"2023-03-18": {
					"avg": 269,
					"count": 2,
					"min": 173,
					"max": 364
				},
				"2023-03-19": {
					"avg": 196,
					"count": 1,
					"min": 196,
					"max": 196
				},
				"2023-03-20": {
					"avg": 410,
					"count": 6,
					"min": 190,
					"max": 553
				},
				"2023-03-23": {
					"avg": 315,
					"count": 1,
					"min": 315,
					"max": 315
				},
				"2023-03-24": {
					"avg": 380,
					"count": 4,
					"min": 297,
					"max": 514
				},
				"2023-03-25": {
					"avg": 315,
					"count": 1,
					"min": 315,
					"max": 315
				},
				"2023-03-26": {
					"avg": 221,
					"count": 1,
					"min": 221,
					"max": 221
				},
				"2023-03-27": {
					"avg": 271,
					"count": 3,
					"min": 238,
					"max": 288
				},
				"2023-03-28": {
					"avg": 163,
					"count": 2,
					"min": 113,
					"max": 212
				},
				"2023-04-01": {
					"avg": 242,
					"count": 3,
					"min": 203,
					"max": 320
				},
				"2023-04-02": {
					"avg": 148,
					"count": 1,
					"min": 148,
					"max": 148
				},
				"2023-04-05": {
					"avg": 315,
					"count": 1,
					"min": 315,
					"max": 315
				},
				"2023-04-06": {
					"avg": 248,
					"count": 1,
					"min": 248,
					"max": 248
				},
				"2023-04-09": {
					"avg": 313,
					"count": 1,
					"min": 313,
					"max": 313
				},
				"2023-04-14": {
					"avg": 173,
					"count": 1,
					"min": 173,
					"max": 173
				},
				"2023-04-18": {
					"avg": 93,
					"count": 2,
					"min": 86,
					"max": 99
				},
				"2023-04-20": {
					"avg": 174,
					"count": 1,
					"min": 174,
					"max": 174
				},
				"2023-04-21": {
					"avg": 85,
					"count": 1,
					"min": 85,
					"max": 85
				},
				"2023-04-27": {
					"avg": 196,
					"count": 1,
					"min": 196,
					"max": 196
				},
				"2023-04-29": {
					"avg": 232,
					"count": 1,
					"min": 232,
					"max": 232
				},
				"2023-05-01": {
					"avg": 287,
					"count": 3,
					"min": 254,
					"max": 318
				},
				"2023-05-04": {
					"avg": 217,
					"count": 1,
					"min": 217,
					"max": 217
				},
				"2023-05-05": {
					"avg": 275,
					"count": 2,
					"min": 150,
					"max": 399
				},
				"2023-05-07": {
					"avg": 215,
					"count": 1,
					"min": 215,
					"max": 215
				},
				"2023-05-09": {
					"avg": 26,
					"count": 1,
					"min": 26,
					"max": 26
				},
				"2023-05-10": {
					"avg": 146,
					"count": 4,
					"min": 100,
					"max": 195
				},
				"2023-05-12": {
					"avg": 399,
					"count": 1,
					"min": 399,
					"max": 399
				},
				"2023-05-13": {
					"avg": 230,
					"count": 1,
					"min": 230,
					"max": 230
				},
				"2023-05-14": {
					"avg": 299,
					"count": 1,
					"min": 299,
					"max": 299
				},
				"2023-05-16": {
					"avg": 364,
					"count": 2,
					"min": 174,
					"max": 553
				},
				"2023-05-19": {
					"avg": 198,
					"count": 1,
					"min": 198,
					"max": 198
				},
				"2023-05-22": {
					"avg": 99,
					"count": 1,
					"min": 99,
					"max": 99
				},
				"2023-05-23": {
					"avg": 145,
					"count": 1,
					"min": 145,
					"max": 145
				},
				"2023-05-24": {
					"avg": 173,
					"count": 1,
					"min": 173,
					"max": 173
				},
				"2023-05-30": {
					"avg": 100,
					"count": 1,
					"min": 100,
					"max": 100
				},
				"2023-06-01": {
					"avg": 218,
					"count": 13,
					"min": 149,
					"max": 528
				},
				"2023-06-02": {
					"avg": 173,
					"count": 1,
					"min": 173,
					"max": 173
				},
				"2023-06-03": {
					"avg": 216,
					"count": 13,
					"min": 139,
					"max": 500
				},
				"2023-06-06": {
					"avg": 221,
					"count": 4,
					"min": 173,
					"max": 345
				},
				"2023-06-09": {
					"avg": 100,
					"count": 1,
					"min": 100,
					"max": 100
				},
				"2023-06-11": {
					"avg": 256,
					"count": 1,
					"min": 256,
					"max": 256
				},
				"2023-06-13": {
					"avg": 228,
					"count": 3,
					"min": 215,
					"max": 255
				},
				"2023-06-17": {
					"avg": 201,
					"count": 3,
					"min": 194,
					"max": 213
				},
				"2023-06-20": {
					"avg": 184,
					"count": 2,
					"min": 117,
					"max": 251
				},
				"2023-06-22": {
					"avg": 173,
					"count": 1,
					"min": 173,
					"max": 173
				},
				"2023-06-24": {
					"avg": 134,
					"count": 2,
					"min": 131,
					"max": 137
				},
				"2023-06-26": {
					"avg": 153,
					"count": 2,
					"min": 148,
					"max": 158
				},
				"2023-06-28": {
					"avg": 187,
					"count": 1,
					"min": 187,
					"max": 187
				},
				"2023-07-02": {
					"avg": 325,
					"count": 1,
					"min": 325,
					"max": 325
				},
				"2023-07-04": {
					"avg": 125,
					"count": 1,
					"min": 125,
					"max": 125
				},
				"2023-07-06": {
					"avg": 239,
					"count": 1,
					"min": 239,
					"max": 239
				},
				"2023-07-09": {
					"avg": 127,
					"count": 4,
					"min": 97,
					"max": 200
				},
				"2023-07-10": {
					"avg": 199,
					"count": 3,
					"min": 119,
					"max": 265
				},
				"2023-07-11": {
					"avg": 174,
					"count": 2,
					"min": 150,
					"max": 197
				},
				"2023-07-13": {
					"avg": 198,
					"count": 1,
					"min": 198,
					"max": 198
				},
				"2023-07-17": {
					"avg": 121,
					"count": 2,
					"min": 119,
					"max": 124
				},
				"2023-07-20": {
					"avg": 125,
					"count": 1,
					"min": 125,
					"max": 125
				},
				"2023-07-21": {
					"avg": 151,
					"count": 2,
					"min": 89,
					"max": 213
				},
				"2023-07-22": {
					"avg": 67,
					"count": 2,
					"min": 44,
					"max": 89
				},
				"2023-07-23": {
					"avg": 113,
					"count": 2,
					"min": 113,
					"max": 113
				},
				"2023-07-24": {
					"avg": 217,
					"count": 3,
					"min": 77,
					"max": 287
				},
				"2023-07-25": {
					"avg": 144,
					"count": 4,
					"min": 94,
					"max": 239
				},
				"2023-07-30": {
					"avg": 208,
					"count": 6,
					"min": 187,
					"max": 250
				},
				"2023-07-31": {
					"avg": 201,
					"count": 1,
					"min": 201,
					"max": 201
				},
				"2023-08-01": {
					"avg": 144,
					"count": 1,
					"min": 144,
					"max": 144
				},
				"2023-08-02": {
					"avg": 148,
					"count": 2,
					"min": 148,
					"max": 148
				},
				"2023-08-03": {
					"avg": 123,
					"count": 2,
					"min": 123,
					"max": 123
				},
				"2023-08-04": {
					"avg": 208,
					"count": 2,
					"min": 172,
					"max": 243
				},
				"2023-08-08": {
					"avg": 94,
					"count": 5,
					"min": 49,
					"max": 105
				},
				"2023-08-09": {
					"avg": 209,
					"count": 2,
					"min": 119,
					"max": 300
				},
				"2023-08-10": {
					"avg": 152,
					"count": 4,
					"min": 100,
					"max": 225
				},
				"2023-08-12": {
					"avg": 123,
					"count": 1,
					"min": 123,
					"max": 123
				},
				"2023-08-14": {
					"avg": 141,
					"count": 6,
					"min": 99,
					"max": 197
				},
				"2023-08-15": {
					"avg": 200,
					"count": 3,
					"min": 150,
					"max": 225
				},
				"2023-08-17": {
					"avg": 270,
					"count": 1,
					"min": 270,
					"max": 270
				},
				"2023-08-18": {
					"avg": 299,
					"count": 2,
					"min": 282,
					"max": 315
				},
				"2023-08-24": {
					"avg": 197,
					"count": 2,
					"min": 197,
					"max": 197
				},
				"2023-08-26": {
					"avg": 160,
					"count": 2,
					"min": 99,
					"max": 221
				},
				"2023-08-27": {
					"avg": 174,
					"count": 4,
					"min": 98,
					"max": 289
				},
				"2023-08-29": {
					"avg": 204,
					"count": 3,
					"min": 199,
					"max": 213
				},
				"2023-08-30": {
					"avg": 118,
					"count": 1,
					"min": 118,
					"max": 118
				},
				"2023-08-31": {
					"avg": 96,
					"count": 3,
					"min": 96,
					"max": 96
				},
				"2023-09-01": {
					"avg": 212,
					"count": 1,
					"min": 212,
					"max": 212
				},
				"2023-09-04": {
					"avg": 334,
					"count": 1,
					"min": 334,
					"max": 334
				},
				"2023-09-07": {
					"avg": 119,
					"count": 1,
					"min": 119,
					"max": 119
				},
				"2023-09-08": {
					"avg": 230,
					"count": 4,
					"min": 212,
					"max": 262
				},
				"2023-09-09": {
					"avg": 113,
					"count": 3,
					"min": 58,
					"max": 222
				},
				"2023-09-10": {
					"avg": 65,
					"count": 1,
					"min": 65,
					"max": 65
				},
				"2023-09-11": {
					"avg": 174,
					"count": 2,
					"min": 126,
					"max": 222
				},
				"2023-09-12": {
					"avg": 264,
					"count": 1,
					"min": 264,
					"max": 264
				},
				"2023-09-13": {
					"avg": 198,
					"count": 1,
					"min": 198,
					"max": 198
				},
				"2023-09-14": {
					"avg": 57,
					"count": 3,
					"min": 57,
					"max": 57
				},
				"2023-09-18": {
					"avg": 294,
					"count": 1,
					"min": 294,
					"max": 294
				},
				"2023-09-19": {
					"avg": 70,
					"count": 13,
					"min": 57,
					"max": 225
				},
				"2023-09-20": {
					"avg": 169,
					"count": 4,
					"min": 156,
					"max": 190
				},
				"2023-09-25": {
					"avg": 63,
					"count": 25,
					"min": 57,
					"max": 214
				},
				"2023-09-26": {
					"avg": 177,
					"count": 3,
					"min": 149,
					"max": 199
				},
				"2023-09-28": {
					"avg": 432,
					"count": 1,
					"min": 432,
					"max": 432
				},
				"2023-09-30": {
					"avg": 201,
					"count": 3,
					"min": 167,
					"max": 268
				},
				"2023-10-01": {
					"avg": 197,
					"count": 2,
					"min": 149,
					"max": 244
				},
				"2023-10-03": {
					"avg": 197,
					"count": 1,
					"min": 197,
					"max": 197
				},
				"2023-10-05": {
					"avg": 92,
					"count": 1,
					"min": 92,
					"max": 92
				},
				"2023-10-07": {
					"avg": 99,
					"count": 2,
					"min": 99,
					"max": 99
				},
				"2023-10-08": {
					"avg": 244,
					"count": 1,
					"min": 244,
					"max": 244
				},
				"2023-10-11": {
					"avg": 97,
					"count": 1,
					"min": 97,
					"max": 97
				},
				"2023-10-12": {
					"avg": 164,
					"count": 2,
					"min": 147,
					"max": 181
				},
				"2023-10-18": {
					"avg": 150,
					"count": 10,
					"min": 52,
					"max": 179
				},
				"2023-10-19": {
					"avg": 198,
					"count": 1,
					"min": 198,
					"max": 198
				},
				"2023-10-20": {
					"avg": 299,
					"count": 1,
					"min": 299,
					"max": 299
				},
				"2023-10-21": {
					"avg": 246,
					"count": 10,
					"min": 29,
					"max": 499
				},
				"2023-10-25": {
					"avg": 137,
					"count": 6,
					"min": 69,
					"max": 197
				},
				"2023-10-27": {
					"avg": 111,
					"count": 1,
					"min": 111,
					"max": 111
				},
				"2023-10-29": {
					"avg": 194,
					"count": 1,
					"min": 194,
					"max": 194
				},
				"2023-10-30": {
					"avg": 848,
					"count": 1,
					"min": 848,
					"max": 848
				},
				"2023-10-31": {
					"avg": 99,
					"count": 1,
					"min": 99,
					"max": 99
				},
				"2023-11-04": {
					"avg": 206,
					"count": 1,
					"min": 206,
					"max": 206
				},
				"2023-11-05": {
					"avg": 150,
					"count": 1,
					"min": 150,
					"max": 150
				},
				"2023-11-08": {
					"avg": 196,
					"count": 3,
					"min": 148,
					"max": 267
				},
				"2023-11-09": {
					"avg": 199,
					"count": 1,
					"min": 199,
					"max": 199
				},
				"2023-11-12": {
					"avg": 132,
					"count": 1,
					"min": 132,
					"max": 132
				},
				"2023-11-14": {
					"avg": 306,
					"count": 2,
					"min": 213,
					"max": 399
				},
				"2023-11-18": {
					"avg": 109,
					"count": 3,
					"min": 81,
					"max": 145
				},
				"2023-11-19": {
					"avg": 285,
					"count": 3,
					"min": 50,
					"max": 629
				},
				"2023-11-20": {
					"avg": 695,
					"count": 5,
					"min": 695,
					"max": 695
				},
				"2023-11-21": {
					"avg": 164,
					"count": 2,
					"min": 154,
					"max": 174
				},
				"2023-11-24": {
					"avg": 140,
					"count": 20,
					"min": 64,
					"max": 250
				},
				"2023-11-25": {
					"avg": 184,
					"count": 2,
					"min": 97,
					"max": 270
				},
				"2023-11-26": {
					"avg": 120,
					"count": 6,
					"min": 114,
					"max": 129
				},
				"2023-11-27": {
					"avg": 367,
					"count": 4,
					"min": 174,
					"max": 664
				},
				"2024-05-16": {
					"avg": 132,
					"count": 7,
					"min": 115,
					"max": 169
				},
				"2024-05-17": {
					"avg": 241,
					"count": 8,
					"min": 99,
					"max": 334
				},
				"2024-05-18": {
					"avg": 209,
					"count": 9,
					"min": 82,
					"max": 416
				},
				"2024-05-20": {
					"avg": 241,
					"count": 4,
					"min": 199,
					"max": 314
				},
				"2024-05-21": {
					"avg": 199,
					"count": 1,
					"min": 199,
					"max": 199
				},
				"2024-05-22": {
					"avg": 699,
					"count": 2,
					"min": 136,
					"max": 1262
				},
				"2024-05-24": {
					"avg": 247,
					"count": 5,
					"min": 247,
					"max": 247
				},
				"2024-05-25": {
					"avg": 335,
					"count": 4,
					"min": 161,
					"max": 648
				},
				"2024-05-26": {
					"avg": 456,
					"count": 2,
					"min": 279,
					"max": 632
				},
				"2024-06-01": {
					"avg": 271,
					"count": 1,
					"min": 271,
					"max": 271
				},
				"2024-06-03": {
					"avg": 161,
					"count": 1,
					"min": 161,
					"max": 161
				},
				"2024-06-10": {
					"avg": 203,
					"count": 1,
					"min": 203,
					"max": 203
				},
				"2024-06-11": {
					"avg": 222,
					"count": 1,
					"min": 222,
					"max": 222
				},
				"2024-06-14": {
					"avg": 250,
					"count": 1,
					"min": 250,
					"max": 250
				},
				"2024-06-15": {
					"avg": 249,
					"count": 1,
					"min": 249,
					"max": 249
				},
				"2024-06-16": {
					"avg": 226,
					"count": 1,
					"min": 226,
					"max": 226
				},
				"2024-06-17": {
					"avg": 348,
					"count": 1,
					"min": 348,
					"max": 348
				},
				"2024-06-20": {
					"avg": 271,
					"count": 2,
					"min": 221,
					"max": 321
				},
				"2024-06-23": {
					"avg": 200,
					"count": 2,
					"min": 199,
					"max": 200
				},
				"2024-06-26": {
					"avg": 258,
					"count": 1,
					"min": 258,
					"max": 258
				},
				"2024-06-27": {
					"avg": 251,
					"count": 2,
					"min": 251,
					"max": 251
				},
				"2024-07-01": {
					"avg": 226,
					"count": 2,
					"min": 226,
					"max": 226
				},
				"2024-07-02": {
					"avg": 253,
					"count": 4,
					"min": 248,
					"max": 258
				},
				"2024-07-03": {
					"avg": 221,
					"count": 1,
					"min": 221,
					"max": 221
				},
				"2024-07-05": {
					"avg": 223,
					"count": 4,
					"min": 223,
					"max": 223
				},
				"2024-07-08": {
					"avg": 223,
					"count": 2,
					"min": 223,
					"max": 223
				},
				"2024-07-09": {
					"avg": 99,
					"count": 5,
					"min": 99,
					"max": 99
				},
				"2024-07-11": {
					"avg": 223,
					"count": 3,
					"min": 223,
					"max": 223
				},
				"2024-07-16": {
					"avg": 278,
					"count": 1,
					"min": 278,
					"max": 278
				},
				"2024-07-20": {
					"avg": 288,
					"count": 1,
					"min": 288,
					"max": 288
				},
				"2024-07-26": {
					"avg": 99,
					"count": 1,
					"min": 99,
					"max": 99
				},
				"2024-07-27": {
					"avg": 223,
					"count": 4,
					"min": 223,
					"max": 223
				},
				"2024-07-29": {
					"avg": 255,
					"count": 1,
					"min": 255,
					"max": 255
				},
				"2024-07-30": {
					"avg": 255,
					"count": 1,
					"min": 255,
					"max": 255
				},
				"2024-08-01": {
					"avg": 156,
					"count": 1,
					"min": 156,
					"max": 156
				},
				"2024-08-02": {
					"avg": 158,
					"count": 1,
					"min": 158,
					"max": 158
				},
				"2024-08-03": {
					"avg": 98,
					"count": 1,
					"min": 98,
					"max": 98
				},
				"2024-08-04": {
					"avg": 113,
					"count": 3,
					"min": 32,
					"max": 273
				},
				"2024-08-05": {
					"avg": 397,
					"count": 7,
					"min": 397,
					"max": 397
				},
				"2024-08-06": {
					"avg": 282,
					"count": 2,
					"min": 282,
					"max": 282
				},
				"2024-08-07": {
					"avg": 288,
					"count": 1,
					"min": 288,
					"max": 288
				},
				"2024-08-08": {
					"avg": 220,
					"count": 1,
					"min": 220,
					"max": 220
				},
				"2024-08-11": {
					"avg": 364,
					"count": 1,
					"min": 364,
					"max": 364
				},
				"2024-08-12": {
					"avg": 157,
					"count": 3,
					"min": 157,
					"max": 157
				},
				"2024-08-13": {
					"avg": 183,
					"count": 5,
					"min": 99,
					"max": 277
				},
				"2024-08-14": {
					"avg": 230,
					"count": 1,
					"min": 230,
					"max": 230
				},
				"2024-08-16": {
					"avg": 195,
					"count": 1,
					"min": 195,
					"max": 195
				},
				"2024-08-17": {
					"avg": 203,
					"count": 1,
					"min": 203,
					"max": 203
				},
				"2024-08-19": {
					"avg": 339,
					"count": 6,
					"min": 299,
					"max": 397
				},
				"2024-08-26": {
					"avg": 164,
					"count": 1,
					"min": 164,
					"max": 164
				},
				"2024-08-27": {
					"avg": 223,
					"count": 1,
					"min": 223,
					"max": 223
				},
				"2024-08-28": {
					"avg": 117,
					"count": 6,
					"min": 95,
					"max": 226
				},
				"2024-08-29": {
					"avg": 151,
					"count": 1,
					"min": 151,
					"max": 151
				},
				"2024-09-01": {
					"avg": 224,
					"count": 4,
					"min": 156,
					"max": 291
				},
				"2024-09-02": {
					"avg": 198,
					"count": 1,
					"min": 198,
					"max": 198
				},
				"2024-09-06": {
					"avg": 276,
					"count": 1,
					"min": 276,
					"max": 276
				},
				"2024-09-07": {
					"avg": 260,
					"count": 6,
					"min": 255,
					"max": 280
				},
				"2024-09-08": {
					"avg": 155,
					"count": 1,
					"min": 155,
					"max": 155
				},
				"2024-09-09": {
					"avg": 271,
					"count": 4,
					"min": 271,
					"max": 271
				},
				"2024-09-12": {
					"avg": 167,
					"count": 3,
					"min": 120,
					"max": 261
				},
				"2024-09-13": {
					"avg": 261,
					"count": 1,
					"min": 261,
					"max": 261
				},
				"2024-09-15": {
					"avg": 320,
					"count": 2,
					"min": 320,
					"max": 320
				},
				"2024-09-16": {
					"avg": 195,
					"count": 1,
					"min": 195,
					"max": 195
				},
				"2024-09-19": {
					"avg": 250,
					"count": 2,
					"min": 223,
					"max": 276
				},
				"2024-09-22": {
					"avg": 88,
					"count": 2,
					"min": 27,
					"max": 149
				}
			},
			"avg": 204,
			"avg7": 235,
			"avg28": 235
		},
		"normal-used": {
			"history": {
				"2024-05-27": {
					"avg": 99,
					"count": 1,
					"min": 99,
					"max": 99
				},
				"2024-06-03": {
					"avg": 649,
					"count": 1,
					"min": 649,
					"max": 649
				},
				"2024-06-19": {
					"avg": 209,
					"count": 1,
					"min": 209,
					"max": 209
				},
				"2024-06-21": {
					"avg": 191,
					"count": 1,
					"min": 191,
					"max": 191
				},
				"2024-06-22": {
					"avg": 248,
					"count": 1,
					"min": 248,
					"max": 248
				},
				"2024-06-24": {
					"avg": 125,
					"count": 3,
					"min": 125,
					"max": 125
				},
				"2024-07-05": {
					"avg": 149,
					"count": 2,
					"min": 149,
					"max": 149
				},
				"2024-07-07": {
					"avg": 88,
					"count": 2,
					"min": 88,
					"max": 88
				},
				"2024-07-08": {
					"avg": 149,
					"count": 1,
					"min": 149,
					"max": 149
				},
				"2024-07-11": {
					"avg": 205,
					"count": 1,
					"min": 205,
					"max": 205
				},
				"2024-07-13": {
					"avg": 122,
					"count": 1,
					"min": 122,
					"max": 122
				},
				"2024-07-14": {
					"avg": 235,
					"count": 2,
					"min": 221,
					"max": 249
				},
				"2024-07-21": {
					"avg": 166,
					"count": 1,
					"min": 166,
					"max": 166
				},
				"2024-08-02": {
					"avg": 248,
					"count": 2,
					"min": 248,
					"max": 248
				},
				"2024-08-05": {
					"avg": 287,
					"count": 1,
					"min": 287,
					"max": 287
				},
				"2024-08-13": {
					"avg": 163,
					"count": 2,
					"min": 113,
					"max": 212
				},
				"2024-08-14": {
					"avg": 212,
					"count": 1,
					"min": 212,
					"max": 212
				},
				"2024-08-22": {
					"avg": 266,
					"count": 1,
					"min": 266,
					"max": 266
				},
				"2024-08-28": {
					"avg": 199,
					"count": 1,
					"min": 199,
					"max": 199
				},
				"2024-09-01": {
					"avg": 175,
					"count": 4,
					"min": 175,
					"max": 175
				},
				"2024-09-07": {
					"avg": 212,
					"count": 2,
					"min": 209,
					"max": 215
				},
				"2024-09-15": {
					"avg": 60,
					"count": 1,
					"min": 60,
					"max": 60
				},
				"2024-09-20": {
					"avg": 168,
					"count": 1,
					"min": 168,
					"max": 168
				}
			},
			"avg": 191,
			"avg7": -1,
			"avg28": -1
		},
		"normal-nearmint": {
			"history": {
				"2024-05-25": {
					"avg": 676,
					"count": 1,
					"min": 676,
					"max": 676
				},
				"2024-05-27": {
					"avg": 276,
					"count": 1,
					"min": 276,
					"max": 276
				},
				"2024-05-29": {
					"avg": 337,
					"count": 1,
					"min": 337,
					"max": 337
				},
				"2024-05-30": {
					"avg": 399,
					"count": 1,
					"min": 399,
					"max": 399
				},
				"2024-05-31": {
					"avg": 297,
					"count": 2,
					"min": 297,
					"max": 297
				},
				"2024-06-01": {
					"avg": 425,
					"count": 1,
					"min": 425,
					"max": 425
				},
				"2024-06-05": {
					"avg": 287,
					"count": 2,
					"min": 287,
					"max": 287
				},
				"2024-06-07": {
					"avg": 498,
					"count": 2,
					"min": 498,
					"max": 498
				},
				"2024-06-16": {
					"avg": 294,
					"count": 1,
					"min": 294,
					"max": 294
				},
				"2024-06-18": {
					"avg": 341,
					"count": 1,
					"min": 341,
					"max": 341
				},
				"2024-06-20": {
					"avg": 350,
					"count": 2,
					"min": 337,
					"max": 363
				},
				"2024-06-21": {
					"avg": 195,
					"count": 1,
					"min": 195,
					"max": 195
				},
				"2024-06-23": {
					"avg": 294,
					"count": 1,
					"min": 294,
					"max": 294
				},
				"2024-07-02": {
					"avg": 297,
					"count": 2,
					"min": 297,
					"max": 297
				},
				"2024-07-06": {
					"avg": 235,
					"count": 1,
					"min": 235,
					"max": 235
				},
				"2024-07-07": {
					"avg": 123,
					"count": 2,
					"min": 123,
					"max": 123
				},
				"2024-07-08": {
					"avg": 297,
					"count": 8,
					"min": 297,
					"max": 297
				},
				"2024-07-09": {
					"avg": 252,
					"count": 1,
					"min": 252,
					"max": 252
				},
				"2024-07-14": {
					"avg": 217,
					"count": 1,
					"min": 217,
					"max": 217
				},
				"2024-07-17": {
					"avg": 297,
					"count": 1,
					"min": 297,
					"max": 297
				},
				"2024-07-19": {
					"avg": 297,
					"count": 1,
					"min": 297,
					"max": 297
				},
				"2024-07-20": {
					"avg": 243,
					"count": 1,
					"min": 243,
					"max": 243
				},
				"2024-07-23": {
					"avg": 245,
					"count": 1,
					"min": 245,
					"max": 245
				},
				"2024-07-26": {
					"avg": 443,
					"count": 1,
					"min": 443,
					"max": 443
				},
				"2024-07-29": {
					"avg": 630,
					"count": 3,
					"min": 297,
					"max": 1294
				},
				"2024-08-03": {
					"avg": 297,
					"count": 1,
					"min": 297,
					"max": 297
				},
				"2024-08-08": {
					"avg": 258,
					"count": 4,
					"min": 245,
					"max": 297
				},
				"2024-08-11": {
					"avg": 314,
					"count": 1,
					"min": 314,
					"max": 314
				},
				"2024-08-16": {
					"avg": 217,
					"count": 1,
					"min": 217,
					"max": 217
				},
				"2024-08-19": {
					"avg": 297,
					"count": 5,
					"min": 297,
					"max": 297
				},
				"2024-08-23": {
					"avg": 371,
					"count": 2,
					"min": 364,
					"max": 378
				},
				"2024-08-24": {
					"avg": 245,
					"count": 2,
					"min": 245,
					"max": 245
				},
				"2024-08-27": {
					"avg": 317,
					"count": 2,
					"min": 297,
					"max": 336
				},
				"2024-09-07": {
					"avg": 199,
					"count": 1,
					"min": 199,
					"max": 199
				},
				"2024-09-09": {
					"avg": 240,
					"count": 1,
					"min": 240,
					"max": 240
				},
				"2024-09-10": {
					"avg": 707,
					"count": 2,
					"min": 319,
					"max": 1094
				},
				"2024-09-12": {
					"avg": 294,
					"count": 2,
					"min": 291,
					"max": 296
				},
				"2024-09-15": {
					"avg": 245,
					"count": 6,
					"min": 245,
					"max": 245
				},
				"2024-09-19": {
					"avg": 297,
					"count": 1,
					"min": 297,
					"max": 297
				},
				"2024-09-20": {
					"avg": 314,
					"count": 6,
					"min": 245,
					"max": 658
				},
				"2024-09-21": {
					"avg": 298,
					"count": 1,
					"min": 298,
					"max": 298
				},
				"2024-09-23": {
					"avg": 313,
					"count": 11,
					"min": 298,
					"max": 331
				}
			},
			"avg": 320,
			"avg7": -1,
			"avg28": -1
		},
		"normal-played": {
			"history": {
				"2024-06-01": {
					"avg": 232,
					"count": 1,
					"min": 232,
					"max": 232
				},
				"2024-06-10": {
					"avg": 139,
					"count": 1,
					"min": 139,
					"max": 139
				},
				"2024-06-11": {
					"avg": 93,
					"count": 1,
					"min": 93,
					"max": 93
				},
				"2024-06-20": {
					"avg": 211,
					"count": 1,
					"min": 211,
					"max": 211
				},
				"2024-06-21": {
					"avg": 221,
					"count": 1,
					"min": 221,
					"max": 221
				},
				"2024-06-28": {
					"avg": 236,
					"count": 2,
					"min": 211,
					"max": 261
				},
				"2024-07-01": {
					"avg": 174,
					"count": 3,
					"min": 133,
					"max": 211
				},
				"2024-07-03": {
					"avg": 270,
					"count": 1,
					"min": 270,
					"max": 270
				},
				"2024-07-04": {
					"avg": 218,
					"count": 6,
					"min": 178,
					"max": 300
				},
				"2024-07-08": {
					"avg": 178,
					"count": 6,
					"min": 178,
					"max": 178
				},
				"2024-07-12": {
					"avg": 161,
					"count": 2,
					"min": 100,
					"max": 222
				},
				"2024-07-16": {
					"avg": 232,
					"count": 3,
					"min": 163,
					"max": 271
				},
				"2024-07-22": {
					"avg": 252,
					"count": 1,
					"min": 252,
					"max": 252
				},
				"2024-07-23": {
					"avg": 74,
					"count": 1,
					"min": 74,
					"max": 74
				},
				"2024-07-26": {
					"avg": 145,
					"count": 1,
					"min": 145,
					"max": 145
				},
				"2024-07-31": {
					"avg": 230,
					"count": 1,
					"min": 230,
					"max": 230
				},
				"2024-08-01": {
					"avg": 217,
					"count": 1,
					"min": 217,
					"max": 217
				},
				"2024-08-05": {
					"avg": 323,
					"count": 6,
					"min": 323,
					"max": 323
				},
				"2024-08-07": {
					"avg": 189,
					"count": 1,
					"min": 189,
					"max": 189
				},
				"2024-08-14": {
					"avg": 263,
					"count": 1,
					"min": 263,
					"max": 263
				},
				"2024-08-16": {
					"avg": 211,
					"count": 3,
					"min": 181,
					"max": 226
				},
				"2024-08-21": {
					"avg": 274,
					"count": 2,
					"min": 274,
					"max": 274
				},
				"2024-08-23": {
					"avg": 269,
					"count": 1,
					"min": 269,
					"max": 269
				},
				"2024-08-28": {
					"avg": 267,
					"count": 1,
					"min": 267,
					"max": 267
				},
				"2024-09-01": {
					"avg": 200,
					"count": 1,
					"min": 200,
					"max": 200
				},
				"2024-09-08": {
					"avg": 100,
					"count": 1,
					"min": 100,
					"max": 100
				},
				"2024-09-09": {
					"avg": 271,
					"count": 2,
					"min": 271,
					"max": 271
				},
				"2024-09-10": {
					"avg": 247,
					"count": 2,
					"min": 247,
					"max": 247
				},
				"2024-09-11": {
					"avg": 241,
					"count": 5,
					"min": 241,
					"max": 241
				},
				"2024-09-20": {
					"avg": 227,
					"count": 2,
					"min": 227,
					"max": 227
				}
			},
			"avg": 223,
			"avg7": -1,
			"avg28": -1
		},
		"normal-poor": {
			"history": {
				"2024-06-16": {
					"avg": 187,
					"count": 1,
					"min": 187,
					"max": 187
				},
				"2024-06-20": {
					"avg": 116,
					"count": 2,
					"min": 65,
					"max": 167
				},
				"2024-07-05": {
					"avg": 269,
					"count": 3,
					"min": 269,
					"max": 269
				},
				"2024-07-07": {
					"avg": 119,
					"count": 1,
					"min": 119,
					"max": 119
				},
				"2024-07-09": {
					"avg": 137,
					"count": 4,
					"min": 137,
					"max": 137
				},
				"2024-07-10": {
					"avg": 187,
					"count": 3,
					"min": 187,
					"max": 187
				},
				"2024-07-23": {
					"avg": 192,
					"count": 1,
					"min": 192,
					"max": 192
				},
				"2024-08-13": {
					"avg": 75,
					"count": 1,
					"min": 75,
					"max": 75
				},
				"2024-08-14": {
					"avg": 202,
					"count": 2,
					"min": 202,
					"max": 202
				},
				"2024-08-16": {
					"avg": 192,
					"count": 1,
					"min": 192,
					"max": 192
				},
				"2024-08-28": {
					"avg": 196,
					"count": 2,
					"min": 192,
					"max": 200
				},
				"2024-09-14": {
					"avg": 58,
					"count": 3,
					"min": 49,
					"max": 75
				},
				"2024-09-19": {
					"avg": 70,
					"count": 2,
					"min": 70,
					"max": 70
				}
			},
			"avg": 155,
			"avg7": -1,
			"avg28": -1
		}
	}
}