{
	"data": {
		"normal-good": {
			"history": {
				"2022-11-17": {
					"avg": 15,
					"count": 2
				},
				"2022-11-19": {
					"avg": 20,
					"count": 2,
					"min": 19,
					"max": 20
				},
				"2022-11-20": {
					"avg": 25,
					"count": 1,
					"min": 25,
					"max": 25
				},
				"2022-11-22": {
					"avg": 509,
					"count": 5,
					"min": 509,
					"max": 509
				},
				"2022-11-24": {
					"avg": 35,
					"count": 2,
					"min": 35,
					"max": 35
				},
				"2022-11-25": {
					"avg": 9,
					"count": 1,
					"min": 9,
					"max": 9
				},
				"2022-11-27": {
					"avg": 10,
					"count": 1,
					"min": 10,
					"max": 10
				},
				"2022-11-28": {
					"avg": 96,
					"count": 5,
					"min": 10,
					"max": 144
				},
				"2022-11-29": {
					"avg": 115,
					"count": 1,
					"min": 115,
					"max": 115
				},
				"2022-11-30": {
					"avg": 25,
					"count": 1,
					"min": 25,
					"max": 25
				},
				"2022-12-06": {
					"avg": 15,
					"count": 1,
					"min": 15,
					"max": 15
				},
				"2022-12-12": {
					"avg": 18,
					"count": 1,
					"min": 18,
					"max": 18
				},
				"2022-12-16": {
					"avg": 47,
					"count": 1,
					"min": 47,
					"max": 47
				},
				"2022-12-20": {
					"avg": 10,
					"count": 1,
					"min": 10,
					"max": 10
				},
				"2022-12-21": {
					"avg": 114,
					"count": 1,
					"min": 114,
					"max": 114
				},
				"2022-12-22": {
					"avg": 119,
					"count": 1,
					"min": 119,
					"max": 119
				},
				"2022-12-23": {
					"avg": 18,
					"count": 1,
					"min": 18,
					"max": 18
				},
				"2022-12-26": {
					"avg": 19,
					"count": 1,
					"min": 19,
					"max": 19
				},
				"2023-01-03": {
					"avg": 19,
					"count": 1,
					"min": 19,
					"max": 19
				},
				"2023-01-04": {
					"avg": 25,
					"count": 6,
					"min": 23,
					"max": 30
				},
				"2023-01-05": {
					"avg": 19,
					"count": 2,
					"min": 19,
					"max": 19
				},
				"2023-01-07": {
					"avg": 23,
					"count": 1,
					"min": 23,
					"max": 23
				},
				"2023-01-08": {
					"avg": 78,
					"count": 2,
					"min": 33,
					"max": 124
				},
				"2023-01-10": {
					"avg": 114,
					"count": 1,
					"min": 114,
					"max": 114
				},
				"2023-02-07": {
					"avg": 80,
					"count": 3,
					"min": 80,
					"max": 80
				},
				"2023-02-08": {
					"avg": 29,
					"count": 1,
					"min": 29,
					"max": 29
				},
				"2023-02-10": {
					"avg": 29,
					"count": 2,
					"min": 29,
					"max": 29
				},
				"2023-02-16": {
					"avg": 113,
					"count": 1,
					"min": 113,
					"max": 113
				},
				"2023-02-18": {
					"avg": 15,
					"count": 1,
					"min": 15,
					"max": 15
				},
				"2023-02-19": {
					"avg": 27,
					"count": 2,
					"min": 22,
					"max": 32
				},
				"2023-02-20": {
					"avg": 29,
					"count": 1,
					"min": 29,
					"max": 29
				},
				"2023-02-21": {
					"avg": 113,
					"count": 1,
					"min": 113,
					"max": 113
				},
				"2023-02-22": {
					"avg": 9,
					"count": 1,
					"min": 9,
					"max": 9
				},
				"2023-02-23": {
					"avg": 20,
					"count": 4,
					"min": 19,
					"max": 22
				},
				"2023-02-24": {
					"avg": 24,
					"count": 3,
					"min": 24,
					"max": 24
				},
				"2023-02-26": {
					"avg": 13,
					"count": 1,
					"min": 13,
					"max": 13
				},
				"2023-02-27": {
					"avg": 25,
					"count": 2,
					"min": 20,
					"max": 30
				},
				"2023-02-28": {
					"avg": 24,
					"count": 1,
					"min": 24,
					"max": 24
				},
				"2023-03-01": {
					"avg": 73,
					"count": 2,
					"min": 20,
					"max": 126
				},
				"2023-03-05": {
					"avg": 39,
					"count": 6,
					"min": 23,
					"max": 122
				},
				"2023-03-06": {
					"avg": 25,
					"count": 3,
					"min": 25,
					"max": 25
				},
				"2023-03-07": {
					"avg": 22,
					"count": 2,
					"min": 20,
					"max": 23
				},
				"2023-03-10": {
					"avg": 20,
					"count": 7,
					"min": 20,
					"max": 23
				},
				"2023-03-16": {
					"avg": 93,
					"count": 2,
					"min": 93,
					"max": 93
				},
				"2023-03-20": {
					"avg": 20,
					"count": 3,
					"min": 20,
					"max": 20
				},
				"2023-03-23": {
					"avg": 27,
					"count": 2,
					"min": 24,
					"max": 29
				},
				"2023-03-27": {
					"avg": 111,
					"count": 2,
					"min": 110,
					"max": 111
				},
				"2023-03-28": {
					"avg": 16,
					"count": 1,
					"min": 16,
					"max": 16
				},
				"2023-03-29": {
					"avg": 219,
					"count": 1,
					"min": 219,
					"max": 219
				},
				"2023-04-01": {
					"avg": 26,
					"count": 13,
					"min": 24,
					"max": 45
				},
				"2023-04-02": {
					"avg": 24,
					"count": 1,
					"min": 24,
					"max": 24
				},
				"2023-04-05": {
					"avg": 20,
					"count": 1,
					"min": 20,
					"max": 20
				},
				"2023-04-06": {
					"avg": 268,
					"count": 6,
					"min": 148,
					"max": 509
				},
				"2023-04-07": {
					"avg": 20,
					"count": 1,
					"min": 20,
					"max": 20
				},
				"2023-04-09": {
					"avg": 38,
					"count": 6,
					"min": 20,
					"max": 110
				},
				"2023-04-13": {
					"avg": 25,
					"count": 1,
					"min": 25,
					"max": 25
				},
				"2023-04-18": {
					"avg": 19,
					"count": 1,
					"min": 19,
					"max": 19
				},
				"2023-04-20": {
					"avg": 67,
					"count": 2,
					"min": 20,
					"max": 114
				},
				"2023-04-21": {
					"avg": 119,
					"count": 1,
					"min": 119,
					"max": 119
				},
				"2023-04-25": {
					"avg": 25,
					"count": 1,
					"min": 25,
					"max": 25
				},
				"2023-04-26": {
					"avg": 16,
					"count": 4,
					"min": 16,
					"max": 16
				},
				"2023-04-27": {
					"avg": 104,
					"count": 6,
					"min": 20,
					"max": 126
				},
				"2023-05-02": {
					"avg": 716,
					"count": 15,
					"min": 20,
					"max": 823
				},
				"2023-05-04": {
					"avg": 30,
					"count": 3,
					"min": 30,
					"max": 30
				},
				"2023-05-05": {
					"avg": 70,
					"count": 2,
					"min": 25,
					"max": 114
				},
				"2023-05-06": {
					"avg": 20,
					"count": 1,
					"min": 20,
					"max": 20
				},
				"2023-05-07": {
					"avg": 260,
					"count": 2,
					"min": 124,
					"max": 395
				},
				"2023-05-12": {
					"avg": 40,
					"count": 5,
					"min": 20,
					"max": 119
				},
				"2023-05-16": {
					"avg": 107,
					"count": 3,
					"min": 24,
					"max": 149
				},
				"2023-05-19": {
					"avg": 395,
					"count": 1,
					"min": 395,
					"max": 395
				},
				"2023-05-21": {
					"avg": 20,
					"count": 1,
					"min": 20,
					"max": 20
				},
				"2023-05-22": {
					"avg": 24,
					"count": 2,
					"min": 21,
					"max": 27
				},
				"2023-05-24": {
					"avg": 22,
					"count": 2,
					"min": 20,
					"max": 24
				},
				"2023-05-30": {
					"avg": 22,
					"count": 4,
					"min": 20,
					"max": 27
				},
				"2023-06-01": {
					"avg": 31,
					"count": 56,
					"min": 15,
					"max": 175
				},
				"2023-06-02": {
					"avg": 27,
					"count": 1,
					"min": 27,
					"max": 27
				},
				"2023-06-06": {
					"avg": 67,
					"count": 4,
					"min": 17,
					"max": 116
				},
				"2023-06-15": {
					"avg": 524,
					"count": 1,
					"min": 524,
					"max": 524
				},
				"2023-06-17": {
					"avg": 110,
					"count": 1,
					"min": 110,
					"max": 110
				},
				"2023-06-18": {
					"avg": 150,
					"count": 1,
					"min": 150,
					"max": 150
				},
				"2023-06-20": {
					"avg": 10,
					"count": 3,
					"min": 10,
					"max": 10
				},
				"2023-06-22": {
					"avg": 20,
					"count": 1,
					"min": 20,
					"max": 20
				},
				"2023-06-24": {
					"avg": 25,
					"count": 1,
					"min": 25,
					"max": 25
				},
				"2023-06-28": {
					"avg": 124,
					"count": 1,
					"min": 124,
					"max": 124
				},
				"2023-07-06": {
					"avg": 53,
					"count": 6,
					"min": 22,
					"max": 68
				},
				"2023-07-08": {
					"avg": 32,
					"count": 1,
					"min": 32,
					"max": 32
				},
				"2023-07-09": {
					"avg": 18,
					"count": 3,
					"min": 16,
					"max": 22
				},
				"2023-07-10": {
					"avg": 115,
					"count": 2,
					"min": 115,
					"max": 115
				},
				"2023-07-11": {
					"avg": 16,
					"count": 1,
					"min": 16,
					"max": 16
				},
				"2023-07-15": {
					"avg": 22,
					"count": 1,
					"min": 22,
					"max": 22
				},
				"2023-07-16": {
					"avg": 20,
					"count": 1,
					"min": 20,
					"max": 20
				},
				"2023-07-17": {
					"avg": 22,
					"count": 1,
					"min": 22,
					"max": 22
				},
				"2023-07-21": {
					"avg": 20,
					"count": 2,
					"min": 15,
					"max": 25
				},
				"2023-07-24": {
					"avg": 26,
					"count": 1,
					"min": 26,
					"max": 26
				},
				"2023-07-25": {
					"avg": 25,
					"count": 2,
					"min": 25,
					"max": 25
				},
				"2023-07-29": {
					"avg": 509,
					"count": 3,
					"min": 509,
					"max": 509
				},
				"2023-07-30": {
					"avg": 35,
					"count": 7,
					"min": 20,
					"max": 115
				},
				"2023-08-03": {
					"avg": 106,
					"count": 12,
					"min": 30,
					"max": 113
				},
				"2023-08-04": {
					"avg": 23,
					"count": 1,
					"min": 23,
					"max": 23
				},
				"2023-08-05": {
					"avg": 15,
					"count": 2,
					"min": 15,
					"max": 15
				},
				"2023-08-06": {
					"avg": 23,
					"count": 1,
					"min": 23,
					"max": 23
				},
				"2023-08-08": {
					"avg": 58,
					"count": 4,
					"min": 20,
					"max": 119
				},
				"2023-08-09": {
					"avg": 37,
					"count": 2,
					"min": 10,
					"max": 63
				},
				"2023-08-10": {
					"avg": 66,
					"count": 6,
					"min": 63,
					"max": 73
				},
				"2023-08-12": {
					"avg": 145,
					"count": 3,
					"min": 16,
					"max": 395
				},
				"2023-08-14": {
					"avg": 54,
					"count": 8,
					"min": 25,
					"max": 63
				},
				"2023-08-15": {
					"avg": 24,
					"count": 1,
					"min": 24,
					"max": 24
				},
				"2023-08-17": {
					"avg": 174,
					"count": 1,
					"min": 174,
					"max": 174
				},
				"2023-08-19": {
					"avg": 25,
					"count": 1,
					"min": 25,
					"max": 25
				},
				"2023-08-20": {
					"avg": 174,
					"count": 1,
					"min": 174,
					"max": 174
				},
				"2023-08-21": {
					"avg": 22,
					"count": 1,
					"min": 22,
					"max": 22
				},
				"2023-08-23": {
					"avg": 73,
					"count": 1,
					"min": 73,
					"max": 73
				},
				"2023-08-24": {
					"avg": 174,
					"count": 1,
					"min": 174,
					"max": 174
				},
				"2023-08-26": {
					"avg": 53,
					"count": 3,
					"min": 18,
					"max": 70
				},
				"2023-08-27": {
					"avg": 22,
					"count": 1,
					"min": 22,
					"max": 22
				},
				"2023-08-28": {
					"avg": 25,
					"count": 3,
					"min": 24,
					"max": 27
				},
				"2023-08-29": {
					"avg": 24,
					"count": 2,
					"min": 24,
					"max": 24
				},
				"2023-09-01": {
					"avg": 16,
					"count": 1,
					"min": 16,
					"max": 16
				},
				"2023-09-03": {
					"avg": 25,
					"count": 1,
					"min": 25,
					"max": 25
				},
				"2023-09-04": {
					"avg": 125,
					"count": 1,
					"min": 125,
					"max": 125
				},
				"2023-09-07": {
					"avg": 205,
					"count": 2,
					"min": 15,
					"max": 395
				},
				"2023-09-09": {
					"avg": 25,
					"count": 39,
					"min": 20,
					"max": 25
				},
				"2023-09-10": {
					"avg": 18,
					"count": 5,
					"min": 17,
					"max": 21
				},
				"2023-09-11": {
					"avg": 169,
					"count": 1,
					"min": 169,
					"max": 169
				},
				"2023-09-16": {
					"avg": 73,
					"count": 2,
					"min": 24,
					"max": 121
				},
				"2023-09-17": {
					"avg": 31,
					"count": 1,
					"min": 31,
					"max": 31
				},
				"2023-09-18": {
					"avg": 110,
					"count": 1,
					"min": 110,
					"max": 110
				},
				"2023-09-19": {
					"avg": 24,
					"count": 1,
					"min": 24,
					"max": 24
				},
				"2023-09-20": {
					"avg": 20,
					"count": 1,
					"min": 20,
					"max": 20
				},
				"2023-09-23": {
					"avg": 80,
					"count": 3,
					"min": 20,
					"max": 110
				},
				"2023-09-25": {
					"avg": 20,
					"count": 4,
					"min": 18,
					"max": 21
				},
				"2023-09-26": {
					"avg": 142,
					"count": 13,
					"min": 70,
					"max": 514
				},
				"2023-09-27": {
					"avg": 18,
					"count": 1,
					"min": 18,
					"max": 18
				},
				"2023-10-01": {
					"avg": 16,
					"count": 1,
					"min": 16,
					"max": 16
				},
				"2023-10-03": {
					"avg": 29,
					"count": 4,
					"min": 29,
					"max": 29
				},
				"2023-10-05": {
					"avg": 123,
					"count": 1,
					"min": 123,
					"max": 123
				},
				"2023-10-08": {
					"avg": 74,
					"count": 2,
					"min": 23,
					"max": 124
				},
				"2023-10-09": {
					"avg": 20,
					"count": 2,
					"min": 15,
					"max": 25
				},
				"2023-10-10": {
					"avg": 155,
					"count": 1,
					"min": 155,
					"max": 155
				},
				"2023-10-11": {
					"avg": 20,
					"count": 1,
					"min": 20,
					"max": 20
				},
				"2023-10-12": {
					"avg": 20,
					"count": 1,
					"min": 20,
					"max": 20
				},
				"2023-10-13": {
					"avg": 24,
					"count": 1,
					"min": 24,
					"max": 24
				},
				"2023-10-16": {
					"avg": 188,
					"count": 5,
					"min": 35,
					"max": 279
				},
				"2023-10-17": {
					"avg": 29,
					"count": 1,
					"min": 29,
					"max": 29
				},
				"2023-10-18": {
					"avg": 117,
					"count": 4,
					"min": 117,
					"max": 117
				},
				"2023-10-20": {
					"avg": 119,
					"count": 16,
					"min": 24,
					"max": 228
				},
				"2023-10-21": {
					"avg": 104,
					"count": 1,
					"min": 104,
					"max": 104
				},
				"2023-10-26": {
					"avg": 10,
					"count": 1,
					"min": 10,
					"max": 10
				},
				"2023-10-30": {
					"avg": 424,
					"count": 1,
					"min": 424,
					"max": 424
				},
				"2023-11-02": {
					"avg": 337,
					"count": 1,
					"min": 337,
					"max": 337
				},
				"2023-11-04": {
					"avg": 322,
					"count": 2,
					"min": 322,
					"max": 322
				},
				"2023-11-05": {
					"avg": 25,
					"count": 1,
					"min": 25,
					"max": 25
				},
				"2023-11-06": {
					"avg": 257,
					"count": 2,
					"min": 119,
					"max": 395
				},
				"2023-11-09": {
					"avg": 19,
					"count": 2,
					"min": 19,
					"max": 19
				},
				"2023-11-12": {
					"avg": 77,
					"count": 2,
					"min": 30,
					"max": 123
				},
				"2023-11-14": {
					"avg": 133,
					"count": 1,
					"min": 133,
					"max": 133
				},
				"2023-11-17": {
					"avg": 25,
					"count": 1,
					"min": 25,
					"max": 25
				},
				"2023-11-19": {
					"avg": 514,
					"count": 1,
					"min": 514,
					"max": 514
				},
				"2023-11-20": {
					"avg": 18,
					"count": 5,
					"min": 18,
					"max": 18
				},
				"2023-11-24": {
					"avg": 115,
					"count": 10,
					"min": 103,
					"max": 190
				},
				"2023-11-25": {
					"avg": 70,
					"count": 2,
					"min": 30,
					"max": 110
				},
				"2023-11-26": {
					"avg": 68,
					"count": 1,
					"min": 68,
					"max": 68
				},
				"2023-11-27": {
					"avg": 49,
					"count": 1,
					"min": 49,
					"max": 49
				},
				"2024-05-16": {
					"avg": 19,
					"count": 1,
					"min": 19,
					"max": 19
				},
				"2024-05-17": {
					"avg": 17,
					"count": 2,
					"min": 17,
					"max": 17
				},
				"2024-05-18": {
					"avg": 80,
					"count": 6,
					"min": 18,
					"max": 144
				},
				"2024-05-19": {
					"avg": 143,
					"count": 2,
					"min": 143,
					"max": 143
				},
				"2024-05-21": {
					"avg": 38,
					"count": 3,
					"min": 38,
					"max": 38
				},
				"2024-05-22": {
					"avg": 528,
					"count": 2,
					"min": 19,
					"max": 1037
				},
				"2024-05-25": {
					"avg": 120,
					"count": 1,
					"min": 120,
					"max": 120
				},
				"2024-05-27": {
					"avg": 116,
					"count": 5,
					"min": 20,
					"max": 144
				},
				"2024-05-29": {
					"avg": 21,
					"count": 2,
					"min": 19,
					"max": 22
				},
				"2024-05-31": {
					"avg": 21,
					"count": 1,
					"min": 21,
					"max": 21
				},
				"2024-06-01": {
					"avg": 225,
					"count": 1,
					"min": 225,
					"max": 225
				},
				"2024-06-02": {
					"avg": 18,
					"count": 2,
					"min": 16,
					"max": 20
				},
				"2024-06-08": {
					"avg": 10,
					"count": 4,
					"min": 10,
					"max": 10
				},
				"2024-06-11": {
					"avg": 19,
					"count": 1,
					"min": 19,
					"max": 19
				},
				"2024-06-13": {
					"avg": 19,
					"count": 1,
					"min": 19,
					"max": 19
				},
				"2024-06-15": {
					"avg": 19,
					"count": 1,
					"min": 19,
					"max": 19
				},
				"2024-06-16": {
					"avg": 133,
					"count": 1,
					"min": 133,
					"max": 133
				},
				"2024-06-17": {
					"avg": 132,
					"count": 1,
					"min": 132,
					"max": 132
				},
				"2024-06-20": {
					"avg": 165,
					"count": 3,
					"min": 132,
					"max": 182
				},
				"2024-06-23": {
					"avg": 21,
					"count": 1,
					"min": 21,
					"max": 21
				},
				"2024-06-30": {
					"avg": 35,
					"count": 7,
					"min": 35,
					"max": 35
				},
				"2024-07-01": {
					"avg": 231,
					"count": 2,
					"min": 17,
					"max": 444
				},
				"2024-07-03": {
					"avg": 15,
					"count": 2,
					"min": 15,
					"max": 15
				},
				"2024-07-05": {
					"avg": 19,
					"count": 1,
					"min": 19,
					"max": 19
				},
				"2024-07-07": {
					"avg": 19,
					"count": 1,
					"min": 19,
					"max": 19
				},
				"2024-07-08": {
					"avg": 30,
					"count": 4,
					"min": 30,
					"max": 30
				},
				"2024-07-10": {
					"avg": 116,
					"count": 1,
					"min": 116,
					"max": 116
				},
				"2024-07-11": {
					"avg": 21,
					"count": 4,
					"min": 20,
					"max": 22
				},
				"2024-07-12": {
					"avg": 20,
					"count": 3,
					"min": 20,
					"max": 20
				},
				"2024-07-14": {
					"avg": 141,
					"count": 2,
					"min": 130,
					"max": 152
				},
				"2024-07-15": {
					"avg": 208,
					"count": 1,
					"min": 208,
					"max": 208
				},
				"2024-07-16": {
					"avg": 142,
					"count": 2,
					"min": 142,
					"max": 142
				},
				"2024-07-19": {
					"avg": 96,
					"count": 2,
					"min": 40,
					"max": 152
				},
				"2024-07-20": {
					"avg": 143,
					"count": 3,
					"min": 143,
					"max": 143
				},
				"2024-07-21": {
					"avg": 24,
					"count": 1,
					"min": 24,
					"max": 24
				},
				"2024-07-23": {
					"avg": 146,
					"count": 1,
					"min": 146,
					"max": 146
				},
				"2024-07-25": {
					"avg": 25,
					"count": 4,
					"min": 25,
					"max": 25
				},
				"2024-07-30": {
					"avg": 22,
					"count": 1,
					"min": 22,
					"max": 22
				},
				"2024-08-02": {
					"avg": 123,
					"count": 5,
					"min": 119,
					"max": 139
				},
				"2024-08-04": {
					"avg": 23,
					"count": 3,
					"min": 23,
					"max": 23
				},
				"2024-08-05": {
					"avg": 143,
					"count": 3,
					"min": 143,
					"max": 143
				},
				"2024-08-06": {
					"avg": 21,
					"count": 2,
					"min": 21,
					"max": 21
				},
				"2024-08-07": {
					"avg": 23,
					"count": 1,
					"min": 23,
					"max": 23
				},
				"2024-08-09": {
					"avg": 141,
					"count": 1,
					"min": 141,
					"max": 141
				},
				"2024-08-10": {
					"avg": 25,
					"count": 1,
					"min": 25,
					"max": 25
				},
				"2024-08-18": {
					"avg": 20,
					"count": 1,
					"min": 20,
					"max": 20
				},
				"2024-08-22": {
					"avg": 20,
					"count": 7,
					"min": 20,
					"max": 20
				},
				"2024-08-25": {
					"avg": 41,
					"count": 5,
					"min": 35,
					"max": 50
				},
				"2024-08-27": {
					"avg": 235,
					"count": 2,
					"min": 25,
					"max": 444
				},
				"2024-08-31": {
					"avg": 136,
					"count": 1,
					"min": 136,
					"max": 136
				},
				"2024-09-02": {
					"avg": 22,
					"count": 1,
					"min": 22,
					"max": 22
				},
				"2024-09-03": {
					"avg": 165,
					"count": 1,
					"min": 165,
					"max": 165
				},
				"2024-09-04": {
					"avg": 544,
					"count": 1,
					"min": 544,
					"max": 544
				},
				"2024-09-06": {
					"avg": 22,
					"count": 1,
					"min": 22,
					"max": 22
				},
				"2024-09-10": {
					"avg": 141,
					"count": 1,
					"min": 141,
					"max": 141
				},
				"2024-09-14": {
					"avg": 14,
					"count": 1,
					"min": 14,
					"max": 14
				},
				"2024-09-15": {
					"avg": 24,
					"count": 2,
					"min": 23,
					"max": 25
				},
				"2024-09-16": {
					"avg": 25,
					"count": 1,
					"min": 25,
					"max": 25
				},
				"2024-09-22": {
					"avg": 24,
					"count": 1,
					"min": 24,
					"max": 24
				},
				"2024-09-23": {
					"avg": 25,
					"count": 6,
					"min": 24,
					"max": 25
				}
			},
			"avg": 88,
			"avg7": 124,
			"avg28": 124
		},
		"normal-played": {
			"history": {
				"2024-05-27": {
					"avg": 19,
					"count": 3,
					"min": 19,
					"max": 19
				},
				"2024-05-28": {
					"avg": 187,
					"count": 7,
					"min": 19,
					"max": 214
				},
				"2024-06-07": {
					"avg": 19,
					"count": 1,
					"min": 19,
					"max": 19
				},
				"2024-06-08": {
					"avg": 19,
					"count": 1,
					"min": 19,
					"max": 19
				},
				"2024-06-09": {
					"avg": 19,
					"count": 1,
					"min": 19,
					"max": 19
				},
				"2024-06-18": {
					"avg": 177,
					"count": 1,
					"min": 177,
					"max": 177
				},
				"2024-06-20": {
					"avg": 177,
					"count": 2,
					"min": 177,
					"max": 177
				},
				"2024-06-22": {
					"avg": 18,
					"count": 1,
					"min": 18,
					"max": 18
				},
				"2024-06-24": {
					"avg": 15,
					"count": 1,
					"min": 15,
					"max": 15
				},
				"2024-06-27": {
					"avg": 19,
					"count": 1,
					"min": 19,
					"max": 19
				},
				"2024-07-02": {
					"avg": 25,
					"count": 4,
					"min": 25,
					"max": 25
				},
				"2024-07-05": {
					"avg": 18,
					"count": 2,
					"min": 18,
					"max": 18
				},
				"2024-07-11": {
					"avg": 19,
					"count": 3,
					"min": 19,
					"max": 19
				},
				"2024-07-12": {
					"avg": 87,
					"count": 4,
					"min": 28,
					"max": 106
				},
				"2024-07-20": {
					"avg": 274,
					"count": 1,
					"min": 274,
					"max": 274
				},
				"2024-07-26": {
					"avg": 18,
					"count": 2,
					"min": 15,
					"max": 20
				},
				"2024-08-02": {
					"avg": 116,
					"count": 5,
					"min": 20,
					"max": 148
				},
				"2024-08-09": {
					"avg": 118,
					"count": 2,
					"min": 118,
					"max": 118
				},
				"2024-08-18": {
					"avg": 18,
					"count": 1,
					"min": 18,
					"max": 18
				},
				"2024-08-21": {
					"avg": 25,
					"count": 4,
					"min": 25,
					"max": 25
				},
				"2024-08-31": {
					"avg": 13,
					"count": 4,
					"min": 13,
					"max": 13
				},
				"2024-09-02": {
					"avg": 61,
					"count": 2,
					"min": 13,
					"max": 109
				},
				"2024-09-10": {
					"avg": 118,
					"count": 3,
					"min": 118,
					"max": 118
				},
				"2024-09-23": {
					"avg": 146,
					"count": 7,
					"min": 145,
					"max": 146
				}
			},
			"avg": 85,
			"avg7": -1,
			"avg28": -1
		},
		"normal-nearmint": {
			"history": {
				"2024-05-24": {
					"avg": 19,
					"count": 1,
					"min": 19,
					"max": 19
				},
				"2024-05-29": {
					"avg": 149,
					"count": 2,
					"min": 149,
					"max": 149
				},
				"2024-06-01": {
					"avg": 151,
					"count": 1,
					"min": 151,
					"max": 151
				},
				"2024-06-03": {
					"avg": 30,
					"count": 1,
					"min": 30,
					"max": 30
				},
				"2024-06-07": {
					"avg": 29,
					"count": 1,
					"min": 29,
					"max": 29
				},
				"2024-06-08": {
					"avg": 149,
					"count": 1,
					"min": 149,
					"max": 149
				},
				"2024-06-14": {
					"avg": 147,
					"count": 1,
					"min": 147,
					"max": 147
				},
				"2024-06-17": {
					"avg": 129,
					"count": 4,
					"min": 129,
					"max": 129
				},
				"2024-06-18": {
					"avg": 224,
					"count": 1,
					"min": 224,
					"max": 224
				},
				"2024-06-23": {
					"avg": 146,
					"count": 1,
					"min": 146,
					"max": 146
				},
				"2024-06-24": {
					"avg": 574,
					"count": 1,
					"min": 574,
					"max": 574
				},
				"2024-06-25": {
					"avg": 180,
					"count": 3,
					"min": 24,
					"max": 258
				},
				"2024-07-02": {
					"avg": 47,
					"count": 2,
					"min": 47,
					"max": 47
				},
				"2024-07-09": {
					"avg": 19,
					"count": 8,
					"min": 19,
					"max": 19
				},
				"2024-07-10": {
					"avg": 26,
					"count": 2,
					"min": 19,
					"max": 32
				},
				"2024-07-12": {
					"avg": 23,
					"count": 3,
					"min": 19,
					"max": 30
				},
				"2024-07-19": {
					"avg": 105,
					"count": 2,
					"min": 47,
					"max": 162
				},
				"2024-07-24": {
					"avg": 25,
					"count": 1,
					"min": 25,
					"max": 25
				},
				"2024-07-26": {
					"avg": 210,
					"count": 1,
					"min": 210,
					"max": 210
				},
				"2024-07-27": {
					"avg": 157,
					"count": 1,
					"min": 157,
					"max": 157
				},
				"2024-07-28": {
					"avg": 150,
					"count": 4,
					"min": 146,
					"max": 156
				},
				"2024-07-29": {
					"avg": 600,
					"count": 2,
					"min": 156,
					"max": 1044
				},
				"2024-08-01": {
					"avg": 31,
					"count": 2,
					"min": 30,
					"max": 31
				},
				"2024-08-04": {
					"avg": 29,
					"count": 1,
					"min": 29,
					"max": 29
				},
				"2024-08-05": {
					"avg": 129,
					"count": 1,
					"min": 129,
					"max": 129
				},
				"2024-08-06": {
					"avg": 129,
					"count": 1,
					"min": 129,
					"max": 129
				},
				"2024-08-11": {
					"avg": 147,
					"count": 1,
					"min": 147,
					"max": 147
				},
				"2024-08-14": {
					"avg": 116,
					"count": 1,
					"min": 116,
					"max": 116
				},
				"2024-08-16": {
					"avg": 30,
					"count": 1,
					"min": 30,
					"max": 30
				},
				"2024-08-18": {
					"avg": 80,
					"count": 2,
					"min": 31,
					"max": 128
				},
				"2024-08-20": {
					"avg": 31,
					"count": 1,
					"min": 31,
					"max": 31
				},
				"2024-08-23": {
					"avg": 113,
					"count": 3,
					"min": 26,
					"max": 156
				},
				"2024-08-27": {
					"avg": 101,
					"count": 2,
					"min": 47,
					"max": 154
				},
				"2024-08-28": {
					"avg": 28,
					"count": 1,
					"min": 28,
					"max": 28
				},
				"2024-08-29": {
					"avg": 1044,
					"count": 1,
					"min": 1044,
					"max": 1044
				},
				"2024-08-31": {
					"avg": 30,
					"count": 2,
					"min": 30,
					"max": 30
				},
				"2024-09-03": {
					"avg": 24,
					"count": 2,
					"min": 24,
					"max": 24
				},
				"2024-09-06": {
					"avg": 25,
					"count": 4,
					"min": 25,
					"max": 25
				},
				"2024-09-07": {
					"avg": 25,
					"count": 1,
					"min": 25,
					"max": 25
				},
				"2024-09-14": {
					"avg": 27,
					"count": 1,
					"min": 27,
					"max": 27
				},
				"2024-09-19": {
					"avg": 47,
					"count": 4,
					"min": 47,
					"max": 47
				},
				"2024-09-21": {
					"avg": 118,
					"count": 1,
					"min": 118,
					"max": 118
				},
				"2024-09-23": {
					"avg": 25,
					"count": 9,
					"min": 25,
					"max": 25
				}
			},
			"avg": 103,
			"avg7": -1,
			"avg28": -1
		},
		"normal-used": {
			"history": {
				"2024-05-24": {
					"avg": 339,
					"count": 2,
					"min": 339,
					"max": 339
				},
				"2024-06-04": {
					"avg": 15,
					"count": 1,
					"min": 15,
					"max": 15
				},
				"2024-06-07": {
					"avg": 13,
					"count": 3,
					"min": 13,
					"max": 13
				},
				"2024-06-16": {
					"avg": 137,
					"count": 1,
					"min": 137,
					"max": 137
				},
				"2024-06-27": {
					"avg": 19,
					"count": 1,
					"min": 19,
					"max": 19
				},
				"2024-07-02": {
					"avg": 19,
					"count": 1,
					"min": 19,
					"max": 19
				},
				"2024-08-03": {
					"avg": 15,
					"count": 1,
					"min": 15,
					"max": 15
				},
				"2024-08-30": {
					"avg": 119,
					"count": 5,
					"min": 9,
					"max": 146
				},
				"2024-09-02": {
					"avg": 10,
					"count": 1,
					"min": 10,
					"max": 10
				},
				"2024-09-06": {
					"avg": 19,
					"count": 1,
					"min": 19,
					"max": 19
				},
				"2024-09-07": {
					"avg": 125,
					"count": 5,
					"min": 99,
					"max": 132
				},
				"2024-09-18": {
					"avg": 5,
					"count": 1,
					"min": 5,
					"max": 5
				},
				"2024-09-21": {
					"avg": 18,
					"count": 1,
					"min": 18,
					"max": 18
				}
			},
			"avg": 91,
			"avg7": -1,
			"avg28": -1
		},
		"normal-poor": {
			"history": {
				"2024-06-20": {
					"avg": 10,
					"count": 1,
					"min": 10,
					"max": 10
				},
				"2024-06-27": {
					"avg": 19,
					"count": 1,
					"min": 19,
					"max": 19
				},
				"2024-07-11": {
					"avg": 24,
					"count": 2,
					"min": 24,
					"max": 24
				},
				"2024-07-26": {
					"avg": 18,
					"count": 1,
					"min": 18,
					"max": 18
				},
				"2024-08-24": {
					"avg": 175,
					"count": 2,
					"min": 175,
					"max": 175
				},
				"2024-09-20": {
					"avg": 145,
					"count": 3,
					"min": 145,
					"max": 145
				}
			},
			"avg": 88,
			"avg7": -1,
			"avg28": -1
		}
	}
}