{
	"data": {
		"normal-good": {
			"history": {
				"2022-11-15": {
					"avg": 20,
					"count": 1
				},
				"2022-11-17": {
					"avg": 16,
					"count": 2
				},
				"2022-11-18": {
					"avg": 111,
					"count": 1
				},
				"2022-11-19": {
					"avg": 71,
					"count": 1,
					"min": 71,
					"max": 71
				},
				"2022-11-20": {
					"avg": 25,
					"count": 1,
					"min": 25,
					"max": 25
				},
				"2022-11-22": {
					"avg": 71,
					"count": 6,
					"min": 71,
					"max": 71
				},
				"2022-11-24": {
					"avg": 51,
					"count": 2,
					"min": 51,
					"max": 51
				},
				"2022-11-25": {
					"avg": 15,
					"count": 1,
					"min": 15,
					"max": 15
				},
				"2022-11-27": {
					"avg": 15,
					"count": 1,
					"min": 15,
					"max": 15
				},
				"2022-11-28": {
					"avg": 268,
					"count": 5,
					"min": 68,
					"max": 521
				},
				"2022-11-29": {
					"avg": 148,
					"count": 1,
					"min": 148,
					"max": 148
				},
				"2022-11-30": {
					"avg": 111,
					"count": 1,
					"min": 111,
					"max": 111
				},
				"2022-12-02": {
					"avg": 57,
					"count": 7,
					"min": 35,
					"max": 113
				},
				"2022-12-04": {
					"avg": 23,
					"count": 1,
					"min": 23,
					"max": 23
				},
				"2022-12-10": {
					"avg": 25,
					"count": 2,
					"min": 25,
					"max": 25
				},
				"2022-12-12": {
					"avg": 575,
					"count": 1,
					"min": 575,
					"max": 575
				},
				"2022-12-14": {
					"avg": 470,
					"count": 2,
					"min": 470,
					"max": 470
				},
				"2022-12-16": {
					"avg": 40,
					"count": 1,
					"min": 40,
					"max": 40
				},
				"2022-12-17": {
					"avg": 16,
					"count": 1,
					"min": 16,
					"max": 16
				},
				"2022-12-18": {
					"avg": 119,
					"count": 8,
					"min": 116,
					"max": 121
				},
				"2022-12-20": {
					"avg": 26,
					"count": 2,
					"min": 23,
					"max": 29
				},
				"2022-12-22": {
					"avg": 71,
					"count": 2,
					"min": 23,
					"max": 119
				},
				"2022-12-25": {
					"avg": 141,
					"count": 1,
					"min": 141,
					"max": 141
				},
				"2022-12-26": {
					"avg": 22,
					"count": 5,
					"min": 20,
					"max": 29
				},
				"2022-12-30": {
					"avg": 72,
					"count": 2,
					"min": 20,
					"max": 124
				},
				"2023-01-02": {
					"avg": 61,
					"count": 16,
					"min": 20,
					"max": 171
				},
				"2023-01-03": {
					"avg": 79,
					"count": 3,
					"min": 62,
					"max": 114
				},
				"2023-01-05": {
					"avg": 60,
					"count": 2,
					"min": 20,
					"max": 99
				},
				"2023-01-06": {
					"avg": 45,
					"count": 1,
					"min": 45,
					"max": 45
				},
				"2023-01-07": {
					"avg": 116,
					"count": 1,
					"min": 116,
					"max": 116
				},
				"2023-01-08": {
					"avg": 26,
					"count": 2,
					"min": 25,
					"max": 27
				},
				"2023-02-08": {
					"avg": 523,
					"count": 1,
					"min": 523,
					"max": 523
				},
				"2023-02-10": {
					"avg": 224,
					"count": 2,
					"min": 99,
					"max": 349
				},
				"2023-02-14": {
					"avg": 454,
					"count": 2,
					"min": 25,
					"max": 882
				},
				"2023-02-16": {
					"avg": 46,
					"count": 1,
					"min": 46,
					"max": 46
				},
				"2023-02-18": {
					"avg": 123,
					"count": 1,
					"min": 123,
					"max": 123
				},
				"2023-02-19": {
					"avg": 111,
					"count": 1,
					"min": 111,
					"max": 111
				},
				"2023-02-20": {
					"avg": 36,
					"count": 1,
					"min": 36,
					"max": 36
				},
				"2023-02-21": {
					"avg": 154,
					"count": 1,
					"min": 154,
					"max": 154
				},
				"2023-02-22": {
					"avg": 36,
					"count": 1,
					"min": 36,
					"max": 36
				},
				"2023-02-24": {
					"avg": 73,
					"count": 2,
					"min": 34,
					"max": 111
				},
				"2023-02-28": {
					"avg": 26,
					"count": 3,
					"min": 24,
					"max": 30
				},
				"2023-03-01": {
					"avg": 139,
					"count": 1,
					"min": 139,
					"max": 139
				},
				"2023-03-04": {
					"avg": 21,
					"count": 1,
					"min": 21,
					"max": 21
				},
				"2023-03-05": {
					"avg": 50,
					"count": 6,
					"min": 35,
					"max": 124
				},
				"2023-03-07": {
					"avg": 23,
					"count": 1,
					"min": 23,
					"max": 23
				},
				"2023-03-09": {
					"avg": 125,
					"count": 6,
					"min": 120,
					"max": 129
				},
				"2023-03-10": {
					"avg": 244,
					"count": 1,
					"min": 244,
					"max": 244
				},
				"2023-03-16": {
					"avg": 20,
					"count": 1,
					"min": 20,
					"max": 20
				},
				"2023-03-18": {
					"avg": 170,
					"count": 1,
					"min": 170,
					"max": 170
				},
				"2023-03-20": {
					"avg": 43,
					"count": 5,
					"min": 23,
					"max": 121
				},
				"2023-03-23": {
					"avg": 24,
					"count": 2,
					"min": 24,
					"max": 24
				},
				"2023-03-25": {
					"avg": 20,
					"count": 1,
					"min": 20,
					"max": 20
				},
				"2023-03-28": {
					"avg": 123,
					"count": 1,
					"min": 123,
					"max": 123
				},
				"2023-04-01": {
					"avg": 49,
					"count": 1,
					"min": 49,
					"max": 49
				},
				"2023-04-03": {
					"avg": 117,
					"count": 1,
					"min": 117,
					"max": 117
				},
				"2023-04-05": {
					"avg": 22,
					"count": 2,
					"min": 19,
					"max": 25
				},
				"2023-04-06": {
					"avg": 93,
					"count": 9,
					"min": 35,
					"max": 100
				},
				"2023-04-07": {
					"avg": 124,
					"count": 1,
					"min": 124,
					"max": 124
				},
				"2023-04-09": {
					"avg": 22,
					"count": 2,
					"min": 20,
					"max": 24
				},
				"2023-04-16": {
					"avg": 52,
					"count": 1,
					"min": 52,
					"max": 52
				},
				"2023-04-20": {
					"avg": 114,
					"count": 1,
					"min": 114,
					"max": 114
				},
				"2023-04-25": {
					"avg": 25,
					"count": 1,
					"min": 25,
					"max": 25
				},
				"2023-04-26": {
					"avg": 87,
					"count": 3,
					"min": 73,
					"max": 115
				},
				"2023-04-27": {
					"avg": 120,
					"count": 6,
					"min": 111,
					"max": 134
				},
				"2023-05-01": {
					"avg": 16,
					"count": 1,
					"min": 16,
					"max": 16
				},
				"2023-05-02": {
					"avg": 45,
					"count": 1,
					"min": 45,
					"max": 45
				},
				"2023-05-04": {
					"avg": 51,
					"count": 4,
					"min": 24,
					"max": 127
				},
				"2023-05-05": {
					"avg": 72,
					"count": 2,
					"min": 25,
					"max": 119
				},
				"2023-05-06": {
					"avg": 132,
					"count": 1,
					"min": 132,
					"max": 132
				},
				"2023-05-07": {
					"avg": 217,
					"count": 3,
					"min": 123,
					"max": 395
				},
				"2023-05-12": {
					"avg": 29,
					"count": 2,
					"min": 24,
					"max": 33
				},
				"2023-05-13": {
					"avg": 129,
					"count": 1,
					"min": 129,
					"max": 129
				},
				"2023-05-16": {
					"avg": 25,
					"count": 2,
					"min": 17,
					"max": 32
				},
				"2023-05-18": {
					"avg": 531,
					"count": 4,
					"min": 531,
					"max": 531
				},
				"2023-05-19": {
					"avg": 395,
					"count": 1,
					"min": 395,
					"max": 395
				},
				"2023-05-30": {
					"avg": 106,
					"count": 7,
					"min": 99,
					"max": 122
				},
				"2023-06-01": {
					"avg": 25,
					"count": 16,
					"min": 21,
					"max": 27
				},
				"2023-06-06": {
					"avg": 63,
					"count": 8,
					"min": 23,
					"max": 119
				},
				"2023-06-15": {
					"avg": 528,
					"count": 1,
					"min": 528,
					"max": 528
				},
				"2023-06-17": {
					"avg": 299,
					"count": 4,
					"min": 20,
					"max": 531
				},
				"2023-06-20": {
					"avg": 10,
					"count": 1,
					"min": 10,
					"max": 10
				},
				"2023-06-22": {
					"avg": 113,
					"count": 2,
					"min": 113,
					"max": 113
				},
				"2023-06-23": {
					"avg": 10,
					"count": 1,
					"min": 10,
					"max": 10
				},
				"2023-06-24": {
					"avg": 21,
					"count": 1,
					"min": 21,
					"max": 21
				},
				"2023-06-25": {
					"avg": 49,
					"count": 1,
					"min": 49,
					"max": 49
				},
				"2023-06-28": {
					"avg": 121,
					"count": 5,
					"min": 119,
					"max": 121
				},
				"2023-06-30": {
					"avg": 127,
					"count": 1,
					"min": 127,
					"max": 127
				},
				"2023-07-08": {
					"avg": 99,
					"count": 1,
					"min": 99,
					"max": 99
				},
				"2023-07-09": {
					"avg": 19,
					"count": 1,
					"min": 19,
					"max": 19
				},
				"2023-07-11": {
					"avg": 15,
					"count": 1,
					"min": 15,
					"max": 15
				},
				"2023-07-12": {
					"avg": 30,
					"count": 3,
					"min": 30,
					"max": 30
				},
				"2023-07-13": {
					"avg": 73,
					"count": 16,
					"min": 73,
					"max": 73
				},
				"2023-07-15": {
					"avg": 34,
					"count": 1,
					"min": 34,
					"max": 34
				},
				"2023-07-16": {
					"avg": 175,
					"count": 4,
					"min": 19,
					"max": 227
				},
				"2023-07-17": {
					"avg": 134,
					"count": 4,
					"min": 119,
					"max": 170
				},
				"2023-07-20": {
					"avg": 190,
					"count": 5,
					"min": 57,
					"max": 223
				},
				"2023-07-21": {
					"avg": 28,
					"count": 2,
					"min": 25,
					"max": 30
				},
				"2023-07-23": {
					"avg": 28,
					"count": 2,
					"min": 26,
					"max": 30
				},
				"2023-07-24": {
					"avg": 21,
					"count": 4,
					"min": 18,
					"max": 29
				},
				"2023-07-25": {
					"avg": 124,
					"count": 3,
					"min": 124,
					"max": 124
				},
				"2023-07-27": {
					"avg": 24,
					"count": 1,
					"min": 24,
					"max": 24
				},
				"2023-07-29": {
					"avg": 395,
					"count": 1,
					"min": 395,
					"max": 395
				},
				"2023-07-30": {
					"avg": 109,
					"count": 2,
					"min": 99,
					"max": 118
				},
				"2023-08-01": {
					"avg": 67,
					"count": 1,
					"min": 67,
					"max": 67
				},
				"2023-08-04": {
					"avg": 19,
					"count": 1,
					"min": 19,
					"max": 19
				},
				"2023-08-05": {
					"avg": 24,
					"count": 1,
					"min": 24,
					"max": 24
				},
				"2023-08-07": {
					"avg": 78,
					"count": 4,
					"min": 67,
					"max": 111
				},
				"2023-08-08": {
					"avg": 81,
					"count": 2,
					"min": 38,
					"max": 124
				},
				"2023-08-10": {
					"avg": 76,
					"count": 8,
					"min": 22,
					"max": 177
				},
				"2023-08-12": {
					"avg": 29,
					"count": 2,
					"min": 26,
					"max": 31
				},
				"2023-08-14": {
					"avg": 41,
					"count": 10,
					"min": 15,
					"max": 113
				},
				"2023-08-15": {
					"avg": 36,
					"count": 1,
					"min": 36,
					"max": 36
				},
				"2023-08-16": {
					"avg": 35,
					"count": 1,
					"min": 35,
					"max": 35
				},
				"2023-08-17": {
					"avg": 174,
					"count": 1,
					"min": 174,
					"max": 174
				},
				"2023-08-20": {
					"avg": 96,
					"count": 5,
					"min": 76,
					"max": 174
				},
				"2023-08-23": {
					"avg": 43,
					"count": 3,
					"min": 22,
					"max": 80
				},
				"2023-08-24": {
					"avg": 128,
					"count": 4,
					"min": 111,
					"max": 174
				},
				"2023-08-26": {
					"avg": 22,
					"count": 3,
					"min": 16,
					"max": 26
				},
				"2023-08-27": {
					"avg": 16,
					"count": 1,
					"min": 16,
					"max": 16
				},
				"2023-08-28": {
					"avg": 88,
					"count": 5,
					"min": 23,
					"max": 124
				},
				"2023-08-30": {
					"avg": 76,
					"count": 10,
					"min": 76,
					"max": 76
				},
				"2023-09-01": {
					"avg": 118,
					"count": 1,
					"min": 118,
					"max": 118
				},
				"2023-09-02": {
					"avg": 26,
					"count": 1,
					"min": 26,
					"max": 26
				},
				"2023-09-03": {
					"avg": 32,
					"count": 1,
					"min": 32,
					"max": 32
				},
				"2023-09-04": {
					"avg": 124,
					"count": 1,
					"min": 124,
					"max": 124
				},
				"2023-09-07": {
					"avg": 211,
					"count": 2,
					"min": 22,
					"max": 399
				},
				"2023-09-09": {
					"avg": 32,
					"count": 1,
					"min": 32,
					"max": 32
				},
				"2023-09-10": {
					"avg": 111,
					"count": 9,
					"min": 31,
					"max": 123
				},
				"2023-09-11": {
					"avg": 169,
					"count": 1,
					"min": 169,
					"max": 169
				},
				"2023-09-16": {
					"avg": 78,
					"count": 2,
					"min": 25,
					"max": 131
				},
				"2023-09-17": {
					"avg": 65,
					"count": 5,
					"min": 31,
					"max": 73
				},
				"2023-09-18": {
					"avg": 133,
					"count": 1,
					"min": 133,
					"max": 133
				},
				"2023-09-19": {
					"avg": 66,
					"count": 6,
					"min": 32,
					"max": 73
				},
				"2023-09-20": {
					"avg": 80,
					"count": 2,
					"min": 35,
					"max": 125
				},
				"2023-09-21": {
					"avg": 134,
					"count": 7,
					"min": 134,
					"max": 134
				},
				"2023-09-23": {
					"avg": 41,
					"count": 1,
					"min": 41,
					"max": 41
				},
				"2023-09-25": {
					"avg": 26,
					"count": 3,
					"min": 26,
					"max": 26
				},
				"2023-09-26": {
					"avg": 69,
					"count": 7,
					"min": 23,
					"max": 119
				},
				"2023-10-01": {
					"avg": 119,
					"count": 1,
					"min": 119,
					"max": 119
				},
				"2023-10-02": {
					"avg": 220,
					"count": 2,
					"min": 41,
					"max": 399
				},
				"2023-10-05": {
					"avg": 26,
					"count": 13,
					"min": 24,
					"max": 26
				},
				"2023-10-07": {
					"avg": 25,
					"count": 7,
					"min": 25,
					"max": 25
				},
				"2023-10-08": {
					"avg": 72,
					"count": 3,
					"min": 43,
					"max": 124
				},
				"2023-10-09": {
					"avg": 25,
					"count": 1,
					"min": 25,
					"max": 25
				},
				"2023-10-11": {
					"avg": 22,
					"count": 1,
					"min": 22,
					"max": 22
				},
				"2023-10-12": {
					"avg": 53,
					"count": 7,
					"min": 35,
					"max": 67
				},
				"2023-10-13": {
					"avg": 30,
					"count": 1,
					"min": 30,
					"max": 30
				},
				"2023-10-14": {
					"avg": 110,
					"count": 1,
					"min": 110,
					"max": 110
				},
				"2023-10-16": {
					"avg": 294,
					"count": 1,
					"min": 294,
					"max": 294
				},
				"2023-10-17": {
					"avg": 61,
					"count": 5,
					"min": 36,
					"max": 67
				},
				"2023-10-18": {
					"avg": 124,
					"count": 4,
					"min": 124,
					"max": 124
				},
				"2023-10-20": {
					"avg": 121,
					"count": 16,
					"min": 32,
					"max": 234
				},
				"2023-10-26": {
					"avg": 24,
					"count": 1,
					"min": 24,
					"max": 24
				},
				"2023-10-30": {
					"avg": 269,
					"count": 2,
					"min": 114,
					"max": 424
				},
				"2023-11-04": {
					"avg": 454,
					"count": 6,
					"min": 331,
					"max": 546
				},
				"2023-11-05": {
					"avg": 75,
					"count": 2,
					"min": 32,
					"max": 118
				},
				"2023-11-08": {
					"avg": 144,
					"count": 7,
					"min": 26,
					"max": 223
				},
				"2023-11-12": {
					"avg": 77,
					"count": 2,
					"min": 30,
					"max": 124
				},
				"2023-11-14": {
					"avg": 80,
					"count": 2,
					"min": 31,
					"max": 128
				},
				"2023-11-15": {
					"avg": 25,
					"count": 1,
					"min": 25,
					"max": 25
				},
				"2023-11-16": {
					"avg": 169,
					"count": 4,
					"min": 169,
					"max": 169
				},
				"2023-11-17": {
					"avg": 113,
					"count": 3,
					"min": 30,
					"max": 179
				},
				"2023-11-18": {
					"avg": 33,
					"count": 1,
					"min": 33,
					"max": 33
				},
				"2023-11-19": {
					"avg": 36,
					"count": 1,
					"min": 36,
					"max": 36
				},
				"2023-11-20": {
					"avg": 111,
					"count": 2,
					"min": 111,
					"max": 111
				},
				"2023-11-24": {
					"avg": 110,
					"count": 10,
					"min": 108,
					"max": 111
				},
				"2023-11-25": {
					"avg": 38,
					"count": 1,
					"min": 38,
					"max": 38
				},
				"2023-11-26": {
					"avg": 65,
					"count": 1,
					"min": 65,
					"max": 65
				},
				"2023-11-27": {
					"avg": 49,
					"count": 1,
					"min": 49,
					"max": 49
				},
				"2024-05-17": {
					"avg": 119,
					"count": 7,
					"min": 43,
					"max": 135
				},
				"2024-05-18": {
					"avg": 118,
					"count": 5,
					"min": 1,
					"max": 225
				},
				"2024-05-21": {
					"avg": 43,
					"count": 1,
					"min": 43,
					"max": 43
				},
				"2024-05-22": {
					"avg": 1042,
					"count": 1,
					"min": 1042,
					"max": 1042
				},
				"2024-05-23": {
					"avg": 126,
					"count": 4,
					"min": 126,
					"max": 127
				},
				"2024-05-25": {
					"avg": 28,
					"count": 1,
					"min": 28,
					"max": 28
				},
				"2024-05-27": {
					"avg": 209,
					"count": 2,
					"min": 209,
					"max": 209
				},
				"2024-06-01": {
					"avg": 222,
					"count": 1,
					"min": 222,
					"max": 222
				},
				"2024-06-06": {
					"avg": 25,
					"count": 1,
					"min": 25,
					"max": 25
				},
				"2024-06-07": {
					"avg": 140,
					"count": 1,
					"min": 140,
					"max": 140
				},
				"2024-06-11": {
					"avg": 136,
					"count": 2,
					"min": 50,
					"max": 222
				},
				"2024-06-12": {
					"avg": 222,
					"count": 2,
					"min": 222,
					"max": 222
				},
				"2024-06-14": {
					"avg": 31,
					"count": 1,
					"min": 31,
					"max": 31
				},
				"2024-06-15": {
					"avg": 33,
					"count": 1,
					"min": 33,
					"max": 33
				},
				"2024-06-17": {
					"avg": 132,
					"count": 2,
					"min": 39,
					"max": 224
				},
				"2024-06-20": {
					"avg": 86,
					"count": 2,
					"min": 35,
					"max": 136
				},
				"2024-06-21": {
					"avg": 32,
					"count": 2,
					"min": 28,
					"max": 35
				},
				"2024-07-01": {
					"avg": 21,
					"count": 2,
					"min": 21,
					"max": 21
				},
				"2024-07-02": {
					"avg": 78,
					"count": 4,
					"min": 33,
					"max": 122
				},
				"2024-07-05": {
					"avg": 57,
					"count": 6,
					"min": 25,
					"max": 73
				},
				"2024-07-07": {
					"avg": 148,
					"count": 1,
					"min": 148,
					"max": 148
				},
				"2024-07-09": {
					"avg": 15,
					"count": 1,
					"min": 15,
					"max": 15
				},
				"2024-07-11": {
					"avg": 24,
					"count": 5,
					"min": 24,
					"max": 24
				},
				"2024-07-12": {
					"avg": 50,
					"count": 2,
					"min": 26,
					"max": 73
				},
				"2024-07-18": {
					"avg": 159,
					"count": 4,
					"min": 159,
					"max": 159
				},
				"2024-07-19": {
					"avg": 106,
					"count": 2,
					"min": 55,
					"max": 156
				},
				"2024-07-22": {
					"avg": 151,
					"count": 1,
					"min": 151,
					"max": 151
				},
				"2024-07-26": {
					"avg": 32,
					"count": 1,
					"min": 32,
					"max": 32
				},
				"2024-07-27": {
					"avg": 160,
					"count": 3,
					"min": 160,
					"max": 160
				},
				"2024-08-01": {
					"avg": 181,
					"count": 1,
					"min": 181,
					"max": 181
				},
				"2024-08-02": {
					"avg": 131,
					"count": 7,
					"min": 36,
					"max": 160
				},
				"2024-08-07": {
					"avg": 142,
					"count": 4,
					"min": 139,
					"max": 143
				},
				"2024-08-10": {
					"avg": 214,
					"count": 2,
					"min": 214,
					"max": 214
				},
				"2024-08-16": {
					"avg": 30,
					"count": 1,
					"min": 30,
					"max": 30
				},
				"2024-08-19": {
					"avg": 140,
					"count": 4,
					"min": 137,
					"max": 142
				},
				"2024-08-20": {
					"avg": 28,
					"count": 1,
					"min": 28,
					"max": 28
				},
				"2024-08-21": {
					"avg": 28,
					"count": 5,
					"min": 27,
					"max": 28
				},
				"2024-08-23": {
					"avg": 146,
					"count": 3,
					"min": 139,
					"max": 153
				},
				"2024-09-01": {
					"avg": 149,
					"count": 2,
					"min": 147,
					"max": 150
				},
				"2024-09-02": {
					"avg": 91,
					"count": 2,
					"min": 50,
					"max": 132
				},
				"2024-09-03": {
					"avg": 33,
					"count": 2,
					"min": 26,
					"max": 39
				},
				"2024-09-04": {
					"avg": 580,
					"count": 1,
					"min": 580,
					"max": 580
				},
				"2024-09-05": {
					"avg": 24,
					"count": 1,
					"min": 24,
					"max": 24
				},
				"2024-09-15": {
					"avg": 125,
					"count": 1,
					"min": 125,
					"max": 125
				},
				"2024-09-19": {
					"avg": 91,
					"count": 4,
					"min": 73,
					"max": 145
				}
			},
			"avg": 101,
			"avg7": 179,
			"avg28": 179
		},
		"normal-played": {
			"history": {
				"2024-05-27": {
					"avg": 25,
					"count": 2,
					"min": 25,
					"max": 25
				},
				"2024-05-28": {
					"avg": 15,
					"count": 1,
					"min": 15,
					"max": 15
				},
				"2024-05-31": {
					"avg": 14,
					"count": 1,
					"min": 14,
					"max": 14
				},
				"2024-06-02": {
					"avg": 15,
					"count": 1,
					"min": 15,
					"max": 15
				},
				"2024-06-09": {
					"avg": 143,
					"count": 1,
					"min": 143,
					"max": 143
				},
				"2024-06-20": {
					"avg": 371,
					"count": 1,
					"min": 371,
					"max": 371
				},
				"2024-06-24": {
					"avg": 115,
					"count": 1,
					"min": 115,
					"max": 115
				},
				"2024-07-01": {
					"avg": 20,
					"count": 1,
					"min": 20,
					"max": 20
				},
				"2024-07-02": {
					"avg": 81,
					"count": 5,
					"min": 25,
					"max": 119
				},
				"2024-07-04": {
					"avg": 119,
					"count": 1,
					"min": 119,
					"max": 119
				},
				"2024-07-09": {
					"avg": 12,
					"count": 2,
					"min": 12,
					"max": 12
				},
				"2024-07-10": {
					"avg": 58,
					"count": 2,
					"min": 58,
					"max": 58
				},
				"2024-07-12": {
					"avg": 68,
					"count": 2,
					"min": 20,
					"max": 116
				},
				"2024-07-16": {
					"avg": 16,
					"count": 2,
					"min": 13,
					"max": 18
				},
				"2024-07-20": {
					"avg": 35,
					"count": 1,
					"min": 35,
					"max": 35
				},
				"2024-07-23": {
					"avg": 20,
					"count": 1,
					"min": 20,
					"max": 20
				},
				"2024-07-26": {
					"avg": 165,
					"count": 2,
					"min": 165,
					"max": 165
				},
				"2024-07-29": {
					"avg": 19,
					"count": 1,
					"min": 19,
					"max": 19
				},
				"2024-08-02": {
					"avg": 134,
					"count": 1,
					"min": 134,
					"max": 134
				},
				"2024-08-03": {
					"avg": 134,
					"count": 1,
					"min": 134,
					"max": 134
				},
				"2024-08-14": {
					"avg": 13,
					"count": 1,
					"min": 13,
					"max": 13
				},
				"2024-08-21": {
					"avg": 23,
					"count": 5,
					"min": 15,
					"max": 25
				},
				"2024-08-23": {
					"avg": 146,
					"count": 2,
					"min": 146,
					"max": 146
				},
				"2024-08-25": {
					"avg": 25,
					"count": 1,
					"min": 25,
					"max": 25
				},
				"2024-08-26": {
					"avg": 25,
					"count": 1,
					"min": 25,
					"max": 25
				},
				"2024-08-30": {
					"avg": 99,
					"count": 2,
					"min": 99,
					"max": 99
				},
				"2024-08-31": {
					"avg": 53,
					"count": 4,
					"min": 19,
					"max": 147
				},
				"2024-09-01": {
					"avg": 30,
					"count": 2,
					"min": 20,
					"max": 39
				},
				"2024-09-02": {
					"avg": 19,
					"count": 4,
					"min": 19,
					"max": 19
				},
				"2024-09-06": {
					"avg": 19,
					"count": 1,
					"min": 19,
					"max": 19
				},
				"2024-09-07": {
					"avg": 155,
					"count": 3,
					"min": 155,
					"max": 155
				},
				"2024-09-20": {
					"avg": 134,
					"count": 2,
					"min": 134,
					"max": 134
				},
				"2024-09-22": {
					"avg": 81,
					"count": 2,
					"min": 10,
					"max": 152
				}
			},
			"avg": 70,
			"avg7": -1,
			"avg28": -1
		},
		"normal-used": {
			"history": {
				"2024-05-28": {
					"avg": 15,
					"count": 1,
					"min": 15,
					"max": 15
				},
				"2024-06-04": {
					"avg": 22,
					"count": 1,
					"min": 22,
					"max": 22
				},
				"2024-06-05": {
					"avg": 18,
					"count": 1,
					"min": 18,
					"max": 18
				},
				"2024-06-16": {
					"avg": 18,
					"count": 1,
					"min": 18,
					"max": 18
				},
				"2024-06-20": {
					"avg": 20,
					"count": 3,
					"min": 20,
					"max": 20
				},
				"2024-06-22": {
					"avg": 134,
					"count": 1,
					"min": 134,
					"max": 134
				},
				"2024-06-27": {
					"avg": 50,
					"count": 1,
					"min": 50,
					"max": 50
				},
				"2024-07-09": {
					"avg": 137,
					"count": 2,
					"min": 137,
					"max": 137
				},
				"2024-07-11": {
					"avg": 21,
					"count": 1,
					"min": 21,
					"max": 21
				},
				"2024-07-18": {
					"avg": 146,
					"count": 4,
					"min": 146,
					"max": 146
				},
				"2024-08-04": {
					"avg": 152,
					"count": 1,
					"min": 152,
					"max": 152
				},
				"2024-08-18": {
					"avg": 25,
					"count": 1,
					"min": 25,
					"max": 25
				},
				"2024-09-02": {
					"avg": 14,
					"count": 4,
					"min": 14,
					"max": 14
				},
				"2024-09-07": {
					"avg": 151,
					"count": 1,
					"min": 151,
					"max": 151
				},
				"2024-09-20": {
					"avg": 152,
					"count": 2,
					"min": 152,
					"max": 152
				}
			},
			"avg": 75,
			"avg7": -1,
			"avg28": -1
		},
		"normal-nearmint": {
			"history": {
				"2024-05-26": {
					"avg": 155,
					"count": 1,
					"min": 155,
					"max": 155
				},
				"2024-05-30": {
					"avg": 157,
					"count": 1,
					"min": 157,
					"max": 157
				},
				"2024-06-01": {
					"avg": 233,
					"count": 1,
					"min": 233,
					"max": 233
				},
				"2024-06-08": {
					"avg": 149,
					"count": 1,
					"min": 149,
					"max": 149
				},
				"2024-06-14": {
					"avg": 152,
					"count": 1,
					"min": 152,
					"max": 152
				},
				"2024-06-18": {
					"avg": 159,
					"count": 1,
					"min": 159,
					"max": 159
				},
				"2024-06-20": {
					"avg": 133,
					"count": 1,
					"min": 133,
					"max": 133
				},
				"2024-06-23": {
					"avg": 125,
					"count": 1,
					"min": 125,
					"max": 125
				},
				"2024-06-24": {
					"avg": 598,
					"count": 1,
					"min": 598,
					"max": 598
				},
				"2024-07-01": {
					"avg": 171,
					"count": 1,
					"min": 171,
					"max": 171
				},
				"2024-07-02": {
					"avg": 165,
					"count": 1,
					"min": 165,
					"max": 165
				},
				"2024-07-10": {
					"avg": 23,
					"count": 1,
					"min": 23,
					"max": 23
				},
				"2024-07-11": {
					"avg": 97,
					"count": 1,
					"min": 97,
					"max": 97
				},
				"2024-07-12": {
					"avg": 23,
					"count": 7,
					"min": 23,
					"max": 23
				},
				"2024-07-14": {
					"avg": 41,
					"count": 1,
					"min": 41,
					"max": 41
				},
				"2024-07-16": {
					"avg": 274,
					"count": 1,
					"min": 274,
					"max": 274
				},
				"2024-07-19": {
					"avg": 97,
					"count": 1,
					"min": 97,
					"max": 97
				},
				"2024-07-26": {
					"avg": 155,
					"count": 2,
					"min": 60,
					"max": 249
				},
				"2024-07-29": {
					"avg": 164,
					"count": 1,
					"min": 164,
					"max": 164
				},
				"2024-08-03": {
					"avg": 97,
					"count": 1,
					"min": 97,
					"max": 97
				},
				"2024-08-05": {
					"avg": 181,
					"count": 1,
					"min": 181,
					"max": 181
				},
				"2024-08-06": {
					"avg": 97,
					"count": 1,
					"min": 97,
					"max": 97
				},
				"2024-08-09": {
					"avg": 22,
					"count": 1,
					"min": 22,
					"max": 22
				},
				"2024-08-11": {
					"avg": 150,
					"count": 1,
					"min": 150,
					"max": 150
				},
				"2024-08-15": {
					"avg": 55,
					"count": 1,
					"min": 55,
					"max": 55
				},
				"2024-08-17": {
					"avg": 238,
					"count": 1,
					"min": 238,
					"max": 238
				},
				"2024-08-22": {
					"avg": 150,
					"count": 1,
					"min": 150,
					"max": 150
				},
				"2024-08-23": {
					"avg": 163,
					"count": 4,
					"min": 163,
					"max": 163
				},
				"2024-08-26": {
					"avg": 49,
					"count": 1,
					"min": 49,
					"max": 49
				},
				"2024-08-27": {
					"avg": 284,
					"count": 2,
					"min": 43,
					"max": 524
				},
				"2024-09-03": {
					"avg": 24,
					"count": 4,
					"min": 24,
					"max": 24
				},
				"2024-09-04": {
					"avg": 68,
					"count": 1,
					"min": 68,
					"max": 68
				},
				"2024-09-06": {
					"avg": 33,
					"count": 1,
					"min": 33,
					"max": 33
				},
				"2024-09-07": {
					"avg": 972,
					"count": 1,
					"min": 972,
					"max": 972
				},
				"2024-09-18": {
					"avg": 52,
					"count": 1,
					"min": 52,
					"max": 52
				},
				"2024-09-19": {
					"avg": 97,
					"count": 1,
					"min": 97,
					"max": 97
				},
				"2024-09-20": {
					"avg": 55,
					"count": 10,
					"min": 55,
					"max": 55
				},
				"2024-09-21": {
					"avg": 134,
					"count": 1,
					"min": 134,
					"max": 134
				}
			},
			"avg": 125,
			"avg7": -1,
			"avg28": -1
		},
		"normal-poor": {
			"history": {
				"2024-06-20": {
					"avg": 27,
					"count": 3,
					"min": 27,
					"max": 27
				},
				"2024-07-10": {
					"avg": 25,
					"count": 2,
					"min": 10,
					"max": 39
				},
				"2024-08-07": {
					"avg": 142,
					"count": 1,
					"min": 142,
					"max": 142
				},
				"2024-09-02": {
					"avg": 12,
					"count": 3,
					"min": 10,
					"max": 15
				}
			},
			"avg": 34,
			"avg7": -1,
			"avg28": -1
		}
	}
}