{
	"data": {
		"normal-good": {
			"history": {
				"2022-11-12": {
					"avg": 10,
					"count": 1
				},
				"2022-11-13": {
					"avg": 19,
					"count": 1
				},
				"2022-11-17": {
					"avg": 79,
					"count": 3
				},
				"2022-11-18": {
					"avg": 105,
					"count": 2
				},
				"2022-11-19": {
					"avg": 15,
					"count": 1,
					"min": 15,
					"max": 15
				},
				"2022-11-20": {
					"avg": 25,
					"count": 1,
					"min": 25,
					"max": 25
				},
				"2022-11-22": {
					"avg": 519,
					"count": 10,
					"min": 519,
					"max": 519
				},
				"2022-11-25": {
					"avg": 149,
					"count": 10,
					"min": 19,
					"max": 519
				},
				"2022-11-28": {
					"avg": 175,
					"count": 6,
					"min": 10,
					"max": 509
				},
				"2022-11-29": {
					"avg": 113,
					"count": 1,
					"min": 113,
					"max": 113
				},
				"2022-11-30": {
					"avg": 18,
					"count": 1,
					"min": 18,
					"max": 18
				},
				"2022-12-01": {
					"avg": 17,
					"count": 2,
					"min": 17,
					"max": 17
				},
				"2022-12-02": {
					"avg": 113,
					"count": 6,
					"min": 110,
					"max": 113
				},
				"2022-12-06": {
					"avg": 22,
					"count": 2,
					"min": 18,
					"max": 26
				},
				"2022-12-10": {
					"avg": 18,
					"count": 4,
					"min": 18,
					"max": 18
				},
				"2022-12-12": {
					"avg": 565,
					"count": 1,
					"min": 565,
					"max": 565
				},
				"2022-12-13": {
					"avg": 21,
					"count": 1,
					"min": 21,
					"max": 21
				},
				"2022-12-14": {
					"avg": 398,
					"count": 5,
					"min": 123,
					"max": 467
				},
				"2022-12-16": {
					"avg": 37,
					"count": 2,
					"min": 23,
					"max": 50
				},
				"2022-12-19": {
					"avg": 106,
					"count": 1,
					"min": 106,
					"max": 106
				},
				"2022-12-20": {
					"avg": 16,
					"count": 1,
					"min": 16,
					"max": 16
				},
				"2022-12-22": {
					"avg": 122,
					"count": 2,
					"min": 122,
					"max": 122
				},
				"2022-12-23": {
					"avg": 16,
					"count": 1,
					"min": 16,
					"max": 16
				},
				"2022-12-25": {
					"avg": 131,
					"count": 1,
					"min": 131,
					"max": 131
				},
				"2022-12-26": {
					"avg": 71,
					"count": 9,
					"min": 19,
					"max": 118
				},
				"2022-12-29": {
					"avg": 11,
					"count": 2,
					"min": 11,
					"max": 11
				},
				"2022-12-30": {
					"avg": 49,
					"count": 4,
					"min": 25,
					"max": 119
				},
				"2023-01-01": {
					"avg": 469,
					"count": 4,
					"min": 115,
					"max": 823
				},
				"2023-01-02": {
					"avg": 115,
					"count": 4,
					"min": 115,
					"max": 115
				},
				"2023-01-03": {
					"avg": 77,
					"count": 4,
					"min": 77,
					"max": 77
				},
				"2023-01-04": {
					"avg": 69,
					"count": 2,
					"min": 17,
					"max": 121
				},
				"2023-01-07": {
					"avg": 122,
					"count": 1,
					"min": 122,
					"max": 122
				},
				"2023-01-08": {
					"avg": 72,
					"count": 2,
					"min": 25,
					"max": 119
				},
				"2023-01-11": {
					"avg": 174,
					"count": 1,
					"min": 174,
					"max": 174
				},
				"2023-02-06": {
					"avg": 80,
					"count": 16,
					"min": 80,
					"max": 80
				},
				"2023-02-07": {
					"avg": 80,
					"count": 4,
					"min": 80,
					"max": 80
				},
				"2023-02-08": {
					"avg": 107,
					"count": 4,
					"min": 106,
					"max": 108
				},
				"2023-02-10": {
					"avg": 262,
					"count": 2,
					"min": 174,
					"max": 349
				},
				"2023-02-11": {
					"avg": 122,
					"count": 4,
					"min": 122,
					"max": 122
				},
				"2023-02-12": {
					"avg": 29,
					"count": 2,
					"min": 29,
					"max": 29
				},
				"2023-02-13": {
					"avg": 119,
					"count": 1,
					"min": 119,
					"max": 119
				},
				"2023-02-15": {
					"avg": 113,
					"count": 1,
					"min": 113,
					"max": 113
				},
				"2023-02-16": {
					"avg": 78,
					"count": 2,
					"min": 32,
					"max": 124
				},
				"2023-02-17": {
					"avg": 119,
					"count": 8,
					"min": 119,
					"max": 119
				},
				"2023-02-18": {
					"avg": 10,
					"count": 1,
					"min": 10,
					"max": 10
				},
				"2023-02-19": {
					"avg": 42,
					"count": 3,
					"min": 9,
					"max": 108
				},
				"2023-02-20": {
					"avg": 17,
					"count": 2,
					"min": 10,
					"max": 24
				},
				"2023-02-22": {
					"avg": 9,
					"count": 2,
					"min": 8,
					"max": 10
				},
				"2023-02-23": {
					"avg": 9,
					"count": 1,
					"min": 9,
					"max": 9
				},
				"2023-02-24": {
					"avg": 60,
					"count": 2,
					"min": 10,
					"max": 110
				},
				"2023-02-27": {
					"avg": 78,
					"count": 3,
					"min": 15,
					"max": 110
				},
				"2023-02-28": {
					"avg": 30,
					"count": 1,
					"min": 30,
					"max": 30
				},
				"2023-03-01": {
					"avg": 122,
					"count": 1,
					"min": 122,
					"max": 122
				},
				"2023-03-03": {
					"avg": 67,
					"count": 4,
					"min": 15,
					"max": 118
				},
				"2023-03-05": {
					"avg": 113,
					"count": 1,
					"min": 113,
					"max": 113
				},
				"2023-03-06": {
					"avg": 124,
					"count": 1,
					"min": 124,
					"max": 124
				},
				"2023-03-07": {
					"avg": 191,
					"count": 4,
					"min": 15,
					"max": 250
				},
				"2023-03-09": {
					"avg": 153,
					"count": 6,
					"min": 111,
					"max": 173
				},
				"2023-03-10": {
					"avg": 34,
					"count": 7,
					"min": 20,
					"max": 117
				},
				"2023-03-20": {
					"avg": 54,
					"count": 7,
					"min": 23,
					"max": 142
				},
				"2023-03-23": {
					"avg": 82,
					"count": 9,
					"min": 10,
					"max": 113
				},
				"2023-03-25": {
					"avg": 116,
					"count": 1,
					"min": 116,
					"max": 116
				},
				"2023-03-28": {
					"avg": 90,
					"count": 4,
					"min": 10,
					"max": 117
				},
				"2023-03-29": {
					"avg": 219,
					"count": 1,
					"min": 219,
					"max": 219
				},
				"2023-04-01": {
					"avg": 49,
					"count": 1,
					"min": 49,
					"max": 49
				},
				"2023-04-02": {
					"avg": 108,
					"count": 2,
					"min": 108,
					"max": 108
				},
				"2023-04-03": {
					"avg": 110,
					"count": 1,
					"min": 110,
					"max": 110
				},
				"2023-04-05": {
					"avg": 70,
					"count": 2,
					"min": 15,
					"max": 124
				},
				"2023-04-06": {
					"avg": 98,
					"count": 18,
					"min": 21,
					"max": 160
				},
				"2023-04-07": {
					"avg": 18,
					"count": 1,
					"min": 18,
					"max": 18
				},
				"2023-04-08": {
					"avg": 17,
					"count": 2,
					"min": 17,
					"max": 17
				},
				"2023-04-09": {
					"avg": 65,
					"count": 2,
					"min": 19,
					"max": 110
				},
				"2023-04-10": {
					"avg": 62,
					"count": 2,
					"min": 13,
					"max": 110
				},
				"2023-04-13": {
					"avg": 9,
					"count": 1,
					"min": 9,
					"max": 9
				},
				"2023-04-16": {
					"avg": 87,
					"count": 3,
					"min": 26,
					"max": 117
				},
				"2023-04-18": {
					"avg": 524,
					"count": 1,
					"min": 524,
					"max": 524
				},
				"2023-04-19": {
					"avg": 106,
					"count": 1,
					"min": 106,
					"max": 106
				},
				"2023-04-20": {
					"avg": 124,
					"count": 8,
					"min": 123,
					"max": 125
				},
				"2023-04-21": {
					"avg": 180,
					"count": 1,
					"min": 180,
					"max": 180
				},
				"2023-04-25": {
					"avg": 25,
					"count": 3,
					"min": 25,
					"max": 25
				},
				"2023-04-26": {
					"avg": 32,
					"count": 3,
					"min": 9,
					"max": 78
				},
				"2023-04-27": {
					"avg": 10,
					"count": 1,
					"min": 10,
					"max": 10
				},
				"2023-05-01": {
					"avg": 11,
					"count": 1,
					"min": 11,
					"max": 11
				},
				"2023-05-02": {
					"avg": 29,
					"count": 1,
					"min": 29,
					"max": 29
				},
				"2023-05-03": {
					"avg": 61,
					"count": 1,
					"min": 61,
					"max": 61
				},
				"2023-05-04": {
					"avg": 24,
					"count": 1,
					"min": 24,
					"max": 24
				},
				"2023-05-05": {
					"avg": 122,
					"count": 3,
					"min": 119,
					"max": 124
				},
				"2023-05-06": {
					"avg": 114,
					"count": 1,
					"min": 114,
					"max": 114
				},
				"2023-05-07": {
					"avg": 200,
					"count": 2,
					"min": 22,
					"max": 378
				},
				"2023-05-16": {
					"avg": 87,
					"count": 2,
					"min": 25,
					"max": 149
				},
				"2023-05-18": {
					"avg": 524,
					"count": 8,
					"min": 524,
					"max": 524
				},
				"2023-05-19": {
					"avg": 378,
					"count": 1,
					"min": 378,
					"max": 378
				},
				"2023-05-30": {
					"avg": 111,
					"count": 7,
					"min": 110,
					"max": 114
				},
				"2023-06-01": {
					"avg": 106,
					"count": 1,
					"min": 106,
					"max": 106
				},
				"2023-06-06": {
					"avg": 10,
					"count": 4,
					"min": 10,
					"max": 10
				},
				"2023-06-13": {
					"avg": 194,
					"count": 13,
					"min": 154,
					"max": 416
				},
				"2023-06-14": {
					"avg": 85,
					"count": 4,
					"min": 19,
					"max": 107
				},
				"2023-06-17": {
					"avg": 113,
					"count": 1,
					"min": 113,
					"max": 113
				},
				"2023-06-20": {
					"avg": 26,
					"count": 1,
					"min": 26,
					"max": 26
				},
				"2023-06-21": {
					"avg": 78,
					"count": 2,
					"min": 32,
					"max": 124
				},
				"2023-06-22": {
					"avg": 113,
					"count": 2,
					"min": 113,
					"max": 113
				},
				"2023-06-23": {
					"avg": 102,
					"count": 25,
					"min": 15,
					"max": 110
				},
				"2023-06-24": {
					"avg": 149,
					"count": 1,
					"min": 149,
					"max": 149
				},
				"2023-06-25": {
					"avg": 88,
					"count": 3,
					"min": 25,
					"max": 119
				},
				"2023-06-29": {
					"avg": 90,
					"count": 29,
					"min": 15,
					"max": 123
				},
				"2023-06-30": {
					"avg": 25,
					"count": 1,
					"min": 25,
					"max": 25
				},
				"2023-07-06": {
					"avg": 68,
					"count": 4,
					"min": 68,
					"max": 68
				},
				"2023-07-09": {
					"avg": 125,
					"count": 1,
					"min": 125,
					"max": 125
				},
				"2023-07-11": {
					"avg": 19,
					"count": 6,
					"min": 8,
					"max": 25
				},
				"2023-07-12": {
					"avg": 120,
					"count": 2,
					"min": 120,
					"max": 120
				},
				"2023-07-13": {
					"avg": 20,
					"count": 5,
					"min": 20,
					"max": 20
				},
				"2023-07-16": {
					"avg": 20,
					"count": 1,
					"min": 20,
					"max": 20
				},
				"2023-07-17": {
					"avg": 98,
					"count": 5,
					"min": 50,
					"max": 110
				},
				"2023-07-18": {
					"avg": 30,
					"count": 1,
					"min": 30,
					"max": 30
				},
				"2023-07-21": {
					"avg": 19,
					"count": 2,
					"min": 18,
					"max": 20
				},
				"2023-07-23": {
					"avg": 119,
					"count": 1,
					"min": 119,
					"max": 119
				},
				"2023-07-24": {
					"avg": 20,
					"count": 4,
					"min": 20,
					"max": 20
				},
				"2023-07-25": {
					"avg": 114,
					"count": 2,
					"min": 114,
					"max": 114
				},
				"2023-07-29": {
					"avg": 18,
					"count": 1,
					"min": 18,
					"max": 18
				},
				"2023-07-30": {
					"avg": 23,
					"count": 1,
					"min": 23,
					"max": 23
				},
				"2023-08-04": {
					"avg": 15,
					"count": 4,
					"min": 11,
					"max": 25
				},
				"2023-08-05": {
					"avg": 23,
					"count": 4,
					"min": 20,
					"max": 25
				},
				"2023-08-06": {
					"avg": 68,
					"count": 8,
					"min": 68,
					"max": 68
				},
				"2023-08-07": {
					"avg": 109,
					"count": 6,
					"min": 107,
					"max": 110
				},
				"2023-08-10": {
					"avg": 56,
					"count": 10,
					"min": 15,
					"max": 107
				},
				"2023-08-12": {
					"avg": 24,
					"count": 1,
					"min": 24,
					"max": 24
				},
				"2023-08-14": {
					"avg": 109,
					"count": 6,
					"min": 107,
					"max": 110
				},
				"2023-08-15": {
					"avg": 20,
					"count": 1,
					"min": 20,
					"max": 20
				},
				"2023-08-16": {
					"avg": 25,
					"count": 1,
					"min": 25,
					"max": 25
				},
				"2023-08-20": {
					"avg": 67,
					"count": 14,
					"min": 63,
					"max": 68
				},
				"2023-08-23": {
					"avg": 67,
					"count": 2,
					"min": 23,
					"max": 110
				},
				"2023-08-24": {
					"avg": 87,
					"count": 2,
					"min": 25,
					"max": 148
				},
				"2023-08-26": {
					"avg": 15,
					"count": 2,
					"min": 15,
					"max": 15
				},
				"2023-08-27": {
					"avg": 8,
					"count": 1,
					"min": 8,
					"max": 8
				},
				"2023-08-28": {
					"avg": 110,
					"count": 4,
					"min": 110,
					"max": 110
				},
				"2023-09-01": {
					"avg": 108,
					"count": 1,
					"min": 108,
					"max": 108
				},
				"2023-09-03": {
					"avg": 235,
					"count": 8,
					"min": 206,
					"max": 261
				},
				"2023-09-09": {
					"avg": 28,
					"count": 3,
					"min": 15,
					"max": 35
				},
				"2023-09-10": {
					"avg": 64,
					"count": 2,
					"min": 20,
					"max": 108
				},
				"2023-09-11": {
					"avg": 399,
					"count": 1,
					"min": 399,
					"max": 399
				},
				"2023-09-16": {
					"avg": 124,
					"count": 1,
					"min": 124,
					"max": 124
				},
				"2023-09-17": {
					"avg": 25,
					"count": 1,
					"min": 25,
					"max": 25
				},
				"2023-09-18": {
					"avg": 110,
					"count": 1,
					"min": 110,
					"max": 110
				},
				"2023-09-19": {
					"avg": 38,
					"count": 19,
					"min": 25,
					"max": 65
				},
				"2023-09-20": {
					"avg": 21,
					"count": 2,
					"min": 18,
					"max": 23
				},
				"2023-09-23": {
					"avg": 90,
					"count": 4,
					"min": 20,
					"max": 114
				},
				"2023-09-25": {
					"avg": 18,
					"count": 4,
					"min": 18,
					"max": 18
				},
				"2023-09-26": {
					"avg": 169,
					"count": 14,
					"min": 73,
					"max": 509
				},
				"2023-09-29": {
					"avg": 21,
					"count": 4,
					"min": 21,
					"max": 21
				},
				"2023-10-02": {
					"avg": 399,
					"count": 1,
					"min": 399,
					"max": 399
				},
				"2023-10-04": {
					"avg": 8,
					"count": 1,
					"min": 8,
					"max": 8
				},
				"2023-10-05": {
					"avg": 8,
					"count": 3,
					"min": 8,
					"max": 8
				},
				"2023-10-06": {
					"avg": 113,
					"count": 1,
					"min": 113,
					"max": 113
				},
				"2023-10-08": {
					"avg": 25,
					"count": 10,
					"min": 20,
					"max": 25
				},
				"2023-10-10": {
					"avg": 2039,
					"count": 4,
					"min": 2039,
					"max": 2039
				},
				"2023-10-12": {
					"avg": 113,
					"count": 1,
					"min": 113,
					"max": 113
				},
				"2023-10-13": {
					"avg": 197,
					"count": 1,
					"min": 197,
					"max": 197
				},
				"2023-10-14": {
					"avg": 26,
					"count": 16,
					"min": 20,
					"max": 113
				},
				"2023-10-17": {
					"avg": 30,
					"count": 1,
					"min": 30,
					"max": 30
				},
				"2023-10-19": {
					"avg": 20,
					"count": 16,
					"min": 15,
					"max": 21
				},
				"2023-10-20": {
					"avg": 68,
					"count": 36,
					"min": 25,
					"max": 122
				},
				"2023-10-21": {
					"avg": 339,
					"count": 5,
					"min": 100,
					"max": 399
				},
				"2023-10-26": {
					"avg": 72,
					"count": 17,
					"min": 68,
					"max": 143
				},
				"2023-10-30": {
					"avg": 399,
					"count": 1,
					"min": 399,
					"max": 399
				},
				"2023-11-01": {
					"avg": 114,
					"count": 1,
					"min": 114,
					"max": 114
				},
				"2023-11-04": {
					"avg": 273,
					"count": 6,
					"min": 25,
					"max": 323
				},
				"2023-11-05": {
					"avg": 26,
					"count": 1,
					"min": 26,
					"max": 26
				},
				"2023-11-06": {
					"avg": 58,
					"count": 2,
					"min": 17,
					"max": 99
				},
				"2023-11-08": {
					"avg": 123,
					"count": 16,
					"min": 107,
					"max": 161
				},
				"2023-11-09": {
					"avg": 27,
					"count": 25,
					"min": 19,
					"max": 114
				},
				"2023-11-10": {
					"avg": 118,
					"count": 3,
					"min": 111,
					"max": 122
				},
				"2023-11-11": {
					"avg": 117,
					"count": 2,
					"min": 117,
					"max": 117
				},
				"2023-11-12": {
					"avg": 113,
					"count": 4,
					"min": 106,
					"max": 117
				},
				"2023-11-14": {
					"avg": 126,
					"count": 1,
					"min": 126,
					"max": 126
				},
				"2023-11-15": {
					"avg": 113,
					"count": 1,
					"min": 113,
					"max": 113
				},
				"2023-11-17": {
					"avg": 99,
					"count": 4,
					"min": 30,
					"max": 122
				},
				"2023-11-19": {
					"avg": 25,
					"count": 1,
					"min": 25,
					"max": 25
				},
				"2023-11-20": {
					"avg": 25,
					"count": 2,
					"min": 25,
					"max": 25
				},
				"2023-11-24": {
					"avg": 105,
					"count": 11,
					"min": 20,
					"max": 189
				},
				"2023-11-25": {
					"avg": 101,
					"count": 7,
					"min": 20,
					"max": 114
				},
				"2023-11-26": {
					"avg": 123,
					"count": 1,
					"min": 123,
					"max": 123
				},
				"2023-11-27": {
					"avg": 226,
					"count": 3,
					"min": 49,
					"max": 514
				},
				"2024-05-16": {
					"avg": 18,
					"count": 9,
					"min": 15,
					"max": 20
				},
				"2024-05-17": {
					"avg": 130,
					"count": 5,
					"min": 23,
					"max": 165
				},
				"2024-05-18": {
					"avg": 74,
					"count": 7,
					"min": 10,
					"max": 228
				},
				"2024-05-19": {
					"avg": 150,
					"count": 2,
					"min": 150,
					"max": 150
				},
				"2024-05-20": {
					"avg": 147,
					"count": 4,
					"min": 147,
					"max": 147
				},
				"2024-05-21": {
					"avg": 18,
					"count": 2,
					"min": 11,
					"max": 25
				},
				"2024-05-22": {
					"avg": 526,
					"count": 2,
					"min": 20,
					"max": 1031
				},
				"2024-05-23": {
					"avg": 206,
					"count": 2,
					"min": 116,
					"max": 296
				},
				"2024-05-26": {
					"avg": 18,
					"count": 1,
					"min": 18,
					"max": 18
				},
				"2024-05-27": {
					"avg": 122,
					"count": 3,
					"min": 34,
					"max": 204
				},
				"2024-05-29": {
					"avg": 19,
					"count": 1,
					"min": 19,
					"max": 19
				},
				"2024-06-01": {
					"avg": 149,
					"count": 5,
					"min": 127,
					"max": 222
				},
				"2024-06-07": {
					"avg": 168,
					"count": 6,
					"min": 137,
					"max": 174
				},
				"2024-06-09": {
					"avg": 20,
					"count": 3,
					"min": 20,
					"max": 20
				},
				"2024-06-17": {
					"avg": 128,
					"count": 1,
					"min": 128,
					"max": 128
				},
				"2024-06-20": {
					"avg": 132,
					"count": 1,
					"min": 132,
					"max": 132
				},
				"2024-06-22": {
					"avg": 20,
					"count": 1,
					"min": 20,
					"max": 20
				},
				"2024-06-25": {
					"avg": 428,
					"count": 4,
					"min": 428,
					"max": 428
				},
				"2024-07-01": {
					"avg": 428,
					"count": 1,
					"min": 428,
					"max": 428
				},
				"2024-07-08": {
					"avg": 266,
					"count": 2,
					"min": 266,
					"max": 266
				},
				"2024-07-11": {
					"avg": 11,
					"count": 4,
					"min": 11,
					"max": 11
				},
				"2024-07-12": {
					"avg": 76,
					"count": 4,
					"min": 19,
					"max": 133
				},
				"2024-07-14": {
					"avg": 150,
					"count": 1,
					"min": 150,
					"max": 150
				},
				"2024-07-15": {
					"avg": 19,
					"count": 2,
					"min": 19,
					"max": 19
				},
				"2024-07-17": {
					"avg": 118,
					"count": 20,
					"min": 118,
					"max": 118
				},
				"2024-07-19": {
					"avg": 150,
					"count": 1,
					"min": 150,
					"max": 150
				},
				"2024-07-26": {
					"avg": 19,
					"count": 1,
					"min": 19,
					"max": 19
				},
				"2024-07-28": {
					"avg": 137,
					"count": 4,
					"min": 137,
					"max": 137
				},
				"2024-07-29": {
					"avg": 24,
					"count": 3,
					"min": 24,
					"max": 24
				},
				"2024-08-01": {
					"avg": 19,
					"count": 1,
					"min": 19,
					"max": 19
				},
				"2024-08-07": {
					"avg": 134,
					"count": 1,
					"min": 134,
					"max": 134
				},
				"2024-08-10": {
					"avg": 19,
					"count": 1,
					"min": 19,
					"max": 19
				},
				"2024-08-11": {
					"avg": 79,
					"count": 9,
					"min": 30,
					"max": 140
				},
				"2024-08-14": {
					"avg": 138,
					"count": 1,
					"min": 138,
					"max": 138
				},
				"2024-08-16": {
					"avg": 205,
					"count": 2,
					"min": 205,
					"max": 205
				},
				"2024-08-21": {
					"avg": 18,
					"count": 2,
					"min": 17,
					"max": 18
				},
				"2024-08-25": {
					"avg": 145,
					"count": 1,
					"min": 145,
					"max": 145
				},
				"2024-08-26": {
					"avg": 50,
					"count": 3,
					"min": 50,
					"max": 50
				},
				"2024-08-27": {
					"avg": 428,
					"count": 1,
					"min": 428,
					"max": 428
				},
				"2024-08-30": {
					"avg": 144,
					"count": 2,
					"min": 144,
					"max": 144
				},
				"2024-09-01": {
					"avg": 147,
					"count": 3,
					"min": 147,
					"max": 147
				},
				"2024-09-02": {
					"avg": 17,
					"count": 2,
					"min": 17,
					"max": 17
				},
				"2024-09-04": {
					"avg": 528,
					"count": 1,
					"min": 528,
					"max": 528
				},
				"2024-09-06": {
					"avg": 152,
					"count": 1,
					"min": 152,
					"max": 152
				},
				"2024-09-07": {
					"avg": 142,
					"count": 2,
					"min": 142,
					"max": 142
				},
				"2024-09-14": {
					"avg": 16,
					"count": 2,
					"min": 16,
					"max": 16
				},
				"2024-09-15": {
					"avg": 132,
					"count": 1,
					"min": 132,
					"max": 132
				},
				"2024-09-18": {
					"avg": 131,
					"count": 1,
					"min": 131,
					"max": 131
				},
				"2024-09-19": {
					"avg": 88,
					"count": 2,
					"min": 37,
					"max": 138
				},
				"2024-09-22": {
					"avg": 129,
					"count": 1,
					"min": 129,
					"max": 129
				},
				"2024-09-23": {
					"avg": 20,
					"count": 3,
					"min": 20,
					"max": 20
				}
			},
			"avg": 114,
			"avg7": 107,
			"avg28": 107
		},
		"normal-poor": {
			"history": {
				"2024-05-27": {
					"avg": 12,
					"count": 3,
					"min": 12,
					"max": 12
				},
				"2024-06-20": {
					"avg": 14,
					"count": 1,
					"min": 14,
					"max": 14
				},
				"2024-06-22": {
					"avg": 147,
					"count": 4,
					"min": 147,
					"max": 147
				},
				"2024-07-16": {
					"avg": 9,
					"count": 1,
					"min": 9,
					"max": 9
				},
				"2024-07-26": {
					"avg": 101,
					"count": 9,
					"min": 101,
					"max": 101
				},
				"2024-08-28": {
					"avg": 5,
					"count": 1,
					"min": 5,
					"max": 5
				}
			},
			"avg": 82,
			"avg7": -1,
			"avg28": -1
		},
		"normal-played": {
			"history": {
				"2024-05-25": {
					"avg": 100,
					"count": 1,
					"min": 100,
					"max": 100
				},
				"2024-05-27": {
					"avg": 134,
					"count": 1,
					"min": 134,
					"max": 134
				},
				"2024-05-31": {
					"avg": 15,
					"count": 1,
					"min": 15,
					"max": 15
				},
				"2024-06-01": {
					"avg": 95,
					"count": 3,
					"min": 15,
					"max": 137
				},
				"2024-06-02": {
					"avg": 86,
					"count": 3,
					"min": 15,
					"max": 121
				},
				"2024-06-07": {
					"avg": 15,
					"count": 2,
					"min": 15,
					"max": 15
				},
				"2024-06-10": {
					"avg": 19,
					"count": 1,
					"min": 19,
					"max": 19
				},
				"2024-06-18": {
					"avg": 175,
					"count": 1,
					"min": 175,
					"max": 175
				},
				"2024-06-25": {
					"avg": 23,
					"count": 1,
					"min": 23,
					"max": 23
				},
				"2024-06-27": {
					"avg": 50,
					"count": 1,
					"min": 50,
					"max": 50
				},
				"2024-06-29": {
					"avg": 35,
					"count": 2,
					"min": 35,
					"max": 35
				},
				"2024-07-03": {
					"avg": 28,
					"count": 4,
					"min": 28,
					"max": 28
				},
				"2024-07-04": {
					"avg": 25,
					"count": 1,
					"min": 25,
					"max": 25
				},
				"2024-07-09": {
					"avg": 22,
					"count": 1,
					"min": 22,
					"max": 22
				},
				"2024-07-10": {
					"avg": 13,
					"count": 1,
					"min": 13,
					"max": 13
				},
				"2024-07-11": {
					"avg": 137,
					"count": 4,
					"min": 137,
					"max": 137
				},
				"2024-07-12": {
					"avg": 114,
					"count": 1,
					"min": 114,
					"max": 114
				},
				"2024-07-14": {
					"avg": 16,
					"count": 1,
					"min": 16,
					"max": 16
				},
				"2024-07-16": {
					"avg": 9,
					"count": 1,
					"min": 9,
					"max": 9
				},
				"2024-07-20": {
					"avg": 20,
					"count": 4,
					"min": 20,
					"max": 20
				},
				"2024-07-21": {
					"avg": 23,
					"count": 3,
					"min": 23,
					"max": 23
				},
				"2024-08-04": {
					"avg": 28,
					"count": 1,
					"min": 28,
					"max": 28
				},
				"2024-08-08": {
					"avg": 15,
					"count": 1,
					"min": 15,
					"max": 15
				},
				"2024-08-10": {
					"avg": 35,
					"count": 3,
					"min": 35,
					"max": 35
				},
				"2024-08-14": {
					"avg": 131,
					"count": 1,
					"min": 131,
					"max": 131
				},
				"2024-08-18": {
					"avg": 25,
					"count": 1,
					"min": 25,
					"max": 25
				},
				"2024-08-20": {
					"avg": 204,
					"count": 1,
					"min": 204,
					"max": 204
				},
				"2024-08-23": {
					"avg": 134,
					"count": 4,
					"min": 131,
					"max": 142
				},
				"2024-08-24": {
					"avg": 16,
					"count": 1,
					"min": 16,
					"max": 16
				},
				"2024-08-25": {
					"avg": 25,
					"count": 1,
					"min": 25,
					"max": 25
				},
				"2024-08-30": {
					"avg": 3,
					"count": 1,
					"min": 3,
					"max": 3
				},
				"2024-09-01": {
					"avg": 33,
					"count": 2,
					"min": 33,
					"max": 33
				},
				"2024-09-02": {
					"avg": 31,
					"count": 6,
					"min": 12,
					"max": 130
				},
				"2024-09-05": {
					"avg": 3,
					"count": 1,
					"min": 3,
					"max": 3
				},
				"2024-09-18": {
					"avg": 129,
					"count": 2,
					"min": 129,
					"max": 129
				},
				"2024-09-20": {
					"avg": 78,
					"count": 4,
					"min": 15,
					"max": 139
				},
				"2024-09-22": {
					"avg": 11,
					"count": 2,
					"min": 10,
					"max": 12
				}
			},
			"avg": 59,
			"avg7": -1,
			"avg28": -1
		},
		"normal-nearmint": {
			"history": {
				"2024-05-30": {
					"avg": 20,
					"count": 1,
					"min": 20,
					"max": 20
				},
				"2024-05-31": {
					"avg": 143,
					"count": 1,
					"min": 143,
					"max": 143
				},
				"2024-06-01": {
					"avg": 192,
					"count": 2,
					"min": 156,
					"max": 228
				},
				"2024-06-18": {
					"avg": 25,
					"count": 1,
					"min": 25,
					"max": 25
				},
				"2024-06-20": {
					"avg": 134,
					"count": 4,
					"min": 134,
					"max": 134
				},
				"2024-06-24": {
					"avg": 548,
					"count": 1,
					"min": 548,
					"max": 548
				},
				"2024-06-29": {
					"avg": 143,
					"count": 1,
					"min": 143,
					"max": 143
				},
				"2024-07-02": {
					"avg": 47,
					"count": 1,
					"min": 47,
					"max": 47
				},
				"2024-07-06": {
					"avg": 25,
					"count": 1,
					"min": 25,
					"max": 25
				},
				"2024-07-10": {
					"avg": 12,
					"count": 1,
					"min": 12,
					"max": 12
				},
				"2024-07-11": {
					"avg": 16,
					"count": 13,
					"min": 12,
					"max": 47
				},
				"2024-07-19": {
					"avg": 47,
					"count": 1,
					"min": 47,
					"max": 47
				},
				"2024-07-24": {
					"avg": 169,
					"count": 2,
					"min": 169,
					"max": 169
				},
				"2024-07-26": {
					"avg": 128,
					"count": 2,
					"min": 30,
					"max": 225
				},
				"2024-07-28": {
					"avg": 152,
					"count": 1,
					"min": 152,
					"max": 152
				},
				"2024-07-29": {
					"avg": 133,
					"count": 1,
					"min": 133,
					"max": 133
				},
				"2024-08-01": {
					"avg": 28,
					"count": 1,
					"min": 28,
					"max": 28
				},
				"2024-08-04": {
					"avg": 29,
					"count": 1,
					"min": 29,
					"max": 29
				},
				"2024-08-11": {
					"avg": 137,
					"count": 1,
					"min": 137,
					"max": 137
				},
				"2024-08-16": {
					"avg": 30,
					"count": 1,
					"min": 30,
					"max": 30
				},
				"2024-08-17": {
					"avg": 217,
					"count": 1,
					"min": 217,
					"max": 217
				},
				"2024-08-23": {
					"avg": 153,
					"count": 3,
					"min": 153,
					"max": 153
				},
				"2024-08-26": {
					"avg": 25,
					"count": 1,
					"min": 25,
					"max": 25
				},
				"2024-08-27": {
					"avg": 152,
					"count": 1,
					"min": 152,
					"max": 152
				},
				"2024-08-31": {
					"avg": 30,
					"count": 1,
					"min": 30,
					"max": 30
				},
				"2024-09-03": {
					"avg": 24,
					"count": 4,
					"min": 24,
					"max": 24
				},
				"2024-09-07": {
					"avg": 25,
					"count": 1,
					"min": 25,
					"max": 25
				},
				"2024-09-08": {
					"avg": 109,
					"count": 2,
					"min": 109,
					"max": 109
				},
				"2024-09-20": {
					"avg": 29,
					"count": 1,
					"min": 29,
					"max": 29
				},
				"2024-09-21": {
					"avg": 67,
					"count": 2,
					"min": 28,
					"max": 105
				}
			},
			"avg": 84,
			"avg7": -1,
			"avg28": -1
		},
		"normal-used": {
			"history": {
				"2024-06-01": {
					"avg": 127,
					"count": 16,
					"min": 127,
					"max": 127
				},
				"2024-06-13": {
					"avg": 22,
					"count": 4,
					"min": 22,
					"max": 22
				},
				"2024-06-16": {
					"avg": 13,
					"count": 3,
					"min": 13,
					"max": 13
				},
				"2024-06-20": {
					"avg": 13,
					"count": 1,
					"min": 13,
					"max": 13
				},
				"2024-06-27": {
					"avg": 24,
					"count": 1,
					"min": 24,
					"max": 24
				},
				"2024-06-29": {
					"avg": 29,
					"count": 1,
					"min": 29,
					"max": 29
				},
				"2024-07-09": {
					"avg": 129,
					"count": 2,
					"min": 129,
					"max": 129
				},
				"2024-07-12": {
					"avg": 18,
					"count": 4,
					"min": 12,
					"max": 24
				},
				"2024-07-13": {
					"avg": 22,
					"count": 2,
					"min": 22,
					"max": 22
				},
				"2024-07-16": {
					"avg": 4,
					"count": 1,
					"min": 4,
					"max": 4
				},
				"2024-07-24": {
					"avg": 65,
					"count": 1,
					"min": 65,
					"max": 65
				},
				"2024-08-27": {
					"avg": 25,
					"count": 1,
					"min": 25,
					"max": 25
				},
				"2024-09-02": {
					"avg": 10,
					"count": 5,
					"min": 10,
					"max": 10
				},
				"2024-09-07": {
					"avg": 131,
					"count": 6,
					"min": 131,
					"max": 131
				},
				"2024-09-15": {
					"avg": 12,
					"count": 1,
					"min": 12,
					"max": 12
				},
				"2024-09-20": {
					"avg": 154,
					"count": 7,
					"min": 136,
					"max": 224
				}
			},
			"avg": 82,
			"avg7": -1,
			"avg28": -1
		}
	}
}