{
	"data": {
		"normal-good": {
			"history": {
				"2022-11-13": {
					"avg": 47,
					"count": 13
				},
				"2022-11-15": {
					"avg": 118,
					"count": 1
				},
				"2022-11-17": {
					"avg": 124,
					"count": 1
				},
				"2022-11-18": {
					"avg": 73,
					"count": 7
				},
				"2022-11-19": {
					"avg": 5,
					"count": 4,
					"min": 4,
					"max": 5
				},
				"2022-11-20": {
					"avg": 25,
					"count": 1,
					"min": 25,
					"max": 25
				},
				"2022-11-22": {
					"avg": 174,
					"count": 28,
					"min": 18,
					"max": 504
				},
				"2022-11-23": {
					"avg": 5,
					"count": 1,
					"min": 5,
					"max": 5
				},
				"2022-11-25": {
					"avg": 18,
					"count": 2,
					"min": 18,
					"max": 18
				},
				"2022-11-28": {
					"avg": 9,
					"count": 6,
					"min": 5,
					"max": 10
				},
				"2022-11-29": {
					"avg": 111,
					"count": 1,
					"min": 111,
					"max": 111
				},
				"2022-11-30": {
					"avg": 15,
					"count": 1,
					"min": 15,
					"max": 15
				},
				"2022-12-01": {
					"avg": 67,
					"count": 2,
					"min": 15,
					"max": 119
				},
				"2022-12-02": {
					"avg": 20,
					"count": 1,
					"min": 20,
					"max": 20
				},
				"2022-12-04": {
					"avg": 154,
					"count": 1,
					"min": 154,
					"max": 154
				},
				"2022-12-06": {
					"avg": 24,
					"count": 1,
					"min": 24,
					"max": 24
				},
				"2022-12-10": {
					"avg": 20,
					"count": 3,
					"min": 20,
					"max": 20
				},
				"2022-12-12": {
					"avg": 102,
					"count": 1,
					"min": 102,
					"max": 102
				},
				"2022-12-14": {
					"avg": 115,
					"count": 4,
					"min": 113,
					"max": 121
				},
				"2022-12-16": {
					"avg": 23,
					"count": 1,
					"min": 23,
					"max": 23
				},
				"2022-12-19": {
					"avg": 102,
					"count": 1,
					"min": 102,
					"max": 102
				},
				"2022-12-20": {
					"avg": 4,
					"count": 1,
					"min": 4,
					"max": 4
				},
				"2022-12-22": {
					"avg": 121,
					"count": 1,
					"min": 121,
					"max": 121
				},
				"2022-12-25": {
					"avg": 125,
					"count": 1,
					"min": 125,
					"max": 125
				},
				"2022-12-26": {
					"avg": 91,
					"count": 7,
					"min": 22,
					"max": 102
				},
				"2022-12-27": {
					"avg": 25,
					"count": 1,
					"min": 25,
					"max": 25
				},
				"2022-12-28": {
					"avg": 113,
					"count": 2,
					"min": 113,
					"max": 113
				},
				"2022-12-30": {
					"avg": 108,
					"count": 1,
					"min": 108,
					"max": 108
				},
				"2023-01-01": {
					"avg": 102,
					"count": 1,
					"min": 102,
					"max": 102
				},
				"2023-01-02": {
					"avg": 80,
					"count": 3,
					"min": 19,
					"max": 111
				},
				"2023-01-04": {
					"avg": 44,
					"count": 4,
					"min": 13,
					"max": 128
				},
				"2023-01-05": {
					"avg": 25,
					"count": 1,
					"min": 25,
					"max": 25
				},
				"2023-01-07": {
					"avg": 111,
					"count": 1,
					"min": 111,
					"max": 111
				},
				"2023-01-08": {
					"avg": 55,
					"count": 3,
					"min": 20,
					"max": 119
				},
				"2023-01-11": {
					"avg": 25,
					"count": 1,
					"min": 25,
					"max": 25
				},
				"2023-02-08": {
					"avg": 91,
					"count": 4,
					"min": 25,
					"max": 113
				},
				"2023-02-10": {
					"avg": 150,
					"count": 3,
					"min": 25,
					"max": 324
				},
				"2023-02-13": {
					"avg": 119,
					"count": 1,
					"min": 119,
					"max": 119
				},
				"2023-02-15": {
					"avg": 110,
					"count": 1,
					"min": 110,
					"max": 110
				},
				"2023-02-18": {
					"avg": 2,
					"count": 1,
					"min": 2,
					"max": 2
				},
				"2023-02-19": {
					"avg": 111,
					"count": 2,
					"min": 104,
					"max": 117
				},
				"2023-02-20": {
					"avg": 145,
					"count": 2,
					"min": 25,
					"max": 264
				},
				"2023-02-21": {
					"avg": 10,
					"count": 1,
					"min": 10,
					"max": 10
				},
				"2023-02-24": {
					"avg": 40,
					"count": 3,
					"min": 10,
					"max": 101
				},
				"2023-02-27": {
					"avg": 19,
					"count": 1,
					"min": 19,
					"max": 19
				},
				"2023-02-28": {
					"avg": 30,
					"count": 1,
					"min": 30,
					"max": 30
				},
				"2023-03-01": {
					"avg": 17,
					"count": 2,
					"min": 10,
					"max": 24
				},
				"2023-03-04": {
					"avg": 114,
					"count": 1,
					"min": 114,
					"max": 114
				},
				"2023-03-05": {
					"avg": 111,
					"count": 1,
					"min": 111,
					"max": 111
				},
				"2023-03-06": {
					"avg": 25,
					"count": 2,
					"min": 25,
					"max": 25
				},
				"2023-03-07": {
					"avg": 13,
					"count": 1,
					"min": 13,
					"max": 13
				},
				"2023-03-09": {
					"avg": 13,
					"count": 1,
					"min": 13,
					"max": 13
				},
				"2023-03-10": {
					"avg": 112,
					"count": 6,
					"min": 111,
					"max": 119
				},
				"2023-03-15": {
					"avg": 18,
					"count": 1,
					"min": 18,
					"max": 18
				},
				"2023-03-16": {
					"avg": 161,
					"count": 1,
					"min": 161,
					"max": 161
				},
				"2023-03-17": {
					"avg": 20,
					"count": 1,
					"min": 20,
					"max": 20
				},
				"2023-03-20": {
					"avg": 62,
					"count": 7,
					"min": 20,
					"max": 117
				},
				"2023-03-23": {
					"avg": 25,
					"count": 2,
					"min": 25,
					"max": 25
				},
				"2023-03-26": {
					"avg": 12,
					"count": 4,
					"min": 12,
					"max": 12
				},
				"2023-03-29": {
					"avg": 219,
					"count": 1,
					"min": 219,
					"max": 219
				},
				"2023-04-01": {
					"avg": 76,
					"count": 2,
					"min": 49,
					"max": 102
				},
				"2023-04-03": {
					"avg": 111,
					"count": 1,
					"min": 111,
					"max": 111
				},
				"2023-04-05": {
					"avg": 62,
					"count": 2,
					"min": 13,
					"max": 110
				},
				"2023-04-06": {
					"avg": 100,
					"count": 7,
					"min": 100,
					"max": 100
				},
				"2023-04-07": {
					"avg": 15,
					"count": 1,
					"min": 15,
					"max": 15
				},
				"2023-04-08": {
					"avg": 13,
					"count": 1,
					"min": 13,
					"max": 13
				},
				"2023-04-09": {
					"avg": 15,
					"count": 1,
					"min": 15,
					"max": 15
				},
				"2023-04-10": {
					"avg": 102,
					"count": 1,
					"min": 102,
					"max": 102
				},
				"2023-04-11": {
					"avg": 25,
					"count": 1,
					"min": 25,
					"max": 25
				},
				"2023-04-13": {
					"avg": 15,
					"count": 1,
					"min": 15,
					"max": 15
				},
				"2023-04-16": {
					"avg": 26,
					"count": 1,
					"min": 26,
					"max": 26
				},
				"2023-04-18": {
					"avg": 143,
					"count": 11,
					"min": 15,
					"max": 524
				},
				"2023-04-20": {
					"avg": 103,
					"count": 1,
					"min": 103,
					"max": 103
				},
				"2023-04-21": {
					"avg": 110,
					"count": 1,
					"min": 110,
					"max": 110
				},
				"2023-04-25": {
					"avg": 80,
					"count": 3,
					"min": 25,
					"max": 110
				},
				"2023-05-01": {
					"avg": 20,
					"count": 1,
					"min": 20,
					"max": 20
				},
				"2023-05-02": {
					"avg": 776,
					"count": 17,
					"min": 23,
					"max": 823
				},
				"2023-05-04": {
					"avg": 23,
					"count": 4,
					"min": 23,
					"max": 23
				},
				"2023-05-05": {
					"avg": 113,
					"count": 3,
					"min": 106,
					"max": 122
				},
				"2023-05-06": {
					"avg": 335,
					"count": 4,
					"min": 335,
					"max": 335
				},
				"2023-05-07": {
					"avg": 244,
					"count": 2,
					"min": 114,
					"max": 374
				},
				"2023-05-08": {
					"avg": 21,
					"count": 2,
					"min": 17,
					"max": 25
				},
				"2023-05-10": {
					"avg": 114,
					"count": 1,
					"min": 114,
					"max": 114
				},
				"2023-05-13": {
					"avg": 113,
					"count": 4,
					"min": 113,
					"max": 113
				},
				"2023-05-14": {
					"avg": 71,
					"count": 11,
					"min": 23,
					"max": 113
				},
				"2023-05-16": {
					"avg": 84,
					"count": 2,
					"min": 25,
					"max": 142
				},
				"2023-05-19": {
					"avg": 108,
					"count": 1,
					"min": 108,
					"max": 108
				},
				"2023-05-24": {
					"avg": 115,
					"count": 11,
					"min": 113,
					"max": 117
				},
				"2023-05-30": {
					"avg": 21,
					"count": 1,
					"min": 21,
					"max": 21
				},
				"2023-06-01": {
					"avg": 409,
					"count": 1,
					"min": 409,
					"max": 409
				},
				"2023-06-02": {
					"avg": 25,
					"count": 2,
					"min": 25,
					"max": 25
				},
				"2023-06-04": {
					"avg": 15,
					"count": 3,
					"min": 15,
					"max": 15
				},
				"2023-06-06": {
					"avg": 58,
					"count": 4,
					"min": 8,
					"max": 106
				},
				"2023-06-13": {
					"avg": 145,
					"count": 9,
					"min": 136,
					"max": 150
				},
				"2023-06-17": {
					"avg": 109,
					"count": 2,
					"min": 108,
					"max": 110
				},
				"2023-06-18": {
					"avg": 122,
					"count": 13,
					"min": 122,
					"max": 122
				},
				"2023-06-20": {
					"avg": 10,
					"count": 1,
					"min": 10,
					"max": 10
				},
				"2023-06-22": {
					"avg": 10,
					"count": 2,
					"min": 10,
					"max": 10
				},
				"2023-06-25": {
					"avg": 25,
					"count": 1,
					"min": 25,
					"max": 25
				},
				"2023-06-30": {
					"avg": 25,
					"count": 1,
					"min": 25,
					"max": 25
				},
				"2023-07-04": {
					"avg": 10,
					"count": 1,
					"min": 10,
					"max": 10
				},
				"2023-07-06": {
					"avg": 169,
					"count": 210,
					"min": 18,
					"max": 524
				},
				"2023-07-07": {
					"avg": 104,
					"count": 4,
					"min": 104,
					"max": 104
				},
				"2023-07-10": {
					"avg": 110,
					"count": 6,
					"min": 110,
					"max": 110
				},
				"2023-07-11": {
					"avg": 83,
					"count": 7,
					"min": 10,
					"max": 111
				},
				"2023-07-13": {
					"avg": 20,
					"count": 5,
					"min": 20,
					"max": 20
				},
				"2023-07-15": {
					"avg": 16,
					"count": 1,
					"min": 16,
					"max": 16
				},
				"2023-07-17": {
					"avg": 623,
					"count": 4,
					"min": 156,
					"max": 2018
				},
				"2023-07-18": {
					"avg": 15,
					"count": 2,
					"min": 10,
					"max": 20
				},
				"2023-07-21": {
					"avg": 20,
					"count": 1,
					"min": 20,
					"max": 20
				},
				"2023-07-22": {
					"avg": 15,
					"count": 1,
					"min": 15,
					"max": 15
				},
				"2023-07-23": {
					"avg": 15,
					"count": 2,
					"min": 15,
					"max": 15
				},
				"2023-07-26": {
					"avg": 15,
					"count": 2,
					"min": 15,
					"max": 15
				},
				"2023-07-27": {
					"avg": 114,
					"count": 5,
					"min": 114,
					"max": 114
				},
				"2023-07-30": {
					"avg": 65,
					"count": 2,
					"min": 21,
					"max": 108
				},
				"2023-07-31": {
					"avg": 24,
					"count": 10,
					"min": 19,
					"max": 25
				},
				"2023-08-04": {
					"avg": 15,
					"count": 3,
					"min": 11,
					"max": 23
				},
				"2023-08-07": {
					"avg": 110,
					"count": 4,
					"min": 110,
					"max": 110
				},
				"2023-08-08": {
					"avg": 51,
					"count": 3,
					"min": 23,
					"max": 108
				},
				"2023-08-10": {
					"avg": 35,
					"count": 12,
					"min": 10,
					"max": 114
				},
				"2023-08-12": {
					"avg": 196,
					"count": 2,
					"min": 18,
					"max": 374
				},
				"2023-08-14": {
					"avg": 32,
					"count": 6,
					"min": 31,
					"max": 32
				},
				"2023-08-16": {
					"avg": 169,
					"count": 2,
					"min": 169,
					"max": 169
				},
				"2023-08-17": {
					"avg": 124,
					"count": 1,
					"min": 124,
					"max": 124
				},
				"2023-08-20": {
					"avg": 76,
					"count": 16,
					"min": 73,
					"max": 124
				},
				"2023-08-23": {
					"avg": 73,
					"count": 1,
					"min": 73,
					"max": 73
				},
				"2023-08-26": {
					"avg": 15,
					"count": 1,
					"min": 15,
					"max": 15
				},
				"2023-08-27": {
					"avg": 12,
					"count": 5,
					"min": 8,
					"max": 18
				},
				"2023-08-28": {
					"avg": 110,
					"count": 4,
					"min": 110,
					"max": 110
				},
				"2023-09-01": {
					"avg": 104,
					"count": 1,
					"min": 104,
					"max": 104
				},
				"2023-09-02": {
					"avg": 11,
					"count": 1,
					"min": 11,
					"max": 11
				},
				"2023-09-03": {
					"avg": 209,
					"count": 2,
					"min": 206,
					"max": 213
				},
				"2023-09-04": {
					"avg": 30,
					"count": 8,
					"min": 18,
					"max": 114
				},
				"2023-09-07": {
					"avg": 15,
					"count": 1,
					"min": 15,
					"max": 15
				},
				"2023-09-09": {
					"avg": 32,
					"count": 8,
					"min": 32,
					"max": 32
				},
				"2023-09-10": {
					"avg": 519,
					"count": 1,
					"min": 519,
					"max": 519
				},
				"2023-09-11": {
					"avg": 242,
					"count": 2,
					"min": 110,
					"max": 374
				},
				"2023-09-16": {
					"avg": 70,
					"count": 2,
					"min": 25,
					"max": 115
				},
				"2023-09-17": {
					"avg": 87,
					"count": 4,
					"min": 16,
					"max": 110
				},
				"2023-09-18": {
					"avg": 104,
					"count": 1,
					"min": 104,
					"max": 104
				},
				"2023-09-19": {
					"avg": 57,
					"count": 11,
					"min": 25,
					"max": 114
				},
				"2023-09-20": {
					"avg": 18,
					"count": 1,
					"min": 18,
					"max": 18
				},
				"2023-09-23": {
					"avg": 112,
					"count": 3,
					"min": 108,
					"max": 115
				},
				"2023-09-25": {
					"avg": 20,
					"count": 3,
					"min": 20,
					"max": 20
				},
				"2023-09-26": {
					"avg": 160,
					"count": 17,
					"min": 73,
					"max": 509
				},
				"2023-09-29": {
					"avg": 20,
					"count": 4,
					"min": 20,
					"max": 20
				},
				"2023-10-03": {
					"avg": 18,
					"count": 4,
					"min": 18,
					"max": 18
				},
				"2023-10-05": {
					"avg": 148,
					"count": 1,
					"min": 148,
					"max": 148
				},
				"2023-10-08": {
					"avg": 23,
					"count": 9,
					"min": 15,
					"max": 25
				},
				"2023-10-09": {
					"avg": 25,
					"count": 1,
					"min": 25,
					"max": 25
				},
				"2023-10-12": {
					"avg": 47,
					"count": 1,
					"min": 47,
					"max": 47
				},
				"2023-10-13": {
					"avg": 17,
					"count": 1,
					"min": 17,
					"max": 17
				},
				"2023-10-17": {
					"avg": 40,
					"count": 1,
					"min": 40,
					"max": 40
				},
				"2023-10-19": {
					"avg": 15,
					"count": 1,
					"min": 15,
					"max": 15
				},
				"2023-10-20": {
					"avg": 120,
					"count": 16,
					"min": 20,
					"max": 219
				},
				"2023-10-26": {
					"avg": 105,
					"count": 2,
					"min": 100,
					"max": 110
				},
				"2023-10-27": {
					"avg": 119,
					"count": 1,
					"min": 119,
					"max": 119
				},
				"2023-10-29": {
					"avg": 25,
					"count": 4,
					"min": 25,
					"max": 25
				},
				"2023-10-30": {
					"avg": 163,
					"count": 6,
					"min": 104,
					"max": 374
				},
				"2023-10-31": {
					"avg": 122,
					"count": 8,
					"min": 122,
					"max": 122
				},
				"2023-11-01": {
					"avg": 104,
					"count": 1,
					"min": 104,
					"max": 104
				},
				"2023-11-04": {
					"avg": 294,
					"count": 11,
					"min": 20,
					"max": 321
				},
				"2023-11-05": {
					"avg": 25,
					"count": 1,
					"min": 25,
					"max": 25
				},
				"2023-11-06": {
					"avg": 108,
					"count": 1,
					"min": 108,
					"max": 108
				},
				"2023-11-08": {
					"avg": 16,
					"count": 1,
					"min": 16,
					"max": 16
				},
				"2023-11-09": {
					"avg": 59,
					"count": 20,
					"min": 19,
					"max": 119
				},
				"2023-11-10": {
					"avg": 164,
					"count": 17,
					"min": 164,
					"max": 164
				},
				"2023-11-14": {
					"avg": 63,
					"count": 2,
					"min": 5,
					"max": 121
				},
				"2023-11-15": {
					"avg": 19,
					"count": 1,
					"min": 19,
					"max": 19
				},
				"2023-11-17": {
					"avg": 174,
					"count": 1,
					"min": 174,
					"max": 174
				},
				"2023-11-18": {
					"avg": 374,
					"count": 1,
					"min": 374,
					"max": 374
				},
				"2023-11-22": {
					"avg": 100,
					"count": 1,
					"min": 100,
					"max": 100
				},
				"2023-11-23": {
					"avg": 342,
					"count": 41,
					"min": 20,
					"max": 519
				},
				"2023-11-24": {
					"avg": 89,
					"count": 16,
					"min": 16,
					"max": 110
				},
				"2023-11-25": {
					"avg": 63,
					"count": 2,
					"min": 22,
					"max": 104
				},
				"2023-11-26": {
					"avg": 120,
					"count": 1,
					"min": 120,
					"max": 120
				},
				"2023-11-27": {
					"avg": 109,
					"count": 2,
					"min": 49,
					"max": 169
				},
				"2024-05-16": {
					"avg": 20,
					"count": 1,
					"min": 20,
					"max": 20
				},
				"2024-05-17": {
					"avg": 133,
					"count": 3,
					"min": 132,
					"max": 134
				},
				"2024-05-18": {
					"avg": 110,
					"count": 5,
					"min": 110,
					"max": 110
				},
				"2024-05-21": {
					"avg": 194,
					"count": 8,
					"min": 25,
					"max": 589
				},
				"2024-05-22": {
					"avg": 523,
					"count": 2,
					"min": 16,
					"max": 1030
				},
				"2024-05-23": {
					"avg": 287,
					"count": 1,
					"min": 287,
					"max": 287
				},
				"2024-05-27": {
					"avg": 69,
					"count": 11,
					"min": 16,
					"max": 147
				},
				"2024-05-31": {
					"avg": 16,
					"count": 1,
					"min": 16,
					"max": 16
				},
				"2024-06-02": {
					"avg": 15,
					"count": 4,
					"min": 15,
					"max": 15
				},
				"2024-06-04": {
					"avg": 18,
					"count": 1,
					"min": 18,
					"max": 18
				},
				"2024-06-07": {
					"avg": 135,
					"count": 19,
					"min": 116,
					"max": 174
				},
				"2024-06-11": {
					"avg": 18,
					"count": 1,
					"min": 18,
					"max": 18
				},
				"2024-06-17": {
					"avg": 146,
					"count": 7,
					"min": 136,
					"max": 209
				},
				"2024-06-20": {
					"avg": 153,
					"count": 9,
					"min": 25,
					"max": 180
				},
				"2024-06-21": {
					"avg": 57,
					"count": 5,
					"min": 15,
					"max": 120
				},
				"2024-06-27": {
					"avg": 20,
					"count": 1,
					"min": 20,
					"max": 20
				},
				"2024-06-29": {
					"avg": 136,
					"count": 1,
					"min": 136,
					"max": 136
				},
				"2024-07-05": {
					"avg": 173,
					"count": 2,
					"min": 136,
					"max": 209
				},
				"2024-07-08": {
					"avg": 183,
					"count": 3,
					"min": 18,
					"max": 265
				},
				"2024-07-12": {
					"avg": 17,
					"count": 2,
					"min": 17,
					"max": 17
				},
				"2024-07-17": {
					"avg": 117,
					"count": 20,
					"min": 117,
					"max": 117
				},
				"2024-07-24": {
					"avg": 17,
					"count": 1,
					"min": 17,
					"max": 17
				},
				"2024-07-30": {
					"avg": 16,
					"count": 2,
					"min": 16,
					"max": 16
				},
				"2024-08-02": {
					"avg": 135,
					"count": 7,
					"min": 132,
					"max": 137
				},
				"2024-08-03": {
					"avg": 17,
					"count": 3,
					"min": 17,
					"max": 17
				},
				"2024-08-04": {
					"avg": 20,
					"count": 2,
					"min": 20,
					"max": 20
				},
				"2024-08-07": {
					"avg": 118,
					"count": 1,
					"min": 118,
					"max": 118
				},
				"2024-08-08": {
					"avg": 15,
					"count": 8,
					"min": 15,
					"max": 15
				},
				"2024-08-10": {
					"avg": 15,
					"count": 1,
					"min": 15,
					"max": 15
				},
				"2024-08-11": {
					"avg": 140,
					"count": 5,
					"min": 140,
					"max": 140
				},
				"2024-08-16": {
					"avg": 30,
					"count": 1,
					"min": 30,
					"max": 30
				},
				"2024-08-19": {
					"avg": 118,
					"count": 1,
					"min": 118,
					"max": 118
				},
				"2024-08-20": {
					"avg": 205,
					"count": 1,
					"min": 205,
					"max": 205
				},
				"2024-08-23": {
					"avg": 137,
					"count": 4,
					"min": 137,
					"max": 137
				},
				"2024-08-26": {
					"avg": 504,
					"count": 1,
					"min": 504,
					"max": 504
				},
				"2024-08-27": {
					"avg": 141,
					"count": 2,
					"min": 141,
					"max": 141
				},
				"2024-08-28": {
					"avg": 137,
					"count": 2,
					"min": 137,
					"max": 137
				},
				"2024-08-31": {
					"avg": 137,
					"count": 4,
					"min": 137,
					"max": 137
				},
				"2024-09-02": {
					"avg": 15,
					"count": 4,
					"min": 15,
					"max": 15
				},
				"2024-09-04": {
					"avg": 518,
					"count": 1,
					"min": 518,
					"max": 518
				},
				"2024-09-14": {
					"avg": 11,
					"count": 6,
					"min": 11,
					"max": 11
				},
				"2024-09-15": {
					"avg": 132,
					"count": 1,
					"min": 132,
					"max": 132
				},
				"2024-09-16": {
					"avg": 142,
					"count": 4,
					"min": 142,
					"max": 142
				},
				"2024-09-19": {
					"avg": 71,
					"count": 3,
					"min": 36,
					"max": 141
				},
				"2024-09-20": {
					"avg": 112,
					"count": 6,
					"min": 17,
					"max": 132
				},
				"2024-09-22": {
					"avg": 129,
					"count": 1,
					"min": 129,
					"max": 129
				},
				"2024-09-23": {
					"avg": 22,
					"count": 8,
					"min": 20,
					"max": 25
				}
			},
			"avg": 133,
			"avg7": 187,
			"avg28": 187
		},
		"normal-used": {
			"history": {
				"2024-05-28": {
					"avg": 209,
					"count": 6,
					"min": 209,
					"max": 209
				},
				"2024-06-16": {
					"avg": 12,
					"count": 1,
					"min": 12,
					"max": 12
				},
				"2024-06-20": {
					"avg": 12,
					"count": 5,
					"min": 12,
					"max": 12
				},
				"2024-06-22": {
					"avg": 124,
					"count": 1,
					"min": 124,
					"max": 124
				},
				"2024-06-30": {
					"avg": 18,
					"count": 1,
					"min": 18,
					"max": 18
				},
				"2024-07-09": {
					"avg": 126,
					"count": 3,
					"min": 126,
					"max": 126
				},
				"2024-07-10": {
					"avg": 106,
					"count": 1,
					"min": 106,
					"max": 106
				},
				"2024-07-16": {
					"avg": 12,
					"count": 8,
					"min": 12,
					"max": 12
				},
				"2024-07-18": {
					"avg": 101,
					"count": 12,
					"min": 101,
					"max": 101
				},
				"2024-07-30": {
					"avg": 12,
					"count": 6,
					"min": 12,
					"max": 12
				},
				"2024-08-03": {
					"avg": 137,
					"count": 3,
					"min": 137,
					"max": 137
				},
				"2024-08-09": {
					"avg": 139,
					"count": 1,
					"min": 139,
					"max": 139
				},
				"2024-08-21": {
					"avg": 25,
					"count": 4,
					"min": 25,
					"max": 25
				},
				"2024-08-28": {
					"avg": 135,
					"count": 4,
					"min": 135,
					"max": 135
				},
				"2024-09-02": {
					"avg": 20,
					"count": 4,
					"min": 20,
					"max": 20
				},
				"2024-09-05": {
					"avg": 111,
					"count": 1,
					"min": 111,
					"max": 111
				},
				"2024-09-06": {
					"avg": 135,
					"count": 1,
					"min": 135,
					"max": 135
				},
				"2024-09-07": {
					"avg": 142,
					"count": 1,
					"min": 142,
					"max": 142
				},
				"2024-09-15": {
					"avg": 11,
					"count": 1,
					"min": 11,
					"max": 11
				}
			},
			"avg": 78,
			"avg7": -1,
			"avg28": -1
		},
		"normal-poor": {
			"history": {
				"2024-05-28": {
					"avg": 209,
					"count": 9,
					"min": 209,
					"max": 209
				},
				"2024-06-16": {
					"avg": 10,
					"count": 1,
					"min": 10,
					"max": 10
				},
				"2024-07-14": {
					"avg": 108,
					"count": 1,
					"min": 108,
					"max": 108
				},
				"2024-09-02": {
					"avg": 5,
					"count": 3,
					"min": 5,
					"max": 5
				},
				"2024-09-16": {
					"avg": 109,
					"count": 1,
					"min": 109,
					"max": 109
				},
				"2024-09-20": {
					"avg": 201,
					"count": 1,
					"min": 201,
					"max": 201
				}
			},
			"avg": 145,
			"avg7": -1,
			"avg28": -1
		},
		"normal-played": {
			"history": {
				"2024-05-26": {
					"avg": 126,
					"count": 2,
					"min": 126,
					"max": 126
				},
				"2024-05-27": {
					"avg": 12,
					"count": 1,
					"min": 12,
					"max": 12
				},
				"2024-06-01": {
					"avg": 142,
					"count": 2,
					"min": 142,
					"max": 142
				},
				"2024-06-02": {
					"avg": 15,
					"count": 1,
					"min": 15,
					"max": 15
				},
				"2024-06-04": {
					"avg": 17,
					"count": 1,
					"min": 17,
					"max": 17
				},
				"2024-06-06": {
					"avg": 27,
					"count": 1,
					"min": 27,
					"max": 27
				},
				"2024-06-09": {
					"avg": 75,
					"count": 2,
					"min": 14,
					"max": 136
				},
				"2024-06-18": {
					"avg": 176,
					"count": 1,
					"min": 176,
					"max": 176
				},
				"2024-06-20": {
					"avg": 10,
					"count": 1,
					"min": 10,
					"max": 10
				},
				"2024-06-26": {
					"avg": 19,
					"count": 1,
					"min": 19,
					"max": 19
				},
				"2024-07-11": {
					"avg": 3,
					"count": 1,
					"min": 3,
					"max": 3
				},
				"2024-07-12": {
					"avg": 118,
					"count": 7,
					"min": 102,
					"max": 133
				},
				"2024-07-21": {
					"avg": 141,
					"count": 1,
					"min": 141,
					"max": 141
				},
				"2024-07-24": {
					"avg": 415,
					"count": 1,
					"min": 415,
					"max": 415
				},
				"2024-07-30": {
					"avg": 14,
					"count": 4,
					"min": 14,
					"max": 14
				},
				"2024-08-02": {
					"avg": 129,
					"count": 2,
					"min": 129,
					"max": 129
				},
				"2024-08-11": {
					"avg": 25,
					"count": 3,
					"min": 25,
					"max": 25
				},
				"2024-08-15": {
					"avg": 13,
					"count": 1,
					"min": 13,
					"max": 13
				},
				"2024-08-18": {
					"avg": 339,
					"count": 1,
					"min": 339,
					"max": 339
				},
				"2024-08-19": {
					"avg": 26,
					"count": 1,
					"min": 26,
					"max": 26
				},
				"2024-08-20": {
					"avg": 131,
					"count": 1,
					"min": 131,
					"max": 131
				},
				"2024-08-23": {
					"avg": 142,
					"count": 2,
					"min": 142,
					"max": 142
				},
				"2024-08-28": {
					"avg": 140,
					"count": 6,
					"min": 138,
					"max": 144
				},
				"2024-08-31": {
					"avg": 26,
					"count": 7,
					"min": 26,
					"max": 26
				},
				"2024-09-01": {
					"avg": 141,
					"count": 3,
					"min": 141,
					"max": 141
				},
				"2024-09-02": {
					"avg": 86,
					"count": 3,
					"min": 14,
					"max": 128
				},
				"2024-09-07": {
					"avg": 144,
					"count": 3,
					"min": 144,
					"max": 144
				},
				"2024-09-16": {
					"avg": 139,
					"count": 11,
					"min": 114,
					"max": 142
				},
				"2024-09-18": {
					"avg": 5,
					"count": 1,
					"min": 5,
					"max": 5
				},
				"2024-09-22": {
					"avg": 9,
					"count": 1,
					"min": 9,
					"max": 9
				}
			},
			"avg": 99,
			"avg7": -1,
			"avg28": -1
		},
		"normal-nearmint": {
			"history": {
				"2024-05-26": {
					"avg": 519,
					"count": 1,
					"min": 519,
					"max": 519
				},
				"2024-05-29": {
					"avg": 152,
					"count": 1,
					"min": 152,
					"max": 152
				},
				"2024-06-08": {
					"avg": 124,
					"count": 1,
					"min": 124,
					"max": 124
				},
				"2024-06-09": {
					"avg": 20,
					"count": 1,
					"min": 20,
					"max": 20
				},
				"2024-06-14": {
					"avg": 132,
					"count": 6,
					"min": 132,
					"max": 132
				},
				"2024-06-18": {
					"avg": 142,
					"count": 1,
					"min": 142,
					"max": 142
				},
				"2024-06-19": {
					"avg": 109,
					"count": 1,
					"min": 109,
					"max": 109
				},
				"2024-06-20": {
					"avg": 170,
					"count": 7,
					"min": 132,
					"max": 185
				},
				"2024-06-21": {
					"avg": 19,
					"count": 10,
					"min": 19,
					"max": 19
				},
				"2024-06-23": {
					"avg": 218,
					"count": 1,
					"min": 218,
					"max": 218
				},
				"2024-06-24": {
					"avg": 528,
					"count": 1,
					"min": 528,
					"max": 528
				},
				"2024-06-25": {
					"avg": 141,
					"count": 1,
					"min": 141,
					"max": 141
				},
				"2024-06-29": {
					"avg": 25,
					"count": 1,
					"min": 25,
					"max": 25
				},
				"2024-06-30": {
					"avg": 17,
					"count": 1,
					"min": 17,
					"max": 17
				},
				"2024-07-01": {
					"avg": 428,
					"count": 1,
					"min": 428,
					"max": 428
				},
				"2024-07-02": {
					"avg": 113,
					"count": 2,
					"min": 79,
					"max": 147
				},
				"2024-07-07": {
					"avg": 274,
					"count": 2,
					"min": 20,
					"max": 528
				},
				"2024-07-10": {
					"avg": 10,
					"count": 5,
					"min": 10,
					"max": 10
				},
				"2024-07-12": {
					"avg": 10,
					"count": 5,
					"min": 10,
					"max": 10
				},
				"2024-07-13": {
					"avg": 155,
					"count": 1,
					"min": 155,
					"max": 155
				},
				"2024-07-14": {
					"avg": 149,
					"count": 1,
					"min": 149,
					"max": 149
				},
				"2024-07-17": {
					"avg": 47,
					"count": 1,
					"min": 47,
					"max": 47
				},
				"2024-07-19": {
					"avg": 124,
					"count": 4,
					"min": 47,
					"max": 149
				},
				"2024-07-20": {
					"avg": 18,
					"count": 3,
					"min": 18,
					"max": 18
				},
				"2024-07-21": {
					"avg": 25,
					"count": 5,
					"min": 25,
					"max": 25
				},
				"2024-07-24": {
					"avg": 69,
					"count": 3,
					"min": 17,
					"max": 166
				},
				"2024-07-25": {
					"avg": 24,
					"count": 2,
					"min": 24,
					"max": 24
				},
				"2024-07-26": {
					"avg": 224,
					"count": 1,
					"min": 224,
					"max": 224
				},
				"2024-07-29": {
					"avg": 152,
					"count": 1,
					"min": 152,
					"max": 152
				},
				"2024-08-01": {
					"avg": 25,
					"count": 1,
					"min": 25,
					"max": 25
				},
				"2024-08-06": {
					"avg": 137,
					"count": 1,
					"min": 137,
					"max": 137
				},
				"2024-08-09": {
					"avg": 26,
					"count": 1,
					"min": 26,
					"max": 26
				},
				"2024-08-10": {
					"avg": 16,
					"count": 1,
					"min": 16,
					"max": 16
				},
				"2024-08-11": {
					"avg": 135,
					"count": 1,
					"min": 135,
					"max": 135
				},
				"2024-08-14": {
					"avg": 14,
					"count": 1,
					"min": 14,
					"max": 14
				},
				"2024-08-17": {
					"avg": 213,
					"count": 1,
					"min": 213,
					"max": 213
				},
				"2024-08-20": {
					"avg": 25,
					"count": 1,
					"min": 25,
					"max": 25
				},
				"2024-08-22": {
					"avg": 30,
					"count": 1,
					"min": 30,
					"max": 30
				},
				"2024-08-23": {
					"avg": 151,
					"count": 3,
					"min": 151,
					"max": 151
				},
				"2024-08-27": {
					"avg": 200,
					"count": 3,
					"min": 25,
					"max": 428
				},
				"2024-08-28": {
					"avg": 22,
					"count": 1,
					"min": 22,
					"max": 22
				},
				"2024-08-30": {
					"avg": 12,
					"count": 1,
					"min": 12,
					"max": 12
				},
				"2024-08-31": {
					"avg": 76,
					"count": 2,
					"min": 20,
					"max": 132
				},
				"2024-09-02": {
					"avg": 63,
					"count": 3,
					"min": 20,
					"max": 147
				},
				"2024-09-03": {
					"avg": 22,
					"count": 2,
					"min": 20,
					"max": 24
				},
				"2024-09-07": {
					"avg": 25,
					"count": 1,
					"min": 25,
					"max": 25
				},
				"2024-09-11": {
					"avg": 25,
					"count": 3,
					"min": 25,
					"max": 25
				},
				"2024-09-18": {
					"avg": 25,
					"count": 1,
					"min": 25,
					"max": 25
				},
				"2024-09-20": {
					"avg": 132,
					"count": 5,
					"min": 49,
					"max": 221
				},
				"2024-09-21": {
					"avg": 103,
					"count": 1,
					"min": 103,
					"max": 103
				},
				"2024-09-23": {
					"avg": 18,
					"count": 10,
					"min": 18,
					"max": 18
				}
			},
			"avg": 89,
			"avg7": -1,
			"avg28": -1
		}
	}
}