{
	"data": {
		"normal-good": {
			"history": {
				"2022-11-18": {
					"avg": 2,
					"count": 1
				},
				"2022-11-19": {
					"avg": 19,
					"count": 8,
					"min": 8,
					"max": 20
				},
				"2022-11-22": {
					"avg": 20,
					"count": 18,
					"min": 20,
					"max": 20
				},
				"2022-11-25": {
					"avg": 10,
					"count": 1,
					"min": 10,
					"max": 10
				},
				"2022-11-26": {
					"avg": 120,
					"count": 1,
					"min": 120,
					"max": 120
				},
				"2022-11-27": {
					"avg": 10,
					"count": 1,
					"min": 10,
					"max": 10
				},
				"2022-11-28": {
					"avg": 10,
					"count": 6,
					"min": 10,
					"max": 10
				},
				"2022-11-29": {
					"avg": 113,
					"count": 1,
					"min": 113,
					"max": 113
				},
				"2022-11-30": {
					"avg": 17,
					"count": 1,
					"min": 17,
					"max": 17
				},
				"2022-12-06": {
					"avg": 20,
					"count": 1,
					"min": 20,
					"max": 20
				},
				"2022-12-09": {
					"avg": 157,
					"count": 10,
					"min": 20,
					"max": 248
				},
				"2022-12-10": {
					"avg": 70,
					"count": 5,
					"min": 70,
					"max": 70
				},
				"2022-12-11": {
					"avg": 113,
					"count": 1,
					"min": 113,
					"max": 113
				},
				"2022-12-13": {
					"avg": 15,
					"count": 1,
					"min": 15,
					"max": 15
				},
				"2022-12-14": {
					"avg": 66,
					"count": 9,
					"min": 66,
					"max": 66
				},
				"2022-12-16": {
					"avg": 69,
					"count": 19,
					"min": 2,
					"max": 124
				},
				"2022-12-18": {
					"avg": 11,
					"count": 1,
					"min": 11,
					"max": 11
				},
				"2022-12-19": {
					"avg": 102,
					"count": 1,
					"min": 102,
					"max": 102
				},
				"2022-12-20": {
					"avg": 63,
					"count": 2,
					"min": 9,
					"max": 117
				},
				"2022-12-21": {
					"avg": 30,
					"count": 1,
					"min": 30,
					"max": 30
				},
				"2022-12-25": {
					"avg": 129,
					"count": 1,
					"min": 129,
					"max": 129
				},
				"2022-12-26": {
					"avg": 111,
					"count": 19,
					"min": 9,
					"max": 141
				},
				"2022-12-29": {
					"avg": 521,
					"count": 100,
					"min": 521,
					"max": 521
				},
				"2022-12-30": {
					"avg": 103,
					"count": 1,
					"min": 103,
					"max": 103
				},
				"2022-12-31": {
					"avg": 61,
					"count": 13,
					"min": 20,
					"max": 64
				},
				"2023-01-02": {
					"avg": 94,
					"count": 9,
					"min": 8,
					"max": 163
				},
				"2023-01-03": {
					"avg": 20,
					"count": 2,
					"min": 20,
					"max": 20
				},
				"2023-01-04": {
					"avg": 17,
					"count": 1,
					"min": 17,
					"max": 17
				},
				"2023-01-07": {
					"avg": 114,
					"count": 1,
					"min": 114,
					"max": 114
				},
				"2023-01-08": {
					"avg": 113,
					"count": 11,
					"min": 20,
					"max": 124
				},
				"2023-01-11": {
					"avg": 150,
					"count": 1,
					"min": 150,
					"max": 150
				},
				"2023-02-10": {
					"avg": 150,
					"count": 1,
					"min": 150,
					"max": 150
				},
				"2023-02-11": {
					"avg": 75,
					"count": 2,
					"min": 8,
					"max": 141
				},
				"2023-02-16": {
					"avg": 25,
					"count": 2,
					"min": 23,
					"max": 27
				},
				"2023-02-17": {
					"avg": 18,
					"count": 2,
					"min": 18,
					"max": 18
				},
				"2023-02-18": {
					"avg": 8,
					"count": 1,
					"min": 8,
					"max": 8
				},
				"2023-02-20": {
					"avg": 264,
					"count": 1,
					"min": 264,
					"max": 264
				},
				"2023-02-21": {
					"avg": 123,
					"count": 15,
					"min": 15,
					"max": 140
				},
				"2023-02-24": {
					"avg": 15,
					"count": 1,
					"min": 15,
					"max": 15
				},
				"2023-02-27": {
					"avg": 19,
					"count": 2,
					"min": 17,
					"max": 20
				},
				"2023-03-01": {
					"avg": 121,
					"count": 1,
					"min": 121,
					"max": 121
				},
				"2023-03-03": {
					"avg": 104,
					"count": 7,
					"min": 104,
					"max": 104
				},
				"2023-03-05": {
					"avg": 305,
					"count": 5,
					"min": 119,
					"max": 351
				},
				"2023-03-06": {
					"avg": 140,
					"count": 26,
					"min": 140,
					"max": 140
				},
				"2023-03-09": {
					"avg": 15,
					"count": 1,
					"min": 15,
					"max": 15
				},
				"2023-03-10": {
					"avg": 119,
					"count": 1,
					"min": 119,
					"max": 119
				},
				"2023-03-14": {
					"avg": 104,
					"count": 1,
					"min": 104,
					"max": 104
				},
				"2023-03-18": {
					"avg": 140,
					"count": 1,
					"min": 140,
					"max": 140
				},
				"2023-03-21": {
					"avg": 15,
					"count": 1,
					"min": 15,
					"max": 15
				},
				"2023-03-23": {
					"avg": 24,
					"count": 2,
					"min": 24,
					"max": 24
				},
				"2023-03-25": {
					"avg": 25,
					"count": 1,
					"min": 25,
					"max": 25
				},
				"2023-04-03": {
					"avg": 115,
					"count": 1,
					"min": 115,
					"max": 115
				},
				"2023-04-04": {
					"avg": 115,
					"count": 5,
					"min": 115,
					"max": 115
				},
				"2023-04-05": {
					"avg": 5,
					"count": 1,
					"min": 5,
					"max": 5
				},
				"2023-04-06": {
					"avg": 15,
					"count": 1,
					"min": 15,
					"max": 15
				},
				"2023-04-07": {
					"avg": 15,
					"count": 1,
					"min": 15,
					"max": 15
				},
				"2023-04-08": {
					"avg": 24,
					"count": 1,
					"min": 24,
					"max": 24
				},
				"2023-04-09": {
					"avg": 119,
					"count": 1,
					"min": 119,
					"max": 119
				},
				"2023-04-11": {
					"avg": 12,
					"count": 5,
					"min": 12,
					"max": 12
				},
				"2023-04-13": {
					"avg": 16,
					"count": 1,
					"min": 16,
					"max": 16
				},
				"2023-04-19": {
					"avg": 150,
					"count": 1,
					"min": 150,
					"max": 150
				},
				"2023-04-20": {
					"avg": 58,
					"count": 2,
					"min": 13,
					"max": 103
				},
				"2023-04-21": {
					"avg": 119,
					"count": 1,
					"min": 119,
					"max": 119
				},
				"2023-04-27": {
					"avg": 118,
					"count": 8,
					"min": 118,
					"max": 118
				},
				"2023-05-01": {
					"avg": 24,
					"count": 11,
					"min": 24,
					"max": 24
				},
				"2023-05-02": {
					"avg": 786,
					"count": 25,
					"min": 18,
					"max": 818
				},
				"2023-05-05": {
					"avg": 110,
					"count": 1,
					"min": 110,
					"max": 110
				},
				"2023-05-07": {
					"avg": 453,
					"count": 2,
					"min": 374,
					"max": 531
				},
				"2023-05-08": {
					"avg": 11,
					"count": 1,
					"min": 11,
					"max": 11
				},
				"2023-05-09": {
					"avg": 11,
					"count": 1,
					"min": 11,
					"max": 11
				},
				"2023-05-11": {
					"avg": 16,
					"count": 1,
					"min": 16,
					"max": 16
				},
				"2023-05-12": {
					"avg": 18,
					"count": 1,
					"min": 18,
					"max": 18
				},
				"2023-05-13": {
					"avg": 119,
					"count": 1,
					"min": 119,
					"max": 119
				},
				"2023-05-16": {
					"avg": 20,
					"count": 5,
					"min": 20,
					"max": 20
				},
				"2023-05-22": {
					"avg": 24,
					"count": 2,
					"min": 20,
					"max": 27
				},
				"2023-05-23": {
					"avg": 20,
					"count": 4,
					"min": 20,
					"max": 20
				},
				"2023-05-27": {
					"avg": 27,
					"count": 1,
					"min": 27,
					"max": 27
				},
				"2023-06-01": {
					"avg": 62,
					"count": 132,
					"min": 20,
					"max": 223
				},
				"2023-06-06": {
					"avg": 11,
					"count": 4,
					"min": 8,
					"max": 12
				},
				"2023-06-07": {
					"avg": 15,
					"count": 1,
					"min": 15,
					"max": 15
				},
				"2023-06-17": {
					"avg": 142,
					"count": 1,
					"min": 142,
					"max": 142
				},
				"2023-06-18": {
					"avg": 80,
					"count": 111,
					"min": 13,
					"max": 521
				},
				"2023-06-20": {
					"avg": 34,
					"count": 1,
					"min": 34,
					"max": 34
				},
				"2023-06-22": {
					"avg": 15,
					"count": 1,
					"min": 15,
					"max": 15
				},
				"2023-06-24": {
					"avg": 66,
					"count": 2,
					"min": 12,
					"max": 120
				},
				"2023-06-25": {
					"avg": 13,
					"count": 1,
					"min": 13,
					"max": 13
				},
				"2023-06-28": {
					"avg": 183,
					"count": 1,
					"min": 183,
					"max": 183
				},
				"2023-06-30": {
					"avg": 13,
					"count": 1,
					"min": 13,
					"max": 13
				},
				"2023-07-03": {
					"avg": 25,
					"count": 5,
					"min": 25,
					"max": 25
				},
				"2023-07-06": {
					"avg": 62,
					"count": 15,
					"min": 13,
					"max": 66
				},
				"2023-07-07": {
					"avg": 72,
					"count": 2,
					"min": 34,
					"max": 110
				},
				"2023-07-08": {
					"avg": 19,
					"count": 12,
					"min": 15,
					"max": 20
				},
				"2023-07-11": {
					"avg": 25,
					"count": 1,
					"min": 25,
					"max": 25
				},
				"2023-07-12": {
					"avg": 25,
					"count": 4,
					"min": 25,
					"max": 25
				},
				"2023-07-13": {
					"avg": 33,
					"count": 15,
					"min": 33,
					"max": 33
				},
				"2023-07-18": {
					"avg": 144,
					"count": 1,
					"min": 144,
					"max": 144
				},
				"2023-07-20": {
					"avg": 42,
					"count": 1,
					"min": 42,
					"max": 42
				},
				"2023-07-24": {
					"avg": 15,
					"count": 1,
					"min": 15,
					"max": 15
				},
				"2023-07-25": {
					"avg": 103,
					"count": 16,
					"min": 92,
					"max": 115
				},
				"2023-07-29": {
					"avg": 221,
					"count": 1,
					"min": 221,
					"max": 221
				},
				"2023-07-30": {
					"avg": 13,
					"count": 1,
					"min": 13,
					"max": 13
				},
				"2023-07-31": {
					"avg": 31,
					"count": 2,
					"min": 31,
					"max": 31
				},
				"2023-08-01": {
					"avg": 15,
					"count": 1,
					"min": 15,
					"max": 15
				},
				"2023-08-03": {
					"avg": 124,
					"count": 1,
					"min": 124,
					"max": 124
				},
				"2023-08-04": {
					"avg": 13,
					"count": 1,
					"min": 13,
					"max": 13
				},
				"2023-08-06": {
					"avg": 33,
					"count": 1,
					"min": 33,
					"max": 33
				},
				"2023-08-08": {
					"avg": 87,
					"count": 3,
					"min": 68,
					"max": 124
				},
				"2023-08-10": {
					"avg": 63,
					"count": 20,
					"min": 20,
					"max": 115
				},
				"2023-08-11": {
					"avg": 113,
					"count": 1,
					"min": 113,
					"max": 113
				},
				"2023-08-12": {
					"avg": 204,
					"count": 2,
					"min": 33,
					"max": 374
				},
				"2023-08-14": {
					"avg": 58,
					"count": 6,
					"min": 58,
					"max": 58
				},
				"2023-08-15": {
					"avg": 25,
					"count": 1,
					"min": 25,
					"max": 25
				},
				"2023-08-20": {
					"avg": 124,
					"count": 1,
					"min": 124,
					"max": 124
				},
				"2023-08-21": {
					"avg": 34,
					"count": 4,
					"min": 34,
					"max": 34
				},
				"2023-08-23": {
					"avg": 45,
					"count": 2,
					"min": 22,
					"max": 68
				},
				"2023-08-24": {
					"avg": 117,
					"count": 3,
					"min": 107,
					"max": 124
				},
				"2023-08-26": {
					"avg": 16,
					"count": 1,
					"min": 16,
					"max": 16
				},
				"2023-08-27": {
					"avg": 12,
					"count": 3,
					"min": 11,
					"max": 13
				},
				"2023-08-30": {
					"avg": 13,
					"count": 1,
					"min": 13,
					"max": 13
				},
				"2023-09-01": {
					"avg": 110,
					"count": 1,
					"min": 110,
					"max": 110
				},
				"2023-09-02": {
					"avg": 11,
					"count": 5,
					"min": 11,
					"max": 11
				},
				"2023-09-03": {
					"avg": 25,
					"count": 2,
					"min": 25,
					"max": 25
				},
				"2023-09-07": {
					"avg": 140,
					"count": 3,
					"min": 16,
					"max": 374
				},
				"2023-09-09": {
					"avg": 13,
					"count": 1,
					"min": 13,
					"max": 13
				},
				"2023-09-10": {
					"avg": 516,
					"count": 1,
					"min": 516,
					"max": 516
				},
				"2023-09-11": {
					"avg": 164,
					"count": 1,
					"min": 164,
					"max": 164
				},
				"2023-09-16": {
					"avg": 15,
					"count": 1,
					"min": 15,
					"max": 15
				},
				"2023-09-17": {
					"avg": 57,
					"count": 9,
					"min": 29,
					"max": 60
				},
				"2023-09-20": {
					"avg": 199,
					"count": 1,
					"min": 199,
					"max": 199
				},
				"2023-09-23": {
					"avg": 114,
					"count": 12,
					"min": 113,
					"max": 116
				},
				"2023-09-26": {
					"avg": 18,
					"count": 3,
					"min": 16,
					"max": 20
				},
				"2023-09-27": {
					"avg": 119,
					"count": 1,
					"min": 119,
					"max": 119
				},
				"2023-09-29": {
					"avg": 117,
					"count": 12,
					"min": 117,
					"max": 117
				},
				"2023-10-06": {
					"avg": 11,
					"count": 1,
					"min": 11,
					"max": 11
				},
				"2023-10-08": {
					"avg": 124,
					"count": 1,
					"min": 124,
					"max": 124
				},
				"2023-10-09": {
					"avg": 25,
					"count": 1,
					"min": 25,
					"max": 25
				},
				"2023-10-13": {
					"avg": 19,
					"count": 1,
					"min": 19,
					"max": 19
				},
				"2023-10-20": {
					"avg": 115,
					"count": 38,
					"min": 27,
					"max": 127
				},
				"2023-10-21": {
					"avg": 374,
					"count": 10,
					"min": 374,
					"max": 374
				},
				"2023-10-23": {
					"avg": 22,
					"count": 1,
					"min": 22,
					"max": 22
				},
				"2023-10-24": {
					"avg": 12,
					"count": 17,
					"min": 11,
					"max": 21
				},
				"2023-10-26": {
					"avg": 29,
					"count": 12,
					"min": 29,
					"max": 29
				},
				"2023-10-30": {
					"avg": 137,
					"count": 14,
					"min": 110,
					"max": 374
				},
				"2023-11-01": {
					"avg": 16,
					"count": 1,
					"min": 16,
					"max": 16
				},
				"2023-11-02": {
					"avg": 124,
					"count": 1,
					"min": 124,
					"max": 124
				},
				"2023-11-05": {
					"avg": 138,
					"count": 1,
					"min": 138,
					"max": 138
				},
				"2023-11-08": {
					"avg": 16,
					"count": 1,
					"min": 16,
					"max": 16
				},
				"2023-11-10": {
					"avg": 164,
					"count": 21,
					"min": 164,
					"max": 164
				},
				"2023-11-14": {
					"avg": 66,
					"count": 1,
					"min": 66,
					"max": 66
				},
				"2023-11-15": {
					"avg": 25,
					"count": 7,
					"min": 25,
					"max": 25
				},
				"2023-11-16": {
					"avg": 23,
					"count": 1,
					"min": 23,
					"max": 23
				},
				"2023-11-19": {
					"avg": 121,
					"count": 1,
					"min": 121,
					"max": 121
				},
				"2023-11-23": {
					"avg": 121,
					"count": 69,
					"min": 24,
					"max": 423
				},
				"2023-11-24": {
					"avg": 68,
					"count": 34,
					"min": 23,
					"max": 107
				},
				"2023-11-25": {
					"avg": 68,
					"count": 2,
					"min": 22,
					"max": 113
				},
				"2023-11-26": {
					"avg": 85,
					"count": 3,
					"min": 18,
					"max": 118
				},
				"2023-11-27": {
					"avg": 19,
					"count": 1,
					"min": 19,
					"max": 19
				},
				"2024-05-17": {
					"avg": 460,
					"count": 164,
					"min": 11,
					"max": 514
				},
				"2024-05-18": {
					"avg": 128,
					"count": 7,
					"min": 110,
					"max": 219
				},
				"2024-05-20": {
					"avg": 124,
					"count": 1,
					"min": 124,
					"max": 124
				},
				"2024-05-21": {
					"avg": 124,
					"count": 1,
					"min": 124,
					"max": 124
				},
				"2024-05-22": {
					"avg": 19,
					"count": 1,
					"min": 19,
					"max": 19
				},
				"2024-05-27": {
					"avg": 130,
					"count": 1,
					"min": 130,
					"max": 130
				},
				"2024-06-09": {
					"avg": 142,
					"count": 1,
					"min": 142,
					"max": 142
				},
				"2024-06-11": {
					"avg": 169,
					"count": 2,
					"min": 122,
					"max": 215
				},
				"2024-06-15": {
					"avg": 33,
					"count": 1,
					"min": 33,
					"max": 33
				},
				"2024-06-20": {
					"avg": 99,
					"count": 1,
					"min": 99,
					"max": 99
				},
				"2024-06-22": {
					"avg": 22,
					"count": 4,
					"min": 22,
					"max": 22
				},
				"2024-07-11": {
					"avg": 25,
					"count": 1,
					"min": 25,
					"max": 25
				},
				"2024-07-18": {
					"avg": 21,
					"count": 1,
					"min": 21,
					"max": 21
				},
				"2024-07-19": {
					"avg": 161,
					"count": 8,
					"min": 142,
					"max": 164
				},
				"2024-07-21": {
					"avg": 21,
					"count": 1,
					"min": 21,
					"max": 21
				},
				"2024-08-02": {
					"avg": 147,
					"count": 20,
					"min": 143,
					"max": 149
				},
				"2024-08-03": {
					"avg": 118,
					"count": 1,
					"min": 118,
					"max": 118
				},
				"2024-08-05": {
					"avg": 25,
					"count": 1,
					"min": 25,
					"max": 25
				},
				"2024-08-07": {
					"avg": 132,
					"count": 1,
					"min": 132,
					"max": 132
				},
				"2024-08-10": {
					"avg": 25,
					"count": 1,
					"min": 25,
					"max": 25
				},
				"2024-08-11": {
					"avg": 132,
					"count": 1,
					"min": 132,
					"max": 132
				},
				"2024-08-12": {
					"avg": 25,
					"count": 1,
					"min": 25,
					"max": 25
				},
				"2024-08-15": {
					"avg": 149,
					"count": 1,
					"min": 149,
					"max": 149
				},
				"2024-08-16": {
					"avg": 25,
					"count": 1,
					"min": 25,
					"max": 25
				},
				"2024-08-20": {
					"avg": 132,
					"count": 1,
					"min": 132,
					"max": 132
				},
				"2024-08-24": {
					"avg": 132,
					"count": 1,
					"min": 132,
					"max": 132
				},
				"2024-09-04": {
					"avg": 514,
					"count": 1,
					"min": 514,
					"max": 514
				},
				"2024-09-06": {
					"avg": 18,
					"count": 2,
					"min": 10,
					"max": 25
				},
				"2024-09-08": {
					"avg": 21,
					"count": 1,
					"min": 21,
					"max": 21
				},
				"2024-09-09": {
					"avg": 21,
					"count": 1,
					"min": 21,
					"max": 21
				},
				"2024-09-12": {
					"avg": 129,
					"count": 13,
					"min": 118,
					"max": 148
				},
				"2024-09-15": {
					"avg": 137,
					"count": 2,
					"min": 132,
					"max": 142
				},
				"2024-09-16": {
					"avg": 143,
					"count": 4,
					"min": 143,
					"max": 143
				},
				"2024-09-19": {
					"avg": 138,
					"count": 1,
					"min": 138,
					"max": 138
				},
				"2024-09-22": {
					"avg": 135,
					"count": 1,
					"min": 135,
					"max": 135
				}
			},
			"avg": 178,
			"avg7": 443,
			"avg28": 443
		},
		"normal-played": {
			"history": {
				"2024-05-27": {
					"avg": 160,
					"count": 8,
					"min": 160,
					"max": 160
				},
				"2024-05-31": {
					"avg": 10,
					"count": 1,
					"min": 10,
					"max": 10
				},
				"2024-06-09": {
					"avg": 12,
					"count": 1,
					"min": 12,
					"max": 12
				},
				"2024-06-18": {
					"avg": 174,
					"count": 1,
					"min": 174,
					"max": 174
				},
				"2024-06-21": {
					"avg": 19,
					"count": 3,
					"min": 19,
					"max": 19
				},
				"2024-07-01": {
					"avg": 12,
					"count": 1,
					"min": 12,
					"max": 12
				},
				"2024-07-05": {
					"avg": 12,
					"count": 1,
					"min": 12,
					"max": 12
				},
				"2024-07-08": {
					"avg": 111,
					"count": 1,
					"min": 111,
					"max": 111
				},
				"2024-07-12": {
					"avg": 109,
					"count": 2,
					"min": 109,
					"max": 109
				},
				"2024-07-16": {
					"avg": 15,
					"count": 1,
					"min": 15,
					"max": 15
				},
				"2024-08-02": {
					"avg": 71,
					"count": 2,
					"min": 25,
					"max": 116
				},
				"2024-08-03": {
					"avg": 100,
					"count": 1,
					"min": 100,
					"max": 100
				},
				"2024-08-08": {
					"avg": 12,
					"count": 1,
					"min": 12,
					"max": 12
				},
				"2024-08-16": {
					"avg": 102,
					"count": 4,
					"min": 102,
					"max": 102
				},
				"2024-08-18": {
					"avg": 139,
					"count": 7,
					"min": 139,
					"max": 139
				},
				"2024-08-26": {
					"avg": 20,
					"count": 1,
					"min": 20,
					"max": 20
				},
				"2024-09-02": {
					"avg": 12,
					"count": 1,
					"min": 12,
					"max": 12
				},
				"2024-09-03": {
					"avg": 12,
					"count": 1,
					"min": 12,
					"max": 12
				},
				"2024-09-06": {
					"avg": 139,
					"count": 10,
					"min": 139,
					"max": 139
				},
				"2024-09-15": {
					"avg": 14,
					"count": 1,
					"min": 14,
					"max": 14
				},
				"2024-09-22": {
					"avg": 201,
					"count": 1,
					"min": 201,
					"max": 201
				}
			},
			"avg": 104,
			"avg7": -1,
			"avg28": -1
		},
		"normal-nearmint": {
			"history": {
				"2024-05-26": {
					"avg": 124,
					"count": 1,
					"min": 124,
					"max": 124
				},
				"2024-05-29": {
					"avg": 218,
					"count": 1,
					"min": 218,
					"max": 218
				},
				"2024-06-01": {
					"avg": 219,
					"count": 1,
					"min": 219,
					"max": 219
				},
				"2024-06-18": {
					"avg": 146,
					"count": 2,
					"min": 139,
					"max": 152
				},
				"2024-06-20": {
					"avg": 147,
					"count": 1,
					"min": 147,
					"max": 147
				},
				"2024-06-24": {
					"avg": 524,
					"count": 1,
					"min": 524,
					"max": 524
				},
				"2024-07-02": {
					"avg": 68,
					"count": 3,
					"min": 29,
					"max": 143
				},
				"2024-07-03": {
					"avg": 141,
					"count": 4,
					"min": 141,
					"max": 141
				},
				"2024-07-05": {
					"avg": 33,
					"count": 4,
					"min": 33,
					"max": 33
				},
				"2024-07-07": {
					"avg": 524,
					"count": 1,
					"min": 524,
					"max": 524
				},
				"2024-07-10": {
					"avg": 30,
					"count": 1,
					"min": 30,
					"max": 30
				},
				"2024-07-17": {
					"avg": 142,
					"count": 1,
					"min": 142,
					"max": 142
				},
				"2024-07-21": {
					"avg": 170,
					"count": 14,
					"min": 170,
					"max": 170
				},
				"2024-07-24": {
					"avg": 170,
					"count": 14,
					"min": 170,
					"max": 170
				},
				"2024-08-02": {
					"avg": 123,
					"count": 1,
					"min": 123,
					"max": 123
				},
				"2024-08-03": {
					"avg": 147,
					"count": 1,
					"min": 147,
					"max": 147
				},
				"2024-08-06": {
					"avg": 151,
					"count": 1,
					"min": 151,
					"max": 151
				},
				"2024-08-14": {
					"avg": 114,
					"count": 1,
					"min": 114,
					"max": 114
				},
				"2024-08-15": {
					"avg": 23,
					"count": 1,
					"min": 23,
					"max": 23
				},
				"2024-08-16": {
					"avg": 30,
					"count": 1,
					"min": 30,
					"max": 30
				},
				"2024-08-17": {
					"avg": 152,
					"count": 8,
					"min": 142,
					"max": 218
				},
				"2024-08-18": {
					"avg": 114,
					"count": 1,
					"min": 114,
					"max": 114
				},
				"2024-08-19": {
					"avg": 143,
					"count": 1,
					"min": 143,
					"max": 143
				},
				"2024-08-23": {
					"avg": 113,
					"count": 4,
					"min": 22,
					"max": 143
				},
				"2024-08-25": {
					"avg": 218,
					"count": 1,
					"min": 218,
					"max": 218
				},
				"2024-08-27": {
					"avg": 287,
					"count": 2,
					"min": 149,
					"max": 424
				},
				"2024-08-29": {
					"avg": 142,
					"count": 1,
					"min": 142,
					"max": 142
				},
				"2024-08-31": {
					"avg": 17,
					"count": 6,
					"min": 17,
					"max": 17
				},
				"2024-09-01": {
					"avg": 17,
					"count": 1,
					"min": 17,
					"max": 17
				},
				"2024-09-08": {
					"avg": 122,
					"count": 1,
					"min": 122,
					"max": 122
				},
				"2024-09-10": {
					"avg": 830,
					"count": 1,
					"min": 830,
					"max": 830
				},
				"2024-09-14": {
					"avg": 123,
					"count": 4,
					"min": 123,
					"max": 123
				},
				"2024-09-21": {
					"avg": 147,
					"count": 1,
					"min": 147,
					"max": 147
				},
				"2024-09-22": {
					"avg": 142,
					"count": 11,
					"min": 142,
					"max": 142
				}
			},
			"avg": 149,
			"avg7": -1,
			"avg28": -1
		},
		"normal-used": {
			"history": {
				"2024-06-22": {
					"avg": 60,
					"count": 1,
					"min": 60,
					"max": 60
				},
				"2024-07-01": {
					"avg": 132,
					"count": 3,
					"min": 132,
					"max": 132
				},
				"2024-07-07": {
					"avg": 15,
					"count": 2,
					"min": 15,
					"max": 15
				},
				"2024-07-16": {
					"avg": 12,
					"count": 1,
					"min": 12,
					"max": 12
				},
				"2024-08-13": {
					"avg": 25,
					"count": 1,
					"min": 25,
					"max": 25
				},
				"2024-09-03": {
					"avg": 15,
					"count": 1,
					"min": 15,
					"max": 15
				},
				"2024-09-05": {
					"avg": 147,
					"count": 1,
					"min": 147,
					"max": 147
				},
				"2024-09-07": {
					"avg": 79,
					"count": 4,
					"min": 60,
					"max": 135
				},
				"2024-09-10": {
					"avg": 17,
					"count": 10,
					"min": 17,
					"max": 17
				}
			},
			"avg": 49,
			"avg7": -1,
			"avg28": -1
		},
		"normal-poor": {
			"history": {
				"2024-07-01": {
					"avg": 404,
					"count": 1,
					"min": 404,
					"max": 404
				},
				"2024-07-12": {
					"avg": 13,
					"count": 1,
					"min": 13,
					"max": 13
				},
				"2024-07-14": {
					"avg": 10,
					"count": 1,
					"min": 10,
					"max": 10
				},
				"2024-07-23": {
					"avg": 58,
					"count": 4,
					"min": 58,
					"max": 58
				},
				"2024-08-02": {
					"avg": 8,
					"count": 1,
					"min": 8,
					"max": 8
				},
				"2024-08-10": {
					"avg": 333,
					"count": 7,
					"min": 333,
					"max": 333
				}
			},
			"avg": 200,
			"avg7": -1,
			"avg28": -1
		}
	}
}