{
	"data": {
		"normal-good": {
			"history": {
				"2022-11-15": {
					"avg": 8,
					"count": 3
				},
				"2022-11-19": {
					"avg": 11,
					"count": 1,
					"min": 11,
					"max": 11
				},
				"2022-11-22": {
					"avg": 20,
					"count": 20,
					"min": 20,
					"max": 20
				},
				"2022-11-25": {
					"avg": 10,
					"count": 1,
					"min": 10,
					"max": 10
				},
				"2022-11-26": {
					"avg": 817,
					"count": 48,
					"min": 816,
					"max": 818
				},
				"2022-11-28": {
					"avg": 51,
					"count": 6,
					"min": 10,
					"max": 106
				},
				"2022-11-29": {
					"avg": 89,
					"count": 2,
					"min": 68,
					"max": 110
				},
				"2022-11-30": {
					"avg": 110,
					"count": 1,
					"min": 110,
					"max": 110
				},
				"2022-12-09": {
					"avg": 37,
					"count": 42,
					"min": 11,
					"max": 125
				},
				"2022-12-10": {
					"avg": 31,
					"count": 30,
					"min": 23,
					"max": 70
				},
				"2022-12-12": {
					"avg": 12,
					"count": 2,
					"min": 8,
					"max": 15
				},
				"2022-12-13": {
					"avg": 64,
					"count": 10,
					"min": 64,
					"max": 64
				},
				"2022-12-14": {
					"avg": 66,
					"count": 7,
					"min": 66,
					"max": 66
				},
				"2022-12-16": {
					"avg": 29,
					"count": 20,
					"min": 10,
					"max": 114
				},
				"2022-12-18": {
					"avg": 42,
					"count": 3,
					"min": 11,
					"max": 104
				},
				"2022-12-19": {
					"avg": 104,
					"count": 1,
					"min": 104,
					"max": 104
				},
				"2022-12-20": {
					"avg": 113,
					"count": 2,
					"min": 113,
					"max": 114
				},
				"2022-12-23": {
					"avg": 19,
					"count": 1,
					"min": 19,
					"max": 19
				},
				"2022-12-26": {
					"avg": 101,
					"count": 15,
					"min": 15,
					"max": 141
				},
				"2022-12-27": {
					"avg": 19,
					"count": 35,
					"min": 18,
					"max": 21
				},
				"2022-12-29": {
					"avg": 497,
					"count": 105,
					"min": 20,
					"max": 521
				},
				"2022-12-30": {
					"avg": 63,
					"count": 7,
					"min": 25,
					"max": 114
				},
				"2022-12-31": {
					"avg": 20,
					"count": 1,
					"min": 20,
					"max": 20
				},
				"2023-01-01": {
					"avg": 11,
					"count": 1,
					"min": 11,
					"max": 11
				},
				"2023-01-02": {
					"avg": 106,
					"count": 7,
					"min": 106,
					"max": 106
				},
				"2023-01-04": {
					"avg": 25,
					"count": 1,
					"min": 25,
					"max": 25
				},
				"2023-01-06": {
					"avg": 16,
					"count": 2,
					"min": 15,
					"max": 18
				},
				"2023-01-07": {
					"avg": 109,
					"count": 2,
					"min": 104,
					"max": 113
				},
				"2023-01-08": {
					"avg": 101,
					"count": 12,
					"min": 19,
					"max": 118
				},
				"2023-01-09": {
					"avg": 15,
					"count": 1,
					"min": 15,
					"max": 15
				},
				"2023-01-11": {
					"avg": 150,
					"count": 1,
					"min": 150,
					"max": 150
				},
				"2023-01-12": {
					"avg": 20,
					"count": 5,
					"min": 20,
					"max": 20
				},
				"2023-02-06": {
					"avg": 15,
					"count": 1,
					"min": 15,
					"max": 15
				},
				"2023-02-07": {
					"avg": 68,
					"count": 15,
					"min": 68,
					"max": 68
				},
				"2023-02-08": {
					"avg": 22,
					"count": 1,
					"min": 22,
					"max": 22
				},
				"2023-02-10": {
					"avg": 150,
					"count": 1,
					"min": 150,
					"max": 150
				},
				"2023-02-16": {
					"avg": 27,
					"count": 1,
					"min": 27,
					"max": 27
				},
				"2023-02-17": {
					"avg": 13,
					"count": 1,
					"min": 13,
					"max": 13
				},
				"2023-02-18": {
					"avg": 139,
					"count": 9,
					"min": 123,
					"max": 141
				},
				"2023-02-19": {
					"avg": 19,
					"count": 1,
					"min": 19,
					"max": 19
				},
				"2023-02-20": {
					"avg": 274,
					"count": 1,
					"min": 274,
					"max": 274
				},
				"2023-02-21": {
					"avg": 140,
					"count": 9,
					"min": 140,
					"max": 140
				},
				"2023-02-24": {
					"avg": 105,
					"count": 4,
					"min": 25,
					"max": 132
				},
				"2023-02-27": {
					"avg": 23,
					"count": 2,
					"min": 20,
					"max": 25
				},
				"2023-03-01": {
					"avg": 122,
					"count": 1,
					"min": 122,
					"max": 122
				},
				"2023-03-03": {
					"avg": 221,
					"count": 3,
					"min": 221,
					"max": 221
				},
				"2023-03-05": {
					"avg": 325,
					"count": 9,
					"min": 114,
					"max": 351
				},
				"2023-03-06": {
					"avg": 140,
					"count": 28,
					"min": 140,
					"max": 140
				},
				"2023-03-07": {
					"avg": 22,
					"count": 2,
					"min": 20,
					"max": 24
				},
				"2023-03-09": {
					"avg": 20,
					"count": 9,
					"min": 20,
					"max": 24
				},
				"2023-03-10": {
					"avg": 118,
					"count": 2,
					"min": 118,
					"max": 118
				},
				"2023-03-14": {
					"avg": 20,
					"count": 1,
					"min": 20,
					"max": 20
				},
				"2023-03-16": {
					"avg": 115,
					"count": 3,
					"min": 20,
					"max": 163
				},
				"2023-03-17": {
					"avg": 10,
					"count": 1,
					"min": 10,
					"max": 10
				},
				"2023-03-18": {
					"avg": 140,
					"count": 1,
					"min": 140,
					"max": 140
				},
				"2023-03-21": {
					"avg": 25,
					"count": 1,
					"min": 25,
					"max": 25
				},
				"2023-03-23": {
					"avg": 25,
					"count": 2,
					"min": 25,
					"max": 25
				},
				"2023-03-25": {
					"avg": 114,
					"count": 31,
					"min": 106,
					"max": 135
				},
				"2023-03-26": {
					"avg": 412,
					"count": 1,
					"min": 412,
					"max": 412
				},
				"2023-04-03": {
					"avg": 57,
					"count": 2,
					"min": 10,
					"max": 104
				},
				"2023-04-04": {
					"avg": 154,
					"count": 20,
					"min": 105,
					"max": 201
				},
				"2023-04-05": {
					"avg": 114,
					"count": 1,
					"min": 114,
					"max": 114
				},
				"2023-04-07": {
					"avg": 110,
					"count": 1,
					"min": 110,
					"max": 110
				},
				"2023-04-09": {
					"avg": 20,
					"count": 1,
					"min": 20,
					"max": 20
				},
				"2023-04-11": {
					"avg": 114,
					"count": 15,
					"min": 114,
					"max": 114
				},
				"2023-04-13": {
					"avg": 22,
					"count": 1,
					"min": 22,
					"max": 22
				},
				"2023-04-18": {
					"avg": 113,
					"count": 32,
					"min": 113,
					"max": 113
				},
				"2023-04-19": {
					"avg": 150,
					"count": 1,
					"min": 150,
					"max": 150
				},
				"2023-04-20": {
					"avg": 104,
					"count": 1,
					"min": 104,
					"max": 104
				},
				"2023-04-21": {
					"avg": 114,
					"count": 5,
					"min": 114,
					"max": 114
				},
				"2023-04-27": {
					"avg": 108,
					"count": 9,
					"min": 35,
					"max": 119
				},
				"2023-04-30": {
					"avg": 20,
					"count": 1,
					"min": 20,
					"max": 20
				},
				"2023-05-02": {
					"avg": 785,
					"count": 25,
					"min": 29,
					"max": 816
				},
				"2023-05-05": {
					"avg": 110,
					"count": 1,
					"min": 110,
					"max": 110
				},
				"2023-05-07": {
					"avg": 150,
					"count": 3,
					"min": 120,
					"max": 208
				},
				"2023-05-09": {
					"avg": 11,
					"count": 1,
					"min": 11,
					"max": 11
				},
				"2023-05-12": {
					"avg": 29,
					"count": 1,
					"min": 29,
					"max": 29
				},
				"2023-05-13": {
					"avg": 9,
					"count": 1,
					"min": 9,
					"max": 9
				},
				"2023-05-16": {
					"avg": 24,
					"count": 1,
					"min": 24,
					"max": 24
				},
				"2023-05-18": {
					"avg": 116,
					"count": 5,
					"min": 116,
					"max": 116
				},
				"2023-05-22": {
					"avg": 22,
					"count": 1,
					"min": 22,
					"max": 22
				},
				"2023-05-23": {
					"avg": 85,
					"count": 15,
					"min": 66,
					"max": 113
				},
				"2023-05-27": {
					"avg": 184,
					"count": 8,
					"min": 108,
					"max": 413
				},
				"2023-05-30": {
					"avg": 29,
					"count": 1,
					"min": 29,
					"max": 29
				},
				"2023-06-01": {
					"avg": 171,
					"count": 59,
					"min": 8,
					"max": 230
				},
				"2023-06-02": {
					"avg": 106,
					"count": 1,
					"min": 106,
					"max": 106
				},
				"2023-06-06": {
					"avg": 51,
					"count": 4,
					"min": 8,
					"max": 115
				},
				"2023-06-07": {
					"avg": 35,
					"count": 1,
					"min": 35,
					"max": 35
				},
				"2023-06-15": {
					"avg": 31,
					"count": 1,
					"min": 31,
					"max": 31
				},
				"2023-06-16": {
					"avg": 15,
					"count": 1,
					"min": 15,
					"max": 15
				},
				"2023-06-17": {
					"avg": 139,
					"count": 1,
					"min": 139,
					"max": 139
				},
				"2023-06-18": {
					"avg": 135,
					"count": 1,
					"min": 135,
					"max": 135
				},
				"2023-06-20": {
					"avg": 108,
					"count": 15,
					"min": 108,
					"max": 108
				},
				"2023-06-22": {
					"avg": 214,
					"count": 5,
					"min": 15,
					"max": 1010
				},
				"2023-06-24": {
					"avg": 119,
					"count": 1,
					"min": 119,
					"max": 119
				},
				"2023-06-25": {
					"avg": 15,
					"count": 1,
					"min": 15,
					"max": 15
				},
				"2023-06-26": {
					"avg": 122,
					"count": 3,
					"min": 122,
					"max": 122
				},
				"2023-07-06": {
					"avg": 60,
					"count": 13,
					"min": 30,
					"max": 63
				},
				"2023-07-11": {
					"avg": 30,
					"count": 1,
					"min": 30,
					"max": 30
				},
				"2023-07-13": {
					"avg": 63,
					"count": 12,
					"min": 63,
					"max": 63
				},
				"2023-07-15": {
					"avg": 30,
					"count": 1,
					"min": 30,
					"max": 30
				},
				"2023-07-17": {
					"avg": 2025,
					"count": 1,
					"min": 2025,
					"max": 2025
				},
				"2023-07-21": {
					"avg": 9,
					"count": 1,
					"min": 9,
					"max": 9
				},
				"2023-07-22": {
					"avg": 230,
					"count": 2,
					"min": 230,
					"max": 230
				},
				"2023-07-25": {
					"avg": 68,
					"count": 24,
					"min": 26,
					"max": 113
				},
				"2023-07-26": {
					"avg": 337,
					"count": 3,
					"min": 337,
					"max": 337
				},
				"2023-07-30": {
					"avg": 115,
					"count": 2,
					"min": 110,
					"max": 120
				},
				"2023-08-03": {
					"avg": 148,
					"count": 1,
					"min": 148,
					"max": 148
				},
				"2023-08-04": {
					"avg": 122,
					"count": 6,
					"min": 119,
					"max": 123
				},
				"2023-08-05": {
					"avg": 10,
					"count": 2,
					"min": 9,
					"max": 10
				},
				"2023-08-08": {
					"avg": 70,
					"count": 1,
					"min": 70,
					"max": 70
				},
				"2023-08-10": {
					"avg": 21,
					"count": 7,
					"min": 10,
					"max": 25
				},
				"2023-08-12": {
					"avg": 201,
					"count": 2,
					"min": 25,
					"max": 378
				},
				"2023-08-14": {
					"avg": 31,
					"count": 6,
					"min": 31,
					"max": 31
				},
				"2023-08-20": {
					"avg": 148,
					"count": 1,
					"min": 148,
					"max": 148
				},
				"2023-08-21": {
					"avg": 10,
					"count": 1,
					"min": 10,
					"max": 10
				},
				"2023-08-23": {
					"avg": 68,
					"count": 1,
					"min": 68,
					"max": 68
				},
				"2023-08-24": {
					"avg": 134,
					"count": 2,
					"min": 119,
					"max": 148
				},
				"2023-08-26": {
					"avg": 26,
					"count": 1,
					"min": 26,
					"max": 26
				},
				"2023-08-27": {
					"avg": 24,
					"count": 16,
					"min": 10,
					"max": 25
				},
				"2023-08-28": {
					"avg": 25,
					"count": 1,
					"min": 25,
					"max": 25
				},
				"2023-08-30": {
					"avg": 12,
					"count": 1,
					"min": 12,
					"max": 12
				},
				"2023-09-02": {
					"avg": 25,
					"count": 1,
					"min": 25,
					"max": 25
				},
				"2023-09-03": {
					"avg": 75,
					"count": 2,
					"min": 25,
					"max": 125
				},
				"2023-09-07": {
					"avg": 28,
					"count": 2,
					"min": 25,
					"max": 30
				},
				"2023-09-09": {
					"avg": 36,
					"count": 5,
					"min": 18,
					"max": 110
				},
				"2023-09-10": {
					"avg": 118,
					"count": 15,
					"min": 110,
					"max": 119
				},
				"2023-09-11": {
					"avg": 164,
					"count": 1,
					"min": 164,
					"max": 164
				},
				"2023-09-16": {
					"avg": 24,
					"count": 1,
					"min": 24,
					"max": 24
				},
				"2023-09-17": {
					"avg": 60,
					"count": 6,
					"min": 60,
					"max": 60
				},
				"2023-09-19": {
					"avg": 30,
					"count": 1,
					"min": 30,
					"max": 30
				},
				"2023-09-20": {
					"avg": 24,
					"count": 1,
					"min": 24,
					"max": 24
				},
				"2023-09-22": {
					"avg": 10,
					"count": 1,
					"min": 10,
					"max": 10
				},
				"2023-09-23": {
					"avg": 103,
					"count": 11,
					"min": 20,
					"max": 111
				},
				"2023-09-25": {
					"avg": 20,
					"count": 20,
					"min": 20,
					"max": 20
				},
				"2023-09-26": {
					"avg": 107,
					"count": 3,
					"min": 107,
					"max": 107
				},
				"2023-09-27": {
					"avg": 117,
					"count": 1,
					"min": 117,
					"max": 117
				},
				"2023-09-29": {
					"avg": 113,
					"count": 15,
					"min": 110,
					"max": 113
				},
				"2023-10-01": {
					"avg": 25,
					"count": 2,
					"min": 24,
					"max": 25
				},
				"2023-10-03": {
					"avg": 116,
					"count": 8,
					"min": 111,
					"max": 134
				},
				"2023-10-04": {
					"avg": 25,
					"count": 1,
					"min": 25,
					"max": 25
				},
				"2023-10-08": {
					"avg": 110,
					"count": 1,
					"min": 110,
					"max": 110
				},
				"2023-10-10": {
					"avg": 2039,
					"count": 20,
					"min": 2039,
					"max": 2039
				},
				"2023-10-13": {
					"avg": 25,
					"count": 1,
					"min": 25,
					"max": 25
				},
				"2023-10-16": {
					"avg": 51,
					"count": 16,
					"min": 12,
					"max": 64
				},
				"2023-10-17": {
					"avg": 350,
					"count": 47,
					"min": 110,
					"max": 378
				},
				"2023-10-20": {
					"avg": 122,
					"count": 38,
					"min": 122,
					"max": 123
				},
				"2023-10-21": {
					"avg": 378,
					"count": 10,
					"min": 378,
					"max": 378
				},
				"2023-10-23": {
					"avg": 19,
					"count": 1,
					"min": 19,
					"max": 19
				},
				"2023-10-24": {
					"avg": 15,
					"count": 55,
					"min": 15,
					"max": 15
				},
				"2023-10-25": {
					"avg": 40,
					"count": 6,
					"min": 23,
					"max": 125
				},
				"2023-10-26": {
					"avg": 33,
					"count": 17,
					"min": 26,
					"max": 142
				},
				"2023-10-30": {
					"avg": 135,
					"count": 15,
					"min": 110,
					"max": 399
				},
				"2023-11-02": {
					"avg": 19,
					"count": 1,
					"min": 19,
					"max": 19
				},
				"2023-11-04": {
					"avg": 119,
					"count": 2,
					"min": 119,
					"max": 119
				},
				"2023-11-10": {
					"avg": 117,
					"count": 25,
					"min": 18,
					"max": 164
				},
				"2023-11-14": {
					"avg": 23,
					"count": 11,
					"min": 19,
					"max": 66
				},
				"2023-11-16": {
					"avg": 22,
					"count": 1,
					"min": 22,
					"max": 22
				},
				"2023-11-17": {
					"avg": 22,
					"count": 3,
					"min": 22,
					"max": 22
				},
				"2023-11-19": {
					"avg": 24,
					"count": 2,
					"min": 23,
					"max": 25
				},
				"2023-11-23": {
					"avg": 114,
					"count": 71,
					"min": 23,
					"max": 421
				},
				"2023-11-24": {
					"avg": 76,
					"count": 25,
					"min": 25,
					"max": 104
				},
				"2023-11-25": {
					"avg": 27,
					"count": 1,
					"min": 27,
					"max": 27
				},
				"2023-11-26": {
					"avg": 90,
					"count": 4,
					"min": 20,
					"max": 114
				},
				"2024-05-17": {
					"avg": 308,
					"count": 181,
					"min": 10,
					"max": 513
				},
				"2024-05-18": {
					"avg": 155,
					"count": 32,
					"min": 12,
					"max": 165
				},
				"2024-05-19": {
					"avg": 137,
					"count": 2,
					"min": 137,
					"max": 137
				},
				"2024-05-20": {
					"avg": 124,
					"count": 1,
					"min": 124,
					"max": 124
				},
				"2024-05-21": {
					"avg": 82,
					"count": 2,
					"min": 36,
					"max": 127
				},
				"2024-05-22": {
					"avg": 1035,
					"count": 1,
					"min": 1035,
					"max": 1035
				},
				"2024-05-23": {
					"avg": 291,
					"count": 1,
					"min": 291,
					"max": 291
				},
				"2024-05-27": {
					"avg": 140,
					"count": 13,
					"min": 140,
					"max": 140
				},
				"2024-05-30": {
					"avg": 68,
					"count": 24,
					"min": 68,
					"max": 68
				},
				"2024-06-07": {
					"avg": 137,
					"count": 5,
					"min": 137,
					"max": 137
				},
				"2024-06-08": {
					"avg": 403,
					"count": 8,
					"min": 25,
					"max": 528
				},
				"2024-06-09": {
					"avg": 67,
					"count": 6,
					"min": 29,
					"max": 142
				},
				"2024-06-10": {
					"avg": 19,
					"count": 1,
					"min": 19,
					"max": 19
				},
				"2024-06-17": {
					"avg": 129,
					"count": 5,
					"min": 128,
					"max": 132
				},
				"2024-06-19": {
					"avg": 109,
					"count": 1,
					"min": 109,
					"max": 109
				},
				"2024-06-21": {
					"avg": 18,
					"count": 3,
					"min": 17,
					"max": 19
				},
				"2024-07-02": {
					"avg": 19,
					"count": 1,
					"min": 19,
					"max": 19
				},
				"2024-07-07": {
					"avg": 62,
					"count": 3,
					"min": 15,
					"max": 155
				},
				"2024-07-08": {
					"avg": 18,
					"count": 1,
					"min": 18,
					"max": 18
				},
				"2024-07-09": {
					"avg": 139,
					"count": 16,
					"min": 139,
					"max": 139
				},
				"2024-07-11": {
					"avg": 35,
					"count": 1,
					"min": 35,
					"max": 35
				},
				"2024-07-12": {
					"avg": 17,
					"count": 25,
					"min": 17,
					"max": 17
				},
				"2024-07-16": {
					"avg": 25,
					"count": 7,
					"min": 25,
					"max": 25
				},
				"2024-07-19": {
					"avg": 129,
					"count": 13,
					"min": 18,
					"max": 137
				},
				"2024-07-21": {
					"avg": 128,
					"count": 4,
					"min": 19,
					"max": 165
				},
				"2024-08-01": {
					"avg": 169,
					"count": 2,
					"min": 18,
					"max": 320
				},
				"2024-08-02": {
					"avg": 134,
					"count": 2,
					"min": 134,
					"max": 134
				},
				"2024-08-04": {
					"avg": 77,
					"count": 9,
					"min": 68,
					"max": 145
				},
				"2024-08-11": {
					"avg": 146,
					"count": 1,
					"min": 146,
					"max": 146
				},
				"2024-08-14": {
					"avg": 19,
					"count": 1,
					"min": 19,
					"max": 19
				},
				"2024-09-07": {
					"avg": 68,
					"count": 10,
					"min": 68,
					"max": 68
				},
				"2024-09-08": {
					"avg": 18,
					"count": 1,
					"min": 18,
					"max": 18
				},
				"2024-09-12": {
					"avg": 310,
					"count": 6,
					"min": 310,
					"max": 310
				},
				"2024-09-20": {
					"avg": 113,
					"count": 5,
					"min": 18,
					"max": 136
				},
				"2024-09-22": {
					"avg": 35,
					"count": 2,
					"min": 35,
					"max": 35
				}
			},
			"avg": 199,
			"avg7": 284,
			"avg28": 284
		},
		"normal-played": {
			"history": {
				"2024-05-25": {
					"avg": 17,
					"count": 1,
					"min": 17,
					"max": 17
				},
				"2024-05-27": {
					"avg": 155,
					"count": 7,
					"min": 155,
					"max": 155
				},
				"2024-05-30": {
					"avg": 64,
					"count": 24,
					"min": 64,
					"max": 64
				},
				"2024-06-04": {
					"avg": 13,
					"count": 1,
					"min": 13,
					"max": 13
				},
				"2024-06-05": {
					"avg": 20,
					"count": 1,
					"min": 20,
					"max": 20
				},
				"2024-06-18": {
					"avg": 174,
					"count": 1,
					"min": 174,
					"max": 174
				},
				"2024-06-20": {
					"avg": 132,
					"count": 1,
					"min": 132,
					"max": 132
				},
				"2024-06-21": {
					"avg": 20,
					"count": 3,
					"min": 19,
					"max": 20
				},
				"2024-06-27": {
					"avg": 13,
					"count": 2,
					"min": 13,
					"max": 13
				},
				"2024-06-28": {
					"avg": 64,
					"count": 1,
					"min": 64,
					"max": 64
				},
				"2024-06-29": {
					"avg": 25,
					"count": 2,
					"min": 14,
					"max": 35
				},
				"2024-07-07": {
					"avg": 12,
					"count": 1,
					"min": 12,
					"max": 12
				},
				"2024-07-08": {
					"avg": 170,
					"count": 1,
					"min": 170,
					"max": 170
				},
				"2024-07-12": {
					"avg": 104,
					"count": 1,
					"min": 104,
					"max": 104
				},
				"2024-07-16": {
					"avg": 25,
					"count": 9,
					"min": 25,
					"max": 25
				},
				"2024-07-20": {
					"avg": 25,
					"count": 4,
					"min": 25,
					"max": 25
				},
				"2024-08-02": {
					"avg": 138,
					"count": 10,
					"min": 132,
					"max": 141
				},
				"2024-08-04": {
					"avg": 141,
					"count": 10,
					"min": 141,
					"max": 141
				},
				"2024-08-12": {
					"avg": 174,
					"count": 6,
					"min": 174,
					"max": 174
				},
				"2024-08-16": {
					"avg": 20,
					"count": 1,
					"min": 20,
					"max": 20
				},
				"2024-08-20": {
					"avg": 28,
					"count": 1,
					"min": 28,
					"max": 28
				},
				"2024-09-02": {
					"avg": 109,
					"count": 1,
					"min": 109,
					"max": 109
				},
				"2024-09-11": {
					"avg": 138,
					"count": 1,
					"min": 138,
					"max": 138
				},
				"2024-09-20": {
					"avg": 136,
					"count": 8,
					"min": 136,
					"max": 136
				}
			},
			"avg": 92,
			"avg7": -1,
			"avg28": -1
		},
		"normal-nearmint": {
			"history": {
				"2024-05-26": {
					"avg": 124,
					"count": 1,
					"min": 124,
					"max": 124
				},
				"2024-05-29": {
					"avg": 222,
					"count": 1,
					"min": 222,
					"max": 222
				},
				"2024-05-31": {
					"avg": 136,
					"count": 1,
					"min": 136,
					"max": 136
				},
				"2024-06-02": {
					"avg": 147,
					"count": 1,
					"min": 147,
					"max": 147
				},
				"2024-06-08": {
					"avg": 38,
					"count": 10,
					"min": 38,
					"max": 38
				},
				"2024-06-14": {
					"avg": 37,
					"count": 1,
					"min": 37,
					"max": 37
				},
				"2024-06-16": {
					"avg": 152,
					"count": 12,
					"min": 152,
					"max": 152
				},
				"2024-06-18": {
					"avg": 150,
					"count": 2,
					"min": 147,
					"max": 152
				},
				"2024-06-19": {
					"avg": 121,
					"count": 4,
					"min": 33,
					"max": 150
				},
				"2024-06-21": {
					"avg": 19,
					"count": 4,
					"min": 19,
					"max": 19
				},
				"2024-06-23": {
					"avg": 124,
					"count": 1,
					"min": 124,
					"max": 124
				},
				"2024-06-24": {
					"avg": 548,
					"count": 1,
					"min": 548,
					"max": 548
				},
				"2024-06-27": {
					"avg": 19,
					"count": 4,
					"min": 19,
					"max": 19
				},
				"2024-06-28": {
					"avg": 20,
					"count": 1,
					"min": 20,
					"max": 20
				},
				"2024-07-02": {
					"avg": 153,
					"count": 1,
					"min": 153,
					"max": 153
				},
				"2024-07-03": {
					"avg": 149,
					"count": 6,
					"min": 149,
					"max": 149
				},
				"2024-07-10": {
					"avg": 27,
					"count": 1,
					"min": 27,
					"max": 27
				},
				"2024-07-17": {
					"avg": 30,
					"count": 1,
					"min": 30,
					"max": 30
				},
				"2024-07-19": {
					"avg": 47,
					"count": 1,
					"min": 47,
					"max": 47
				},
				"2024-07-20": {
					"avg": 147,
					"count": 1,
					"min": 147,
					"max": 147
				},
				"2024-07-23": {
					"avg": 141,
					"count": 43,
					"min": 141,
					"max": 141
				},
				"2024-07-26": {
					"avg": 210,
					"count": 1,
					"min": 210,
					"max": 210
				},
				"2024-07-28": {
					"avg": 23,
					"count": 1,
					"min": 23,
					"max": 23
				},
				"2024-07-29": {
					"avg": 22,
					"count": 1,
					"min": 22,
					"max": 22
				},
				"2024-08-03": {
					"avg": 128,
					"count": 1,
					"min": 128,
					"max": 128
				},
				"2024-08-04": {
					"avg": 141,
					"count": 1,
					"min": 141,
					"max": 141
				},
				"2024-08-05": {
					"avg": 22,
					"count": 1,
					"min": 22,
					"max": 22
				},
				"2024-08-06": {
					"avg": 47,
					"count": 1,
					"min": 47,
					"max": 47
				},
				"2024-08-07": {
					"avg": 128,
					"count": 1,
					"min": 128,
					"max": 128
				},
				"2024-08-10": {
					"avg": 21,
					"count": 1,
					"min": 21,
					"max": 21
				},
				"2024-08-11": {
					"avg": 21,
					"count": 1,
					"min": 21,
					"max": 21
				},
				"2024-08-12": {
					"avg": 128,
					"count": 1,
					"min": 128,
					"max": 128
				},
				"2024-08-14": {
					"avg": 211,
					"count": 11,
					"min": 113,
					"max": 221
				},
				"2024-08-15": {
					"avg": 34,
					"count": 2,
					"min": 28,
					"max": 39
				},
				"2024-08-16": {
					"avg": 30,
					"count": 1,
					"min": 30,
					"max": 30
				},
				"2024-08-18": {
					"avg": 193,
					"count": 7,
					"min": 26,
					"max": 220
				},
				"2024-08-21": {
					"avg": 26,
					"count": 8,
					"min": 26,
					"max": 26
				},
				"2024-08-22": {
					"avg": 30,
					"count": 9,
					"min": 30,
					"max": 30
				},
				"2024-08-23": {
					"avg": 141,
					"count": 8,
					"min": 141,
					"max": 141
				},
				"2024-08-25": {
					"avg": 220,
					"count": 1,
					"min": 220,
					"max": 220
				},
				"2024-08-26": {
					"avg": 30,
					"count": 1,
					"min": 30,
					"max": 30
				},
				"2024-08-27": {
					"avg": 287,
					"count": 2,
					"min": 125,
					"max": 448
				},
				"2024-08-29": {
					"avg": 20,
					"count": 1,
					"min": 20,
					"max": 20
				},
				"2024-08-30": {
					"avg": 27,
					"count": 4,
					"min": 27,
					"max": 27
				},
				"2024-09-02": {
					"avg": 81,
					"count": 2,
					"min": 21,
					"max": 141
				},
				"2024-09-03": {
					"avg": 21,
					"count": 4,
					"min": 21,
					"max": 21
				},
				"2024-09-04": {
					"avg": 126,
					"count": 5,
					"min": 21,
					"max": 548
				},
				"2024-09-06": {
					"avg": 27,
					"count": 1,
					"min": 27,
					"max": 27
				},
				"2024-09-07": {
					"avg": 969,
					"count": 2,
					"min": 969,
					"max": 969
				},
				"2024-09-08": {
					"avg": 19,
					"count": 3,
					"min": 19,
					"max": 19
				},
				"2024-09-09": {
					"avg": 26,
					"count": 1,
					"min": 26,
					"max": 26
				},
				"2024-09-12": {
					"avg": 144,
					"count": 1,
					"min": 144,
					"max": 144
				},
				"2024-09-19": {
					"avg": 17,
					"count": 1,
					"min": 17,
					"max": 17
				},
				"2024-09-20": {
					"avg": 17,
					"count": 8,
					"min": 17,
					"max": 17
				},
				"2024-09-21": {
					"avg": 141,
					"count": 1,
					"min": 141,
					"max": 141
				},
				"2024-09-22": {
					"avg": 139,
					"count": 5,
					"min": 139,
					"max": 139
				}
			},
			"avg": 117,
			"avg7": -1,
			"avg28": -1
		},
		"normal-poor": {
			"history": {
				"2024-05-30": {
					"avg": 58,
					"count": 24,
					"min": 58,
					"max": 58
				},
				"2024-07-01": {
					"avg": 24,
					"count": 8,
					"min": 24,
					"max": 24
				},
				"2024-07-14": {
					"avg": 8,
					"count": 1,
					"min": 8,
					"max": 8
				},
				"2024-07-16": {
					"avg": 13,
					"count": 9,
					"min": 9,
					"max": 19
				},
				"2024-07-23": {
					"avg": 58,
					"count": 4,
					"min": 58,
					"max": 58
				},
				"2024-07-28": {
					"avg": 11,
					"count": 11,
					"min": 11,
					"max": 11
				},
				"2024-07-29": {
					"avg": 209,
					"count": 10,
					"min": 209,
					"max": 209
				},
				"2024-09-05": {
					"avg": 147,
					"count": 1,
					"min": 147,
					"max": 147
				},
				"2024-09-11": {
					"avg": 136,
					"count": 1,
					"min": 136,
					"max": 136
				}
			},
			"avg": 64,
			"avg7": -1,
			"avg28": -1
		},
		"normal-used": {
			"history": {
				"2024-05-30": {
					"avg": 60,
					"count": 24,
					"min": 60,
					"max": 60
				},
				"2024-06-14": {
					"avg": 134,
					"count": 15,
					"min": 134,
					"max": 134
				},
				"2024-06-22": {
					"avg": 60,
					"count": 1,
					"min": 60,
					"max": 60
				},
				"2024-07-07": {
					"avg": 12,
					"count": 6,
					"min": 12,
					"max": 12
				},
				"2024-07-16": {
					"avg": 25,
					"count": 25,
					"min": 24,
					"max": 25
				},
				"2024-07-31": {
					"avg": 20,
					"count": 6,
					"min": 20,
					"max": 20
				},
				"2024-08-02": {
					"avg": 30,
					"count": 1,
					"min": 30,
					"max": 30
				},
				"2024-08-22": {
					"avg": 28,
					"count": 25,
					"min": 28,
					"max": 28
				},
				"2024-09-07": {
					"avg": 60,
					"count": 4,
					"min": 60,
					"max": 60
				}
			},
			"avg": 50,
			"avg7": -1,
			"avg28": -1
		}
	}
}