{
	"data": {
		"holo-good": {
			"history": {
				"2022-11-13": {
					"avg": 470,
					"count": 2
				},
				"2022-11-16": {
					"avg": 1374,
					"count": 2
				},
				"2022-11-17": {
					"avg": 1934,
					"count": 3
				},
				"2022-11-18": {
					"avg": 598,
					"count": 1
				},
				"2022-11-19": {
					"avg": 1208,
					"count": 2,
					"min": 447,
					"max": 1969
				},
				"2022-11-20": {
					"avg": 1229,
					"count": 1,
					"min": 1229,
					"max": 1229
				},
				"2022-11-21": {
					"avg": 1138,
					"count": 1,
					"min": 1138,
					"max": 1138
				},
				"2022-11-24": {
					"avg": 899,
					"count": 1,
					"min": 899,
					"max": 899
				},
				"2022-11-25": {
					"avg": 1250,
					"count": 4,
					"min": 355,
					"max": 2095
				},
				"2022-11-27": {
					"avg": 600,
					"count": 1,
					"min": 600,
					"max": 600
				},
				"2022-11-28": {
					"avg": 1134,
					"count": 11,
					"min": 598,
					"max": 2999
				},
				"2022-11-29": {
					"avg": 2001,
					"count": 1,
					"min": 2001,
					"max": 2001
				},
				"2022-11-30": {
					"avg": 780,
					"count": 4,
					"min": 710,
					"max": 891
				},
				"2022-12-01": {
					"avg": 1043,
					"count": 2,
					"min": 737,
					"max": 1349
				},
				"2022-12-02": {
					"avg": 1699,
					"count": 2,
					"min": 400,
					"max": 2999
				},
				"2022-12-03": {
					"avg": 821,
					"count": 2,
					"min": 750,
					"max": 891
				},
				"2022-12-05": {
					"avg": 549,
					"count": 2,
					"min": 350,
					"max": 748
				},
				"2022-12-06": {
					"avg": 823,
					"count": 2,
					"min": 748,
					"max": 898
				},
				"2022-12-09": {
					"avg": 521,
					"count": 4,
					"min": 449,
					"max": 738
				},
				"2022-12-10": {
					"avg": 772,
					"count": 3,
					"min": 661,
					"max": 898
				},
				"2022-12-12": {
					"avg": 750,
					"count": 1,
					"min": 750,
					"max": 750
				},
				"2022-12-14": {
					"avg": 750,
					"count": 1,
					"min": 750,
					"max": 750
				},
				"2022-12-16": {
					"avg": 715,
					"count": 6,
					"min": 354,
					"max": 1748
				},
				"2022-12-18": {
					"avg": 804,
					"count": 2,
					"min": 710,
					"max": 898
				},
				"2022-12-20": {
					"avg": 848,
					"count": 1,
					"min": 848,
					"max": 848
				},
				"2022-12-23": {
					"avg": 786,
					"count": 3,
					"min": 720,
					"max": 891
				},
				"2022-12-25": {
					"avg": 1750,
					"count": 1,
					"min": 1750,
					"max": 1750
				},
				"2022-12-27": {
					"avg": 598,
					"count": 2,
					"min": 495,
					"max": 700
				},
				"2022-12-28": {
					"avg": 1149,
					"count": 1,
					"min": 1149,
					"max": 1149
				},
				"2022-12-29": {
					"avg": 1360,
					"count": 1,
					"min": 1360,
					"max": 1360
				},
				"2022-12-30": {
					"avg": 1323,
					"count": 8,
					"min": 460,
					"max": 1899
				},
				"2022-12-31": {
					"avg": 425,
					"count": 1,
					"min": 425,
					"max": 425
				},
				"2023-01-01": {
					"avg": 1618,
					"count": 1,
					"min": 1618,
					"max": 1618
				},
				"2023-01-02": {
					"avg": 678,
					"count": 1,
					"min": 678,
					"max": 678
				},
				"2023-01-03": {
					"avg": 1298,
					"count": 1,
					"min": 1298,
					"max": 1298
				},
				"2023-01-04": {
					"avg": 906,
					"count": 5,
					"min": 459,
					"max": 1750
				},
				"2023-01-06": {
					"avg": 862,
					"count": 2,
					"min": 449,
					"max": 1275
				},
				"2023-01-08": {
					"avg": 1241,
					"count": 2,
					"min": 1191,
					"max": 1290
				},
				"2023-01-10": {
					"avg": 629,
					"count": 1,
					"min": 629,
					"max": 629
				},
				"2023-01-11": {
					"avg": 629,
					"count": 1,
					"min": 629,
					"max": 629
				},
				"2023-02-06": {
					"avg": 1098,
					"count": 3,
					"min": 1098,
					"max": 1098
				},
				"2023-02-08": {
					"avg": 2299,
					"count": 1,
					"min": 2299,
					"max": 2299
				},
				"2023-02-10": {
					"avg": 1530,
					"count": 1,
					"min": 1530,
					"max": 1530
				},
				"2023-02-12": {
					"avg": 823,
					"count": 1,
					"min": 823,
					"max": 823
				},
				"2023-02-13": {
					"avg": 1049,
					"count": 2,
					"min": 599,
					"max": 1498
				},
				"2023-02-14": {
					"avg": 1000,
					"count": 1,
					"min": 1000,
					"max": 1000
				},
				"2023-02-15": {
					"avg": 549,
					"count": 1,
					"min": 549,
					"max": 549
				},
				"2023-02-16": {
					"avg": 2149,
					"count": 1,
					"min": 2149,
					"max": 2149
				},
				"2023-02-17": {
					"avg": 2848,
					"count": 2,
					"min": 1997,
					"max": 3699
				},
				"2023-02-18": {
					"avg": 695,
					"count": 1,
					"min": 695,
					"max": 695
				},
				"2023-02-19": {
					"avg": 794,
					"count": 1,
					"min": 794,
					"max": 794
				},
				"2023-02-20": {
					"avg": 2499,
					"count": 1,
					"min": 2499,
					"max": 2499
				},
				"2023-02-21": {
					"avg": 1089,
					"count": 3,
					"min": 549,
					"max": 1995
				},
				"2023-02-23": {
					"avg": 1766,
					"count": 3,
					"min": 699,
					"max": 2499
				},
				"2023-02-24": {
					"avg": 1299,
					"count": 1,
					"min": 1299,
					"max": 1299
				},
				"2023-02-26": {
					"avg": 517,
					"count": 1,
					"min": 517,
					"max": 517
				},
				"2023-02-27": {
					"avg": 515,
					"count": 1,
					"min": 515,
					"max": 515
				},
				"2023-03-01": {
					"avg": 1870,
					"count": 1,
					"min": 1870,
					"max": 1870
				},
				"2023-03-02": {
					"avg": 654,
					"count": 2,
					"min": 514,
					"max": 794
				},
				"2023-03-03": {
					"avg": 1203,
					"count": 4,
					"min": 515,
					"max": 1499
				},
				"2023-03-04": {
					"avg": 1473,
					"count": 3,
					"min": 400,
					"max": 2020
				},
				"2023-03-06": {
					"avg": 1385,
					"count": 1,
					"min": 1385,
					"max": 1385
				},
				"2023-03-07": {
					"avg": 1995,
					"count": 1,
					"min": 1995,
					"max": 1995
				},
				"2023-03-09": {
					"avg": 1997,
					"count": 1,
					"min": 1997,
					"max": 1997
				},
				"2023-03-10": {
					"avg": 1914,
					"count": 4,
					"min": 800,
					"max": 2997
				},
				"2023-03-11": {
					"avg": 695,
					"count": 1,
					"min": 695,
					"max": 695
				},
				"2023-03-14": {
					"avg": 2102,
					"count": 2,
					"min": 1555,
					"max": 2648
				},
				"2023-03-19": {
					"avg": 1097,
					"count": 2,
					"min": 499,
					"max": 1695
				},
				"2023-03-20": {
					"avg": 1498,
					"count": 2,
					"min": 998,
					"max": 1997
				},
				"2023-03-22": {
					"avg": 1197,
					"count": 1,
					"min": 1197,
					"max": 1197
				},
				"2023-03-24": {
					"avg": 720,
					"count": 1,
					"min": 720,
					"max": 720
				},
				"2023-03-26": {
					"avg": 2078,
					"count": 1,
					"min": 2078,
					"max": 2078
				},
				"2023-03-27": {
					"avg": 795,
					"count": 2,
					"min": 790,
					"max": 800
				},
				"2023-03-28": {
					"avg": 1552,
					"count": 1,
					"min": 1552,
					"max": 1552
				},
				"2023-03-29": {
					"avg": 899,
					"count": 1,
					"min": 899,
					"max": 899
				},
				"2023-04-02": {
					"avg": 1483,
					"count": 2,
					"min": 968,
					"max": 1997
				},
				"2023-04-04": {
					"avg": 1627,
					"count": 2,
					"min": 619,
					"max": 2635
				},
				"2023-04-06": {
					"avg": 2549,
					"count": 1,
					"min": 2549,
					"max": 2549
				},
				"2023-04-07": {
					"avg": 1097,
					"count": 2,
					"min": 699,
					"max": 1495
				},
				"2023-04-08": {
					"avg": 878,
					"count": 1,
					"min": 878,
					"max": 878
				},
				"2023-04-10": {
					"avg": 2589,
					"count": 3,
					"min": 2535,
					"max": 2698
				},
				"2023-04-11": {
					"avg": 1649,
					"count": 1,
					"min": 1649,
					"max": 1649
				},
				"2023-04-14": {
					"avg": 597,
					"count": 1,
					"min": 597,
					"max": 597
				},
				"2023-04-15": {
					"avg": 2648,
					"count": 1,
					"min": 2648,
					"max": 2648
				},
				"2023-04-17": {
					"avg": 2499,
					"count": 1,
					"min": 2499,
					"max": 2499
				},
				"2023-04-18": {
					"avg": 1400,
					"count": 1,
					"min": 1400,
					"max": 1400
				},
				"2023-04-19": {
					"avg": 662,
					"count": 2,
					"min": 625,
					"max": 698
				},
				"2023-04-20": {
					"avg": 1099,
					"count": 1,
					"min": 1099,
					"max": 1099
				},
				"2023-04-21": {
					"avg": 2929,
					"count": 3,
					"min": 2792,
					"max": 2997
				},
				"2023-04-22": {
					"avg": 1447,
					"count": 2,
					"min": 1097,
					"max": 1797
				},
				"2023-04-26": {
					"avg": 575,
					"count": 1,
					"min": 575,
					"max": 575
				},
				"2023-04-27": {
					"avg": 1510,
					"count": 2,
					"min": 372,
					"max": 2648
				},
				"2023-04-29": {
					"avg": 1095,
					"count": 1,
					"min": 1095,
					"max": 1095
				},
				"2023-05-02": {
					"avg": 671,
					"count": 1,
					"min": 671,
					"max": 671
				},
				"2023-05-07": {
					"avg": 1419,
					"count": 4,
					"min": 625,
					"max": 1799
				},
				"2023-05-09": {
					"avg": 839,
					"count": 1,
					"min": 839,
					"max": 839
				},
				"2023-05-12": {
					"avg": 1711,
					"count": 2,
					"min": 923,
					"max": 2499
				},
				"2023-05-13": {
					"avg": 651,
					"count": 1,
					"min": 651,
					"max": 651
				},
				"2023-05-15": {
					"avg": 3124,
					"count": 1,
					"min": 3124,
					"max": 3124
				},
				"2023-05-16": {
					"avg": 651,
					"count": 1,
					"min": 651,
					"max": 651
				},
				"2023-05-17": {
					"avg": 1274,
					"count": 3,
					"min": 525,
					"max": 1797
				},
				"2023-05-18": {
					"avg": 1598,
					"count": 2,
					"min": 750,
					"max": 2446
				},
				"2023-05-19": {
					"avg": 437,
					"count": 1,
					"min": 437,
					"max": 437
				},
				"2023-05-20": {
					"avg": 666,
					"count": 1,
					"min": 666,
					"max": 666
				},
				"2023-05-22": {
					"avg": 1500,
					"count": 1,
					"min": 1500,
					"max": 1500
				},
				"2023-05-23": {
					"avg": 1735,
					"count": 2,
					"min": 345,
					"max": 3124
				},
				"2023-05-24": {
					"avg": 3048,
					"count": 5,
					"min": 2997,
					"max": 3124
				},
				"2023-05-25": {
					"avg": 2000,
					"count": 2,
					"min": 1500,
					"max": 2500
				},
				"2023-05-28": {
					"avg": 986,
					"count": 2,
					"min": 876,
					"max": 1095
				},
				"2023-05-29": {
					"avg": 487,
					"count": 1,
					"min": 487,
					"max": 487
				},
				"2023-05-30": {
					"avg": 650,
					"count": 2,
					"min": 649,
					"max": 650
				},
				"2023-05-31": {
					"avg": 1499,
					"count": 2,
					"min": 399,
					"max": 2599
				},
				"2023-06-01": {
					"avg": 699,
					"count": 2,
					"min": 499,
					"max": 899
				},
				"2023-06-03": {
					"avg": 1624,
					"count": 1,
					"min": 1624,
					"max": 1624
				},
				"2023-06-04": {
					"avg": 1654,
					"count": 1,
					"min": 1654,
					"max": 1654
				},
				"2023-06-06": {
					"avg": 1784,
					"count": 7,
					"min": 849,
					"max": 3374
				},
				"2023-06-07": {
					"avg": 399,
					"count": 1,
					"min": 399,
					"max": 399
				},
				"2023-06-10": {
					"avg": 698,
					"count": 1,
					"min": 698,
					"max": 698
				},
				"2023-06-11": {
					"avg": 1499,
					"count": 1,
					"min": 1499,
					"max": 1499
				},
				"2023-06-12": {
					"avg": 1625,
					"count": 1,
					"min": 1625,
					"max": 1625
				},
				"2023-06-13": {
					"avg": 1668,
					"count": 1,
					"min": 1668,
					"max": 1668
				},
				"2023-06-14": {
					"avg": 2997,
					"count": 2,
					"min": 2997,
					"max": 2997
				},
				"2023-06-17": {
					"avg": 1797,
					"count": 1,
					"min": 1797,
					"max": 1797
				},
				"2023-06-18": {
					"avg": 983,
					"count": 7,
					"min": 883,
					"max": 1078
				},
				"2023-06-21": {
					"avg": 2747,
					"count": 4,
					"min": 2495,
					"max": 2997
				},
				"2023-06-22": {
					"avg": 2198,
					"count": 3,
					"min": 1498,
					"max": 2599
				},
				"2023-06-23": {
					"avg": 2848,
					"count": 2,
					"min": 2699,
					"max": 2997
				},
				"2023-06-24": {
					"avg": 1695,
					"count": 1,
					"min": 1695,
					"max": 1695
				},
				"2023-06-25": {
					"avg": 630,
					"count": 2,
					"min": 560,
					"max": 699
				},
				"2023-06-26": {
					"avg": 2265,
					"count": 2,
					"min": 1532,
					"max": 2997
				},
				"2023-06-28": {
					"avg": 2269,
					"count": 2,
					"min": 1541,
					"max": 2997
				},
				"2023-06-29": {
					"avg": 2899,
					"count": 3,
					"min": 2520,
					"max": 3180
				},
				"2023-07-01": {
					"avg": 2654,
					"count": 5,
					"min": 600,
					"max": 3349
				},
				"2023-07-02": {
					"avg": 1797,
					"count": 1,
					"min": 1797,
					"max": 1797
				},
				"2023-07-03": {
					"avg": 2220,
					"count": 3,
					"min": 319,
					"max": 3346
				},
				"2023-07-04": {
					"avg": 462,
					"count": 1,
					"min": 462,
					"max": 462
				},
				"2023-07-07": {
					"avg": 836,
					"count": 4,
					"min": 449,
					"max": 1399
				},
				"2023-07-08": {
					"avg": 3631,
					"count": 1,
					"min": 3631,
					"max": 3631
				},
				"2023-07-11": {
					"avg": 2954,
					"count": 2,
					"min": 1909,
					"max": 3999
				},
				"2023-07-12": {
					"avg": 2800,
					"count": 1,
					"min": 2800,
					"max": 2800
				},
				"2023-07-15": {
					"avg": 2248,
					"count": 2,
					"min": 1645,
					"max": 2850
				},
				"2023-07-16": {
					"avg": 1088,
					"count": 3,
					"min": 721,
					"max": 1645
				},
				"2023-07-17": {
					"avg": 2506,
					"count": 2,
					"min": 1820,
					"max": 3191
				},
				"2023-07-19": {
					"avg": 988,
					"count": 2,
					"min": 671,
					"max": 1305
				},
				"2023-07-21": {
					"avg": 895,
					"count": 1,
					"min": 895,
					"max": 895
				},
				"2023-07-22": {
					"avg": 1310,
					"count": 3,
					"min": 989,
					"max": 1544
				},
				"2023-07-23": {
					"avg": 898,
					"count": 1,
					"min": 898,
					"max": 898
				},
				"2023-07-25": {
					"avg": 2337,
					"count": 2,
					"min": 2074,
					"max": 2599
				},
				"2023-07-26": {
					"avg": 340,
					"count": 1,
					"min": 340,
					"max": 340
				},
				"2023-07-27": {
					"avg": 898,
					"count": 1,
					"min": 898,
					"max": 898
				},
				"2023-07-30": {
					"avg": 2196,
					"count": 2,
					"min": 1893,
					"max": 2499
				},
				"2023-08-01": {
					"avg": 1999,
					"count": 1,
					"min": 1999,
					"max": 1999
				},
				"2023-08-03": {
					"avg": 899,
					"count": 1,
					"min": 899,
					"max": 899
				},
				"2023-08-06": {
					"avg": 1017,
					"count": 1,
					"min": 1017,
					"max": 1017
				},
				"2023-08-07": {
					"avg": 1420,
					"count": 2,
					"min": 1099,
					"max": 1741
				},
				"2023-08-08": {
					"avg": 1316,
					"count": 2,
					"min": 1006,
					"max": 1625
				},
				"2023-08-09": {
					"avg": 1831,
					"count": 2,
					"min": 1770,
					"max": 1893
				},
				"2023-08-10": {
					"avg": 1034,
					"count": 4,
					"min": 850,
					"max": 1237
				},
				"2023-08-11": {
					"avg": 1662,
					"count": 2,
					"min": 1554,
					"max": 1770
				},
				"2023-08-12": {
					"avg": 1298,
					"count": 1,
					"min": 1298,
					"max": 1298
				},
				"2023-08-14": {
					"avg": 513,
					"count": 6,
					"min": 453,
					"max": 558
				},
				"2023-08-16": {
					"avg": 1966,
					"count": 3,
					"min": 1200,
					"max": 2349
				},
				"2023-08-17": {
					"avg": 1199,
					"count": 1,
					"min": 1199,
					"max": 1199
				},
				"2023-08-18": {
					"avg": 925,
					"count": 1,
					"min": 925,
					"max": 925
				},
				"2023-08-21": {
					"avg": 918,
					"count": 1,
					"min": 918,
					"max": 918
				},
				"2023-08-23": {
					"avg": 1048,
					"count": 1,
					"min": 1048,
					"max": 1048
				},
				"2023-08-24": {
					"avg": 1283,
					"count": 3,
					"min": 1050,
					"max": 1399
				},
				"2023-08-25": {
					"avg": 927,
					"count": 1,
					"min": 927,
					"max": 927
				},
				"2023-08-27": {
					"avg": 1448,
					"count": 2,
					"min": 396,
					"max": 2499
				},
				"2023-08-28": {
					"avg": 1248,
					"count": 2,
					"min": 831,
					"max": 1665
				},
				"2023-08-30": {
					"avg": 790,
					"count": 1,
					"min": 790,
					"max": 790
				},
				"2023-09-01": {
					"avg": 906,
					"count": 1,
					"min": 906,
					"max": 906
				},
				"2023-09-05": {
					"avg": 599,
					"count": 1,
					"min": 599,
					"max": 599
				},
				"2023-09-06": {
					"avg": 789,
					"count": 2,
					"min": 591,
					"max": 986
				},
				"2023-09-07": {
					"avg": 594,
					"count": 3,
					"min": 591,
					"max": 599
				},
				"2023-09-08": {
					"avg": 797,
					"count": 2,
					"min": 495,
					"max": 1099
				},
				"2023-09-09": {
					"avg": 593,
					"count": 1,
					"min": 593,
					"max": 593
				},
				"2023-09-10": {
					"avg": 2020,
					"count": 2,
					"min": 1895,
					"max": 2146
				},
				"2023-09-11": {
					"avg": 1199,
					"count": 1,
					"min": 1199,
					"max": 1199
				},
				"2023-09-12": {
					"avg": 1089,
					"count": 1,
					"min": 1089,
					"max": 1089
				},
				"2023-09-14": {
					"avg": 1431,
					"count": 1,
					"min": 1431,
					"max": 1431
				},
				"2023-09-15": {
					"avg": 919,
					"count": 1,
					"min": 919,
					"max": 919
				},
				"2023-09-17": {
					"avg": 1195,
					"count": 1,
					"min": 1195,
					"max": 1195
				},
				"2023-09-20": {
					"avg": 881,
					"count": 1,
					"min": 881,
					"max": 881
				},
				"2023-09-22": {
					"avg": 1880,
					"count": 4,
					"min": 574,
					"max": 2499
				},
				"2023-09-23": {
					"avg": 1684,
					"count": 3,
					"min": 898,
					"max": 3157
				},
				"2023-09-25": {
					"avg": 600,
					"count": 2,
					"min": 500,
					"max": 699
				},
				"2023-09-26": {
					"avg": 885,
					"count": 3,
					"min": 873,
					"max": 909
				},
				"2023-09-27": {
					"avg": 585,
					"count": 3,
					"min": 374,
					"max": 881
				},
				"2023-09-28": {
					"avg": 1848,
					"count": 2,
					"min": 1400,
					"max": 2295
				},
				"2023-10-01": {
					"avg": 1572,
					"count": 1,
					"min": 1572,
					"max": 1572
				},
				"2023-10-02": {
					"avg": 508,
					"count": 5,
					"min": 400,
					"max": 636
				},
				"2023-10-03": {
					"avg": 834,
					"count": 1,
					"min": 834,
					"max": 834
				},
				"2023-10-05": {
					"avg": 925,
					"count": 1,
					"min": 925,
					"max": 925
				},
				"2023-10-06": {
					"avg": 1239,
					"count": 4,
					"min": 500,
					"max": 1801
				},
				"2023-10-08": {
					"avg": 1051,
					"count": 7,
					"min": 500,
					"max": 2358
				},
				"2023-10-09": {
					"avg": 966,
					"count": 2,
					"min": 833,
					"max": 1100
				},
				"2023-10-13": {
					"avg": 1369,
					"count": 3,
					"min": 750,
					"max": 2399
				},
				"2023-10-14": {
					"avg": 2631,
					"count": 2,
					"min": 2631,
					"max": 2631
				},
				"2023-10-16": {
					"avg": 1265,
					"count": 3,
					"min": 698,
					"max": 1549
				},
				"2023-10-17": {
					"avg": 800,
					"count": 1,
					"min": 800,
					"max": 800
				},
				"2023-10-18": {
					"avg": 1450,
					"count": 1,
					"min": 1450,
					"max": 1450
				},
				"2023-10-20": {
					"avg": 1286,
					"count": 4,
					"min": 900,
					"max": 1945
				},
				"2023-10-21": {
					"avg": 999,
					"count": 1,
					"min": 999,
					"max": 999
				},
				"2023-10-22": {
					"avg": 600,
					"count": 1,
					"min": 600,
					"max": 600
				},
				"2023-10-24": {
					"avg": 900,
					"count": 2,
					"min": 601,
					"max": 1200
				},
				"2023-10-26": {
					"avg": 1198,
					"count": 1,
					"min": 1198,
					"max": 1198
				},
				"2023-10-27": {
					"avg": 887,
					"count": 4,
					"min": 815,
					"max": 1069
				},
				"2023-10-30": {
					"avg": 2495,
					"count": 1,
					"min": 2495,
					"max": 2495
				},
				"2023-10-31": {
					"avg": 237,
					"count": 1,
					"min": 237,
					"max": 237
				},
				"2023-11-01": {
					"avg": 767,
					"count": 1,
					"min": 767,
					"max": 767
				},
				"2023-11-04": {
					"avg": 789,
					"count": 2,
					"min": 678,
					"max": 900
				},
				"2023-11-05": {
					"avg": 1001,
					"count": 1,
					"min": 1001,
					"max": 1001
				},
				"2023-11-06": {
					"avg": 891,
					"count": 1,
					"min": 891,
					"max": 891
				},
				"2023-11-11": {
					"avg": 2398,
					"count": 1,
					"min": 2398,
					"max": 2398
				},
				"2023-11-12": {
					"avg": 698,
					"count": 2,
					"min": 698,
					"max": 698
				},
				"2023-11-13": {
					"avg": 1571,
					"count": 3,
					"min": 964,
					"max": 2648
				},
				"2023-11-14": {
					"avg": 621,
					"count": 2,
					"min": 441,
					"max": 801
				},
				"2023-11-17": {
					"avg": 1180,
					"count": 4,
					"min": 799,
					"max": 2170
				},
				"2023-11-18": {
					"avg": 851,
					"count": 2,
					"min": 803,
					"max": 899
				},
				"2023-11-19": {
					"avg": 2170,
					"count": 1,
					"min": 2170,
					"max": 2170
				},
				"2023-11-20": {
					"avg": 1387,
					"count": 1,
					"min": 1387,
					"max": 1387
				},
				"2023-11-22": {
					"avg": 1387,
					"count": 2,
					"min": 1387,
					"max": 1387
				},
				"2023-11-24": {
					"avg": 751,
					"count": 13,
					"min": 374,
					"max": 1401
				},
				"2023-11-25": {
					"avg": 2624,
					"count": 1,
					"min": 2624,
					"max": 2624
				},
				"2023-11-26": {
					"avg": 1001,
					"count": 2,
					"min": 850,
					"max": 1152
				},
				"2023-11-27": {
					"avg": 802,
					"count": 2,
					"min": 754,
					"max": 850
				},
				"2024-05-16": {
					"avg": 1329,
					"count": 2,
					"min": 1299,
					"max": 1358
				},
				"2024-05-17": {
					"avg": 1257,
					"count": 9,
					"min": 648,
					"max": 3125
				},
				"2024-05-18": {
					"avg": 974,
					"count": 5,
					"min": 881,
					"max": 1099
				},
				"2024-05-21": {
					"avg": 1956,
					"count": 1,
					"min": 1956,
					"max": 1956
				},
				"2024-05-22": {
					"avg": 2495,
					"count": 1,
					"min": 2495,
					"max": 2495
				},
				"2024-05-23": {
					"avg": 616,
					"count": 1,
					"min": 616,
					"max": 616
				},
				"2024-05-26": {
					"avg": 1197,
					"count": 1,
					"min": 1197,
					"max": 1197
				},
				"2024-05-29": {
					"avg": 1300,
					"count": 1,
					"min": 1300,
					"max": 1300
				},
				"2024-06-05": {
					"avg": 996,
					"count": 1,
					"min": 996,
					"max": 996
				},
				"2024-06-07": {
					"avg": 1428,
					"count": 3,
					"min": 1049,
					"max": 1933
				},
				"2024-06-11": {
					"avg": 1699,
					"count": 1,
					"min": 1699,
					"max": 1699
				},
				"2024-06-12": {
					"avg": 899,
					"count": 2,
					"min": 899,
					"max": 899
				},
				"2024-06-13": {
					"avg": 1096,
					"count": 1,
					"min": 1096,
					"max": 1096
				},
				"2024-06-14": {
					"avg": 1300,
					"count": 1,
					"min": 1300,
					"max": 1300
				},
				"2024-06-17": {
					"avg": 1196,
					"count": 1,
					"min": 1196,
					"max": 1196
				},
				"2024-06-18": {
					"avg": 1196,
					"count": 1,
					"min": 1196,
					"max": 1196
				},
				"2024-06-21": {
					"avg": 1195,
					"count": 2,
					"min": 1195,
					"max": 1195
				},
				"2024-06-24": {
					"avg": 1293,
					"count": 6,
					"min": 1197,
					"max": 1359
				},
				"2024-06-25": {
					"avg": 1990,
					"count": 1,
					"min": 1990,
					"max": 1990
				},
				"2024-06-26": {
					"avg": 2000,
					"count": 1,
					"min": 2000,
					"max": 2000
				},
				"2024-06-27": {
					"avg": 1272,
					"count": 3,
					"min": 1196,
					"max": 1321
				},
				"2024-06-28": {
					"avg": 1186,
					"count": 1,
					"min": 1186,
					"max": 1186
				},
				"2024-06-29": {
					"avg": 2086,
					"count": 1,
					"min": 2086,
					"max": 2086
				},
				"2024-07-02": {
					"avg": 2299,
					"count": 1,
					"min": 2299,
					"max": 2299
				},
				"2024-07-03": {
					"avg": 1349,
					"count": 1,
					"min": 1349,
					"max": 1349
				},
				"2024-07-05": {
					"avg": 1375,
					"count": 1,
					"min": 1375,
					"max": 1375
				},
				"2024-07-09": {
					"avg": 1254,
					"count": 1,
					"min": 1254,
					"max": 1254
				},
				"2024-07-10": {
					"avg": 1200,
					"count": 1,
					"min": 1200,
					"max": 1200
				},
				"2024-07-15": {
					"avg": 2024,
					"count": 1,
					"min": 2024,
					"max": 2024
				},
				"2024-07-18": {
					"avg": 899,
					"count": 1,
					"min": 899,
					"max": 899
				},
				"2024-07-19": {
					"avg": 2029,
					"count": 1,
					"min": 2029,
					"max": 2029
				},
				"2024-07-25": {
					"avg": 1319,
					"count": 4,
					"min": 900,
					"max": 1503
				},
				"2024-07-31": {
					"avg": 1333,
					"count": 1,
					"min": 1333,
					"max": 1333
				},
				"2024-08-02": {
					"avg": 899,
					"count": 1,
					"min": 899,
					"max": 899
				},
				"2024-08-05": {
					"avg": 1400,
					"count": 1,
					"min": 1400,
					"max": 1400
				},
				"2024-08-06": {
					"avg": 1395,
					"count": 1,
					"min": 1395,
					"max": 1395
				},
				"2024-08-07": {
					"avg": 1717,
					"count": 2,
					"min": 1395,
					"max": 2038
				},
				"2024-08-09": {
					"avg": 1426,
					"count": 1,
					"min": 1426,
					"max": 1426
				},
				"2024-08-13": {
					"avg": 1375,
					"count": 2,
					"min": 1363,
					"max": 1387
				},
				"2024-08-14": {
					"avg": 1387,
					"count": 1,
					"min": 1387,
					"max": 1387
				},
				"2024-08-15": {
					"avg": 1685,
					"count": 1,
					"min": 1685,
					"max": 1685
				},
				"2024-08-19": {
					"avg": 1685,
					"count": 1,
					"min": 1685,
					"max": 1685
				},
				"2024-08-22": {
					"avg": 1624,
					"count": 1,
					"min": 1624,
					"max": 1624
				},
				"2024-08-23": {
					"avg": 1387,
					"count": 1,
					"min": 1387,
					"max": 1387
				},
				"2024-08-27": {
					"avg": 1387,
					"count": 2,
					"min": 1387,
					"max": 1387
				},
				"2024-08-29": {
					"avg": 1631,
					"count": 1,
					"min": 1631,
					"max": 1631
				},
				"2024-09-02": {
					"avg": 1399,
					"count": 1,
					"min": 1399,
					"max": 1399
				},
				"2024-09-03": {
					"avg": 1383,
					"count": 1,
					"min": 1383,
					"max": 1383
				},
				"2024-09-07": {
					"avg": 1625,
					"count": 1,
					"min": 1625,
					"max": 1625
				},
				"2024-09-11": {
					"avg": 1727,
					"count": 1,
					"min": 1727,
					"max": 1727
				},
				"2024-09-12": {
					"avg": 1726,
					"count": 1,
					"min": 1726,
					"max": 1726
				},
				"2024-09-15": {
					"avg": 1339,
					"count": 2,
					"min": 1276,
					"max": 1402
				},
				"2024-09-18": {
					"avg": 1325,
					"count": 1,
					"min": 1325,
					"max": 1325
				},
				"2024-09-19": {
					"avg": 1324,
					"count": 1,
					"min": 1324,
					"max": 1324
				},
				"2024-09-20": {
					"avg": 1231,
					"count": 1,
					"min": 1231,
					"max": 1231
				}
			},
			"avg": 1333,
			"avg7": 1294,
			"avg28": 1294
		},
		"holo-used": {
			"history": {
				"2024-05-24": {
					"avg": 612,
					"count": 1,
					"min": 612,
					"max": 612
				},
				"2024-05-27": {
					"avg": 667,
					"count": 1,
					"min": 667,
					"max": 667
				},
				"2024-06-08": {
					"avg": 623,
					"count": 1,
					"min": 623,
					"max": 623
				},
				"2024-06-09": {
					"avg": 623,
					"count": 1,
					"min": 623,
					"max": 623
				},
				"2024-06-15": {
					"avg": 698,
					"count": 1,
					"min": 698,
					"max": 698
				},
				"2024-06-22": {
					"avg": 600,
					"count": 1,
					"min": 600,
					"max": 600
				},
				"2024-07-03": {
					"avg": 813,
					"count": 2,
					"min": 665,
					"max": 961
				},
				"2024-07-18": {
					"avg": 604,
					"count": 1,
					"min": 604,
					"max": 604
				},
				"2024-07-23": {
					"avg": 590,
					"count": 1,
					"min": 590,
					"max": 590
				},
				"2024-07-28": {
					"avg": 602,
					"count": 1,
					"min": 602,
					"max": 602
				},
				"2024-07-29": {
					"avg": 590,
					"count": 1,
					"min": 590,
					"max": 590
				},
				"2024-07-31": {
					"avg": 599,
					"count": 1,
					"min": 599,
					"max": 599
				},
				"2024-08-19": {
					"avg": 647,
					"count": 1,
					"min": 647,
					"max": 647
				},
				"2024-08-30": {
					"avg": 647,
					"count": 1,
					"min": 647,
					"max": 647
				},
				"2024-08-31": {
					"avg": 1321,
					"count": 1,
					"min": 1321,
					"max": 1321
				},
				"2024-09-07": {
					"avg": 651,
					"count": 4,
					"min": 529,
					"max": 776
				},
				"2024-09-20": {
					"avg": 678,
					"count": 1,
					"min": 678,
					"max": 678
				}
			},
			"avg": 682,
			"avg7": -1,
			"avg28": -1
		},
		"holo-nearmint": {
			"history": {
				"2024-05-24": {
					"avg": 2223,
					"count": 1,
					"min": 2223,
					"max": 2223
				},
				"2024-05-25": {
					"avg": 2282,
					"count": 1,
					"min": 2282,
					"max": 2282
				},
				"2024-05-27": {
					"avg": 1957,
					"count": 1,
					"min": 1957,
					"max": 1957
				},
				"2024-06-03": {
					"avg": 2449,
					"count": 1,
					"min": 2449,
					"max": 2449
				},
				"2024-06-06": {
					"avg": 2166,
					"count": 1,
					"min": 2166,
					"max": 2166
				},
				"2024-06-08": {
					"avg": 2197,
					"count": 1,
					"min": 2197,
					"max": 2197
				},
				"2024-06-22": {
					"avg": 2271,
					"count": 1,
					"min": 2271,
					"max": 2271
				},
				"2024-06-26": {
					"avg": 2200,
					"count": 1,
					"min": 2200,
					"max": 2200
				},
				"2024-06-28": {
					"avg": 1952,
					"count": 1,
					"min": 1952,
					"max": 1952
				},
				"2024-06-30": {
					"avg": 1949,
					"count": 1,
					"min": 1949,
					"max": 1949
				},
				"2024-07-09": {
					"avg": 1953,
					"count": 1,
					"min": 1953,
					"max": 1953
				},
				"2024-07-11": {
					"avg": 3194,
					"count": 1,
					"min": 3194,
					"max": 3194
				},
				"2024-07-14": {
					"avg": 4216,
					"count": 1,
					"min": 4216,
					"max": 4216
				},
				"2024-07-16": {
					"avg": 2099,
					"count": 1,
					"min": 2099,
					"max": 2099
				},
				"2024-07-19": {
					"avg": 2463,
					"count": 2,
					"min": 1936,
					"max": 2990
				},
				"2024-07-22": {
					"avg": 2467,
					"count": 2,
					"min": 1939,
					"max": 2994
				},
				"2024-07-23": {
					"avg": 1939,
					"count": 1,
					"min": 1939,
					"max": 1939
				},
				"2024-07-29": {
					"avg": 3148,
					"count": 1,
					"min": 3148,
					"max": 3148
				},
				"2024-08-06": {
					"avg": 2185,
					"count": 1,
					"min": 2185,
					"max": 2185
				},
				"2024-08-09": {
					"avg": 2095,
					"count": 1,
					"min": 2095,
					"max": 2095
				},
				"2024-08-10": {
					"avg": 2095,
					"count": 1,
					"min": 2095,
					"max": 2095
				},
				"2024-08-14": {
					"avg": 2051,
					"count": 1,
					"min": 2051,
					"max": 2051
				},
				"2024-08-15": {
					"avg": 3127,
					"count": 1,
					"min": 3127,
					"max": 3127
				},
				"2024-08-16": {
					"avg": 2100,
					"count": 1,
					"min": 2100,
					"max": 2100
				},
				"2024-08-18": {
					"avg": 2298,
					"count": 1,
					"min": 2298,
					"max": 2298
				},
				"2024-08-19": {
					"avg": 2095,
					"count": 1,
					"min": 2095,
					"max": 2095
				},
				"2024-08-27": {
					"avg": 2095,
					"count": 2,
					"min": 2095,
					"max": 2095
				},
				"2024-08-29": {
					"avg": 2316,
					"count": 1,
					"min": 2316,
					"max": 2316
				},
				"2024-09-11": {
					"avg": 2152,
					"count": 1,
					"min": 2152,
					"max": 2152
				},
				"2024-09-16": {
					"avg": 2400,
					"count": 1,
					"min": 2400,
					"max": 2400
				},
				"2024-09-19": {
					"avg": 2390,
					"count": 2,
					"min": 2089,
					"max": 2690
				},
				"2024-09-20": {
					"avg": 2163,
					"count": 1,
					"min": 2163,
					"max": 2163
				},
				"2024-09-23": {
					"avg": 2088,
					"count": 1,
					"min": 2088,
					"max": 2088
				}
			},
			"avg": 2329,
			"avg7": -1,
			"avg28": -1
		},
		"holo-played": {
			"history": {
				"2024-05-26": {
					"avg": 961,
					"count": 1,
					"min": 961,
					"max": 961
				},
				"2024-05-31": {
					"avg": 860,
					"count": 1,
					"min": 860,
					"max": 860
				},
				"2024-06-01": {
					"avg": 861,
					"count": 1,
					"min": 861,
					"max": 861
				},
				"2024-06-03": {
					"avg": 850,
					"count": 1,
					"min": 850,
					"max": 850
				},
				"2024-06-11": {
					"avg": 949,
					"count": 1,
					"min": 949,
					"max": 949
				},
				"2024-06-12": {
					"avg": 849,
					"count": 1,
					"min": 849,
					"max": 849
				},
				"2024-06-14": {
					"avg": 848,
					"count": 1,
					"min": 848,
					"max": 848
				},
				"2024-06-17": {
					"avg": 833,
					"count": 1,
					"min": 833,
					"max": 833
				},
				"2024-06-20": {
					"avg": 750,
					"count": 1,
					"min": 750,
					"max": 750
				},
				"2024-06-29": {
					"avg": 849,
					"count": 1,
					"min": 849,
					"max": 849
				},
				"2024-06-30": {
					"avg": 835,
					"count": 1,
					"min": 835,
					"max": 835
				},
				"2024-07-04": {
					"avg": 835,
					"count": 1,
					"min": 835,
					"max": 835
				},
				"2024-07-09": {
					"avg": 849,
					"count": 1,
					"min": 849,
					"max": 849
				},
				"2024-07-17": {
					"avg": 1100,
					"count": 2,
					"min": 899,
					"max": 1300
				},
				"2024-07-19": {
					"avg": 804,
					"count": 1,
					"min": 804,
					"max": 804
				},
				"2024-07-20": {
					"avg": 827,
					"count": 2,
					"min": 804,
					"max": 849
				},
				"2024-07-22": {
					"avg": 849,
					"count": 1,
					"min": 849,
					"max": 849
				},
				"2024-07-23": {
					"avg": 984,
					"count": 1,
					"min": 984,
					"max": 984
				},
				"2024-07-24": {
					"avg": 818,
					"count": 1,
					"min": 818,
					"max": 818
				},
				"2024-07-27": {
					"avg": 699,
					"count": 1,
					"min": 699,
					"max": 699
				},
				"2024-07-31": {
					"avg": 1090,
					"count": 2,
					"min": 899,
					"max": 1280
				},
				"2024-08-03": {
					"avg": 1198,
					"count": 1,
					"min": 1198,
					"max": 1198
				},
				"2024-08-06": {
					"avg": 749,
					"count": 1,
					"min": 749,
					"max": 749
				},
				"2024-08-07": {
					"avg": 749,
					"count": 1,
					"min": 749,
					"max": 749
				},
				"2024-08-11": {
					"avg": 957,
					"count": 3,
					"min": 805,
					"max": 1128
				},
				"2024-08-13": {
					"avg": 749,
					"count": 1,
					"min": 749,
					"max": 749
				},
				"2024-08-15": {
					"avg": 1372,
					"count": 2,
					"min": 749,
					"max": 1994
				},
				"2024-08-16": {
					"avg": 1882,
					"count": 1,
					"min": 1882,
					"max": 1882
				},
				"2024-08-20": {
					"avg": 789,
					"count": 1,
					"min": 789,
					"max": 789
				},
				"2024-08-22": {
					"avg": 894,
					"count": 2,
					"min": 788,
					"max": 1000
				},
				"2024-08-23": {
					"avg": 899,
					"count": 1,
					"min": 899,
					"max": 899
				},
				"2024-08-28": {
					"avg": 824,
					"count": 1,
					"min": 824,
					"max": 824
				},
				"2024-08-30": {
					"avg": 724,
					"count": 2,
					"min": 699,
					"max": 749
				},
				"2024-09-01": {
					"avg": 699,
					"count": 1,
					"min": 699,
					"max": 699
				},
				"2024-09-02": {
					"avg": 699,
					"count": 1,
					"min": 699,
					"max": 699
				},
				"2024-09-03": {
					"avg": 999,
					"count": 3,
					"min": 899,
					"max": 1048
				},
				"2024-09-04": {
					"avg": 749,
					"count": 2,
					"min": 749,
					"max": 749
				},
				"2024-09-06": {
					"avg": 745,
					"count": 1,
					"min": 745,
					"max": 745
				},
				"2024-09-07": {
					"avg": 781,
					"count": 2,
					"min": 745,
					"max": 816
				},
				"2024-09-09": {
					"avg": 932,
					"count": 1,
					"min": 932,
					"max": 932
				},
				"2024-09-13": {
					"avg": 749,
					"count": 1,
					"min": 749,
					"max": 749
				},
				"2024-09-14": {
					"avg": 1345,
					"count": 2,
					"min": 695,
					"max": 1994
				},
				"2024-09-17": {
					"avg": 746,
					"count": 4,
					"min": 695,
					"max": 899
				},
				"2024-09-21": {
					"avg": 785,
					"count": 2,
					"min": 690,
					"max": 879
				}
			},
			"avg": 904,
			"avg7": -1,
			"avg28": -1
		},
		"holo-poor": {
			"history": {
				"2024-06-04": {
					"avg": 621,
					"count": 1,
					"min": 621,
					"max": 621
				},
				"2024-06-27": {
					"avg": 555,
					"count": 1,
					"min": 555,
					"max": 555
				},
				"2024-06-28": {
					"avg": 555,
					"count": 1,
					"min": 555,
					"max": 555
				},
				"2024-07-03": {
					"avg": 555,
					"count": 1,
					"min": 555,
					"max": 555
				},
				"2024-07-04": {
					"avg": 500,
					"count": 1,
					"min": 500,
					"max": 500
				},
				"2024-07-12": {
					"avg": 577,
					"count": 2,
					"min": 555,
					"max": 598
				},
				"2024-07-16": {
					"avg": 564,
					"count": 2,
					"min": 555,
					"max": 572
				},
				"2024-07-17": {
					"avg": 556,
					"count": 1,
					"min": 556,
					"max": 556
				},
				"2024-07-20": {
					"avg": 789,
					"count": 2,
					"min": 578,
					"max": 999
				},
				"2024-07-23": {
					"avg": 639,
					"count": 2,
					"min": 582,
					"max": 695
				},
				"2024-08-19": {
					"avg": 597,
					"count": 1,
					"min": 597,
					"max": 597
				},
				"2024-08-20": {
					"avg": 501,
					"count": 1,
					"min": 501,
					"max": 501
				},
				"2024-08-21": {
					"avg": 591,
					"count": 1,
					"min": 591,
					"max": 591
				},
				"2024-08-29": {
					"avg": 450,
					"count": 1,
					"min": 450,
					"max": 450
				},
				"2024-09-04": {
					"avg": 549,
					"count": 1,
					"min": 549,
					"max": 549
				},
				"2024-09-12": {
					"avg": 592,
					"count": 1,
					"min": 592,
					"max": 592
				},
				"2024-09-18": {
					"avg": 591,
					"count": 1,
					"min": 591,
					"max": 591
				},
				"2024-09-19": {
					"avg": 465,
					"count": 1,
					"min": 465,
					"max": 465
				},
				"2024-09-22": {
					"avg": 465,
					"count": 1,
					"min": 465,
					"max": 465
				}
			},
			"avg": 577,
			"avg7": -1,
			"avg28": -1
		}
	}
}