{
	"data": {
		"normal-good": {
			"history": {
				"2022-11-13": {
					"avg": 99,
					"count": 8
				},
				"2022-11-16": {
					"avg": 149,
					"count": 2
				},
				"2022-11-18": {
					"avg": 252,
					"count": 1
				},
				"2022-11-19": {
					"avg": 178,
					"count": 1,
					"min": 178,
					"max": 178
				},
				"2022-11-21": {
					"avg": 49,
					"count": 1,
					"min": 49,
					"max": 49
				},
				"2022-11-23": {
					"avg": 150,
					"count": 1,
					"min": 150,
					"max": 150
				},
				"2022-11-25": {
					"avg": 268,
					"count": 1,
					"min": 268,
					"max": 268
				},
				"2022-11-27": {
					"avg": 194,
					"count": 2,
					"min": 169,
					"max": 219
				},
				"2022-11-28": {
					"avg": 158,
					"count": 7,
					"min": 132,
					"max": 219
				},
				"2022-11-29": {
					"avg": 184,
					"count": 2,
					"min": 100,
					"max": 268
				},
				"2022-12-01": {
					"avg": 125,
					"count": 2,
					"min": 100,
					"max": 150
				},
				"2022-12-03": {
					"avg": 219,
					"count": 1,
					"min": 219,
					"max": 219
				},
				"2022-12-04": {
					"avg": 148,
					"count": 1,
					"min": 148,
					"max": 148
				},
				"2022-12-05": {
					"avg": 214,
					"count": 5,
					"min": 85,
					"max": 321
				},
				"2022-12-12": {
					"avg": 217,
					"count": 1,
					"min": 217,
					"max": 217
				},
				"2022-12-13": {
					"avg": 171,
					"count": 1,
					"min": 171,
					"max": 171
				},
				"2022-12-14": {
					"avg": 171,
					"count": 1,
					"min": 171,
					"max": 171
				},
				"2022-12-16": {
					"avg": 172,
					"count": 1,
					"min": 172,
					"max": 172
				},
				"2022-12-18": {
					"avg": 198,
					"count": 1,
					"min": 198,
					"max": 198
				},
				"2022-12-20": {
					"avg": 196,
					"count": 3,
					"min": 70,
					"max": 264
				},
				"2022-12-25": {
					"avg": 102,
					"count": 2,
					"min": 100,
					"max": 103
				},
				"2022-12-27": {
					"avg": 367,
					"count": 2,
					"min": 231,
					"max": 502
				},
				"2022-12-28": {
					"avg": 285,
					"count": 2,
					"min": 281,
					"max": 289
				},
				"2022-12-29": {
					"avg": 743,
					"count": 4,
					"min": 743,
					"max": 743
				},
				"2022-12-30": {
					"avg": 219,
					"count": 4,
					"min": 57,
					"max": 381
				},
				"2022-12-31": {
					"avg": 104,
					"count": 3,
					"min": 80,
					"max": 153
				},
				"2023-01-01": {
					"avg": 197,
					"count": 1,
					"min": 197,
					"max": 197
				},
				"2023-01-02": {
					"avg": 296,
					"count": 2,
					"min": 289,
					"max": 303
				},
				"2023-01-04": {
					"avg": 199,
					"count": 1,
					"min": 199,
					"max": 199
				},
				"2023-01-05": {
					"avg": 176,
					"count": 2,
					"min": 102,
					"max": 250
				},
				"2023-01-06": {
					"avg": 298,
					"count": 1,
					"min": 298,
					"max": 298
				},
				"2023-01-07": {
					"avg": 250,
					"count": 1,
					"min": 250,
					"max": 250
				},
				"2023-01-08": {
					"avg": 259,
					"count": 2,
					"min": 250,
					"max": 267
				},
				"2023-01-11": {
					"avg": 197,
					"count": 1,
					"min": 197,
					"max": 197
				},
				"2023-02-06": {
					"avg": 187,
					"count": 10,
					"min": 187,
					"max": 187
				},
				"2023-02-10": {
					"avg": 474,
					"count": 1,
					"min": 474,
					"max": 474
				},
				"2023-02-11": {
					"avg": 283,
					"count": 1,
					"min": 283,
					"max": 283
				},
				"2023-02-13": {
					"avg": 124,
					"count": 3,
					"min": 124,
					"max": 124
				},
				"2023-02-14": {
					"avg": 312,
					"count": 2,
					"min": 312,
					"max": 312
				},
				"2023-02-15": {
					"avg": 238,
					"count": 1,
					"min": 238,
					"max": 238
				},
				"2023-02-16": {
					"avg": 158,
					"count": 1,
					"min": 158,
					"max": 158
				},
				"2023-02-18": {
					"avg": 158,
					"count": 1,
					"min": 158,
					"max": 158
				},
				"2023-02-19": {
					"avg": 125,
					"count": 1,
					"min": 125,
					"max": 125
				},
				"2023-02-20": {
					"avg": 458,
					"count": 1,
					"min": 458,
					"max": 458
				},
				"2023-02-21": {
					"avg": 214,
					"count": 2,
					"min": 95,
					"max": 334
				},
				"2023-02-23": {
					"avg": 202,
					"count": 2,
					"min": 159,
					"max": 244
				},
				"2023-02-24": {
					"avg": 210,
					"count": 2,
					"min": 99,
					"max": 321
				},
				"2023-02-26": {
					"avg": 191,
					"count": 1,
					"min": 191,
					"max": 191
				},
				"2023-02-28": {
					"avg": 99,
					"count": 1,
					"min": 99,
					"max": 99
				},
				"2023-03-05": {
					"avg": 290,
					"count": 2,
					"min": 246,
					"max": 334
				},
				"2023-03-07": {
					"avg": 256,
					"count": 1,
					"min": 256,
					"max": 256
				},
				"2023-03-09": {
					"avg": 209,
					"count": 1,
					"min": 209,
					"max": 209
				},
				"2023-03-12": {
					"avg": 225,
					"count": 1,
					"min": 225,
					"max": 225
				},
				"2023-03-13": {
					"avg": 262,
					"count": 5,
					"min": 246,
					"max": 324
				},
				"2023-03-14": {
					"avg": 555,
					"count": 3,
					"min": 298,
					"max": 683
				},
				"2023-03-15": {
					"avg": 209,
					"count": 1,
					"min": 209,
					"max": 209
				},
				"2023-03-23": {
					"avg": 192,
					"count": 1,
					"min": 192,
					"max": 192
				},
				"2023-03-24": {
					"avg": 459,
					"count": 1,
					"min": 459,
					"max": 459
				},
				"2023-03-25": {
					"avg": 225,
					"count": 1,
					"min": 225,
					"max": 225
				},
				"2023-03-29": {
					"avg": 251,
					"count": 1,
					"min": 251,
					"max": 251
				},
				"2023-04-03": {
					"avg": 287,
					"count": 2,
					"min": 225,
					"max": 349
				},
				"2023-04-05": {
					"avg": 568,
					"count": 1,
					"min": 568,
					"max": 568
				},
				"2023-04-06": {
					"avg": 324,
					"count": 1,
					"min": 324,
					"max": 324
				},
				"2023-04-07": {
					"avg": 299,
					"count": 1,
					"min": 299,
					"max": 299
				},
				"2023-04-08": {
					"avg": 185,
					"count": 2,
					"min": 177,
					"max": 193
				},
				"2023-04-09": {
					"avg": 228,
					"count": 1,
					"min": 228,
					"max": 228
				},
				"2023-04-18": {
					"avg": 184,
					"count": 3,
					"min": 184,
					"max": 184
				},
				"2023-04-21": {
					"avg": 246,
					"count": 1,
					"min": 246,
					"max": 246
				},
				"2023-04-26": {
					"avg": 105,
					"count": 2,
					"min": 61,
					"max": 149
				},
				"2023-05-01": {
					"avg": 276,
					"count": 1,
					"min": 276,
					"max": 276
				},
				"2023-05-02": {
					"avg": 334,
					"count": 1,
					"min": 334,
					"max": 334
				},
				"2023-05-03": {
					"avg": 235,
					"count": 5,
					"min": 192,
					"max": 309
				},
				"2023-05-04": {
					"avg": 290,
					"count": 13,
					"min": 250,
					"max": 308
				},
				"2023-05-05": {
					"avg": 225,
					"count": 1,
					"min": 225,
					"max": 225
				},
				"2023-05-07": {
					"avg": 309,
					"count": 1,
					"min": 309,
					"max": 309
				},
				"2023-05-08": {
					"avg": 192,
					"count": 1,
					"min": 192,
					"max": 192
				},
				"2023-05-11": {
					"avg": 64,
					"count": 1,
					"min": 64,
					"max": 64
				},
				"2023-05-12": {
					"avg": 195,
					"count": 1,
					"min": 195,
					"max": 195
				},
				"2023-05-14": {
					"avg": 399,
					"count": 1,
					"min": 399,
					"max": 399
				},
				"2023-05-15": {
					"avg": 221,
					"count": 2,
					"min": 195,
					"max": 246
				},
				"2023-05-16": {
					"avg": 246,
					"count": 1,
					"min": 246,
					"max": 246
				},
				"2023-05-21": {
					"avg": 259,
					"count": 1,
					"min": 259,
					"max": 259
				},
				"2023-05-24": {
					"avg": 225,
					"count": 1,
					"min": 225,
					"max": 225
				},
				"2023-05-28": {
					"avg": 245,
					"count": 6,
					"min": 140,
					"max": 351
				},
				"2023-05-29": {
					"avg": 238,
					"count": 3,
					"min": 189,
					"max": 299
				},
				"2023-06-01": {
					"avg": 277,
					"count": 5,
					"min": 99,
					"max": 598
				},
				"2023-06-03": {
					"avg": 268,
					"count": 1,
					"min": 268,
					"max": 268
				},
				"2023-06-06": {
					"avg": 299,
					"count": 5,
					"min": 250,
					"max": 493
				},
				"2023-06-07": {
					"avg": 299,
					"count": 1,
					"min": 299,
					"max": 299
				},
				"2023-06-10": {
					"avg": 100,
					"count": 1,
					"min": 100,
					"max": 100
				},
				"2023-06-12": {
					"avg": 299,
					"count": 1,
					"min": 299,
					"max": 299
				},
				"2023-06-13": {
					"avg": 178,
					"count": 2,
					"min": 50,
					"max": 306
				},
				"2023-06-14": {
					"avg": 203,
					"count": 1,
					"min": 203,
					"max": 203
				},
				"2023-06-16": {
					"avg": 122,
					"count": 1,
					"min": 122,
					"max": 122
				},
				"2023-06-17": {
					"avg": 250,
					"count": 1,
					"min": 250,
					"max": 250
				},
				"2023-06-18": {
					"avg": 305,
					"count": 1,
					"min": 305,
					"max": 305
				},
				"2023-06-20": {
					"avg": 485,
					"count": 3,
					"min": 257,
					"max": 698
				},
				"2023-06-21": {
					"avg": 230,
					"count": 2,
					"min": 225,
					"max": 234
				},
				"2023-06-28": {
					"avg": 235,
					"count": 7,
					"min": 124,
					"max": 351
				},
				"2023-06-29": {
					"avg": 304,
					"count": 1,
					"min": 304,
					"max": 304
				},
				"2023-07-02": {
					"avg": 128,
					"count": 2,
					"min": 56,
					"max": 200
				},
				"2023-07-03": {
					"avg": 153,
					"count": 2,
					"min": 99,
					"max": 206
				},
				"2023-07-04": {
					"avg": 166,
					"count": 1,
					"min": 166,
					"max": 166
				},
				"2023-07-06": {
					"avg": 114,
					"count": 1,
					"min": 114,
					"max": 114
				},
				"2023-07-07": {
					"avg": 256,
					"count": 3,
					"min": 214,
					"max": 303
				},
				"2023-07-10": {
					"avg": 459,
					"count": 2,
					"min": 219,
					"max": 698
				},
				"2023-07-11": {
					"avg": 233,
					"count": 2,
					"min": 191,
					"max": 274
				},
				"2023-07-15": {
					"avg": 279,
					"count": 4,
					"min": 188,
					"max": 324
				},
				"2023-07-16": {
					"avg": 89,
					"count": 1,
					"min": 89,
					"max": 89
				},
				"2023-07-17": {
					"avg": 633,
					"count": 2,
					"min": 633,
					"max": 633
				},
				"2023-07-18": {
					"avg": 89,
					"count": 1,
					"min": 89,
					"max": 89
				},
				"2023-07-20": {
					"avg": 282,
					"count": 76,
					"min": 166,
					"max": 290
				},
				"2023-07-22": {
					"avg": 198,
					"count": 1,
					"min": 198,
					"max": 198
				},
				"2023-07-23": {
					"avg": 210,
					"count": 1,
					"min": 210,
					"max": 210
				},
				"2023-07-25": {
					"avg": 205,
					"count": 2,
					"min": 197,
					"max": 213
				},
				"2023-07-26": {
					"avg": 214,
					"count": 1,
					"min": 214,
					"max": 214
				},
				"2023-07-27": {
					"avg": 258,
					"count": 1,
					"min": 258,
					"max": 258
				},
				"2023-07-28": {
					"avg": 198,
					"count": 1,
					"min": 198,
					"max": 198
				},
				"2023-07-30": {
					"avg": 227,
					"count": 2,
					"min": 135,
					"max": 318
				},
				"2023-07-31": {
					"avg": 649,
					"count": 1,
					"min": 649,
					"max": 649
				},
				"2023-08-02": {
					"avg": 225,
					"count": 1,
					"min": 225,
					"max": 225
				},
				"2023-08-07": {
					"avg": 126,
					"count": 1,
					"min": 126,
					"max": 126
				},
				"2023-08-09": {
					"avg": 266,
					"count": 3,
					"min": 50,
					"max": 598
				},
				"2023-08-11": {
					"avg": 698,
					"count": 1,
					"min": 698,
					"max": 698
				},
				"2023-08-12": {
					"avg": 172,
					"count": 1,
					"min": 172,
					"max": 172
				},
				"2023-08-14": {
					"avg": 153,
					"count": 6,
					"min": 86,
					"max": 196
				},
				"2023-08-16": {
					"avg": 469,
					"count": 2,
					"min": 190,
					"max": 748
				},
				"2023-08-17": {
					"avg": 274,
					"count": 1,
					"min": 274,
					"max": 274
				},
				"2023-08-20": {
					"avg": 312,
					"count": 1,
					"min": 312,
					"max": 312
				},
				"2023-08-21": {
					"avg": 211,
					"count": 1,
					"min": 211,
					"max": 211
				},
				"2023-08-23": {
					"avg": 213,
					"count": 1,
					"min": 213,
					"max": 213
				},
				"2023-08-24": {
					"avg": 115,
					"count": 1,
					"min": 115,
					"max": 115
				},
				"2023-08-25": {
					"avg": 302,
					"count": 1,
					"min": 302,
					"max": 302
				},
				"2023-08-26": {
					"avg": 223,
					"count": 4,
					"min": 170,
					"max": 260
				},
				"2023-08-27": {
					"avg": 110,
					"count": 2,
					"min": 74,
					"max": 145
				},
				"2023-08-30": {
					"avg": 217,
					"count": 1,
					"min": 217,
					"max": 217
				},
				"2023-09-01": {
					"avg": 206,
					"count": 2,
					"min": 204,
					"max": 208
				},
				"2023-09-03": {
					"avg": 178,
					"count": 1,
					"min": 178,
					"max": 178
				},
				"2023-09-04": {
					"avg": 217,
					"count": 2,
					"min": 167,
					"max": 267
				},
				"2023-09-05": {
					"avg": 115,
					"count": 3,
					"min": 50,
					"max": 179
				},
				"2023-09-06": {
					"avg": 275,
					"count": 1,
					"min": 275,
					"max": 275
				},
				"2023-09-08": {
					"avg": 270,
					"count": 1,
					"min": 270,
					"max": 270
				},
				"2023-09-10": {
					"avg": 349,
					"count": 2,
					"min": 298,
					"max": 399
				},
				"2023-09-11": {
					"avg": 312,
					"count": 1,
					"min": 312,
					"max": 312
				},
				"2023-09-13": {
					"avg": 114,
					"count": 1,
					"min": 114,
					"max": 114
				},
				"2023-09-14": {
					"avg": 315,
					"count": 1,
					"min": 315,
					"max": 315
				},
				"2023-09-16": {
					"avg": 272,
					"count": 1,
					"min": 272,
					"max": 272
				},
				"2023-09-17": {
					"avg": 133,
					"count": 1,
					"min": 133,
					"max": 133
				},
				"2023-09-18": {
					"avg": 313,
					"count": 1,
					"min": 313,
					"max": 313
				},
				"2023-09-20": {
					"avg": 164,
					"count": 3,
					"min": 149,
					"max": 194
				},
				"2023-09-23": {
					"avg": 149,
					"count": 1,
					"min": 149,
					"max": 149
				},
				"2023-09-25": {
					"avg": 172,
					"count": 2,
					"min": 172,
					"max": 172
				},
				"2023-09-26": {
					"avg": 303,
					"count": 4,
					"min": 212,
					"max": 526
				},
				"2023-09-27": {
					"avg": 172,
					"count": 1,
					"min": 172,
					"max": 172
				},
				"2023-09-28": {
					"avg": 309,
					"count": 3,
					"min": 226,
					"max": 476
				},
				"2023-09-29": {
					"avg": 137,
					"count": 1,
					"min": 137,
					"max": 137
				},
				"2023-09-30": {
					"avg": 476,
					"count": 1,
					"min": 476,
					"max": 476
				},
				"2023-10-03": {
					"avg": 119,
					"count": 1,
					"min": 119,
					"max": 119
				},
				"2023-10-04": {
					"avg": 139,
					"count": 3,
					"min": 99,
					"max": 200
				},
				"2023-10-07": {
					"avg": 86,
					"count": 1,
					"min": 86,
					"max": 86
				},
				"2023-10-08": {
					"avg": 248,
					"count": 1,
					"min": 248,
					"max": 248
				},
				"2023-10-10": {
					"avg": 120,
					"count": 1,
					"min": 120,
					"max": 120
				},
				"2023-10-11": {
					"avg": 171,
					"count": 1,
					"min": 171,
					"max": 171
				},
				"2023-10-12": {
					"avg": 223,
					"count": 3,
					"min": 205,
					"max": 250
				},
				"2023-10-13": {
					"avg": 150,
					"count": 1,
					"min": 150,
					"max": 150
				},
				"2023-10-16": {
					"avg": 200,
					"count": 2,
					"min": 113,
					"max": 286
				},
				"2023-10-21": {
					"avg": 124,
					"count": 2,
					"min": 99,
					"max": 149
				},
				"2023-10-24": {
					"avg": 129,
					"count": 1,
					"min": 129,
					"max": 129
				},
				"2023-10-29": {
					"avg": 219,
					"count": 1,
					"min": 219,
					"max": 219
				},
				"2023-10-31": {
					"avg": 237,
					"count": 7,
					"min": 99,
					"max": 698
				},
				"2023-11-01": {
					"avg": 100,
					"count": 2,
					"min": 100,
					"max": 100
				},
				"2023-11-04": {
					"avg": 120,
					"count": 3,
					"min": 99,
					"max": 162
				},
				"2023-11-06": {
					"avg": 551,
					"count": 1,
					"min": 551,
					"max": 551
				},
				"2023-11-07": {
					"avg": 161,
					"count": 1,
					"min": 161,
					"max": 161
				},
				"2023-11-09": {
					"avg": 197,
					"count": 2,
					"min": 197,
					"max": 197
				},
				"2023-11-14": {
					"avg": 190,
					"count": 2,
					"min": 149,
					"max": 230
				},
				"2023-11-15": {
					"avg": 100,
					"count": 1,
					"min": 100,
					"max": 100
				},
				"2023-11-17": {
					"avg": 213,
					"count": 1,
					"min": 213,
					"max": 213
				},
				"2023-11-18": {
					"avg": 379,
					"count": 3,
					"min": 299,
					"max": 491
				},
				"2023-11-19": {
					"avg": 153,
					"count": 1,
					"min": 153,
					"max": 153
				},
				"2023-11-20": {
					"avg": 339,
					"count": 1,
					"min": 339,
					"max": 339
				},
				"2023-11-21": {
					"avg": 162,
					"count": 1,
					"min": 162,
					"max": 162
				},
				"2023-11-23": {
					"avg": 279,
					"count": 9,
					"min": 153,
					"max": 491
				},
				"2023-11-24": {
					"avg": 169,
					"count": 12,
					"min": 104,
					"max": 236
				},
				"2023-11-25": {
					"avg": 244,
					"count": 2,
					"min": 239,
					"max": 248
				},
				"2023-11-27": {
					"avg": 157,
					"count": 2,
					"min": 114,
					"max": 199
				},
				"2024-05-16": {
					"avg": 410,
					"count": 1,
					"min": 410,
					"max": 410
				},
				"2024-05-17": {
					"avg": 245,
					"count": 3,
					"min": 49,
					"max": 554
				},
				"2024-05-18": {
					"avg": 256,
					"count": 8,
					"min": 113,
					"max": 631
				},
				"2024-05-19": {
					"avg": 321,
					"count": 1,
					"min": 321,
					"max": 321
				},
				"2024-05-20": {
					"avg": 229,
					"count": 1,
					"min": 229,
					"max": 229
				},
				"2024-05-21": {
					"avg": 170,
					"count": 3,
					"min": 74,
					"max": 268
				},
				"2024-05-25": {
					"avg": 229,
					"count": 1,
					"min": 229,
					"max": 229
				},
				"2024-06-01": {
					"avg": 307,
					"count": 1,
					"min": 307,
					"max": 307
				},
				"2024-06-05": {
					"avg": 228,
					"count": 2,
					"min": 200,
					"max": 256
				},
				"2024-06-11": {
					"avg": 140,
					"count": 2,
					"min": 140,
					"max": 140
				},
				"2024-06-12": {
					"avg": 232,
					"count": 1,
					"min": 232,
					"max": 232
				},
				"2024-06-17": {
					"avg": 141,
					"count": 1,
					"min": 141,
					"max": 141
				},
				"2024-06-20": {
					"avg": 255,
					"count": 1,
					"min": 255,
					"max": 255
				},
				"2024-06-23": {
					"avg": 788,
					"count": 1,
					"min": 788,
					"max": 788
				},
				"2024-06-26": {
					"avg": 269,
					"count": 1,
					"min": 269,
					"max": 269
				},
				"2024-06-30": {
					"avg": 150,
					"count": 3,
					"min": 139,
					"max": 159
				},
				"2024-07-03": {
					"avg": 194,
					"count": 2,
					"min": 149,
					"max": 239
				},
				"2024-07-04": {
					"avg": 272,
					"count": 1,
					"min": 272,
					"max": 272
				},
				"2024-07-05": {
					"avg": 298,
					"count": 1,
					"min": 298,
					"max": 298
				},
				"2024-07-12": {
					"avg": 298,
					"count": 1,
					"min": 298,
					"max": 298
				},
				"2024-07-16": {
					"avg": 222,
					"count": 1,
					"min": 222,
					"max": 222
				},
				"2024-07-20": {
					"avg": 288,
					"count": 1,
					"min": 288,
					"max": 288
				},
				"2024-07-21": {
					"avg": 234,
					"count": 1,
					"min": 234,
					"max": 234
				},
				"2024-07-27": {
					"avg": 298,
					"count": 3,
					"min": 298,
					"max": 298
				},
				"2024-08-01": {
					"avg": 276,
					"count": 1,
					"min": 276,
					"max": 276
				},
				"2024-08-02": {
					"avg": 215,
					"count": 5,
					"min": 172,
					"max": 288
				},
				"2024-08-05": {
					"avg": 322,
					"count": 7,
					"min": 277,
					"max": 336
				},
				"2024-08-06": {
					"avg": 199,
					"count": 1,
					"min": 199,
					"max": 199
				},
				"2024-08-07": {
					"avg": 199,
					"count": 2,
					"min": 181,
					"max": 216
				},
				"2024-08-08": {
					"avg": 374,
					"count": 1,
					"min": 374,
					"max": 374
				},
				"2024-08-10": {
					"avg": 277,
					"count": 1,
					"min": 277,
					"max": 277
				},
				"2024-08-12": {
					"avg": 186,
					"count": 2,
					"min": 95,
					"max": 277
				},
				"2024-08-16": {
					"avg": 545,
					"count": 2,
					"min": 277,
					"max": 813
				},
				"2024-08-24": {
					"avg": 179,
					"count": 1,
					"min": 179,
					"max": 179
				},
				"2024-08-25": {
					"avg": 330,
					"count": 1,
					"min": 330,
					"max": 330
				},
				"2024-08-26": {
					"avg": 308,
					"count": 1,
					"min": 308,
					"max": 308
				},
				"2024-08-27": {
					"avg": 147,
					"count": 1,
					"min": 147,
					"max": 147
				},
				"2024-08-28": {
					"avg": 95,
					"count": 1,
					"min": 95,
					"max": 95
				},
				"2024-08-30": {
					"avg": 168,
					"count": 1,
					"min": 168,
					"max": 168
				},
				"2024-08-31": {
					"avg": 211,
					"count": 2,
					"min": 147,
					"max": 274
				},
				"2024-09-01": {
					"avg": 147,
					"count": 1,
					"min": 147,
					"max": 147
				},
				"2024-09-03": {
					"avg": 174,
					"count": 2,
					"min": 147,
					"max": 200
				},
				"2024-09-08": {
					"avg": 219,
					"count": 1,
					"min": 219,
					"max": 219
				},
				"2024-09-09": {
					"avg": 180,
					"count": 1,
					"min": 180,
					"max": 180
				},
				"2024-09-15": {
					"avg": 185,
					"count": 3,
					"min": 157,
					"max": 239
				},
				"2024-09-17": {
					"avg": 320,
					"count": 2,
					"min": 288,
					"max": 352
				},
				"2024-09-19": {
					"avg": 251,
					"count": 1,
					"min": 251,
					"max": 251
				},
				"2024-09-20": {
					"avg": 222,
					"count": 1,
					"min": 222,
					"max": 222
				},
				"2024-09-22": {
					"avg": 223,
					"count": 3,
					"min": 157,
					"max": 285
				}
			},
			"avg": 245,
			"avg7": 250,
			"avg28": 250
		},
		"normal-played": {
			"history": {
				"2024-05-27": {
					"avg": 227,
					"count": 1,
					"min": 227,
					"max": 227
				},
				"2024-05-30": {
					"avg": 100,
					"count": 1,
					"min": 100,
					"max": 100
				},
				"2024-06-04": {
					"avg": 249,
					"count": 1,
					"min": 249,
					"max": 249
				},
				"2024-06-07": {
					"avg": 100,
					"count": 1,
					"min": 100,
					"max": 100
				},
				"2024-06-17": {
					"avg": 230,
					"count": 1,
					"min": 230,
					"max": 230
				},
				"2024-06-20": {
					"avg": 199,
					"count": 2,
					"min": 125,
					"max": 272
				},
				"2024-06-23": {
					"avg": 222,
					"count": 1,
					"min": 222,
					"max": 222
				},
				"2024-06-30": {
					"avg": 221,
					"count": 1,
					"min": 221,
					"max": 221
				},
				"2024-07-03": {
					"avg": 237,
					"count": 1,
					"min": 237,
					"max": 237
				},
				"2024-07-14": {
					"avg": 238,
					"count": 1,
					"min": 238,
					"max": 238
				},
				"2024-07-15": {
					"avg": 100,
					"count": 1,
					"min": 100,
					"max": 100
				},
				"2024-07-19": {
					"avg": 131,
					"count": 1,
					"min": 131,
					"max": 131
				},
				"2024-07-23": {
					"avg": 98,
					"count": 1,
					"min": 98,
					"max": 98
				},
				"2024-08-02": {
					"avg": 198,
					"count": 1,
					"min": 198,
					"max": 198
				},
				"2024-08-03": {
					"avg": 325,
					"count": 1,
					"min": 325,
					"max": 325
				},
				"2024-08-05": {
					"avg": 298,
					"count": 3,
					"min": 298,
					"max": 298
				},
				"2024-08-08": {
					"avg": 751,
					"count": 1,
					"min": 751,
					"max": 751
				},
				"2024-08-14": {
					"avg": 246,
					"count": 1,
					"min": 246,
					"max": 246
				},
				"2024-08-16": {
					"avg": 225,
					"count": 1,
					"min": 225,
					"max": 225
				},
				"2024-08-26": {
					"avg": 129,
					"count": 2,
					"min": 127,
					"max": 131
				},
				"2024-08-28": {
					"avg": 95,
					"count": 1,
					"min": 95,
					"max": 95
				},
				"2024-08-30": {
					"avg": 150,
					"count": 1,
					"min": 150,
					"max": 150
				},
				"2024-09-02": {
					"avg": 272,
					"count": 1,
					"min": 272,
					"max": 272
				},
				"2024-09-06": {
					"avg": 202,
					"count": 1,
					"min": 202,
					"max": 202
				},
				"2024-09-07": {
					"avg": 205,
					"count": 2,
					"min": 197,
					"max": 212
				},
				"2024-09-12": {
					"avg": 235,
					"count": 1,
					"min": 235,
					"max": 235
				}
			},
			"avg": 220,
			"avg7": -1,
			"avg28": -1
		},
		"normal-used": {
			"history": {
				"2024-05-27": {
					"avg": 400,
					"count": 1,
					"min": 400,
					"max": 400
				},
				"2024-06-04": {
					"avg": 219,
					"count": 1,
					"min": 219,
					"max": 219
				},
				"2024-06-13": {
					"avg": 116,
					"count": 1,
					"min": 116,
					"max": 116
				},
				"2024-06-15": {
					"avg": 224,
					"count": 1,
					"min": 224,
					"max": 224
				},
				"2024-06-18": {
					"avg": 114,
					"count": 1,
					"min": 114,
					"max": 114
				},
				"2024-07-11": {
					"avg": 159,
					"count": 1,
					"min": 159,
					"max": 159
				},
				"2024-07-16": {
					"avg": 127,
					"count": 2,
					"min": 104,
					"max": 149
				},
				"2024-07-20": {
					"avg": 177,
					"count": 1,
					"min": 177,
					"max": 177
				},
				"2024-07-23": {
					"avg": 176,
					"count": 1,
					"min": 176,
					"max": 176
				},
				"2024-07-26": {
					"avg": 107,
					"count": 1,
					"min": 107,
					"max": 107
				},
				"2024-08-08": {
					"avg": 102,
					"count": 1,
					"min": 102,
					"max": 102
				},
				"2024-08-21": {
					"avg": 97,
					"count": 1,
					"min": 97,
					"max": 97
				},
				"2024-08-22": {
					"avg": 956,
					"count": 1,
					"min": 956,
					"max": 956
				},
				"2024-08-27": {
					"avg": 149,
					"count": 1,
					"min": 149,
					"max": 149
				},
				"2024-09-02": {
					"avg": 159,
					"count": 1,
					"min": 159,
					"max": 159
				},
				"2024-09-06": {
					"avg": 177,
					"count": 1,
					"min": 177,
					"max": 177
				},
				"2024-09-12": {
					"avg": 217,
					"count": 1,
					"min": 217,
					"max": 217
				},
				"2024-09-16": {
					"avg": 97,
					"count": 1,
					"min": 97,
					"max": 97
				},
				"2024-09-19": {
					"avg": 177,
					"count": 1,
					"min": 177,
					"max": 177
				},
				"2024-09-22": {
					"avg": 168,
					"count": 3,
					"min": 149,
					"max": 177
				}
			},
			"avg": 199,
			"avg7": -1,
			"avg28": -1
		},
		"normal-nearmint": {
			"history": {
				"2024-05-29": {
					"avg": 471,
					"count": 1,
					"min": 471,
					"max": 471
				},
				"2024-06-01": {
					"avg": 218,
					"count": 1,
					"min": 218,
					"max": 218
				},
				"2024-06-11": {
					"avg": 250,
					"count": 2,
					"min": 200,
					"max": 299
				},
				"2024-06-14": {
					"avg": 336,
					"count": 1,
					"min": 336,
					"max": 336
				},
				"2024-06-15": {
					"avg": 267,
					"count": 2,
					"min": 198,
					"max": 336
				},
				"2024-06-17": {
					"avg": 418,
					"count": 1,
					"min": 418,
					"max": 418
				},
				"2024-06-18": {
					"avg": 399,
					"count": 1,
					"min": 399,
					"max": 399
				},
				"2024-06-22": {
					"avg": 337,
					"count": 1,
					"min": 337,
					"max": 337
				},
				"2024-07-02": {
					"avg": 397,
					"count": 1,
					"min": 397,
					"max": 397
				},
				"2024-07-06": {
					"avg": 324,
					"count": 1,
					"min": 324,
					"max": 324
				},
				"2024-07-08": {
					"avg": 397,
					"count": 1,
					"min": 397,
					"max": 397
				},
				"2024-07-09": {
					"avg": 229,
					"count": 1,
					"min": 229,
					"max": 229
				},
				"2024-07-11": {
					"avg": 361,
					"count": 2,
					"min": 324,
					"max": 397
				},
				"2024-07-29": {
					"avg": 219,
					"count": 1,
					"min": 219,
					"max": 219
				},
				"2024-08-01": {
					"avg": 302,
					"count": 1,
					"min": 302,
					"max": 302
				},
				"2024-08-05": {
					"avg": 336,
					"count": 1,
					"min": 336,
					"max": 336
				},
				"2024-08-06": {
					"avg": 336,
					"count": 1,
					"min": 336,
					"max": 336
				},
				"2024-08-08": {
					"avg": 397,
					"count": 1,
					"min": 397,
					"max": 397
				},
				"2024-08-10": {
					"avg": 449,
					"count": 2,
					"min": 417,
					"max": 480
				},
				"2024-08-13": {
					"avg": 336,
					"count": 1,
					"min": 336,
					"max": 336
				},
				"2024-08-16": {
					"avg": 383,
					"count": 1,
					"min": 383,
					"max": 383
				},
				"2024-08-19": {
					"avg": 397,
					"count": 1,
					"min": 397,
					"max": 397
				},
				"2024-08-20": {
					"avg": 398,
					"count": 1,
					"min": 398,
					"max": 398
				},
				"2024-08-22": {
					"avg": 336,
					"count": 1,
					"min": 336,
					"max": 336
				},
				"2024-08-24": {
					"avg": 336,
					"count": 2,
					"min": 335,
					"max": 336
				},
				"2024-08-27": {
					"avg": 312,
					"count": 2,
					"min": 262,
					"max": 362
				},
				"2024-08-28": {
					"avg": 362,
					"count": 1,
					"min": 362,
					"max": 362
				},
				"2024-08-29": {
					"avg": 299,
					"count": 1,
					"min": 299,
					"max": 299
				},
				"2024-09-08": {
					"avg": 362,
					"count": 1,
					"min": 362,
					"max": 362
				},
				"2024-09-10": {
					"avg": 1194,
					"count": 1,
					"min": 1194,
					"max": 1194
				},
				"2024-09-11": {
					"avg": 397,
					"count": 1,
					"min": 397,
					"max": 397
				},
				"2024-09-13": {
					"avg": 412,
					"count": 1,
					"min": 412,
					"max": 412
				},
				"2024-09-20": {
					"avg": 658,
					"count": 1,
					"min": 658,
					"max": 658
				}
			},
			"avg": 374,
			"avg7": -1,
			"avg28": -1
		},
		"normal-poor": {
			"history": {
				"2024-06-01": {
					"avg": 293,
					"count": 2,
					"min": 181,
					"max": 405
				},
				"2024-06-20": {
					"avg": 167,
					"count": 1,
					"min": 167,
					"max": 167
				},
				"2024-07-08": {
					"avg": 135,
					"count": 1,
					"min": 135,
					"max": 135
				},
				"2024-07-16": {
					"avg": 51,
					"count": 2,
					"min": 51,
					"max": 51
				},
				"2024-07-23": {
					"avg": 91,
					"count": 3,
					"min": 51,
					"max": 170
				},
				"2024-07-26": {
					"avg": 51,
					"count": 1,
					"min": 51,
					"max": 51
				},
				"2024-08-05": {
					"avg": 244,
					"count": 1,
					"min": 244,
					"max": 244
				},
				"2024-08-21": {
					"avg": 171,
					"count": 1,
					"min": 171,
					"max": 171
				},
				"2024-08-25": {
					"avg": 50,
					"count": 1,
					"min": 50,
					"max": 50
				},
				"2024-09-05": {
					"avg": 49,
					"count": 4,
					"min": 49,
					"max": 49
				}
			},
			"avg": 116,
			"avg7": -1,
			"avg28": -1
		}
	}
}