{
	"data": {
		"normal-good": {
			"history": {
				"2022-11-13": {
					"avg": 250,
					"count": 1
				},
				"2022-11-18": {
					"avg": 199,
					"count": 1
				},
				"2022-11-20": {
					"avg": 108,
					"count": 1,
					"min": 108,
					"max": 108
				},
				"2022-11-22": {
					"avg": 394,
					"count": 8,
					"min": 179,
					"max": 608
				},
				"2022-11-25": {
					"avg": 196,
					"count": 2,
					"min": 193,
					"max": 198
				},
				"2022-11-27": {
					"avg": 100,
					"count": 1,
					"min": 100,
					"max": 100
				},
				"2022-11-28": {
					"avg": 158,
					"count": 8,
					"min": 99,
					"max": 345
				},
				"2022-11-29": {
					"avg": 204,
					"count": 1,
					"min": 204,
					"max": 204
				},
				"2022-11-30": {
					"avg": 100,
					"count": 1,
					"min": 100,
					"max": 100
				},
				"2022-12-01": {
					"avg": 100,
					"count": 1,
					"min": 100,
					"max": 100
				},
				"2022-12-03": {
					"avg": 179,
					"count": 1,
					"min": 179,
					"max": 179
				},
				"2022-12-04": {
					"avg": 100,
					"count": 1,
					"min": 100,
					"max": 100
				},
				"2022-12-05": {
					"avg": 168,
					"count": 17,
					"min": 100,
					"max": 277
				},
				"2022-12-06": {
					"avg": 246,
					"count": 1,
					"min": 246,
					"max": 246
				},
				"2022-12-12": {
					"avg": 204,
					"count": 1,
					"min": 204,
					"max": 204
				},
				"2022-12-13": {
					"avg": 575,
					"count": 1,
					"min": 575,
					"max": 575
				},
				"2022-12-14": {
					"avg": 185,
					"count": 3,
					"min": 175,
					"max": 205
				},
				"2022-12-16": {
					"avg": 211,
					"count": 2,
					"min": 180,
					"max": 242
				},
				"2022-12-18": {
					"avg": 148,
					"count": 1,
					"min": 148,
					"max": 148
				},
				"2022-12-20": {
					"avg": 113,
					"count": 1,
					"min": 113,
					"max": 113
				},
				"2022-12-21": {
					"avg": 341,
					"count": 2,
					"min": 172,
					"max": 510
				},
				"2022-12-25": {
					"avg": 192,
					"count": 3,
					"min": 179,
					"max": 199
				},
				"2022-12-26": {
					"avg": 208,
					"count": 7,
					"min": 60,
					"max": 338
				},
				"2022-12-27": {
					"avg": 104,
					"count": 1,
					"min": 104,
					"max": 104
				},
				"2022-12-28": {
					"avg": 197,
					"count": 1,
					"min": 197,
					"max": 197
				},
				"2022-12-29": {
					"avg": 280,
					"count": 1,
					"min": 280,
					"max": 280
				},
				"2022-12-30": {
					"avg": 215,
					"count": 1,
					"min": 215,
					"max": 215
				},
				"2023-01-01": {
					"avg": 113,
					"count": 1,
					"min": 113,
					"max": 113
				},
				"2023-01-02": {
					"avg": 195,
					"count": 10,
					"min": 66,
					"max": 300
				},
				"2023-01-03": {
					"avg": 250,
					"count": 5,
					"min": 189,
					"max": 350
				},
				"2023-01-06": {
					"avg": 217,
					"count": 2,
					"min": 209,
					"max": 225
				},
				"2023-01-08": {
					"avg": 349,
					"count": 1,
					"min": 349,
					"max": 349
				},
				"2023-01-11": {
					"avg": 250,
					"count": 1,
					"min": 250,
					"max": 250
				},
				"2023-02-06": {
					"avg": 130,
					"count": 8,
					"min": 130,
					"max": 130
				},
				"2023-02-07": {
					"avg": 327,
					"count": 1,
					"min": 327,
					"max": 327
				},
				"2023-02-08": {
					"avg": 153,
					"count": 1,
					"min": 153,
					"max": 153
				},
				"2023-02-10": {
					"avg": 214,
					"count": 2,
					"min": 149,
					"max": 279
				},
				"2023-02-13": {
					"avg": 196,
					"count": 1,
					"min": 196,
					"max": 196
				},
				"2023-02-14": {
					"avg": 548,
					"count": 3,
					"min": 255,
					"max": 1135
				},
				"2023-02-15": {
					"avg": 424,
					"count": 1,
					"min": 424,
					"max": 424
				},
				"2023-02-16": {
					"avg": 205,
					"count": 2,
					"min": 188,
					"max": 223
				},
				"2023-02-17": {
					"avg": 206,
					"count": 5,
					"min": 188,
					"max": 217
				},
				"2023-02-19": {
					"avg": 305,
					"count": 2,
					"min": 185,
					"max": 424
				},
				"2023-02-20": {
					"avg": 568,
					"count": 1,
					"min": 568,
					"max": 568
				},
				"2023-02-22": {
					"avg": 198,
					"count": 1,
					"min": 198,
					"max": 198
				},
				"2023-02-23": {
					"avg": 174,
					"count": 2,
					"min": 149,
					"max": 198
				},
				"2023-02-24": {
					"avg": 207,
					"count": 4,
					"min": 149,
					"max": 291
				},
				"2023-02-26": {
					"avg": 188,
					"count": 1,
					"min": 188,
					"max": 188
				},
				"2023-02-27": {
					"avg": 176,
					"count": 1,
					"min": 176,
					"max": 176
				},
				"2023-02-28": {
					"avg": 399,
					"count": 2,
					"min": 399,
					"max": 399
				},
				"2023-03-01": {
					"avg": 207,
					"count": 2,
					"min": 139,
					"max": 274
				},
				"2023-03-02": {
					"avg": 598,
					"count": 1,
					"min": 598,
					"max": 598
				},
				"2023-03-03": {
					"avg": 154,
					"count": 10,
					"min": 98,
					"max": 199
				},
				"2023-03-05": {
					"avg": 438,
					"count": 2,
					"min": 277,
					"max": 599
				},
				"2023-03-07": {
					"avg": 151,
					"count": 5,
					"min": 139,
					"max": 199
				},
				"2023-03-09": {
					"avg": 213,
					"count": 1,
					"min": 213,
					"max": 213
				},
				"2023-03-10": {
					"avg": 428,
					"count": 1,
					"min": 428,
					"max": 428
				},
				"2023-03-11": {
					"avg": 278,
					"count": 1,
					"min": 278,
					"max": 278
				},
				"2023-03-12": {
					"avg": 100,
					"count": 1,
					"min": 100,
					"max": 100
				},
				"2023-03-13": {
					"avg": 243,
					"count": 7,
					"min": 199,
					"max": 313
				},
				"2023-03-14": {
					"avg": 345,
					"count": 3,
					"min": 198,
					"max": 638
				},
				"2023-03-15": {
					"avg": 168,
					"count": 3,
					"min": 139,
					"max": 225
				},
				"2023-03-17": {
					"avg": 191,
					"count": 1,
					"min": 191,
					"max": 191
				},
				"2023-03-18": {
					"avg": 199,
					"count": 1,
					"min": 199,
					"max": 199
				},
				"2023-03-19": {
					"avg": 158,
					"count": 1,
					"min": 158,
					"max": 158
				},
				"2023-03-20": {
					"avg": 100,
					"count": 2,
					"min": 100,
					"max": 100
				},
				"2023-03-23": {
					"avg": 175,
					"count": 7,
					"min": 59,
					"max": 243
				},
				"2023-03-26": {
					"avg": 98,
					"count": 2,
					"min": 78,
					"max": 118
				},
				"2023-03-27": {
					"avg": 138,
					"count": 5,
					"min": 138,
					"max": 138
				},
				"2023-03-28": {
					"avg": 76,
					"count": 1,
					"min": 76,
					"max": 76
				},
				"2023-04-01": {
					"avg": 220,
					"count": 2,
					"min": 85,
					"max": 355
				},
				"2023-04-06": {
					"avg": 344,
					"count": 2,
					"min": 288,
					"max": 400
				},
				"2023-04-07": {
					"avg": 233,
					"count": 3,
					"min": 85,
					"max": 528
				},
				"2023-04-08": {
					"avg": 140,
					"count": 1,
					"min": 140,
					"max": 140
				},
				"2023-04-09": {
					"avg": 119,
					"count": 1,
					"min": 119,
					"max": 119
				},
				"2023-04-15": {
					"avg": 197,
					"count": 2,
					"min": 197,
					"max": 197
				},
				"2023-04-17": {
					"avg": 219,
					"count": 1,
					"min": 219,
					"max": 219
				},
				"2023-04-18": {
					"avg": 246,
					"count": 7,
					"min": 97,
					"max": 304
				},
				"2023-04-19": {
					"avg": 374,
					"count": 1,
					"min": 374,
					"max": 374
				},
				"2023-04-20": {
					"avg": 169,
					"count": 1,
					"min": 169,
					"max": 169
				},
				"2023-04-21": {
					"avg": 196,
					"count": 3,
					"min": 196,
					"max": 196
				},
				"2023-04-23": {
					"avg": 125,
					"count": 1,
					"min": 125,
					"max": 125
				},
				"2023-04-26": {
					"avg": 74,
					"count": 2,
					"min": 74,
					"max": 74
				},
				"2023-04-27": {
					"avg": 84,
					"count": 1,
					"min": 84,
					"max": 84
				},
				"2023-04-30": {
					"avg": 242,
					"count": 2,
					"min": 84,
					"max": 400
				},
				"2023-05-01": {
					"avg": 119,
					"count": 1,
					"min": 119,
					"max": 119
				},
				"2023-05-04": {
					"avg": 235,
					"count": 10,
					"min": 196,
					"max": 322
				},
				"2023-05-05": {
					"avg": 218,
					"count": 1,
					"min": 218,
					"max": 218
				},
				"2023-05-06": {
					"avg": 198,
					"count": 1,
					"min": 198,
					"max": 198
				},
				"2023-05-07": {
					"avg": 677,
					"count": 1,
					"min": 677,
					"max": 677
				},
				"2023-05-09": {
					"avg": 83,
					"count": 1,
					"min": 83,
					"max": 83
				},
				"2023-05-11": {
					"avg": 156,
					"count": 4,
					"min": 83,
					"max": 180
				},
				"2023-05-12": {
					"avg": 141,
					"count": 2,
					"min": 141,
					"max": 141
				},
				"2023-05-14": {
					"avg": 196,
					"count": 1,
					"min": 196,
					"max": 196
				},
				"2023-05-15": {
					"avg": 246,
					"count": 1,
					"min": 246,
					"max": 246
				},
				"2023-05-16": {
					"avg": 437,
					"count": 4,
					"min": 176,
					"max": 524
				},
				"2023-05-17": {
					"avg": 175,
					"count": 1,
					"min": 175,
					"max": 175
				},
				"2023-05-18": {
					"avg": 663,
					"count": 4,
					"min": 663,
					"max": 663
				},
				"2023-05-20": {
					"avg": 81,
					"count": 2,
					"min": 37,
					"max": 125
				},
				"2023-05-21": {
					"avg": 198,
					"count": 2,
					"min": 198,
					"max": 198
				},
				"2023-05-23": {
					"avg": 127,
					"count": 4,
					"min": 122,
					"max": 132
				},
				"2023-05-24": {
					"avg": 123,
					"count": 1,
					"min": 123,
					"max": 123
				},
				"2023-05-27": {
					"avg": 304,
					"count": 1,
					"min": 304,
					"max": 304
				},
				"2023-05-28": {
					"avg": 195,
					"count": 10,
					"min": 99,
					"max": 278
				},
				"2023-05-29": {
					"avg": 209,
					"count": 2,
					"min": 209,
					"max": 209
				},
				"2023-05-31": {
					"avg": 75,
					"count": 1,
					"min": 75,
					"max": 75
				},
				"2023-06-01": {
					"avg": 317,
					"count": 12,
					"min": 171,
					"max": 551
				},
				"2023-06-03": {
					"avg": 183,
					"count": 7,
					"min": 158,
					"max": 197
				},
				"2023-06-06": {
					"avg": 168,
					"count": 4,
					"min": 99,
					"max": 198
				},
				"2023-06-07": {
					"avg": 249,
					"count": 2,
					"min": 198,
					"max": 299
				},
				"2023-06-09": {
					"avg": 162,
					"count": 1,
					"min": 162,
					"max": 162
				},
				"2023-06-10": {
					"avg": 267,
					"count": 2,
					"min": 239,
					"max": 295
				},
				"2023-06-13": {
					"avg": 140,
					"count": 1,
					"min": 140,
					"max": 140
				},
				"2023-06-14": {
					"avg": 254,
					"count": 1,
					"min": 254,
					"max": 254
				},
				"2023-06-15": {
					"avg": 168,
					"count": 1,
					"min": 168,
					"max": 168
				},
				"2023-06-16": {
					"avg": 104,
					"count": 4,
					"min": 90,
					"max": 118
				},
				"2023-06-17": {
					"avg": 174,
					"count": 3,
					"min": 117,
					"max": 237
				},
				"2023-06-20": {
					"avg": 341,
					"count": 2,
					"min": 191,
					"max": 491
				},
				"2023-06-21": {
					"avg": 185,
					"count": 1,
					"min": 185,
					"max": 185
				},
				"2023-06-24": {
					"avg": 174,
					"count": 1,
					"min": 174,
					"max": 174
				},
				"2023-06-27": {
					"avg": 89,
					"count": 1,
					"min": 89,
					"max": 89
				},
				"2023-06-28": {
					"avg": 74,
					"count": 1,
					"min": 74,
					"max": 74
				},
				"2023-06-29": {
					"avg": 174,
					"count": 2,
					"min": 169,
					"max": 179
				},
				"2023-07-02": {
					"avg": 258,
					"count": 5,
					"min": 99,
					"max": 298
				},
				"2023-07-03": {
					"avg": 180,
					"count": 1,
					"min": 180,
					"max": 180
				},
				"2023-07-04": {
					"avg": 166,
					"count": 4,
					"min": 125,
					"max": 213
				},
				"2023-07-06": {
					"avg": 179,
					"count": 3,
					"min": 115,
					"max": 252
				},
				"2023-07-07": {
					"avg": 144,
					"count": 3,
					"min": 90,
					"max": 180
				},
				"2023-07-09": {
					"avg": 288,
					"count": 1,
					"min": 288,
					"max": 288
				},
				"2023-07-10": {
					"avg": 169,
					"count": 11,
					"min": 125,
					"max": 189
				},
				"2023-07-11": {
					"avg": 142,
					"count": 3,
					"min": 74,
					"max": 176
				},
				"2023-07-12": {
					"avg": 106,
					"count": 1,
					"min": 106,
					"max": 106
				},
				"2023-07-15": {
					"avg": 159,
					"count": 3,
					"min": 74,
					"max": 223
				},
				"2023-07-16": {
					"avg": 162,
					"count": 2,
					"min": 74,
					"max": 250
				},
				"2023-07-17": {
					"avg": 139,
					"count": 6,
					"min": 100,
					"max": 178
				},
				"2023-07-20": {
					"avg": 156,
					"count": 2,
					"min": 133,
					"max": 179
				},
				"2023-07-21": {
					"avg": 74,
					"count": 1,
					"min": 74,
					"max": 74
				},
				"2023-07-22": {
					"avg": 248,
					"count": 1,
					"min": 248,
					"max": 248
				},
				"2023-07-23": {
					"avg": 197,
					"count": 1,
					"min": 197,
					"max": 197
				},
				"2023-07-24": {
					"avg": 283,
					"count": 1,
					"min": 283,
					"max": 283
				},
				"2023-07-25": {
					"avg": 224,
					"count": 2,
					"min": 149,
					"max": 298
				},
				"2023-07-26": {
					"avg": 317,
					"count": 3,
					"min": 150,
					"max": 577
				},
				"2023-07-27": {
					"avg": 187,
					"count": 1,
					"min": 187,
					"max": 187
				},
				"2023-07-29": {
					"avg": 191,
					"count": 2,
					"min": 183,
					"max": 199
				},
				"2023-07-30": {
					"avg": 234,
					"count": 9,
					"min": 100,
					"max": 474
				},
				"2023-07-31": {
					"avg": 624,
					"count": 1,
					"min": 624,
					"max": 624
				},
				"2023-08-02": {
					"avg": 184,
					"count": 1,
					"min": 184,
					"max": 184
				},
				"2023-08-03": {
					"avg": 283,
					"count": 1,
					"min": 283,
					"max": 283
				},
				"2023-08-04": {
					"avg": 70,
					"count": 2,
					"min": 54,
					"max": 85
				},
				"2023-08-07": {
					"avg": 98,
					"count": 74,
					"min": 85,
					"max": 499
				},
				"2023-08-09": {
					"avg": 183,
					"count": 3,
					"min": 144,
					"max": 206
				},
				"2023-08-10": {
					"avg": 161,
					"count": 12,
					"min": 63,
					"max": 221
				},
				"2023-08-14": {
					"avg": 156,
					"count": 6,
					"min": 137,
					"max": 174
				},
				"2023-08-16": {
					"avg": 278,
					"count": 4,
					"min": 105,
					"max": 623
				},
				"2023-08-18": {
					"avg": 180,
					"count": 3,
					"min": 180,
					"max": 180
				},
				"2023-08-19": {
					"avg": 140,
					"count": 5,
					"min": 100,
					"max": 229
				},
				"2023-08-20": {
					"avg": 217,
					"count": 2,
					"min": 184,
					"max": 250
				},
				"2023-08-23": {
					"avg": 117,
					"count": 2,
					"min": 35,
					"max": 199
				},
				"2023-08-24": {
					"avg": 377,
					"count": 3,
					"min": 285,
					"max": 473
				},
				"2023-08-25": {
					"avg": 219,
					"count": 1,
					"min": 219,
					"max": 219
				},
				"2023-08-26": {
					"avg": 101,
					"count": 1,
					"min": 101,
					"max": 101
				},
				"2023-08-27": {
					"avg": 72,
					"count": 1,
					"min": 72,
					"max": 72
				},
				"2023-08-28": {
					"avg": 296,
					"count": 1,
					"min": 296,
					"max": 296
				},
				"2023-08-30": {
					"avg": 278,
					"count": 1,
					"min": 278,
					"max": 278
				},
				"2023-08-31": {
					"avg": 288,
					"count": 11,
					"min": 66,
					"max": 484
				},
				"2023-09-01": {
					"avg": 174,
					"count": 1,
					"min": 174,
					"max": 174
				},
				"2023-09-02": {
					"avg": 107,
					"count": 5,
					"min": 98,
					"max": 121
				},
				"2023-09-03": {
					"avg": 84,
					"count": 2,
					"min": 60,
					"max": 107
				},
				"2023-09-04": {
					"avg": 298,
					"count": 1,
					"min": 298,
					"max": 298
				},
				"2023-09-06": {
					"avg": 230,
					"count": 2,
					"min": 140,
					"max": 320
				},
				"2023-09-07": {
					"avg": 238,
					"count": 4,
					"min": 238,
					"max": 238
				},
				"2023-09-08": {
					"avg": 228,
					"count": 2,
					"min": 176,
					"max": 279
				},
				"2023-09-09": {
					"avg": 256,
					"count": 10,
					"min": 75,
					"max": 627
				},
				"2023-09-10": {
					"avg": 330,
					"count": 2,
					"min": 285,
					"max": 375
				},
				"2023-09-11": {
					"avg": 148,
					"count": 1,
					"min": 148,
					"max": 148
				},
				"2023-09-13": {
					"avg": 221,
					"count": 1,
					"min": 221,
					"max": 221
				},
				"2023-09-14": {
					"avg": 299,
					"count": 1,
					"min": 299,
					"max": 299
				},
				"2023-09-15": {
					"avg": 598,
					"count": 3,
					"min": 598,
					"max": 598
				},
				"2023-09-16": {
					"avg": 164,
					"count": 1,
					"min": 164,
					"max": 164
				},
				"2023-09-17": {
					"avg": 144,
					"count": 4,
					"min": 100,
					"max": 275
				},
				"2023-09-18": {
					"avg": 268,
					"count": 2,
					"min": 197,
					"max": 339
				},
				"2023-09-19": {
					"avg": 95,
					"count": 1,
					"min": 95,
					"max": 95
				},
				"2023-09-20": {
					"avg": 146,
					"count": 1,
					"min": 146,
					"max": 146
				},
				"2023-09-25": {
					"avg": 130,
					"count": 3,
					"min": 120,
					"max": 137
				},
				"2023-09-26": {
					"avg": 184,
					"count": 3,
					"min": 175,
					"max": 198
				},
				"2023-09-27": {
					"avg": 86,
					"count": 2,
					"min": 71,
					"max": 100
				},
				"2023-09-28": {
					"avg": 648,
					"count": 1,
					"min": 648,
					"max": 648
				},
				"2023-09-30": {
					"avg": 213,
					"count": 2,
					"min": 213,
					"max": 213
				},
				"2023-10-01": {
					"avg": 178,
					"count": 1,
					"min": 178,
					"max": 178
				},
				"2023-10-02": {
					"avg": 544,
					"count": 3,
					"min": 276,
					"max": 1080
				},
				"2023-10-03": {
					"avg": 95,
					"count": 2,
					"min": 91,
					"max": 99
				},
				"2023-10-04": {
					"avg": 150,
					"count": 2,
					"min": 103,
					"max": 197
				},
				"2023-10-08": {
					"avg": 172,
					"count": 4,
					"min": 77,
					"max": 204
				},
				"2023-10-09": {
					"avg": 205,
					"count": 5,
					"min": 101,
					"max": 298
				},
				"2023-10-11": {
					"avg": 358,
					"count": 3,
					"min": 148,
					"max": 698
				},
				"2023-10-12": {
					"avg": 133,
					"count": 4,
					"min": 77,
					"max": 154
				},
				"2023-10-13": {
					"avg": 202,
					"count": 2,
					"min": 199,
					"max": 204
				},
				"2023-10-20": {
					"avg": 197,
					"count": 1,
					"min": 197,
					"max": 197
				},
				"2023-10-21": {
					"avg": 102,
					"count": 3,
					"min": 29,
					"max": 150
				},
				"2023-10-24": {
					"avg": 214,
					"count": 4,
					"min": 110,
					"max": 370
				},
				"2023-10-25": {
					"avg": 154,
					"count": 3,
					"min": 99,
					"max": 265
				},
				"2023-10-26": {
					"avg": 94,
					"count": 1,
					"min": 94,
					"max": 94
				},
				"2023-10-27": {
					"avg": 406,
					"count": 2,
					"min": 134,
					"max": 678
				},
				"2023-10-28": {
					"avg": 187,
					"count": 4,
					"min": 79,
					"max": 273
				},
				"2023-10-29": {
					"avg": 210,
					"count": 1,
					"min": 210,
					"max": 210
				},
				"2023-10-30": {
					"avg": 268,
					"count": 1,
					"min": 268,
					"max": 268
				},
				"2023-10-31": {
					"avg": 165,
					"count": 3,
					"min": 137,
					"max": 179
				},
				"2023-11-01": {
					"avg": 171,
					"count": 3,
					"min": 120,
					"max": 273
				},
				"2023-11-04": {
					"avg": 269,
					"count": 1,
					"min": 269,
					"max": 269
				},
				"2023-11-06": {
					"avg": 97,
					"count": 2,
					"min": 95,
					"max": 99
				},
				"2023-11-08": {
					"avg": 174,
					"count": 1,
					"min": 174,
					"max": 174
				},
				"2023-11-09": {
					"avg": 148,
					"count": 4,
					"min": 98,
					"max": 197
				},
				"2023-11-13": {
					"avg": 212,
					"count": 2,
					"min": 210,
					"max": 214
				},
				"2023-11-14": {
					"avg": 561,
					"count": 3,
					"min": 225,
					"max": 1170
				},
				"2023-11-16": {
					"avg": 91,
					"count": 1,
					"min": 91,
					"max": 91
				},
				"2023-11-17": {
					"avg": 217,
					"count": 2,
					"min": 190,
					"max": 243
				},
				"2023-11-18": {
					"avg": 188,
					"count": 2,
					"min": 100,
					"max": 276
				},
				"2023-11-19": {
					"avg": 429,
					"count": 3,
					"min": 189,
					"max": 599
				},
				"2023-11-23": {
					"avg": 145,
					"count": 1,
					"min": 145,
					"max": 145
				},
				"2023-11-24": {
					"avg": 205,
					"count": 13,
					"min": 50,
					"max": 290
				},
				"2023-11-25": {
					"avg": 209,
					"count": 2,
					"min": 175,
					"max": 243
				},
				"2023-11-27": {
					"avg": 199,
					"count": 1,
					"min": 199,
					"max": 199
				},
				"2024-05-16": {
					"avg": 387,
					"count": 2,
					"min": 387,
					"max": 387
				},
				"2024-05-17": {
					"avg": 181,
					"count": 10,
					"min": 99,
					"max": 280
				},
				"2024-05-18": {
					"avg": 170,
					"count": 10,
					"min": 38,
					"max": 309
				},
				"2024-05-20": {
					"avg": 399,
					"count": 1,
					"min": 399,
					"max": 399
				},
				"2024-05-21": {
					"avg": 315,
					"count": 3,
					"min": 221,
					"max": 399
				},
				"2024-05-24": {
					"avg": 303,
					"count": 3,
					"min": 246,
					"max": 331
				},
				"2024-05-27": {
					"avg": 226,
					"count": 1,
					"min": 226,
					"max": 226
				},
				"2024-05-28": {
					"avg": 325,
					"count": 1,
					"min": 325,
					"max": 325
				},
				"2024-05-30": {
					"avg": 176,
					"count": 2,
					"min": 117,
					"max": 234
				},
				"2024-05-31": {
					"avg": 272,
					"count": 1,
					"min": 272,
					"max": 272
				},
				"2024-06-01": {
					"avg": 199,
					"count": 2,
					"min": 199,
					"max": 199
				},
				"2024-06-03": {
					"avg": 186,
					"count": 2,
					"min": 120,
					"max": 251
				},
				"2024-06-04": {
					"avg": 117,
					"count": 1,
					"min": 117,
					"max": 117
				},
				"2024-06-07": {
					"avg": 194,
					"count": 2,
					"min": 127,
					"max": 261
				},
				"2024-06-11": {
					"avg": 211,
					"count": 1,
					"min": 211,
					"max": 211
				},
				"2024-06-12": {
					"avg": 318,
					"count": 1,
					"min": 318,
					"max": 318
				},
				"2024-06-14": {
					"avg": 130,
					"count": 1,
					"min": 130,
					"max": 130
				},
				"2024-06-16": {
					"avg": 182,
					"count": 2,
					"min": 130,
					"max": 234
				},
				"2024-06-20": {
					"avg": 221,
					"count": 1,
					"min": 221,
					"max": 221
				},
				"2024-06-21": {
					"avg": 150,
					"count": 1,
					"min": 150,
					"max": 150
				},
				"2024-06-22": {
					"avg": 132,
					"count": 2,
					"min": 131,
					"max": 132
				},
				"2024-06-29": {
					"avg": 130,
					"count": 1,
					"min": 130,
					"max": 130
				},
				"2024-06-30": {
					"avg": 141,
					"count": 2,
					"min": 132,
					"max": 149
				},
				"2024-07-02": {
					"avg": 166,
					"count": 2,
					"min": 110,
					"max": 221
				},
				"2024-07-08": {
					"avg": 728,
					"count": 1,
					"min": 728,
					"max": 728
				},
				"2024-07-10": {
					"avg": 300,
					"count": 1,
					"min": 300,
					"max": 300
				},
				"2024-07-11": {
					"avg": 195,
					"count": 1,
					"min": 195,
					"max": 195
				},
				"2024-07-14": {
					"avg": 249,
					"count": 1,
					"min": 249,
					"max": 249
				},
				"2024-07-15": {
					"avg": 359,
					"count": 1,
					"min": 359,
					"max": 359
				},
				"2024-07-19": {
					"avg": 146,
					"count": 1,
					"min": 146,
					"max": 146
				},
				"2024-07-21": {
					"avg": 197,
					"count": 1,
					"min": 197,
					"max": 197
				},
				"2024-07-23": {
					"avg": 110,
					"count": 1,
					"min": 110,
					"max": 110
				},
				"2024-07-24": {
					"avg": 222,
					"count": 2,
					"min": 222,
					"max": 222
				},
				"2024-07-30": {
					"avg": 254,
					"count": 1,
					"min": 254,
					"max": 254
				},
				"2024-08-02": {
					"avg": 142,
					"count": 1,
					"min": 142,
					"max": 142
				},
				"2024-08-04": {
					"avg": 239,
					"count": 1,
					"min": 239,
					"max": 239
				},
				"2024-08-05": {
					"avg": 261,
					"count": 4,
					"min": 223,
					"max": 299
				},
				"2024-08-07": {
					"avg": 192,
					"count": 2,
					"min": 146,
					"max": 238
				},
				"2024-08-10": {
					"avg": 277,
					"count": 1,
					"min": 277,
					"max": 277
				},
				"2024-08-11": {
					"avg": 96,
					"count": 1,
					"min": 96,
					"max": 96
				},
				"2024-08-12": {
					"avg": 268,
					"count": 1,
					"min": 268,
					"max": 268
				},
				"2024-08-16": {
					"avg": 813,
					"count": 1,
					"min": 813,
					"max": 813
				},
				"2024-08-17": {
					"avg": 713,
					"count": 1,
					"min": 713,
					"max": 713
				},
				"2024-08-18": {
					"avg": 127,
					"count": 1,
					"min": 127,
					"max": 127
				},
				"2024-08-20": {
					"avg": 216,
					"count": 1,
					"min": 216,
					"max": 216
				},
				"2024-08-21": {
					"avg": 152,
					"count": 5,
					"min": 152,
					"max": 152
				},
				"2024-08-22": {
					"avg": 175,
					"count": 3,
					"min": 147,
					"max": 189
				},
				"2024-08-23": {
					"avg": 202,
					"count": 2,
					"min": 188,
					"max": 216
				},
				"2024-08-24": {
					"avg": 147,
					"count": 1,
					"min": 147,
					"max": 147
				},
				"2024-08-25": {
					"avg": 299,
					"count": 4,
					"min": 152,
					"max": 348
				},
				"2024-09-01": {
					"avg": 89,
					"count": 1,
					"min": 89,
					"max": 89
				},
				"2024-09-02": {
					"avg": 217,
					"count": 2,
					"min": 215,
					"max": 219
				},
				"2024-09-03": {
					"avg": 134,
					"count": 1,
					"min": 134,
					"max": 134
				},
				"2024-09-07": {
					"avg": 139,
					"count": 1,
					"min": 139,
					"max": 139
				},
				"2024-09-09": {
					"avg": 277,
					"count": 1,
					"min": 277,
					"max": 277
				},
				"2024-09-10": {
					"avg": 189,
					"count": 1,
					"min": 189,
					"max": 189
				},
				"2024-09-12": {
					"avg": 137,
					"count": 1,
					"min": 137,
					"max": 137
				},
				"2024-09-13": {
					"avg": 227,
					"count": 1,
					"min": 227,
					"max": 227
				},
				"2024-09-15": {
					"avg": 223,
					"count": 2,
					"min": 218,
					"max": 227
				},
				"2024-09-19": {
					"avg": 267,
					"count": 1,
					"min": 267,
					"max": 267
				},
				"2024-09-22": {
					"avg": 140,
					"count": 1,
					"min": 140,
					"max": 140
				},
				"2024-09-23": {
					"avg": 238,
					"count": 2,
					"min": 237,
					"max": 238
				}
			},
			"avg": 206,
			"avg7": 204,
			"avg28": 204
		},
		"normal-played": {
			"history": {
				"2024-05-27": {
					"avg": 194,
					"count": 4,
					"min": 99,
					"max": 277
				},
				"2024-05-30": {
					"avg": 90,
					"count": 1,
					"min": 90,
					"max": 90
				},
				"2024-06-01": {
					"avg": 231,
					"count": 1,
					"min": 231,
					"max": 231
				},
				"2024-06-04": {
					"avg": 95,
					"count": 2,
					"min": 92,
					"max": 98
				},
				"2024-06-06": {
					"avg": 92,
					"count": 1,
					"min": 92,
					"max": 92
				},
				"2024-06-07": {
					"avg": 90,
					"count": 1,
					"min": 90,
					"max": 90
				},
				"2024-06-09": {
					"avg": 92,
					"count": 1,
					"min": 92,
					"max": 92
				},
				"2024-06-10": {
					"avg": 235,
					"count": 5,
					"min": 216,
					"max": 245
				},
				"2024-06-15": {
					"avg": 220,
					"count": 1,
					"min": 220,
					"max": 220
				},
				"2024-06-20": {
					"avg": 207,
					"count": 2,
					"min": 150,
					"max": 264
				},
				"2024-06-22": {
					"avg": 98,
					"count": 1,
					"min": 98,
					"max": 98
				},
				"2024-06-27": {
					"avg": 99,
					"count": 1,
					"min": 99,
					"max": 99
				},
				"2024-07-01": {
					"avg": 178,
					"count": 6,
					"min": 178,
					"max": 178
				},
				"2024-07-02": {
					"avg": 195,
					"count": 2,
					"min": 188,
					"max": 201
				},
				"2024-07-04": {
					"avg": 186,
					"count": 5,
					"min": 178,
					"max": 217
				},
				"2024-07-05": {
					"avg": 178,
					"count": 2,
					"min": 178,
					"max": 178
				},
				"2024-07-11": {
					"avg": 134,
					"count": 4,
					"min": 120,
					"max": 178
				},
				"2024-07-15": {
					"avg": 66,
					"count": 1,
					"min": 66,
					"max": 66
				},
				"2024-07-16": {
					"avg": 149,
					"count": 1,
					"min": 149,
					"max": 149
				},
				"2024-07-17": {
					"avg": 188,
					"count": 4,
					"min": 188,
					"max": 188
				},
				"2024-07-22": {
					"avg": 211,
					"count": 3,
					"min": 188,
					"max": 226
				},
				"2024-07-26": {
					"avg": 188,
					"count": 2,
					"min": 188,
					"max": 188
				},
				"2024-08-01": {
					"avg": 333,
					"count": 3,
					"min": 156,
					"max": 624
				},
				"2024-08-04": {
					"avg": 222,
					"count": 2,
					"min": 222,
					"max": 222
				},
				"2024-08-14": {
					"avg": 243,
					"count": 1,
					"min": 243,
					"max": 243
				},
				"2024-08-16": {
					"avg": 220,
					"count": 1,
					"min": 220,
					"max": 220
				},
				"2024-08-17": {
					"avg": 215,
					"count": 1,
					"min": 215,
					"max": 215
				},
				"2024-08-22": {
					"avg": 975,
					"count": 1,
					"min": 975,
					"max": 975
				},
				"2024-08-27": {
					"avg": 374,
					"count": 1,
					"min": 374,
					"max": 374
				},
				"2024-09-01": {
					"avg": 100,
					"count": 1,
					"min": 100,
					"max": 100
				},
				"2024-09-12": {
					"avg": 159,
					"count": 1,
					"min": 159,
					"max": 159
				},
				"2024-09-16": {
					"avg": 314,
					"count": 2,
					"min": 314,
					"max": 314
				},
				"2024-09-21": {
					"avg": 89,
					"count": 1,
					"min": 89,
					"max": 89
				}
			},
			"avg": 201,
			"avg7": -1,
			"avg28": -1
		},
		"normal-used": {
			"history": {
				"2024-05-24": {
					"avg": 69,
					"count": 1,
					"min": 69,
					"max": 69
				},
				"2024-05-26": {
					"avg": 90,
					"count": 1,
					"min": 90,
					"max": 90
				},
				"2024-06-03": {
					"avg": 194,
					"count": 2,
					"min": 194,
					"max": 194
				},
				"2024-06-07": {
					"avg": 68,
					"count": 1,
					"min": 68,
					"max": 68
				},
				"2024-07-16": {
					"avg": 87,
					"count": 1,
					"min": 87,
					"max": 87
				},
				"2024-07-23": {
					"avg": 150,
					"count": 4,
					"min": 87,
					"max": 171
				},
				"2024-07-25": {
					"avg": 211,
					"count": 2,
					"min": 210,
					"max": 212
				},
				"2024-07-27": {
					"avg": 144,
					"count": 1,
					"min": 144,
					"max": 144
				},
				"2024-07-31": {
					"avg": 194,
					"count": 2,
					"min": 169,
					"max": 218
				},
				"2024-08-01": {
					"avg": 100,
					"count": 1,
					"min": 100,
					"max": 100
				},
				"2024-08-10": {
					"avg": 83,
					"count": 1,
					"min": 83,
					"max": 83
				},
				"2024-08-12": {
					"avg": 292,
					"count": 3,
					"min": 214,
					"max": 447
				},
				"2024-08-15": {
					"avg": 43,
					"count": 1,
					"min": 43,
					"max": 43
				},
				"2024-08-16": {
					"avg": 656,
					"count": 1,
					"min": 656,
					"max": 656
				},
				"2024-08-17": {
					"avg": 70,
					"count": 2,
					"min": 70,
					"max": 70
				},
				"2024-08-24": {
					"avg": 149,
					"count": 1,
					"min": 149,
					"max": 149
				},
				"2024-08-28": {
					"avg": 42,
					"count": 1,
					"min": 42,
					"max": 42
				},
				"2024-09-02": {
					"avg": 199,
					"count": 1,
					"min": 199,
					"max": 199
				},
				"2024-09-07": {
					"avg": 342,
					"count": 4,
					"min": 44,
					"max": 948
				},
				"2024-09-22": {
					"avg": 143,
					"count": 1,
					"min": 143,
					"max": 143
				}
			},
			"avg": 189,
			"avg7": -1,
			"avg28": -1
		},
		"normal-poor": {
			"history": {
				"2024-05-24": {
					"avg": 362,
					"count": 1,
					"min": 362,
					"max": 362
				},
				"2024-05-30": {
					"avg": 172,
					"count": 1,
					"min": 172,
					"max": 172
				},
				"2024-06-06": {
					"avg": 207,
					"count": 3,
					"min": 207,
					"max": 207
				},
				"2024-06-20": {
					"avg": 70,
					"count": 2,
					"min": 65,
					"max": 75
				},
				"2024-07-05": {
					"avg": 119,
					"count": 4,
					"min": 119,
					"max": 119
				},
				"2024-07-11": {
					"avg": 119,
					"count": 1,
					"min": 119,
					"max": 119
				},
				"2024-07-15": {
					"avg": 173,
					"count": 1,
					"min": 173,
					"max": 173
				},
				"2024-07-16": {
					"avg": 66,
					"count": 1,
					"min": 66,
					"max": 66
				},
				"2024-07-31": {
					"avg": 156,
					"count": 2,
					"min": 156,
					"max": 156
				},
				"2024-08-05": {
					"avg": 167,
					"count": 2,
					"min": 158,
					"max": 176
				},
				"2024-08-09": {
					"avg": 451,
					"count": 1,
					"min": 451,
					"max": 451
				},
				"2024-09-05": {
					"avg": 49,
					"count": 4,
					"min": 49,
					"max": 49
				},
				"2024-09-19": {
					"avg": 99,
					"count": 1,
					"min": 99,
					"max": 99
				}
			},
			"avg": 147,
			"avg7": -1,
			"avg28": -1
		},
		"normal-nearmint": {
			"history": {
				"2024-05-29": {
					"avg": 375,
					"count": 1,
					"min": 375,
					"max": 375
				},
				"2024-06-01": {
					"avg": 322,
					"count": 1,
					"min": 322,
					"max": 322
				},
				"2024-06-10": {
					"avg": 337,
					"count": 2,
					"min": 312,
					"max": 361
				},
				"2024-06-11": {
					"avg": 396,
					"count": 1,
					"min": 396,
					"max": 396
				},
				"2024-06-15": {
					"avg": 296,
					"count": 2,
					"min": 284,
					"max": 307
				},
				"2024-06-16": {
					"avg": 312,
					"count": 1,
					"min": 312,
					"max": 312
				},
				"2024-06-17": {
					"avg": 398,
					"count": 1,
					"min": 398,
					"max": 398
				},
				"2024-06-18": {
					"avg": 347,
					"count": 2,
					"min": 296,
					"max": 398
				},
				"2024-06-19": {
					"avg": 359,
					"count": 2,
					"min": 296,
					"max": 421
				},
				"2024-07-02": {
					"avg": 297,
					"count": 1,
					"min": 297,
					"max": 297
				},
				"2024-07-06": {
					"avg": 322,
					"count": 1,
					"min": 322,
					"max": 322
				},
				"2024-07-08": {
					"avg": 297,
					"count": 4,
					"min": 297,
					"max": 297
				},
				"2024-07-09": {
					"avg": 297,
					"count": 1,
					"min": 297,
					"max": 297
				},
				"2024-07-11": {
					"avg": 297,
					"count": 1,
					"min": 297,
					"max": 297
				},
				"2024-07-16": {
					"avg": 285,
					"count": 2,
					"min": 275,
					"max": 295
				},
				"2024-07-18": {
					"avg": 277,
					"count": 1,
					"min": 277,
					"max": 277
				},
				"2024-07-19": {
					"avg": 178,
					"count": 1,
					"min": 178,
					"max": 178
				},
				"2024-07-21": {
					"avg": 297,
					"count": 1,
					"min": 297,
					"max": 297
				},
				"2024-07-27": {
					"avg": 178,
					"count": 2,
					"min": 178,
					"max": 178
				},
				"2024-07-29": {
					"avg": 713,
					"count": 2,
					"min": 131,
					"max": 1294
				},
				"2024-08-02": {
					"avg": 297,
					"count": 1,
					"min": 297,
					"max": 297
				},
				"2024-08-03": {
					"avg": 107,
					"count": 1,
					"min": 107,
					"max": 107
				},
				"2024-08-04": {
					"avg": 107,
					"count": 1,
					"min": 107,
					"max": 107
				},
				"2024-08-05": {
					"avg": 107,
					"count": 1,
					"min": 107,
					"max": 107
				},
				"2024-08-06": {
					"avg": 205,
					"count": 1,
					"min": 205,
					"max": 205
				},
				"2024-08-08": {
					"avg": 301,
					"count": 1,
					"min": 301,
					"max": 301
				},
				"2024-08-14": {
					"avg": 297,
					"count": 3,
					"min": 297,
					"max": 297
				},
				"2024-08-17": {
					"avg": 320,
					"count": 1,
					"min": 320,
					"max": 320
				},
				"2024-08-18": {
					"avg": 337,
					"count": 2,
					"min": 275,
					"max": 398
				},
				"2024-08-19": {
					"avg": 297,
					"count": 1,
					"min": 297,
					"max": 297
				},
				"2024-08-21": {
					"avg": 252,
					"count": 1,
					"min": 252,
					"max": 252
				},
				"2024-08-22": {
					"avg": 301,
					"count": 1,
					"min": 301,
					"max": 301
				},
				"2024-08-24": {
					"avg": 301,
					"count": 2,
					"min": 300,
					"max": 301
				},
				"2024-08-27": {
					"avg": 297,
					"count": 1,
					"min": 297,
					"max": 297
				},
				"2024-08-28": {
					"avg": 297,
					"count": 2,
					"min": 297,
					"max": 297
				},
				"2024-08-29": {
					"avg": 309,
					"count": 2,
					"min": 297,
					"max": 320
				},
				"2024-09-07": {
					"avg": 297,
					"count": 3,
					"min": 297,
					"max": 297
				},
				"2024-09-11": {
					"avg": 297,
					"count": 1,
					"min": 297,
					"max": 297
				},
				"2024-09-12": {
					"avg": 249,
					"count": 1,
					"min": 249,
					"max": 249
				},
				"2024-09-18": {
					"avg": 215,
					"count": 1,
					"min": 215,
					"max": 215
				},
				"2024-09-20": {
					"avg": 244,
					"count": 3,
					"min": 215,
					"max": 302
				}
			},
			"avg": 301,
			"avg7": -1,
			"avg28": -1
		}
	}
}