{
	"data": {
		"normal-good": {
			"history": {
				"2022-11-12": {
					"avg": 239,
					"count": 1
				},
				"2022-11-13": {
					"avg": 137,
					"count": 4
				},
				"2022-11-17": {
					"avg": 199,
					"count": 1
				},
				"2022-11-19": {
					"avg": 99,
					"count": 1,
					"min": 99,
					"max": 99
				},
				"2022-11-20": {
					"avg": 188,
					"count": 4,
					"min": 166,
					"max": 197
				},
				"2022-11-22": {
					"avg": 661,
					"count": 2,
					"min": 661,
					"max": 661
				},
				"2022-11-24": {
					"avg": 197,
					"count": 1,
					"min": 197,
					"max": 197
				},
				"2022-11-25": {
					"avg": 374,
					"count": 3,
					"min": 165,
					"max": 699
				},
				"2022-11-26": {
					"avg": 183,
					"count": 1,
					"min": 183,
					"max": 183
				},
				"2022-11-27": {
					"avg": 155,
					"count": 1,
					"min": 155,
					"max": 155
				},
				"2022-11-28": {
					"avg": 246,
					"count": 8,
					"min": 198,
					"max": 390
				},
				"2022-11-29": {
					"avg": 230,
					"count": 2,
					"min": 215,
					"max": 246
				},
				"2022-12-01": {
					"avg": 238,
					"count": 2,
					"min": 176,
					"max": 301
				},
				"2022-12-03": {
					"avg": 232,
					"count": 1,
					"min": 232,
					"max": 232
				},
				"2022-12-04": {
					"avg": 130,
					"count": 2,
					"min": 114,
					"max": 145
				},
				"2022-12-06": {
					"avg": 232,
					"count": 1,
					"min": 232,
					"max": 232
				},
				"2022-12-09": {
					"avg": 300,
					"count": 3,
					"min": 248,
					"max": 370
				},
				"2022-12-10": {
					"avg": 191,
					"count": 2,
					"min": 99,
					"max": 283
				},
				"2022-12-12": {
					"avg": 389,
					"count": 1,
					"min": 389,
					"max": 389
				},
				"2022-12-14": {
					"avg": 258,
					"count": 1,
					"min": 258,
					"max": 258
				},
				"2022-12-15": {
					"avg": 298,
					"count": 1,
					"min": 298,
					"max": 298
				},
				"2022-12-16": {
					"avg": 170,
					"count": 2,
					"min": 145,
					"max": 195
				},
				"2022-12-18": {
					"avg": 169,
					"count": 1,
					"min": 169,
					"max": 169
				},
				"2022-12-20": {
					"avg": 214,
					"count": 1,
					"min": 214,
					"max": 214
				},
				"2022-12-21": {
					"avg": 525,
					"count": 1,
					"min": 525,
					"max": 525
				},
				"2022-12-22": {
					"avg": 214,
					"count": 1,
					"min": 214,
					"max": 214
				},
				"2022-12-25": {
					"avg": 250,
					"count": 1,
					"min": 250,
					"max": 250
				},
				"2022-12-26": {
					"avg": 986,
					"count": 2,
					"min": 280,
					"max": 1691
				},
				"2022-12-28": {
					"avg": 233,
					"count": 2,
					"min": 124,
					"max": 341
				},
				"2022-12-29": {
					"avg": 579,
					"count": 7,
					"min": 250,
					"max": 754
				},
				"2022-12-30": {
					"avg": 241,
					"count": 2,
					"min": 241,
					"max": 241
				},
				"2022-12-31": {
					"avg": 161,
					"count": 3,
					"min": 132,
					"max": 179
				},
				"2023-01-01": {
					"avg": 294,
					"count": 3,
					"min": 214,
					"max": 341
				},
				"2023-01-02": {
					"avg": 207,
					"count": 10,
					"min": 153,
					"max": 299
				},
				"2023-01-07": {
					"avg": 286,
					"count": 2,
					"min": 272,
					"max": 299
				},
				"2023-01-08": {
					"avg": 215,
					"count": 3,
					"min": 80,
					"max": 314
				},
				"2023-01-09": {
					"avg": 276,
					"count": 3,
					"min": 214,
					"max": 399
				},
				"2023-01-11": {
					"avg": 169,
					"count": 1,
					"min": 169,
					"max": 169
				},
				"2023-01-12": {
					"avg": 154,
					"count": 1,
					"min": 154,
					"max": 154
				},
				"2023-02-06": {
					"avg": 203,
					"count": 4,
					"min": 150,
					"max": 299
				},
				"2023-02-07": {
					"avg": 184,
					"count": 1,
					"min": 184,
					"max": 184
				},
				"2023-02-08": {
					"avg": 242,
					"count": 2,
					"min": 185,
					"max": 299
				},
				"2023-02-10": {
					"avg": 487,
					"count": 3,
					"min": 329,
					"max": 607
				},
				"2023-02-11": {
					"avg": 270,
					"count": 2,
					"min": 250,
					"max": 289
				},
				"2023-02-13": {
					"avg": 214,
					"count": 2,
					"min": 214,
					"max": 214
				},
				"2023-02-15": {
					"avg": 416,
					"count": 1,
					"min": 416,
					"max": 416
				},
				"2023-02-16": {
					"avg": 350,
					"count": 1,
					"min": 350,
					"max": 350
				},
				"2023-02-17": {
					"avg": 209,
					"count": 1,
					"min": 209,
					"max": 209
				},
				"2023-02-19": {
					"avg": 214,
					"count": 3,
					"min": 214,
					"max": 214
				},
				"2023-02-20": {
					"avg": 489,
					"count": 1,
					"min": 489,
					"max": 489
				},
				"2023-02-21": {
					"avg": 260,
					"count": 1,
					"min": 260,
					"max": 260
				},
				"2023-02-22": {
					"avg": 178,
					"count": 2,
					"min": 157,
					"max": 198
				},
				"2023-02-24": {
					"avg": 226,
					"count": 3,
					"min": 178,
					"max": 287
				},
				"2023-02-26": {
					"avg": 322,
					"count": 2,
					"min": 299,
					"max": 345
				},
				"2023-02-27": {
					"avg": 200,
					"count": 1,
					"min": 200,
					"max": 200
				},
				"2023-02-28": {
					"avg": 407,
					"count": 3,
					"min": 324,
					"max": 499
				},
				"2023-03-01": {
					"avg": 223,
					"count": 1,
					"min": 223,
					"max": 223
				},
				"2023-03-03": {
					"avg": 287,
					"count": 2,
					"min": 214,
					"max": 360
				},
				"2023-03-04": {
					"avg": 244,
					"count": 1,
					"min": 244,
					"max": 244
				},
				"2023-03-05": {
					"avg": 367,
					"count": 1,
					"min": 367,
					"max": 367
				},
				"2023-03-07": {
					"avg": 271,
					"count": 3,
					"min": 194,
					"max": 369
				},
				"2023-03-10": {
					"avg": 174,
					"count": 2,
					"min": 98,
					"max": 250
				},
				"2023-03-11": {
					"avg": 359,
					"count": 1,
					"min": 359,
					"max": 359
				},
				"2023-03-12": {
					"avg": 185,
					"count": 1,
					"min": 185,
					"max": 185
				},
				"2023-03-16": {
					"avg": 468,
					"count": 1,
					"min": 468,
					"max": 468
				},
				"2023-03-17": {
					"avg": 119,
					"count": 1,
					"min": 119,
					"max": 119
				},
				"2023-03-19": {
					"avg": 285,
					"count": 2,
					"min": 200,
					"max": 369
				},
				"2023-03-21": {
					"avg": 273,
					"count": 2,
					"min": 199,
					"max": 347
				},
				"2023-03-23": {
					"avg": 499,
					"count": 1,
					"min": 499,
					"max": 499
				},
				"2023-03-24": {
					"avg": 607,
					"count": 1,
					"min": 607,
					"max": 607
				},
				"2023-03-28": {
					"avg": 176,
					"count": 2,
					"min": 70,
					"max": 282
				},
				"2023-04-04": {
					"avg": 199,
					"count": 1,
					"min": 199,
					"max": 199
				},
				"2023-04-07": {
					"avg": 166,
					"count": 4,
					"min": 60,
					"max": 267
				},
				"2023-04-08": {
					"avg": 168,
					"count": 1,
					"min": 168,
					"max": 168
				},
				"2023-04-09": {
					"avg": 187,
					"count": 2,
					"min": 168,
					"max": 206
				},
				"2023-04-10": {
					"avg": 306,
					"count": 2,
					"min": 248,
					"max": 364
				},
				"2023-04-11": {
					"avg": 369,
					"count": 2,
					"min": 369,
					"max": 369
				},
				"2023-04-12": {
					"avg": 316,
					"count": 4,
					"min": 244,
					"max": 383
				},
				"2023-04-14": {
					"avg": 198,
					"count": 1,
					"min": 198,
					"max": 198
				},
				"2023-04-15": {
					"avg": 100,
					"count": 1,
					"min": 100,
					"max": 100
				},
				"2023-04-18": {
					"avg": 404,
					"count": 2,
					"min": 208,
					"max": 599
				},
				"2023-04-20": {
					"avg": 267,
					"count": 1,
					"min": 267,
					"max": 267
				},
				"2023-04-22": {
					"avg": 159,
					"count": 1,
					"min": 159,
					"max": 159
				},
				"2023-04-23": {
					"avg": 233,
					"count": 2,
					"min": 169,
					"max": 296
				},
				"2023-04-26": {
					"avg": 148,
					"count": 2,
					"min": 95,
					"max": 200
				},
				"2023-04-27": {
					"avg": 100,
					"count": 1,
					"min": 100,
					"max": 100
				},
				"2023-05-01": {
					"avg": 199,
					"count": 1,
					"min": 199,
					"max": 199
				},
				"2023-05-03": {
					"avg": 199,
					"count": 1,
					"min": 199,
					"max": 199
				},
				"2023-05-04": {
					"avg": 375,
					"count": 3,
					"min": 375,
					"max": 375
				},
				"2023-05-05": {
					"avg": 289,
					"count": 1,
					"min": 289,
					"max": 289
				},
				"2023-05-08": {
					"avg": 172,
					"count": 1,
					"min": 172,
					"max": 172
				},
				"2023-05-09": {
					"avg": 181,
					"count": 1,
					"min": 181,
					"max": 181
				},
				"2023-05-11": {
					"avg": 91,
					"count": 1,
					"min": 91,
					"max": 91
				},
				"2023-05-12": {
					"avg": 194,
					"count": 2,
					"min": 194,
					"max": 194
				},
				"2023-05-13": {
					"avg": 197,
					"count": 2,
					"min": 194,
					"max": 199
				},
				"2023-05-14": {
					"avg": 360,
					"count": 1,
					"min": 360,
					"max": 360
				},
				"2023-05-15": {
					"avg": 275,
					"count": 1,
					"min": 275,
					"max": 275
				},
				"2023-05-16": {
					"avg": 198,
					"count": 1,
					"min": 198,
					"max": 198
				},
				"2023-05-17": {
					"avg": 238,
					"count": 1,
					"min": 238,
					"max": 238
				},
				"2023-05-19": {
					"avg": 194,
					"count": 1,
					"min": 194,
					"max": 194
				},
				"2023-05-27": {
					"avg": 329,
					"count": 3,
					"min": 263,
					"max": 449
				},
				"2023-05-29": {
					"avg": 113,
					"count": 1,
					"min": 113,
					"max": 113
				},
				"2023-05-30": {
					"avg": 374,
					"count": 1,
					"min": 374,
					"max": 374
				},
				"2023-06-01": {
					"avg": 463,
					"count": 6,
					"min": 364,
					"max": 609
				},
				"2023-06-06": {
					"avg": 233,
					"count": 4,
					"min": 98,
					"max": 357
				},
				"2023-06-07": {
					"avg": 299,
					"count": 1,
					"min": 299,
					"max": 299
				},
				"2023-06-09": {
					"avg": 214,
					"count": 1,
					"min": 214,
					"max": 214
				},
				"2023-06-10": {
					"avg": 298,
					"count": 2,
					"min": 200,
					"max": 396
				},
				"2023-06-11": {
					"avg": 396,
					"count": 1,
					"min": 396,
					"max": 396
				},
				"2023-06-12": {
					"avg": 374,
					"count": 1,
					"min": 374,
					"max": 374
				},
				"2023-06-13": {
					"avg": 218,
					"count": 2,
					"min": 201,
					"max": 235
				},
				"2023-06-17": {
					"avg": 649,
					"count": 1,
					"min": 649,
					"max": 649
				},
				"2023-06-20": {
					"avg": 230,
					"count": 1,
					"min": 230,
					"max": 230
				},
				"2023-06-21": {
					"avg": 229,
					"count": 1,
					"min": 229,
					"max": 229
				},
				"2023-06-22": {
					"avg": 491,
					"count": 3,
					"min": 221,
					"max": 963
				},
				"2023-06-23": {
					"avg": 175,
					"count": 1,
					"min": 175,
					"max": 175
				},
				"2023-06-24": {
					"avg": 230,
					"count": 1,
					"min": 230,
					"max": 230
				},
				"2023-06-25": {
					"avg": 200,
					"count": 1,
					"min": 200,
					"max": 200
				},
				"2023-06-28": {
					"avg": 245,
					"count": 2,
					"min": 125,
					"max": 364
				},
				"2023-06-29": {
					"avg": 329,
					"count": 1,
					"min": 329,
					"max": 329
				},
				"2023-06-30": {
					"avg": 318,
					"count": 1,
					"min": 318,
					"max": 318
				},
				"2023-07-01": {
					"avg": 989,
					"count": 6,
					"min": 160,
					"max": 1187
				},
				"2023-07-06": {
					"avg": 279,
					"count": 1,
					"min": 279,
					"max": 279
				},
				"2023-07-09": {
					"avg": 248,
					"count": 1,
					"min": 248,
					"max": 248
				},
				"2023-07-10": {
					"avg": 257,
					"count": 3,
					"min": 194,
					"max": 289
				},
				"2023-07-11": {
					"avg": 295,
					"count": 1,
					"min": 295,
					"max": 295
				},
				"2023-07-12": {
					"avg": 212,
					"count": 1,
					"min": 212,
					"max": 212
				},
				"2023-07-13": {
					"avg": 145,
					"count": 2,
					"min": 100,
					"max": 190
				},
				"2023-07-15": {
					"avg": 196,
					"count": 2,
					"min": 194,
					"max": 198
				},
				"2023-07-17": {
					"avg": 126,
					"count": 1,
					"min": 126,
					"max": 126
				},
				"2023-07-20": {
					"avg": 198,
					"count": 3,
					"min": 122,
					"max": 350
				},
				"2023-07-21": {
					"avg": 279,
					"count": 3,
					"min": 169,
					"max": 399
				},
				"2023-07-22": {
					"avg": 260,
					"count": 2,
					"min": 199,
					"max": 321
				},
				"2023-07-24": {
					"avg": 199,
					"count": 1,
					"min": 199,
					"max": 199
				},
				"2023-07-27": {
					"avg": 267,
					"count": 1,
					"min": 267,
					"max": 267
				},
				"2023-07-28": {
					"avg": 170,
					"count": 1,
					"min": 170,
					"max": 170
				},
				"2023-07-29": {
					"avg": 297,
					"count": 3,
					"min": 225,
					"max": 399
				},
				"2023-07-30": {
					"avg": 299,
					"count": 1,
					"min": 299,
					"max": 299
				},
				"2023-07-31": {
					"avg": 269,
					"count": 1,
					"min": 269,
					"max": 269
				},
				"2023-08-01": {
					"avg": 239,
					"count": 1,
					"min": 239,
					"max": 239
				},
				"2023-08-02": {
					"avg": 199,
					"count": 2,
					"min": 198,
					"max": 199
				},
				"2023-08-03": {
					"avg": 234,
					"count": 1,
					"min": 234,
					"max": 234
				},
				"2023-08-07": {
					"avg": 170,
					"count": 68,
					"min": 170,
					"max": 170
				},
				"2023-08-09": {
					"avg": 268,
					"count": 3,
					"min": 159,
					"max": 370
				},
				"2023-08-10": {
					"avg": 300,
					"count": 1,
					"min": 300,
					"max": 300
				},
				"2023-08-11": {
					"avg": 625,
					"count": 1,
					"min": 625,
					"max": 625
				},
				"2023-08-12": {
					"avg": 303,
					"count": 1,
					"min": 303,
					"max": 303
				},
				"2023-08-14": {
					"avg": 176,
					"count": 7,
					"min": 129,
					"max": 258
				},
				"2023-08-17": {
					"avg": 264,
					"count": 1,
					"min": 264,
					"max": 264
				},
				"2023-08-18": {
					"avg": 239,
					"count": 1,
					"min": 239,
					"max": 239
				},
				"2023-08-19": {
					"avg": 221,
					"count": 2,
					"min": 171,
					"max": 270
				},
				"2023-08-20": {
					"avg": 150,
					"count": 2,
					"min": 100,
					"max": 199
				},
				"2023-08-21": {
					"avg": 232,
					"count": 1,
					"min": 232,
					"max": 232
				},
				"2023-08-23": {
					"avg": 259,
					"count": 2,
					"min": 199,
					"max": 319
				},
				"2023-08-24": {
					"avg": 234,
					"count": 2,
					"min": 232,
					"max": 235
				},
				"2023-08-25": {
					"avg": 399,
					"count": 1,
					"min": 399,
					"max": 399
				},
				"2023-08-27": {
					"avg": 202,
					"count": 4,
					"min": 45,
					"max": 303
				},
				"2023-08-31": {
					"avg": 119,
					"count": 3,
					"min": 119,
					"max": 119
				},
				"2023-09-01": {
					"avg": 171,
					"count": 1,
					"min": 171,
					"max": 171
				},
				"2023-09-03": {
					"avg": 215,
					"count": 3,
					"min": 171,
					"max": 269
				},
				"2023-09-04": {
					"avg": 295,
					"count": 1,
					"min": 295,
					"max": 295
				},
				"2023-09-05": {
					"avg": 149,
					"count": 1,
					"min": 149,
					"max": 149
				},
				"2023-09-08": {
					"avg": 287,
					"count": 1,
					"min": 287,
					"max": 287
				},
				"2023-09-09": {
					"avg": 335,
					"count": 2,
					"min": 319,
					"max": 350
				},
				"2023-09-10": {
					"avg": 310,
					"count": 4,
					"min": 140,
					"max": 608
				},
				"2023-09-11": {
					"avg": 66,
					"count": 1,
					"min": 66,
					"max": 66
				},
				"2023-09-16": {
					"avg": 281,
					"count": 2,
					"min": 260,
					"max": 301
				},
				"2023-09-17": {
					"avg": 307,
					"count": 1,
					"min": 307,
					"max": 307
				},
				"2023-09-18": {
					"avg": 238,
					"count": 2,
					"min": 225,
					"max": 250
				},
				"2023-09-19": {
					"avg": 260,
					"count": 1,
					"min": 260,
					"max": 260
				},
				"2023-09-20": {
					"avg": 302,
					"count": 2,
					"min": 199,
					"max": 405
				},
				"2023-09-21": {
					"avg": 244,
					"count": 1,
					"min": 244,
					"max": 244
				},
				"2023-09-22": {
					"avg": 314,
					"count": 2,
					"min": 299,
					"max": 329
				},
				"2023-09-25": {
					"avg": 42,
					"count": 1,
					"min": 42,
					"max": 42
				},
				"2023-09-26": {
					"avg": 201,
					"count": 4,
					"min": 145,
					"max": 250
				},
				"2023-09-30": {
					"avg": 296,
					"count": 2,
					"min": 296,
					"max": 296
				},
				"2023-10-03": {
					"avg": 282,
					"count": 2,
					"min": 225,
					"max": 338
				},
				"2023-10-04": {
					"avg": 314,
					"count": 1,
					"min": 314,
					"max": 314
				},
				"2023-10-05": {
					"avg": 168,
					"count": 1,
					"min": 168,
					"max": 168
				},
				"2023-10-06": {
					"avg": 299,
					"count": 1,
					"min": 299,
					"max": 299
				},
				"2023-10-08": {
					"avg": 211,
					"count": 2,
					"min": 200,
					"max": 221
				},
				"2023-10-10": {
					"avg": 612,
					"count": 1,
					"min": 612,
					"max": 612
				},
				"2023-10-11": {
					"avg": 2310,
					"count": 1,
					"min": 2310,
					"max": 2310
				},
				"2023-10-12": {
					"avg": 278,
					"count": 3,
					"min": 267,
					"max": 299
				},
				"2023-10-16": {
					"avg": 301,
					"count": 4,
					"min": 301,
					"max": 301
				},
				"2023-10-21": {
					"avg": 239,
					"count": 5,
					"min": 76,
					"max": 319
				},
				"2023-10-22": {
					"avg": 251,
					"count": 1,
					"min": 251,
					"max": 251
				},
				"2023-10-23": {
					"avg": 219,
					"count": 1,
					"min": 219,
					"max": 219
				},
				"2023-10-24": {
					"avg": 298,
					"count": 2,
					"min": 179,
					"max": 416
				},
				"2023-10-25": {
					"avg": 311,
					"count": 2,
					"min": 187,
					"max": 435
				},
				"2023-10-26": {
					"avg": 170,
					"count": 1,
					"min": 170,
					"max": 170
				},
				"2023-10-28": {
					"avg": 287,
					"count": 1,
					"min": 287,
					"max": 287
				},
				"2023-10-30": {
					"avg": 297,
					"count": 1,
					"min": 297,
					"max": 297
				},
				"2023-10-31": {
					"avg": 248,
					"count": 6,
					"min": 179,
					"max": 287
				},
				"2023-11-01": {
					"avg": 213,
					"count": 1,
					"min": 213,
					"max": 213
				},
				"2023-11-02": {
					"avg": 365,
					"count": 1,
					"min": 365,
					"max": 365
				},
				"2023-11-04": {
					"avg": 348,
					"count": 1,
					"min": 348,
					"max": 348
				},
				"2023-11-08": {
					"avg": 283,
					"count": 2,
					"min": 215,
					"max": 350
				},
				"2023-11-10": {
					"avg": 244,
					"count": 3,
					"min": 185,
					"max": 362
				},
				"2023-11-12": {
					"avg": 306,
					"count": 2,
					"min": 297,
					"max": 314
				},
				"2023-11-17": {
					"avg": 324,
					"count": 1,
					"min": 324,
					"max": 324
				},
				"2023-11-18": {
					"avg": 273,
					"count": 1,
					"min": 273,
					"max": 273
				},
				"2023-11-19": {
					"avg": 487,
					"count": 2,
					"min": 275,
					"max": 699
				},
				"2023-11-21": {
					"avg": 129,
					"count": 1,
					"min": 129,
					"max": 129
				},
				"2023-11-22": {
					"avg": 324,
					"count": 1,
					"min": 324,
					"max": 324
				},
				"2023-11-24": {
					"avg": 131,
					"count": 11,
					"min": 35,
					"max": 254
				},
				"2023-11-25": {
					"avg": 336,
					"count": 2,
					"min": 298,
					"max": 374
				},
				"2023-11-26": {
					"avg": 170,
					"count": 1,
					"min": 170,
					"max": 170
				},
				"2023-11-27": {
					"avg": 269,
					"count": 1,
					"min": 269,
					"max": 269
				},
				"2024-05-17": {
					"avg": 268,
					"count": 4,
					"min": 125,
					"max": 374
				},
				"2024-05-18": {
					"avg": 267,
					"count": 8,
					"min": 168,
					"max": 422
				},
				"2024-05-20": {
					"avg": 923,
					"count": 1,
					"min": 923,
					"max": 923
				},
				"2024-05-24": {
					"avg": 371,
					"count": 1,
					"min": 371,
					"max": 371
				},
				"2024-06-02": {
					"avg": 220,
					"count": 1,
					"min": 220,
					"max": 220
				},
				"2024-06-09": {
					"avg": 249,
					"count": 1,
					"min": 249,
					"max": 249
				},
				"2024-06-10": {
					"avg": 371,
					"count": 1,
					"min": 371,
					"max": 371
				},
				"2024-06-12": {
					"avg": 200,
					"count": 1,
					"min": 200,
					"max": 200
				},
				"2024-06-14": {
					"avg": 331,
					"count": 2,
					"min": 328,
					"max": 333
				},
				"2024-06-15": {
					"avg": 322,
					"count": 1,
					"min": 322,
					"max": 322
				},
				"2024-06-16": {
					"avg": 326,
					"count": 1,
					"min": 326,
					"max": 326
				},
				"2024-06-17": {
					"avg": 322,
					"count": 1,
					"min": 322,
					"max": 322
				},
				"2024-06-18": {
					"avg": 374,
					"count": 1,
					"min": 374,
					"max": 374
				},
				"2024-06-20": {
					"avg": 327,
					"count": 1,
					"min": 327,
					"max": 327
				},
				"2024-06-23": {
					"avg": 249,
					"count": 1,
					"min": 249,
					"max": 249
				},
				"2024-06-27": {
					"avg": 299,
					"count": 2,
					"min": 299,
					"max": 299
				},
				"2024-07-05": {
					"avg": 373,
					"count": 1,
					"min": 373,
					"max": 373
				},
				"2024-07-06": {
					"avg": 466,
					"count": 2,
					"min": 322,
					"max": 610
				},
				"2024-07-11": {
					"avg": 297,
					"count": 2,
					"min": 220,
					"max": 373
				},
				"2024-07-21": {
					"avg": 373,
					"count": 1,
					"min": 373,
					"max": 373
				},
				"2024-07-23": {
					"avg": 317,
					"count": 1,
					"min": 317,
					"max": 317
				},
				"2024-07-24": {
					"avg": 226,
					"count": 1,
					"min": 226,
					"max": 226
				},
				"2024-07-26": {
					"avg": 313,
					"count": 2,
					"min": 199,
					"max": 426
				},
				"2024-07-30": {
					"avg": 316,
					"count": 1,
					"min": 316,
					"max": 316
				},
				"2024-07-31": {
					"avg": 198,
					"count": 1,
					"min": 198,
					"max": 198
				},
				"2024-08-01": {
					"avg": 232,
					"count": 2,
					"min": 218,
					"max": 245
				},
				"2024-08-03": {
					"avg": 194,
					"count": 1,
					"min": 194,
					"max": 194
				},
				"2024-08-05": {
					"avg": 306,
					"count": 6,
					"min": 299,
					"max": 322
				},
				"2024-08-07": {
					"avg": 279,
					"count": 1,
					"min": 279,
					"max": 279
				},
				"2024-08-10": {
					"avg": 377,
					"count": 1,
					"min": 377,
					"max": 377
				},
				"2024-08-12": {
					"avg": 220,
					"count": 1,
					"min": 220,
					"max": 220
				},
				"2024-08-17": {
					"avg": 805,
					"count": 1,
					"min": 805,
					"max": 805
				},
				"2024-08-18": {
					"avg": 290,
					"count": 6,
					"min": 226,
					"max": 324
				},
				"2024-08-19": {
					"avg": 297,
					"count": 1,
					"min": 297,
					"max": 297
				},
				"2024-08-20": {
					"avg": 306,
					"count": 9,
					"min": 170,
					"max": 370
				},
				"2024-08-27": {
					"avg": 325,
					"count": 1,
					"min": 325,
					"max": 325
				},
				"2024-08-28": {
					"avg": 248,
					"count": 4,
					"min": 207,
					"max": 290
				},
				"2024-08-29": {
					"avg": 189,
					"count": 1,
					"min": 189,
					"max": 189
				},
				"2024-08-31": {
					"avg": 385,
					"count": 2,
					"min": 342,
					"max": 427
				},
				"2024-09-01": {
					"avg": 1372,
					"count": 1,
					"min": 1372,
					"max": 1372
				},
				"2024-09-03": {
					"avg": 347,
					"count": 2,
					"min": 290,
					"max": 403
				},
				"2024-09-07": {
					"avg": 1174,
					"count": 1,
					"min": 1174,
					"max": 1174
				},
				"2024-09-08": {
					"avg": 257,
					"count": 2,
					"min": 200,
					"max": 314
				},
				"2024-09-15": {
					"avg": 251,
					"count": 2,
					"min": 225,
					"max": 276
				},
				"2024-09-17": {
					"avg": 233,
					"count": 6,
					"min": 182,
					"max": 316
				},
				"2024-09-19": {
					"avg": 379,
					"count": 1,
					"min": 379,
					"max": 379
				},
				"2024-09-22": {
					"avg": 213,
					"count": 1,
					"min": 213,
					"max": 213
				}
			},
			"avg": 276,
			"avg7": 318,
			"avg28": 318
		},
		"normal-nearmint": {
			"history": {
				"2024-05-26": {
					"avg": 499,
					"count": 1,
					"min": 499,
					"max": 499
				},
				"2024-05-29": {
					"avg": 648,
					"count": 1,
					"min": 648,
					"max": 648
				},
				"2024-05-30": {
					"avg": 397,
					"count": 1,
					"min": 397,
					"max": 397
				},
				"2024-06-06": {
					"avg": 662,
					"count": 1,
					"min": 662,
					"max": 662
				},
				"2024-06-11": {
					"avg": 288,
					"count": 1,
					"min": 288,
					"max": 288
				},
				"2024-06-15": {
					"avg": 405,
					"count": 2,
					"min": 385,
					"max": 424
				},
				"2024-06-16": {
					"avg": 429,
					"count": 1,
					"min": 429,
					"max": 429
				},
				"2024-06-17": {
					"avg": 498,
					"count": 1,
					"min": 498,
					"max": 498
				},
				"2024-06-19": {
					"avg": 503,
					"count": 2,
					"min": 407,
					"max": 599
				},
				"2024-07-02": {
					"avg": 497,
					"count": 1,
					"min": 497,
					"max": 497
				},
				"2024-07-06": {
					"avg": 399,
					"count": 1,
					"min": 399,
					"max": 399
				},
				"2024-07-09": {
					"avg": 385,
					"count": 1,
					"min": 385,
					"max": 385
				},
				"2024-07-11": {
					"avg": 497,
					"count": 1,
					"min": 497,
					"max": 497
				},
				"2024-07-19": {
					"avg": 480,
					"count": 1,
					"min": 480,
					"max": 480
				},
				"2024-07-26": {
					"avg": 426,
					"count": 1,
					"min": 426,
					"max": 426
				},
				"2024-07-29": {
					"avg": 291,
					"count": 1,
					"min": 291,
					"max": 291
				},
				"2024-08-06": {
					"avg": 497,
					"count": 1,
					"min": 497,
					"max": 497
				},
				"2024-08-07": {
					"avg": 289,
					"count": 2,
					"min": 277,
					"max": 300
				},
				"2024-08-09": {
					"avg": 299,
					"count": 1,
					"min": 299,
					"max": 299
				},
				"2024-08-11": {
					"avg": 470,
					"count": 1,
					"min": 470,
					"max": 470
				},
				"2024-08-12": {
					"avg": 325,
					"count": 1,
					"min": 325,
					"max": 325
				},
				"2024-08-14": {
					"avg": 377,
					"count": 1,
					"min": 377,
					"max": 377
				},
				"2024-08-20": {
					"avg": 426,
					"count": 1,
					"min": 426,
					"max": 426
				},
				"2024-08-23": {
					"avg": 306,
					"count": 2,
					"min": 296,
					"max": 315
				},
				"2024-08-25": {
					"avg": 399,
					"count": 1,
					"min": 399,
					"max": 399
				},
				"2024-08-27": {
					"avg": 400,
					"count": 2,
					"min": 350,
					"max": 449
				},
				"2024-08-29": {
					"avg": 470,
					"count": 1,
					"min": 470,
					"max": 470
				},
				"2024-08-30": {
					"avg": 722,
					"count": 1,
					"min": 722,
					"max": 722
				},
				"2024-09-01": {
					"avg": 1497,
					"count": 3,
					"min": 1497,
					"max": 1497
				},
				"2024-09-02": {
					"avg": 538,
					"count": 1,
					"min": 538,
					"max": 538
				},
				"2024-09-10": {
					"avg": 1297,
					"count": 1,
					"min": 1297,
					"max": 1297
				},
				"2024-09-11": {
					"avg": 799,
					"count": 1,
					"min": 799,
					"max": 799
				},
				"2024-09-13": {
					"avg": 500,
					"count": 1,
					"min": 500,
					"max": 500
				},
				"2024-09-22": {
					"avg": 1497,
					"count": 1,
					"min": 1497,
					"max": 1497
				},
				"2024-09-23": {
					"avg": 433,
					"count": 2,
					"min": 426,
					"max": 439
				}
			},
			"avg": 562,
			"avg7": -1,
			"avg28": -1
		},
		"normal-used": {
			"history": {
				"2024-05-26": {
					"avg": 149,
					"count": 1,
					"min": 149,
					"max": 149
				},
				"2024-06-20": {
					"avg": 333,
					"count": 3,
					"min": 333,
					"max": 333
				},
				"2024-07-06": {
					"avg": 119,
					"count": 1,
					"min": 119,
					"max": 119
				},
				"2024-07-16": {
					"avg": 100,
					"count": 1,
					"min": 100,
					"max": 100
				},
				"2024-07-23": {
					"avg": 218,
					"count": 1,
					"min": 218,
					"max": 218
				},
				"2024-08-04": {
					"avg": 122,
					"count": 1,
					"min": 122,
					"max": 122
				},
				"2024-08-06": {
					"avg": 116,
					"count": 1,
					"min": 116,
					"max": 116
				},
				"2024-08-08": {
					"avg": 118,
					"count": 1,
					"min": 118,
					"max": 118
				},
				"2024-08-14": {
					"avg": 275,
					"count": 1,
					"min": 275,
					"max": 275
				},
				"2024-08-18": {
					"avg": 164,
					"count": 2,
					"min": 122,
					"max": 205
				},
				"2024-08-19": {
					"avg": 129,
					"count": 1,
					"min": 129,
					"max": 129
				},
				"2024-09-02": {
					"avg": 249,
					"count": 1,
					"min": 249,
					"max": 249
				},
				"2024-09-04": {
					"avg": 475,
					"count": 1,
					"min": 475,
					"max": 475
				},
				"2024-09-06": {
					"avg": 211,
					"count": 2,
					"min": 123,
					"max": 299
				},
				"2024-09-07": {
					"avg": 227,
					"count": 7,
					"min": 122,
					"max": 258
				},
				"2024-09-16": {
					"avg": 123,
					"count": 1,
					"min": 123,
					"max": 123
				}
			},
			"avg": 213,
			"avg7": -1,
			"avg28": -1
		},
		"normal-played": {
			"history": {
				"2024-06-01": {
					"avg": 390,
					"count": 2,
					"min": 172,
					"max": 607
				},
				"2024-06-03": {
					"avg": 322,
					"count": 1,
					"min": 322,
					"max": 322
				},
				"2024-06-18": {
					"avg": 156,
					"count": 1,
					"min": 156,
					"max": 156
				},
				"2024-06-19": {
					"avg": 282,
					"count": 1,
					"min": 282,
					"max": 282
				},
				"2024-06-22": {
					"avg": 175,
					"count": 1,
					"min": 175,
					"max": 175
				},
				"2024-06-23": {
					"avg": 669,
					"count": 1,
					"min": 669,
					"max": 669
				},
				"2024-06-24": {
					"avg": 258,
					"count": 1,
					"min": 258,
					"max": 258
				},
				"2024-07-03": {
					"avg": 280,
					"count": 1,
					"min": 280,
					"max": 280
				},
				"2024-07-08": {
					"avg": 298,
					"count": 1,
					"min": 298,
					"max": 298
				},
				"2024-07-14": {
					"avg": 165,
					"count": 1,
					"min": 165,
					"max": 165
				},
				"2024-07-15": {
					"avg": 125,
					"count": 2,
					"min": 125,
					"max": 125
				},
				"2024-07-19": {
					"avg": 174,
					"count": 1,
					"min": 174,
					"max": 174
				},
				"2024-07-24": {
					"avg": 164,
					"count": 1,
					"min": 164,
					"max": 164
				},
				"2024-07-27": {
					"avg": 298,
					"count": 2,
					"min": 298,
					"max": 298
				},
				"2024-08-02": {
					"avg": 210,
					"count": 1,
					"min": 210,
					"max": 210
				},
				"2024-08-07": {
					"avg": 130,
					"count": 1,
					"min": 130,
					"max": 130
				},
				"2024-08-21": {
					"avg": 172,
					"count": 1,
					"min": 172,
					"max": 172
				},
				"2024-08-27": {
					"avg": 248,
					"count": 1,
					"min": 248,
					"max": 248
				},
				"2024-09-02": {
					"avg": 214,
					"count": 2,
					"min": 175,
					"max": 252
				},
				"2024-09-07": {
					"avg": 266,
					"count": 2,
					"min": 252,
					"max": 280
				},
				"2024-09-08": {
					"avg": 274,
					"count": 1,
					"min": 274,
					"max": 274
				},
				"2024-09-22": {
					"avg": 292,
					"count": 1,
					"min": 292,
					"max": 292
				}
			},
			"avg": 254,
			"avg7": -1,
			"avg28": -1
		},
		"normal-poor": {
			"history": {
				"2024-05-29": {
					"avg": 222,
					"count": 2,
					"min": 172,
					"max": 272
				},
				"2024-06-01": {
					"avg": 423,
					"count": 1,
					"min": 423,
					"max": 423
				},
				"2024-06-20": {
					"avg": 128,
					"count": 2,
					"min": 67,
					"max": 188
				},
				"2024-07-04": {
					"avg": 198,
					"count": 1,
					"min": 198,
					"max": 198
				},
				"2024-07-08": {
					"avg": 115,
					"count": 1,
					"min": 115,
					"max": 115
				},
				"2024-07-09": {
					"avg": 162,
					"count": 1,
					"min": 162,
					"max": 162
				},
				"2024-07-11": {
					"avg": 199,
					"count": 1,
					"min": 199,
					"max": 199
				},
				"2024-07-23": {
					"avg": 25,
					"count": 1,
					"min": 25,
					"max": 25
				},
				"2024-08-05": {
					"avg": 155,
					"count": 2,
					"min": 155,
					"max": 155
				},
				"2024-09-06": {
					"avg": 198,
					"count": 1,
					"min": 198,
					"max": 198
				},
				"2024-09-08": {
					"avg": 137,
					"count": 1,
					"min": 137,
					"max": 137
				}
			},
			"avg": 176,
			"avg7": -1,
			"avg28": -1
		}
	}
}