{
	"data": {
		"normal-good": {
			"history": {
				"2022-11-15": {
					"avg": 68,
					"count": 1
				},
				"2022-11-17": {
					"avg": 125,
					"count": 1
				},
				"2022-11-19": {
					"avg": 247,
					"count": 1,
					"min": 247,
					"max": 247
				},
				"2022-11-20": {
					"avg": 54,
					"count": 1,
					"min": 54,
					"max": 54
				},
				"2022-11-23": {
					"avg": 178,
					"count": 2,
					"min": 127,
					"max": 229
				},
				"2022-11-24": {
					"avg": 149,
					"count": 1,
					"min": 149,
					"max": 149
				},
				"2022-11-27": {
					"avg": 100,
					"count": 1,
					"min": 100,
					"max": 100
				},
				"2022-11-28": {
					"avg": 133,
					"count": 6,
					"min": 84,
					"max": 143
				},
				"2022-11-29": {
					"avg": 159,
					"count": 1,
					"min": 159,
					"max": 159
				},
				"2022-12-01": {
					"avg": 53,
					"count": 1,
					"min": 53,
					"max": 53
				},
				"2022-12-04": {
					"avg": 202,
					"count": 1,
					"min": 202,
					"max": 202
				},
				"2022-12-05": {
					"avg": 86,
					"count": 1,
					"min": 86,
					"max": 86
				},
				"2022-12-09": {
					"avg": 68,
					"count": 1,
					"min": 68,
					"max": 68
				},
				"2022-12-10": {
					"avg": 111,
					"count": 2,
					"min": 69,
					"max": 153
				},
				"2022-12-11": {
					"avg": 226,
					"count": 1,
					"min": 226,
					"max": 226
				},
				"2022-12-13": {
					"avg": 86,
					"count": 1,
					"min": 86,
					"max": 86
				},
				"2022-12-15": {
					"avg": 53,
					"count": 1,
					"min": 53,
					"max": 53
				},
				"2022-12-16": {
					"avg": 151,
					"count": 1,
					"min": 151,
					"max": 151
				},
				"2022-12-17": {
					"avg": 99,
					"count": 1,
					"min": 99,
					"max": 99
				},
				"2022-12-18": {
					"avg": 124,
					"count": 2,
					"min": 99,
					"max": 149
				},
				"2022-12-20": {
					"avg": 99,
					"count": 1,
					"min": 99,
					"max": 99
				},
				"2022-12-22": {
					"avg": 230,
					"count": 2,
					"min": 226,
					"max": 233
				},
				"2022-12-23": {
					"avg": 183,
					"count": 1,
					"min": 183,
					"max": 183
				},
				"2022-12-25": {
					"avg": 185,
					"count": 1,
					"min": 185,
					"max": 185
				},
				"2022-12-27": {
					"avg": 163,
					"count": 2,
					"min": 140,
					"max": 185
				},
				"2022-12-31": {
					"avg": 67,
					"count": 2,
					"min": 50,
					"max": 83
				},
				"2023-01-01": {
					"avg": 122,
					"count": 3,
					"min": 81,
					"max": 179
				},
				"2023-01-04": {
					"avg": 199,
					"count": 1,
					"min": 199,
					"max": 199
				},
				"2023-01-06": {
					"avg": 80,
					"count": 1,
					"min": 80,
					"max": 80
				},
				"2023-01-07": {
					"avg": 202,
					"count": 2,
					"min": 149,
					"max": 255
				},
				"2023-01-08": {
					"avg": 126,
					"count": 3,
					"min": 81,
					"max": 154
				},
				"2023-01-10": {
					"avg": 172,
					"count": 1,
					"min": 172,
					"max": 172
				},
				"2023-01-11": {
					"avg": 172,
					"count": 1,
					"min": 172,
					"max": 172
				},
				"2023-02-06": {
					"avg": 111,
					"count": 1,
					"min": 111,
					"max": 111
				},
				"2023-02-10": {
					"avg": 326,
					"count": 2,
					"min": 73,
					"max": 578
				},
				"2023-02-13": {
					"avg": 82,
					"count": 1,
					"min": 82,
					"max": 82
				},
				"2023-02-15": {
					"avg": 126,
					"count": 1,
					"min": 126,
					"max": 126
				},
				"2023-02-16": {
					"avg": 114,
					"count": 2,
					"min": 54,
					"max": 173
				},
				"2023-02-19": {
					"avg": 79,
					"count": 2,
					"min": 76,
					"max": 82
				},
				"2023-02-20": {
					"avg": 226,
					"count": 4,
					"min": 130,
					"max": 399
				},
				"2023-02-21": {
					"avg": 100,
					"count": 1,
					"min": 100,
					"max": 100
				},
				"2023-02-22": {
					"avg": 162,
					"count": 4,
					"min": 57,
					"max": 302
				},
				"2023-02-24": {
					"avg": 163,
					"count": 2,
					"min": 100,
					"max": 225
				},
				"2023-02-26": {
					"avg": 100,
					"count": 1,
					"min": 100,
					"max": 100
				},
				"2023-02-27": {
					"avg": 99,
					"count": 1,
					"min": 99,
					"max": 99
				},
				"2023-02-28": {
					"avg": 111,
					"count": 3,
					"min": 82,
					"max": 152
				},
				"2023-03-01": {
					"avg": 69,
					"count": 3,
					"min": 53,
					"max": 100
				},
				"2023-03-02": {
					"avg": 121,
					"count": 2,
					"min": 61,
					"max": 181
				},
				"2023-03-05": {
					"avg": 219,
					"count": 2,
					"min": 174,
					"max": 264
				},
				"2023-03-06": {
					"avg": 225,
					"count": 1,
					"min": 225,
					"max": 225
				},
				"2023-03-07": {
					"avg": 130,
					"count": 3,
					"min": 54,
					"max": 264
				},
				"2023-03-09": {
					"avg": 53,
					"count": 1,
					"min": 53,
					"max": 53
				},
				"2023-03-11": {
					"avg": 181,
					"count": 1,
					"min": 181,
					"max": 181
				},
				"2023-03-12": {
					"avg": 76,
					"count": 1,
					"min": 76,
					"max": 76
				},
				"2023-03-13": {
					"avg": 607,
					"count": 1,
					"min": 607,
					"max": 607
				},
				"2023-03-15": {
					"avg": 60,
					"count": 1,
					"min": 60,
					"max": 60
				},
				"2023-03-20": {
					"avg": 116,
					"count": 2,
					"min": 46,
					"max": 185
				},
				"2023-03-23": {
					"avg": 82,
					"count": 2,
					"min": 82,
					"max": 82
				},
				"2023-03-27": {
					"avg": 158,
					"count": 1,
					"min": 158,
					"max": 158
				},
				"2023-03-28": {
					"avg": 137,
					"count": 2,
					"min": 63,
					"max": 210
				},
				"2023-03-29": {
					"avg": 216,
					"count": 2,
					"min": 216,
					"max": 216
				},
				"2023-04-01": {
					"avg": 80,
					"count": 1,
					"min": 80,
					"max": 80
				},
				"2023-04-03": {
					"avg": 127,
					"count": 2,
					"min": 99,
					"max": 154
				},
				"2023-04-04": {
					"avg": 198,
					"count": 1,
					"min": 198,
					"max": 198
				},
				"2023-04-05": {
					"avg": 90,
					"count": 1,
					"min": 90,
					"max": 90
				},
				"2023-04-06": {
					"avg": 89,
					"count": 2,
					"min": 80,
					"max": 98
				},
				"2023-04-09": {
					"avg": 131,
					"count": 2,
					"min": 81,
					"max": 180
				},
				"2023-04-17": {
					"avg": 74,
					"count": 1,
					"min": 74,
					"max": 74
				},
				"2023-04-21": {
					"avg": 15,
					"count": 37,
					"min": 15,
					"max": 15
				},
				"2023-04-27": {
					"avg": 104,
					"count": 2,
					"min": 29,
					"max": 179
				},
				"2023-05-05": {
					"avg": 102,
					"count": 2,
					"min": 72,
					"max": 132
				},
				"2023-05-06": {
					"avg": 87,
					"count": 1,
					"min": 87,
					"max": 87
				},
				"2023-05-07": {
					"avg": 227,
					"count": 3,
					"min": 156,
					"max": 303
				},
				"2023-05-08": {
					"avg": 74,
					"count": 3,
					"min": 73,
					"max": 74
				},
				"2023-05-09": {
					"avg": 68,
					"count": 2,
					"min": 63,
					"max": 73
				},
				"2023-05-11": {
					"avg": 45,
					"count": 1,
					"min": 45,
					"max": 45
				},
				"2023-05-12": {
					"avg": 179,
					"count": 1,
					"min": 179,
					"max": 179
				},
				"2023-05-14": {
					"avg": 167,
					"count": 2,
					"min": 154,
					"max": 180
				},
				"2023-05-15": {
					"avg": 73,
					"count": 1,
					"min": 73,
					"max": 73
				},
				"2023-05-16": {
					"avg": 128,
					"count": 2,
					"min": 82,
					"max": 174
				},
				"2023-05-20": {
					"avg": 181,
					"count": 1,
					"min": 181,
					"max": 181
				},
				"2023-05-22": {
					"avg": 141,
					"count": 1,
					"min": 141,
					"max": 141
				},
				"2023-05-25": {
					"avg": 40,
					"count": 1,
					"min": 40,
					"max": 40
				},
				"2023-05-27": {
					"avg": 374,
					"count": 1,
					"min": 374,
					"max": 374
				},
				"2023-05-29": {
					"avg": 73,
					"count": 2,
					"min": 33,
					"max": 113
				},
				"2023-05-30": {
					"avg": 110,
					"count": 3,
					"min": 110,
					"max": 110
				},
				"2023-06-01": {
					"avg": 40,
					"count": 1,
					"min": 40,
					"max": 40
				},
				"2023-06-02": {
					"avg": 499,
					"count": 1,
					"min": 499,
					"max": 499
				},
				"2023-06-05": {
					"avg": 174,
					"count": 1,
					"min": 174,
					"max": 174
				},
				"2023-06-06": {
					"avg": 101,
					"count": 4,
					"min": 42,
					"max": 156
				},
				"2023-06-08": {
					"avg": 241,
					"count": 1,
					"min": 241,
					"max": 241
				},
				"2023-06-11": {
					"avg": 73,
					"count": 1,
					"min": 73,
					"max": 73
				},
				"2023-06-12": {
					"avg": 100,
					"count": 1,
					"min": 100,
					"max": 100
				},
				"2023-06-13": {
					"avg": 100,
					"count": 1,
					"min": 100,
					"max": 100
				},
				"2023-06-14": {
					"avg": 499,
					"count": 1,
					"min": 499,
					"max": 499
				},
				"2023-06-16": {
					"avg": 53,
					"count": 1,
					"min": 53,
					"max": 53
				},
				"2023-06-17": {
					"avg": 45,
					"count": 1,
					"min": 45,
					"max": 45
				},
				"2023-06-20": {
					"avg": 80,
					"count": 4,
					"min": 53,
					"max": 112
				},
				"2023-06-22": {
					"avg": 143,
					"count": 3,
					"min": 78,
					"max": 250
				},
				"2023-06-23": {
					"avg": 289,
					"count": 2,
					"min": 52,
					"max": 525
				},
				"2023-06-24": {
					"avg": 72,
					"count": 1,
					"min": 72,
					"max": 72
				},
				"2023-06-25": {
					"avg": 159,
					"count": 1,
					"min": 159,
					"max": 159
				},
				"2023-06-27": {
					"avg": 117,
					"count": 1,
					"min": 117,
					"max": 117
				},
				"2023-06-28": {
					"avg": 130,
					"count": 2,
					"min": 100,
					"max": 159
				},
				"2023-06-30": {
					"avg": 49,
					"count": 2,
					"min": 49,
					"max": 49
				},
				"2023-07-03": {
					"avg": 186,
					"count": 4,
					"min": 49,
					"max": 273
				},
				"2023-07-04": {
					"avg": 148,
					"count": 3,
					"min": 148,
					"max": 148
				},
				"2023-07-06": {
					"avg": 86,
					"count": 2,
					"min": 54,
					"max": 117
				},
				"2023-07-07": {
					"avg": 70,
					"count": 2,
					"min": 27,
					"max": 112
				},
				"2023-07-08": {
					"avg": 138,
					"count": 1,
					"min": 138,
					"max": 138
				},
				"2023-07-09": {
					"avg": 100,
					"count": 2,
					"min": 99,
					"max": 100
				},
				"2023-07-11": {
					"avg": 66,
					"count": 1,
					"min": 66,
					"max": 66
				},
				"2023-07-12": {
					"avg": 43,
					"count": 1,
					"min": 43,
					"max": 43
				},
				"2023-07-13": {
					"avg": 230,
					"count": 3,
					"min": 25,
					"max": 549
				},
				"2023-07-15": {
					"avg": 114,
					"count": 2,
					"min": 110,
					"max": 117
				},
				"2023-07-16": {
					"avg": 65,
					"count": 1,
					"min": 65,
					"max": 65
				},
				"2023-07-20": {
					"avg": 166,
					"count": 2,
					"min": 133,
					"max": 198
				},
				"2023-07-21": {
					"avg": 66,
					"count": 1,
					"min": 66,
					"max": 66
				},
				"2023-07-22": {
					"avg": 49,
					"count": 1,
					"min": 49,
					"max": 49
				},
				"2023-07-24": {
					"avg": 111,
					"count": 1,
					"min": 111,
					"max": 111
				},
				"2023-07-26": {
					"avg": 94,
					"count": 2,
					"min": 59,
					"max": 129
				},
				"2023-07-29": {
					"avg": 223,
					"count": 2,
					"min": 124,
					"max": 322
				},
				"2023-07-30": {
					"avg": 120,
					"count": 4,
					"min": 68,
					"max": 204
				},
				"2023-08-01": {
					"avg": 354,
					"count": 2,
					"min": 108,
					"max": 599
				},
				"2023-08-03": {
					"avg": 134,
					"count": 2,
					"min": 70,
					"max": 198
				},
				"2023-08-04": {
					"avg": 72,
					"count": 3,
					"min": 50,
					"max": 98
				},
				"2023-08-05": {
					"avg": 67,
					"count": 1,
					"min": 67,
					"max": 67
				},
				"2023-08-06": {
					"avg": 101,
					"count": 1,
					"min": 101,
					"max": 101
				},
				"2023-08-08": {
					"avg": 129,
					"count": 1,
					"min": 129,
					"max": 129
				},
				"2023-08-09": {
					"avg": 128,
					"count": 1,
					"min": 128,
					"max": 128
				},
				"2023-08-10": {
					"avg": 93,
					"count": 3,
					"min": 90,
					"max": 100
				},
				"2023-08-11": {
					"avg": 89,
					"count": 1,
					"min": 89,
					"max": 89
				},
				"2023-08-12": {
					"avg": 82,
					"count": 1,
					"min": 82,
					"max": 82
				},
				"2023-08-14": {
					"avg": 106,
					"count": 7,
					"min": 90,
					"max": 156
				},
				"2023-08-16": {
					"avg": 367,
					"count": 2,
					"min": 110,
					"max": 623
				},
				"2023-08-18": {
					"avg": 144,
					"count": 1,
					"min": 144,
					"max": 144
				},
				"2023-08-19": {
					"avg": 67,
					"count": 1,
					"min": 67,
					"max": 67
				},
				"2023-08-20": {
					"avg": 46,
					"count": 2,
					"min": 24,
					"max": 67
				},
				"2023-08-23": {
					"avg": 113,
					"count": 3,
					"min": 90,
					"max": 129
				},
				"2023-08-24": {
					"avg": 225,
					"count": 3,
					"min": 151,
					"max": 374
				},
				"2023-08-25": {
					"avg": 199,
					"count": 1,
					"min": 199,
					"max": 199
				},
				"2023-08-27": {
					"avg": 102,
					"count": 4,
					"min": 38,
					"max": 153
				},
				"2023-08-30": {
					"avg": 66,
					"count": 2,
					"min": 65,
					"max": 67
				},
				"2023-09-01": {
					"avg": 129,
					"count": 1,
					"min": 129,
					"max": 129
				},
				"2023-09-02": {
					"avg": 50,
					"count": 1,
					"min": 50,
					"max": 50
				},
				"2023-09-03": {
					"avg": 244,
					"count": 1,
					"min": 244,
					"max": 244
				},
				"2023-09-04": {
					"avg": 212,
					"count": 1,
					"min": 212,
					"max": 212
				},
				"2023-09-05": {
					"avg": 106,
					"count": 5,
					"min": 25,
					"max": 162
				},
				"2023-09-06": {
					"avg": 86,
					"count": 1,
					"min": 86,
					"max": 86
				},
				"2023-09-07": {
					"avg": 69,
					"count": 2,
					"min": 69,
					"max": 69
				},
				"2023-09-10": {
					"avg": 35,
					"count": 1,
					"min": 35,
					"max": 35
				},
				"2023-09-11": {
					"avg": 44,
					"count": 1,
					"min": 44,
					"max": 44
				},
				"2023-09-15": {
					"avg": 57,
					"count": 1,
					"min": 57,
					"max": 57
				},
				"2023-09-16": {
					"avg": 105,
					"count": 3,
					"min": 69,
					"max": 123
				},
				"2023-09-17": {
					"avg": 95,
					"count": 1,
					"min": 95,
					"max": 95
				},
				"2023-09-18": {
					"avg": 137,
					"count": 2,
					"min": 124,
					"max": 149
				},
				"2023-09-20": {
					"avg": 30,
					"count": 1,
					"min": 30,
					"max": 30
				},
				"2023-09-21": {
					"avg": 149,
					"count": 1,
					"min": 149,
					"max": 149
				},
				"2023-09-23": {
					"avg": 301,
					"count": 1,
					"min": 301,
					"max": 301
				},
				"2023-09-25": {
					"avg": 98,
					"count": 3,
					"min": 98,
					"max": 98
				},
				"2023-09-26": {
					"avg": 411,
					"count": 3,
					"min": 134,
					"max": 549
				},
				"2023-09-27": {
					"avg": 117,
					"count": 2,
					"min": 67,
					"max": 168
				},
				"2023-09-28": {
					"avg": 148,
					"count": 1,
					"min": 148,
					"max": 148
				},
				"2023-09-30": {
					"avg": 111,
					"count": 6,
					"min": 69,
					"max": 119
				},
				"2023-10-02": {
					"avg": 623,
					"count": 1,
					"min": 623,
					"max": 623
				},
				"2023-10-03": {
					"avg": 362,
					"count": 2,
					"min": 167,
					"max": 557
				},
				"2023-10-04": {
					"avg": 213,
					"count": 3,
					"min": 30,
					"max": 501
				},
				"2023-10-08": {
					"avg": 69,
					"count": 1,
					"min": 69,
					"max": 69
				},
				"2023-10-10": {
					"avg": 254,
					"count": 2,
					"min": 49,
					"max": 459
				},
				"2023-10-11": {
					"avg": 99,
					"count": 1,
					"min": 99,
					"max": 99
				},
				"2023-10-12": {
					"avg": 188,
					"count": 1,
					"min": 188,
					"max": 188
				},
				"2023-10-13": {
					"avg": 104,
					"count": 2,
					"min": 48,
					"max": 160
				},
				"2023-10-14": {
					"avg": 115,
					"count": 3,
					"min": 58,
					"max": 188
				},
				"2023-10-16": {
					"avg": 124,
					"count": 1,
					"min": 124,
					"max": 124
				},
				"2023-10-17": {
					"avg": 90,
					"count": 1,
					"min": 90,
					"max": 90
				},
				"2023-10-18": {
					"avg": 47,
					"count": 2,
					"min": 25,
					"max": 69
				},
				"2023-10-20": {
					"avg": 49,
					"count": 1,
					"min": 49,
					"max": 49
				},
				"2023-10-21": {
					"avg": 92,
					"count": 4,
					"min": 49,
					"max": 124
				},
				"2023-10-22": {
					"avg": 91,
					"count": 2,
					"min": 69,
					"max": 112
				},
				"2023-10-26": {
					"avg": 127,
					"count": 2,
					"min": 80,
					"max": 175
				},
				"2023-10-28": {
					"avg": 115,
					"count": 2,
					"min": 75,
					"max": 154
				},
				"2023-10-29": {
					"avg": 285,
					"count": 1,
					"min": 285,
					"max": 285
				},
				"2023-11-02": {
					"avg": 80,
					"count": 4,
					"min": 35,
					"max": 136
				},
				"2023-11-04": {
					"avg": 74,
					"count": 2,
					"min": 35,
					"max": 112
				},
				"2023-11-05": {
					"avg": 449,
					"count": 1,
					"min": 449,
					"max": 449
				},
				"2023-11-06": {
					"avg": 158,
					"count": 1,
					"min": 158,
					"max": 158
				},
				"2023-11-08": {
					"avg": 99,
					"count": 1,
					"min": 99,
					"max": 99
				},
				"2023-11-09": {
					"avg": 29,
					"count": 1,
					"min": 29,
					"max": 29
				},
				"2023-11-10": {
					"avg": 105,
					"count": 2,
					"min": 86,
					"max": 124
				},
				"2023-11-11": {
					"avg": 71,
					"count": 2,
					"min": 29,
					"max": 113
				},
				"2023-11-12": {
					"avg": 89,
					"count": 2,
					"min": 29,
					"max": 149
				},
				"2023-11-14": {
					"avg": 95,
					"count": 1,
					"min": 95,
					"max": 95
				},
				"2023-11-15": {
					"avg": 158,
					"count": 1,
					"min": 158,
					"max": 158
				},
				"2023-11-16": {
					"avg": 35,
					"count": 1,
					"min": 35,
					"max": 35
				},
				"2023-11-19": {
					"avg": 358,
					"count": 2,
					"min": 192,
					"max": 524
				},
				"2023-11-21": {
					"avg": 158,
					"count": 1,
					"min": 158,
					"max": 158
				},
				"2023-11-22": {
					"avg": 44,
					"count": 2,
					"min": 29,
					"max": 59
				},
				"2023-11-24": {
					"avg": 106,
					"count": 10,
					"min": 29,
					"max": 143
				},
				"2023-11-25": {
					"avg": 97,
					"count": 2,
					"min": 95,
					"max": 99
				},
				"2023-11-26": {
					"avg": 110,
					"count": 1,
					"min": 110,
					"max": 110
				},
				"2024-05-16": {
					"avg": 288,
					"count": 5,
					"min": 288,
					"max": 288
				},
				"2024-05-17": {
					"avg": 117,
					"count": 3,
					"min": 81,
					"max": 143
				},
				"2024-05-18": {
					"avg": 170,
					"count": 6,
					"min": 148,
					"max": 204
				},
				"2024-05-20": {
					"avg": 174,
					"count": 2,
					"min": 98,
					"max": 250
				},
				"2024-05-21": {
					"avg": 113,
					"count": 1,
					"min": 113,
					"max": 113
				},
				"2024-05-24": {
					"avg": 99,
					"count": 2,
					"min": 98,
					"max": 99
				},
				"2024-05-27": {
					"avg": 159,
					"count": 3,
					"min": 159,
					"max": 159
				},
				"2024-05-28": {
					"avg": 158,
					"count": 1,
					"min": 158,
					"max": 158
				},
				"2024-05-29": {
					"avg": 200,
					"count": 3,
					"min": 200,
					"max": 200
				},
				"2024-05-30": {
					"avg": 81,
					"count": 1,
					"min": 81,
					"max": 81
				},
				"2024-05-31": {
					"avg": 50,
					"count": 1,
					"min": 50,
					"max": 50
				},
				"2024-06-03": {
					"avg": 118,
					"count": 2,
					"min": 49,
					"max": 187
				},
				"2024-06-08": {
					"avg": 98,
					"count": 1,
					"min": 98,
					"max": 98
				},
				"2024-06-11": {
					"avg": 88,
					"count": 2,
					"min": 50,
					"max": 125
				},
				"2024-06-14": {
					"avg": 160,
					"count": 1,
					"min": 160,
					"max": 160
				},
				"2024-06-15": {
					"avg": 197,
					"count": 1,
					"min": 197,
					"max": 197
				},
				"2024-06-17": {
					"avg": 49,
					"count": 1,
					"min": 49,
					"max": 49
				},
				"2024-06-20": {
					"avg": 167,
					"count": 1,
					"min": 167,
					"max": 167
				},
				"2024-06-21": {
					"avg": 167,
					"count": 1,
					"min": 167,
					"max": 167
				},
				"2024-06-23": {
					"avg": 49,
					"count": 1,
					"min": 49,
					"max": 49
				},
				"2024-06-24": {
					"avg": 65,
					"count": 1,
					"min": 65,
					"max": 65
				},
				"2024-06-27": {
					"avg": 49,
					"count": 3,
					"min": 49,
					"max": 49
				},
				"2024-06-28": {
					"avg": 44,
					"count": 1,
					"min": 44,
					"max": 44
				},
				"2024-07-02": {
					"avg": 79,
					"count": 1,
					"min": 79,
					"max": 79
				},
				"2024-07-03": {
					"avg": 42,
					"count": 1,
					"min": 42,
					"max": 42
				},
				"2024-07-04": {
					"avg": 49,
					"count": 1,
					"min": 49,
					"max": 49
				},
				"2024-07-07": {
					"avg": 70,
					"count": 1,
					"min": 70,
					"max": 70
				},
				"2024-07-10": {
					"avg": 194,
					"count": 1,
					"min": 194,
					"max": 194
				},
				"2024-07-11": {
					"avg": 61,
					"count": 3,
					"min": 44,
					"max": 95
				},
				"2024-07-14": {
					"avg": 187,
					"count": 1,
					"min": 187,
					"max": 187
				},
				"2024-07-16": {
					"avg": 184,
					"count": 1,
					"min": 184,
					"max": 184
				},
				"2024-07-17": {
					"avg": 197,
					"count": 1,
					"min": 197,
					"max": 197
				},
				"2024-07-19": {
					"avg": 187,
					"count": 1,
					"min": 187,
					"max": 187
				},
				"2024-07-26": {
					"avg": 61,
					"count": 1,
					"min": 61,
					"max": 61
				},
				"2024-07-27": {
					"avg": 95,
					"count": 2,
					"min": 95,
					"max": 95
				},
				"2024-07-28": {
					"avg": 61,
					"count": 1,
					"min": 61,
					"max": 61
				},
				"2024-08-02": {
					"avg": 62,
					"count": 1,
					"min": 62,
					"max": 62
				},
				"2024-08-03": {
					"avg": 34,
					"count": 1,
					"min": 34,
					"max": 34
				},
				"2024-08-04": {
					"avg": 29,
					"count": 1,
					"min": 29,
					"max": 29
				},
				"2024-08-07": {
					"avg": 178,
					"count": 1,
					"min": 178,
					"max": 178
				},
				"2024-08-08": {
					"avg": 625,
					"count": 1,
					"min": 625,
					"max": 625
				},
				"2024-08-10": {
					"avg": 227,
					"count": 1,
					"min": 227,
					"max": 227
				},
				"2024-08-12": {
					"avg": 50,
					"count": 1,
					"min": 50,
					"max": 50
				},
				"2024-08-15": {
					"avg": 199,
					"count": 2,
					"min": 192,
					"max": 205
				},
				"2024-08-16": {
					"avg": 693,
					"count": 1,
					"min": 693,
					"max": 693
				},
				"2024-08-20": {
					"avg": 53,
					"count": 1,
					"min": 53,
					"max": 53
				},
				"2024-08-21": {
					"avg": 53,
					"count": 1,
					"min": 53,
					"max": 53
				},
				"2024-08-24": {
					"avg": 53,
					"count": 1,
					"min": 53,
					"max": 53
				},
				"2024-08-26": {
					"avg": 53,
					"count": 1,
					"min": 53,
					"max": 53
				},
				"2024-08-27": {
					"avg": 53,
					"count": 1,
					"min": 53,
					"max": 53
				},
				"2024-08-30": {
					"avg": 70,
					"count": 1,
					"min": 70,
					"max": 70
				},
				"2024-08-31": {
					"avg": 573,
					"count": 2,
					"min": 53,
					"max": 1092
				},
				"2024-09-01": {
					"avg": 62,
					"count": 1,
					"min": 62,
					"max": 62
				},
				"2024-09-07": {
					"avg": 55,
					"count": 1,
					"min": 55,
					"max": 55
				},
				"2024-09-11": {
					"avg": 154,
					"count": 1,
					"min": 154,
					"max": 154
				},
				"2024-09-13": {
					"avg": 58,
					"count": 3,
					"min": 52,
					"max": 69
				},
				"2024-09-15": {
					"avg": 60,
					"count": 2,
					"min": 52,
					"max": 67
				},
				"2024-09-16": {
					"avg": 243,
					"count": 2,
					"min": 243,
					"max": 243
				},
				"2024-09-17": {
					"avg": 194,
					"count": 1,
					"min": 194,
					"max": 194
				},
				"2024-09-19": {
					"avg": 181,
					"count": 1,
					"min": 181,
					"max": 181
				},
				"2024-09-20": {
					"avg": 61,
					"count": 1,
					"min": 61,
					"max": 61
				}
			},
			"avg": 129,
			"avg7": 197,
			"avg28": 197
		},
		"normal-nearmint": {
			"history": {
				"2024-05-24": {
					"avg": 58,
					"count": 1,
					"min": 58,
					"max": 58
				},
				"2024-05-28": {
					"avg": 271,
					"count": 1,
					"min": 271,
					"max": 271
				},
				"2024-06-06": {
					"avg": 557,
					"count": 1,
					"min": 557,
					"max": 557
				},
				"2024-06-07": {
					"avg": 230,
					"count": 2,
					"min": 206,
					"max": 253
				},
				"2024-06-11": {
					"avg": 253,
					"count": 1,
					"min": 253,
					"max": 253
				},
				"2024-06-15": {
					"avg": 212,
					"count": 2,
					"min": 201,
					"max": 222
				},
				"2024-06-18": {
					"avg": 201,
					"count": 2,
					"min": 180,
					"max": 221
				},
				"2024-06-23": {
					"avg": 187,
					"count": 2,
					"min": 80,
					"max": 293
				},
				"2024-06-24": {
					"avg": 189,
					"count": 1,
					"min": 189,
					"max": 189
				},
				"2024-07-01": {
					"avg": 127,
					"count": 1,
					"min": 127,
					"max": 127
				},
				"2024-07-06": {
					"avg": 1099,
					"count": 1,
					"min": 1099,
					"max": 1099
				},
				"2024-07-08": {
					"avg": 150,
					"count": 1,
					"min": 150,
					"max": 150
				},
				"2024-07-10": {
					"avg": 101,
					"count": 1,
					"min": 101,
					"max": 101
				},
				"2024-07-12": {
					"avg": 232,
					"count": 3,
					"min": 223,
					"max": 249
				},
				"2024-07-14": {
					"avg": 2100,
					"count": 1,
					"min": 2100,
					"max": 2100
				},
				"2024-07-17": {
					"avg": 127,
					"count": 1,
					"min": 127,
					"max": 127
				},
				"2024-07-27": {
					"avg": 257,
					"count": 2,
					"min": 257,
					"max": 257
				},
				"2024-07-29": {
					"avg": 127,
					"count": 2,
					"min": 127,
					"max": 127
				},
				"2024-08-03": {
					"avg": 94,
					"count": 2,
					"min": 60,
					"max": 127
				},
				"2024-08-05": {
					"avg": 127,
					"count": 1,
					"min": 127,
					"max": 127
				},
				"2024-08-08": {
					"avg": 217,
					"count": 6,
					"min": 184,
					"max": 224
				},
				"2024-08-10": {
					"avg": 185,
					"count": 1,
					"min": 185,
					"max": 185
				},
				"2024-08-11": {
					"avg": 130,
					"count": 2,
					"min": 130,
					"max": 130
				},
				"2024-08-16": {
					"avg": 127,
					"count": 1,
					"min": 127,
					"max": 127
				},
				"2024-08-17": {
					"avg": 276,
					"count": 1,
					"min": 276,
					"max": 276
				},
				"2024-08-19": {
					"avg": 58,
					"count": 1,
					"min": 58,
					"max": 58
				},
				"2024-08-24": {
					"avg": 185,
					"count": 1,
					"min": 185,
					"max": 185
				},
				"2024-08-27": {
					"avg": 145,
					"count": 2,
					"min": 105,
					"max": 185
				},
				"2024-08-28": {
					"avg": 127,
					"count": 1,
					"min": 127,
					"max": 127
				},
				"2024-08-29": {
					"avg": 130,
					"count": 1,
					"min": 130,
					"max": 130
				},
				"2024-09-03": {
					"avg": 185,
					"count": 1,
					"min": 185,
					"max": 185
				},
				"2024-09-04": {
					"avg": 222,
					"count": 2,
					"min": 58,
					"max": 386
				},
				"2024-09-08": {
					"avg": 99,
					"count": 1,
					"min": 99,
					"max": 99
				},
				"2024-09-10": {
					"avg": 924,
					"count": 1,
					"min": 924,
					"max": 924
				},
				"2024-09-11": {
					"avg": 225,
					"count": 7,
					"min": 88,
					"max": 248
				},
				"2024-09-15": {
					"avg": 1036,
					"count": 3,
					"min": 185,
					"max": 2099
				},
				"2024-09-23": {
					"avg": 178,
					"count": 1,
					"min": 178,
					"max": 178
				}
			},
			"avg": 289,
			"avg7": -1,
			"avg28": -1
		},
		"normal-played": {
			"history": {
				"2024-05-24": {
					"avg": 221,
					"count": 1,
					"min": 221,
					"max": 221
				},
				"2024-05-26": {
					"avg": 137,
					"count": 3,
					"min": 129,
					"max": 152
				},
				"2024-05-29": {
					"avg": 184,
					"count": 1,
					"min": 184,
					"max": 184
				},
				"2024-06-09": {
					"avg": 148,
					"count": 2,
					"min": 146,
					"max": 149
				},
				"2024-07-03": {
					"avg": 160,
					"count": 1,
					"min": 160,
					"max": 160
				},
				"2024-07-05": {
					"avg": 130,
					"count": 2,
					"min": 40,
					"max": 219
				},
				"2024-07-11": {
					"avg": 47,
					"count": 1,
					"min": 47,
					"max": 47
				},
				"2024-07-20": {
					"avg": 178,
					"count": 1,
					"min": 178,
					"max": 178
				},
				"2024-07-23": {
					"avg": 151,
					"count": 1,
					"min": 151,
					"max": 151
				},
				"2024-07-30": {
					"avg": 45,
					"count": 1,
					"min": 45,
					"max": 45
				},
				"2024-07-31": {
					"avg": 116,
					"count": 1,
					"min": 116,
					"max": 116
				},
				"2024-08-03": {
					"avg": 169,
					"count": 1,
					"min": 169,
					"max": 169
				},
				"2024-08-05": {
					"avg": 171,
					"count": 1,
					"min": 171,
					"max": 171
				},
				"2024-08-16": {
					"avg": 41,
					"count": 1,
					"min": 41,
					"max": 41
				},
				"2024-08-21": {
					"avg": 35,
					"count": 1,
					"min": 35,
					"max": 35
				},
				"2024-08-24": {
					"avg": 20,
					"count": 1,
					"min": 20,
					"max": 20
				},
				"2024-08-28": {
					"avg": 162,
					"count": 1,
					"min": 162,
					"max": 162
				},
				"2024-09-02": {
					"avg": 150,
					"count": 1,
					"min": 150,
					"max": 150
				},
				"2024-09-04": {
					"avg": 88,
					"count": 1,
					"min": 88,
					"max": 88
				},
				"2024-09-07": {
					"avg": 112,
					"count": 3,
					"min": 76,
					"max": 130
				},
				"2024-09-12": {
					"avg": 151,
					"count": 1,
					"min": 151,
					"max": 151
				},
				"2024-09-16": {
					"avg": 43,
					"count": 1,
					"min": 43,
					"max": 43
				},
				"2024-09-22": {
					"avg": 153,
					"count": 2,
					"min": 139,
					"max": 167
				}
			},
			"avg": 125,
			"avg7": -1,
			"avg28": -1
		},
		"normal-poor": {
			"history": {
				"2024-05-24": {
					"avg": 31,
					"count": 1,
					"min": 31,
					"max": 31
				},
				"2024-06-04": {
					"avg": 33,
					"count": 1,
					"min": 33,
					"max": 33
				},
				"2024-06-06": {
					"avg": 32,
					"count": 1,
					"min": 32,
					"max": 32
				},
				"2024-06-19": {
					"avg": 35,
					"count": 1,
					"min": 35,
					"max": 35
				},
				"2024-06-20": {
					"avg": 147,
					"count": 1,
					"min": 147,
					"max": 147
				},
				"2024-07-04": {
					"avg": 154,
					"count": 1,
					"min": 154,
					"max": 154
				},
				"2024-07-05": {
					"avg": 124,
					"count": 2,
					"min": 124,
					"max": 124
				},
				"2024-07-12": {
					"avg": 157,
					"count": 1,
					"min": 157,
					"max": 157
				},
				"2024-09-04": {
					"avg": 32,
					"count": 1,
					"min": 32,
					"max": 32
				},
				"2024-09-20": {
					"avg": 229,
					"count": 1,
					"min": 229,
					"max": 229
				}
			},
			"avg": 100,
			"avg7": -1,
			"avg28": -1
		},
		"normal-used": {
			"history": {
				"2024-06-01": {
					"avg": 398,
					"count": 1,
					"min": 398,
					"max": 398
				},
				"2024-06-20": {
					"avg": 35,
					"count": 1,
					"min": 35,
					"max": 35
				},
				"2024-06-22": {
					"avg": 147,
					"count": 1,
					"min": 147,
					"max": 147
				},
				"2024-06-27": {
					"avg": 124,
					"count": 1,
					"min": 124,
					"max": 124
				},
				"2024-07-05": {
					"avg": 134,
					"count": 1,
					"min": 134,
					"max": 134
				},
				"2024-07-16": {
					"avg": 39,
					"count": 1,
					"min": 39,
					"max": 39
				},
				"2024-08-04": {
					"avg": 25,
					"count": 1,
					"min": 25,
					"max": 25
				},
				"2024-08-12": {
					"avg": 195,
					"count": 1,
					"min": 195,
					"max": 195
				},
				"2024-09-03": {
					"avg": 35,
					"count": 1,
					"min": 35,
					"max": 35
				},
				"2024-09-12": {
					"avg": 162,
					"count": 1,
					"min": 162,
					"max": 162
				}
			},
			"avg": 129,
			"avg7": -1,
			"avg28": -1
		}
	}
}