{
	"data": {
		"normal-good": {
			"history": {
				"2022-11-15": {
					"avg": 39,
					"count": 2
				},
				"2022-11-16": {
					"avg": 149,
					"count": 22
				},
				"2022-11-20": {
					"avg": 94,
					"count": 16,
					"min": 79,
					"max": 99
				},
				"2022-11-22": {
					"avg": 548,
					"count": 2,
					"min": 548,
					"max": 548
				},
				"2022-11-24": {
					"avg": 199,
					"count": 1,
					"min": 199,
					"max": 199
				},
				"2022-11-25": {
					"avg": 55,
					"count": 3,
					"min": 49,
					"max": 66
				},
				"2022-11-26": {
					"avg": 54,
					"count": 1,
					"min": 54,
					"max": 54
				},
				"2022-11-27": {
					"avg": 59,
					"count": 1,
					"min": 59,
					"max": 59
				},
				"2022-11-28": {
					"avg": 87,
					"count": 7,
					"min": 48,
					"max": 147
				},
				"2022-11-29": {
					"avg": 60,
					"count": 1,
					"min": 60,
					"max": 60
				},
				"2022-11-30": {
					"avg": 60,
					"count": 1,
					"min": 60,
					"max": 60
				},
				"2022-12-01": {
					"avg": 54,
					"count": 1,
					"min": 54,
					"max": 54
				},
				"2022-12-02": {
					"avg": 239,
					"count": 1,
					"min": 239,
					"max": 239
				},
				"2022-12-05": {
					"avg": 82,
					"count": 4,
					"min": 57,
					"max": 147
				},
				"2022-12-12": {
					"avg": 180,
					"count": 1,
					"min": 180,
					"max": 180
				},
				"2022-12-13": {
					"avg": 70,
					"count": 1,
					"min": 70,
					"max": 70
				},
				"2022-12-15": {
					"avg": 95,
					"count": 1,
					"min": 95,
					"max": 95
				},
				"2022-12-16": {
					"avg": 64,
					"count": 1,
					"min": 64,
					"max": 64
				},
				"2022-12-20": {
					"avg": 199,
					"count": 2,
					"min": 151,
					"max": 247
				},
				"2022-12-22": {
					"avg": 273,
					"count": 6,
					"min": 57,
					"max": 316
				},
				"2022-12-23": {
					"avg": 153,
					"count": 1,
					"min": 153,
					"max": 153
				},
				"2022-12-25": {
					"avg": 59,
					"count": 1,
					"min": 59,
					"max": 59
				},
				"2022-12-27": {
					"avg": 147,
					"count": 1,
					"min": 147,
					"max": 147
				},
				"2022-12-30": {
					"avg": 149,
					"count": 2,
					"min": 149,
					"max": 149
				},
				"2022-12-31": {
					"avg": 57,
					"count": 2,
					"min": 57,
					"max": 57
				},
				"2023-01-01": {
					"avg": 1730,
					"count": 4,
					"min": 1730,
					"max": 1730
				},
				"2023-01-03": {
					"avg": 49,
					"count": 1,
					"min": 49,
					"max": 49
				},
				"2023-01-04": {
					"avg": 134,
					"count": 2,
					"min": 124,
					"max": 144
				},
				"2023-01-05": {
					"avg": 153,
					"count": 1,
					"min": 153,
					"max": 153
				},
				"2023-01-06": {
					"avg": 162,
					"count": 3,
					"min": 162,
					"max": 162
				},
				"2023-01-07": {
					"avg": 180,
					"count": 1,
					"min": 180,
					"max": 180
				},
				"2023-01-08": {
					"avg": 94,
					"count": 5,
					"min": 49,
					"max": 149
				},
				"2023-01-10": {
					"avg": 64,
					"count": 3,
					"min": 64,
					"max": 64
				},
				"2023-01-11": {
					"avg": 199,
					"count": 1,
					"min": 199,
					"max": 199
				},
				"2023-02-07": {
					"avg": 47,
					"count": 1,
					"min": 47,
					"max": 47
				},
				"2023-02-10": {
					"avg": 708,
					"count": 4,
					"min": 68,
					"max": 1986
				},
				"2023-02-11": {
					"avg": 29,
					"count": 1,
					"min": 29,
					"max": 29
				},
				"2023-02-13": {
					"avg": 91,
					"count": 2,
					"min": 45,
					"max": 138
				},
				"2023-02-15": {
					"avg": 634,
					"count": 1,
					"min": 634,
					"max": 634
				},
				"2023-02-16": {
					"avg": 298,
					"count": 1,
					"min": 298,
					"max": 298
				},
				"2023-02-18": {
					"avg": 50,
					"count": 1,
					"min": 50,
					"max": 50
				},
				"2023-02-19": {
					"avg": 65,
					"count": 1,
					"min": 65,
					"max": 65
				},
				"2023-02-20": {
					"avg": 49,
					"count": 1,
					"min": 49,
					"max": 49
				},
				"2023-02-21": {
					"avg": 50,
					"count": 1,
					"min": 50,
					"max": 50
				},
				"2023-02-22": {
					"avg": 167,
					"count": 2,
					"min": 100,
					"max": 234
				},
				"2023-02-24": {
					"avg": 125,
					"count": 3,
					"min": 74,
					"max": 158
				},
				"2023-02-26": {
					"avg": 195,
					"count": 1,
					"min": 195,
					"max": 195
				},
				"2023-02-27": {
					"avg": 244,
					"count": 1,
					"min": 244,
					"max": 244
				},
				"2023-02-28": {
					"avg": 151,
					"count": 1,
					"min": 151,
					"max": 151
				},
				"2023-03-01": {
					"avg": 49,
					"count": 1,
					"min": 49,
					"max": 49
				},
				"2023-03-02": {
					"avg": 294,
					"count": 1,
					"min": 294,
					"max": 294
				},
				"2023-03-05": {
					"avg": 174,
					"count": 1,
					"min": 174,
					"max": 174
				},
				"2023-03-07": {
					"avg": 131,
					"count": 2,
					"min": 64,
					"max": 198
				},
				"2023-03-09": {
					"avg": 71,
					"count": 1,
					"min": 71,
					"max": 71
				},
				"2023-03-10": {
					"avg": 150,
					"count": 1,
					"min": 150,
					"max": 150
				},
				"2023-03-11": {
					"avg": 67,
					"count": 3,
					"min": 40,
					"max": 85
				},
				"2023-03-14": {
					"avg": 260,
					"count": 2,
					"min": 70,
					"max": 450
				},
				"2023-03-20": {
					"avg": 178,
					"count": 1,
					"min": 178,
					"max": 178
				},
				"2023-03-22": {
					"avg": 139,
					"count": 1,
					"min": 139,
					"max": 139
				},
				"2023-03-23": {
					"avg": 75,
					"count": 2,
					"min": 75,
					"max": 75
				},
				"2023-03-25": {
					"avg": 83,
					"count": 2,
					"min": 83,
					"max": 83
				},
				"2023-03-26": {
					"avg": 503,
					"count": 1,
					"min": 503,
					"max": 503
				},
				"2023-03-27": {
					"avg": 143,
					"count": 1,
					"min": 143,
					"max": 143
				},
				"2023-03-28": {
					"avg": 51,
					"count": 1,
					"min": 51,
					"max": 51
				},
				"2023-03-29": {
					"avg": 125,
					"count": 2,
					"min": 75,
					"max": 174
				},
				"2023-03-31": {
					"avg": 99,
					"count": 2,
					"min": 99,
					"max": 99
				},
				"2023-04-03": {
					"avg": 84,
					"count": 2,
					"min": 69,
					"max": 99
				},
				"2023-04-04": {
					"avg": 29,
					"count": 1,
					"min": 29,
					"max": 29
				},
				"2023-04-05": {
					"avg": 221,
					"count": 2,
					"min": 143,
					"max": 299
				},
				"2023-04-06": {
					"avg": 68,
					"count": 1,
					"min": 68,
					"max": 68
				},
				"2023-04-07": {
					"avg": 177,
					"count": 1,
					"min": 177,
					"max": 177
				},
				"2023-04-08": {
					"avg": 548,
					"count": 1,
					"min": 548,
					"max": 548
				},
				"2023-04-09": {
					"avg": 115,
					"count": 2,
					"min": 80,
					"max": 149
				},
				"2023-04-10": {
					"avg": 63,
					"count": 6,
					"min": 25,
					"max": 81
				},
				"2023-04-12": {
					"avg": 163,
					"count": 2,
					"min": 163,
					"max": 163
				},
				"2023-04-16": {
					"avg": 127,
					"count": 2,
					"min": 80,
					"max": 173
				},
				"2023-04-18": {
					"avg": 76,
					"count": 1,
					"min": 76,
					"max": 76
				},
				"2023-04-21": {
					"avg": 98,
					"count": 4,
					"min": 49,
					"max": 246
				},
				"2023-04-23": {
					"avg": 25,
					"count": 1,
					"min": 25,
					"max": 25
				},
				"2023-04-25": {
					"avg": 69,
					"count": 1,
					"min": 69,
					"max": 69
				},
				"2023-04-29": {
					"avg": 141,
					"count": 1,
					"min": 141,
					"max": 141
				},
				"2023-05-01": {
					"avg": 241,
					"count": 2,
					"min": 241,
					"max": 241
				},
				"2023-05-03": {
					"avg": 139,
					"count": 1,
					"min": 139,
					"max": 139
				},
				"2023-05-04": {
					"avg": 92,
					"count": 1,
					"min": 92,
					"max": 92
				},
				"2023-05-05": {
					"avg": 169,
					"count": 1,
					"min": 169,
					"max": 169
				},
				"2023-05-07": {
					"avg": 195,
					"count": 6,
					"min": 172,
					"max": 199
				},
				"2023-05-08": {
					"avg": 60,
					"count": 1,
					"min": 60,
					"max": 60
				},
				"2023-05-09": {
					"avg": 60,
					"count": 2,
					"min": 46,
					"max": 73
				},
				"2023-05-11": {
					"avg": 74,
					"count": 1,
					"min": 74,
					"max": 74
				},
				"2023-05-14": {
					"avg": 125,
					"count": 2,
					"min": 74,
					"max": 175
				},
				"2023-05-16": {
					"avg": 158,
					"count": 1,
					"min": 158,
					"max": 158
				},
				"2023-05-18": {
					"avg": 74,
					"count": 1,
					"min": 74,
					"max": 74
				},
				"2023-05-19": {
					"avg": 74,
					"count": 3,
					"min": 74,
					"max": 74
				},
				"2023-05-21": {
					"avg": 179,
					"count": 1,
					"min": 179,
					"max": 179
				},
				"2023-05-24": {
					"avg": 179,
					"count": 1,
					"min": 179,
					"max": 179
				},
				"2023-05-27": {
					"avg": 230,
					"count": 3,
					"min": 77,
					"max": 478
				},
				"2023-05-29": {
					"avg": 64,
					"count": 2,
					"min": 49,
					"max": 79
				},
				"2023-05-30": {
					"avg": 185,
					"count": 2,
					"min": 75,
					"max": 294
				},
				"2023-06-02": {
					"avg": 73,
					"count": 2,
					"min": 71,
					"max": 75
				},
				"2023-06-06": {
					"avg": 166,
					"count": 4,
					"min": 56,
					"max": 285
				},
				"2023-06-07": {
					"avg": 44,
					"count": 1,
					"min": 44,
					"max": 44
				},
				"2023-06-11": {
					"avg": 71,
					"count": 1,
					"min": 71,
					"max": 71
				},
				"2023-06-12": {
					"avg": 67,
					"count": 1,
					"min": 67,
					"max": 67
				},
				"2023-06-14": {
					"avg": 71,
					"count": 1,
					"min": 71,
					"max": 71
				},
				"2023-06-15": {
					"avg": 71,
					"count": 1,
					"min": 71,
					"max": 71
				},
				"2023-06-16": {
					"avg": 67,
					"count": 2,
					"min": 67,
					"max": 67
				},
				"2023-06-17": {
					"avg": 142,
					"count": 1,
					"min": 142,
					"max": 142
				},
				"2023-06-18": {
					"avg": 114,
					"count": 4,
					"min": 24,
					"max": 231
				},
				"2023-06-20": {
					"avg": 75,
					"count": 1,
					"min": 75,
					"max": 75
				},
				"2023-06-21": {
					"avg": 76,
					"count": 1,
					"min": 76,
					"max": 76
				},
				"2023-06-22": {
					"avg": 130,
					"count": 2,
					"min": 120,
					"max": 139
				},
				"2023-06-24": {
					"avg": 164,
					"count": 1,
					"min": 164,
					"max": 164
				},
				"2023-06-27": {
					"avg": 504,
					"count": 1,
					"min": 504,
					"max": 504
				},
				"2023-06-28": {
					"avg": 85,
					"count": 2,
					"min": 70,
					"max": 100
				},
				"2023-07-03": {
					"avg": 274,
					"count": 1,
					"min": 274,
					"max": 274
				},
				"2023-07-04": {
					"avg": 113,
					"count": 1,
					"min": 113,
					"max": 113
				},
				"2023-07-06": {
					"avg": 193,
					"count": 1,
					"min": 193,
					"max": 193
				},
				"2023-07-07": {
					"avg": 133,
					"count": 1,
					"min": 133,
					"max": 133
				},
				"2023-07-08": {
					"avg": 79,
					"count": 1,
					"min": 79,
					"max": 79
				},
				"2023-07-09": {
					"avg": 306,
					"count": 2,
					"min": 113,
					"max": 499
				},
				"2023-07-11": {
					"avg": 101,
					"count": 2,
					"min": 79,
					"max": 123
				},
				"2023-07-13": {
					"avg": 113,
					"count": 1,
					"min": 113,
					"max": 113
				},
				"2023-07-15": {
					"avg": 113,
					"count": 2,
					"min": 113,
					"max": 113
				},
				"2023-07-16": {
					"avg": 50,
					"count": 1,
					"min": 50,
					"max": 50
				},
				"2023-07-17": {
					"avg": 40,
					"count": 1,
					"min": 40,
					"max": 40
				},
				"2023-07-19": {
					"avg": 39,
					"count": 1,
					"min": 39,
					"max": 39
				},
				"2023-07-20": {
					"avg": 138,
					"count": 2,
					"min": 76,
					"max": 200
				},
				"2023-07-21": {
					"avg": 51,
					"count": 2,
					"min": 25,
					"max": 76
				},
				"2023-07-24": {
					"avg": 67,
					"count": 2,
					"min": 24,
					"max": 110
				},
				"2023-07-25": {
					"avg": 108,
					"count": 2,
					"min": 75,
					"max": 140
				},
				"2023-07-26": {
					"avg": 75,
					"count": 1,
					"min": 75,
					"max": 75
				},
				"2023-07-29": {
					"avg": 364,
					"count": 2,
					"min": 229,
					"max": 499
				},
				"2023-07-30": {
					"avg": 96,
					"count": 2,
					"min": 79,
					"max": 113
				},
				"2023-08-01": {
					"avg": 136,
					"count": 1,
					"min": 136,
					"max": 136
				},
				"2023-08-02": {
					"avg": 113,
					"count": 3,
					"min": 113,
					"max": 113
				},
				"2023-08-04": {
					"avg": 110,
					"count": 1,
					"min": 110,
					"max": 110
				},
				"2023-08-05": {
					"avg": 113,
					"count": 1,
					"min": 113,
					"max": 113
				},
				"2023-08-08": {
					"avg": 97,
					"count": 5,
					"min": 67,
					"max": 148
				},
				"2023-08-09": {
					"avg": 112,
					"count": 2,
					"min": 111,
					"max": 113
				},
				"2023-08-11": {
					"avg": 67,
					"count": 1,
					"min": 67,
					"max": 67
				},
				"2023-08-14": {
					"avg": 116,
					"count": 7,
					"min": 71,
					"max": 124
				},
				"2023-08-15": {
					"avg": 111,
					"count": 1,
					"min": 111,
					"max": 111
				},
				"2023-08-16": {
					"avg": 372,
					"count": 1,
					"min": 372,
					"max": 372
				},
				"2023-08-18": {
					"avg": 136,
					"count": 1,
					"min": 136,
					"max": 136
				},
				"2023-08-19": {
					"avg": 111,
					"count": 1,
					"min": 111,
					"max": 111
				},
				"2023-08-20": {
					"avg": 100,
					"count": 1,
					"min": 100,
					"max": 100
				},
				"2023-08-21": {
					"avg": 107,
					"count": 2,
					"min": 70,
					"max": 144
				},
				"2023-08-23": {
					"avg": 49,
					"count": 3,
					"min": 35,
					"max": 76
				},
				"2023-08-24": {
					"avg": 349,
					"count": 1,
					"min": 349,
					"max": 349
				},
				"2023-08-25": {
					"avg": 180,
					"count": 1,
					"min": 180,
					"max": 180
				},
				"2023-08-26": {
					"avg": 35,
					"count": 1,
					"min": 35,
					"max": 35
				},
				"2023-08-27": {
					"avg": 32,
					"count": 6,
					"min": 23,
					"max": 35
				},
				"2023-08-30": {
					"avg": 49,
					"count": 2,
					"min": 35,
					"max": 63
				},
				"2023-08-31": {
					"avg": 31,
					"count": 1,
					"min": 31,
					"max": 31
				},
				"2023-09-03": {
					"avg": 170,
					"count": 3,
					"min": 58,
					"max": 236
				},
				"2023-09-04": {
					"avg": 97,
					"count": 3,
					"min": 35,
					"max": 212
				},
				"2023-09-06": {
					"avg": 59,
					"count": 2,
					"min": 27,
					"max": 90
				},
				"2023-09-09": {
					"avg": 35,
					"count": 1,
					"min": 35,
					"max": 35
				},
				"2023-09-10": {
					"avg": 38,
					"count": 3,
					"min": 31,
					"max": 52
				},
				"2023-09-11": {
					"avg": 79,
					"count": 2,
					"min": 35,
					"max": 123
				},
				"2023-09-16": {
					"avg": 119,
					"count": 2,
					"min": 113,
					"max": 124
				},
				"2023-09-17": {
					"avg": 96,
					"count": 1,
					"min": 96,
					"max": 96
				},
				"2023-09-20": {
					"avg": 40,
					"count": 2,
					"min": 30,
					"max": 50
				},
				"2023-09-21": {
					"avg": 35,
					"count": 1,
					"min": 35,
					"max": 35
				},
				"2023-09-22": {
					"avg": 199,
					"count": 1,
					"min": 199,
					"max": 199
				},
				"2023-09-23": {
					"avg": 68,
					"count": 1,
					"min": 68,
					"max": 68
				},
				"2023-09-25": {
					"avg": 76,
					"count": 2,
					"min": 39,
					"max": 114
				},
				"2023-09-26": {
					"avg": 134,
					"count": 3,
					"min": 134,
					"max": 134
				},
				"2023-09-27": {
					"avg": 137,
					"count": 1,
					"min": 137,
					"max": 137
				},
				"2023-10-01": {
					"avg": 31,
					"count": 1,
					"min": 31,
					"max": 31
				},
				"2023-10-06": {
					"avg": 146,
					"count": 1,
					"min": 146,
					"max": 146
				},
				"2023-10-09": {
					"avg": 43,
					"count": 3,
					"min": 34,
					"max": 47
				},
				"2023-10-10": {
					"avg": 107,
					"count": 12,
					"min": 100,
					"max": 168
				},
				"2023-10-11": {
					"avg": 78,
					"count": 2,
					"min": 25,
					"max": 131
				},
				"2023-10-12": {
					"avg": 139,
					"count": 1,
					"min": 139,
					"max": 139
				},
				"2023-10-13": {
					"avg": 139,
					"count": 3,
					"min": 31,
					"max": 236
				},
				"2023-10-14": {
					"avg": 144,
					"count": 7,
					"min": 47,
					"max": 174
				},
				"2023-10-16": {
					"avg": 50,
					"count": 1,
					"min": 50,
					"max": 50
				},
				"2023-10-17": {
					"avg": 158,
					"count": 1,
					"min": 158,
					"max": 158
				},
				"2023-10-21": {
					"avg": 118,
					"count": 2,
					"min": 118,
					"max": 118
				},
				"2023-10-22": {
					"avg": 146,
					"count": 7,
					"min": 146,
					"max": 146
				},
				"2023-10-23": {
					"avg": 47,
					"count": 1,
					"min": 47,
					"max": 47
				},
				"2023-10-26": {
					"avg": 92,
					"count": 3,
					"min": 40,
					"max": 166
				},
				"2023-10-28": {
					"avg": 129,
					"count": 1,
					"min": 129,
					"max": 129
				},
				"2023-10-30": {
					"avg": 168,
					"count": 1,
					"min": 168,
					"max": 168
				},
				"2023-10-31": {
					"avg": 1664,
					"count": 1,
					"min": 1664,
					"max": 1664
				},
				"2023-11-02": {
					"avg": 152,
					"count": 1,
					"min": 152,
					"max": 152
				},
				"2023-11-03": {
					"avg": 169,
					"count": 1,
					"min": 169,
					"max": 169
				},
				"2023-11-04": {
					"avg": 24,
					"count": 1,
					"min": 24,
					"max": 24
				},
				"2023-11-05": {
					"avg": 169,
					"count": 1,
					"min": 169,
					"max": 169
				},
				"2023-11-08": {
					"avg": 47,
					"count": 2,
					"min": 46,
					"max": 47
				},
				"2023-11-09": {
					"avg": 25,
					"count": 2,
					"min": 24,
					"max": 25
				},
				"2023-11-10": {
					"avg": 24,
					"count": 2,
					"min": 23,
					"max": 25
				},
				"2023-11-12": {
					"avg": 124,
					"count": 1,
					"min": 124,
					"max": 124
				},
				"2023-11-15": {
					"avg": 50,
					"count": 1,
					"min": 50,
					"max": 50
				},
				"2023-11-16": {
					"avg": 199,
					"count": 1,
					"min": 199,
					"max": 199
				},
				"2023-11-19": {
					"avg": 173,
					"count": 2,
					"min": 129,
					"max": 216
				},
				"2023-11-24": {
					"avg": 134,
					"count": 5,
					"min": 25,
					"max": 202
				},
				"2023-11-25": {
					"avg": 149,
					"count": 4,
					"min": 119,
					"max": 215
				},
				"2023-11-26": {
					"avg": 140,
					"count": 2,
					"min": 57,
					"max": 222
				},
				"2023-11-27": {
					"avg": 115,
					"count": 2,
					"min": 100,
					"max": 129
				},
				"2024-05-16": {
					"avg": 142,
					"count": 1,
					"min": 142,
					"max": 142
				},
				"2024-05-17": {
					"avg": 142,
					"count": 1,
					"min": 142,
					"max": 142
				},
				"2024-05-18": {
					"avg": 110,
					"count": 8,
					"min": 29,
					"max": 210
				},
				"2024-05-20": {
					"avg": 30,
					"count": 1,
					"min": 30,
					"max": 30
				},
				"2024-05-21": {
					"avg": 88,
					"count": 4,
					"min": 30,
					"max": 167
				},
				"2024-05-24": {
					"avg": 172,
					"count": 1,
					"min": 172,
					"max": 172
				},
				"2024-05-29": {
					"avg": 30,
					"count": 1,
					"min": 30,
					"max": 30
				},
				"2024-05-30": {
					"avg": 24,
					"count": 1,
					"min": 24,
					"max": 24
				},
				"2024-05-31": {
					"avg": 119,
					"count": 2,
					"min": 119,
					"max": 119
				},
				"2024-06-01": {
					"avg": 407,
					"count": 1,
					"min": 407,
					"max": 407
				},
				"2024-06-03": {
					"avg": 356,
					"count": 5,
					"min": 54,
					"max": 510
				},
				"2024-06-04": {
					"avg": 183,
					"count": 1,
					"min": 183,
					"max": 183
				},
				"2024-06-08": {
					"avg": 119,
					"count": 1,
					"min": 119,
					"max": 119
				},
				"2024-06-09": {
					"avg": 151,
					"count": 1,
					"min": 151,
					"max": 151
				},
				"2024-06-14": {
					"avg": 151,
					"count": 1,
					"min": 151,
					"max": 151
				},
				"2024-06-17": {
					"avg": 249,
					"count": 1,
					"min": 249,
					"max": 249
				},
				"2024-06-18": {
					"avg": 107,
					"count": 2,
					"min": 49,
					"max": 164
				},
				"2024-06-20": {
					"avg": 142,
					"count": 1,
					"min": 142,
					"max": 142
				},
				"2024-06-22": {
					"avg": 40,
					"count": 1,
					"min": 40,
					"max": 40
				},
				"2024-06-23": {
					"avg": 240,
					"count": 1,
					"min": 240,
					"max": 240
				},
				"2024-06-27": {
					"avg": 40,
					"count": 1,
					"min": 40,
					"max": 40
				},
				"2024-06-29": {
					"avg": 59,
					"count": 5,
					"min": 32,
					"max": 142
				},
				"2024-06-30": {
					"avg": 68,
					"count": 1,
					"min": 68,
					"max": 68
				},
				"2024-07-05": {
					"avg": 50,
					"count": 1,
					"min": 50,
					"max": 50
				},
				"2024-07-08": {
					"avg": 50,
					"count": 1,
					"min": 50,
					"max": 50
				},
				"2024-07-09": {
					"avg": 58,
					"count": 1,
					"min": 58,
					"max": 58
				},
				"2024-07-13": {
					"avg": 181,
					"count": 1,
					"min": 181,
					"max": 181
				},
				"2024-07-14": {
					"avg": 232,
					"count": 1,
					"min": 232,
					"max": 232
				},
				"2024-07-15": {
					"avg": 152,
					"count": 1,
					"min": 152,
					"max": 152
				},
				"2024-07-18": {
					"avg": 144,
					"count": 2,
					"min": 49,
					"max": 238
				},
				"2024-07-19": {
					"avg": 181,
					"count": 1,
					"min": 181,
					"max": 181
				},
				"2024-08-01": {
					"avg": 47,
					"count": 2,
					"min": 47,
					"max": 47
				},
				"2024-08-02": {
					"avg": 141,
					"count": 4,
					"min": 141,
					"max": 141
				},
				"2024-08-03": {
					"avg": 35,
					"count": 1,
					"min": 35,
					"max": 35
				},
				"2024-08-04": {
					"avg": 35,
					"count": 2,
					"min": 35,
					"max": 35
				},
				"2024-08-05": {
					"avg": 149,
					"count": 1,
					"min": 149,
					"max": 149
				},
				"2024-08-06": {
					"avg": 149,
					"count": 1,
					"min": 149,
					"max": 149
				},
				"2024-08-07": {
					"avg": 178,
					"count": 1,
					"min": 178,
					"max": 178
				},
				"2024-08-08": {
					"avg": 49,
					"count": 1,
					"min": 49,
					"max": 49
				},
				"2024-08-10": {
					"avg": 164,
					"count": 2,
					"min": 150,
					"max": 178
				},
				"2024-08-11": {
					"avg": 157,
					"count": 1,
					"min": 157,
					"max": 157
				},
				"2024-08-12": {
					"avg": 178,
					"count": 1,
					"min": 178,
					"max": 178
				},
				"2024-08-13": {
					"avg": 157,
					"count": 1,
					"min": 157,
					"max": 157
				},
				"2024-08-14": {
					"avg": 177,
					"count": 1,
					"min": 177,
					"max": 177
				},
				"2024-08-15": {
					"avg": 1080,
					"count": 1,
					"min": 1080,
					"max": 1080
				},
				"2024-08-16": {
					"avg": 753,
					"count": 1,
					"min": 753,
					"max": 753
				},
				"2024-08-17": {
					"avg": 339,
					"count": 1,
					"min": 339,
					"max": 339
				},
				"2024-08-18": {
					"avg": 45,
					"count": 1,
					"min": 45,
					"max": 45
				},
				"2024-08-19": {
					"avg": 49,
					"count": 1,
					"min": 49,
					"max": 49
				},
				"2024-08-20": {
					"avg": 45,
					"count": 2,
					"min": 45,
					"max": 45
				},
				"2024-08-24": {
					"avg": 57,
					"count": 1,
					"min": 57,
					"max": 57
				},
				"2024-08-25": {
					"avg": 299,
					"count": 1,
					"min": 299,
					"max": 299
				},
				"2024-08-27": {
					"avg": 106,
					"count": 16,
					"min": 68,
					"max": 139
				},
				"2024-08-30": {
					"avg": 49,
					"count": 2,
					"min": 49,
					"max": 49
				},
				"2024-09-02": {
					"avg": 50,
					"count": 1,
					"min": 50,
					"max": 50
				},
				"2024-09-03": {
					"avg": 49,
					"count": 1,
					"min": 49,
					"max": 49
				},
				"2024-09-04": {
					"avg": 155,
					"count": 1,
					"min": 155,
					"max": 155
				},
				"2024-09-07": {
					"avg": 131,
					"count": 1,
					"min": 131,
					"max": 131
				},
				"2024-09-15": {
					"avg": 218,
					"count": 2,
					"min": 159,
					"max": 277
				},
				"2024-09-17": {
					"avg": 1098,
					"count": 1,
					"min": 1098,
					"max": 1098
				},
				"2024-09-19": {
					"avg": 188,
					"count": 1,
					"min": 188,
					"max": 188
				},
				"2024-09-20": {
					"avg": 142,
					"count": 3,
					"min": 61,
					"max": 182
				}
			},
			"avg": 150,
			"avg7": 103,
			"avg28": 103
		},
		"normal-played": {
			"history": {
				"2024-05-24": {
					"avg": 64,
					"count": 1,
					"min": 64,
					"max": 64
				},
				"2024-05-27": {
					"avg": 42,
					"count": 2,
					"min": 42,
					"max": 42
				},
				"2024-05-31": {
					"avg": 64,
					"count": 6,
					"min": 64,
					"max": 64
				},
				"2024-06-07": {
					"avg": 25,
					"count": 1,
					"min": 25,
					"max": 25
				},
				"2024-06-10": {
					"avg": 42,
					"count": 1,
					"min": 42,
					"max": 42
				},
				"2024-06-28": {
					"avg": 36,
					"count": 2,
					"min": 26,
					"max": 45
				},
				"2024-06-30": {
					"avg": 35,
					"count": 2,
					"min": 35,
					"max": 35
				},
				"2024-07-05": {
					"avg": 149,
					"count": 3,
					"min": 149,
					"max": 149
				},
				"2024-07-12": {
					"avg": 39,
					"count": 2,
					"min": 39,
					"max": 39
				},
				"2024-07-20": {
					"avg": 107,
					"count": 2,
					"min": 42,
					"max": 171
				},
				"2024-07-23": {
					"avg": 166,
					"count": 1,
					"min": 166,
					"max": 166
				},
				"2024-08-01": {
					"avg": 152,
					"count": 1,
					"min": 152,
					"max": 152
				},
				"2024-08-06": {
					"avg": 39,
					"count": 1,
					"min": 39,
					"max": 39
				},
				"2024-08-18": {
					"avg": 42,
					"count": 2,
					"min": 40,
					"max": 43
				},
				"2024-08-19": {
					"avg": 162,
					"count": 1,
					"min": 162,
					"max": 162
				},
				"2024-08-20": {
					"avg": 163,
					"count": 1,
					"min": 163,
					"max": 163
				},
				"2024-08-21": {
					"avg": 35,
					"count": 3,
					"min": 35,
					"max": 35
				},
				"2024-08-28": {
					"avg": 162,
					"count": 1,
					"min": 162,
					"max": 162
				},
				"2024-09-02": {
					"avg": 147,
					"count": 1,
					"min": 147,
					"max": 147
				},
				"2024-09-16": {
					"avg": 154,
					"count": 2,
					"min": 154,
					"max": 154
				},
				"2024-09-22": {
					"avg": 36,
					"count": 1,
					"min": 36,
					"max": 36
				}
			},
			"avg": 81,
			"avg7": -1,
			"avg28": -1
		},
		"normal-nearmint": {
			"history": {
				"2024-05-26": {
					"avg": 271,
					"count": 1,
					"min": 271,
					"max": 271
				},
				"2024-05-29": {
					"avg": 226,
					"count": 2,
					"min": 202,
					"max": 249
				},
				"2024-05-30": {
					"avg": 249,
					"count": 1,
					"min": 249,
					"max": 249
				},
				"2024-06-01": {
					"avg": 211,
					"count": 1,
					"min": 211,
					"max": 211
				},
				"2024-06-05": {
					"avg": 130,
					"count": 1,
					"min": 130,
					"max": 130
				},
				"2024-06-06": {
					"avg": 587,
					"count": 1,
					"min": 587,
					"max": 587
				},
				"2024-06-07": {
					"avg": 210,
					"count": 1,
					"min": 210,
					"max": 210
				},
				"2024-06-15": {
					"avg": 223,
					"count": 2,
					"min": 223,
					"max": 223
				},
				"2024-06-17": {
					"avg": 125,
					"count": 1,
					"min": 125,
					"max": 125
				},
				"2024-06-18": {
					"avg": 199,
					"count": 1,
					"min": 199,
					"max": 199
				},
				"2024-06-20": {
					"avg": 249,
					"count": 1,
					"min": 249,
					"max": 249
				},
				"2024-07-01": {
					"avg": 97,
					"count": 1,
					"min": 97,
					"max": 97
				},
				"2024-07-02": {
					"avg": 97,
					"count": 1,
					"min": 97,
					"max": 97
				},
				"2024-07-08": {
					"avg": 97,
					"count": 1,
					"min": 97,
					"max": 97
				},
				"2024-07-10": {
					"avg": 97,
					"count": 1,
					"min": 97,
					"max": 97
				},
				"2024-07-11": {
					"avg": 97,
					"count": 1,
					"min": 97,
					"max": 97
				},
				"2024-07-18": {
					"avg": 171,
					"count": 1,
					"min": 171,
					"max": 171
				},
				"2024-07-19": {
					"avg": 190,
					"count": 2,
					"min": 171,
					"max": 208
				},
				"2024-07-27": {
					"avg": 223,
					"count": 4,
					"min": 64,
					"max": 287
				},
				"2024-07-29": {
					"avg": 608,
					"count": 1,
					"min": 608,
					"max": 608
				},
				"2024-07-30": {
					"avg": 1094,
					"count": 1,
					"min": 1094,
					"max": 1094
				},
				"2024-07-31": {
					"avg": 128,
					"count": 5,
					"min": 97,
					"max": 136
				},
				"2024-08-03": {
					"avg": 97,
					"count": 1,
					"min": 97,
					"max": 97
				},
				"2024-08-05": {
					"avg": 111,
					"count": 1,
					"min": 111,
					"max": 111
				},
				"2024-08-06": {
					"avg": 100,
					"count": 1,
					"min": 100,
					"max": 100
				},
				"2024-08-10": {
					"avg": 63,
					"count": 1,
					"min": 63,
					"max": 63
				},
				"2024-08-15": {
					"avg": 229,
					"count": 1,
					"min": 229,
					"max": 229
				},
				"2024-08-17": {
					"avg": 426,
					"count": 1,
					"min": 426,
					"max": 426
				},
				"2024-08-18": {
					"avg": 60,
					"count": 1,
					"min": 60,
					"max": 60
				},
				"2024-08-19": {
					"avg": 151,
					"count": 2,
					"min": 111,
					"max": 191
				},
				"2024-08-22": {
					"avg": 227,
					"count": 1,
					"min": 227,
					"max": 227
				},
				"2024-08-23": {
					"avg": 249,
					"count": 1,
					"min": 249,
					"max": 249
				},
				"2024-08-24": {
					"avg": 181,
					"count": 3,
					"min": 160,
					"max": 191
				},
				"2024-08-25": {
					"avg": 111,
					"count": 1,
					"min": 111,
					"max": 111
				},
				"2024-08-27": {
					"avg": 148,
					"count": 2,
					"min": 99,
					"max": 197
				},
				"2024-08-28": {
					"avg": 111,
					"count": 1,
					"min": 111,
					"max": 111
				},
				"2024-08-30": {
					"avg": 149,
					"count": 1,
					"min": 149,
					"max": 149
				},
				"2024-09-01": {
					"avg": 111,
					"count": 1,
					"min": 111,
					"max": 111
				},
				"2024-09-05": {
					"avg": 111,
					"count": 1,
					"min": 111,
					"max": 111
				},
				"2024-09-08": {
					"avg": 197,
					"count": 1,
					"min": 197,
					"max": 197
				},
				"2024-09-11": {
					"avg": 134,
					"count": 1,
					"min": 134,
					"max": 134
				},
				"2024-09-15": {
					"avg": 149,
					"count": 2,
					"min": 99,
					"max": 198
				},
				"2024-09-16": {
					"avg": 209,
					"count": 6,
					"min": 192,
					"max": 218
				},
				"2024-09-20": {
					"avg": 105,
					"count": 1,
					"min": 105,
					"max": 105
				}
			},
			"avg": 198,
			"avg7": -1,
			"avg28": -1
		},
		"normal-poor": {
			"history": {
				"2024-06-16": {
					"avg": 146,
					"count": 1,
					"min": 146,
					"max": 146
				},
				"2024-07-23": {
					"avg": 137,
					"count": 2,
					"min": 123,
					"max": 151
				},
				"2024-07-26": {
					"avg": 90,
					"count": 1,
					"min": 90,
					"max": 90
				},
				"2024-08-21": {
					"avg": 147,
					"count": 1,
					"min": 147,
					"max": 147
				},
				"2024-09-20": {
					"avg": 224,
					"count": 1,
					"min": 224,
					"max": 224
				},
				"2024-09-22": {
					"avg": 15,
					"count": 1,
					"min": 15,
					"max": 15
				}
			},
			"avg": 128,
			"avg7": -1,
			"avg28": -1
		},
		"normal-used": {
			"history": {
				"2024-06-28": {
					"avg": 248,
					"count": 1,
					"min": 248,
					"max": 248
				},
				"2024-07-04": {
					"avg": 142,
					"count": 1,
					"min": 142,
					"max": 142
				},
				"2024-07-07": {
					"avg": 142,
					"count": 1,
					"min": 142,
					"max": 142
				},
				"2024-07-16": {
					"avg": 39,
					"count": 1,
					"min": 39,
					"max": 39
				},
				"2024-07-23": {
					"avg": 25,
					"count": 1,
					"min": 25,
					"max": 25
				},
				"2024-08-24": {
					"avg": 21,
					"count": 1,
					"min": 21,
					"max": 21
				},
				"2024-08-31": {
					"avg": 33,
					"count": 1,
					"min": 33,
					"max": 33
				},
				"2024-09-07": {
					"avg": 136,
					"count": 3,
					"min": 88,
					"max": 165
				}
			},
			"avg": 106,
			"avg7": -1,
			"avg28": -1
		}
	}
}