{
	"data": {
		"holo-good": {
			"history": {
				"2022-11-17": {
					"avg": 13098,
					"count": 1
				},
				"2022-11-18": {
					"avg": 7826,
					"count": 3
				},
				"2022-11-21": {
					"avg": 18872,
					"count": 1,
					"min": 18872,
					"max": 18872
				},
				"2022-11-22": {
					"avg": 5493,
					"count": 4,
					"min": 5395,
					"max": 5555
				},
				"2022-11-25": {
					"avg": 12087,
					"count": 4,
					"min": 10499,
					"max": 15149
				},
				"2022-11-26": {
					"avg": 10248,
					"count": 2,
					"min": 7497,
					"max": 12999
				},
				"2022-11-28": {
					"avg": 14064,
					"count": 5,
					"min": 13699,
					"max": 14949
				},
				"2022-11-29": {
					"avg": 13232,
					"count": 2,
					"min": 6349,
					"max": 20115
				},
				"2022-11-30": {
					"avg": 16733,
					"count": 3,
					"min": 15999,
					"max": 17999
				},
				"2022-12-01": {
					"avg": 14662,
					"count": 4,
					"min": 6099,
					"max": 25399
				},
				"2022-12-07": {
					"avg": 9944,
					"count": 3,
					"min": 7399,
					"max": 11219
				},
				"2022-12-10": {
					"avg": 14150,
					"count": 2,
					"min": 13300,
					"max": 14999
				},
				"2022-12-13": {
					"avg": 21999,
					"count": 1,
					"min": 21999,
					"max": 21999
				},
				"2022-12-14": {
					"avg": 20499,
					"count": 1,
					"min": 20499,
					"max": 20499
				},
				"2022-12-16": {
					"avg": 21557,
					"count": 2,
					"min": 16115,
					"max": 26998
				},
				"2022-12-18": {
					"avg": 9562,
					"count": 2,
					"min": 4498,
					"max": 14625
				},
				"2022-12-20": {
					"avg": 14625,
					"count": 1,
					"min": 14625,
					"max": 14625
				},
				"2022-12-21": {
					"avg": 9732,
					"count": 3,
					"min": 4498,
					"max": 20099
				},
				"2022-12-22": {
					"avg": 14650,
					"count": 1,
					"min": 14650,
					"max": 14650
				},
				"2022-12-24": {
					"avg": 5457,
					"count": 1,
					"min": 5457,
					"max": 5457
				},
				"2022-12-25": {
					"avg": 9584,
					"count": 2,
					"min": 5468,
					"max": 13699
				},
				"2022-12-29": {
					"avg": 5888,
					"count": 1,
					"min": 5888,
					"max": 5888
				},
				"2022-12-30": {
					"avg": 15329,
					"count": 2,
					"min": 14599,
					"max": 16059
				},
				"2023-01-02": {
					"avg": 6349,
					"count": 4,
					"min": 6349,
					"max": 6349
				},
				"2023-01-03": {
					"avg": 16716,
					"count": 1,
					"min": 16716,
					"max": 16716
				},
				"2023-01-04": {
					"avg": 13099,
					"count": 1,
					"min": 13099,
					"max": 13099
				},
				"2023-01-06": {
					"avg": 6100,
					"count": 1,
					"min": 6100,
					"max": 6100
				},
				"2023-01-07": {
					"avg": 5311,
					"count": 1,
					"min": 5311,
					"max": 5311
				},
				"2023-01-08": {
					"avg": 6298,
					"count": 1,
					"min": 6298,
					"max": 6298
				},
				"2023-01-12": {
					"avg": 10325,
					"count": 2,
					"min": 7650,
					"max": 12999
				},
				"2023-02-06": {
					"avg": 15890,
					"count": 3,
					"min": 14000,
					"max": 19670
				},
				"2023-02-08": {
					"avg": 14000,
					"count": 1,
					"min": 14000,
					"max": 14000
				},
				"2023-02-11": {
					"avg": 5098,
					"count": 1,
					"min": 5098,
					"max": 5098
				},
				"2023-02-16": {
					"avg": 24599,
					"count": 1,
					"min": 24599,
					"max": 24599
				},
				"2023-02-17": {
					"avg": 8440,
					"count": 1,
					"min": 8440,
					"max": 8440
				},
				"2023-02-19": {
					"avg": 9429,
					"count": 2,
					"min": 6098,
					"max": 12759
				},
				"2023-02-21": {
					"avg": 12499,
					"count": 1,
					"min": 12499,
					"max": 12499
				},
				"2023-02-23": {
					"avg": 22585,
					"count": 2,
					"min": 9922,
					"max": 35248
				},
				"2023-02-24": {
					"avg": 13787,
					"count": 3,
					"min": 5513,
					"max": 22599
				},
				"2023-02-26": {
					"avg": 20539,
					"count": 1,
					"min": 20539,
					"max": 20539
				},
				"2023-02-27": {
					"avg": 14499,
					"count": 1,
					"min": 14499,
					"max": 14499
				},
				"2023-02-28": {
					"avg": 5987,
					"count": 1,
					"min": 5987,
					"max": 5987
				},
				"2023-03-01": {
					"avg": 9769,
					"count": 1,
					"min": 9769,
					"max": 9769
				},
				"2023-03-02": {
					"avg": 23392,
					"count": 1,
					"min": 23392,
					"max": 23392
				},
				"2023-03-04": {
					"avg": 11649,
					"count": 2,
					"min": 10798,
					"max": 12499
				},
				"2023-03-07": {
					"avg": 10498,
					"count": 1,
					"min": 10498,
					"max": 10498
				},
				"2023-03-09": {
					"avg": 19199,
					"count": 1,
					"min": 19199,
					"max": 19199
				},
				"2023-03-10": {
					"avg": 20549,
					"count": 2,
					"min": 12598,
					"max": 28499
				},
				"2023-03-11": {
					"avg": 5375,
					"count": 2,
					"min": 5375,
					"max": 5375
				},
				"2023-03-12": {
					"avg": 5988,
					"count": 2,
					"min": 5988,
					"max": 5988
				},
				"2023-03-13": {
					"avg": 19997,
					"count": 1,
					"min": 19997,
					"max": 19997
				},
				"2023-03-17": {
					"avg": 8832,
					"count": 2,
					"min": 5966,
					"max": 11698
				},
				"2023-03-20": {
					"avg": 15452,
					"count": 2,
					"min": 10691,
					"max": 20213
				},
				"2023-03-23": {
					"avg": 11599,
					"count": 3,
					"min": 8198,
					"max": 17999
				},
				"2023-03-25": {
					"avg": 18290,
					"count": 4,
					"min": 15337,
					"max": 26024
				},
				"2023-03-27": {
					"avg": 10799,
					"count": 1,
					"min": 10799,
					"max": 10799
				},
				"2023-03-29": {
					"avg": 15965,
					"count": 3,
					"min": 14499,
					"max": 16698
				},
				"2023-03-31": {
					"avg": 13700,
					"count": 1,
					"min": 13700,
					"max": 13700
				},
				"2023-04-01": {
					"avg": 14594,
					"count": 1,
					"min": 14594,
					"max": 14594
				},
				"2023-04-04": {
					"avg": 23849,
					"count": 2,
					"min": 20499,
					"max": 27199
				},
				"2023-04-05": {
					"avg": 31499,
					"count": 1,
					"min": 31499,
					"max": 31499
				},
				"2023-04-07": {
					"avg": 9550,
					"count": 2,
					"min": 7500,
					"max": 11599
				},
				"2023-04-11": {
					"avg": 12561,
					"count": 1,
					"min": 12561,
					"max": 12561
				},
				"2023-04-12": {
					"avg": 16900,
					"count": 1,
					"min": 16900,
					"max": 16900
				},
				"2023-04-13": {
					"avg": 8659,
					"count": 3,
					"min": 6278,
					"max": 12600
				},
				"2023-04-14": {
					"avg": 5000,
					"count": 2,
					"min": 5000,
					"max": 5000
				},
				"2023-04-15": {
					"avg": 7598,
					"count": 1,
					"min": 7598,
					"max": 7598
				},
				"2023-04-16": {
					"avg": 30998,
					"count": 1,
					"min": 30998,
					"max": 30998
				},
				"2023-04-17": {
					"avg": 10797,
					"count": 2,
					"min": 7099,
					"max": 14495
				},
				"2023-04-20": {
					"avg": 22594,
					"count": 1,
					"min": 22594,
					"max": 22594
				},
				"2023-04-22": {
					"avg": 8276,
					"count": 2,
					"min": 8276,
					"max": 8276
				},
				"2023-04-23": {
					"avg": 22499,
					"count": 1,
					"min": 22499,
					"max": 22499
				},
				"2023-04-25": {
					"avg": 19999,
					"count": 1,
					"min": 19999,
					"max": 19999
				},
				"2023-04-26": {
					"avg": 6310,
					"count": 1,
					"min": 6310,
					"max": 6310
				},
				"2023-04-27": {
					"avg": 14594,
					"count": 1,
					"min": 14594,
					"max": 14594
				},
				"2023-04-30": {
					"avg": 7870,
					"count": 2,
					"min": 6241,
					"max": 9499
				},
				"2023-05-01": {
					"avg": 17370,
					"count": 1,
					"min": 17370,
					"max": 17370
				},
				"2023-05-02": {
					"avg": 23032,
					"count": 3,
					"min": 16249,
					"max": 29998
				},
				"2023-05-05": {
					"avg": 14400,
					"count": 2,
					"min": 11000,
					"max": 17799
				},
				"2023-05-06": {
					"avg": 21777,
					"count": 1,
					"min": 21777,
					"max": 21777
				},
				"2023-05-07": {
					"avg": 6072,
					"count": 1,
					"min": 6072,
					"max": 6072
				},
				"2023-05-08": {
					"avg": 10538,
					"count": 2,
					"min": 8484,
					"max": 12592
				},
				"2023-05-09": {
					"avg": 20498,
					"count": 1,
					"min": 20498,
					"max": 20498
				},
				"2023-05-13": {
					"avg": 15499,
					"count": 1,
					"min": 15499,
					"max": 15499
				},
				"2023-05-14": {
					"avg": 18224,
					"count": 2,
					"min": 8447,
					"max": 28000
				},
				"2023-05-15": {
					"avg": 12394,
					"count": 2,
					"min": 8599,
					"max": 16188
				},
				"2023-05-16": {
					"avg": 11598,
					"count": 1,
					"min": 11598,
					"max": 11598
				},
				"2023-05-19": {
					"avg": 22449,
					"count": 2,
					"min": 22399,
					"max": 22499
				},
				"2023-05-20": {
					"avg": 8011,
					"count": 4,
					"min": 6000,
					"max": 8991
				},
				"2023-05-22": {
					"avg": 12750,
					"count": 2,
					"min": 11000,
					"max": 14499
				},
				"2023-05-23": {
					"avg": 9787,
					"count": 4,
					"min": 6140,
					"max": 11727
				},
				"2023-05-26": {
					"avg": 17224,
					"count": 1,
					"min": 17224,
					"max": 17224
				},
				"2023-05-27": {
					"avg": 17598,
					"count": 1,
					"min": 17598,
					"max": 17598
				},
				"2023-05-31": {
					"avg": 16188,
					"count": 1,
					"min": 16188,
					"max": 16188
				},
				"2023-06-01": {
					"avg": 20279,
					"count": 2,
					"min": 19699,
					"max": 20858
				},
				"2023-06-03": {
					"avg": 11598,
					"count": 1,
					"min": 11598,
					"max": 11598
				},
				"2023-06-04": {
					"avg": 14349,
					"count": 2,
					"min": 8598,
					"max": 20100
				},
				"2023-06-06": {
					"avg": 12413,
					"count": 4,
					"min": 11599,
					"max": 13509
				},
				"2023-06-08": {
					"avg": 7299,
					"count": 1,
					"min": 7299,
					"max": 7299
				},
				"2023-06-09": {
					"avg": 20099,
					"count": 1,
					"min": 20099,
					"max": 20099
				},
				"2023-06-14": {
					"avg": 16799,
					"count": 2,
					"min": 11599,
					"max": 21999
				},
				"2023-06-17": {
					"avg": 5972,
					"count": 1,
					"min": 5972,
					"max": 5972
				},
				"2023-06-18": {
					"avg": 23593,
					"count": 2,
					"min": 16024,
					"max": 31161
				},
				"2023-06-22": {
					"avg": 6999,
					"count": 2,
					"min": 6999,
					"max": 6999
				},
				"2023-06-23": {
					"avg": 7198,
					"count": 5,
					"min": 6999,
					"max": 7398
				},
				"2023-06-26": {
					"avg": 13000,
					"count": 2,
					"min": 6000,
					"max": 20000
				},
				"2023-06-27": {
					"avg": 9300,
					"count": 1,
					"min": 9300,
					"max": 9300
				},
				"2023-07-01": {
					"avg": 12565,
					"count": 3,
					"min": 8597,
					"max": 20499
				},
				"2023-07-02": {
					"avg": 17099,
					"count": 1,
					"min": 17099,
					"max": 17099
				},
				"2023-07-03": {
					"avg": 12488,
					"count": 3,
					"min": 8597,
					"max": 16188
				},
				"2023-07-06": {
					"avg": 11599,
					"count": 2,
					"min": 11599,
					"max": 11599
				},
				"2023-07-07": {
					"avg": 9449,
					"count": 3,
					"min": 8525,
					"max": 11294
				},
				"2023-07-09": {
					"avg": 11240,
					"count": 1,
					"min": 11240,
					"max": 11240
				},
				"2023-07-10": {
					"avg": 17465,
					"count": 3,
					"min": 6099,
					"max": 30198
				},
				"2023-07-11": {
					"avg": 11244,
					"count": 1,
					"min": 11244,
					"max": 11244
				},
				"2023-07-13": {
					"avg": 6099,
					"count": 1,
					"min": 6099,
					"max": 6099
				},
				"2023-07-14": {
					"avg": 11366,
					"count": 1,
					"min": 11366,
					"max": 11366
				},
				"2023-07-15": {
					"avg": 8397,
					"count": 3,
					"min": 5807,
					"max": 12677
				},
				"2023-07-17": {
					"avg": 15100,
					"count": 1,
					"min": 15100,
					"max": 15100
				},
				"2023-07-19": {
					"avg": 18507,
					"count": 4,
					"min": 6430,
					"max": 32999
				},
				"2023-07-20": {
					"avg": 18296,
					"count": 2,
					"min": 16494,
					"max": 20098
				},
				"2023-07-21": {
					"avg": 16498,
					"count": 1,
					"min": 16498,
					"max": 16498
				},
				"2023-07-22": {
					"avg": 9099,
					"count": 2,
					"min": 6899,
					"max": 11299
				},
				"2023-07-23": {
					"avg": 8398,
					"count": 1,
					"min": 8398,
					"max": 8398
				},
				"2023-07-24": {
					"avg": 11245,
					"count": 1,
					"min": 11245,
					"max": 11245
				},
				"2023-07-26": {
					"avg": 15099,
					"count": 1,
					"min": 15099,
					"max": 15099
				},
				"2023-07-29": {
					"avg": 29999,
					"count": 1,
					"min": 29999,
					"max": 29999
				},
				"2023-07-30": {
					"avg": 15475,
					"count": 3,
					"min": 9195,
					"max": 19999
				},
				"2023-07-31": {
					"avg": 20499,
					"count": 1,
					"min": 20499,
					"max": 20499
				},
				"2023-08-02": {
					"avg": 13299,
					"count": 2,
					"min": 6599,
					"max": 19998
				},
				"2023-08-03": {
					"avg": 9847,
					"count": 2,
					"min": 8399,
					"max": 11295
				},
				"2023-08-05": {
					"avg": 19999,
					"count": 1,
					"min": 19999,
					"max": 19999
				},
				"2023-08-06": {
					"avg": 12398,
					"count": 2,
					"min": 11796,
					"max": 13000
				},
				"2023-08-07": {
					"avg": 9173,
					"count": 4,
					"min": 8398,
					"max": 11297
				},
				"2023-08-08": {
					"avg": 2449,
					"count": 1,
					"min": 2449,
					"max": 2449
				},
				"2023-08-09": {
					"avg": 6960,
					"count": 1,
					"min": 6960,
					"max": 6960
				},
				"2023-08-11": {
					"avg": 6959,
					"count": 1,
					"min": 6959,
					"max": 6959
				},
				"2023-08-14": {
					"avg": 6960,
					"count": 7,
					"min": 6960,
					"max": 6960
				},
				"2023-08-16": {
					"avg": 6960,
					"count": 1,
					"min": 6960,
					"max": 6960
				},
				"2023-08-18": {
					"avg": 27999,
					"count": 1,
					"min": 27999,
					"max": 27999
				},
				"2023-08-19": {
					"avg": 16665,
					"count": 2,
					"min": 10699,
					"max": 22630
				},
				"2023-08-23": {
					"avg": 17499,
					"count": 1,
					"min": 17499,
					"max": 17499
				},
				"2023-08-26": {
					"avg": 8534,
					"count": 1,
					"min": 8534,
					"max": 8534
				},
				"2023-08-29": {
					"avg": 13099,
					"count": 1,
					"min": 13099,
					"max": 13099
				},
				"2023-08-30": {
					"avg": 24599,
					"count": 1,
					"min": 24599,
					"max": 24599
				},
				"2023-09-04": {
					"avg": 14749,
					"count": 2,
					"min": 12999,
					"max": 16498
				},
				"2023-09-05": {
					"avg": 15099,
					"count": 1,
					"min": 15099,
					"max": 15099
				},
				"2023-09-06": {
					"avg": 6499,
					"count": 1,
					"min": 6499,
					"max": 6499
				},
				"2023-09-08": {
					"avg": 15599,
					"count": 1,
					"min": 15599,
					"max": 15599
				},
				"2023-09-09": {
					"avg": 9113,
					"count": 6,
					"min": 6098,
					"max": 11049
				},
				"2023-09-11": {
					"avg": 22965,
					"count": 2,
					"min": 22089,
					"max": 23842
				},
				"2023-09-12": {
					"avg": 7000,
					"count": 1,
					"min": 7000,
					"max": 7000
				},
				"2023-09-13": {
					"avg": 6097,
					"count": 1,
					"min": 6097,
					"max": 6097
				},
				"2023-09-15": {
					"avg": 12743,
					"count": 4,
					"min": 8995,
					"max": 16499
				},
				"2023-09-17": {
					"avg": 12505,
					"count": 2,
					"min": 6088,
					"max": 18921
				},
				"2023-09-20": {
					"avg": 14298,
					"count": 2,
					"min": 6498,
					"max": 22097
				},
				"2023-09-21": {
					"avg": 15039,
					"count": 2,
					"min": 6499,
					"max": 23578
				},
				"2023-09-22": {
					"avg": 10194,
					"count": 1,
					"min": 10194,
					"max": 10194
				},
				"2023-09-25": {
					"avg": 13099,
					"count": 1,
					"min": 13099,
					"max": 13099
				},
				"2023-09-26": {
					"avg": 11666,
					"count": 3,
					"min": 11499,
					"max": 11999
				},
				"2023-09-27": {
					"avg": 6296,
					"count": 1,
					"min": 6296,
					"max": 6296
				},
				"2023-09-28": {
					"avg": 6298,
					"count": 2,
					"min": 6297,
					"max": 6299
				},
				"2023-09-29": {
					"avg": 18555,
					"count": 1,
					"min": 18555,
					"max": 18555
				},
				"2023-10-02": {
					"avg": 13199,
					"count": 2,
					"min": 7000,
					"max": 19398
				},
				"2023-10-03": {
					"avg": 19999,
					"count": 1,
					"min": 19999,
					"max": 19999
				},
				"2023-10-05": {
					"avg": 6999,
					"count": 1,
					"min": 6999,
					"max": 6999
				},
				"2023-10-06": {
					"avg": 17587,
					"count": 2,
					"min": 17475,
					"max": 17699
				},
				"2023-10-08": {
					"avg": 11387,
					"count": 3,
					"min": 8895,
					"max": 16331
				},
				"2023-10-10": {
					"avg": 23043,
					"count": 1,
					"min": 23043,
					"max": 23043
				},
				"2023-10-14": {
					"avg": 7369,
					"count": 3,
					"min": 6598,
					"max": 8912
				},
				"2023-10-16": {
					"avg": 10417,
					"count": 2,
					"min": 8934,
					"max": 11899
				},
				"2023-10-19": {
					"avg": 7120,
					"count": 4,
					"min": 6099,
					"max": 8934
				},
				"2023-10-21": {
					"avg": 12727,
					"count": 1,
					"min": 12727,
					"max": 12727
				},
				"2023-10-22": {
					"avg": 25169,
					"count": 1,
					"min": 25169,
					"max": 25169
				},
				"2023-10-23": {
					"avg": 11126,
					"count": 3,
					"min": 9499,
					"max": 11939
				},
				"2023-10-26": {
					"avg": 11598,
					"count": 1,
					"min": 11598,
					"max": 11598
				},
				"2023-10-27": {
					"avg": 10848,
					"count": 1,
					"min": 10848,
					"max": 10848
				},
				"2023-10-28": {
					"avg": 22549,
					"count": 2,
					"min": 15099,
					"max": 29999
				},
				"2023-10-29": {
					"avg": 9830,
					"count": 3,
					"min": 5199,
					"max": 17399
				},
				"2023-10-30": {
					"avg": 14962,
					"count": 2,
					"min": 7024,
					"max": 22899
				},
				"2023-10-31": {
					"avg": 16391,
					"count": 1,
					"min": 16391,
					"max": 16391
				},
				"2023-11-03": {
					"avg": 13598,
					"count": 1,
					"min": 13598,
					"max": 13598
				},
				"2023-11-04": {
					"avg": 6830,
					"count": 3,
					"min": 6830,
					"max": 6831
				},
				"2023-11-07": {
					"avg": 14971,
					"count": 2,
					"min": 14843,
					"max": 15099
				},
				"2023-11-10": {
					"avg": 16589,
					"count": 1,
					"min": 16589,
					"max": 16589
				},
				"2023-11-11": {
					"avg": 12499,
					"count": 1,
					"min": 12499,
					"max": 12499
				},
				"2023-11-13": {
					"avg": 4798,
					"count": 1,
					"min": 4798,
					"max": 4798
				},
				"2023-11-14": {
					"avg": 4874,
					"count": 3,
					"min": 4812,
					"max": 4999
				},
				"2023-11-15": {
					"avg": 4814,
					"count": 2,
					"min": 4813,
					"max": 4814
				},
				"2023-11-16": {
					"avg": 6099,
					"count": 1,
					"min": 6099,
					"max": 6099
				},
				"2023-11-17": {
					"avg": 8599,
					"count": 1,
					"min": 8599,
					"max": 8599
				},
				"2023-11-18": {
					"avg": 13104,
					"count": 1,
					"min": 13104,
					"max": 13104
				},
				"2023-11-19": {
					"avg": 10289,
					"count": 5,
					"min": 6640,
					"max": 11999
				},
				"2023-11-20": {
					"avg": 11332,
					"count": 3,
					"min": 6830,
					"max": 20099
				},
				"2023-11-21": {
					"avg": 15581,
					"count": 1,
					"min": 15581,
					"max": 15581
				},
				"2023-11-22": {
					"avg": 18999,
					"count": 1,
					"min": 18999,
					"max": 18999
				},
				"2023-11-24": {
					"avg": 10435,
					"count": 13,
					"min": 8000,
					"max": 14449
				},
				"2023-11-25": {
					"avg": 17471,
					"count": 2,
					"min": 17447,
					"max": 17495
				},
				"2023-11-26": {
					"avg": 12047,
					"count": 2,
					"min": 6598,
					"max": 17495
				},
				"2024-05-16": {
					"avg": 15400,
					"count": 1,
					"min": 15400,
					"max": 15400
				},
				"2024-05-17": {
					"avg": 13150,
					"count": 13,
					"min": 9399,
					"max": 17799
				},
				"2024-05-18": {
					"avg": 14000,
					"count": 7,
					"min": 13090,
					"max": 16025
				},
				"2024-05-19": {
					"avg": 17049,
					"count": 3,
					"min": 9694,
					"max": 23602
				},
				"2024-05-20": {
					"avg": 9704,
					"count": 1,
					"min": 9704,
					"max": 9704
				},
				"2024-05-21": {
					"avg": 8110,
					"count": 1,
					"min": 8110,
					"max": 8110
				},
				"2024-05-22": {
					"avg": 11846,
					"count": 1,
					"min": 11846,
					"max": 11846
				},
				"2024-05-29": {
					"avg": 17619,
					"count": 1,
					"min": 17619,
					"max": 17619
				},
				"2024-06-01": {
					"avg": 17995,
					"count": 1,
					"min": 17995,
					"max": 17995
				},
				"2024-06-19": {
					"avg": 15788,
					"count": 1,
					"min": 15788,
					"max": 15788
				},
				"2024-06-21": {
					"avg": 15867,
					"count": 2,
					"min": 15867,
					"max": 15867
				},
				"2024-06-24": {
					"avg": 18276,
					"count": 4,
					"min": 18098,
					"max": 18788
				},
				"2024-07-05": {
					"avg": 19999,
					"count": 1,
					"min": 19999,
					"max": 19999
				},
				"2024-07-08": {
					"avg": 15967,
					"count": 1,
					"min": 15967,
					"max": 15967
				},
				"2024-07-19": {
					"avg": 16399,
					"count": 1,
					"min": 16399,
					"max": 16399
				},
				"2024-07-20": {
					"avg": 15999,
					"count": 1,
					"min": 15999,
					"max": 15999
				},
				"2024-07-22": {
					"avg": 17199,
					"count": 1,
					"min": 17199,
					"max": 17199
				},
				"2024-07-25": {
					"avg": 18784,
					"count": 2,
					"min": 18784,
					"max": 18784
				},
				"2024-07-27": {
					"avg": 19341,
					"count": 7,
					"min": 18784,
					"max": 20644
				},
				"2024-08-05": {
					"avg": 20097,
					"count": 1,
					"min": 20097,
					"max": 20097
				},
				"2024-08-12": {
					"avg": 20268,
					"count": 4,
					"min": 20098,
					"max": 20478
				},
				"2024-08-27": {
					"avg": 20995,
					"count": 1,
					"min": 20995,
					"max": 20995
				},
				"2024-08-28": {
					"avg": 19569,
					"count": 1,
					"min": 19569,
					"max": 19569
				},
				"2024-08-29": {
					"avg": 19599,
					"count": 1,
					"min": 19599,
					"max": 19599
				},
				"2024-09-03": {
					"avg": 22919,
					"count": 1,
					"min": 22919,
					"max": 22919
				},
				"2024-09-08": {
					"avg": 18500,
					"count": 1,
					"min": 18500,
					"max": 18500
				},
				"2024-09-11": {
					"avg": 18599,
					"count": 1,
					"min": 18599,
					"max": 18599
				},
				"2024-09-15": {
					"avg": 19536,
					"count": 2,
					"min": 18950,
					"max": 20121
				},
				"2024-09-19": {
					"avg": 20164,
					"count": 2,
					"min": 18600,
					"max": 21727
				},
				"2024-09-20": {
					"avg": 19253,
					"count": 1,
					"min": 19253,
					"max": 19253
				}
			},
			"avg": 13235,
			"avg7": 13589,
			"avg28": 13589
		},
		"holo-used": {
			"history": {
				"2024-05-28": {
					"avg": 9798,
					"count": 1,
					"min": 9798,
					"max": 9798
				},
				"2024-06-18": {
					"avg": 8838,
					"count": 3,
					"min": 7495,
					"max": 9581
				},
				"2024-07-10": {
					"avg": 9499,
					"count": 1,
					"min": 9499,
					"max": 9499
				},
				"2024-07-16": {
					"avg": 9546,
					"count": 4,
					"min": 9400,
					"max": 9691
				},
				"2024-07-25": {
					"avg": 15122,
					"count": 1,
					"min": 15122,
					"max": 15122
				},
				"2024-07-27": {
					"avg": 9653,
					"count": 1,
					"min": 9653,
					"max": 9653
				},
				"2024-08-07": {
					"avg": 10458,
					"count": 2,
					"min": 10000,
					"max": 10915
				},
				"2024-08-09": {
					"avg": 9723,
					"count": 1,
					"min": 9723,
					"max": 9723
				},
				"2024-08-20": {
					"avg": 11624,
					"count": 1,
					"min": 11624,
					"max": 11624
				},
				"2024-09-08": {
					"avg": 12066,
					"count": 1,
					"min": 12066,
					"max": 12066
				},
				"2024-09-10": {
					"avg": 10014,
					"count": 1,
					"min": 10014,
					"max": 10014
				},
				"2024-09-11": {
					"avg": 10274,
					"count": 2,
					"min": 9599,
					"max": 10949
				},
				"2024-09-12": {
					"avg": 9786,
					"count": 2,
					"min": 9599,
					"max": 9972
				},
				"2024-09-16": {
					"avg": 9599,
					"count": 1,
					"min": 9599,
					"max": 9599
				},
				"2024-09-19": {
					"avg": 9500,
					"count": 1,
					"min": 9500,
					"max": 9500
				},
				"2024-09-21": {
					"avg": 11998,
					"count": 1,
					"min": 11998,
					"max": 11998
				}
			},
			"avg": 10180,
			"avg7": -1,
			"avg28": -1
		},
		"holo-poor": {
			"history": {
				"2024-05-25": {
					"avg": 8438,
					"count": 2,
					"min": 8399,
					"max": 8476
				},
				"2024-05-27": {
					"avg": 8620,
					"count": 1,
					"min": 8620,
					"max": 8620
				},
				"2024-05-30": {
					"avg": 8598,
					"count": 1,
					"min": 8598,
					"max": 8598
				},
				"2024-06-01": {
					"avg": 8599,
					"count": 1,
					"min": 8599,
					"max": 8599
				},
				"2024-06-11": {
					"avg": 8872,
					"count": 1,
					"min": 8872,
					"max": 8872
				},
				"2024-06-14": {
					"avg": 5499,
					"count": 1,
					"min": 5499,
					"max": 5499
				},
				"2024-06-16": {
					"avg": 7000,
					"count": 1,
					"min": 7000,
					"max": 7000
				},
				"2024-06-18": {
					"avg": 7130,
					"count": 1,
					"min": 7130,
					"max": 7130
				},
				"2024-06-19": {
					"avg": 5588,
					"count": 2,
					"min": 5500,
					"max": 5675
				},
				"2024-06-21": {
					"avg": 5742,
					"count": 1,
					"min": 5742,
					"max": 5742
				},
				"2024-06-24": {
					"avg": 7687,
					"count": 2,
					"min": 7687,
					"max": 7687
				},
				"2024-06-28": {
					"avg": 5742,
					"count": 1,
					"min": 5742,
					"max": 5742
				},
				"2024-07-01": {
					"avg": 7886,
					"count": 1,
					"min": 7886,
					"max": 7886
				},
				"2024-07-07": {
					"avg": 9122,
					"count": 1,
					"min": 9122,
					"max": 9122
				},
				"2024-07-16": {
					"avg": 7975,
					"count": 1,
					"min": 7975,
					"max": 7975
				},
				"2024-07-19": {
					"avg": 8818,
					"count": 1,
					"min": 8818,
					"max": 8818
				},
				"2024-07-23": {
					"avg": 9365,
					"count": 4,
					"min": 8699,
					"max": 9819
				},
				"2024-08-01": {
					"avg": 5820,
					"count": 1,
					"min": 5820,
					"max": 5820
				},
				"2024-08-02": {
					"avg": 8980,
					"count": 1,
					"min": 8980,
					"max": 8980
				},
				"2024-08-11": {
					"avg": 8490,
					"count": 1,
					"min": 8490,
					"max": 8490
				},
				"2024-08-14": {
					"avg": 8499,
					"count": 1,
					"min": 8499,
					"max": 8499
				},
				"2024-08-17": {
					"avg": 8499,
					"count": 1,
					"min": 8499,
					"max": 8499
				},
				"2024-08-21": {
					"avg": 8950,
					"count": 1,
					"min": 8950,
					"max": 8950
				},
				"2024-09-02": {
					"avg": 8500,
					"count": 1,
					"min": 8500,
					"max": 8500
				},
				"2024-09-03": {
					"avg": 8969,
					"count": 1,
					"min": 8969,
					"max": 8969
				},
				"2024-09-07": {
					"avg": 8949,
					"count": 1,
					"min": 8949,
					"max": 8949
				},
				"2024-09-08": {
					"avg": 9175,
					"count": 2,
					"min": 8950,
					"max": 9399
				},
				"2024-09-13": {
					"avg": 7799,
					"count": 1,
					"min": 7799,
					"max": 7799
				},
				"2024-09-15": {
					"avg": 10099,
					"count": 1,
					"min": 10099,
					"max": 10099
				},
				"2024-09-21": {
					"avg": 9111,
					"count": 1,
					"min": 9111,
					"max": 9111
				}
			},
			"avg": 8149,
			"avg7": -1,
			"avg28": -1
		},
		"holo-nearmint": {
			"history": {
				"2024-06-16": {
					"avg": 23099,
					"count": 1,
					"min": 23099,
					"max": 23099
				},
				"2024-06-30": {
					"avg": 30098,
					"count": 1,
					"min": 30098,
					"max": 30098
				},
				"2024-07-02": {
					"avg": 22928,
					"count": 2,
					"min": 22927,
					"max": 22929
				},
				"2024-07-14": {
					"avg": 23799,
					"count": 1,
					"min": 23799,
					"max": 23799
				},
				"2024-07-18": {
					"avg": 26599,
					"count": 1,
					"min": 26599,
					"max": 26599
				},
				"2024-08-04": {
					"avg": 22950,
					"count": 1,
					"min": 22950,
					"max": 22950
				},
				"2024-08-13": {
					"avg": 23011,
					"count": 1,
					"min": 23011,
					"max": 23011
				},
				"2024-08-22": {
					"avg": 22406,
					"count": 1,
					"min": 22406,
					"max": 22406
				},
				"2024-08-26": {
					"avg": 26271,
					"count": 1,
					"min": 26271,
					"max": 26271
				},
				"2024-09-10": {
					"avg": 22500,
					"count": 1,
					"min": 22500,
					"max": 22500
				},
				"2024-09-21": {
					"avg": 25122,
					"count": 1,
					"min": 25122,
					"max": 25122
				}
			},
			"avg": 24309,
			"avg7": -1,
			"avg28": -1
		},
		"holo-played": {
			"history": {
				"2024-06-14": {
					"avg": 12622,
					"count": 1,
					"min": 12622,
					"max": 12622
				},
				"2024-06-16": {
					"avg": 13199,
					"count": 1,
					"min": 13199,
					"max": 13199
				},
				"2024-06-20": {
					"avg": 13100,
					"count": 1,
					"min": 13100,
					"max": 13100
				},
				"2024-06-24": {
					"avg": 13199,
					"count": 1,
					"min": 13199,
					"max": 13199
				},
				"2024-06-30": {
					"avg": 15122,
					"count": 1,
					"min": 15122,
					"max": 15122
				},
				"2024-07-06": {
					"avg": 14121,
					"count": 1,
					"min": 14121,
					"max": 14121
				},
				"2024-07-10": {
					"avg": 12499,
					"count": 1,
					"min": 12499,
					"max": 12499
				},
				"2024-07-11": {
					"avg": 13998,
					"count": 1,
					"min": 13998,
					"max": 13998
				},
				"2024-07-16": {
					"avg": 14011,
					"count": 2,
					"min": 13998,
					"max": 14024
				},
				"2024-07-17": {
					"avg": 15099,
					"count": 1,
					"min": 15099,
					"max": 15099
				},
				"2024-07-22": {
					"avg": 15098,
					"count": 1,
					"min": 15098,
					"max": 15098
				},
				"2024-07-29": {
					"avg": 15163,
					"count": 2,
					"min": 15075,
					"max": 15250
				},
				"2024-08-02": {
					"avg": 12394,
					"count": 2,
					"min": 12389,
					"max": 12398
				},
				"2024-08-16": {
					"avg": 13366,
					"count": 2,
					"min": 13226,
					"max": 13505
				},
				"2024-08-18": {
					"avg": 13504,
					"count": 1,
					"min": 13504,
					"max": 13504
				},
				"2024-08-30": {
					"avg": 13313,
					"count": 1,
					"min": 13313,
					"max": 13313
				},
				"2024-09-07": {
					"avg": 16056,
					"count": 4,
					"min": 15999,
					"max": 16129
				},
				"2024-09-12": {
					"avg": 13312,
					"count": 1,
					"min": 13312,
					"max": 13312
				},
				"2024-09-13": {
					"avg": 13226,
					"count": 1,
					"min": 13226,
					"max": 13226
				},
				"2024-09-18": {
					"avg": 13504,
					"count": 1,
					"min": 13504,
					"max": 13504
				},
				"2024-09-19": {
					"avg": 13899,
					"count": 1,
					"min": 13899,
					"max": 13899
				}
			},
			"avg": 14032,
			"avg7": -1,
			"avg28": -1
		}
	}
}