{
	"data": {
		"normal-good": {
			"history": {
				"2022-11-16": {
					"avg": 81,
					"count": 28
				},
				"2022-11-20": {
					"avg": 35,
					"count": 1,
					"min": 35,
					"max": 35
				},
				"2022-11-22": {
					"avg": 731,
					"count": 10,
					"min": 198,
					"max": 823
				},
				"2022-11-25": {
					"avg": 25,
					"count": 1,
					"min": 25,
					"max": 25
				},
				"2022-11-27": {
					"avg": 23,
					"count": 1,
					"min": 23,
					"max": 23
				},
				"2022-11-28": {
					"avg": 142,
					"count": 6,
					"min": 23,
					"max": 534
				},
				"2022-11-29": {
					"avg": 124,
					"count": 1,
					"min": 124,
					"max": 124
				},
				"2022-11-30": {
					"avg": 50,
					"count": 1,
					"min": 50,
					"max": 50
				},
				"2022-12-01": {
					"avg": 20,
					"count": 1,
					"min": 20,
					"max": 20
				},
				"2022-12-04": {
					"avg": 44,
					"count": 49,
					"min": 18,
					"max": 71
				},
				"2022-12-05": {
					"avg": 77,
					"count": 19,
					"min": 18,
					"max": 128
				},
				"2022-12-09": {
					"avg": 36,
					"count": 1,
					"min": 36,
					"max": 36
				},
				"2022-12-10": {
					"avg": 34,
					"count": 10,
					"min": 29,
					"max": 35
				},
				"2022-12-11": {
					"avg": 29,
					"count": 1,
					"min": 29,
					"max": 29
				},
				"2022-12-12": {
					"avg": 38,
					"count": 6,
					"min": 22,
					"max": 41
				},
				"2022-12-14": {
					"avg": 213,
					"count": 3,
					"min": 26,
					"max": 476
				},
				"2022-12-16": {
					"avg": 102,
					"count": 4,
					"min": 57,
					"max": 120
				},
				"2022-12-18": {
					"avg": 20,
					"count": 1,
					"min": 20,
					"max": 20
				},
				"2022-12-19": {
					"avg": 125,
					"count": 1,
					"min": 125,
					"max": 125
				},
				"2022-12-20": {
					"avg": 131,
					"count": 2,
					"min": 124,
					"max": 137
				},
				"2022-12-26": {
					"avg": 125,
					"count": 2,
					"min": 119,
					"max": 132
				},
				"2022-12-27": {
					"avg": 54,
					"count": 9,
					"min": 42,
					"max": 149
				},
				"2022-12-30": {
					"avg": 29,
					"count": 6,
					"min": 25,
					"max": 49
				},
				"2022-12-31": {
					"avg": 77,
					"count": 31,
					"min": 20,
					"max": 135
				},
				"2023-01-01": {
					"avg": 498,
					"count": 8,
					"min": 115,
					"max": 1636
				},
				"2023-01-02": {
					"avg": 163,
					"count": 28,
					"min": 20,
					"max": 378
				},
				"2023-01-03": {
					"avg": 124,
					"count": 1,
					"min": 124,
					"max": 124
				},
				"2023-01-04": {
					"avg": 135,
					"count": 1,
					"min": 135,
					"max": 135
				},
				"2023-01-07": {
					"avg": 92,
					"count": 2,
					"min": 49,
					"max": 135
				},
				"2023-01-08": {
					"avg": 49,
					"count": 2,
					"min": 49,
					"max": 49
				},
				"2023-01-10": {
					"avg": 134,
					"count": 1,
					"min": 134,
					"max": 134
				},
				"2023-01-11": {
					"avg": 136,
					"count": 2,
					"min": 136,
					"max": 136
				},
				"2023-01-12": {
					"avg": 24,
					"count": 1,
					"min": 24,
					"max": 24
				},
				"2023-02-06": {
					"avg": 32,
					"count": 16,
					"min": 26,
					"max": 33
				},
				"2023-02-08": {
					"avg": 49,
					"count": 1,
					"min": 49,
					"max": 49
				},
				"2023-02-10": {
					"avg": 199,
					"count": 2,
					"min": 49,
					"max": 349
				},
				"2023-02-11": {
					"avg": 24,
					"count": 1,
					"min": 24,
					"max": 24
				},
				"2023-02-13": {
					"avg": 111,
					"count": 5,
					"min": 111,
					"max": 111
				},
				"2023-02-14": {
					"avg": 49,
					"count": 1,
					"min": 49,
					"max": 49
				},
				"2023-02-15": {
					"avg": 43,
					"count": 2,
					"min": 41,
					"max": 45
				},
				"2023-02-17": {
					"avg": 129,
					"count": 1,
					"min": 129,
					"max": 129
				},
				"2023-02-18": {
					"avg": 22,
					"count": 3,
					"min": 20,
					"max": 26
				},
				"2023-02-19": {
					"avg": 15,
					"count": 1,
					"min": 15,
					"max": 15
				},
				"2023-02-20": {
					"avg": 265,
					"count": 2,
					"min": 252,
					"max": 278
				},
				"2023-02-24": {
					"avg": 54,
					"count": 6,
					"min": 19,
					"max": 139
				},
				"2023-02-26": {
					"avg": 177,
					"count": 2,
					"min": 33,
					"max": 320
				},
				"2023-02-28": {
					"avg": 65,
					"count": 11,
					"min": 33,
					"max": 151
				},
				"2023-03-01": {
					"avg": 29,
					"count": 2,
					"min": 29,
					"max": 29
				},
				"2023-03-03": {
					"avg": 154,
					"count": 5,
					"min": 154,
					"max": 154
				},
				"2023-03-04": {
					"avg": 128,
					"count": 1,
					"min": 128,
					"max": 128
				},
				"2023-03-05": {
					"avg": 139,
					"count": 2,
					"min": 124,
					"max": 154
				},
				"2023-03-09": {
					"avg": 25,
					"count": 1,
					"min": 25,
					"max": 25
				},
				"2023-03-12": {
					"avg": 100,
					"count": 7,
					"min": 23,
					"max": 154
				},
				"2023-03-13": {
					"avg": 38,
					"count": 2,
					"min": 26,
					"max": 50
				},
				"2023-03-15": {
					"avg": 42,
					"count": 1,
					"min": 42,
					"max": 42
				},
				"2023-03-20": {
					"avg": 63,
					"count": 5,
					"min": 10,
					"max": 134
				},
				"2023-03-21": {
					"avg": 141,
					"count": 1,
					"min": 141,
					"max": 141
				},
				"2023-03-23": {
					"avg": 45,
					"count": 1,
					"min": 45,
					"max": 45
				},
				"2023-03-27": {
					"avg": 25,
					"count": 26,
					"min": 25,
					"max": 26
				},
				"2023-03-28": {
					"avg": 211,
					"count": 2,
					"min": 22,
					"max": 399
				},
				"2023-03-29": {
					"avg": 229,
					"count": 1,
					"min": 229,
					"max": 229
				},
				"2023-03-31": {
					"avg": 119,
					"count": 1,
					"min": 119,
					"max": 119
				},
				"2023-04-01": {
					"avg": 104,
					"count": 17,
					"min": 17,
					"max": 378
				},
				"2023-04-03": {
					"avg": 244,
					"count": 16,
					"min": 99,
					"max": 254
				},
				"2023-04-05": {
					"avg": 111,
					"count": 1,
					"min": 111,
					"max": 111
				},
				"2023-04-08": {
					"avg": 105,
					"count": 5,
					"min": 30,
					"max": 124
				},
				"2023-04-09": {
					"avg": 139,
					"count": 5,
					"min": 20,
					"max": 378
				},
				"2023-04-10": {
					"avg": 71,
					"count": 2,
					"min": 29,
					"max": 113
				},
				"2023-04-13": {
					"avg": 44,
					"count": 2,
					"min": 37,
					"max": 50
				},
				"2023-04-17": {
					"avg": 154,
					"count": 1,
					"min": 154,
					"max": 154
				},
				"2023-04-20": {
					"avg": 106,
					"count": 1,
					"min": 106,
					"max": 106
				},
				"2023-04-21": {
					"avg": 16,
					"count": 20,
					"min": 10,
					"max": 129
				},
				"2023-04-22": {
					"avg": 21,
					"count": 1,
					"min": 21,
					"max": 21
				},
				"2023-04-23": {
					"avg": 35,
					"count": 2,
					"min": 25,
					"max": 45
				},
				"2023-04-25": {
					"avg": 128,
					"count": 1,
					"min": 128,
					"max": 128
				},
				"2023-05-02": {
					"avg": 50,
					"count": 1,
					"min": 50,
					"max": 50
				},
				"2023-05-04": {
					"avg": 22,
					"count": 1,
					"min": 22,
					"max": 22
				},
				"2023-05-05": {
					"avg": 39,
					"count": 11,
					"min": 20,
					"max": 139
				},
				"2023-05-07": {
					"avg": 264,
					"count": 2,
					"min": 129,
					"max": 399
				},
				"2023-05-09": {
					"avg": 30,
					"count": 5,
					"min": 22,
					"max": 32
				},
				"2023-05-11": {
					"avg": 23,
					"count": 1,
					"min": 23,
					"max": 23
				},
				"2023-05-12": {
					"avg": 32,
					"count": 1,
					"min": 32,
					"max": 32
				},
				"2023-05-14": {
					"avg": 110,
					"count": 1,
					"min": 110,
					"max": 110
				},
				"2023-05-16": {
					"avg": 96,
					"count": 4,
					"min": 29,
					"max": 118
				},
				"2023-05-21": {
					"avg": 42,
					"count": 1,
					"min": 42,
					"max": 42
				},
				"2023-05-23": {
					"avg": 420,
					"count": 1,
					"min": 420,
					"max": 420
				},
				"2023-05-24": {
					"avg": 36,
					"count": 1,
					"min": 36,
					"max": 36
				},
				"2023-05-27": {
					"avg": 134,
					"count": 1,
					"min": 134,
					"max": 134
				},
				"2023-05-29": {
					"avg": 24,
					"count": 2,
					"min": 23,
					"max": 25
				},
				"2023-05-30": {
					"avg": 40,
					"count": 1,
					"min": 40,
					"max": 40
				},
				"2023-06-01": {
					"avg": 293,
					"count": 30,
					"min": 39,
					"max": 548
				},
				"2023-06-02": {
					"avg": 36,
					"count": 2,
					"min": 29,
					"max": 43
				},
				"2023-06-03": {
					"avg": 100,
					"count": 1,
					"min": 100,
					"max": 100
				},
				"2023-06-06": {
					"avg": 117,
					"count": 4,
					"min": 116,
					"max": 118
				},
				"2023-06-09": {
					"avg": 23,
					"count": 1,
					"min": 23,
					"max": 23
				},
				"2023-06-10": {
					"avg": 40,
					"count": 1,
					"min": 40,
					"max": 40
				},
				"2023-06-15": {
					"avg": 23,
					"count": 1,
					"min": 23,
					"max": 23
				},
				"2023-06-17": {
					"avg": 39,
					"count": 7,
					"min": 23,
					"max": 118
				},
				"2023-06-18": {
					"avg": 29,
					"count": 11,
					"min": 29,
					"max": 29
				},
				"2023-06-20": {
					"avg": 27,
					"count": 1,
					"min": 27,
					"max": 27
				},
				"2023-06-21": {
					"avg": 109,
					"count": 4,
					"min": 50,
					"max": 129
				},
				"2023-06-22": {
					"avg": 75,
					"count": 1,
					"min": 75,
					"max": 75
				},
				"2023-06-24": {
					"avg": 138,
					"count": 1,
					"min": 138,
					"max": 138
				},
				"2023-06-30": {
					"avg": 114,
					"count": 3,
					"min": 114,
					"max": 114
				},
				"2023-07-03": {
					"avg": 124,
					"count": 1,
					"min": 124,
					"max": 124
				},
				"2023-07-04": {
					"avg": 137,
					"count": 1,
					"min": 137,
					"max": 137
				},
				"2023-07-07": {
					"avg": 59,
					"count": 3,
					"min": 27,
					"max": 124
				},
				"2023-07-08": {
					"avg": 41,
					"count": 1,
					"min": 41,
					"max": 41
				},
				"2023-07-09": {
					"avg": 41,
					"count": 1,
					"min": 41,
					"max": 41
				},
				"2023-07-11": {
					"avg": 22,
					"count": 1,
					"min": 22,
					"max": 22
				},
				"2023-07-12": {
					"avg": 25,
					"count": 2,
					"min": 25,
					"max": 25
				},
				"2023-07-15": {
					"avg": 41,
					"count": 1,
					"min": 41,
					"max": 41
				},
				"2023-07-17": {
					"avg": 31,
					"count": 2,
					"min": 20,
					"max": 41
				},
				"2023-07-19": {
					"avg": 29,
					"count": 8,
					"min": 29,
					"max": 29
				},
				"2023-07-20": {
					"avg": 107,
					"count": 24,
					"min": 29,
					"max": 127
				},
				"2023-07-22": {
					"avg": 25,
					"count": 1,
					"min": 25,
					"max": 25
				},
				"2023-07-23": {
					"avg": 23,
					"count": 1,
					"min": 23,
					"max": 23
				},
				"2023-07-25": {
					"avg": 32,
					"count": 2,
					"min": 23,
					"max": 41
				},
				"2023-07-26": {
					"avg": 10,
					"count": 1,
					"min": 10,
					"max": 10
				},
				"2023-07-27": {
					"avg": 138,
					"count": 1,
					"min": 138,
					"max": 138
				},
				"2023-07-29": {
					"avg": 779,
					"count": 40,
					"min": 139,
					"max": 826
				},
				"2023-07-30": {
					"avg": 74,
					"count": 2,
					"min": 24,
					"max": 124
				},
				"2023-07-31": {
					"avg": 124,
					"count": 2,
					"min": 124,
					"max": 124
				},
				"2023-08-01": {
					"avg": 98,
					"count": 2,
					"min": 98,
					"max": 98
				},
				"2023-08-02": {
					"avg": 74,
					"count": 2,
					"min": 25,
					"max": 122
				},
				"2023-08-03": {
					"avg": 33,
					"count": 2,
					"min": 25,
					"max": 41
				},
				"2023-08-04": {
					"avg": 30,
					"count": 2,
					"min": 19,
					"max": 41
				},
				"2023-08-05": {
					"avg": 25,
					"count": 1,
					"min": 25,
					"max": 25
				},
				"2023-08-07": {
					"avg": 15,
					"count": 1,
					"min": 15,
					"max": 15
				},
				"2023-08-08": {
					"avg": 57,
					"count": 1,
					"min": 57,
					"max": 57
				},
				"2023-08-09": {
					"avg": 67,
					"count": 1,
					"min": 67,
					"max": 67
				},
				"2023-08-10": {
					"avg": 70,
					"count": 4,
					"min": 22,
					"max": 122
				},
				"2023-08-11": {
					"avg": 25,
					"count": 1,
					"min": 25,
					"max": 25
				},
				"2023-08-12": {
					"avg": 82,
					"count": 4,
					"min": 26,
					"max": 130
				},
				"2023-08-14": {
					"avg": 82,
					"count": 6,
					"min": 67,
					"max": 114
				},
				"2023-08-15": {
					"avg": 26,
					"count": 1,
					"min": 26,
					"max": 26
				},
				"2023-08-19": {
					"avg": 25,
					"count": 1,
					"min": 25,
					"max": 25
				},
				"2023-08-20": {
					"avg": 100,
					"count": 2,
					"min": 25,
					"max": 174
				},
				"2023-08-23": {
					"avg": 80,
					"count": 1,
					"min": 80,
					"max": 80
				},
				"2023-08-24": {
					"avg": 136,
					"count": 2,
					"min": 97,
					"max": 174
				},
				"2023-08-26": {
					"avg": 56,
					"count": 7,
					"min": 22,
					"max": 80
				},
				"2023-08-27": {
					"avg": 34,
					"count": 2,
					"min": 26,
					"max": 41
				},
				"2023-08-28": {
					"avg": 41,
					"count": 1,
					"min": 41,
					"max": 41
				},
				"2023-09-01": {
					"avg": 118,
					"count": 1,
					"min": 118,
					"max": 118
				},
				"2023-09-02": {
					"avg": 25,
					"count": 1,
					"min": 25,
					"max": 25
				},
				"2023-09-03": {
					"avg": 143,
					"count": 2,
					"min": 27,
					"max": 259
				},
				"2023-09-04": {
					"avg": 118,
					"count": 1,
					"min": 118,
					"max": 118
				},
				"2023-09-06": {
					"avg": 26,
					"count": 1,
					"min": 26,
					"max": 26
				},
				"2023-09-07": {
					"avg": 40,
					"count": 1,
					"min": 40,
					"max": 40
				},
				"2023-09-09": {
					"avg": 25,
					"count": 1,
					"min": 25,
					"max": 25
				},
				"2023-09-11": {
					"avg": 123,
					"count": 1,
					"min": 123,
					"max": 123
				},
				"2023-09-15": {
					"avg": 19,
					"count": 1,
					"min": 19,
					"max": 19
				},
				"2023-09-16": {
					"avg": 124,
					"count": 2,
					"min": 124,
					"max": 124
				},
				"2023-09-17": {
					"avg": 45,
					"count": 1,
					"min": 45,
					"max": 45
				},
				"2023-09-20": {
					"avg": 25,
					"count": 2,
					"min": 15,
					"max": 34
				},
				"2023-09-22": {
					"avg": 18,
					"count": 1,
					"min": 18,
					"max": 18
				},
				"2023-09-23": {
					"avg": 25,
					"count": 1,
					"min": 25,
					"max": 25
				},
				"2023-09-25": {
					"avg": 26,
					"count": 2,
					"min": 26,
					"max": 26
				},
				"2023-09-26": {
					"avg": 250,
					"count": 3,
					"min": 118,
					"max": 514
				},
				"2023-10-02": {
					"avg": 49,
					"count": 1,
					"min": 49,
					"max": 49
				},
				"2023-10-04": {
					"avg": 15,
					"count": 1,
					"min": 15,
					"max": 15
				},
				"2023-10-05": {
					"avg": 106,
					"count": 25,
					"min": 22,
					"max": 430
				},
				"2023-10-09": {
					"avg": 395,
					"count": 1,
					"min": 395,
					"max": 395
				},
				"2023-10-11": {
					"avg": 2048,
					"count": 1,
					"min": 2048,
					"max": 2048
				},
				"2023-10-12": {
					"avg": 84,
					"count": 2,
					"min": 43,
					"max": 125
				},
				"2023-10-16": {
					"avg": 24,
					"count": 1,
					"min": 24,
					"max": 24
				},
				"2023-10-17": {
					"avg": 50,
					"count": 1,
					"min": 50,
					"max": 50
				},
				"2023-10-19": {
					"avg": 399,
					"count": 1,
					"min": 399,
					"max": 399
				},
				"2023-10-20": {
					"avg": 82,
					"count": 26,
					"min": 37,
					"max": 179
				},
				"2023-10-23": {
					"avg": 200,
					"count": 1,
					"min": 200,
					"max": 200
				},
				"2023-10-24": {
					"avg": 96,
					"count": 1,
					"min": 96,
					"max": 96
				},
				"2023-10-26": {
					"avg": 119,
					"count": 3,
					"min": 100,
					"max": 145
				},
				"2023-10-27": {
					"avg": 122,
					"count": 1,
					"min": 122,
					"max": 122
				},
				"2023-10-28": {
					"avg": 118,
					"count": 14,
					"min": 114,
					"max": 134
				},
				"2023-10-30": {
					"avg": 121,
					"count": 5,
					"min": 114,
					"max": 123
				},
				"2023-11-04": {
					"avg": 25,
					"count": 1,
					"min": 25,
					"max": 25
				},
				"2023-11-05": {
					"avg": 148,
					"count": 1,
					"min": 148,
					"max": 148
				},
				"2023-11-06": {
					"avg": 136,
					"count": 1,
					"min": 136,
					"max": 136
				},
				"2023-11-09": {
					"avg": 26,
					"count": 2,
					"min": 26,
					"max": 26
				},
				"2023-11-10": {
					"avg": 68,
					"count": 3,
					"min": 25,
					"max": 113
				},
				"2023-11-15": {
					"avg": 123,
					"count": 1,
					"min": 123,
					"max": 123
				},
				"2023-11-17": {
					"avg": 110,
					"count": 1,
					"min": 110,
					"max": 110
				},
				"2023-11-19": {
					"avg": 90,
					"count": 2,
					"min": 57,
					"max": 122
				},
				"2023-11-20": {
					"avg": 97,
					"count": 1,
					"min": 97,
					"max": 97
				},
				"2023-11-21": {
					"avg": 110,
					"count": 1,
					"min": 110,
					"max": 110
				},
				"2023-11-22": {
					"avg": 30,
					"count": 1,
					"min": 30,
					"max": 30
				},
				"2023-11-24": {
					"avg": 85,
					"count": 10,
					"min": 24,
					"max": 191
				},
				"2023-11-25": {
					"avg": 93,
					"count": 3,
					"min": 37,
					"max": 127
				},
				"2024-05-17": {
					"avg": 72,
					"count": 16,
					"min": 19,
					"max": 149
				},
				"2024-05-18": {
					"avg": 49,
					"count": 7,
					"min": 19,
					"max": 124
				},
				"2024-05-19": {
					"avg": 39,
					"count": 1,
					"min": 39,
					"max": 39
				},
				"2024-05-20": {
					"avg": 424,
					"count": 1,
					"min": 424,
					"max": 424
				},
				"2024-05-21": {
					"avg": 48,
					"count": 6,
					"min": 20,
					"max": 140
				},
				"2024-05-22": {
					"avg": 1042,
					"count": 1,
					"min": 1042,
					"max": 1042
				},
				"2024-05-24": {
					"avg": 71,
					"count": 24,
					"min": 33,
					"max": 125
				},
				"2024-05-26": {
					"avg": 25,
					"count": 1,
					"min": 25,
					"max": 25
				},
				"2024-05-27": {
					"avg": 26,
					"count": 1,
					"min": 26,
					"max": 26
				},
				"2024-05-30": {
					"avg": 142,
					"count": 2,
					"min": 142,
					"max": 142
				},
				"2024-05-31": {
					"avg": 20,
					"count": 1,
					"min": 20,
					"max": 20
				},
				"2024-06-01": {
					"avg": 231,
					"count": 1,
					"min": 231,
					"max": 231
				},
				"2024-06-05": {
					"avg": 160,
					"count": 7,
					"min": 160,
					"max": 160
				},
				"2024-06-11": {
					"avg": 25,
					"count": 6,
					"min": 25,
					"max": 25
				},
				"2024-06-20": {
					"avg": 82,
					"count": 2,
					"min": 24,
					"max": 139
				},
				"2024-06-25": {
					"avg": 130,
					"count": 1,
					"min": 130,
					"max": 130
				},
				"2024-06-27": {
					"avg": 27,
					"count": 1,
					"min": 27,
					"max": 27
				},
				"2024-06-28": {
					"avg": 21,
					"count": 1,
					"min": 21,
					"max": 21
				},
				"2024-06-30": {
					"avg": 25,
					"count": 1,
					"min": 25,
					"max": 25
				},
				"2024-07-02": {
					"avg": 28,
					"count": 1,
					"min": 28,
					"max": 28
				},
				"2024-07-04": {
					"avg": 30,
					"count": 2,
					"min": 26,
					"max": 33
				},
				"2024-07-05": {
					"avg": 35,
					"count": 2,
					"min": 30,
					"max": 40
				},
				"2024-07-09": {
					"avg": 26,
					"count": 1,
					"min": 26,
					"max": 26
				},
				"2024-07-11": {
					"avg": 27,
					"count": 1,
					"min": 27,
					"max": 27
				},
				"2024-07-12": {
					"avg": 117,
					"count": 1,
					"min": 117,
					"max": 117
				},
				"2024-07-14": {
					"avg": 159,
					"count": 1,
					"min": 159,
					"max": 159
				},
				"2024-07-18": {
					"avg": 127,
					"count": 5,
					"min": 127,
					"max": 127
				},
				"2024-07-22": {
					"avg": 155,
					"count": 1,
					"min": 155,
					"max": 155
				},
				"2024-07-29": {
					"avg": 224,
					"count": 1,
					"min": 224,
					"max": 224
				},
				"2024-08-02": {
					"avg": 25,
					"count": 3,
					"min": 24,
					"max": 26
				},
				"2024-08-07": {
					"avg": 126,
					"count": 2,
					"min": 114,
					"max": 138
				},
				"2024-08-10": {
					"avg": 20,
					"count": 1,
					"min": 20,
					"max": 20
				},
				"2024-08-12": {
					"avg": 30,
					"count": 1,
					"min": 30,
					"max": 30
				},
				"2024-08-15": {
					"avg": 26,
					"count": 1,
					"min": 26,
					"max": 26
				},
				"2024-08-16": {
					"avg": 30,
					"count": 1,
					"min": 30,
					"max": 30
				},
				"2024-08-18": {
					"avg": 26,
					"count": 1,
					"min": 26,
					"max": 26
				},
				"2024-08-20": {
					"avg": 20,
					"count": 1,
					"min": 20,
					"max": 20
				},
				"2024-08-21": {
					"avg": 147,
					"count": 1,
					"min": 147,
					"max": 147
				},
				"2024-08-28": {
					"avg": 26,
					"count": 10,
					"min": 26,
					"max": 26
				},
				"2024-09-02": {
					"avg": 71,
					"count": 2,
					"min": 23,
					"max": 119
				},
				"2024-09-04": {
					"avg": 563,
					"count": 1,
					"min": 563,
					"max": 563
				},
				"2024-09-09": {
					"avg": 148,
					"count": 1,
					"min": 148,
					"max": 148
				},
				"2024-09-13": {
					"avg": 23,
					"count": 1,
					"min": 23,
					"max": 23
				},
				"2024-09-15": {
					"avg": 84,
					"count": 2,
					"min": 23,
					"max": 145
				},
				"2024-09-16": {
					"avg": 23,
					"count": 1,
					"min": 23,
					"max": 23
				},
				"2024-09-19": {
					"avg": 55,
					"count": 7,
					"min": 25,
					"max": 147
				},
				"2024-09-22": {
					"avg": 23,
					"count": 3,
					"min": 23,
					"max": 23
				}
			},
			"avg": 131,
			"avg7": 72,
			"avg28": 72
		},
		"normal-played": {
			"history": {
				"2024-05-27": {
					"avg": 137,
					"count": 2,
					"min": 137,
					"max": 137
				},
				"2024-06-04": {
					"avg": 135,
					"count": 1,
					"min": 135,
					"max": 135
				},
				"2024-06-20": {
					"avg": 369,
					"count": 2,
					"min": 369,
					"max": 369
				},
				"2024-06-21": {
					"avg": 19,
					"count": 1,
					"min": 19,
					"max": 19
				},
				"2024-06-26": {
					"avg": 316,
					"count": 1,
					"min": 316,
					"max": 316
				},
				"2024-06-27": {
					"avg": 22,
					"count": 2,
					"min": 22,
					"max": 22
				},
				"2024-07-01": {
					"avg": 25,
					"count": 1,
					"min": 25,
					"max": 25
				},
				"2024-07-05": {
					"avg": 18,
					"count": 1,
					"min": 18,
					"max": 18
				},
				"2024-07-10": {
					"avg": 19,
					"count": 1,
					"min": 19,
					"max": 19
				},
				"2024-07-12": {
					"avg": 44,
					"count": 5,
					"min": 18,
					"max": 137
				},
				"2024-07-14": {
					"avg": 247,
					"count": 1,
					"min": 247,
					"max": 247
				},
				"2024-07-27": {
					"avg": 15,
					"count": 1,
					"min": 15,
					"max": 15
				},
				"2024-08-06": {
					"avg": 20,
					"count": 3,
					"min": 20,
					"max": 20
				},
				"2024-08-18": {
					"avg": 25,
					"count": 2,
					"min": 25,
					"max": 25
				},
				"2024-08-19": {
					"avg": 25,
					"count": 1,
					"min": 25,
					"max": 25
				},
				"2024-08-21": {
					"avg": 25,
					"count": 4,
					"min": 25,
					"max": 25
				},
				"2024-08-28": {
					"avg": 25,
					"count": 1,
					"min": 25,
					"max": 25
				},
				"2024-09-04": {
					"avg": 25,
					"count": 1,
					"min": 25,
					"max": 25
				},
				"2024-09-06": {
					"avg": 542,
					"count": 1,
					"min": 542,
					"max": 542
				},
				"2024-09-07": {
					"avg": 152,
					"count": 4,
					"min": 152,
					"max": 152
				},
				"2024-09-19": {
					"avg": 37,
					"count": 1,
					"min": 37,
					"max": 37
				},
				"2024-09-22": {
					"avg": 138,
					"count": 1,
					"min": 138,
					"max": 138
				}
			},
			"avg": 97,
			"avg7": -1,
			"avg28": -1
		},
		"normal-poor": {
			"history": {
				"2024-05-25": {
					"avg": 17,
					"count": 1,
					"min": 17,
					"max": 17
				},
				"2024-05-26": {
					"avg": 17,
					"count": 1,
					"min": 17,
					"max": 17
				},
				"2024-06-19": {
					"avg": 18,
					"count": 1,
					"min": 18,
					"max": 18
				},
				"2024-08-28": {
					"avg": 12,
					"count": 1,
					"min": 12,
					"max": 12
				}
			},
			"avg": 16,
			"avg7": -1,
			"avg28": -1
		},
		"normal-nearmint": {
			"history": {
				"2024-05-23": {
					"avg": 523,
					"count": 7,
					"min": 523,
					"max": 523
				},
				"2024-05-25": {
					"avg": 39,
					"count": 2,
					"min": 35,
					"max": 43
				},
				"2024-05-29": {
					"avg": 39,
					"count": 1,
					"min": 39,
					"max": 39
				},
				"2024-06-05": {
					"avg": 39,
					"count": 4,
					"min": 39,
					"max": 39
				},
				"2024-06-12": {
					"avg": 39,
					"count": 1,
					"min": 39,
					"max": 39
				},
				"2024-06-17": {
					"avg": 174,
					"count": 1,
					"min": 174,
					"max": 174
				},
				"2024-06-18": {
					"avg": 152,
					"count": 1,
					"min": 152,
					"max": 152
				},
				"2024-06-21": {
					"avg": 29,
					"count": 3,
					"min": 29,
					"max": 29
				},
				"2024-06-22": {
					"avg": 124,
					"count": 1,
					"min": 124,
					"max": 124
				},
				"2024-06-24": {
					"avg": 574,
					"count": 1,
					"min": 574,
					"max": 574
				},
				"2024-07-02": {
					"avg": 55,
					"count": 1,
					"min": 55,
					"max": 55
				},
				"2024-07-08": {
					"avg": 48,
					"count": 1,
					"min": 48,
					"max": 48
				},
				"2024-07-09": {
					"avg": 39,
					"count": 1,
					"min": 39,
					"max": 39
				},
				"2024-07-10": {
					"avg": 55,
					"count": 1,
					"min": 55,
					"max": 55
				},
				"2024-07-12": {
					"avg": 149,
					"count": 1,
					"min": 149,
					"max": 149
				},
				"2024-07-17": {
					"avg": 40,
					"count": 1,
					"min": 40,
					"max": 40
				},
				"2024-07-19": {
					"avg": 55,
					"count": 1,
					"min": 55,
					"max": 55
				},
				"2024-07-20": {
					"avg": 166,
					"count": 1,
					"min": 166,
					"max": 166
				},
				"2024-07-21": {
					"avg": 55,
					"count": 1,
					"min": 55,
					"max": 55
				},
				"2024-07-25": {
					"avg": 43,
					"count": 1,
					"min": 43,
					"max": 43
				},
				"2024-07-29": {
					"avg": 156,
					"count": 1,
					"min": 156,
					"max": 156
				},
				"2024-08-01": {
					"avg": 41,
					"count": 1,
					"min": 41,
					"max": 41
				},
				"2024-08-06": {
					"avg": 108,
					"count": 2,
					"min": 42,
					"max": 174
				},
				"2024-08-09": {
					"avg": 24,
					"count": 1,
					"min": 24,
					"max": 24
				},
				"2024-08-10": {
					"avg": 152,
					"count": 1,
					"min": 152,
					"max": 152
				},
				"2024-08-11": {
					"avg": 138,
					"count": 1,
					"min": 138,
					"max": 138
				},
				"2024-08-16": {
					"avg": 598,
					"count": 1,
					"min": 598,
					"max": 598
				},
				"2024-08-17": {
					"avg": 398,
					"count": 2,
					"min": 298,
					"max": 498
				},
				"2024-08-18": {
					"avg": 49,
					"count": 1,
					"min": 49,
					"max": 49
				},
				"2024-08-19": {
					"avg": 36,
					"count": 1,
					"min": 36,
					"max": 36
				},
				"2024-08-20": {
					"avg": 36,
					"count": 1,
					"min": 36,
					"max": 36
				},
				"2024-08-23": {
					"avg": 25,
					"count": 4,
					"min": 25,
					"max": 25
				},
				"2024-08-25": {
					"avg": 144,
					"count": 1,
					"min": 144,
					"max": 144
				},
				"2024-08-27": {
					"avg": 187,
					"count": 4,
					"min": 36,
					"max": 498
				},
				"2024-08-28": {
					"avg": 148,
					"count": 1,
					"min": 148,
					"max": 148
				},
				"2024-08-30": {
					"avg": 197,
					"count": 1,
					"min": 197,
					"max": 197
				},
				"2024-08-31": {
					"avg": 36,
					"count": 1,
					"min": 36,
					"max": 36
				},
				"2024-09-01": {
					"avg": 172,
					"count": 1,
					"min": 172,
					"max": 172
				},
				"2024-09-22": {
					"avg": 158,
					"count": 1,
					"min": 158,
					"max": 158
				}
			},
			"avg": 165,
			"avg7": -1,
			"avg28": -1
		},
		"normal-used": {
			"history": {
				"2024-06-07": {
					"avg": 14,
					"count": 1,
					"min": 14,
					"max": 14
				},
				"2024-06-27": {
					"avg": 28,
					"count": 1,
					"min": 28,
					"max": 28
				},
				"2024-07-23": {
					"avg": 141,
					"count": 3,
					"min": 141,
					"max": 141
				},
				"2024-07-26": {
					"avg": 38,
					"count": 1,
					"min": 38,
					"max": 38
				},
				"2024-07-31": {
					"avg": 38,
					"count": 1,
					"min": 38,
					"max": 38
				},
				"2024-08-08": {
					"avg": 146,
					"count": 1,
					"min": 146,
					"max": 146
				},
				"2024-08-25": {
					"avg": 13,
					"count": 1,
					"min": 13,
					"max": 13
				},
				"2024-09-22": {
					"avg": 12,
					"count": 1,
					"min": 12,
					"max": 12
				},
				"2024-09-23": {
					"avg": 139,
					"count": 1,
					"min": 139,
					"max": 139
				}
			},
			"avg": 77,
			"avg7": -1,
			"avg28": -1
		}
	}
}