{
	"data": {
		"holo-good": {
			"history": {
				"2022-11-13": {
					"avg": 434,
					"count": 3
				},
				"2022-11-15": {
					"avg": 547,
					"count": 1
				},
				"2022-11-16": {
					"avg": 665,
					"count": 5
				},
				"2022-11-17": {
					"avg": 1198,
					"count": 2
				},
				"2022-11-18": {
					"avg": 195,
					"count": 1
				},
				"2022-11-19": {
					"avg": 491,
					"count": 5,
					"min": 248,
					"max": 900
				},
				"2022-11-20": {
					"avg": 368,
					"count": 1,
					"min": 368,
					"max": 368
				},
				"2022-11-22": {
					"avg": 2198,
					"count": 1,
					"min": 2198,
					"max": 2198
				},
				"2022-11-23": {
					"avg": 732,
					"count": 7,
					"min": 265,
					"max": 981
				},
				"2022-11-24": {
					"avg": 405,
					"count": 3,
					"min": 364,
					"max": 425
				},
				"2022-11-25": {
					"avg": 363,
					"count": 8,
					"min": 195,
					"max": 500
				},
				"2022-11-26": {
					"avg": 290,
					"count": 2,
					"min": 276,
					"max": 304
				},
				"2022-11-27": {
					"avg": 440,
					"count": 3,
					"min": 370,
					"max": 550
				},
				"2022-11-28": {
					"avg": 808,
					"count": 10,
					"min": 308,
					"max": 1497
				},
				"2022-11-29": {
					"avg": 850,
					"count": 2,
					"min": 304,
					"max": 1397
				},
				"2022-11-30": {
					"avg": 733,
					"count": 7,
					"min": 353,
					"max": 1497
				},
				"2022-12-01": {
					"avg": 489,
					"count": 1,
					"min": 489,
					"max": 489
				},
				"2022-12-02": {
					"avg": 603,
					"count": 11,
					"min": 221,
					"max": 1625
				},
				"2022-12-04": {
					"avg": 948,
					"count": 1,
					"min": 948,
					"max": 948
				},
				"2022-12-05": {
					"avg": 403,
					"count": 12,
					"min": 304,
					"max": 499
				},
				"2022-12-06": {
					"avg": 959,
					"count": 1,
					"min": 959,
					"max": 959
				},
				"2022-12-07": {
					"avg": 798,
					"count": 1,
					"min": 798,
					"max": 798
				},
				"2022-12-09": {
					"avg": 474,
					"count": 3,
					"min": 223,
					"max": 599
				},
				"2022-12-10": {
					"avg": 143,
					"count": 1,
					"min": 143,
					"max": 143
				},
				"2022-12-12": {
					"avg": 588,
					"count": 7,
					"min": 339,
					"max": 898
				},
				"2022-12-13": {
					"avg": 638,
					"count": 1,
					"min": 638,
					"max": 638
				},
				"2022-12-14": {
					"avg": 1354,
					"count": 5,
					"min": 897,
					"max": 1625
				},
				"2022-12-15": {
					"avg": 378,
					"count": 1,
					"min": 378,
					"max": 378
				},
				"2022-12-16": {
					"avg": 427,
					"count": 7,
					"min": 200,
					"max": 899
				},
				"2022-12-18": {
					"avg": 649,
					"count": 1,
					"min": 649,
					"max": 649
				},
				"2022-12-20": {
					"avg": 563,
					"count": 1,
					"min": 563,
					"max": 563
				},
				"2022-12-21": {
					"avg": 609,
					"count": 2,
					"min": 319,
					"max": 899
				},
				"2022-12-22": {
					"avg": 588,
					"count": 5,
					"min": 320,
					"max": 899
				},
				"2022-12-25": {
					"avg": 346,
					"count": 6,
					"min": 225,
					"max": 799
				},
				"2022-12-26": {
					"avg": 901,
					"count": 4,
					"min": 298,
					"max": 1604
				},
				"2022-12-27": {
					"avg": 1311,
					"count": 6,
					"min": 546,
					"max": 1625
				},
				"2022-12-28": {
					"avg": 589,
					"count": 1,
					"min": 589,
					"max": 589
				},
				"2022-12-29": {
					"avg": 899,
					"count": 1,
					"min": 899,
					"max": 899
				},
				"2022-12-30": {
					"avg": 559,
					"count": 1,
					"min": 559,
					"max": 559
				},
				"2022-12-31": {
					"avg": 440,
					"count": 2,
					"min": 330,
					"max": 550
				},
				"2023-01-01": {
					"avg": 250,
					"count": 3,
					"min": 250,
					"max": 250
				},
				"2023-01-02": {
					"avg": 516,
					"count": 6,
					"min": 182,
					"max": 949
				},
				"2023-01-03": {
					"avg": 698,
					"count": 3,
					"min": 298,
					"max": 898
				},
				"2023-01-05": {
					"avg": 345,
					"count": 1,
					"min": 345,
					"max": 345
				},
				"2023-01-06": {
					"avg": 673,
					"count": 10,
					"min": 241,
					"max": 1497
				},
				"2023-01-07": {
					"avg": 367,
					"count": 2,
					"min": 309,
					"max": 424
				},
				"2023-01-08": {
					"avg": 389,
					"count": 4,
					"min": 248,
					"max": 590
				},
				"2023-01-09": {
					"avg": 1423,
					"count": 4,
					"min": 1200,
					"max": 1499
				},
				"2023-01-10": {
					"avg": 275,
					"count": 2,
					"min": 251,
					"max": 299
				},
				"2023-01-12": {
					"avg": 1782,
					"count": 6,
					"min": 1500,
					"max": 2217
				},
				"2023-02-06": {
					"avg": 1295,
					"count": 4,
					"min": 250,
					"max": 2197
				},
				"2023-02-07": {
					"avg": 2561,
					"count": 6,
					"min": 1899,
					"max": 4499
				},
				"2023-02-08": {
					"avg": 499,
					"count": 2,
					"min": 399,
					"max": 598
				},
				"2023-02-10": {
					"avg": 1365,
					"count": 2,
					"min": 230,
					"max": 2499
				},
				"2023-02-12": {
					"avg": 455,
					"count": 1,
					"min": 455,
					"max": 455
				},
				"2023-02-13": {
					"avg": 527,
					"count": 4,
					"min": 315,
					"max": 645
				},
				"2023-02-14": {
					"avg": 251,
					"count": 2,
					"min": 180,
					"max": 322
				},
				"2023-02-15": {
					"avg": 808,
					"count": 3,
					"min": 589,
					"max": 1245
				},
				"2023-02-16": {
					"avg": 633,
					"count": 5,
					"min": 399,
					"max": 899
				},
				"2023-02-17": {
					"avg": 414,
					"count": 1,
					"min": 414,
					"max": 414
				},
				"2023-02-18": {
					"avg": 239,
					"count": 1,
					"min": 239,
					"max": 239
				},
				"2023-02-20": {
					"avg": 1132,
					"count": 6,
					"min": 414,
					"max": 2098
				},
				"2023-02-21": {
					"avg": 479,
					"count": 3,
					"min": 248,
					"max": 599
				},
				"2023-02-22": {
					"avg": 182,
					"count": 1,
					"min": 182,
					"max": 182
				},
				"2023-02-23": {
					"avg": 850,
					"count": 2,
					"min": 499,
					"max": 1200
				},
				"2023-02-24": {
					"avg": 559,
					"count": 3,
					"min": 324,
					"max": 766
				},
				"2023-02-26": {
					"avg": 297,
					"count": 4,
					"min": 198,
					"max": 492
				},
				"2023-02-27": {
					"avg": 1098,
					"count": 1,
					"min": 1098,
					"max": 1098
				},
				"2023-03-02": {
					"avg": 120,
					"count": 3,
					"min": 120,
					"max": 120
				},
				"2023-03-03": {
					"avg": 661,
					"count": 2,
					"min": 488,
					"max": 834
				},
				"2023-03-05": {
					"avg": 488,
					"count": 1,
					"min": 488,
					"max": 488
				},
				"2023-03-06": {
					"avg": 807,
					"count": 5,
					"min": 149,
					"max": 1799
				},
				"2023-03-07": {
					"avg": 799,
					"count": 1,
					"min": 799,
					"max": 799
				},
				"2023-03-09": {
					"avg": 350,
					"count": 1,
					"min": 350,
					"max": 350
				},
				"2023-03-10": {
					"avg": 825,
					"count": 6,
					"min": 574,
					"max": 1699
				},
				"2023-03-11": {
					"avg": 680,
					"count": 2,
					"min": 563,
					"max": 797
				},
				"2023-03-13": {
					"avg": 429,
					"count": 1,
					"min": 429,
					"max": 429
				},
				"2023-03-15": {
					"avg": 566,
					"count": 6,
					"min": 248,
					"max": 1195
				},
				"2023-03-16": {
					"avg": 599,
					"count": 3,
					"min": 400,
					"max": 997
				},
				"2023-03-17": {
					"avg": 395,
					"count": 3,
					"min": 248,
					"max": 599
				},
				"2023-03-18": {
					"avg": 429,
					"count": 1,
					"min": 429,
					"max": 429
				},
				"2023-03-20": {
					"avg": 486,
					"count": 3,
					"min": 324,
					"max": 697
				},
				"2023-03-21": {
					"avg": 714,
					"count": 2,
					"min": 540,
					"max": 888
				},
				"2023-03-22": {
					"avg": 350,
					"count": 2,
					"min": 350,
					"max": 350
				},
				"2023-03-24": {
					"avg": 1274,
					"count": 9,
					"min": 333,
					"max": 1902
				},
				"2023-03-25": {
					"avg": 995,
					"count": 1,
					"min": 995,
					"max": 995
				},
				"2023-03-26": {
					"avg": 599,
					"count": 1,
					"min": 599,
					"max": 599
				},
				"2023-03-28": {
					"avg": 420,
					"count": 1,
					"min": 420,
					"max": 420
				},
				"2023-03-29": {
					"avg": 870,
					"count": 1,
					"min": 870,
					"max": 870
				},
				"2023-03-31": {
					"avg": 510,
					"count": 2,
					"min": 500,
					"max": 520
				},
				"2023-04-01": {
					"avg": 187,
					"count": 1,
					"min": 187,
					"max": 187
				},
				"2023-04-02": {
					"avg": 794,
					"count": 1,
					"min": 794,
					"max": 794
				},
				"2023-04-04": {
					"avg": 1139,
					"count": 6,
					"min": 378,
					"max": 1923
				},
				"2023-04-05": {
					"avg": 1427,
					"count": 2,
					"min": 994,
					"max": 1859
				},
				"2023-04-06": {
					"avg": 500,
					"count": 2,
					"min": 500,
					"max": 500
				},
				"2023-04-07": {
					"avg": 500,
					"count": 1,
					"min": 500,
					"max": 500
				},
				"2023-04-08": {
					"avg": 543,
					"count": 2,
					"min": 290,
					"max": 795
				},
				"2023-04-09": {
					"avg": 500,
					"count": 1,
					"min": 500,
					"max": 500
				},
				"2023-04-10": {
					"avg": 1626,
					"count": 4,
					"min": 414,
					"max": 2795
				},
				"2023-04-12": {
					"avg": 898,
					"count": 1,
					"min": 898,
					"max": 898
				},
				"2023-04-13": {
					"avg": 516,
					"count": 9,
					"min": 449,
					"max": 599
				},
				"2023-04-14": {
					"avg": 541,
					"count": 3,
					"min": 397,
					"max": 830
				},
				"2023-04-15": {
					"avg": 257,
					"count": 1,
					"min": 257,
					"max": 257
				},
				"2023-04-16": {
					"avg": 693,
					"count": 3,
					"min": 649,
					"max": 731
				},
				"2023-04-17": {
					"avg": 1296,
					"count": 3,
					"min": 414,
					"max": 2625
				},
				"2023-04-19": {
					"avg": 898,
					"count": 1,
					"min": 898,
					"max": 898
				},
				"2023-04-20": {
					"avg": 592,
					"count": 1,
					"min": 592,
					"max": 592
				},
				"2023-04-21": {
					"avg": 1007,
					"count": 12,
					"min": 599,
					"max": 1774
				},
				"2023-04-22": {
					"avg": 1018,
					"count": 5,
					"min": 149,
					"max": 3149
				},
				"2023-04-23": {
					"avg": 513,
					"count": 2,
					"min": 250,
					"max": 776
				},
				"2023-04-25": {
					"avg": 242,
					"count": 1,
					"min": 242,
					"max": 242
				},
				"2023-04-27": {
					"avg": 251,
					"count": 1,
					"min": 251,
					"max": 251
				},
				"2023-04-30": {
					"avg": 403,
					"count": 3,
					"min": 328,
					"max": 459
				},
				"2023-05-01": {
					"avg": 302,
					"count": 1,
					"min": 302,
					"max": 302
				},
				"2023-05-02": {
					"avg": 499,
					"count": 1,
					"min": 499,
					"max": 499
				},
				"2023-05-03": {
					"avg": 627,
					"count": 2,
					"min": 356,
					"max": 898
				},
				"2023-05-04": {
					"avg": 596,
					"count": 1,
					"min": 596,
					"max": 596
				},
				"2023-05-06": {
					"avg": 499,
					"count": 1,
					"min": 499,
					"max": 499
				},
				"2023-05-07": {
					"avg": 946,
					"count": 3,
					"min": 341,
					"max": 1548
				},
				"2023-05-08": {
					"avg": 634,
					"count": 3,
					"min": 541,
					"max": 765
				},
				"2023-05-11": {
					"avg": 415,
					"count": 3,
					"min": 410,
					"max": 424
				},
				"2023-05-13": {
					"avg": 1264,
					"count": 3,
					"min": 699,
					"max": 1595
				},
				"2023-05-17": {
					"avg": 974,
					"count": 3,
					"min": 286,
					"max": 1895
				},
				"2023-05-18": {
					"avg": 170,
					"count": 1,
					"min": 170,
					"max": 170
				},
				"2023-05-19": {
					"avg": 448,
					"count": 4,
					"min": 321,
					"max": 519
				},
				"2023-05-21": {
					"avg": 624,
					"count": 3,
					"min": 393,
					"max": 740
				},
				"2023-05-22": {
					"avg": 693,
					"count": 2,
					"min": 395,
					"max": 991
				},
				"2023-05-23": {
					"avg": 489,
					"count": 4,
					"min": 268,
					"max": 699
				},
				"2023-05-24": {
					"avg": 1371,
					"count": 6,
					"min": 399,
					"max": 2347
				},
				"2023-05-25": {
					"avg": 427,
					"count": 3,
					"min": 275,
					"max": 507
				},
				"2023-05-27": {
					"avg": 580,
					"count": 1,
					"min": 580,
					"max": 580
				},
				"2023-05-29": {
					"avg": 343,
					"count": 3,
					"min": 250,
					"max": 395
				},
				"2023-05-31": {
					"avg": 790,
					"count": 7,
					"min": 698,
					"max": 1098
				},
				"2023-06-01": {
					"avg": 650,
					"count": 1,
					"min": 650,
					"max": 650
				},
				"2023-06-02": {
					"avg": 1114,
					"count": 11,
					"min": 302,
					"max": 1969
				},
				"2023-06-03": {
					"avg": 865,
					"count": 1,
					"min": 865,
					"max": 865
				},
				"2023-06-05": {
					"avg": 1765,
					"count": 3,
					"min": 1567,
					"max": 2079
				},
				"2023-06-06": {
					"avg": 1279,
					"count": 7,
					"min": 500,
					"max": 3124
				},
				"2023-06-07": {
					"avg": 421,
					"count": 2,
					"min": 296,
					"max": 545
				},
				"2023-06-08": {
					"avg": 597,
					"count": 1,
					"min": 597,
					"max": 597
				},
				"2023-06-12": {
					"avg": 635,
					"count": 2,
					"min": 499,
					"max": 771
				},
				"2023-06-14": {
					"avg": 1838,
					"count": 6,
					"min": 1499,
					"max": 2117
				},
				"2023-06-15": {
					"avg": 707,
					"count": 1,
					"min": 707,
					"max": 707
				},
				"2023-06-16": {
					"avg": 484,
					"count": 2,
					"min": 300,
					"max": 667
				},
				"2023-06-17": {
					"avg": 1896,
					"count": 1,
					"min": 1896,
					"max": 1896
				},
				"2023-06-21": {
					"avg": 1727,
					"count": 2,
					"min": 1495,
					"max": 1959
				},
				"2023-06-22": {
					"avg": 1031,
					"count": 4,
					"min": 383,
					"max": 1495
				},
				"2023-06-23": {
					"avg": 1876,
					"count": 3,
					"min": 1599,
					"max": 2014
				},
				"2023-06-24": {
					"avg": 540,
					"count": 1,
					"min": 540,
					"max": 540
				},
				"2023-06-25": {
					"avg": 814,
					"count": 3,
					"min": 234,
					"max": 1895
				},
				"2023-06-26": {
					"avg": 930,
					"count": 9,
					"min": 328,
					"max": 1724
				},
				"2023-06-27": {
					"avg": 302,
					"count": 2,
					"min": 130,
					"max": 474
				},
				"2023-06-28": {
					"avg": 1076,
					"count": 2,
					"min": 427,
					"max": 1724
				},
				"2023-06-29": {
					"avg": 1421,
					"count": 3,
					"min": 188,
					"max": 2075
				},
				"2023-06-30": {
					"avg": 966,
					"count": 4,
					"min": 574,
					"max": 1999
				},
				"2023-07-01": {
					"avg": 429,
					"count": 1,
					"min": 429,
					"max": 429
				},
				"2023-07-02": {
					"avg": 511,
					"count": 3,
					"min": 387,
					"max": 695
				},
				"2023-07-03": {
					"avg": 444,
					"count": 2,
					"min": 388,
					"max": 499
				},
				"2023-07-04": {
					"avg": 315,
					"count": 1,
					"min": 315,
					"max": 315
				},
				"2023-07-06": {
					"avg": 746,
					"count": 6,
					"min": 227,
					"max": 2498
				},
				"2023-07-07": {
					"avg": 788,
					"count": 1,
					"min": 788,
					"max": 788
				},
				"2023-07-08": {
					"avg": 3307,
					"count": 2,
					"min": 3099,
					"max": 3514
				},
				"2023-07-09": {
					"avg": 481,
					"count": 5,
					"min": 390,
					"max": 598
				},
				"2023-07-10": {
					"avg": 755,
					"count": 13,
					"min": 418,
					"max": 1899
				},
				"2023-07-11": {
					"avg": 469,
					"count": 2,
					"min": 459,
					"max": 478
				},
				"2023-07-13": {
					"avg": 597,
					"count": 1,
					"min": 597,
					"max": 597
				},
				"2023-07-15": {
					"avg": 602,
					"count": 4,
					"min": 210,
					"max": 1099
				},
				"2023-07-16": {
					"avg": 528,
					"count": 4,
					"min": 149,
					"max": 749
				},
				"2023-07-18": {
					"avg": 152,
					"count": 1,
					"min": 152,
					"max": 152
				},
				"2023-07-20": {
					"avg": 324,
					"count": 1,
					"min": 324,
					"max": 324
				},
				"2023-07-21": {
					"avg": 968,
					"count": 2,
					"min": 858,
					"max": 1079
				},
				"2023-07-22": {
					"avg": 512,
					"count": 4,
					"min": 275,
					"max": 683
				},
				"2023-07-23": {
					"avg": 388,
					"count": 1,
					"min": 388,
					"max": 388
				},
				"2023-07-24": {
					"avg": 713,
					"count": 5,
					"min": 636,
					"max": 744
				},
				"2023-07-25": {
					"avg": 999,
					"count": 1,
					"min": 999,
					"max": 999
				},
				"2023-07-27": {
					"avg": 587,
					"count": 3,
					"min": 374,
					"max": 988
				},
				"2023-07-30": {
					"avg": 573,
					"count": 2,
					"min": 499,
					"max": 647
				},
				"2023-07-31": {
					"avg": 691,
					"count": 2,
					"min": 658,
					"max": 723
				},
				"2023-08-01": {
					"avg": 999,
					"count": 1,
					"min": 999,
					"max": 999
				},
				"2023-08-02": {
					"avg": 299,
					"count": 1,
					"min": 299,
					"max": 299
				},
				"2023-08-03": {
					"avg": 457,
					"count": 5,
					"min": 300,
					"max": 765
				},
				"2023-08-04": {
					"avg": 582,
					"count": 9,
					"min": 441,
					"max": 690
				},
				"2023-08-06": {
					"avg": 1044,
					"count": 2,
					"min": 290,
					"max": 1799
				},
				"2023-08-07": {
					"avg": 395,
					"count": 2,
					"min": 395,
					"max": 395
				},
				"2023-08-10": {
					"avg": 446,
					"count": 8,
					"min": 274,
					"max": 769
				},
				"2023-08-11": {
					"avg": 550,
					"count": 1,
					"min": 550,
					"max": 550
				},
				"2023-08-12": {
					"avg": 483,
					"count": 3,
					"min": 250,
					"max": 600
				},
				"2023-08-14": {
					"avg": 506,
					"count": 7,
					"min": 349,
					"max": 1399
				},
				"2023-08-15": {
					"avg": 721,
					"count": 5,
					"min": 273,
					"max": 1399
				},
				"2023-08-17": {
					"avg": 668,
					"count": 12,
					"min": 384,
					"max": 1099
				},
				"2023-08-18": {
					"avg": 539,
					"count": 3,
					"min": 360,
					"max": 791
				},
				"2023-08-19": {
					"avg": 710,
					"count": 2,
					"min": 422,
					"max": 998
				},
				"2023-08-23": {
					"avg": 498,
					"count": 2,
					"min": 198,
					"max": 799
				},
				"2023-08-24": {
					"avg": 1449,
					"count": 2,
					"min": 1399,
					"max": 1499
				},
				"2023-08-27": {
					"avg": 629,
					"count": 4,
					"min": 200,
					"max": 1395
				},
				"2023-08-28": {
					"avg": 1190,
					"count": 1,
					"min": 1190,
					"max": 1190
				},
				"2023-08-29": {
					"avg": 673,
					"count": 2,
					"min": 598,
					"max": 748
				},
				"2023-08-30": {
					"avg": 316,
					"count": 1,
					"min": 316,
					"max": 316
				},
				"2023-08-31": {
					"avg": 299,
					"count": 1,
					"min": 299,
					"max": 299
				},
				"2023-09-01": {
					"avg": 443,
					"count": 3,
					"min": 405,
					"max": 499
				},
				"2023-09-02": {
					"avg": 649,
					"count": 1,
					"min": 649,
					"max": 649
				},
				"2023-09-04": {
					"avg": 496,
					"count": 1,
					"min": 496,
					"max": 496
				},
				"2023-09-05": {
					"avg": 408,
					"count": 9,
					"min": 334,
					"max": 650
				},
				"2023-09-07": {
					"avg": 517,
					"count": 2,
					"min": 400,
					"max": 633
				},
				"2023-09-08": {
					"avg": 451,
					"count": 5,
					"min": 377,
					"max": 500
				},
				"2023-09-09": {
					"avg": 335,
					"count": 2,
					"min": 296,
					"max": 374
				},
				"2023-09-10": {
					"avg": 693,
					"count": 5,
					"min": 374,
					"max": 1595
				},
				"2023-09-11": {
					"avg": 374,
					"count": 1,
					"min": 374,
					"max": 374
				},
				"2023-09-12": {
					"avg": 659,
					"count": 4,
					"min": 309,
					"max": 1197
				},
				"2023-09-14": {
					"avg": 553,
					"count": 4,
					"min": 394,
					"max": 630
				},
				"2023-09-15": {
					"avg": 685,
					"count": 3,
					"min": 664,
					"max": 698
				},
				"2023-09-16": {
					"avg": 390,
					"count": 1,
					"min": 390,
					"max": 390
				},
				"2023-09-17": {
					"avg": 558,
					"count": 9,
					"min": 258,
					"max": 1500
				},
				"2023-09-19": {
					"avg": 596,
					"count": 3,
					"min": 531,
					"max": 628
				},
				"2023-09-21": {
					"avg": 453,
					"count": 1,
					"min": 453,
					"max": 453
				},
				"2023-09-22": {
					"avg": 265,
					"count": 1,
					"min": 265,
					"max": 265
				},
				"2023-09-23": {
					"avg": 531,
					"count": 3,
					"min": 399,
					"max": 599
				},
				"2023-09-25": {
					"avg": 515,
					"count": 2,
					"min": 390,
					"max": 639
				},
				"2023-09-26": {
					"avg": 622,
					"count": 6,
					"min": 398,
					"max": 998
				},
				"2023-09-28": {
					"avg": 975,
					"count": 1,
					"min": 975,
					"max": 975
				},
				"2023-09-30": {
					"avg": 359,
					"count": 3,
					"min": 200,
					"max": 491
				},
				"2023-10-01": {
					"avg": 299,
					"count": 2,
					"min": 248,
					"max": 349
				},
				"2023-10-02": {
					"avg": 503,
					"count": 5,
					"min": 395,
					"max": 585
				},
				"2023-10-03": {
					"avg": 420,
					"count": 1,
					"min": 420,
					"max": 420
				},
				"2023-10-04": {
					"avg": 341,
					"count": 4,
					"min": 255,
					"max": 598
				},
				"2023-10-05": {
					"avg": 1123,
					"count": 2,
					"min": 495,
					"max": 1750
				},
				"2023-10-06": {
					"avg": 622,
					"count": 1,
					"min": 622,
					"max": 622
				},
				"2023-10-07": {
					"avg": 497,
					"count": 2,
					"min": 495,
					"max": 500
				},
				"2023-10-08": {
					"avg": 611,
					"count": 2,
					"min": 600,
					"max": 622
				},
				"2023-10-09": {
					"avg": 497,
					"count": 2,
					"min": 370,
					"max": 623
				},
				"2023-10-10": {
					"avg": 599,
					"count": 1,
					"min": 599,
					"max": 599
				},
				"2023-10-11": {
					"avg": 598,
					"count": 2,
					"min": 298,
					"max": 898
				},
				"2023-10-12": {
					"avg": 999,
					"count": 1,
					"min": 999,
					"max": 999
				},
				"2023-10-16": {
					"avg": 623,
					"count": 11,
					"min": 298,
					"max": 961
				},
				"2023-10-17": {
					"avg": 798,
					"count": 1,
					"min": 798,
					"max": 798
				},
				"2023-10-21": {
					"avg": 348,
					"count": 2,
					"min": 337,
					"max": 359
				},
				"2023-10-22": {
					"avg": 297,
					"count": 8,
					"min": 255,
					"max": 314
				},
				"2023-10-23": {
					"avg": 494,
					"count": 2,
					"min": 399,
					"max": 589
				},
				"2023-10-24": {
					"avg": 533,
					"count": 3,
					"min": 500,
					"max": 600
				},
				"2023-10-25": {
					"avg": 499,
					"count": 7,
					"min": 300,
					"max": 598
				},
				"2023-10-26": {
					"avg": 710,
					"count": 3,
					"min": 500,
					"max": 1029
				},
				"2023-10-27": {
					"avg": 507,
					"count": 7,
					"min": 299,
					"max": 1098
				},
				"2023-10-28": {
					"avg": 449,
					"count": 3,
					"min": 250,
					"max": 799
				},
				"2023-10-29": {
					"avg": 699,
					"count": 1,
					"min": 699,
					"max": 699
				},
				"2023-10-30": {
					"avg": 488,
					"count": 2,
					"min": 399,
					"max": 576
				},
				"2023-10-31": {
					"avg": 647,
					"count": 5,
					"min": 534,
					"max": 961
				},
				"2023-11-01": {
					"avg": 294,
					"count": 2,
					"min": 268,
					"max": 320
				},
				"2023-11-02": {
					"avg": 412,
					"count": 3,
					"min": 320,
					"max": 597
				},
				"2023-11-03": {
					"avg": 499,
					"count": 1,
					"min": 499,
					"max": 499
				},
				"2023-11-04": {
					"avg": 503,
					"count": 2,
					"min": 498,
					"max": 508
				},
				"2023-11-06": {
					"avg": 667,
					"count": 8,
					"min": 499,
					"max": 899
				},
				"2023-11-07": {
					"avg": 299,
					"count": 1,
					"min": 299,
					"max": 299
				},
				"2023-11-08": {
					"avg": 504,
					"count": 1,
					"min": 504,
					"max": 504
				},
				"2023-11-11": {
					"avg": 750,
					"count": 1,
					"min": 750,
					"max": 750
				},
				"2023-11-12": {
					"avg": 405,
					"count": 2,
					"min": 359,
					"max": 450
				},
				"2023-11-13": {
					"avg": 624,
					"count": 3,
					"min": 365,
					"max": 1048
				},
				"2023-11-14": {
					"avg": 409,
					"count": 2,
					"min": 360,
					"max": 458
				},
				"2023-11-15": {
					"avg": 358,
					"count": 2,
					"min": 295,
					"max": 420
				},
				"2023-11-17": {
					"avg": 791,
					"count": 5,
					"min": 399,
					"max": 1064
				},
				"2023-11-18": {
					"avg": 475,
					"count": 5,
					"min": 399,
					"max": 542
				},
				"2023-11-19": {
					"avg": 1496,
					"count": 1,
					"min": 1496,
					"max": 1496
				},
				"2023-11-20": {
					"avg": 435,
					"count": 2,
					"min": 395,
					"max": 474
				},
				"2023-11-21": {
					"avg": 371,
					"count": 2,
					"min": 347,
					"max": 395
				},
				"2023-11-22": {
					"avg": 448,
					"count": 2,
					"min": 299,
					"max": 597
				},
				"2023-11-23": {
					"avg": 511,
					"count": 2,
					"min": 474,
					"max": 548
				},
				"2023-11-24": {
					"avg": 530,
					"count": 24,
					"min": 244,
					"max": 724
				},
				"2023-11-25": {
					"avg": 457,
					"count": 5,
					"min": 396,
					"max": 503
				},
				"2023-11-26": {
					"avg": 480,
					"count": 3,
					"min": 294,
					"max": 649
				},
				"2023-11-27": {
					"avg": 686,
					"count": 4,
					"min": 595,
					"max": 899
				},
				"2024-05-16": {
					"avg": 642,
					"count": 2,
					"min": 485,
					"max": 799
				},
				"2024-05-17": {
					"avg": 557,
					"count": 8,
					"min": 275,
					"max": 790
				},
				"2024-05-18": {
					"avg": 582,
					"count": 7,
					"min": 250,
					"max": 1084
				},
				"2024-05-19": {
					"avg": 1258,
					"count": 1,
					"min": 1258,
					"max": 1258
				},
				"2024-05-22": {
					"avg": 561,
					"count": 2,
					"min": 389,
					"max": 732
				},
				"2024-05-23": {
					"avg": 453,
					"count": 3,
					"min": 385,
					"max": 563
				},
				"2024-05-24": {
					"avg": 486,
					"count": 2,
					"min": 486,
					"max": 486
				},
				"2024-05-26": {
					"avg": 473,
					"count": 1,
					"min": 473,
					"max": 473
				},
				"2024-05-29": {
					"avg": 932,
					"count": 2,
					"min": 507,
					"max": 1357
				},
				"2024-05-30": {
					"avg": 666,
					"count": 1,
					"min": 666,
					"max": 666
				},
				"2024-06-02": {
					"avg": 502,
					"count": 1,
					"min": 502,
					"max": 502
				},
				"2024-06-03": {
					"avg": 474,
					"count": 1,
					"min": 474,
					"max": 474
				},
				"2024-06-04": {
					"avg": 500,
					"count": 1,
					"min": 500,
					"max": 500
				},
				"2024-06-05": {
					"avg": 378,
					"count": 1,
					"min": 378,
					"max": 378
				},
				"2024-06-06": {
					"avg": 375,
					"count": 1,
					"min": 375,
					"max": 375
				},
				"2024-06-08": {
					"avg": 469,
					"count": 1,
					"min": 469,
					"max": 469
				},
				"2024-06-11": {
					"avg": 484,
					"count": 5,
					"min": 469,
					"max": 507
				},
				"2024-06-12": {
					"avg": 514,
					"count": 6,
					"min": 453,
					"max": 559
				},
				"2024-06-17": {
					"avg": 468,
					"count": 1,
					"min": 468,
					"max": 468
				},
				"2024-06-18": {
					"avg": 558,
					"count": 1,
					"min": 558,
					"max": 558
				},
				"2024-06-20": {
					"avg": 512,
					"count": 1,
					"min": 512,
					"max": 512
				},
				"2024-06-22": {
					"avg": 590,
					"count": 1,
					"min": 590,
					"max": 590
				},
				"2024-06-24": {
					"avg": 484,
					"count": 4,
					"min": 390,
					"max": 519
				},
				"2024-06-25": {
					"avg": 724,
					"count": 2,
					"min": 400,
					"max": 1048
				},
				"2024-06-28": {
					"avg": 598,
					"count": 1,
					"min": 598,
					"max": 598
				},
				"2024-06-30": {
					"avg": 466,
					"count": 3,
					"min": 399,
					"max": 500
				},
				"2024-07-03": {
					"avg": 669,
					"count": 2,
					"min": 525,
					"max": 812
				},
				"2024-07-07": {
					"avg": 414,
					"count": 3,
					"min": 414,
					"max": 414
				},
				"2024-07-08": {
					"avg": 897,
					"count": 1,
					"min": 897,
					"max": 897
				},
				"2024-07-10": {
					"avg": 500,
					"count": 1,
					"min": 500,
					"max": 500
				},
				"2024-07-11": {
					"avg": 1197,
					"count": 2,
					"min": 499,
					"max": 1894
				},
				"2024-07-12": {
					"avg": 459,
					"count": 3,
					"min": 399,
					"max": 556
				},
				"2024-07-15": {
					"avg": 474,
					"count": 1,
					"min": 474,
					"max": 474
				},
				"2024-07-16": {
					"avg": 570,
					"count": 1,
					"min": 570,
					"max": 570
				},
				"2024-07-17": {
					"avg": 961,
					"count": 2,
					"min": 849,
					"max": 1072
				},
				"2024-07-18": {
					"avg": 494,
					"count": 1,
					"min": 494,
					"max": 494
				},
				"2024-07-19": {
					"avg": 1044,
					"count": 2,
					"min": 394,
					"max": 1694
				},
				"2024-07-20": {
					"avg": 494,
					"count": 1,
					"min": 494,
					"max": 494
				},
				"2024-07-22": {
					"avg": 724,
					"count": 1,
					"min": 724,
					"max": 724
				},
				"2024-07-28": {
					"avg": 390,
					"count": 1,
					"min": 390,
					"max": 390
				},
				"2024-07-29": {
					"avg": 596,
					"count": 4,
					"min": 393,
					"max": 972
				},
				"2024-08-01": {
					"avg": 399,
					"count": 1,
					"min": 399,
					"max": 399
				},
				"2024-08-04": {
					"avg": 1020,
					"count": 3,
					"min": 399,
					"max": 2137
				},
				"2024-08-05": {
					"avg": 590,
					"count": 6,
					"min": 462,
					"max": 699
				},
				"2024-08-07": {
					"avg": 449,
					"count": 1,
					"min": 449,
					"max": 449
				},
				"2024-08-10": {
					"avg": 490,
					"count": 1,
					"min": 490,
					"max": 490
				},
				"2024-08-11": {
					"avg": 595,
					"count": 3,
					"min": 479,
					"max": 795
				},
				"2024-08-12": {
					"avg": 882,
					"count": 2,
					"min": 571,
					"max": 1192
				},
				"2024-08-14": {
					"avg": 899,
					"count": 1,
					"min": 899,
					"max": 899
				},
				"2024-08-16": {
					"avg": 1593,
					"count": 1,
					"min": 1593,
					"max": 1593
				},
				"2024-08-19": {
					"avg": 516,
					"count": 1,
					"min": 516,
					"max": 516
				},
				"2024-08-20": {
					"avg": 648,
					"count": 3,
					"min": 648,
					"max": 648
				},
				"2024-08-21": {
					"avg": 526,
					"count": 4,
					"min": 508,
					"max": 568
				},
				"2024-08-22": {
					"avg": 510,
					"count": 1,
					"min": 510,
					"max": 510
				},
				"2024-08-24": {
					"avg": 532,
					"count": 1,
					"min": 532,
					"max": 532
				},
				"2024-08-25": {
					"avg": 849,
					"count": 1,
					"min": 849,
					"max": 849
				},
				"2024-08-28": {
					"avg": 631,
					"count": 4,
					"min": 599,
					"max": 659
				},
				"2024-08-31": {
					"avg": 626,
					"count": 1,
					"min": 626,
					"max": 626
				},
				"2024-09-02": {
					"avg": 552,
					"count": 2,
					"min": 552,
					"max": 552
				},
				"2024-09-03": {
					"avg": 625,
					"count": 1,
					"min": 625,
					"max": 625
				},
				"2024-09-09": {
					"avg": 898,
					"count": 1,
					"min": 898,
					"max": 898
				},
				"2024-09-10": {
					"avg": 461,
					"count": 1,
					"min": 461,
					"max": 461
				},
				"2024-09-11": {
					"avg": 647,
					"count": 3,
					"min": 563,
					"max": 707
				},
				"2024-09-12": {
					"avg": 561,
					"count": 4,
					"min": 527,
					"max": 588
				},
				"2024-09-14": {
					"avg": 850,
					"count": 2,
					"min": 651,
					"max": 1048
				},
				"2024-09-15": {
					"avg": 623,
					"count": 2,
					"min": 583,
					"max": 662
				},
				"2024-09-18": {
					"avg": 721,
					"count": 2,
					"min": 676,
					"max": 766
				},
				"2024-09-20": {
					"avg": 700,
					"count": 1,
					"min": 700,
					"max": 700
				}
			},
			"avg": 692,
			"avg7": 610,
			"avg28": 610
		},
		"holo-played": {
			"history": {
				"2024-05-24": {
					"avg": 300,
					"count": 1,
					"min": 300,
					"max": 300
				},
				"2024-05-26": {
					"avg": 325,
					"count": 1,
					"min": 325,
					"max": 325
				},
				"2024-05-31": {
					"avg": 325,
					"count": 11,
					"min": 325,
					"max": 325
				},
				"2024-06-01": {
					"avg": 408,
					"count": 2,
					"min": 396,
					"max": 419
				},
				"2024-06-02": {
					"avg": 374,
					"count": 2,
					"min": 325,
					"max": 423
				},
				"2024-06-11": {
					"avg": 437,
					"count": 1,
					"min": 437,
					"max": 437
				},
				"2024-06-12": {
					"avg": 450,
					"count": 1,
					"min": 450,
					"max": 450
				},
				"2024-06-13": {
					"avg": 366,
					"count": 3,
					"min": 300,
					"max": 399
				},
				"2024-06-18": {
					"avg": 396,
					"count": 2,
					"min": 393,
					"max": 399
				},
				"2024-06-20": {
					"avg": 412,
					"count": 3,
					"min": 394,
					"max": 444
				},
				"2024-06-21": {
					"avg": 417,
					"count": 1,
					"min": 417,
					"max": 417
				},
				"2024-06-22": {
					"avg": 740,
					"count": 2,
					"min": 700,
					"max": 780
				},
				"2024-07-01": {
					"avg": 295,
					"count": 1,
					"min": 295,
					"max": 295
				},
				"2024-07-04": {
					"avg": 417,
					"count": 1,
					"min": 417,
					"max": 417
				},
				"2024-07-06": {
					"avg": 295,
					"count": 1,
					"min": 295,
					"max": 295
				},
				"2024-07-09": {
					"avg": 354,
					"count": 1,
					"min": 354,
					"max": 354
				},
				"2024-07-11": {
					"avg": 377,
					"count": 4,
					"min": 295,
					"max": 417
				},
				"2024-07-13": {
					"avg": 325,
					"count": 1,
					"min": 325,
					"max": 325
				},
				"2024-07-15": {
					"avg": 451,
					"count": 1,
					"min": 451,
					"max": 451
				},
				"2024-07-17": {
					"avg": 539,
					"count": 3,
					"min": 365,
					"max": 855
				},
				"2024-07-18": {
					"avg": 389,
					"count": 1,
					"min": 389,
					"max": 389
				},
				"2024-07-19": {
					"avg": 512,
					"count": 3,
					"min": 394,
					"max": 720
				},
				"2024-07-20": {
					"avg": 314,
					"count": 2,
					"min": 294,
					"max": 334
				},
				"2024-07-22": {
					"avg": 392,
					"count": 1,
					"min": 392,
					"max": 392
				},
				"2024-07-23": {
					"avg": 404,
					"count": 5,
					"min": 394,
					"max": 419
				},
				"2024-07-25": {
					"avg": 581,
					"count": 1,
					"min": 581,
					"max": 581
				},
				"2024-07-27": {
					"avg": 458,
					"count": 2,
					"min": 458,
					"max": 458
				},
				"2024-07-31": {
					"avg": 685,
					"count": 3,
					"min": 524,
					"max": 924
				},
				"2024-08-02": {
					"avg": 392,
					"count": 1,
					"min": 392,
					"max": 392
				},
				"2024-08-05": {
					"avg": 336,
					"count": 4,
					"min": 298,
					"max": 397
				},
				"2024-08-06": {
					"avg": 489,
					"count": 2,
					"min": 399,
					"max": 579
				},
				"2024-08-10": {
					"avg": 355,
					"count": 2,
					"min": 289,
					"max": 420
				},
				"2024-08-11": {
					"avg": 442,
					"count": 2,
					"min": 281,
					"max": 602
				},
				"2024-08-14": {
					"avg": 441,
					"count": 3,
					"min": 374,
					"max": 475
				},
				"2024-08-18": {
					"avg": 299,
					"count": 1,
					"min": 299,
					"max": 299
				},
				"2024-08-19": {
					"avg": 420,
					"count": 1,
					"min": 420,
					"max": 420
				},
				"2024-08-21": {
					"avg": 497,
					"count": 1,
					"min": 497,
					"max": 497
				},
				"2024-08-22": {
					"avg": 495,
					"count": 9,
					"min": 370,
					"max": 1394
				},
				"2024-08-23": {
					"avg": 689,
					"count": 3,
					"min": 482,
					"max": 793
				},
				"2024-08-25": {
					"avg": 355,
					"count": 1,
					"min": 355,
					"max": 355
				},
				"2024-08-29": {
					"avg": 454,
					"count": 1,
					"min": 454,
					"max": 454
				},
				"2024-08-30": {
					"avg": 356,
					"count": 1,
					"min": 356,
					"max": 356
				},
				"2024-08-31": {
					"avg": 399,
					"count": 1,
					"min": 399,
					"max": 399
				},
				"2024-09-01": {
					"avg": 352,
					"count": 1,
					"min": 352,
					"max": 352
				},
				"2024-09-02": {
					"avg": 369,
					"count": 2,
					"min": 352,
					"max": 385
				},
				"2024-09-03": {
					"avg": 454,
					"count": 1,
					"min": 454,
					"max": 454
				},
				"2024-09-04": {
					"avg": 471,
					"count": 1,
					"min": 471,
					"max": 471
				},
				"2024-09-05": {
					"avg": 521,
					"count": 1,
					"min": 521,
					"max": 521
				},
				"2024-09-07": {
					"avg": 443,
					"count": 6,
					"min": 346,
					"max": 545
				},
				"2024-09-11": {
					"avg": 535,
					"count": 5,
					"min": 402,
					"max": 627
				},
				"2024-09-12": {
					"avg": 386,
					"count": 2,
					"min": 300,
					"max": 472
				},
				"2024-09-13": {
					"avg": 482,
					"count": 1,
					"min": 482,
					"max": 482
				},
				"2024-09-14": {
					"avg": 275,
					"count": 1,
					"min": 275,
					"max": 275
				},
				"2024-09-16": {
					"avg": 659,
					"count": 2,
					"min": 573,
					"max": 744
				},
				"2024-09-17": {
					"avg": 482,
					"count": 2,
					"min": 482,
					"max": 482
				},
				"2024-09-18": {
					"avg": 637,
					"count": 3,
					"min": 482,
					"max": 823
				},
				"2024-09-19": {
					"avg": 271,
					"count": 1,
					"min": 271,
					"max": 271
				},
				"2024-09-20": {
					"avg": 398,
					"count": 1,
					"min": 398,
					"max": 398
				},
				"2024-09-22": {
					"avg": 482,
					"count": 2,
					"min": 482,
					"max": 482
				}
			},
			"avg": 441,
			"avg7": -1,
			"avg28": -1
		},
		"holo-used": {
			"history": {
				"2024-05-26": {
					"avg": 1294,
					"count": 1,
					"min": 1294,
					"max": 1294
				},
				"2024-05-29": {
					"avg": 275,
					"count": 3,
					"min": 275,
					"max": 275
				},
				"2024-06-01": {
					"avg": 321,
					"count": 1,
					"min": 321,
					"max": 321
				},
				"2024-06-10": {
					"avg": 412,
					"count": 1,
					"min": 412,
					"max": 412
				},
				"2024-06-18": {
					"avg": 350,
					"count": 1,
					"min": 350,
					"max": 350
				},
				"2024-06-25": {
					"avg": 382,
					"count": 1,
					"min": 382,
					"max": 382
				},
				"2024-06-26": {
					"avg": 350,
					"count": 1,
					"min": 350,
					"max": 350
				},
				"2024-06-27": {
					"avg": 365,
					"count": 1,
					"min": 365,
					"max": 365
				},
				"2024-07-18": {
					"avg": 348,
					"count": 3,
					"min": 348,
					"max": 348
				},
				"2024-07-20": {
					"avg": 300,
					"count": 1,
					"min": 300,
					"max": 300
				},
				"2024-07-26": {
					"avg": 370,
					"count": 3,
					"min": 279,
					"max": 415
				},
				"2024-07-29": {
					"avg": 295,
					"count": 1,
					"min": 295,
					"max": 295
				},
				"2024-08-05": {
					"avg": 408,
					"count": 2,
					"min": 358,
					"max": 457
				},
				"2024-08-13": {
					"avg": 278,
					"count": 1,
					"min": 278,
					"max": 278
				},
				"2024-08-14": {
					"avg": 693,
					"count": 2,
					"min": 349,
					"max": 1037
				},
				"2024-08-19": {
					"avg": 405,
					"count": 1,
					"min": 405,
					"max": 405
				},
				"2024-08-26": {
					"avg": 288,
					"count": 1,
					"min": 288,
					"max": 288
				},
				"2024-08-28": {
					"avg": 377,
					"count": 1,
					"min": 377,
					"max": 377
				},
				"2024-08-30": {
					"avg": 777,
					"count": 1,
					"min": 777,
					"max": 777
				},
				"2024-09-01": {
					"avg": 377,
					"count": 1,
					"min": 377,
					"max": 377
				},
				"2024-09-02": {
					"avg": 300,
					"count": 1,
					"min": 300,
					"max": 300
				},
				"2024-09-07": {
					"avg": 350,
					"count": 1,
					"min": 350,
					"max": 350
				},
				"2024-09-08": {
					"avg": 1037,
					"count": 1,
					"min": 1037,
					"max": 1037
				},
				"2024-09-11": {
					"avg": 377,
					"count": 1,
					"min": 377,
					"max": 377
				},
				"2024-09-16": {
					"avg": 350,
					"count": 3,
					"min": 350,
					"max": 350
				},
				"2024-09-22": {
					"avg": 337,
					"count": 2,
					"min": 326,
					"max": 348
				},
				"2024-09-23": {
					"avg": 327,
					"count": 1,
					"min": 327,
					"max": 327
				}
			},
			"avg": 418,
			"avg7": -1,
			"avg28": -1
		},
		"holo-poor": {
			"history": {
				"2024-05-26": {
					"avg": 701,
					"count": 5,
					"min": 371,
					"max": 1194
				},
				"2024-06-07": {
					"avg": 371,
					"count": 2,
					"min": 359,
					"max": 382
				},
				"2024-06-10": {
					"avg": 300,
					"count": 1,
					"min": 300,
					"max": 300
				},
				"2024-06-15": {
					"avg": 397,
					"count": 1,
					"min": 397,
					"max": 397
				},
				"2024-06-24": {
					"avg": 397,
					"count": 1,
					"min": 397,
					"max": 397
				},
				"2024-06-30": {
					"avg": 332,
					"count": 2,
					"min": 292,
					"max": 371
				},
				"2024-07-01": {
					"avg": 936,
					"count": 1,
					"min": 936,
					"max": 936
				},
				"2024-07-05": {
					"avg": 292,
					"count": 1,
					"min": 292,
					"max": 292
				},
				"2024-07-10": {
					"avg": 359,
					"count": 5,
					"min": 300,
					"max": 414
				},
				"2024-07-14": {
					"avg": 396,
					"count": 1,
					"min": 396,
					"max": 396
				},
				"2024-07-16": {
					"avg": 325,
					"count": 4,
					"min": 290,
					"max": 398
				},
				"2024-07-19": {
					"avg": 290,
					"count": 1,
					"min": 290,
					"max": 290
				},
				"2024-08-01": {
					"avg": 269,
					"count": 2,
					"min": 206,
					"max": 332
				},
				"2024-08-02": {
					"avg": 327,
					"count": 1,
					"min": 327,
					"max": 327
				},
				"2024-08-05": {
					"avg": 443,
					"count": 2,
					"min": 408,
					"max": 477
				},
				"2024-08-11": {
					"avg": 285,
					"count": 1,
					"min": 285,
					"max": 285
				},
				"2024-08-14": {
					"avg": 395,
					"count": 1,
					"min": 395,
					"max": 395
				},
				"2024-08-19": {
					"avg": 387,
					"count": 1,
					"min": 387,
					"max": 387
				},
				"2024-08-26": {
					"avg": 342,
					"count": 2,
					"min": 328,
					"max": 356
				},
				"2024-08-30": {
					"avg": 269,
					"count": 1,
					"min": 269,
					"max": 269
				},
				"2024-09-02": {
					"avg": 288,
					"count": 9,
					"min": 285,
					"max": 299
				},
				"2024-09-03": {
					"avg": 313,
					"count": 4,
					"min": 285,
					"max": 395
				},
				"2024-09-07": {
					"avg": 285,
					"count": 14,
					"min": 285,
					"max": 285
				},
				"2024-09-11": {
					"avg": 285,
					"count": 1,
					"min": 285,
					"max": 285
				},
				"2024-09-15": {
					"avg": 408,
					"count": 1,
					"min": 408,
					"max": 408
				},
				"2024-09-18": {
					"avg": 417,
					"count": 1,
					"min": 417,
					"max": 417
				},
				"2024-09-19": {
					"avg": 299,
					"count": 1,
					"min": 299,
					"max": 299
				}
			},
			"avg": 359,
			"avg7": -1,
			"avg28": -1
		},
		"holo-nearmint": {
			"history": {
				"2024-05-31": {
					"avg": 774,
					"count": 1,
					"min": 774,
					"max": 774
				},
				"2024-06-04": {
					"avg": 730,
					"count": 1,
					"min": 730,
					"max": 730
				},
				"2024-06-07": {
					"avg": 774,
					"count": 1,
					"min": 774,
					"max": 774
				},
				"2024-06-10": {
					"avg": 822,
					"count": 1,
					"min": 822,
					"max": 822
				},
				"2024-06-11": {
					"avg": 822,
					"count": 1,
					"min": 822,
					"max": 822
				},
				"2024-06-15": {
					"avg": 731,
					"count": 1,
					"min": 731,
					"max": 731
				},
				"2024-07-02": {
					"avg": 552,
					"count": 1,
					"min": 552,
					"max": 552
				},
				"2024-07-03": {
					"avg": 561,
					"count": 5,
					"min": 530,
					"max": 607
				},
				"2024-07-06": {
					"avg": 649,
					"count": 2,
					"min": 599,
					"max": 699
				},
				"2024-07-07": {
					"avg": 699,
					"count": 1,
					"min": 699,
					"max": 699
				},
				"2024-07-11": {
					"avg": 699,
					"count": 1,
					"min": 699,
					"max": 699
				},
				"2024-07-12": {
					"avg": 834,
					"count": 4,
					"min": 677,
					"max": 995
				},
				"2024-07-14": {
					"avg": 650,
					"count": 1,
					"min": 650,
					"max": 650
				},
				"2024-07-15": {
					"avg": 2997,
					"count": 1,
					"min": 2997,
					"max": 2997
				},
				"2024-07-19": {
					"avg": 1050,
					"count": 1,
					"min": 1050,
					"max": 1050
				},
				"2024-07-23": {
					"avg": 677,
					"count": 1,
					"min": 677,
					"max": 677
				},
				"2024-07-25": {
					"avg": 739,
					"count": 1,
					"min": 739,
					"max": 739
				},
				"2024-07-29": {
					"avg": 871,
					"count": 1,
					"min": 871,
					"max": 871
				},
				"2024-08-02": {
					"avg": 784,
					"count": 1,
					"min": 784,
					"max": 784
				},
				"2024-08-03": {
					"avg": 732,
					"count": 1,
					"min": 732,
					"max": 732
				},
				"2024-08-04": {
					"avg": 2399,
					"count": 1,
					"min": 2399,
					"max": 2399
				},
				"2024-08-07": {
					"avg": 1188,
					"count": 1,
					"min": 1188,
					"max": 1188
				},
				"2024-08-09": {
					"avg": 1098,
					"count": 1,
					"min": 1098,
					"max": 1098
				},
				"2024-08-10": {
					"avg": 778,
					"count": 1,
					"min": 778,
					"max": 778
				},
				"2024-08-17": {
					"avg": 665,
					"count": 1,
					"min": 665,
					"max": 665
				},
				"2024-08-19": {
					"avg": 1121,
					"count": 1,
					"min": 1121,
					"max": 1121
				},
				"2024-08-20": {
					"avg": 1098,
					"count": 1,
					"min": 1098,
					"max": 1098
				},
				"2024-08-22": {
					"avg": 773,
					"count": 1,
					"min": 773,
					"max": 773
				},
				"2024-08-29": {
					"avg": 747,
					"count": 1,
					"min": 747,
					"max": 747
				},
				"2024-09-03": {
					"avg": 847,
					"count": 1,
					"min": 847,
					"max": 847
				},
				"2024-09-06": {
					"avg": 849,
					"count": 1,
					"min": 849,
					"max": 849
				},
				"2024-09-18": {
					"avg": 756,
					"count": 1,
					"min": 756,
					"max": 756
				},
				"2024-09-20": {
					"avg": 1758,
					"count": 1,
					"min": 1758,
					"max": 1758
				}
			},
			"avg": 893,
			"avg7": -1,
			"avg28": -1
		}
	}
}