{
	"data": {
		"normal-good": {
			"history": {
				"2022-11-16": {
					"avg": 146,
					"count": 10
				},
				"2022-11-17": {
					"avg": 191,
					"count": 3
				},
				"2022-11-18": {
					"avg": 100,
					"count": 1
				},
				"2022-11-19": {
					"avg": 155,
					"count": 3,
					"min": 62,
					"max": 300
				},
				"2022-11-20": {
					"avg": 151,
					"count": 2,
					"min": 99,
					"max": 202
				},
				"2022-11-22": {
					"avg": 563,
					"count": 2,
					"min": 563,
					"max": 563
				},
				"2022-11-23": {
					"avg": 209,
					"count": 2,
					"min": 188,
					"max": 230
				},
				"2022-11-24": {
					"avg": 202,
					"count": 3,
					"min": 202,
					"max": 202
				},
				"2022-11-25": {
					"avg": 252,
					"count": 2,
					"min": 230,
					"max": 274
				},
				"2022-11-26": {
					"avg": 48,
					"count": 1,
					"min": 48,
					"max": 48
				},
				"2022-11-27": {
					"avg": 116,
					"count": 2,
					"min": 48,
					"max": 184
				},
				"2022-11-28": {
					"avg": 48,
					"count": 5,
					"min": 48,
					"max": 48
				},
				"2022-11-29": {
					"avg": 184,
					"count": 1,
					"min": 184,
					"max": 184
				},
				"2022-11-30": {
					"avg": 113,
					"count": 1,
					"min": 113,
					"max": 113
				},
				"2022-12-01": {
					"avg": 219,
					"count": 1,
					"min": 219,
					"max": 219
				},
				"2022-12-02": {
					"avg": 48,
					"count": 1,
					"min": 48,
					"max": 48
				},
				"2022-12-04": {
					"avg": 191,
					"count": 2,
					"min": 184,
					"max": 197
				},
				"2022-12-05": {
					"avg": 42,
					"count": 2,
					"min": 19,
					"max": 64
				},
				"2022-12-06": {
					"avg": 168,
					"count": 8,
					"min": 100,
					"max": 230
				},
				"2022-12-09": {
					"avg": 48,
					"count": 1,
					"min": 48,
					"max": 48
				},
				"2022-12-10": {
					"avg": 147,
					"count": 1,
					"min": 147,
					"max": 147
				},
				"2022-12-11": {
					"avg": 183,
					"count": 1,
					"min": 183,
					"max": 183
				},
				"2022-12-13": {
					"avg": 184,
					"count": 2,
					"min": 184,
					"max": 184
				},
				"2022-12-15": {
					"avg": 87,
					"count": 2,
					"min": 49,
					"max": 124
				},
				"2022-12-16": {
					"avg": 116,
					"count": 2,
					"min": 48,
					"max": 184
				},
				"2022-12-20": {
					"avg": 177,
					"count": 3,
					"min": 149,
					"max": 198
				},
				"2022-12-21": {
					"avg": 525,
					"count": 1,
					"min": 525,
					"max": 525
				},
				"2022-12-22": {
					"avg": 199,
					"count": 1,
					"min": 199,
					"max": 199
				},
				"2022-12-23": {
					"avg": 225,
					"count": 4,
					"min": 100,
					"max": 300
				},
				"2022-12-26": {
					"avg": 156,
					"count": 2,
					"min": 138,
					"max": 174
				},
				"2022-12-27": {
					"avg": 62,
					"count": 2,
					"min": 29,
					"max": 95
				},
				"2022-12-28": {
					"avg": 184,
					"count": 1,
					"min": 184,
					"max": 184
				},
				"2022-12-29": {
					"avg": 50,
					"count": 1,
					"min": 50,
					"max": 50
				},
				"2022-12-31": {
					"avg": 70,
					"count": 3,
					"min": 27,
					"max": 126
				},
				"2023-01-01": {
					"avg": 216,
					"count": 2,
					"min": 140,
					"max": 292
				},
				"2023-01-02": {
					"avg": 71,
					"count": 7,
					"min": 57,
					"max": 140
				},
				"2023-01-04": {
					"avg": 247,
					"count": 3,
					"min": 169,
					"max": 299
				},
				"2023-01-05": {
					"avg": 44,
					"count": 1,
					"min": 44,
					"max": 44
				},
				"2023-01-06": {
					"avg": 154,
					"count": 13,
					"min": 150,
					"max": 199
				},
				"2023-01-07": {
					"avg": 70,
					"count": 1,
					"min": 70,
					"max": 70
				},
				"2023-01-08": {
					"avg": 183,
					"count": 4,
					"min": 34,
					"max": 300
				},
				"2023-01-11": {
					"avg": 101,
					"count": 2,
					"min": 53,
					"max": 149
				},
				"2023-01-12": {
					"avg": 62,
					"count": 4,
					"min": 53,
					"max": 69
				},
				"2023-02-10": {
					"avg": 338,
					"count": 9,
					"min": 70,
					"max": 2085
				},
				"2023-02-12": {
					"avg": 184,
					"count": 1,
					"min": 184,
					"max": 184
				},
				"2023-02-13": {
					"avg": 124,
					"count": 4,
					"min": 75,
					"max": 141
				},
				"2023-02-14": {
					"avg": 99,
					"count": 4,
					"min": 99,
					"max": 99
				},
				"2023-02-15": {
					"avg": 168,
					"count": 2,
					"min": 158,
					"max": 178
				},
				"2023-02-16": {
					"avg": 324,
					"count": 1,
					"min": 324,
					"max": 324
				},
				"2023-02-18": {
					"avg": 213,
					"count": 3,
					"min": 71,
					"max": 468
				},
				"2023-02-19": {
					"avg": 269,
					"count": 1,
					"min": 269,
					"max": 269
				},
				"2023-02-20": {
					"avg": 468,
					"count": 1,
					"min": 468,
					"max": 468
				},
				"2023-02-21": {
					"avg": 194,
					"count": 2,
					"min": 99,
					"max": 289
				},
				"2023-02-22": {
					"avg": 91,
					"count": 2,
					"min": 82,
					"max": 100
				},
				"2023-02-23": {
					"avg": 250,
					"count": 1,
					"min": 250,
					"max": 250
				},
				"2023-02-24": {
					"avg": 157,
					"count": 2,
					"min": 148,
					"max": 166
				},
				"2023-02-27": {
					"avg": 169,
					"count": 1,
					"min": 169,
					"max": 169
				},
				"2023-03-01": {
					"avg": 54,
					"count": 11,
					"min": 49,
					"max": 100
				},
				"2023-03-05": {
					"avg": 250,
					"count": 2,
					"min": 201,
					"max": 299
				},
				"2023-03-09": {
					"avg": 200,
					"count": 1,
					"min": 200,
					"max": 200
				},
				"2023-03-10": {
					"avg": 145,
					"count": 1,
					"min": 145,
					"max": 145
				},
				"2023-03-11": {
					"avg": 133,
					"count": 4,
					"min": 50,
					"max": 199
				},
				"2023-03-13": {
					"avg": 113,
					"count": 1,
					"min": 113,
					"max": 113
				},
				"2023-03-15": {
					"avg": 115,
					"count": 1,
					"min": 115,
					"max": 115
				},
				"2023-03-19": {
					"avg": 79,
					"count": 1,
					"min": 79,
					"max": 79
				},
				"2023-03-21": {
					"avg": 61,
					"count": 1,
					"min": 61,
					"max": 61
				},
				"2023-03-23": {
					"avg": 99,
					"count": 2,
					"min": 99,
					"max": 99
				},
				"2023-03-25": {
					"avg": 217,
					"count": 2,
					"min": 100,
					"max": 334
				},
				"2023-03-26": {
					"avg": 219,
					"count": 2,
					"min": 188,
					"max": 250
				},
				"2023-03-27": {
					"avg": 148,
					"count": 1,
					"min": 148,
					"max": 148
				},
				"2023-03-28": {
					"avg": 115,
					"count": 2,
					"min": 102,
					"max": 127
				},
				"2023-03-29": {
					"avg": 100,
					"count": 2,
					"min": 99,
					"max": 102
				},
				"2023-03-31": {
					"avg": 103,
					"count": 12,
					"min": 89,
					"max": 162
				},
				"2023-04-01": {
					"avg": 25,
					"count": 12,
					"min": 25,
					"max": 25
				},
				"2023-04-02": {
					"avg": 79,
					"count": 4,
					"min": 38,
					"max": 188
				},
				"2023-04-03": {
					"avg": 91,
					"count": 8,
					"min": 71,
					"max": 199
				},
				"2023-04-04": {
					"avg": 170,
					"count": 2,
					"min": 40,
					"max": 299
				},
				"2023-04-05": {
					"avg": 128,
					"count": 1,
					"min": 128,
					"max": 128
				},
				"2023-04-06": {
					"avg": 225,
					"count": 1,
					"min": 225,
					"max": 225
				},
				"2023-04-07": {
					"avg": 86,
					"count": 1,
					"min": 86,
					"max": 86
				},
				"2023-04-09": {
					"avg": 152,
					"count": 2,
					"min": 95,
					"max": 208
				},
				"2023-04-10": {
					"avg": 128,
					"count": 1,
					"min": 128,
					"max": 128
				},
				"2023-04-16": {
					"avg": 342,
					"count": 3,
					"min": 103,
					"max": 574
				},
				"2023-04-17": {
					"avg": 108,
					"count": 2,
					"min": 50,
					"max": 165
				},
				"2023-04-20": {
					"avg": 97,
					"count": 2,
					"min": 50,
					"max": 144
				},
				"2023-04-21": {
					"avg": 93,
					"count": 7,
					"min": 50,
					"max": 225
				},
				"2023-04-22": {
					"avg": 134,
					"count": 4,
					"min": 50,
					"max": 197
				},
				"2023-04-23": {
					"avg": 50,
					"count": 1,
					"min": 50,
					"max": 50
				},
				"2023-04-25": {
					"avg": 49,
					"count": 1,
					"min": 49,
					"max": 49
				},
				"2023-04-26": {
					"avg": 90,
					"count": 5,
					"min": 39,
					"max": 145
				},
				"2023-04-27": {
					"avg": 113,
					"count": 1,
					"min": 113,
					"max": 113
				},
				"2023-04-30": {
					"avg": 104,
					"count": 2,
					"min": 104,
					"max": 104
				},
				"2023-05-02": {
					"avg": 227,
					"count": 3,
					"min": 133,
					"max": 399
				},
				"2023-05-04": {
					"avg": 195,
					"count": 6,
					"min": 125,
					"max": 499
				},
				"2023-05-05": {
					"avg": 148,
					"count": 1,
					"min": 148,
					"max": 148
				},
				"2023-05-06": {
					"avg": 138,
					"count": 1,
					"min": 138,
					"max": 138
				},
				"2023-05-07": {
					"avg": 194,
					"count": 1,
					"min": 194,
					"max": 194
				},
				"2023-05-09": {
					"avg": 91,
					"count": 1,
					"min": 91,
					"max": 91
				},
				"2023-05-12": {
					"avg": 42,
					"count": 12,
					"min": 42,
					"max": 42
				},
				"2023-05-14": {
					"avg": 197,
					"count": 2,
					"min": 144,
					"max": 250
				},
				"2023-05-15": {
					"avg": 192,
					"count": 2,
					"min": 191,
					"max": 194
				},
				"2023-05-16": {
					"avg": 129,
					"count": 2,
					"min": 45,
					"max": 212
				},
				"2023-05-17": {
					"avg": 133,
					"count": 1,
					"min": 133,
					"max": 133
				},
				"2023-05-18": {
					"avg": 91,
					"count": 1,
					"min": 91,
					"max": 91
				},
				"2023-05-19": {
					"avg": 92,
					"count": 11,
					"min": 43,
					"max": 129
				},
				"2023-05-23": {
					"avg": 48,
					"count": 11,
					"min": 45,
					"max": 77
				},
				"2023-05-27": {
					"avg": 276,
					"count": 2,
					"min": 49,
					"max": 504
				},
				"2023-05-28": {
					"avg": 143,
					"count": 2,
					"min": 105,
					"max": 180
				},
				"2023-05-29": {
					"avg": 37,
					"count": 2,
					"min": 25,
					"max": 49
				},
				"2023-05-30": {
					"avg": 143,
					"count": 3,
					"min": 49,
					"max": 199
				},
				"2023-05-31": {
					"avg": 98,
					"count": 2,
					"min": 67,
					"max": 129
				},
				"2023-06-01": {
					"avg": 100,
					"count": 1,
					"min": 100,
					"max": 100
				},
				"2023-06-02": {
					"avg": 303,
					"count": 1,
					"min": 303,
					"max": 303
				},
				"2023-06-05": {
					"avg": 73,
					"count": 1,
					"min": 73,
					"max": 73
				},
				"2023-06-06": {
					"avg": 141,
					"count": 4,
					"min": 129,
					"max": 148
				},
				"2023-06-08": {
					"avg": 100,
					"count": 1,
					"min": 100,
					"max": 100
				},
				"2023-06-09": {
					"avg": 180,
					"count": 1,
					"min": 180,
					"max": 180
				},
				"2023-06-13": {
					"avg": 77,
					"count": 5,
					"min": 48,
					"max": 168
				},
				"2023-06-15": {
					"avg": 172,
					"count": 1,
					"min": 172,
					"max": 172
				},
				"2023-06-16": {
					"avg": 83,
					"count": 1,
					"min": 83,
					"max": 83
				},
				"2023-06-17": {
					"avg": 129,
					"count": 1,
					"min": 129,
					"max": 129
				},
				"2023-06-18": {
					"avg": 100,
					"count": 1,
					"min": 100,
					"max": 100
				},
				"2023-06-20": {
					"avg": 403,
					"count": 7,
					"min": 48,
					"max": 648
				},
				"2023-06-23": {
					"avg": 105,
					"count": 2,
					"min": 49,
					"max": 161
				},
				"2023-06-28": {
					"avg": 100,
					"count": 1,
					"min": 100,
					"max": 100
				},
				"2023-06-29": {
					"avg": 29,
					"count": 1,
					"min": 29,
					"max": 29
				},
				"2023-06-30": {
					"avg": 78,
					"count": 7,
					"min": 45,
					"max": 144
				},
				"2023-07-01": {
					"avg": 70,
					"count": 1,
					"min": 70,
					"max": 70
				},
				"2023-07-02": {
					"avg": 79,
					"count": 2,
					"min": 76,
					"max": 82
				},
				"2023-07-03": {
					"avg": 189,
					"count": 1,
					"min": 189,
					"max": 189
				},
				"2023-07-04": {
					"avg": 119,
					"count": 2,
					"min": 70,
					"max": 167
				},
				"2023-07-06": {
					"avg": 176,
					"count": 1,
					"min": 176,
					"max": 176
				},
				"2023-07-07": {
					"avg": 119,
					"count": 2,
					"min": 82,
					"max": 156
				},
				"2023-07-08": {
					"avg": 139,
					"count": 1,
					"min": 139,
					"max": 139
				},
				"2023-07-09": {
					"avg": 276,
					"count": 3,
					"min": 82,
					"max": 648
				},
				"2023-07-10": {
					"avg": 100,
					"count": 1,
					"min": 100,
					"max": 100
				},
				"2023-07-11": {
					"avg": 77,
					"count": 3,
					"min": 29,
					"max": 125
				},
				"2023-07-12": {
					"avg": 100,
					"count": 11,
					"min": 68,
					"max": 181
				},
				"2023-07-13": {
					"avg": 198,
					"count": 1,
					"min": 198,
					"max": 198
				},
				"2023-07-15": {
					"avg": 162,
					"count": 2,
					"min": 143,
					"max": 180
				},
				"2023-07-16": {
					"avg": 98,
					"count": 1,
					"min": 98,
					"max": 98
				},
				"2023-07-17": {
					"avg": 273,
					"count": 1,
					"min": 273,
					"max": 273
				},
				"2023-07-18": {
					"avg": 194,
					"count": 1,
					"min": 194,
					"max": 194
				},
				"2023-07-19": {
					"avg": 153,
					"count": 3,
					"min": 98,
					"max": 180
				},
				"2023-07-20": {
					"avg": 139,
					"count": 1,
					"min": 139,
					"max": 139
				},
				"2023-07-23": {
					"avg": 155,
					"count": 2,
					"min": 135,
					"max": 175
				},
				"2023-07-24": {
					"avg": 133,
					"count": 1,
					"min": 133,
					"max": 133
				},
				"2023-07-25": {
					"avg": 75,
					"count": 1,
					"min": 75,
					"max": 75
				},
				"2023-07-26": {
					"avg": 122,
					"count": 2,
					"min": 99,
					"max": 145
				},
				"2023-07-29": {
					"avg": 93,
					"count": 2,
					"min": 41,
					"max": 145
				},
				"2023-07-30": {
					"avg": 182,
					"count": 2,
					"min": 135,
					"max": 229
				},
				"2023-08-01": {
					"avg": 95,
					"count": 3,
					"min": 75,
					"max": 113
				},
				"2023-08-02": {
					"avg": 134,
					"count": 25,
					"min": 113,
					"max": 135
				},
				"2023-08-03": {
					"avg": 70,
					"count": 4,
					"min": 34,
					"max": 165
				},
				"2023-08-04": {
					"avg": 127,
					"count": 1,
					"min": 127,
					"max": 127
				},
				"2023-08-06": {
					"avg": 197,
					"count": 1,
					"min": 197,
					"max": 197
				},
				"2023-08-07": {
					"avg": 50,
					"count": 19,
					"min": 50,
					"max": 50
				},
				"2023-08-08": {
					"avg": 136,
					"count": 2,
					"min": 92,
					"max": 180
				},
				"2023-08-09": {
					"avg": 100,
					"count": 1,
					"min": 100,
					"max": 100
				},
				"2023-08-10": {
					"avg": 113,
					"count": 1,
					"min": 113,
					"max": 113
				},
				"2023-08-14": {
					"avg": 133,
					"count": 8,
					"min": 123,
					"max": 162
				},
				"2023-08-15": {
					"avg": 155,
					"count": 5,
					"min": 124,
					"max": 163
				},
				"2023-08-19": {
					"avg": 352,
					"count": 2,
					"min": 129,
					"max": 574
				},
				"2023-08-21": {
					"avg": 375,
					"count": 8,
					"min": 375,
					"max": 375
				},
				"2023-08-23": {
					"avg": 89,
					"count": 1,
					"min": 89,
					"max": 89
				},
				"2023-08-24": {
					"avg": 208,
					"count": 20,
					"min": 89,
					"max": 573
				},
				"2023-08-26": {
					"avg": 67,
					"count": 1,
					"min": 67,
					"max": 67
				},
				"2023-08-27": {
					"avg": 43,
					"count": 4,
					"min": 27,
					"max": 77
				},
				"2023-08-29": {
					"avg": 100,
					"count": 1,
					"min": 100,
					"max": 100
				},
				"2023-08-30": {
					"avg": 77,
					"count": 1,
					"min": 77,
					"max": 77
				},
				"2023-08-31": {
					"avg": 449,
					"count": 2,
					"min": 449,
					"max": 449
				},
				"2023-09-01": {
					"avg": 126,
					"count": 1,
					"min": 126,
					"max": 126
				},
				"2023-09-03": {
					"avg": 157,
					"count": 2,
					"min": 88,
					"max": 225
				},
				"2023-09-07": {
					"avg": 63,
					"count": 2,
					"min": 45,
					"max": 80
				},
				"2023-09-08": {
					"avg": 96,
					"count": 1,
					"min": 96,
					"max": 96
				},
				"2023-09-09": {
					"avg": 178,
					"count": 1,
					"min": 178,
					"max": 178
				},
				"2023-09-10": {
					"avg": 106,
					"count": 4,
					"min": 54,
					"max": 137
				},
				"2023-09-14": {
					"avg": 125,
					"count": 3,
					"min": 125,
					"max": 125
				},
				"2023-09-16": {
					"avg": 97,
					"count": 1,
					"min": 97,
					"max": 97
				},
				"2023-09-17": {
					"avg": 334,
					"count": 2,
					"min": 119,
					"max": 549
				},
				"2023-09-19": {
					"avg": 40,
					"count": 4,
					"min": 40,
					"max": 40
				},
				"2023-09-20": {
					"avg": 94,
					"count": 2,
					"min": 40,
					"max": 148
				},
				"2023-09-21": {
					"avg": 174,
					"count": 5,
					"min": 168,
					"max": 175
				},
				"2023-09-22": {
					"avg": 97,
					"count": 1,
					"min": 97,
					"max": 97
				},
				"2023-09-23": {
					"avg": 67,
					"count": 1,
					"min": 67,
					"max": 67
				},
				"2023-09-25": {
					"avg": 92,
					"count": 5,
					"min": 51,
					"max": 119
				},
				"2023-09-26": {
					"avg": 132,
					"count": 3,
					"min": 124,
					"max": 147
				},
				"2023-09-27": {
					"avg": 100,
					"count": 1,
					"min": 100,
					"max": 100
				},
				"2023-09-29": {
					"avg": 76,
					"count": 1,
					"min": 76,
					"max": 76
				},
				"2023-09-30": {
					"avg": 122,
					"count": 2,
					"min": 75,
					"max": 169
				},
				"2023-10-01": {
					"avg": 79,
					"count": 2,
					"min": 79,
					"max": 79
				},
				"2023-10-02": {
					"avg": 83,
					"count": 3,
					"min": 54,
					"max": 97
				},
				"2023-10-03": {
					"avg": 143,
					"count": 6,
					"min": 124,
					"max": 147
				},
				"2023-10-04": {
					"avg": 118,
					"count": 2,
					"min": 97,
					"max": 139
				},
				"2023-10-05": {
					"avg": 45,
					"count": 2,
					"min": 40,
					"max": 50
				},
				"2023-10-06": {
					"avg": 139,
					"count": 2,
					"min": 96,
					"max": 182
				},
				"2023-10-07": {
					"avg": 101,
					"count": 2,
					"min": 53,
					"max": 149
				},
				"2023-10-08": {
					"avg": 133,
					"count": 2,
					"min": 66,
					"max": 199
				},
				"2023-10-09": {
					"avg": 67,
					"count": 1,
					"min": 67,
					"max": 67
				},
				"2023-10-11": {
					"avg": 97,
					"count": 1,
					"min": 97,
					"max": 97
				},
				"2023-10-12": {
					"avg": 67,
					"count": 1,
					"min": 67,
					"max": 67
				},
				"2023-10-13": {
					"avg": 115,
					"count": 2,
					"min": 115,
					"max": 116
				},
				"2023-10-14": {
					"avg": 65,
					"count": 1,
					"min": 65,
					"max": 65
				},
				"2023-10-21": {
					"avg": 108,
					"count": 3,
					"min": 66,
					"max": 134
				},
				"2023-10-22": {
					"avg": 168,
					"count": 10,
					"min": 112,
					"max": 225
				},
				"2023-10-24": {
					"avg": 69,
					"count": 1,
					"min": 69,
					"max": 69
				},
				"2023-10-25": {
					"avg": 175,
					"count": 8,
					"min": 175,
					"max": 176
				},
				"2023-10-26": {
					"avg": 55,
					"count": 7,
					"min": 45,
					"max": 100
				},
				"2023-10-27": {
					"avg": 88,
					"count": 4,
					"min": 66,
					"max": 145
				},
				"2023-10-28": {
					"avg": 239,
					"count": 1,
					"min": 239,
					"max": 239
				},
				"2023-10-29": {
					"avg": 22,
					"count": 1,
					"min": 22,
					"max": 22
				},
				"2023-10-30": {
					"avg": 252,
					"count": 2,
					"min": 174,
					"max": 329
				},
				"2023-10-31": {
					"avg": 39,
					"count": 1,
					"min": 39,
					"max": 39
				},
				"2023-11-02": {
					"avg": 39,
					"count": 1,
					"min": 39,
					"max": 39
				},
				"2023-11-04": {
					"avg": 105,
					"count": 2,
					"min": 64,
					"max": 146
				},
				"2023-11-05": {
					"avg": 73,
					"count": 3,
					"min": 48,
					"max": 99
				},
				"2023-11-08": {
					"avg": 172,
					"count": 1,
					"min": 172,
					"max": 172
				},
				"2023-11-09": {
					"avg": 39,
					"count": 1,
					"min": 39,
					"max": 39
				},
				"2023-11-10": {
					"avg": 46,
					"count": 4,
					"min": 33,
					"max": 65
				},
				"2023-11-11": {
					"avg": 66,
					"count": 1,
					"min": 66,
					"max": 66
				},
				"2023-11-12": {
					"avg": 127,
					"count": 2,
					"min": 124,
					"max": 131
				},
				"2023-11-13": {
					"avg": 127,
					"count": 1,
					"min": 127,
					"max": 127
				},
				"2023-11-14": {
					"avg": 136,
					"count": 1,
					"min": 136,
					"max": 136
				},
				"2023-11-15": {
					"avg": 100,
					"count": 1,
					"min": 100,
					"max": 100
				},
				"2023-11-16": {
					"avg": 232,
					"count": 7,
					"min": 23,
					"max": 267
				},
				"2023-11-19": {
					"avg": 337,
					"count": 2,
					"min": 100,
					"max": 574
				},
				"2023-11-20": {
					"avg": 149,
					"count": 1,
					"min": 149,
					"max": 149
				},
				"2023-11-21": {
					"avg": 210,
					"count": 42,
					"min": 33,
					"max": 560
				},
				"2023-11-22": {
					"avg": 156,
					"count": 2,
					"min": 141,
					"max": 170
				},
				"2023-11-23": {
					"avg": 369,
					"count": 21,
					"min": 100,
					"max": 568
				},
				"2023-11-24": {
					"avg": 142,
					"count": 13,
					"min": 84,
					"max": 208
				},
				"2023-11-25": {
					"avg": 128,
					"count": 2,
					"min": 107,
					"max": 149
				},
				"2023-11-27": {
					"avg": 210,
					"count": 1,
					"min": 210,
					"max": 210
				},
				"2024-05-17": {
					"avg": 221,
					"count": 5,
					"min": 38,
					"max": 527
				},
				"2024-05-18": {
					"avg": 208,
					"count": 10,
					"min": 91,
					"max": 369
				},
				"2024-05-20": {
					"avg": 363,
					"count": 2,
					"min": 127,
					"max": 598
				},
				"2024-05-21": {
					"avg": 221,
					"count": 1,
					"min": 221,
					"max": 221
				},
				"2024-05-22": {
					"avg": 435,
					"count": 4,
					"min": 77,
					"max": 1220
				},
				"2024-05-31": {
					"avg": 95,
					"count": 3,
					"min": 77,
					"max": 129
				},
				"2024-06-04": {
					"avg": 175,
					"count": 1,
					"min": 175,
					"max": 175
				},
				"2024-06-07": {
					"avg": 221,
					"count": 1,
					"min": 221,
					"max": 221
				},
				"2024-06-08": {
					"avg": 124,
					"count": 1,
					"min": 124,
					"max": 124
				},
				"2024-06-09": {
					"avg": 64,
					"count": 1,
					"min": 64,
					"max": 64
				},
				"2024-06-17": {
					"avg": 160,
					"count": 2,
					"min": 70,
					"max": 249
				},
				"2024-06-18": {
					"avg": 59,
					"count": 1,
					"min": 59,
					"max": 59
				},
				"2024-06-20": {
					"avg": 158,
					"count": 1,
					"min": 158,
					"max": 158
				},
				"2024-06-22": {
					"avg": 69,
					"count": 2,
					"min": 67,
					"max": 70
				},
				"2024-06-23": {
					"avg": 136,
					"count": 2,
					"min": 75,
					"max": 197
				},
				"2024-06-26": {
					"avg": 150,
					"count": 3,
					"min": 64,
					"max": 193
				},
				"2024-06-27": {
					"avg": 174,
					"count": 3,
					"min": 167,
					"max": 187
				},
				"2024-06-28": {
					"avg": 59,
					"count": 1,
					"min": 59,
					"max": 59
				},
				"2024-07-02": {
					"avg": 68,
					"count": 1,
					"min": 68,
					"max": 68
				},
				"2024-07-03": {
					"avg": 168,
					"count": 1,
					"min": 168,
					"max": 168
				},
				"2024-07-05": {
					"avg": 168,
					"count": 1,
					"min": 168,
					"max": 168
				},
				"2024-07-07": {
					"avg": 423,
					"count": 2,
					"min": 158,
					"max": 688
				},
				"2024-07-10": {
					"avg": 119,
					"count": 2,
					"min": 69,
					"max": 168
				},
				"2024-07-11": {
					"avg": 131,
					"count": 2,
					"min": 75,
					"max": 187
				},
				"2024-07-13": {
					"avg": 187,
					"count": 1,
					"min": 187,
					"max": 187
				},
				"2024-07-15": {
					"avg": 113,
					"count": 1,
					"min": 113,
					"max": 113
				},
				"2024-07-16": {
					"avg": 69,
					"count": 1,
					"min": 69,
					"max": 69
				},
				"2024-07-19": {
					"avg": 187,
					"count": 5,
					"min": 187,
					"max": 187
				},
				"2024-07-20": {
					"avg": 136,
					"count": 2,
					"min": 75,
					"max": 197
				},
				"2024-07-21": {
					"avg": 221,
					"count": 1,
					"min": 221,
					"max": 221
				},
				"2024-07-23": {
					"avg": 150,
					"count": 1,
					"min": 150,
					"max": 150
				},
				"2024-07-26": {
					"avg": 75,
					"count": 1,
					"min": 75,
					"max": 75
				},
				"2024-08-02": {
					"avg": 75,
					"count": 1,
					"min": 75,
					"max": 75
				},
				"2024-08-03": {
					"avg": 39,
					"count": 1,
					"min": 39,
					"max": 39
				},
				"2024-08-04": {
					"avg": 39,
					"count": 1,
					"min": 39,
					"max": 39
				},
				"2024-08-07": {
					"avg": 76,
					"count": 3,
					"min": 75,
					"max": 79
				},
				"2024-08-10": {
					"avg": 78,
					"count": 7,
					"min": 70,
					"max": 125
				},
				"2024-08-12": {
					"avg": 161,
					"count": 1,
					"min": 161,
					"max": 161
				},
				"2024-08-16": {
					"avg": 693,
					"count": 1,
					"min": 693,
					"max": 693
				},
				"2024-08-17": {
					"avg": 349,
					"count": 1,
					"min": 349,
					"max": 349
				},
				"2024-08-18": {
					"avg": 115,
					"count": 12,
					"min": 54,
					"max": 216
				},
				"2024-08-19": {
					"avg": 89,
					"count": 1,
					"min": 89,
					"max": 89
				},
				"2024-08-20": {
					"avg": 74,
					"count": 1,
					"min": 74,
					"max": 74
				},
				"2024-08-21": {
					"avg": 84,
					"count": 2,
					"min": 79,
					"max": 89
				},
				"2024-08-25": {
					"avg": 100,
					"count": 2,
					"min": 49,
					"max": 151
				},
				"2024-08-27": {
					"avg": 84,
					"count": 9,
					"min": 49,
					"max": 156
				},
				"2024-08-29": {
					"avg": 151,
					"count": 1,
					"min": 151,
					"max": 151
				},
				"2024-08-30": {
					"avg": 359,
					"count": 4,
					"min": 73,
					"max": 693
				},
				"2024-09-01": {
					"avg": 148,
					"count": 1,
					"min": 148,
					"max": 148
				},
				"2024-09-04": {
					"avg": 207,
					"count": 1,
					"min": 207,
					"max": 207
				},
				"2024-09-06": {
					"avg": 89,
					"count": 1,
					"min": 89,
					"max": 89
				},
				"2024-09-07": {
					"avg": 249,
					"count": 2,
					"min": 249,
					"max": 249
				},
				"2024-09-08": {
					"avg": 1145,
					"count": 1,
					"min": 1145,
					"max": 1145
				},
				"2024-09-13": {
					"avg": 107,
					"count": 2,
					"min": 70,
					"max": 143
				},
				"2024-09-15": {
					"avg": 116,
					"count": 2,
					"min": 69,
					"max": 162
				},
				"2024-09-16": {
					"avg": 166,
					"count": 2,
					"min": 166,
					"max": 166
				},
				"2024-09-18": {
					"avg": 122,
					"count": 2,
					"min": 95,
					"max": 148
				},
				"2024-09-19": {
					"avg": 87,
					"count": 1,
					"min": 87,
					"max": 87
				},
				"2024-09-20": {
					"avg": 235,
					"count": 2,
					"min": 235,
					"max": 235
				}
			},
			"avg": 152,
			"avg7": 267,
			"avg28": 267
		},
		"normal-nearmint": {
			"history": {
				"2024-05-24": {
					"avg": 398,
					"count": 1,
					"min": 398,
					"max": 398
				},
				"2024-05-25": {
					"avg": 221,
					"count": 1,
					"min": 221,
					"max": 221
				},
				"2024-05-27": {
					"avg": 198,
					"count": 5,
					"min": 196,
					"max": 199
				},
				"2024-05-29": {
					"avg": 298,
					"count": 2,
					"min": 296,
					"max": 299
				},
				"2024-05-31": {
					"avg": 212,
					"count": 1,
					"min": 212,
					"max": 212
				},
				"2024-06-06": {
					"avg": 212,
					"count": 1,
					"min": 212,
					"max": 212
				},
				"2024-06-07": {
					"avg": 100,
					"count": 1,
					"min": 100,
					"max": 100
				},
				"2024-06-15": {
					"avg": 260,
					"count": 3,
					"min": 211,
					"max": 300
				},
				"2024-06-16": {
					"avg": 222,
					"count": 1,
					"min": 222,
					"max": 222
				},
				"2024-06-18": {
					"avg": 211,
					"count": 1,
					"min": 211,
					"max": 211
				},
				"2024-06-19": {
					"avg": 247,
					"count": 1,
					"min": 247,
					"max": 247
				},
				"2024-06-29": {
					"avg": 197,
					"count": 1,
					"min": 197,
					"max": 197
				},
				"2024-07-02": {
					"avg": 197,
					"count": 1,
					"min": 197,
					"max": 197
				},
				"2024-07-08": {
					"avg": 189,
					"count": 1,
					"min": 189,
					"max": 189
				},
				"2024-07-09": {
					"avg": 197,
					"count": 1,
					"min": 197,
					"max": 197
				},
				"2024-07-10": {
					"avg": 159,
					"count": 2,
					"min": 147,
					"max": 171
				},
				"2024-07-11": {
					"avg": 197,
					"count": 1,
					"min": 197,
					"max": 197
				},
				"2024-07-12": {
					"avg": 197,
					"count": 2,
					"min": 197,
					"max": 197
				},
				"2024-07-13": {
					"avg": 222,
					"count": 1,
					"min": 222,
					"max": 222
				},
				"2024-07-15": {
					"avg": 197,
					"count": 1,
					"min": 197,
					"max": 197
				},
				"2024-07-19": {
					"avg": 193,
					"count": 2,
					"min": 189,
					"max": 197
				},
				"2024-07-23": {
					"avg": 156,
					"count": 1,
					"min": 156,
					"max": 156
				},
				"2024-07-30": {
					"avg": 1194,
					"count": 1,
					"min": 1194,
					"max": 1194
				},
				"2024-07-31": {
					"avg": 201,
					"count": 4,
					"min": 201,
					"max": 201
				},
				"2024-08-01": {
					"avg": 162,
					"count": 1,
					"min": 162,
					"max": 162
				},
				"2024-08-03": {
					"avg": 156,
					"count": 1,
					"min": 156,
					"max": 156
				},
				"2024-08-05": {
					"avg": 211,
					"count": 1,
					"min": 211,
					"max": 211
				},
				"2024-08-09": {
					"avg": 197,
					"count": 2,
					"min": 197,
					"max": 197
				},
				"2024-08-10": {
					"avg": 148,
					"count": 2,
					"min": 84,
					"max": 212
				},
				"2024-08-15": {
					"avg": 174,
					"count": 2,
					"min": 150,
					"max": 197
				},
				"2024-08-16": {
					"avg": 197,
					"count": 1,
					"min": 197,
					"max": 197
				},
				"2024-08-17": {
					"avg": 197,
					"count": 1,
					"min": 197,
					"max": 197
				},
				"2024-08-19": {
					"avg": 197,
					"count": 1,
					"min": 197,
					"max": 197
				},
				"2024-08-20": {
					"avg": 199,
					"count": 2,
					"min": 197,
					"max": 201
				},
				"2024-08-22": {
					"avg": 197,
					"count": 1,
					"min": 197,
					"max": 197
				},
				"2024-08-23": {
					"avg": 197,
					"count": 1,
					"min": 197,
					"max": 197
				},
				"2024-08-24": {
					"avg": 126,
					"count": 1,
					"min": 126,
					"max": 126
				},
				"2024-08-25": {
					"avg": 197,
					"count": 1,
					"min": 197,
					"max": 197
				},
				"2024-08-27": {
					"avg": 152,
					"count": 3,
					"min": 85,
					"max": 201
				},
				"2024-08-28": {
					"avg": 249,
					"count": 2,
					"min": 197,
					"max": 300
				},
				"2024-09-02": {
					"avg": 197,
					"count": 1,
					"min": 197,
					"max": 197
				},
				"2024-09-05": {
					"avg": 197,
					"count": 1,
					"min": 197,
					"max": 197
				},
				"2024-09-08": {
					"avg": 268,
					"count": 1,
					"min": 268,
					"max": 268
				},
				"2024-09-11": {
					"avg": 197,
					"count": 1,
					"min": 197,
					"max": 197
				},
				"2024-09-13": {
					"avg": 163,
					"count": 1,
					"min": 163,
					"max": 163
				},
				"2024-09-14": {
					"avg": 83,
					"count": 1,
					"min": 83,
					"max": 83
				},
				"2024-09-17": {
					"avg": 239,
					"count": 2,
					"min": 201,
					"max": 276
				},
				"2024-09-18": {
					"avg": 201,
					"count": 1,
					"min": 201,
					"max": 201
				},
				"2024-09-21": {
					"avg": 183,
					"count": 1,
					"min": 183,
					"max": 183
				},
				"2024-09-22": {
					"avg": 162,
					"count": 1,
					"min": 162,
					"max": 162
				}
			},
			"avg": 214,
			"avg7": -1,
			"avg28": -1
		},
		"normal-poor": {
			"history": {
				"2024-05-24": {
					"avg": 50,
					"count": 2,
					"min": 50,
					"max": 50
				},
				"2024-06-20": {
					"avg": 147,
					"count": 1,
					"min": 147,
					"max": 147
				},
				"2024-07-19": {
					"avg": 100,
					"count": 9,
					"min": 100,
					"max": 100
				},
				"2024-07-30": {
					"avg": 32,
					"count": 2,
					"min": 32,
					"max": 32
				},
				"2024-08-01": {
					"avg": 159,
					"count": 1,
					"min": 159,
					"max": 159
				},
				"2024-08-28": {
					"avg": 17,
					"count": 1,
					"min": 17,
					"max": 17
				},
				"2024-08-31": {
					"avg": 30,
					"count": 1,
					"min": 30,
					"max": 30
				},
				"2024-09-04": {
					"avg": 30,
					"count": 1,
					"min": 30,
					"max": 30
				}
			},
			"avg": 80,
			"avg7": -1,
			"avg28": -1
		},
		"normal-played": {
			"history": {
				"2024-05-24": {
					"avg": 99,
					"count": 1,
					"min": 99,
					"max": 99
				},
				"2024-05-31": {
					"avg": 113,
					"count": 10,
					"min": 99,
					"max": 226
				},
				"2024-06-01": {
					"avg": 145,
					"count": 5,
					"min": 145,
					"max": 145
				},
				"2024-06-06": {
					"avg": 53,
					"count": 1,
					"min": 53,
					"max": 53
				},
				"2024-06-08": {
					"avg": 72,
					"count": 1,
					"min": 72,
					"max": 72
				},
				"2024-06-09": {
					"avg": 77,
					"count": 1,
					"min": 77,
					"max": 77
				},
				"2024-06-18": {
					"avg": 157,
					"count": 1,
					"min": 157,
					"max": 157
				},
				"2024-06-29": {
					"avg": 59,
					"count": 1,
					"min": 59,
					"max": 59
				},
				"2024-07-05": {
					"avg": 180,
					"count": 3,
					"min": 77,
					"max": 231
				},
				"2024-07-10": {
					"avg": 110,
					"count": 4,
					"min": 107,
					"max": 118
				},
				"2024-07-11": {
					"avg": 79,
					"count": 1,
					"min": 79,
					"max": 79
				},
				"2024-07-16": {
					"avg": 54,
					"count": 1,
					"min": 54,
					"max": 54
				},
				"2024-07-23": {
					"avg": 106,
					"count": 2,
					"min": 35,
					"max": 176
				},
				"2024-07-31": {
					"avg": 124,
					"count": 1,
					"min": 124,
					"max": 124
				},
				"2024-08-01": {
					"avg": 174,
					"count": 1,
					"min": 174,
					"max": 174
				},
				"2024-08-03": {
					"avg": 86,
					"count": 2,
					"min": 72,
					"max": 99
				},
				"2024-08-13": {
					"avg": 177,
					"count": 2,
					"min": 146,
					"max": 207
				},
				"2024-08-14": {
					"avg": 50,
					"count": 1,
					"min": 50,
					"max": 50
				},
				"2024-08-18": {
					"avg": 34,
					"count": 2,
					"min": 19,
					"max": 49
				},
				"2024-08-21": {
					"avg": 49,
					"count": 4,
					"min": 49,
					"max": 49
				},
				"2024-08-22": {
					"avg": 49,
					"count": 4,
					"min": 49,
					"max": 49
				},
				"2024-08-24": {
					"avg": 173,
					"count": 2,
					"min": 169,
					"max": 176
				},
				"2024-09-02": {
					"avg": 152,
					"count": 1,
					"min": 152,
					"max": 152
				},
				"2024-09-04": {
					"avg": 645,
					"count": 1,
					"min": 645,
					"max": 645
				},
				"2024-09-07": {
					"avg": 147,
					"count": 1,
					"min": 147,
					"max": 147
				},
				"2024-09-10": {
					"avg": 142,
					"count": 1,
					"min": 142,
					"max": 142
				},
				"2024-09-19": {
					"avg": 147,
					"count": 1,
					"min": 147,
					"max": 147
				},
				"2024-09-20": {
					"avg": 220,
					"count": 1,
					"min": 220,
					"max": 220
				},
				"2024-09-22": {
					"avg": 41,
					"count": 1,
					"min": 41,
					"max": 41
				}
			},
			"avg": 118,
			"avg7": -1,
			"avg28": -1
		},
		"normal-used": {
			"history": {
				"2024-06-01": {
					"avg": 398,
					"count": 1,
					"min": 398,
					"max": 398
				},
				"2024-06-05": {
					"avg": 147,
					"count": 3,
					"min": 147,
					"max": 147
				},
				"2024-06-20": {
					"avg": 37,
					"count": 1,
					"min": 37,
					"max": 37
				},
				"2024-07-01": {
					"avg": 147,
					"count": 1,
					"min": 147,
					"max": 147
				},
				"2024-07-04": {
					"avg": 49,
					"count": 1,
					"min": 49,
					"max": 49
				},
				"2024-07-09": {
					"avg": 125,
					"count": 1,
					"min": 125,
					"max": 125
				},
				"2024-07-16": {
					"avg": 40,
					"count": 1,
					"min": 40,
					"max": 40
				},
				"2024-07-18": {
					"avg": 120,
					"count": 1,
					"min": 120,
					"max": 120
				},
				"2024-07-31": {
					"avg": 36,
					"count": 1,
					"min": 36,
					"max": 36
				},
				"2024-08-14": {
					"avg": 101,
					"count": 2,
					"min": 50,
					"max": 151
				},
				"2024-08-15": {
					"avg": 1096,
					"count": 1,
					"min": 1096,
					"max": 1096
				},
				"2024-08-16": {
					"avg": 37,
					"count": 1,
					"min": 37,
					"max": 37
				},
				"2024-08-18": {
					"avg": 33,
					"count": 1,
					"min": 33,
					"max": 33
				},
				"2024-08-22": {
					"avg": 496,
					"count": 1,
					"min": 496,
					"max": 496
				},
				"2024-08-24": {
					"avg": 19,
					"count": 1,
					"min": 19,
					"max": 19
				},
				"2024-09-03": {
					"avg": 29,
					"count": 1,
					"min": 29,
					"max": 29
				},
				"2024-09-07": {
					"avg": 130,
					"count": 2,
					"min": 94,
					"max": 165
				}
			},
			"avg": 170,
			"avg7": -1,
			"avg28": -1
		}
	}
}