{
	"data": {
		"normal-good": {
			"history": {
				"2022-11-14": {
					"avg": 70,
					"count": 5
				},
				"2022-11-16": {
					"avg": 129,
					"count": 38
				},
				"2022-11-19": {
					"avg": 18,
					"count": 1,
					"min": 18,
					"max": 18
				},
				"2022-11-22": {
					"avg": 38,
					"count": 13,
					"min": 23,
					"max": 71
				},
				"2022-11-25": {
					"avg": 23,
					"count": 1,
					"min": 23,
					"max": 23
				},
				"2022-11-26": {
					"avg": 818,
					"count": 16,
					"min": 818,
					"max": 818
				},
				"2022-11-27": {
					"avg": 18,
					"count": 1,
					"min": 18,
					"max": 18
				},
				"2022-11-28": {
					"avg": 108,
					"count": 4,
					"min": 73,
					"max": 122
				},
				"2022-11-29": {
					"avg": 61,
					"count": 2,
					"min": 8,
					"max": 114
				},
				"2022-11-30": {
					"avg": 25,
					"count": 1,
					"min": 25,
					"max": 25
				},
				"2022-12-04": {
					"avg": 164,
					"count": 1,
					"min": 164,
					"max": 164
				},
				"2022-12-05": {
					"avg": 108,
					"count": 24,
					"min": 22,
					"max": 127
				},
				"2022-12-06": {
					"avg": 19,
					"count": 17,
					"min": 19,
					"max": 19
				},
				"2022-12-07": {
					"avg": 114,
					"count": 1,
					"min": 114,
					"max": 114
				},
				"2022-12-09": {
					"avg": 23,
					"count": 1,
					"min": 23,
					"max": 23
				},
				"2022-12-10": {
					"avg": 113,
					"count": 1,
					"min": 113,
					"max": 113
				},
				"2022-12-12": {
					"avg": 20,
					"count": 3,
					"min": 17,
					"max": 25
				},
				"2022-12-14": {
					"avg": 123,
					"count": 1,
					"min": 123,
					"max": 123
				},
				"2022-12-18": {
					"avg": 15,
					"count": 1,
					"min": 15,
					"max": 15
				},
				"2022-12-20": {
					"avg": 21,
					"count": 1,
					"min": 21,
					"max": 21
				},
				"2022-12-22": {
					"avg": 87,
					"count": 2,
					"min": 49,
					"max": 124
				},
				"2022-12-23": {
					"avg": 149,
					"count": 1,
					"min": 149,
					"max": 149
				},
				"2022-12-24": {
					"avg": 110,
					"count": 1,
					"min": 110,
					"max": 110
				},
				"2022-12-26": {
					"avg": 24,
					"count": 1,
					"min": 24,
					"max": 24
				},
				"2022-12-27": {
					"avg": 26,
					"count": 6,
					"min": 26,
					"max": 26
				},
				"2022-12-31": {
					"avg": 65,
					"count": 30,
					"min": 20,
					"max": 126
				},
				"2023-01-01": {
					"avg": 117,
					"count": 4,
					"min": 114,
					"max": 124
				},
				"2023-01-02": {
					"avg": 137,
					"count": 27,
					"min": 20,
					"max": 372
				},
				"2023-01-04": {
					"avg": 85,
					"count": 2,
					"min": 48,
					"max": 122
				},
				"2023-01-05": {
					"avg": 20,
					"count": 1,
					"min": 20,
					"max": 20
				},
				"2023-01-07": {
					"avg": 24,
					"count": 1,
					"min": 24,
					"max": 24
				},
				"2023-01-08": {
					"avg": 83,
					"count": 3,
					"min": 25,
					"max": 174
				},
				"2023-01-10": {
					"avg": 129,
					"count": 1,
					"min": 129,
					"max": 129
				},
				"2023-01-11": {
					"avg": 138,
					"count": 3,
					"min": 138,
					"max": 138
				},
				"2023-01-12": {
					"avg": 18,
					"count": 6,
					"min": 15,
					"max": 20
				},
				"2023-02-06": {
					"avg": 24,
					"count": 17,
					"min": 24,
					"max": 24
				},
				"2023-02-07": {
					"avg": 10,
					"count": 1,
					"min": 10,
					"max": 10
				},
				"2023-02-10": {
					"avg": 163,
					"count": 5,
					"min": 82,
					"max": 349
				},
				"2023-02-13": {
					"avg": 106,
					"count": 1,
					"min": 106,
					"max": 106
				},
				"2023-02-14": {
					"avg": 147,
					"count": 1,
					"min": 147,
					"max": 147
				},
				"2023-02-15": {
					"avg": 118,
					"count": 1,
					"min": 118,
					"max": 118
				},
				"2023-02-17": {
					"avg": 114,
					"count": 1,
					"min": 114,
					"max": 114
				},
				"2023-02-18": {
					"avg": 197,
					"count": 2,
					"min": 178,
					"max": 215
				},
				"2023-02-19": {
					"avg": 146,
					"count": 1,
					"min": 146,
					"max": 146
				},
				"2023-02-20": {
					"avg": 223,
					"count": 4,
					"min": 23,
					"max": 676
				},
				"2023-02-22": {
					"avg": 35,
					"count": 1,
					"min": 35,
					"max": 35
				},
				"2023-02-24": {
					"avg": 84,
					"count": 3,
					"min": 19,
					"max": 117
				},
				"2023-02-27": {
					"avg": 126,
					"count": 1,
					"min": 126,
					"max": 126
				},
				"2023-02-28": {
					"avg": 24,
					"count": 4,
					"min": 22,
					"max": 31
				},
				"2023-03-01": {
					"avg": 102,
					"count": 2,
					"min": 22,
					"max": 182
				},
				"2023-03-02": {
					"avg": 122,
					"count": 5,
					"min": 122,
					"max": 124
				},
				"2023-03-05": {
					"avg": 134,
					"count": 2,
					"min": 114,
					"max": 154
				},
				"2023-03-07": {
					"avg": 41,
					"count": 2,
					"min": 33,
					"max": 49
				},
				"2023-03-09": {
					"avg": 36,
					"count": 2,
					"min": 22,
					"max": 49
				},
				"2023-03-12": {
					"avg": 110,
					"count": 2,
					"min": 110,
					"max": 110
				},
				"2023-03-17": {
					"avg": 40,
					"count": 2,
					"min": 30,
					"max": 49
				},
				"2023-03-21": {
					"avg": 30,
					"count": 1,
					"min": 30,
					"max": 30
				},
				"2023-03-22": {
					"avg": 325,
					"count": 18,
					"min": 325,
					"max": 325
				},
				"2023-03-23": {
					"avg": 23,
					"count": 1,
					"min": 23,
					"max": 23
				},
				"2023-03-25": {
					"avg": 78,
					"count": 2,
					"min": 32,
					"max": 124
				},
				"2023-03-27": {
					"avg": 114,
					"count": 1,
					"min": 114,
					"max": 114
				},
				"2023-03-28": {
					"avg": 19,
					"count": 2,
					"min": 19,
					"max": 19
				},
				"2023-03-29": {
					"avg": 169,
					"count": 3,
					"min": 68,
					"max": 219
				},
				"2023-03-31": {
					"avg": 110,
					"count": 1,
					"min": 110,
					"max": 110
				},
				"2023-04-01": {
					"avg": 49,
					"count": 2,
					"min": 49,
					"max": 49
				},
				"2023-04-02": {
					"avg": 17,
					"count": 1,
					"min": 17,
					"max": 17
				},
				"2023-04-03": {
					"avg": 35,
					"count": 16,
					"min": 25,
					"max": 114
				},
				"2023-04-04": {
					"avg": 19,
					"count": 1,
					"min": 19,
					"max": 19
				},
				"2023-04-05": {
					"avg": 25,
					"count": 1,
					"min": 25,
					"max": 25
				},
				"2023-04-06": {
					"avg": 20,
					"count": 26,
					"min": 20,
					"max": 20
				},
				"2023-04-08": {
					"avg": 25,
					"count": 1,
					"min": 25,
					"max": 25
				},
				"2023-04-09": {
					"avg": 49,
					"count": 1,
					"min": 49,
					"max": 49
				},
				"2023-04-17": {
					"avg": 174,
					"count": 1,
					"min": 174,
					"max": 174
				},
				"2023-04-19": {
					"avg": 49,
					"count": 1,
					"min": 49,
					"max": 49
				},
				"2023-04-20": {
					"avg": 114,
					"count": 1,
					"min": 114,
					"max": 114
				},
				"2023-04-21": {
					"avg": 18,
					"count": 20,
					"min": 10,
					"max": 161
				},
				"2023-04-22": {
					"avg": 37,
					"count": 2,
					"min": 32,
					"max": 42
				},
				"2023-04-23": {
					"avg": 11,
					"count": 1,
					"min": 11,
					"max": 11
				},
				"2023-04-26": {
					"avg": 63,
					"count": 3,
					"min": 63,
					"max": 63
				},
				"2023-04-27": {
					"avg": 50,
					"count": 1,
					"min": 50,
					"max": 50
				},
				"2023-05-01": {
					"avg": 25,
					"count": 1,
					"min": 25,
					"max": 25
				},
				"2023-05-02": {
					"avg": 49,
					"count": 1,
					"min": 49,
					"max": 49
				},
				"2023-05-03": {
					"avg": 50,
					"count": 2,
					"min": 50,
					"max": 50
				},
				"2023-05-05": {
					"avg": 29,
					"count": 22,
					"min": 20,
					"max": 124
				},
				"2023-05-07": {
					"avg": 169,
					"count": 2,
					"min": 126,
					"max": 213
				},
				"2023-05-09": {
					"avg": 65,
					"count": 9,
					"min": 25,
					"max": 114
				},
				"2023-05-11": {
					"avg": 116,
					"count": 1,
					"min": 116,
					"max": 116
				},
				"2023-05-12": {
					"avg": 18,
					"count": 1,
					"min": 18,
					"max": 18
				},
				"2023-05-14": {
					"avg": 530,
					"count": 1,
					"min": 530,
					"max": 530
				},
				"2023-05-16": {
					"avg": 98,
					"count": 10,
					"min": 29,
					"max": 115
				},
				"2023-05-19": {
					"avg": 25,
					"count": 5,
					"min": 25,
					"max": 25
				},
				"2023-05-21": {
					"avg": 138,
					"count": 1,
					"min": 138,
					"max": 138
				},
				"2023-05-22": {
					"avg": 23,
					"count": 1,
					"min": 23,
					"max": 23
				},
				"2023-05-25": {
					"avg": 378,
					"count": 1,
					"min": 378,
					"max": 378
				},
				"2023-05-27": {
					"avg": 129,
					"count": 1,
					"min": 129,
					"max": 129
				},
				"2023-05-28": {
					"avg": 21,
					"count": 1,
					"min": 21,
					"max": 21
				},
				"2023-05-29": {
					"avg": 37,
					"count": 12,
					"min": 25,
					"max": 39
				},
				"2023-06-01": {
					"avg": 22,
					"count": 14,
					"min": 21,
					"max": 25
				},
				"2023-06-03": {
					"avg": 75,
					"count": 1,
					"min": 75,
					"max": 75
				},
				"2023-06-06": {
					"avg": 43,
					"count": 4,
					"min": 17,
					"max": 120
				},
				"2023-06-12": {
					"avg": 122,
					"count": 2,
					"min": 110,
					"max": 134
				},
				"2023-06-15": {
					"avg": 41,
					"count": 2,
					"min": 34,
					"max": 47
				},
				"2023-06-17": {
					"avg": 46,
					"count": 6,
					"min": 24,
					"max": 152
				},
				"2023-06-18": {
					"avg": 125,
					"count": 21,
					"min": 125,
					"max": 134
				},
				"2023-06-21": {
					"avg": 15,
					"count": 1,
					"min": 15,
					"max": 15
				},
				"2023-06-22": {
					"avg": 131,
					"count": 1,
					"min": 131,
					"max": 131
				},
				"2023-06-26": {
					"avg": 174,
					"count": 1,
					"min": 174,
					"max": 174
				},
				"2023-06-30": {
					"avg": 70,
					"count": 13,
					"min": 19,
					"max": 113
				},
				"2023-07-03": {
					"avg": 80,
					"count": 2,
					"min": 34,
					"max": 125
				},
				"2023-07-04": {
					"avg": 105,
					"count": 3,
					"min": 36,
					"max": 140
				},
				"2023-07-06": {
					"avg": 156,
					"count": 8,
					"min": 35,
					"max": 173
				},
				"2023-07-07": {
					"avg": 74,
					"count": 4,
					"min": 24,
					"max": 124
				},
				"2023-07-08": {
					"avg": 42,
					"count": 1,
					"min": 42,
					"max": 42
				},
				"2023-07-11": {
					"avg": 130,
					"count": 1,
					"min": 130,
					"max": 130
				},
				"2023-07-12": {
					"avg": 21,
					"count": 3,
					"min": 18,
					"max": 23
				},
				"2023-07-13": {
					"avg": 20,
					"count": 1,
					"min": 20,
					"max": 20
				},
				"2023-07-17": {
					"avg": 20,
					"count": 1,
					"min": 20,
					"max": 20
				},
				"2023-07-18": {
					"avg": 25,
					"count": 1,
					"min": 25,
					"max": 25
				},
				"2023-07-19": {
					"avg": 23,
					"count": 12,
					"min": 23,
					"max": 25
				},
				"2023-07-20": {
					"avg": 114,
					"count": 29,
					"min": 25,
					"max": 123
				},
				"2023-07-26": {
					"avg": 21,
					"count": 1,
					"min": 21,
					"max": 21
				},
				"2023-07-27": {
					"avg": 137,
					"count": 1,
					"min": 137,
					"max": 137
				},
				"2023-07-28": {
					"avg": 35,
					"count": 2,
					"min": 35,
					"max": 35
				},
				"2023-07-29": {
					"avg": 748,
					"count": 58,
					"min": 221,
					"max": 774
				},
				"2023-07-30": {
					"avg": 218,
					"count": 3,
					"min": 117,
					"max": 412
				},
				"2023-07-31": {
					"avg": 124,
					"count": 1,
					"min": 124,
					"max": 124
				},
				"2023-08-01": {
					"avg": 73,
					"count": 10,
					"min": 45,
					"max": 99
				},
				"2023-08-02": {
					"avg": 59,
					"count": 1,
					"min": 59,
					"max": 59
				},
				"2023-08-03": {
					"avg": 48,
					"count": 1,
					"min": 48,
					"max": 48
				},
				"2023-08-04": {
					"avg": 25,
					"count": 1,
					"min": 25,
					"max": 25
				},
				"2023-08-08": {
					"avg": 30,
					"count": 2,
					"min": 23,
					"max": 37
				},
				"2023-08-09": {
					"avg": 63,
					"count": 1,
					"min": 63,
					"max": 63
				},
				"2023-08-10": {
					"avg": 118,
					"count": 1,
					"min": 118,
					"max": 118
				},
				"2023-08-12": {
					"avg": 36,
					"count": 1,
					"min": 36,
					"max": 36
				},
				"2023-08-14": {
					"avg": 80,
					"count": 6,
					"min": 38,
					"max": 113
				},
				"2023-08-15": {
					"avg": 35,
					"count": 1,
					"min": 35,
					"max": 35
				},
				"2023-08-19": {
					"avg": 524,
					"count": 1,
					"min": 524,
					"max": 524
				},
				"2023-08-20": {
					"avg": 148,
					"count": 1,
					"min": 148,
					"max": 148
				},
				"2023-08-23": {
					"avg": 70,
					"count": 1,
					"min": 70,
					"max": 70
				},
				"2023-08-24": {
					"avg": 148,
					"count": 1,
					"min": 148,
					"max": 148
				},
				"2023-08-26": {
					"avg": 68,
					"count": 2,
					"min": 23,
					"max": 113
				},
				"2023-08-27": {
					"avg": 15,
					"count": 1,
					"min": 15,
					"max": 15
				},
				"2023-08-29": {
					"avg": 34,
					"count": 1,
					"min": 34,
					"max": 34
				},
				"2023-09-01": {
					"avg": 116,
					"count": 1,
					"min": 116,
					"max": 116
				},
				"2023-09-02": {
					"avg": 24,
					"count": 1,
					"min": 24,
					"max": 24
				},
				"2023-09-07": {
					"avg": 40,
					"count": 1,
					"min": 40,
					"max": 40
				},
				"2023-09-10": {
					"avg": 118,
					"count": 3,
					"min": 117,
					"max": 119
				},
				"2023-09-11": {
					"avg": 137,
					"count": 3,
					"min": 116,
					"max": 177
				},
				"2023-09-15": {
					"avg": 35,
					"count": 1,
					"min": 35,
					"max": 35
				},
				"2023-09-16": {
					"avg": 130,
					"count": 2,
					"min": 124,
					"max": 135
				},
				"2023-09-17": {
					"avg": 31,
					"count": 1,
					"min": 31,
					"max": 31
				},
				"2023-09-18": {
					"avg": 125,
					"count": 1,
					"min": 125,
					"max": 125
				},
				"2023-09-19": {
					"avg": 34,
					"count": 1,
					"min": 34,
					"max": 34
				},
				"2023-09-20": {
					"avg": 17,
					"count": 3,
					"min": 15,
					"max": 18
				},
				"2023-09-21": {
					"avg": 225,
					"count": 3,
					"min": 225,
					"max": 225
				},
				"2023-09-22": {
					"avg": 113,
					"count": 1,
					"min": 113,
					"max": 113
				},
				"2023-09-23": {
					"avg": 20,
					"count": 1,
					"min": 20,
					"max": 20
				},
				"2023-09-25": {
					"avg": 91,
					"count": 5,
					"min": 15,
					"max": 110
				},
				"2023-09-26": {
					"avg": 118,
					"count": 3,
					"min": 117,
					"max": 119
				},
				"2023-09-30": {
					"avg": 48,
					"count": 1,
					"min": 48,
					"max": 48
				},
				"2023-10-03": {
					"avg": 147,
					"count": 3,
					"min": 147,
					"max": 147
				},
				"2023-10-04": {
					"avg": 15,
					"count": 1,
					"min": 15,
					"max": 15
				},
				"2023-10-05": {
					"avg": 32,
					"count": 26,
					"min": 23,
					"max": 43
				},
				"2023-10-06": {
					"avg": 122,
					"count": 1,
					"min": 122,
					"max": 122
				},
				"2023-10-08": {
					"avg": 25,
					"count": 1,
					"min": 25,
					"max": 25
				},
				"2023-10-09": {
					"avg": 25,
					"count": 1,
					"min": 25,
					"max": 25
				},
				"2023-10-11": {
					"avg": 261,
					"count": 2,
					"min": 123,
					"max": 399
				},
				"2023-10-13": {
					"avg": 74,
					"count": 2,
					"min": 24,
					"max": 124
				},
				"2023-10-17": {
					"avg": 70,
					"count": 2,
					"min": 40,
					"max": 100
				},
				"2023-10-21": {
					"avg": 183,
					"count": 3,
					"min": 124,
					"max": 212
				},
				"2023-10-23": {
					"avg": 30,
					"count": 1,
					"min": 30,
					"max": 30
				},
				"2023-10-26": {
					"avg": 29,
					"count": 1,
					"min": 29,
					"max": 29
				},
				"2023-10-28": {
					"avg": 119,
					"count": 2,
					"min": 119,
					"max": 119
				},
				"2023-11-04": {
					"avg": 70,
					"count": 1,
					"min": 70,
					"max": 70
				},
				"2023-11-05": {
					"avg": 144,
					"count": 1,
					"min": 144,
					"max": 144
				},
				"2023-11-06": {
					"avg": 29,
					"count": 1,
					"min": 29,
					"max": 29
				},
				"2023-11-07": {
					"avg": 25,
					"count": 1,
					"min": 25,
					"max": 25
				},
				"2023-11-09": {
					"avg": 30,
					"count": 3,
					"min": 29,
					"max": 30
				},
				"2023-11-13": {
					"avg": 110,
					"count": 2,
					"min": 106,
					"max": 114
				},
				"2023-11-15": {
					"avg": 125,
					"count": 2,
					"min": 122,
					"max": 129
				},
				"2023-11-17": {
					"avg": 424,
					"count": 1,
					"min": 424,
					"max": 424
				},
				"2023-11-18": {
					"avg": 68,
					"count": 1,
					"min": 68,
					"max": 68
				},
				"2023-11-19": {
					"avg": 38,
					"count": 1,
					"min": 38,
					"max": 38
				},
				"2023-11-21": {
					"avg": 23,
					"count": 3,
					"min": 23,
					"max": 23
				},
				"2023-11-24": {
					"avg": 95,
					"count": 12,
					"min": 62,
					"max": 148
				},
				"2023-11-25": {
					"avg": 98,
					"count": 4,
					"min": 22,
					"max": 132
				},
				"2023-11-26": {
					"avg": 57,
					"count": 2,
					"min": 18,
					"max": 97
				},
				"2023-11-27": {
					"avg": 137,
					"count": 1,
					"min": 137,
					"max": 137
				},
				"2024-05-17": {
					"avg": 78,
					"count": 16,
					"min": 68,
					"max": 150
				},
				"2024-05-18": {
					"avg": 41,
					"count": 6,
					"min": 18,
					"max": 153
				},
				"2024-05-20": {
					"avg": 424,
					"count": 1,
					"min": 424,
					"max": 424
				},
				"2024-05-21": {
					"avg": 41,
					"count": 1,
					"min": 41,
					"max": 41
				},
				"2024-05-22": {
					"avg": 531,
					"count": 2,
					"min": 22,
					"max": 1040
				},
				"2024-05-23": {
					"avg": 114,
					"count": 1,
					"min": 114,
					"max": 114
				},
				"2024-05-24": {
					"avg": 122,
					"count": 11,
					"min": 122,
					"max": 122
				},
				"2024-05-26": {
					"avg": 30,
					"count": 1,
					"min": 30,
					"max": 30
				},
				"2024-06-01": {
					"avg": 151,
					"count": 1,
					"min": 151,
					"max": 151
				},
				"2024-06-04": {
					"avg": 10,
					"count": 1,
					"min": 10,
					"max": 10
				},
				"2024-06-17": {
					"avg": 132,
					"count": 1,
					"min": 132,
					"max": 132
				},
				"2024-06-19": {
					"avg": 25,
					"count": 1,
					"min": 25,
					"max": 25
				},
				"2024-06-21": {
					"avg": 89,
					"count": 2,
					"min": 30,
					"max": 147
				},
				"2024-06-22": {
					"avg": 65,
					"count": 4,
					"min": 30,
					"max": 168
				},
				"2024-06-23": {
					"avg": 23,
					"count": 1,
					"min": 23,
					"max": 23
				},
				"2024-06-24": {
					"avg": 25,
					"count": 1,
					"min": 25,
					"max": 25
				},
				"2024-06-26": {
					"avg": 317,
					"count": 1,
					"min": 317,
					"max": 317
				},
				"2024-06-27": {
					"avg": 25,
					"count": 5,
					"min": 25,
					"max": 25
				},
				"2024-06-28": {
					"avg": 11,
					"count": 1,
					"min": 11,
					"max": 11
				},
				"2024-06-29": {
					"avg": 40,
					"count": 1,
					"min": 40,
					"max": 40
				},
				"2024-07-01": {
					"avg": 50,
					"count": 1,
					"min": 50,
					"max": 50
				},
				"2024-07-04": {
					"avg": 154,
					"count": 1,
					"min": 154,
					"max": 154
				},
				"2024-07-05": {
					"avg": 40,
					"count": 1,
					"min": 40,
					"max": 40
				},
				"2024-07-08": {
					"avg": 94,
					"count": 4,
					"min": 35,
					"max": 272
				},
				"2024-07-09": {
					"avg": 154,
					"count": 1,
					"min": 154,
					"max": 154
				},
				"2024-07-14": {
					"avg": 154,
					"count": 1,
					"min": 154,
					"max": 154
				},
				"2024-07-19": {
					"avg": 154,
					"count": 2,
					"min": 154,
					"max": 154
				},
				"2024-07-20": {
					"avg": 25,
					"count": 1,
					"min": 25,
					"max": 25
				},
				"2024-07-24": {
					"avg": 161,
					"count": 15,
					"min": 124,
					"max": 321
				},
				"2024-08-02": {
					"avg": 119,
					"count": 4,
					"min": 119,
					"max": 119
				},
				"2024-08-03": {
					"avg": 75,
					"count": 1,
					"min": 75,
					"max": 75
				},
				"2024-08-05": {
					"avg": 21,
					"count": 1,
					"min": 21,
					"max": 21
				},
				"2024-08-06": {
					"avg": 124,
					"count": 1,
					"min": 124,
					"max": 124
				},
				"2024-08-07": {
					"avg": 128,
					"count": 1,
					"min": 128,
					"max": 128
				},
				"2024-08-11": {
					"avg": 119,
					"count": 3,
					"min": 119,
					"max": 119
				},
				"2024-08-21": {
					"avg": 143,
					"count": 1,
					"min": 143,
					"max": 143
				},
				"2024-08-24": {
					"avg": 412,
					"count": 2,
					"min": 154,
					"max": 669
				},
				"2024-08-27": {
					"avg": 35,
					"count": 1,
					"min": 35,
					"max": 35
				},
				"2024-08-31": {
					"avg": 26,
					"count": 1,
					"min": 26,
					"max": 26
				},
				"2024-09-04": {
					"avg": 596,
					"count": 1,
					"min": 596,
					"max": 596
				},
				"2024-09-06": {
					"avg": 377,
					"count": 2,
					"min": 218,
					"max": 535
				},
				"2024-09-07": {
					"avg": 969,
					"count": 1,
					"min": 969,
					"max": 969
				},
				"2024-09-13": {
					"avg": 22,
					"count": 2,
					"min": 20,
					"max": 24
				},
				"2024-09-15": {
					"avg": 24,
					"count": 2,
					"min": 24,
					"max": 24
				},
				"2024-09-19": {
					"avg": 147,
					"count": 1,
					"min": 147,
					"max": 147
				},
				"2024-09-21": {
					"avg": 31,
					"count": 1,
					"min": 31,
					"max": 31
				}
			},
			"avg": 143,
			"avg7": 116,
			"avg28": 116
		},
		"normal-nearmint": {
			"history": {
				"2024-05-25": {
					"avg": 41,
					"count": 2,
					"min": 40,
					"max": 41
				},
				"2024-05-26": {
					"avg": 351,
					"count": 2,
					"min": 177,
					"max": 524
				},
				"2024-05-29": {
					"avg": 149,
					"count": 1,
					"min": 149,
					"max": 149
				},
				"2024-06-07": {
					"avg": 150,
					"count": 1,
					"min": 150,
					"max": 150
				},
				"2024-06-11": {
					"avg": 36,
					"count": 1,
					"min": 36,
					"max": 36
				},
				"2024-06-15": {
					"avg": 144,
					"count": 1,
					"min": 144,
					"max": 144
				},
				"2024-06-18": {
					"avg": 224,
					"count": 1,
					"min": 224,
					"max": 224
				},
				"2024-06-24": {
					"avg": 574,
					"count": 1,
					"min": 574,
					"max": 574
				},
				"2024-06-30": {
					"avg": 145,
					"count": 6,
					"min": 145,
					"max": 145
				},
				"2024-07-04": {
					"avg": 220,
					"count": 3,
					"min": 220,
					"max": 220
				},
				"2024-07-05": {
					"avg": 101,
					"count": 2,
					"min": 39,
					"max": 163
				},
				"2024-07-06": {
					"avg": 34,
					"count": 1,
					"min": 34,
					"max": 34
				},
				"2024-07-10": {
					"avg": 34,
					"count": 1,
					"min": 34,
					"max": 34
				},
				"2024-07-13": {
					"avg": 38,
					"count": 1,
					"min": 38,
					"max": 38
				},
				"2024-07-19": {
					"avg": 163,
					"count": 1,
					"min": 163,
					"max": 163
				},
				"2024-07-21": {
					"avg": 47,
					"count": 1,
					"min": 47,
					"max": 47
				},
				"2024-07-25": {
					"avg": 35,
					"count": 1,
					"min": 35,
					"max": 35
				},
				"2024-07-27": {
					"avg": 222,
					"count": 8,
					"min": 222,
					"max": 222
				},
				"2024-07-28": {
					"avg": 156,
					"count": 1,
					"min": 156,
					"max": 156
				},
				"2024-07-29": {
					"avg": 30,
					"count": 1,
					"min": 30,
					"max": 30
				},
				"2024-08-01": {
					"avg": 37,
					"count": 1,
					"min": 37,
					"max": 37
				},
				"2024-08-02": {
					"avg": 38,
					"count": 1,
					"min": 38,
					"max": 38
				},
				"2024-08-03": {
					"avg": 175,
					"count": 1,
					"min": 175,
					"max": 175
				},
				"2024-08-05": {
					"avg": 47,
					"count": 1,
					"min": 47,
					"max": 47
				},
				"2024-08-09": {
					"avg": 23,
					"count": 1,
					"min": 23,
					"max": 23
				},
				"2024-08-10": {
					"avg": 87,
					"count": 2,
					"min": 23,
					"max": 150
				},
				"2024-08-17": {
					"avg": 274,
					"count": 3,
					"min": 47,
					"max": 498
				},
				"2024-08-18": {
					"avg": 67,
					"count": 3,
					"min": 30,
					"max": 122
				},
				"2024-08-19": {
					"avg": 30,
					"count": 1,
					"min": 30,
					"max": 30
				},
				"2024-08-20": {
					"avg": 30,
					"count": 1,
					"min": 30,
					"max": 30
				},
				"2024-08-23": {
					"avg": 152,
					"count": 2,
					"min": 152,
					"max": 152
				},
				"2024-08-27": {
					"avg": 498,
					"count": 1,
					"min": 498,
					"max": 498
				},
				"2024-08-30": {
					"avg": 223,
					"count": 1,
					"min": 223,
					"max": 223
				},
				"2024-09-01": {
					"avg": 164,
					"count": 1,
					"min": 164,
					"max": 164
				},
				"2024-09-03": {
					"avg": 24,
					"count": 2,
					"min": 24,
					"max": 24
				},
				"2024-09-21": {
					"avg": 125,
					"count": 1,
					"min": 125,
					"max": 125
				}
			},
			"avg": 151,
			"avg7": -1,
			"avg28": -1
		},
		"normal-played": {
			"history": {
				"2024-05-24": {
					"avg": 25,
					"count": 8,
					"min": 25,
					"max": 25
				},
				"2024-05-25": {
					"avg": 8,
					"count": 1,
					"min": 8,
					"max": 8
				},
				"2024-06-02": {
					"avg": 22,
					"count": 1,
					"min": 22,
					"max": 22
				},
				"2024-06-09": {
					"avg": 79,
					"count": 2,
					"min": 18,
					"max": 140
				},
				"2024-06-25": {
					"avg": 23,
					"count": 1,
					"min": 23,
					"max": 23
				},
				"2024-06-27": {
					"avg": 214,
					"count": 1,
					"min": 214,
					"max": 214
				},
				"2024-07-02": {
					"avg": 25,
					"count": 1,
					"min": 25,
					"max": 25
				},
				"2024-07-04": {
					"avg": 140,
					"count": 1,
					"min": 140,
					"max": 140
				},
				"2024-07-05": {
					"avg": 178,
					"count": 3,
					"min": 178,
					"max": 178
				},
				"2024-07-10": {
					"avg": 18,
					"count": 1,
					"min": 18,
					"max": 18
				},
				"2024-07-12": {
					"avg": 17,
					"count": 2,
					"min": 15,
					"max": 19
				},
				"2024-07-16": {
					"avg": 140,
					"count": 1,
					"min": 140,
					"max": 140
				},
				"2024-07-18": {
					"avg": 8,
					"count": 1,
					"min": 8,
					"max": 8
				},
				"2024-07-19": {
					"avg": 15,
					"count": 1,
					"min": 15,
					"max": 15
				},
				"2024-07-23": {
					"avg": 146,
					"count": 1,
					"min": 146,
					"max": 146
				},
				"2024-07-24": {
					"avg": 91,
					"count": 7,
					"min": 25,
					"max": 145
				},
				"2024-07-27": {
					"avg": 15,
					"count": 1,
					"min": 15,
					"max": 15
				},
				"2024-07-31": {
					"avg": 104,
					"count": 1,
					"min": 104,
					"max": 104
				},
				"2024-08-03": {
					"avg": 132,
					"count": 1,
					"min": 132,
					"max": 132
				},
				"2024-08-19": {
					"avg": 137,
					"count": 1,
					"min": 137,
					"max": 137
				},
				"2024-08-24": {
					"avg": 19,
					"count": 1,
					"min": 19,
					"max": 19
				},
				"2024-08-25": {
					"avg": 23,
					"count": 1,
					"min": 23,
					"max": 23
				},
				"2024-09-02": {
					"avg": 10,
					"count": 1,
					"min": 10,
					"max": 10
				},
				"2024-09-03": {
					"avg": 15,
					"count": 1,
					"min": 15,
					"max": 15
				},
				"2024-09-07": {
					"avg": 152,
					"count": 3,
					"min": 152,
					"max": 152
				},
				"2024-09-09": {
					"avg": 109,
					"count": 1,
					"min": 109,
					"max": 109
				},
				"2024-09-18": {
					"avg": 201,
					"count": 3,
					"min": 201,
					"max": 201
				},
				"2024-09-19": {
					"avg": 143,
					"count": 1,
					"min": 143,
					"max": 143
				},
				"2024-09-22": {
					"avg": 10,
					"count": 2,
					"min": 10,
					"max": 10
				},
				"2024-09-23": {
					"avg": 115,
					"count": 1,
					"min": 115,
					"max": 115
				}
			},
			"avg": 81,
			"avg7": -1,
			"avg28": -1
		},
		"normal-poor": {
			"history": {
				"2024-06-19": {
					"avg": 20,
					"count": 1,
					"min": 20,
					"max": 20
				},
				"2024-07-23": {
					"avg": 74,
					"count": 4,
					"min": 63,
					"max": 109
				},
				"2024-07-27": {
					"avg": 15,
					"count": 1,
					"min": 15,
					"max": 15
				},
				"2024-08-28": {
					"avg": 8,
					"count": 2,
					"min": 5,
					"max": 10
				}
			},
			"avg": 43,
			"avg7": -1,
			"avg28": -1
		},
		"normal-used": {
			"history": {
				"2024-07-16": {
					"avg": 12,
					"count": 1,
					"min": 12,
					"max": 12
				},
				"2024-08-10": {
					"avg": 25,
					"count": 1,
					"min": 25,
					"max": 25
				}
			},
			"avg": 19,
			"avg7": -1,
			"avg28": -1
		}
	}
}