{
	"data": {
		"normal-good": {
			"history": {
				"2022-11-13": {
					"avg": 9,
					"count": 1
				},
				"2022-11-16": {
					"avg": 205,
					"count": 48
				},
				"2022-11-17": {
					"avg": 19,
					"count": 1
				},
				"2022-11-19": {
					"avg": 43,
					"count": 2,
					"min": 20,
					"max": 66
				},
				"2022-11-20": {
					"avg": 21,
					"count": 2,
					"min": 17,
					"max": 25
				},
				"2022-11-22": {
					"avg": 71,
					"count": 10,
					"min": 71,
					"max": 71
				},
				"2022-11-23": {
					"avg": 22,
					"count": 1,
					"min": 22,
					"max": 22
				},
				"2022-11-25": {
					"avg": 18,
					"count": 1,
					"min": 18,
					"max": 18
				},
				"2022-11-26": {
					"avg": 519,
					"count": 22,
					"min": 214,
					"max": 823
				},
				"2022-11-27": {
					"avg": 18,
					"count": 3,
					"min": 17,
					"max": 18
				},
				"2022-11-28": {
					"avg": 35,
					"count": 6,
					"min": 15,
					"max": 132
				},
				"2022-11-29": {
					"avg": 70,
					"count": 2,
					"min": 25,
					"max": 114
				},
				"2022-11-30": {
					"avg": 23,
					"count": 2,
					"min": 20,
					"max": 25
				},
				"2022-12-05": {
					"avg": 81,
					"count": 31,
					"min": 25,
					"max": 122
				},
				"2022-12-06": {
					"avg": 18,
					"count": 20,
					"min": 18,
					"max": 18
				},
				"2022-12-09": {
					"avg": 19,
					"count": 1,
					"min": 19,
					"max": 19
				},
				"2022-12-10": {
					"avg": 17,
					"count": 8,
					"min": 10,
					"max": 18
				},
				"2022-12-11": {
					"avg": 10,
					"count": 1,
					"min": 10,
					"max": 10
				},
				"2022-12-12": {
					"avg": 17,
					"count": 4,
					"min": 10,
					"max": 20
				},
				"2022-12-14": {
					"avg": 74,
					"count": 2,
					"min": 24,
					"max": 123
				},
				"2022-12-15": {
					"avg": 117,
					"count": 1,
					"min": 117,
					"max": 117
				},
				"2022-12-16": {
					"avg": 48,
					"count": 1,
					"min": 48,
					"max": 48
				},
				"2022-12-18": {
					"avg": 45,
					"count": 3,
					"min": 16,
					"max": 99
				},
				"2022-12-20": {
					"avg": 120,
					"count": 1,
					"min": 120,
					"max": 120
				},
				"2022-12-21": {
					"avg": 114,
					"count": 1,
					"min": 114,
					"max": 114
				},
				"2022-12-22": {
					"avg": 110,
					"count": 1,
					"min": 110,
					"max": 110
				},
				"2022-12-24": {
					"avg": 18,
					"count": 1,
					"min": 18,
					"max": 18
				},
				"2022-12-25": {
					"avg": 137,
					"count": 1,
					"min": 137,
					"max": 137
				},
				"2022-12-26": {
					"avg": 20,
					"count": 1,
					"min": 20,
					"max": 20
				},
				"2022-12-28": {
					"avg": 141,
					"count": 1,
					"min": 141,
					"max": 141
				},
				"2022-12-30": {
					"avg": 25,
					"count": 1,
					"min": 25,
					"max": 25
				},
				"2022-12-31": {
					"avg": 44,
					"count": 32,
					"min": 12,
					"max": 107
				},
				"2023-01-01": {
					"avg": 105,
					"count": 5,
					"min": 104,
					"max": 110
				},
				"2023-01-02": {
					"avg": 113,
					"count": 43,
					"min": 20,
					"max": 314
				},
				"2023-01-03": {
					"avg": 16,
					"count": 2,
					"min": 9,
					"max": 22
				},
				"2023-01-04": {
					"avg": 74,
					"count": 2,
					"min": 33,
					"max": 114
				},
				"2023-01-05": {
					"avg": 33,
					"count": 1,
					"min": 33,
					"max": 33
				},
				"2023-01-06": {
					"avg": 108,
					"count": 1,
					"min": 108,
					"max": 108
				},
				"2023-01-07": {
					"avg": 24,
					"count": 2,
					"min": 22,
					"max": 25
				},
				"2023-01-08": {
					"avg": 24,
					"count": 3,
					"min": 21,
					"max": 25
				},
				"2023-01-09": {
					"avg": 101,
					"count": 1,
					"min": 101,
					"max": 101
				},
				"2023-01-11": {
					"avg": 174,
					"count": 1,
					"min": 174,
					"max": 174
				},
				"2023-01-12": {
					"avg": 19,
					"count": 8,
					"min": 8,
					"max": 23
				},
				"2023-02-06": {
					"avg": 24,
					"count": 28,
					"min": 23,
					"max": 24
				},
				"2023-02-08": {
					"avg": 517,
					"count": 1,
					"min": 517,
					"max": 517
				},
				"2023-02-10": {
					"avg": 216,
					"count": 3,
					"min": 126,
					"max": 349
				},
				"2023-02-13": {
					"avg": 85,
					"count": 4,
					"min": 29,
					"max": 104
				},
				"2023-02-18": {
					"avg": 42,
					"count": 9,
					"min": 20,
					"max": 119
				},
				"2023-02-19": {
					"avg": 58,
					"count": 2,
					"min": 8,
					"max": 108
				},
				"2023-02-20": {
					"avg": 73,
					"count": 3,
					"min": 10,
					"max": 175
				},
				"2023-02-22": {
					"avg": 8,
					"count": 1,
					"min": 8,
					"max": 8
				},
				"2023-02-23": {
					"avg": 9,
					"count": 1,
					"min": 9,
					"max": 9
				},
				"2023-02-24": {
					"avg": 72,
					"count": 5,
					"min": 9,
					"max": 110
				},
				"2023-02-27": {
					"avg": 33,
					"count": 1,
					"min": 33,
					"max": 33
				},
				"2023-02-28": {
					"avg": 133,
					"count": 9,
					"min": 29,
					"max": 146
				},
				"2023-03-01": {
					"avg": 30,
					"count": 1,
					"min": 30,
					"max": 30
				},
				"2023-03-05": {
					"avg": 101,
					"count": 4,
					"min": 9,
					"max": 154
				},
				"2023-03-07": {
					"avg": 22,
					"count": 1,
					"min": 22,
					"max": 22
				},
				"2023-03-09": {
					"avg": 124,
					"count": 6,
					"min": 30,
					"max": 171
				},
				"2023-03-16": {
					"avg": 16,
					"count": 1,
					"min": 16,
					"max": 16
				},
				"2023-03-20": {
					"avg": 69,
					"count": 2,
					"min": 30,
					"max": 107
				},
				"2023-03-21": {
					"avg": 27,
					"count": 1,
					"min": 27,
					"max": 27
				},
				"2023-03-22": {
					"avg": 282,
					"count": 40,
					"min": 172,
					"max": 324
				},
				"2023-03-23": {
					"avg": 29,
					"count": 2,
					"min": 29,
					"max": 29
				},
				"2023-03-24": {
					"avg": 27,
					"count": 2,
					"min": 20,
					"max": 34
				},
				"2023-03-27": {
					"avg": 108,
					"count": 1,
					"min": 108,
					"max": 108
				},
				"2023-03-28": {
					"avg": 21,
					"count": 1,
					"min": 21,
					"max": 21
				},
				"2023-03-29": {
					"avg": 233,
					"count": 2,
					"min": 233,
					"max": 233
				},
				"2023-04-01": {
					"avg": 83,
					"count": 2,
					"min": 49,
					"max": 117
				},
				"2023-04-03": {
					"avg": 167,
					"count": 20,
					"min": 23,
					"max": 217
				},
				"2023-04-04": {
					"avg": 122,
					"count": 1,
					"min": 122,
					"max": 122
				},
				"2023-04-05": {
					"avg": 68,
					"count": 2,
					"min": 25,
					"max": 110
				},
				"2023-04-09": {
					"avg": 60,
					"count": 2,
					"min": 9,
					"max": 110
				},
				"2023-04-10": {
					"avg": 20,
					"count": 1,
					"min": 20,
					"max": 20
				},
				"2023-04-13": {
					"avg": 32,
					"count": 1,
					"min": 32,
					"max": 32
				},
				"2023-04-14": {
					"avg": 26,
					"count": 1,
					"min": 26,
					"max": 26
				},
				"2023-04-15": {
					"avg": 124,
					"count": 1,
					"min": 124,
					"max": 124
				},
				"2023-04-16": {
					"avg": 114,
					"count": 1,
					"min": 114,
					"max": 114
				},
				"2023-04-17": {
					"avg": 124,
					"count": 1,
					"min": 124,
					"max": 124
				},
				"2023-04-20": {
					"avg": 23,
					"count": 2,
					"min": 22,
					"max": 24
				},
				"2023-04-21": {
					"avg": 17,
					"count": 20,
					"min": 10,
					"max": 154
				},
				"2023-04-30": {
					"avg": 11,
					"count": 1,
					"min": 11,
					"max": 11
				},
				"2023-05-01": {
					"avg": 25,
					"count": 1,
					"min": 25,
					"max": 25
				},
				"2023-05-04": {
					"avg": 26,
					"count": 3,
					"min": 26,
					"max": 26
				},
				"2023-05-05": {
					"avg": 24,
					"count": 21,
					"min": 20,
					"max": 110
				},
				"2023-05-06": {
					"avg": 110,
					"count": 1,
					"min": 110,
					"max": 110
				},
				"2023-05-07": {
					"avg": 33,
					"count": 22,
					"min": 16,
					"max": 219
				},
				"2023-05-09": {
					"avg": 93,
					"count": 10,
					"min": 11,
					"max": 140
				},
				"2023-05-11": {
					"avg": 114,
					"count": 1,
					"min": 114,
					"max": 114
				},
				"2023-05-14": {
					"avg": 114,
					"count": 1,
					"min": 114,
					"max": 114
				},
				"2023-05-15": {
					"avg": 88,
					"count": 5,
					"min": 25,
					"max": 104
				},
				"2023-05-16": {
					"avg": 118,
					"count": 10,
					"min": 115,
					"max": 148
				},
				"2023-05-20": {
					"avg": 18,
					"count": 1,
					"min": 18,
					"max": 18
				},
				"2023-05-21": {
					"avg": 35,
					"count": 1,
					"min": 35,
					"max": 35
				},
				"2023-05-22": {
					"avg": 20,
					"count": 1,
					"min": 20,
					"max": 20
				},
				"2023-05-23": {
					"avg": 270,
					"count": 2,
					"min": 20,
					"max": 519
				},
				"2023-05-28": {
					"avg": 15,
					"count": 4,
					"min": 15,
					"max": 15
				},
				"2023-05-29": {
					"avg": 20,
					"count": 2,
					"min": 15,
					"max": 25
				},
				"2023-05-30": {
					"avg": 28,
					"count": 2,
					"min": 27,
					"max": 29
				},
				"2023-05-31": {
					"avg": 13,
					"count": 12,
					"min": 11,
					"max": 24
				},
				"2023-06-01": {
					"avg": 37,
					"count": 22,
					"min": 15,
					"max": 179
				},
				"2023-06-02": {
					"avg": 119,
					"count": 1,
					"min": 119,
					"max": 119
				},
				"2023-06-05": {
					"avg": 124,
					"count": 1,
					"min": 124,
					"max": 124
				},
				"2023-06-06": {
					"avg": 90,
					"count": 4,
					"min": 8,
					"max": 118
				},
				"2023-06-11": {
					"avg": 19,
					"count": 2,
					"min": 19,
					"max": 19
				},
				"2023-06-12": {
					"avg": 88,
					"count": 4,
					"min": 30,
					"max": 107
				},
				"2023-06-13": {
					"avg": 93,
					"count": 9,
					"min": 29,
					"max": 174
				},
				"2023-06-14": {
					"avg": 29,
					"count": 1,
					"min": 29,
					"max": 29
				},
				"2023-06-15": {
					"avg": 29,
					"count": 1,
					"min": 29,
					"max": 29
				},
				"2023-06-17": {
					"avg": 20,
					"count": 8,
					"min": 20,
					"max": 20
				},
				"2023-06-18": {
					"avg": 163,
					"count": 42,
					"min": 29,
					"max": 521
				},
				"2023-06-28": {
					"avg": 81,
					"count": 4,
					"min": 15,
					"max": 103
				},
				"2023-07-01": {
					"avg": 19,
					"count": 1,
					"min": 19,
					"max": 19
				},
				"2023-07-03": {
					"avg": 15,
					"count": 1,
					"min": 15,
					"max": 15
				},
				"2023-07-04": {
					"avg": 111,
					"count": 6,
					"min": 15,
					"max": 130
				},
				"2023-07-06": {
					"avg": 58,
					"count": 18,
					"min": 25,
					"max": 121
				},
				"2023-07-07": {
					"avg": 18,
					"count": 6,
					"min": 15,
					"max": 19
				},
				"2023-07-08": {
					"avg": 38,
					"count": 1,
					"min": 38,
					"max": 38
				},
				"2023-07-09": {
					"avg": 134,
					"count": 1,
					"min": 134,
					"max": 134
				},
				"2023-07-11": {
					"avg": 17,
					"count": 1,
					"min": 17,
					"max": 17
				},
				"2023-07-12": {
					"avg": 20,
					"count": 1,
					"min": 20,
					"max": 20
				},
				"2023-07-13": {
					"avg": 31,
					"count": 7,
					"min": 31,
					"max": 31
				},
				"2023-07-15": {
					"avg": 18,
					"count": 1,
					"min": 18,
					"max": 18
				},
				"2023-07-17": {
					"avg": 8,
					"count": 1,
					"min": 8,
					"max": 8
				},
				"2023-07-19": {
					"avg": 48,
					"count": 23,
					"min": 20,
					"max": 657
				},
				"2023-07-20": {
					"avg": 103,
					"count": 57,
					"min": 15,
					"max": 119
				},
				"2023-07-21": {
					"avg": 35,
					"count": 1,
					"min": 35,
					"max": 35
				},
				"2023-07-24": {
					"avg": 18,
					"count": 1,
					"min": 18,
					"max": 18
				},
				"2023-07-25": {
					"avg": 123,
					"count": 1,
					"min": 123,
					"max": 123
				},
				"2023-07-26": {
					"avg": 13,
					"count": 1,
					"min": 13,
					"max": 13
				},
				"2023-07-29": {
					"avg": 749,
					"count": 52,
					"min": 211,
					"max": 823
				},
				"2023-07-30": {
					"avg": 267,
					"count": 2,
					"min": 113,
					"max": 420
				},
				"2023-08-01": {
					"avg": 90,
					"count": 8,
					"min": 90,
					"max": 90
				},
				"2023-08-03": {
					"avg": 148,
					"count": 1,
					"min": 148,
					"max": 148
				},
				"2023-08-04": {
					"avg": 15,
					"count": 5,
					"min": 10,
					"max": 32
				},
				"2023-08-06": {
					"avg": 31,
					"count": 1,
					"min": 31,
					"max": 31
				},
				"2023-08-08": {
					"avg": 32,
					"count": 2,
					"min": 17,
					"max": 48
				},
				"2023-08-09": {
					"avg": 63,
					"count": 1,
					"min": 63,
					"max": 63
				},
				"2023-08-12": {
					"avg": 137,
					"count": 9,
					"min": 34,
					"max": 378
				},
				"2023-08-14": {
					"avg": 71,
					"count": 6,
					"min": 32,
					"max": 110
				},
				"2023-08-15": {
					"avg": 61,
					"count": 3,
					"min": 20,
					"max": 132
				},
				"2023-08-20": {
					"avg": 148,
					"count": 1,
					"min": 148,
					"max": 148
				},
				"2023-08-23": {
					"avg": 22,
					"count": 1,
					"min": 22,
					"max": 22
				},
				"2023-08-24": {
					"avg": 148,
					"count": 1,
					"min": 148,
					"max": 148
				},
				"2023-08-26": {
					"avg": 12,
					"count": 3,
					"min": 10,
					"max": 16
				},
				"2023-08-27": {
					"avg": 12,
					"count": 3,
					"min": 11,
					"max": 13
				},
				"2023-08-30": {
					"avg": 18,
					"count": 1,
					"min": 18,
					"max": 18
				},
				"2023-09-01": {
					"avg": 110,
					"count": 1,
					"min": 110,
					"max": 110
				},
				"2023-09-03": {
					"avg": 20,
					"count": 1,
					"min": 20,
					"max": 20
				},
				"2023-09-04": {
					"avg": 11,
					"count": 1,
					"min": 11,
					"max": 11
				},
				"2023-09-09": {
					"avg": 25,
					"count": 81,
					"min": 19,
					"max": 25
				},
				"2023-09-10": {
					"avg": 167,
					"count": 2,
					"min": 115,
					"max": 219
				},
				"2023-09-11": {
					"avg": 112,
					"count": 2,
					"min": 110,
					"max": 114
				},
				"2023-09-13": {
					"avg": 114,
					"count": 3,
					"min": 114,
					"max": 114
				},
				"2023-09-16": {
					"avg": 44,
					"count": 4,
					"min": 8,
					"max": 132
				},
				"2023-09-19": {
					"avg": 32,
					"count": 1,
					"min": 32,
					"max": 32
				},
				"2023-09-20": {
					"avg": 14,
					"count": 2,
					"min": 10,
					"max": 18
				},
				"2023-09-21": {
					"avg": 225,
					"count": 2,
					"min": 225,
					"max": 225
				},
				"2023-09-25": {
					"avg": 86,
					"count": 10,
					"min": 15,
					"max": 104
				},
				"2023-09-26": {
					"avg": 509,
					"count": 3,
					"min": 509,
					"max": 509
				},
				"2023-09-30": {
					"avg": 24,
					"count": 1,
					"min": 24,
					"max": 24
				},
				"2023-10-04": {
					"avg": 10,
					"count": 1,
					"min": 10,
					"max": 10
				},
				"2023-10-05": {
					"avg": 32,
					"count": 13,
					"min": 15,
					"max": 40
				},
				"2023-10-10": {
					"avg": 32,
					"count": 2,
					"min": 15,
					"max": 49
				},
				"2023-10-11": {
					"avg": 12,
					"count": 1,
					"min": 12,
					"max": 12
				},
				"2023-10-12": {
					"avg": 19,
					"count": 1,
					"min": 19,
					"max": 19
				},
				"2023-10-13": {
					"avg": 128,
					"count": 1,
					"min": 128,
					"max": 128
				},
				"2023-10-17": {
					"avg": 40,
					"count": 1,
					"min": 40,
					"max": 40
				},
				"2023-10-19": {
					"avg": 57,
					"count": 27,
					"min": 25,
					"max": 111
				},
				"2023-10-20": {
					"avg": 137,
					"count": 18,
					"min": 129,
					"max": 169
				},
				"2023-10-21": {
					"avg": 159,
					"count": 2,
					"min": 106,
					"max": 212
				},
				"2023-10-22": {
					"avg": 34,
					"count": 1,
					"min": 34,
					"max": 34
				},
				"2023-10-24": {
					"avg": 20,
					"count": 2,
					"min": 19,
					"max": 20
				},
				"2023-10-26": {
					"avg": 114,
					"count": 1,
					"min": 114,
					"max": 114
				},
				"2023-10-28": {
					"avg": 116,
					"count": 18,
					"min": 110,
					"max": 119
				},
				"2023-10-29": {
					"avg": 132,
					"count": 2,
					"min": 124,
					"max": 140
				},
				"2023-11-04": {
					"avg": 121,
					"count": 3,
					"min": 17,
					"max": 315
				},
				"2023-11-05": {
					"avg": 135,
					"count": 1,
					"min": 135,
					"max": 135
				},
				"2023-11-06": {
					"avg": 22,
					"count": 1,
					"min": 22,
					"max": 22
				},
				"2023-11-07": {
					"avg": 28,
					"count": 10,
					"min": 15,
					"max": 30
				},
				"2023-11-14": {
					"avg": 64,
					"count": 1,
					"min": 64,
					"max": 64
				},
				"2023-11-17": {
					"avg": 166,
					"count": 6,
					"min": 36,
					"max": 399
				},
				"2023-11-19": {
					"avg": 222,
					"count": 3,
					"min": 25,
					"max": 517
				},
				"2023-11-22": {
					"avg": 20,
					"count": 2,
					"min": 20,
					"max": 20
				},
				"2023-11-24": {
					"avg": 148,
					"count": 10,
					"min": 108,
					"max": 188
				},
				"2023-11-25": {
					"avg": 85,
					"count": 4,
					"min": 37,
					"max": 130
				},
				"2023-11-26": {
					"avg": 18,
					"count": 1,
					"min": 18,
					"max": 18
				},
				"2023-11-27": {
					"avg": 124,
					"count": 1,
					"min": 124,
					"max": 124
				},
				"2024-05-17": {
					"avg": 252,
					"count": 29,
					"min": 65,
					"max": 512
				},
				"2024-05-18": {
					"avg": 60,
					"count": 9,
					"min": 1,
					"max": 140
				},
				"2024-05-19": {
					"avg": 79,
					"count": 2,
					"min": 25,
					"max": 132
				},
				"2024-05-20": {
					"avg": 13,
					"count": 1,
					"min": 13,
					"max": 13
				},
				"2024-05-21": {
					"avg": 66,
					"count": 10,
					"min": 17,
					"max": 360
				},
				"2024-05-22": {
					"avg": 1035,
					"count": 1,
					"min": 1035,
					"max": 1035
				},
				"2024-05-24": {
					"avg": 116,
					"count": 20,
					"min": 116,
					"max": 116
				},
				"2024-05-25": {
					"avg": 116,
					"count": 1,
					"min": 116,
					"max": 116
				},
				"2024-05-26": {
					"avg": 15,
					"count": 1,
					"min": 15,
					"max": 15
				},
				"2024-05-29": {
					"avg": 15,
					"count": 2,
					"min": 13,
					"max": 16
				},
				"2024-06-02": {
					"avg": 132,
					"count": 1,
					"min": 132,
					"max": 132
				},
				"2024-06-06": {
					"avg": 13,
					"count": 1,
					"min": 13,
					"max": 13
				},
				"2024-06-07": {
					"avg": 10,
					"count": 1,
					"min": 10,
					"max": 10
				},
				"2024-06-09": {
					"avg": 15,
					"count": 1,
					"min": 15,
					"max": 15
				},
				"2024-06-11": {
					"avg": 25,
					"count": 7,
					"min": 25,
					"max": 25
				},
				"2024-06-17": {
					"avg": 132,
					"count": 1,
					"min": 132,
					"max": 132
				},
				"2024-06-18": {
					"avg": 15,
					"count": 1,
					"min": 15,
					"max": 15
				},
				"2024-06-19": {
					"avg": 21,
					"count": 1,
					"min": 21,
					"max": 21
				},
				"2024-06-20": {
					"avg": 147,
					"count": 1,
					"min": 147,
					"max": 147
				},
				"2024-06-21": {
					"avg": 19,
					"count": 1,
					"min": 19,
					"max": 19
				},
				"2024-06-23": {
					"avg": 19,
					"count": 2,
					"min": 17,
					"max": 21
				},
				"2024-06-24": {
					"avg": 21,
					"count": 1,
					"min": 21,
					"max": 21
				},
				"2024-06-27": {
					"avg": 21,
					"count": 2,
					"min": 21,
					"max": 21
				},
				"2024-06-28": {
					"avg": 10,
					"count": 2,
					"min": 10,
					"max": 10
				},
				"2024-07-03": {
					"avg": 15,
					"count": 1,
					"min": 15,
					"max": 15
				},
				"2024-07-04": {
					"avg": 151,
					"count": 1,
					"min": 151,
					"max": 151
				},
				"2024-07-09": {
					"avg": 16,
					"count": 1,
					"min": 16,
					"max": 16
				},
				"2024-07-12": {
					"avg": 109,
					"count": 1,
					"min": 109,
					"max": 109
				},
				"2024-07-17": {
					"avg": 16,
					"count": 1,
					"min": 16,
					"max": 16
				},
				"2024-07-18": {
					"avg": 117,
					"count": 15,
					"min": 117,
					"max": 117
				},
				"2024-07-21": {
					"avg": 18,
					"count": 1,
					"min": 18,
					"max": 18
				},
				"2024-07-24": {
					"avg": 145,
					"count": 12,
					"min": 117,
					"max": 161
				},
				"2024-07-29": {
					"avg": 224,
					"count": 1,
					"min": 224,
					"max": 224
				},
				"2024-07-31": {
					"avg": 106,
					"count": 2,
					"min": 106,
					"max": 106
				},
				"2024-08-02": {
					"avg": 121,
					"count": 3,
					"min": 116,
					"max": 132
				},
				"2024-08-06": {
					"avg": 29,
					"count": 36,
					"min": 20,
					"max": 29
				},
				"2024-08-07": {
					"avg": 128,
					"count": 1,
					"min": 128,
					"max": 128
				},
				"2024-08-09": {
					"avg": 16,
					"count": 3,
					"min": 16,
					"max": 16
				},
				"2024-08-10": {
					"avg": 24,
					"count": 1,
					"min": 24,
					"max": 24
				},
				"2024-08-13": {
					"avg": 156,
					"count": 1,
					"min": 156,
					"max": 156
				},
				"2024-08-14": {
					"avg": 15,
					"count": 1,
					"min": 15,
					"max": 15
				},
				"2024-08-15": {
					"avg": 10,
					"count": 1,
					"min": 10,
					"max": 10
				},
				"2024-08-19": {
					"avg": 136,
					"count": 1,
					"min": 136,
					"max": 136
				},
				"2024-08-20": {
					"avg": 209,
					"count": 1,
					"min": 209,
					"max": 209
				},
				"2024-08-27": {
					"avg": 15,
					"count": 1,
					"min": 15,
					"max": 15
				},
				"2024-09-04": {
					"avg": 548,
					"count": 1,
					"min": 548,
					"max": 548
				},
				"2024-09-06": {
					"avg": 147,
					"count": 1,
					"min": 147,
					"max": 147
				},
				"2024-09-07": {
					"avg": 969,
					"count": 1,
					"min": 969,
					"max": 969
				},
				"2024-09-15": {
					"avg": 16,
					"count": 2,
					"min": 16,
					"max": 16
				},
				"2024-09-16": {
					"avg": 19,
					"count": 1,
					"min": 19,
					"max": 19
				},
				"2024-09-18": {
					"avg": 14,
					"count": 1,
					"min": 14,
					"max": 14
				},
				"2024-09-19": {
					"avg": 19,
					"count": 1,
					"min": 19,
					"max": 19
				},
				"2024-09-22": {
					"avg": 18,
					"count": 1,
					"min": 18,
					"max": 18
				}
			},
			"avg": 122,
			"avg7": 170,
			"avg28": 170
		},
		"normal-played": {
			"history": {
				"2024-05-26": {
					"avg": 12,
					"count": 2,
					"min": 12,
					"max": 12
				},
				"2024-05-28": {
					"avg": 12,
					"count": 1,
					"min": 12,
					"max": 12
				},
				"2024-06-01": {
					"avg": 14,
					"count": 1,
					"min": 14,
					"max": 14
				},
				"2024-06-09": {
					"avg": 20,
					"count": 2,
					"min": 14,
					"max": 25
				},
				"2024-06-17": {
					"avg": 116,
					"count": 1,
					"min": 116,
					"max": 116
				},
				"2024-06-21": {
					"avg": 18,
					"count": 5,
					"min": 14,
					"max": 25
				},
				"2024-06-27": {
					"avg": 14,
					"count": 1,
					"min": 14,
					"max": 14
				},
				"2024-06-29": {
					"avg": 30,
					"count": 1,
					"min": 30,
					"max": 30
				},
				"2024-07-03": {
					"avg": 15,
					"count": 2,
					"min": 15,
					"max": 15
				},
				"2024-07-09": {
					"avg": 147,
					"count": 1,
					"min": 147,
					"max": 147
				},
				"2024-07-12": {
					"avg": 16,
					"count": 1,
					"min": 16,
					"max": 16
				},
				"2024-07-16": {
					"avg": 15,
					"count": 1,
					"min": 15,
					"max": 15
				},
				"2024-07-17": {
					"avg": 10,
					"count": 2,
					"min": 10,
					"max": 10
				},
				"2024-07-20": {
					"avg": 271,
					"count": 1,
					"min": 271,
					"max": 271
				},
				"2024-07-24": {
					"avg": 138,
					"count": 28,
					"min": 12,
					"max": 515
				},
				"2024-07-31": {
					"avg": 104,
					"count": 1,
					"min": 104,
					"max": 104
				},
				"2024-08-06": {
					"avg": 20,
					"count": 2,
					"min": 20,
					"max": 20
				},
				"2024-08-08": {
					"avg": 16,
					"count": 1,
					"min": 16,
					"max": 16
				},
				"2024-08-15": {
					"avg": 15,
					"count": 1,
					"min": 15,
					"max": 15
				},
				"2024-08-16": {
					"avg": 30,
					"count": 1,
					"min": 30,
					"max": 30
				},
				"2024-08-25": {
					"avg": 14,
					"count": 1,
					"min": 14,
					"max": 14
				},
				"2024-08-27": {
					"avg": 28,
					"count": 1,
					"min": 28,
					"max": 28
				},
				"2024-08-31": {
					"avg": 25,
					"count": 1,
					"min": 25,
					"max": 25
				},
				"2024-09-02": {
					"avg": 16,
					"count": 1,
					"min": 16,
					"max": 16
				},
				"2024-09-03": {
					"avg": 13,
					"count": 1,
					"min": 13,
					"max": 13
				},
				"2024-09-07": {
					"avg": 79,
					"count": 9,
					"min": 13,
					"max": 147
				},
				"2024-09-18": {
					"avg": 201,
					"count": 1,
					"min": 201,
					"max": 201
				},
				"2024-09-19": {
					"avg": 12,
					"count": 1,
					"min": 12,
					"max": 12
				},
				"2024-09-20": {
					"avg": 16,
					"count": 1,
					"min": 16,
					"max": 16
				},
				"2024-09-22": {
					"avg": 10,
					"count": 1,
					"min": 10,
					"max": 10
				}
			},
			"avg": 80,
			"avg7": -1,
			"avg28": -1
		},
		"normal-nearmint": {
			"history": {
				"2024-05-25": {
					"avg": 36,
					"count": 1,
					"min": 36,
					"max": 36
				},
				"2024-05-29": {
					"avg": 134,
					"count": 1,
					"min": 134,
					"max": 134
				},
				"2024-06-06": {
					"avg": 157,
					"count": 1,
					"min": 157,
					"max": 157
				},
				"2024-06-09": {
					"avg": 29,
					"count": 1,
					"min": 29,
					"max": 29
				},
				"2024-06-11": {
					"avg": 150,
					"count": 1,
					"min": 150,
					"max": 150
				},
				"2024-06-14": {
					"avg": 212,
					"count": 1,
					"min": 212,
					"max": 212
				},
				"2024-06-15": {
					"avg": 138,
					"count": 1,
					"min": 138,
					"max": 138
				},
				"2024-06-16": {
					"avg": 198,
					"count": 1,
					"min": 198,
					"max": 198
				},
				"2024-06-18": {
					"avg": 224,
					"count": 1,
					"min": 224,
					"max": 224
				},
				"2024-06-20": {
					"avg": 139,
					"count": 3,
					"min": 139,
					"max": 139
				},
				"2024-06-24": {
					"avg": 548,
					"count": 1,
					"min": 548,
					"max": 548
				},
				"2024-06-27": {
					"avg": 27,
					"count": 1,
					"min": 27,
					"max": 27
				},
				"2024-07-02": {
					"avg": 47,
					"count": 1,
					"min": 47,
					"max": 47
				},
				"2024-07-05": {
					"avg": 158,
					"count": 1,
					"min": 158,
					"max": 158
				},
				"2024-07-06": {
					"avg": 32,
					"count": 1,
					"min": 32,
					"max": 32
				},
				"2024-07-07": {
					"avg": 528,
					"count": 1,
					"min": 528,
					"max": 528
				},
				"2024-07-10": {
					"avg": 30,
					"count": 1,
					"min": 30,
					"max": 30
				},
				"2024-07-13": {
					"avg": 30,
					"count": 1,
					"min": 30,
					"max": 30
				},
				"2024-07-19": {
					"avg": 103,
					"count": 2,
					"min": 47,
					"max": 158
				},
				"2024-07-20": {
					"avg": 78,
					"count": 1,
					"min": 78,
					"max": 78
				},
				"2024-07-24": {
					"avg": 175,
					"count": 5,
					"min": 158,
					"max": 179
				},
				"2024-07-25": {
					"avg": 32,
					"count": 1,
					"min": 32,
					"max": 32
				},
				"2024-07-28": {
					"avg": 93,
					"count": 2,
					"min": 30,
					"max": 156
				},
				"2024-08-02": {
					"avg": 30,
					"count": 1,
					"min": 30,
					"max": 30
				},
				"2024-08-03": {
					"avg": 156,
					"count": 1,
					"min": 156,
					"max": 156
				},
				"2024-08-05": {
					"avg": 29,
					"count": 1,
					"min": 29,
					"max": 29
				},
				"2024-08-14": {
					"avg": 118,
					"count": 1,
					"min": 118,
					"max": 118
				},
				"2024-08-16": {
					"avg": 289,
					"count": 2,
					"min": 30,
					"max": 548
				},
				"2024-08-17": {
					"avg": 448,
					"count": 1,
					"min": 448,
					"max": 448
				},
				"2024-08-18": {
					"avg": 39,
					"count": 2,
					"min": 29,
					"max": 49
				},
				"2024-08-20": {
					"avg": 29,
					"count": 1,
					"min": 29,
					"max": 29
				},
				"2024-08-23": {
					"avg": 149,
					"count": 4,
					"min": 149,
					"max": 149
				},
				"2024-08-24": {
					"avg": 39,
					"count": 1,
					"min": 39,
					"max": 39
				},
				"2024-08-27": {
					"avg": 147,
					"count": 5,
					"min": 29,
					"max": 474
				},
				"2024-08-31": {
					"avg": 29,
					"count": 1,
					"min": 29,
					"max": 29
				},
				"2024-09-05": {
					"avg": 49,
					"count": 1,
					"min": 49,
					"max": 49
				},
				"2024-09-13": {
					"avg": 23,
					"count": 1,
					"min": 23,
					"max": 23
				},
				"2024-09-21": {
					"avg": 149,
					"count": 1,
					"min": 149,
					"max": 149
				},
				"2024-09-22": {
					"avg": 36,
					"count": 2,
					"min": 23,
					"max": 49
				}
			},
			"avg": 134,
			"avg7": -1,
			"avg28": -1
		},
		"normal-used": {
			"history": {
				"2024-05-25": {
					"avg": 17,
					"count": 1,
					"min": 17,
					"max": 17
				},
				"2024-06-17": {
					"avg": 25,
					"count": 1,
					"min": 25,
					"max": 25
				},
				"2024-06-22": {
					"avg": 65,
					"count": 1,
					"min": 65,
					"max": 65
				},
				"2024-06-27": {
					"avg": 4,
					"count": 1,
					"min": 4,
					"max": 4
				},
				"2024-07-05": {
					"avg": 40,
					"count": 1,
					"min": 40,
					"max": 40
				},
				"2024-07-16": {
					"avg": 98,
					"count": 3,
					"min": 22,
					"max": 135
				},
				"2024-07-18": {
					"avg": 105,
					"count": 4,
					"min": 105,
					"max": 105
				},
				"2024-07-26": {
					"avg": 13,
					"count": 1,
					"min": 13,
					"max": 13
				},
				"2024-07-30": {
					"avg": 15,
					"count": 1,
					"min": 15,
					"max": 15
				},
				"2024-08-10": {
					"avg": 14,
					"count": 1,
					"min": 14,
					"max": 14
				},
				"2024-08-24": {
					"avg": 19,
					"count": 1,
					"min": 19,
					"max": 19
				},
				"2024-08-28": {
					"avg": 74,
					"count": 2,
					"min": 9,
					"max": 138
				}
			},
			"avg": 60,
			"avg7": -1,
			"avg28": -1
		},
		"normal-poor": {
			"history": {
				"2024-05-24": {
					"avg": 19,
					"count": 1,
					"min": 19,
					"max": 19
				},
				"2024-06-18": {
					"avg": 10,
					"count": 1,
					"min": 10,
					"max": 10
				},
				"2024-07-25": {
					"avg": 17,
					"count": 1,
					"min": 17,
					"max": 17
				},
				"2024-08-08": {
					"avg": 18,
					"count": 1,
					"min": 18,
					"max": 18
				},
				"2024-08-21": {
					"avg": 135,
					"count": 1,
					"min": 135,
					"max": 135
				}
			},
			"avg": 40,
			"avg7": -1,
			"avg28": -1
		}
	}
}