{
	"data": {
		"normal-good": {
			"history": {
				"2022-11-15": {
					"avg": 84,
					"count": 3
				},
				"2022-11-16": {
					"avg": 84,
					"count": 42
				},
				"2022-11-19": {
					"avg": 39,
					"count": 3,
					"min": 23,
					"max": 68
				},
				"2022-11-22": {
					"avg": 642,
					"count": 9,
					"min": 25,
					"max": 818
				},
				"2022-11-23": {
					"avg": 25,
					"count": 1,
					"min": 25,
					"max": 25
				},
				"2022-11-27": {
					"avg": 68,
					"count": 2,
					"min": 10,
					"max": 125
				},
				"2022-11-28": {
					"avg": 117,
					"count": 6,
					"min": 10,
					"max": 509
				},
				"2022-11-29": {
					"avg": 117,
					"count": 1,
					"min": 117,
					"max": 117
				},
				"2022-11-30": {
					"avg": 26,
					"count": 2,
					"min": 22,
					"max": 30
				},
				"2022-12-02": {
					"avg": 20,
					"count": 2,
					"min": 17,
					"max": 22
				},
				"2022-12-05": {
					"avg": 8,
					"count": 1,
					"min": 8,
					"max": 8
				},
				"2022-12-06": {
					"avg": 18,
					"count": 21,
					"min": 18,
					"max": 24
				},
				"2022-12-07": {
					"avg": 24,
					"count": 1,
					"min": 24,
					"max": 24
				},
				"2022-12-10": {
					"avg": 15,
					"count": 1,
					"min": 15,
					"max": 15
				},
				"2022-12-11": {
					"avg": 524,
					"count": 1,
					"min": 524,
					"max": 524
				},
				"2022-12-14": {
					"avg": 74,
					"count": 2,
					"min": 22,
					"max": 125
				},
				"2022-12-15": {
					"avg": 100,
					"count": 1,
					"min": 100,
					"max": 100
				},
				"2022-12-17": {
					"avg": 25,
					"count": 1,
					"min": 25,
					"max": 25
				},
				"2022-12-18": {
					"avg": 54,
					"count": 3,
					"min": 15,
					"max": 126
				},
				"2022-12-20": {
					"avg": 26,
					"count": 2,
					"min": 25,
					"max": 26
				},
				"2022-12-24": {
					"avg": 25,
					"count": 1,
					"min": 25,
					"max": 25
				},
				"2022-12-25": {
					"avg": 139,
					"count": 1,
					"min": 139,
					"max": 139
				},
				"2022-12-27": {
					"avg": 77,
					"count": 2,
					"min": 35,
					"max": 119
				},
				"2022-12-28": {
					"avg": 25,
					"count": 1,
					"min": 25,
					"max": 25
				},
				"2022-12-29": {
					"avg": 25,
					"count": 1,
					"min": 25,
					"max": 25
				},
				"2022-12-30": {
					"avg": 25,
					"count": 1,
					"min": 25,
					"max": 25
				},
				"2022-12-31": {
					"avg": 50,
					"count": 32,
					"min": 20,
					"max": 122
				},
				"2023-01-01": {
					"avg": 199,
					"count": 1,
					"min": 199,
					"max": 199
				},
				"2023-01-02": {
					"avg": 121,
					"count": 14,
					"min": 25,
					"max": 323
				},
				"2023-01-04": {
					"avg": 75,
					"count": 2,
					"min": 26,
					"max": 124
				},
				"2023-01-05": {
					"avg": 25,
					"count": 1,
					"min": 25,
					"max": 25
				},
				"2023-01-07": {
					"avg": 130,
					"count": 2,
					"min": 130,
					"max": 130
				},
				"2023-01-08": {
					"avg": 25,
					"count": 3,
					"min": 25,
					"max": 26
				},
				"2023-01-09": {
					"avg": 110,
					"count": 1,
					"min": 110,
					"max": 110
				},
				"2023-01-12": {
					"avg": 127,
					"count": 4,
					"min": 19,
					"max": 450
				},
				"2023-02-07": {
					"avg": 349,
					"count": 1,
					"min": 349,
					"max": 349
				},
				"2023-02-10": {
					"avg": 162,
					"count": 5,
					"min": 79,
					"max": 349
				},
				"2023-02-11": {
					"avg": 20,
					"count": 1,
					"min": 20,
					"max": 20
				},
				"2023-02-15": {
					"avg": 118,
					"count": 1,
					"min": 118,
					"max": 118
				},
				"2023-02-16": {
					"avg": 25,
					"count": 1,
					"min": 25,
					"max": 25
				},
				"2023-02-17": {
					"avg": 30,
					"count": 1,
					"min": 30,
					"max": 30
				},
				"2023-02-18": {
					"avg": 178,
					"count": 1,
					"min": 178,
					"max": 178
				},
				"2023-02-19": {
					"avg": 119,
					"count": 1,
					"min": 119,
					"max": 119
				},
				"2023-02-20": {
					"avg": 256,
					"count": 2,
					"min": 234,
					"max": 278
				},
				"2023-02-21": {
					"avg": 137,
					"count": 2,
					"min": 25,
					"max": 248
				},
				"2023-02-22": {
					"avg": 100,
					"count": 1,
					"min": 100,
					"max": 100
				},
				"2023-02-23": {
					"avg": 22,
					"count": 1,
					"min": 22,
					"max": 22
				},
				"2023-02-24": {
					"avg": 29,
					"count": 4,
					"min": 25,
					"max": 30
				},
				"2023-02-26": {
					"avg": 82,
					"count": 2,
					"min": 35,
					"max": 129
				},
				"2023-02-27": {
					"avg": 130,
					"count": 1,
					"min": 130,
					"max": 130
				},
				"2023-03-01": {
					"avg": 26,
					"count": 1,
					"min": 26,
					"max": 26
				},
				"2023-03-03": {
					"avg": 30,
					"count": 5,
					"min": 30,
					"max": 30
				},
				"2023-03-05": {
					"avg": 149,
					"count": 2,
					"min": 124,
					"max": 174
				},
				"2023-03-06": {
					"avg": 130,
					"count": 3,
					"min": 61,
					"max": 200
				},
				"2023-03-07": {
					"avg": 26,
					"count": 1,
					"min": 26,
					"max": 26
				},
				"2023-03-09": {
					"avg": 60,
					"count": 3,
					"min": 25,
					"max": 129
				},
				"2023-03-11": {
					"avg": 22,
					"count": 2,
					"min": 21,
					"max": 24
				},
				"2023-03-14": {
					"avg": 73,
					"count": 2,
					"min": 32,
					"max": 114
				},
				"2023-03-22": {
					"avg": 113,
					"count": 26,
					"min": 25,
					"max": 343
				},
				"2023-03-23": {
					"avg": 378,
					"count": 1,
					"min": 378,
					"max": 378
				},
				"2023-03-25": {
					"avg": 20,
					"count": 1,
					"min": 20,
					"max": 20
				},
				"2023-03-26": {
					"avg": 420,
					"count": 1,
					"min": 420,
					"max": 420
				},
				"2023-03-27": {
					"avg": 111,
					"count": 1,
					"min": 111,
					"max": 111
				},
				"2023-03-28": {
					"avg": 22,
					"count": 1,
					"min": 22,
					"max": 22
				},
				"2023-03-31": {
					"avg": 107,
					"count": 1,
					"min": 107,
					"max": 107
				},
				"2023-04-01": {
					"avg": 89,
					"count": 2,
					"min": 49,
					"max": 129
				},
				"2023-04-03": {
					"avg": 288,
					"count": 10,
					"min": 227,
					"max": 328
				},
				"2023-04-05": {
					"avg": 19,
					"count": 1,
					"min": 19,
					"max": 19
				},
				"2023-04-09": {
					"avg": 23,
					"count": 2,
					"min": 22,
					"max": 24
				},
				"2023-04-10": {
					"avg": 29,
					"count": 1,
					"min": 29,
					"max": 29
				},
				"2023-04-17": {
					"avg": 140,
					"count": 2,
					"min": 125,
					"max": 154
				},
				"2023-04-21": {
					"avg": 17,
					"count": 20,
					"min": 10,
					"max": 159
				},
				"2023-04-23": {
					"avg": 25,
					"count": 1,
					"min": 25,
					"max": 25
				},
				"2023-04-25": {
					"avg": 22,
					"count": 1,
					"min": 22,
					"max": 22
				},
				"2023-04-26": {
					"avg": 11,
					"count": 1,
					"min": 11,
					"max": 11
				},
				"2023-04-30": {
					"avg": 23,
					"count": 1,
					"min": 23,
					"max": 23
				},
				"2023-05-04": {
					"avg": 91,
					"count": 1,
					"min": 91,
					"max": 91
				},
				"2023-05-05": {
					"avg": 29,
					"count": 22,
					"min": 20,
					"max": 124
				},
				"2023-05-07": {
					"avg": 158,
					"count": 14,
					"min": 18,
					"max": 378
				},
				"2023-05-09": {
					"avg": 25,
					"count": 8,
					"min": 25,
					"max": 25
				},
				"2023-05-14": {
					"avg": 321,
					"count": 2,
					"min": 111,
					"max": 531
				},
				"2023-05-16": {
					"avg": 94,
					"count": 2,
					"min": 35,
					"max": 152
				},
				"2023-05-18": {
					"avg": 18,
					"count": 1,
					"min": 18,
					"max": 18
				},
				"2023-05-20": {
					"avg": 18,
					"count": 1,
					"min": 18,
					"max": 18
				},
				"2023-05-24": {
					"avg": 29,
					"count": 2,
					"min": 29,
					"max": 29
				},
				"2023-05-27": {
					"avg": 134,
					"count": 1,
					"min": 134,
					"max": 134
				},
				"2023-05-28": {
					"avg": 15,
					"count": 1,
					"min": 15,
					"max": 15
				},
				"2023-05-29": {
					"avg": 29,
					"count": 3,
					"min": 25,
					"max": 35
				},
				"2023-05-30": {
					"avg": 26,
					"count": 1,
					"min": 26,
					"max": 26
				},
				"2023-05-31": {
					"avg": 130,
					"count": 1,
					"min": 130,
					"max": 130
				},
				"2023-06-01": {
					"avg": 150,
					"count": 25,
					"min": 15,
					"max": 429
				},
				"2023-06-06": {
					"avg": 118,
					"count": 4,
					"min": 116,
					"max": 122
				},
				"2023-06-10": {
					"avg": 22,
					"count": 1,
					"min": 22,
					"max": 22
				},
				"2023-06-11": {
					"avg": 120,
					"count": 1,
					"min": 120,
					"max": 120
				},
				"2023-06-13": {
					"avg": 26,
					"count": 3,
					"min": 24,
					"max": 30
				},
				"2023-06-14": {
					"avg": 29,
					"count": 1,
					"min": 29,
					"max": 29
				},
				"2023-06-16": {
					"avg": 22,
					"count": 1,
					"min": 22,
					"max": 22
				},
				"2023-06-17": {
					"avg": 24,
					"count": 7,
					"min": 22,
					"max": 26
				},
				"2023-06-21": {
					"avg": 124,
					"count": 1,
					"min": 124,
					"max": 124
				},
				"2023-06-25": {
					"avg": 25,
					"count": 1,
					"min": 25,
					"max": 25
				},
				"2023-06-26": {
					"avg": 174,
					"count": 1,
					"min": 174,
					"max": 174
				},
				"2023-06-28": {
					"avg": 25,
					"count": 1,
					"min": 25,
					"max": 25
				},
				"2023-06-30": {
					"avg": 25,
					"count": 1,
					"min": 25,
					"max": 25
				},
				"2023-07-03": {
					"avg": 25,
					"count": 3,
					"min": 23,
					"max": 30
				},
				"2023-07-04": {
					"avg": 130,
					"count": 2,
					"min": 130,
					"max": 130
				},
				"2023-07-06": {
					"avg": 298,
					"count": 30,
					"min": 30,
					"max": 432
				},
				"2023-07-07": {
					"avg": 125,
					"count": 2,
					"min": 124,
					"max": 126
				},
				"2023-07-11": {
					"avg": 8,
					"count": 1,
					"min": 8,
					"max": 8
				},
				"2023-07-12": {
					"avg": 21,
					"count": 2,
					"min": 21,
					"max": 21
				},
				"2023-07-13": {
					"avg": 108,
					"count": 5,
					"min": 21,
					"max": 165
				},
				"2023-07-17": {
					"avg": 50,
					"count": 1,
					"min": 50,
					"max": 50
				},
				"2023-07-18": {
					"avg": 153,
					"count": 1,
					"min": 153,
					"max": 153
				},
				"2023-07-19": {
					"avg": 21,
					"count": 8,
					"min": 21,
					"max": 22
				},
				"2023-07-20": {
					"avg": 117,
					"count": 28,
					"min": 57,
					"max": 120
				},
				"2023-07-21": {
					"avg": 21,
					"count": 3,
					"min": 21,
					"max": 21
				},
				"2023-07-22": {
					"avg": 21,
					"count": 1,
					"min": 21,
					"max": 21
				},
				"2023-07-23": {
					"avg": 30,
					"count": 1,
					"min": 30,
					"max": 30
				},
				"2023-07-24": {
					"avg": 18,
					"count": 1,
					"min": 18,
					"max": 18
				},
				"2023-07-25": {
					"avg": 23,
					"count": 1,
					"min": 23,
					"max": 23
				},
				"2023-07-26": {
					"avg": 19,
					"count": 1,
					"min": 19,
					"max": 19
				},
				"2023-07-29": {
					"avg": 784,
					"count": 64,
					"min": 21,
					"max": 823
				},
				"2023-07-30": {
					"avg": 186,
					"count": 3,
					"min": 20,
					"max": 413
				},
				"2023-08-01": {
					"avg": 91,
					"count": 1,
					"min": 91,
					"max": 91
				},
				"2023-08-04": {
					"avg": 29,
					"count": 1,
					"min": 29,
					"max": 29
				},
				"2023-08-05": {
					"avg": 22,
					"count": 3,
					"min": 22,
					"max": 22
				},
				"2023-08-06": {
					"avg": 26,
					"count": 1,
					"min": 26,
					"max": 26
				},
				"2023-08-08": {
					"avg": 31,
					"count": 2,
					"min": 30,
					"max": 31
				},
				"2023-08-12": {
					"avg": 102,
					"count": 5,
					"min": 31,
					"max": 120
				},
				"2023-08-14": {
					"avg": 63,
					"count": 6,
					"min": 63,
					"max": 63
				},
				"2023-08-15": {
					"avg": 31,
					"count": 1,
					"min": 31,
					"max": 31
				},
				"2023-08-19": {
					"avg": 37,
					"count": 1,
					"min": 37,
					"max": 37
				},
				"2023-08-20": {
					"avg": 63,
					"count": 3,
					"min": 20,
					"max": 148
				},
				"2023-08-24": {
					"avg": 148,
					"count": 1,
					"min": 148,
					"max": 148
				},
				"2023-08-26": {
					"avg": 22,
					"count": 1,
					"min": 22,
					"max": 22
				},
				"2023-08-27": {
					"avg": 8,
					"count": 3,
					"min": 8,
					"max": 8
				},
				"2023-08-28": {
					"avg": 25,
					"count": 1,
					"min": 25,
					"max": 25
				},
				"2023-08-30": {
					"avg": 42,
					"count": 2,
					"min": 26,
					"max": 57
				},
				"2023-09-01": {
					"avg": 107,
					"count": 1,
					"min": 107,
					"max": 107
				},
				"2023-09-03": {
					"avg": 25,
					"count": 1,
					"min": 25,
					"max": 25
				},
				"2023-09-07": {
					"avg": 30,
					"count": 2,
					"min": 19,
					"max": 40
				},
				"2023-09-09": {
					"avg": 29,
					"count": 23,
					"min": 25,
					"max": 111
				},
				"2023-09-10": {
					"avg": 152,
					"count": 3,
					"min": 111,
					"max": 233
				},
				"2023-09-11": {
					"avg": 102,
					"count": 3,
					"min": 19,
					"max": 169
				},
				"2023-09-16": {
					"avg": 50,
					"count": 4,
					"min": 15,
					"max": 124
				},
				"2023-09-17": {
					"avg": 29,
					"count": 3,
					"min": 25,
					"max": 33
				},
				"2023-09-19": {
					"avg": 31,
					"count": 1,
					"min": 31,
					"max": 31
				},
				"2023-09-20": {
					"avg": 15,
					"count": 2,
					"min": 10,
					"max": 19
				},
				"2023-09-21": {
					"avg": 119,
					"count": 1,
					"min": 119,
					"max": 119
				},
				"2023-09-22": {
					"avg": 25,
					"count": 2,
					"min": 19,
					"max": 30
				},
				"2023-09-23": {
					"avg": 120,
					"count": 2,
					"min": 20,
					"max": 219
				},
				"2023-09-25": {
					"avg": 77,
					"count": 6,
					"min": 23,
					"max": 104
				},
				"2023-09-26": {
					"avg": 509,
					"count": 3,
					"min": 509,
					"max": 509
				},
				"2023-09-27": {
					"avg": 107,
					"count": 1,
					"min": 107,
					"max": 107
				},
				"2023-09-28": {
					"avg": 130,
					"count": 1,
					"min": 130,
					"max": 130
				},
				"2023-09-29": {
					"avg": 129,
					"count": 2,
					"min": 129,
					"max": 129
				},
				"2023-10-02": {
					"avg": 399,
					"count": 1,
					"min": 399,
					"max": 399
				},
				"2023-10-03": {
					"avg": 12,
					"count": 1,
					"min": 12,
					"max": 12
				},
				"2023-10-05": {
					"avg": 40,
					"count": 5,
					"min": 40,
					"max": 40
				},
				"2023-10-08": {
					"avg": 120,
					"count": 1,
					"min": 120,
					"max": 120
				},
				"2023-10-09": {
					"avg": 25,
					"count": 1,
					"min": 25,
					"max": 25
				},
				"2023-10-11": {
					"avg": 111,
					"count": 1,
					"min": 111,
					"max": 111
				},
				"2023-10-12": {
					"avg": 24,
					"count": 1,
					"min": 24,
					"max": 24
				},
				"2023-10-13": {
					"avg": 147,
					"count": 1,
					"min": 147,
					"max": 147
				},
				"2023-10-14": {
					"avg": 26,
					"count": 1,
					"min": 26,
					"max": 26
				},
				"2023-10-16": {
					"avg": 279,
					"count": 1,
					"min": 279,
					"max": 279
				},
				"2023-10-17": {
					"avg": 40,
					"count": 1,
					"min": 40,
					"max": 40
				},
				"2023-10-22": {
					"avg": 32,
					"count": 1,
					"min": 32,
					"max": 32
				},
				"2023-10-24": {
					"avg": 50,
					"count": 2,
					"min": 10,
					"max": 89
				},
				"2023-10-25": {
					"avg": 419,
					"count": 2,
					"min": 419,
					"max": 419
				},
				"2023-10-26": {
					"avg": 24,
					"count": 1,
					"min": 24,
					"max": 24
				},
				"2023-10-28": {
					"avg": 75,
					"count": 8,
					"min": 15,
					"max": 111
				},
				"2023-10-29": {
					"avg": 124,
					"count": 1,
					"min": 124,
					"max": 124
				},
				"2023-10-30": {
					"avg": 114,
					"count": 1,
					"min": 114,
					"max": 114
				},
				"2023-11-04": {
					"avg": 227,
					"count": 3,
					"min": 20,
					"max": 330
				},
				"2023-11-05": {
					"avg": 138,
					"count": 1,
					"min": 138,
					"max": 138
				},
				"2023-11-07": {
					"avg": 19,
					"count": 1,
					"min": 19,
					"max": 19
				},
				"2023-11-08": {
					"avg": 21,
					"count": 1,
					"min": 21,
					"max": 21
				},
				"2023-11-09": {
					"avg": 117,
					"count": 1,
					"min": 117,
					"max": 117
				},
				"2023-11-10": {
					"avg": 62,
					"count": 2,
					"min": 62,
					"max": 62
				},
				"2023-11-16": {
					"avg": 33,
					"count": 1,
					"min": 33,
					"max": 33
				},
				"2023-11-17": {
					"avg": 210,
					"count": 3,
					"min": 32,
					"max": 424
				},
				"2023-11-18": {
					"avg": 32,
					"count": 1,
					"min": 32,
					"max": 32
				},
				"2023-11-19": {
					"avg": 223,
					"count": 3,
					"min": 25,
					"max": 519
				},
				"2023-11-21": {
					"avg": 18,
					"count": 3,
					"min": 17,
					"max": 21
				},
				"2023-11-22": {
					"avg": 20,
					"count": 1,
					"min": 20,
					"max": 20
				},
				"2023-11-24": {
					"avg": 101,
					"count": 11,
					"min": 29,
					"max": 110
				},
				"2023-11-25": {
					"avg": 120,
					"count": 2,
					"min": 110,
					"max": 130
				},
				"2023-11-26": {
					"avg": 21,
					"count": 1,
					"min": 21,
					"max": 21
				},
				"2023-11-27": {
					"avg": 111,
					"count": 1,
					"min": 111,
					"max": 111
				},
				"2024-05-16": {
					"avg": 132,
					"count": 1,
					"min": 132,
					"max": 132
				},
				"2024-05-17": {
					"avg": 137,
					"count": 21,
					"min": 65,
					"max": 517
				},
				"2024-05-18": {
					"avg": 127,
					"count": 12,
					"min": 117,
					"max": 226
				},
				"2024-05-19": {
					"avg": 29,
					"count": 1,
					"min": 29,
					"max": 29
				},
				"2024-05-21": {
					"avg": 25,
					"count": 4,
					"min": 15,
					"max": 33
				},
				"2024-05-22": {
					"avg": 357,
					"count": 3,
					"min": 18,
					"max": 1032
				},
				"2024-05-23": {
					"avg": 247,
					"count": 4,
					"min": 117,
					"max": 290
				},
				"2024-05-24": {
					"avg": 93,
					"count": 28,
					"min": 30,
					"max": 118
				},
				"2024-05-31": {
					"avg": 142,
					"count": 1,
					"min": 142,
					"max": 142
				},
				"2024-06-07": {
					"avg": 20,
					"count": 1,
					"min": 20,
					"max": 20
				},
				"2024-06-11": {
					"avg": 25,
					"count": 1,
					"min": 25,
					"max": 25
				},
				"2024-06-14": {
					"avg": 72,
					"count": 2,
					"min": 25,
					"max": 119
				},
				"2024-06-18": {
					"avg": 20,
					"count": 1,
					"min": 20,
					"max": 20
				},
				"2024-06-19": {
					"avg": 19,
					"count": 1,
					"min": 19,
					"max": 19
				},
				"2024-06-20": {
					"avg": 133,
					"count": 1,
					"min": 133,
					"max": 133
				},
				"2024-06-21": {
					"avg": 20,
					"count": 8,
					"min": 19,
					"max": 29
				},
				"2024-06-27": {
					"avg": 21,
					"count": 3,
					"min": 20,
					"max": 22
				},
				"2024-06-30": {
					"avg": 99,
					"count": 2,
					"min": 20,
					"max": 178
				},
				"2024-07-04": {
					"avg": 152,
					"count": 1,
					"min": 152,
					"max": 152
				},
				"2024-07-11": {
					"avg": 96,
					"count": 2,
					"min": 35,
					"max": 157
				},
				"2024-07-14": {
					"avg": 152,
					"count": 1,
					"min": 152,
					"max": 152
				},
				"2024-07-18": {
					"avg": 119,
					"count": 16,
					"min": 119,
					"max": 119
				},
				"2024-07-19": {
					"avg": 40,
					"count": 1,
					"min": 40,
					"max": 40
				},
				"2024-07-23": {
					"avg": 90,
					"count": 1,
					"min": 90,
					"max": 90
				},
				"2024-07-24": {
					"avg": 166,
					"count": 5,
					"min": 152,
					"max": 219
				},
				"2024-07-31": {
					"avg": 108,
					"count": 2,
					"min": 108,
					"max": 108
				},
				"2024-08-01": {
					"avg": 181,
					"count": 1,
					"min": 181,
					"max": 181
				},
				"2024-08-03": {
					"avg": 20,
					"count": 1,
					"min": 20,
					"max": 20
				},
				"2024-08-06": {
					"avg": 38,
					"count": 7,
					"min": 23,
					"max": 124
				},
				"2024-08-07": {
					"avg": 128,
					"count": 1,
					"min": 128,
					"max": 128
				},
				"2024-08-11": {
					"avg": 75,
					"count": 2,
					"min": 35,
					"max": 114
				},
				"2024-08-16": {
					"avg": 35,
					"count": 1,
					"min": 35,
					"max": 35
				},
				"2024-08-17": {
					"avg": 324,
					"count": 1,
					"min": 324,
					"max": 324
				},
				"2024-08-20": {
					"avg": 138,
					"count": 1,
					"min": 138,
					"max": 138
				},
				"2024-08-23": {
					"avg": 151,
					"count": 1,
					"min": 151,
					"max": 151
				},
				"2024-08-25": {
					"avg": 162,
					"count": 2,
					"min": 152,
					"max": 172
				},
				"2024-08-31": {
					"avg": 18,
					"count": 2,
					"min": 15,
					"max": 20
				},
				"2024-09-01": {
					"avg": 15,
					"count": 1,
					"min": 15,
					"max": 15
				},
				"2024-09-04": {
					"avg": 544,
					"count": 1,
					"min": 544,
					"max": 544
				},
				"2024-09-06": {
					"avg": 91,
					"count": 2,
					"min": 35,
					"max": 147
				},
				"2024-09-07": {
					"avg": 110,
					"count": 3,
					"min": 110,
					"max": 110
				},
				"2024-09-11": {
					"avg": 19,
					"count": 1,
					"min": 19,
					"max": 19
				},
				"2024-09-15": {
					"avg": 19,
					"count": 2,
					"min": 18,
					"max": 19
				},
				"2024-09-16": {
					"avg": 24,
					"count": 1,
					"min": 24,
					"max": 24
				},
				"2024-09-19": {
					"avg": 79,
					"count": 2,
					"min": 15,
					"max": 142
				},
				"2024-09-22": {
					"avg": 125,
					"count": 1,
					"min": 125,
					"max": 125
				}
			},
			"avg": 154,
			"avg7": 136,
			"avg28": 136
		},
		"normal-nearmint": {
			"history": {
				"2024-05-24": {
					"avg": 339,
					"count": 1,
					"min": 339,
					"max": 339
				},
				"2024-05-25": {
					"avg": 33,
					"count": 1,
					"min": 33,
					"max": 33
				},
				"2024-05-29": {
					"avg": 151,
					"count": 2,
					"min": 151,
					"max": 151
				},
				"2024-05-30": {
					"avg": 134,
					"count": 1,
					"min": 134,
					"max": 134
				},
				"2024-06-05": {
					"avg": 152,
					"count": 1,
					"min": 152,
					"max": 152
				},
				"2024-06-11": {
					"avg": 151,
					"count": 1,
					"min": 151,
					"max": 151
				},
				"2024-06-15": {
					"avg": 129,
					"count": 1,
					"min": 129,
					"max": 129
				},
				"2024-06-17": {
					"avg": 124,
					"count": 1,
					"min": 124,
					"max": 124
				},
				"2024-06-18": {
					"avg": 167,
					"count": 2,
					"min": 162,
					"max": 172
				},
				"2024-06-19": {
					"avg": 120,
					"count": 7,
					"min": 109,
					"max": 151
				},
				"2024-06-21": {
					"avg": 19,
					"count": 21,
					"min": 19,
					"max": 29
				},
				"2024-06-24": {
					"avg": 574,
					"count": 1,
					"min": 574,
					"max": 574
				},
				"2024-06-27": {
					"avg": 19,
					"count": 44,
					"min": 19,
					"max": 19
				},
				"2024-06-29": {
					"avg": 47,
					"count": 2,
					"min": 47,
					"max": 47
				},
				"2024-07-01": {
					"avg": 287,
					"count": 2,
					"min": 99,
					"max": 474
				},
				"2024-07-02": {
					"avg": 63,
					"count": 2,
					"min": 47,
					"max": 79
				},
				"2024-07-04": {
					"avg": 29,
					"count": 1,
					"min": 29,
					"max": 29
				},
				"2024-07-06": {
					"avg": 31,
					"count": 1,
					"min": 31,
					"max": 31
				},
				"2024-07-10": {
					"avg": 134,
					"count": 5,
					"min": 37,
					"max": 158
				},
				"2024-07-11": {
					"avg": 47,
					"count": 1,
					"min": 47,
					"max": 47
				},
				"2024-07-13": {
					"avg": 37,
					"count": 1,
					"min": 37,
					"max": 37
				},
				"2024-07-22": {
					"avg": 142,
					"count": 1,
					"min": 142,
					"max": 142
				},
				"2024-07-23": {
					"avg": 116,
					"count": 6,
					"min": 33,
					"max": 132
				},
				"2024-07-24": {
					"avg": 96,
					"count": 2,
					"min": 33,
					"max": 158
				},
				"2024-07-25": {
					"avg": 256,
					"count": 2,
					"min": 37,
					"max": 474
				},
				"2024-07-27": {
					"avg": 209,
					"count": 3,
					"min": 209,
					"max": 209
				},
				"2024-07-28": {
					"avg": 156,
					"count": 1,
					"min": 156,
					"max": 156
				},
				"2024-07-29": {
					"avg": 156,
					"count": 1,
					"min": 156,
					"max": 156
				},
				"2024-08-01": {
					"avg": 47,
					"count": 1,
					"min": 47,
					"max": 47
				},
				"2024-08-02": {
					"avg": 37,
					"count": 1,
					"min": 37,
					"max": 37
				},
				"2024-08-03": {
					"avg": 47,
					"count": 1,
					"min": 47,
					"max": 47
				},
				"2024-08-04": {
					"avg": 132,
					"count": 1,
					"min": 132,
					"max": 132
				},
				"2024-08-06": {
					"avg": 39,
					"count": 1,
					"min": 39,
					"max": 39
				},
				"2024-08-08": {
					"avg": 37,
					"count": 1,
					"min": 37,
					"max": 37
				},
				"2024-08-09": {
					"avg": 37,
					"count": 1,
					"min": 37,
					"max": 37
				},
				"2024-08-11": {
					"avg": 120,
					"count": 2,
					"min": 109,
					"max": 130
				},
				"2024-08-13": {
					"avg": 102,
					"count": 1,
					"min": 102,
					"max": 102
				},
				"2024-08-16": {
					"avg": 30,
					"count": 1,
					"min": 30,
					"max": 30
				},
				"2024-08-17": {
					"avg": 268,
					"count": 1,
					"min": 268,
					"max": 268
				},
				"2024-08-18": {
					"avg": 49,
					"count": 1,
					"min": 49,
					"max": 49
				},
				"2024-08-19": {
					"avg": 132,
					"count": 1,
					"min": 132,
					"max": 132
				},
				"2024-08-20": {
					"avg": 28,
					"count": 1,
					"min": 28,
					"max": 28
				},
				"2024-08-23": {
					"avg": 132,
					"count": 3,
					"min": 132,
					"max": 132
				},
				"2024-08-25": {
					"avg": 47,
					"count": 1,
					"min": 47,
					"max": 47
				},
				"2024-08-27": {
					"avg": 219,
					"count": 3,
					"min": 28,
					"max": 474
				},
				"2024-08-28": {
					"avg": 157,
					"count": 1,
					"min": 157,
					"max": 157
				},
				"2024-09-02": {
					"avg": 138,
					"count": 1,
					"min": 138,
					"max": 138
				},
				"2024-09-03": {
					"avg": 24,
					"count": 2,
					"min": 24,
					"max": 24
				},
				"2024-09-04": {
					"avg": 152,
					"count": 1,
					"min": 152,
					"max": 152
				},
				"2024-09-06": {
					"avg": 158,
					"count": 1,
					"min": 158,
					"max": 158
				},
				"2024-09-07": {
					"avg": 969,
					"count": 1,
					"min": 969,
					"max": 969
				},
				"2024-09-13": {
					"avg": 25,
					"count": 1,
					"min": 25,
					"max": 25
				},
				"2024-09-15": {
					"avg": 29,
					"count": 1,
					"min": 29,
					"max": 29
				},
				"2024-09-16": {
					"avg": 152,
					"count": 1,
					"min": 152,
					"max": 152
				},
				"2024-09-20": {
					"avg": 49,
					"count": 1,
					"min": 49,
					"max": 49
				},
				"2024-09-21": {
					"avg": 125,
					"count": 1,
					"min": 125,
					"max": 125
				},
				"2024-09-22": {
					"avg": 37,
					"count": 2,
					"min": 25,
					"max": 49
				}
			},
			"avg": 85,
			"avg7": -1,
			"avg28": -1
		},
		"normal-poor": {
			"history": {
				"2024-05-25": {
					"avg": 19,
					"count": 1,
					"min": 19,
					"max": 19
				},
				"2024-07-04": {
					"avg": 132,
					"count": 1,
					"min": 132,
					"max": 132
				},
				"2024-07-09": {
					"avg": 19,
					"count": 1,
					"min": 19,
					"max": 19
				},
				"2024-07-17": {
					"avg": 23,
					"count": 1,
					"min": 23,
					"max": 23
				},
				"2024-07-23": {
					"avg": 63,
					"count": 3,
					"min": 63,
					"max": 63
				},
				"2024-08-12": {
					"avg": 15,
					"count": 1,
					"min": 15,
					"max": 15
				},
				"2024-08-19": {
					"avg": 25,
					"count": 8,
					"min": 25,
					"max": 25
				},
				"2024-08-20": {
					"avg": 136,
					"count": 1,
					"min": 136,
					"max": 136
				},
				"2024-08-21": {
					"avg": 142,
					"count": 1,
					"min": 142,
					"max": 142
				},
				"2024-08-30": {
					"avg": 136,
					"count": 1,
					"min": 136,
					"max": 136
				},
				"2024-09-20": {
					"avg": 224,
					"count": 2,
					"min": 224,
					"max": 224
				}
			},
			"avg": 69,
			"avg7": -1,
			"avg28": -1
		},
		"normal-used": {
			"history": {
				"2024-05-24": {
					"avg": 339,
					"count": 1,
					"min": 339,
					"max": 339
				},
				"2024-06-04": {
					"avg": 137,
					"count": 1,
					"min": 137,
					"max": 137
				},
				"2024-06-18": {
					"avg": 133,
					"count": 1,
					"min": 133,
					"max": 133
				},
				"2024-06-22": {
					"avg": 65,
					"count": 1,
					"min": 65,
					"max": 65
				},
				"2024-07-17": {
					"avg": 137,
					"count": 1,
					"min": 137,
					"max": 137
				},
				"2024-07-26": {
					"avg": 144,
					"count": 1,
					"min": 144,
					"max": 144
				},
				"2024-08-01": {
					"avg": 214,
					"count": 2,
					"min": 214,
					"max": 214
				},
				"2024-08-03": {
					"avg": 137,
					"count": 1,
					"min": 137,
					"max": 137
				},
				"2024-08-14": {
					"avg": 141,
					"count": 1,
					"min": 141,
					"max": 141
				},
				"2024-09-07": {
					"avg": 146,
					"count": 1,
					"min": 146,
					"max": 146
				},
				"2024-09-18": {
					"avg": 76,
					"count": 2,
					"min": 9,
					"max": 142
				}
			},
			"avg": 151,
			"avg7": -1,
			"avg28": -1
		},
		"normal-played": {
			"history": {
				"2024-06-02": {
					"avg": 137,
					"count": 1,
					"min": 137,
					"max": 137
				},
				"2024-06-09": {
					"avg": 138,
					"count": 1,
					"min": 138,
					"max": 138
				},
				"2024-06-16": {
					"avg": 15,
					"count": 1,
					"min": 15,
					"max": 15
				},
				"2024-06-17": {
					"avg": 131,
					"count": 1,
					"min": 131,
					"max": 131
				},
				"2024-06-18": {
					"avg": 25,
					"count": 1,
					"min": 25,
					"max": 25
				},
				"2024-06-20": {
					"avg": 118,
					"count": 4,
					"min": 16,
					"max": 178
				},
				"2024-06-21": {
					"avg": 19,
					"count": 2,
					"min": 19,
					"max": 19
				},
				"2024-06-24": {
					"avg": 17,
					"count": 1,
					"min": 17,
					"max": 17
				},
				"2024-07-05": {
					"avg": 32,
					"count": 1,
					"min": 32,
					"max": 32
				},
				"2024-07-06": {
					"avg": 178,
					"count": 1,
					"min": 178,
					"max": 178
				},
				"2024-07-08": {
					"avg": 107,
					"count": 3,
					"min": 29,
					"max": 264
				},
				"2024-07-12": {
					"avg": 18,
					"count": 1,
					"min": 18,
					"max": 18
				},
				"2024-07-17": {
					"avg": 145,
					"count": 1,
					"min": 145,
					"max": 145
				},
				"2024-07-23": {
					"avg": 20,
					"count": 1,
					"min": 20,
					"max": 20
				},
				"2024-07-24": {
					"avg": 142,
					"count": 8,
					"min": 20,
					"max": 215
				},
				"2024-07-25": {
					"avg": 32,
					"count": 1,
					"min": 32,
					"max": 32
				},
				"2024-07-31": {
					"avg": 136,
					"count": 3,
					"min": 104,
					"max": 201
				},
				"2024-08-06": {
					"avg": 20,
					"count": 5,
					"min": 20,
					"max": 20
				},
				"2024-08-10": {
					"avg": 35,
					"count": 1,
					"min": 35,
					"max": 35
				},
				"2024-08-24": {
					"avg": 19,
					"count": 1,
					"min": 19,
					"max": 19
				},
				"2024-08-25": {
					"avg": 22,
					"count": 2,
					"min": 18,
					"max": 25
				},
				"2024-08-31": {
					"avg": 25,
					"count": 1,
					"min": 25,
					"max": 25
				},
				"2024-09-02": {
					"avg": 100,
					"count": 1,
					"min": 100,
					"max": 100
				},
				"2024-09-22": {
					"avg": 10,
					"count": 1,
					"min": 10,
					"max": 10
				}
			},
			"avg": 82,
			"avg7": -1,
			"avg28": -1
		}
	}
}