{
	"data": {
		"normal-good": {
			"history": {
				"2022-11-14": {
					"avg": 10,
					"count": 1
				},
				"2022-11-16": {
					"avg": 72,
					"count": 36
				},
				"2022-11-17": {
					"avg": 349,
					"count": 1
				},
				"2022-11-22": {
					"avg": 729,
					"count": 10,
					"min": 520,
					"max": 818
				},
				"2022-11-25": {
					"avg": 86,
					"count": 3,
					"min": 23,
					"max": 118
				},
				"2022-11-27": {
					"avg": 119,
					"count": 1,
					"min": 119,
					"max": 119
				},
				"2022-11-28": {
					"avg": 49,
					"count": 6,
					"min": 15,
					"max": 113
				},
				"2022-11-29": {
					"avg": 67,
					"count": 2,
					"min": 15,
					"max": 118
				},
				"2022-11-30": {
					"avg": 21,
					"count": 1,
					"min": 21,
					"max": 21
				},
				"2022-12-02": {
					"avg": 15,
					"count": 2,
					"min": 13,
					"max": 16
				},
				"2022-12-05": {
					"avg": 12,
					"count": 2,
					"min": 8,
					"max": 15
				},
				"2022-12-06": {
					"avg": 18,
					"count": 8,
					"min": 18,
					"max": 18
				},
				"2022-12-12": {
					"avg": 15,
					"count": 4,
					"min": 15,
					"max": 15
				},
				"2022-12-14": {
					"avg": 125,
					"count": 1,
					"min": 125,
					"max": 125
				},
				"2022-12-16": {
					"avg": 48,
					"count": 1,
					"min": 48,
					"max": 48
				},
				"2022-12-18": {
					"avg": 30,
					"count": 2,
					"min": 24,
					"max": 35
				},
				"2022-12-20": {
					"avg": 120,
					"count": 1,
					"min": 120,
					"max": 120
				},
				"2022-12-22": {
					"avg": 124,
					"count": 1,
					"min": 124,
					"max": 124
				},
				"2022-12-28": {
					"avg": 21,
					"count": 1,
					"min": 21,
					"max": 21
				},
				"2022-12-29": {
					"avg": 532,
					"count": 14,
					"min": 532,
					"max": 532
				},
				"2022-12-30": {
					"avg": 25,
					"count": 1,
					"min": 25,
					"max": 25
				},
				"2022-12-31": {
					"avg": 64,
					"count": 30,
					"min": 20,
					"max": 124
				},
				"2023-01-01": {
					"avg": 128,
					"count": 5,
					"min": 110,
					"max": 199
				},
				"2023-01-02": {
					"avg": 206,
					"count": 11,
					"min": 105,
					"max": 420
				},
				"2023-01-04": {
					"avg": 124,
					"count": 1,
					"min": 124,
					"max": 124
				},
				"2023-01-07": {
					"avg": 16,
					"count": 1,
					"min": 16,
					"max": 16
				},
				"2023-01-08": {
					"avg": 58,
					"count": 3,
					"min": 25,
					"max": 124
				},
				"2023-01-11": {
					"avg": 174,
					"count": 1,
					"min": 174,
					"max": 174
				},
				"2023-01-12": {
					"avg": 325,
					"count": 5,
					"min": 15,
					"max": 529
				},
				"2023-02-06": {
					"avg": 24,
					"count": 36,
					"min": 23,
					"max": 24
				},
				"2023-02-08": {
					"avg": 25,
					"count": 1,
					"min": 25,
					"max": 25
				},
				"2023-02-10": {
					"avg": 171,
					"count": 4,
					"min": 81,
					"max": 349
				},
				"2023-02-13": {
					"avg": 103,
					"count": 9,
					"min": 103,
					"max": 103
				},
				"2023-02-14": {
					"avg": 133,
					"count": 5,
					"min": 107,
					"max": 139
				},
				"2023-02-18": {
					"avg": 172,
					"count": 2,
					"min": 172,
					"max": 172
				},
				"2023-02-19": {
					"avg": 129,
					"count": 2,
					"min": 108,
					"max": 149
				},
				"2023-02-20": {
					"avg": 32,
					"count": 2,
					"min": 24,
					"max": 41
				},
				"2023-02-21": {
					"avg": 29,
					"count": 1,
					"min": 29,
					"max": 29
				},
				"2023-02-24": {
					"avg": 57,
					"count": 3,
					"min": 20,
					"max": 124
				},
				"2023-02-26": {
					"avg": 22,
					"count": 1,
					"min": 22,
					"max": 22
				},
				"2023-02-28": {
					"avg": 30,
					"count": 2,
					"min": 29,
					"max": 30
				},
				"2023-03-01": {
					"avg": 50,
					"count": 1,
					"min": 50,
					"max": 50
				},
				"2023-03-03": {
					"avg": 128,
					"count": 1,
					"min": 128,
					"max": 128
				},
				"2023-03-04": {
					"avg": 161,
					"count": 1,
					"min": 161,
					"max": 161
				},
				"2023-03-05": {
					"avg": 99,
					"count": 4,
					"min": 16,
					"max": 154
				},
				"2023-03-06": {
					"avg": 61,
					"count": 1,
					"min": 61,
					"max": 61
				},
				"2023-03-09": {
					"avg": 32,
					"count": 1,
					"min": 32,
					"max": 32
				},
				"2023-03-10": {
					"avg": 116,
					"count": 4,
					"min": 116,
					"max": 116
				},
				"2023-03-11": {
					"avg": 20,
					"count": 1,
					"min": 20,
					"max": 20
				},
				"2023-03-12": {
					"avg": 90,
					"count": 5,
					"min": 19,
					"max": 108
				},
				"2023-03-14": {
					"avg": 29,
					"count": 2,
					"min": 22,
					"max": 36
				},
				"2023-03-16": {
					"avg": 91,
					"count": 1,
					"min": 91,
					"max": 91
				},
				"2023-03-18": {
					"avg": 154,
					"count": 1,
					"min": 154,
					"max": 154
				},
				"2023-03-19": {
					"avg": 40,
					"count": 1,
					"min": 40,
					"max": 40
				},
				"2023-03-20": {
					"avg": 60,
					"count": 3,
					"min": 25,
					"max": 130
				},
				"2023-03-23": {
					"avg": 225,
					"count": 2,
					"min": 50,
					"max": 399
				},
				"2023-03-24": {
					"avg": 230,
					"count": 1,
					"min": 230,
					"max": 230
				},
				"2023-03-27": {
					"avg": 113,
					"count": 1,
					"min": 113,
					"max": 113
				},
				"2023-03-29": {
					"avg": 154,
					"count": 3,
					"min": 25,
					"max": 219
				},
				"2023-04-01": {
					"avg": 74,
					"count": 3,
					"min": 49,
					"max": 123
				},
				"2023-04-03": {
					"avg": 266,
					"count": 9,
					"min": 29,
					"max": 324
				},
				"2023-04-05": {
					"avg": 19,
					"count": 1,
					"min": 19,
					"max": 19
				},
				"2023-04-07": {
					"avg": 114,
					"count": 1,
					"min": 114,
					"max": 114
				},
				"2023-04-08": {
					"avg": 127,
					"count": 6,
					"min": 124,
					"max": 127
				},
				"2023-04-09": {
					"avg": 148,
					"count": 3,
					"min": 50,
					"max": 271
				},
				"2023-04-10": {
					"avg": 114,
					"count": 2,
					"min": 114,
					"max": 114
				},
				"2023-04-17": {
					"avg": 139,
					"count": 2,
					"min": 124,
					"max": 154
				},
				"2023-04-20": {
					"avg": 110,
					"count": 1,
					"min": 110,
					"max": 110
				},
				"2023-04-21": {
					"avg": 18,
					"count": 20,
					"min": 10,
					"max": 160
				},
				"2023-04-22": {
					"avg": 40,
					"count": 1,
					"min": 40,
					"max": 40
				},
				"2023-04-26": {
					"avg": 71,
					"count": 2,
					"min": 63,
					"max": 79
				},
				"2023-05-02": {
					"avg": 41,
					"count": 1,
					"min": 41,
					"max": 41
				},
				"2023-05-05": {
					"avg": 26,
					"count": 21,
					"min": 22,
					"max": 114
				},
				"2023-05-06": {
					"avg": 10,
					"count": 1,
					"min": 10,
					"max": 10
				},
				"2023-05-07": {
					"avg": 122,
					"count": 2,
					"min": 25,
					"max": 219
				},
				"2023-05-09": {
					"avg": 11,
					"count": 2,
					"min": 11,
					"max": 11
				},
				"2023-05-11": {
					"avg": 75,
					"count": 5,
					"min": 15,
					"max": 114
				},
				"2023-05-15": {
					"avg": 25,
					"count": 1,
					"min": 25,
					"max": 25
				},
				"2023-05-16": {
					"avg": 117,
					"count": 9,
					"min": 113,
					"max": 149
				},
				"2023-05-19": {
					"avg": 29,
					"count": 6,
					"min": 29,
					"max": 29
				},
				"2023-05-21": {
					"avg": 40,
					"count": 1,
					"min": 40,
					"max": 40
				},
				"2023-05-22": {
					"avg": 113,
					"count": 1,
					"min": 113,
					"max": 113
				},
				"2023-05-27": {
					"avg": 88,
					"count": 2,
					"min": 37,
					"max": 139
				},
				"2023-05-28": {
					"avg": 22,
					"count": 1,
					"min": 22,
					"max": 22
				},
				"2023-05-29": {
					"avg": 25,
					"count": 1,
					"min": 25,
					"max": 25
				},
				"2023-05-30": {
					"avg": 39,
					"count": 2,
					"min": 37,
					"max": 40
				},
				"2023-06-01": {
					"avg": 23,
					"count": 12,
					"min": 20,
					"max": 35
				},
				"2023-06-02": {
					"avg": 40,
					"count": 1,
					"min": 40,
					"max": 40
				},
				"2023-06-06": {
					"avg": 73,
					"count": 4,
					"min": 22,
					"max": 128
				},
				"2023-06-11": {
					"avg": 27,
					"count": 1,
					"min": 27,
					"max": 27
				},
				"2023-06-12": {
					"avg": 36,
					"count": 1,
					"min": 36,
					"max": 36
				},
				"2023-06-13": {
					"avg": 18,
					"count": 2,
					"min": 18,
					"max": 18
				},
				"2023-06-14": {
					"avg": 27,
					"count": 2,
					"min": 20,
					"max": 34
				},
				"2023-06-15": {
					"avg": 36,
					"count": 1,
					"min": 36,
					"max": 36
				},
				"2023-06-17": {
					"avg": 65,
					"count": 7,
					"min": 20,
					"max": 122
				},
				"2023-06-18": {
					"avg": 116,
					"count": 10,
					"min": 15,
					"max": 127
				},
				"2023-06-21": {
					"avg": 20,
					"count": 1,
					"min": 20,
					"max": 20
				},
				"2023-06-23": {
					"avg": 227,
					"count": 2,
					"min": 24,
					"max": 430
				},
				"2023-06-25": {
					"avg": 25,
					"count": 1,
					"min": 25,
					"max": 25
				},
				"2023-06-26": {
					"avg": 25,
					"count": 1,
					"min": 25,
					"max": 25
				},
				"2023-06-27": {
					"avg": 124,
					"count": 1,
					"min": 124,
					"max": 124
				},
				"2023-06-28": {
					"avg": 50,
					"count": 1,
					"min": 50,
					"max": 50
				},
				"2023-06-30": {
					"avg": 119,
					"count": 1,
					"min": 119,
					"max": 119
				},
				"2023-07-03": {
					"avg": 24,
					"count": 1,
					"min": 24,
					"max": 24
				},
				"2023-07-04": {
					"avg": 137,
					"count": 2,
					"min": 137,
					"max": 137
				},
				"2023-07-06": {
					"avg": 364,
					"count": 30,
					"min": 25,
					"max": 432
				},
				"2023-07-07": {
					"avg": 99,
					"count": 4,
					"min": 19,
					"max": 126
				},
				"2023-07-11": {
					"avg": 119,
					"count": 1,
					"min": 119,
					"max": 119
				},
				"2023-07-12": {
					"avg": 20,
					"count": 4,
					"min": 18,
					"max": 20
				},
				"2023-07-13": {
					"avg": 114,
					"count": 1,
					"min": 114,
					"max": 114
				},
				"2023-07-15": {
					"avg": 174,
					"count": 1,
					"min": 174,
					"max": 174
				},
				"2023-07-19": {
					"avg": 23,
					"count": 8,
					"min": 23,
					"max": 23
				},
				"2023-07-20": {
					"avg": 110,
					"count": 17,
					"min": 24,
					"max": 122
				},
				"2023-07-21": {
					"avg": 20,
					"count": 1,
					"min": 20,
					"max": 20
				},
				"2023-07-23": {
					"avg": 31,
					"count": 1,
					"min": 31,
					"max": 31
				},
				"2023-07-25": {
					"avg": 23,
					"count": 1,
					"min": 23,
					"max": 23
				},
				"2023-07-26": {
					"avg": 14,
					"count": 2,
					"min": 12,
					"max": 15
				},
				"2023-07-29": {
					"avg": 783,
					"count": 40,
					"min": 399,
					"max": 820
				},
				"2023-07-30": {
					"avg": 101,
					"count": 2,
					"min": 90,
					"max": 111
				},
				"2023-07-31": {
					"avg": 124,
					"count": 1,
					"min": 124,
					"max": 124
				},
				"2023-08-01": {
					"avg": 78,
					"count": 3,
					"min": 37,
					"max": 98
				},
				"2023-08-04": {
					"avg": 20,
					"count": 3,
					"min": 12,
					"max": 25
				},
				"2023-08-05": {
					"avg": 70,
					"count": 4,
					"min": 70,
					"max": 70
				},
				"2023-08-06": {
					"avg": 31,
					"count": 1,
					"min": 31,
					"max": 31
				},
				"2023-08-08": {
					"avg": 69,
					"count": 3,
					"min": 23,
					"max": 111
				},
				"2023-08-09": {
					"avg": 133,
					"count": 1,
					"min": 133,
					"max": 133
				},
				"2023-08-12": {
					"avg": 204,
					"count": 2,
					"min": 30,
					"max": 378
				},
				"2023-08-14": {
					"avg": 52,
					"count": 7,
					"min": 15,
					"max": 63
				},
				"2023-08-15": {
					"avg": 29,
					"count": 3,
					"min": 23,
					"max": 33
				},
				"2023-08-16": {
					"avg": 30,
					"count": 1,
					"min": 30,
					"max": 30
				},
				"2023-08-19": {
					"avg": 514,
					"count": 1,
					"min": 514,
					"max": 514
				},
				"2023-08-20": {
					"avg": 148,
					"count": 1,
					"min": 148,
					"max": 148
				},
				"2023-08-23": {
					"avg": 73,
					"count": 1,
					"min": 73,
					"max": 73
				},
				"2023-08-24": {
					"avg": 148,
					"count": 1,
					"min": 148,
					"max": 148
				},
				"2023-08-26": {
					"avg": 123,
					"count": 2,
					"min": 34,
					"max": 212
				},
				"2023-08-27": {
					"avg": 20,
					"count": 3,
					"min": 10,
					"max": 34
				},
				"2023-08-28": {
					"avg": 26,
					"count": 1,
					"min": 26,
					"max": 26
				},
				"2023-09-01": {
					"avg": 113,
					"count": 1,
					"min": 113,
					"max": 113
				},
				"2023-09-09": {
					"avg": 118,
					"count": 1,
					"min": 118,
					"max": 118
				},
				"2023-09-11": {
					"avg": 113,
					"count": 2,
					"min": 113,
					"max": 114
				},
				"2023-09-17": {
					"avg": 30,
					"count": 1,
					"min": 30,
					"max": 30
				},
				"2023-09-20": {
					"avg": 15,
					"count": 1,
					"min": 15,
					"max": 15
				},
				"2023-09-23": {
					"avg": 199,
					"count": 2,
					"min": 118,
					"max": 279
				},
				"2023-09-25": {
					"avg": 22,
					"count": 2,
					"min": 19,
					"max": 25
				},
				"2023-09-26": {
					"avg": 245,
					"count": 3,
					"min": 110,
					"max": 514
				},
				"2023-09-27": {
					"avg": 61,
					"count": 2,
					"min": 21,
					"max": 100
				},
				"2023-09-29": {
					"avg": 25,
					"count": 1,
					"min": 25,
					"max": 25
				},
				"2023-09-30": {
					"avg": 20,
					"count": 1,
					"min": 20,
					"max": 20
				},
				"2023-10-02": {
					"avg": 25,
					"count": 1,
					"min": 25,
					"max": 25
				},
				"2023-10-03": {
					"avg": 2028,
					"count": 1,
					"min": 2028,
					"max": 2028
				},
				"2023-10-04": {
					"avg": 15,
					"count": 1,
					"min": 15,
					"max": 15
				},
				"2023-10-05": {
					"avg": 48,
					"count": 23,
					"min": 23,
					"max": 124
				},
				"2023-10-09": {
					"avg": 21,
					"count": 4,
					"min": 21,
					"max": 21
				},
				"2023-10-10": {
					"avg": 49,
					"count": 1,
					"min": 49,
					"max": 49
				},
				"2023-10-11": {
					"avg": 40,
					"count": 1,
					"min": 40,
					"max": 40
				},
				"2023-10-13": {
					"avg": 134,
					"count": 1,
					"min": 134,
					"max": 134
				},
				"2023-10-16": {
					"avg": 274,
					"count": 4,
					"min": 272,
					"max": 279
				},
				"2023-10-17": {
					"avg": 40,
					"count": 1,
					"min": 40,
					"max": 40
				},
				"2023-10-19": {
					"avg": 114,
					"count": 1,
					"min": 114,
					"max": 114
				},
				"2023-10-20": {
					"avg": 109,
					"count": 35,
					"min": 29,
					"max": 200
				},
				"2023-10-21": {
					"avg": 171,
					"count": 1,
					"min": 171,
					"max": 171
				},
				"2023-10-24": {
					"avg": 30,
					"count": 1,
					"min": 30,
					"max": 30
				},
				"2023-10-26": {
					"avg": 113,
					"count": 1,
					"min": 113,
					"max": 113
				},
				"2023-10-28": {
					"avg": 118,
					"count": 4,
					"min": 118,
					"max": 118
				},
				"2023-10-29": {
					"avg": 145,
					"count": 1,
					"min": 145,
					"max": 145
				},
				"2023-11-01": {
					"avg": 129,
					"count": 2,
					"min": 129,
					"max": 129
				},
				"2023-11-06": {
					"avg": 15,
					"count": 1,
					"min": 15,
					"max": 15
				},
				"2023-11-07": {
					"avg": 111,
					"count": 1,
					"min": 111,
					"max": 111
				},
				"2023-11-10": {
					"avg": 30,
					"count": 1,
					"min": 30,
					"max": 30
				},
				"2023-11-12": {
					"avg": 25,
					"count": 1,
					"min": 25,
					"max": 25
				},
				"2023-11-17": {
					"avg": 194,
					"count": 4,
					"min": 30,
					"max": 399
				},
				"2023-11-18": {
					"avg": 32,
					"count": 1,
					"min": 32,
					"max": 32
				},
				"2023-11-19": {
					"avg": 209,
					"count": 3,
					"min": 40,
					"max": 529
				},
				"2023-11-21": {
					"avg": 23,
					"count": 1,
					"min": 23,
					"max": 23
				},
				"2023-11-24": {
					"avg": 110,
					"count": 10,
					"min": 108,
					"max": 110
				},
				"2023-11-25": {
					"avg": 101,
					"count": 5,
					"min": 42,
					"max": 131
				},
				"2023-11-26": {
					"avg": 57,
					"count": 1,
					"min": 57,
					"max": 57
				},
				"2023-11-27": {
					"avg": 37,
					"count": 2,
					"min": 24,
					"max": 49
				},
				"2024-05-17": {
					"avg": 106,
					"count": 3,
					"min": 49,
					"max": 139
				},
				"2024-05-18": {
					"avg": 72,
					"count": 14,
					"min": 12,
					"max": 230
				},
				"2024-05-19": {
					"avg": 21,
					"count": 1,
					"min": 21,
					"max": 21
				},
				"2024-05-21": {
					"avg": 10,
					"count": 1,
					"min": 10,
					"max": 10
				},
				"2024-05-22": {
					"avg": 1036,
					"count": 1,
					"min": 1036,
					"max": 1036
				},
				"2024-05-23": {
					"avg": 215,
					"count": 4,
					"min": 141,
					"max": 290
				},
				"2024-05-24": {
					"avg": 122,
					"count": 30,
					"min": 122,
					"max": 122
				},
				"2024-05-25": {
					"avg": 121,
					"count": 1,
					"min": 121,
					"max": 121
				},
				"2024-05-29": {
					"avg": 21,
					"count": 1,
					"min": 21,
					"max": 21
				},
				"2024-06-09": {
					"avg": 21,
					"count": 1,
					"min": 21,
					"max": 21
				},
				"2024-06-20": {
					"avg": 143,
					"count": 1,
					"min": 143,
					"max": 143
				},
				"2024-06-21": {
					"avg": 21,
					"count": 4,
					"min": 20,
					"max": 25
				},
				"2024-06-22": {
					"avg": 21,
					"count": 1,
					"min": 21,
					"max": 21
				},
				"2024-06-27": {
					"avg": 22,
					"count": 1,
					"min": 22,
					"max": 22
				},
				"2024-06-29": {
					"avg": 40,
					"count": 1,
					"min": 40,
					"max": 40
				},
				"2024-07-01": {
					"avg": 21,
					"count": 1,
					"min": 21,
					"max": 21
				},
				"2024-07-04": {
					"avg": 155,
					"count": 1,
					"min": 155,
					"max": 155
				},
				"2024-07-11": {
					"avg": 35,
					"count": 1,
					"min": 35,
					"max": 35
				},
				"2024-07-14": {
					"avg": 155,
					"count": 1,
					"min": 155,
					"max": 155
				},
				"2024-07-17": {
					"avg": 21,
					"count": 1,
					"min": 21,
					"max": 21
				},
				"2024-07-18": {
					"avg": 120,
					"count": 11,
					"min": 120,
					"max": 120
				},
				"2024-07-19": {
					"avg": 155,
					"count": 3,
					"min": 155,
					"max": 155
				},
				"2024-07-27": {
					"avg": 29,
					"count": 1,
					"min": 29,
					"max": 29
				},
				"2024-08-01": {
					"avg": 181,
					"count": 1,
					"min": 181,
					"max": 181
				},
				"2024-08-03": {
					"avg": 83,
					"count": 2,
					"min": 22,
					"max": 144
				},
				"2024-08-06": {
					"avg": 23,
					"count": 4,
					"min": 23,
					"max": 23
				},
				"2024-08-07": {
					"avg": 128,
					"count": 1,
					"min": 128,
					"max": 128
				},
				"2024-08-10": {
					"avg": 20,
					"count": 3,
					"min": 20,
					"max": 20
				},
				"2024-08-18": {
					"avg": 49,
					"count": 1,
					"min": 49,
					"max": 49
				},
				"2024-08-21": {
					"avg": 147,
					"count": 1,
					"min": 147,
					"max": 147
				},
				"2024-08-24": {
					"avg": 669,
					"count": 1,
					"min": 669,
					"max": 669
				},
				"2024-08-25": {
					"avg": 172,
					"count": 1,
					"min": 172,
					"max": 172
				},
				"2024-08-27": {
					"avg": 152,
					"count": 1,
					"min": 152,
					"max": 152
				},
				"2024-08-31": {
					"avg": 23,
					"count": 1,
					"min": 23,
					"max": 23
				},
				"2024-09-04": {
					"avg": 558,
					"count": 1,
					"min": 558,
					"max": 558
				},
				"2024-09-15": {
					"avg": 20,
					"count": 1,
					"min": 20,
					"max": 20
				},
				"2024-09-18": {
					"avg": 25,
					"count": 1,
					"min": 25,
					"max": 25
				},
				"2024-09-19": {
					"avg": 86,
					"count": 2,
					"min": 20,
					"max": 152
				},
				"2024-09-20": {
					"avg": 124,
					"count": 1,
					"min": 124,
					"max": 124
				}
			},
			"avg": 150,
			"avg7": 119,
			"avg28": 119
		},
		"normal-played": {
			"history": {
				"2024-05-26": {
					"avg": 49,
					"count": 4,
					"min": 22,
					"max": 130
				},
				"2024-06-07": {
					"avg": 19,
					"count": 2,
					"min": 19,
					"max": 19
				},
				"2024-06-18": {
					"avg": 180,
					"count": 1,
					"min": 180,
					"max": 180
				},
				"2024-06-20": {
					"avg": 180,
					"count": 2,
					"min": 180,
					"max": 180
				},
				"2024-06-21": {
					"avg": 19,
					"count": 8,
					"min": 19,
					"max": 19
				},
				"2024-06-22": {
					"avg": 130,
					"count": 1,
					"min": 130,
					"max": 130
				},
				"2024-06-27": {
					"avg": 22,
					"count": 2,
					"min": 22,
					"max": 22
				},
				"2024-07-05": {
					"avg": 40,
					"count": 1,
					"min": 40,
					"max": 40
				},
				"2024-07-07": {
					"avg": 14,
					"count": 1,
					"min": 14,
					"max": 14
				},
				"2024-07-12": {
					"avg": 19,
					"count": 2,
					"min": 19,
					"max": 19
				},
				"2024-07-18": {
					"avg": 32,
					"count": 1,
					"min": 32,
					"max": 32
				},
				"2024-07-19": {
					"avg": 14,
					"count": 1,
					"min": 14,
					"max": 14
				},
				"2024-07-24": {
					"avg": 142,
					"count": 8,
					"min": 118,
					"max": 218
				},
				"2024-07-31": {
					"avg": 111,
					"count": 2,
					"min": 111,
					"max": 111
				},
				"2024-08-06": {
					"avg": 20,
					"count": 6,
					"min": 20,
					"max": 20
				},
				"2024-08-27": {
					"avg": 19,
					"count": 1,
					"min": 19,
					"max": 19
				},
				"2024-09-07": {
					"avg": 149,
					"count": 3,
					"min": 149,
					"max": 149
				},
				"2024-09-22": {
					"avg": 77,
					"count": 2,
					"min": 12,
					"max": 142
				}
			},
			"avg": 70,
			"avg7": -1,
			"avg28": -1
		},
		"normal-nearmint": {
			"history": {
				"2024-05-25": {
					"avg": 37,
					"count": 1,
					"min": 37,
					"max": 37
				},
				"2024-05-26": {
					"avg": 172,
					"count": 1,
					"min": 172,
					"max": 172
				},
				"2024-05-29": {
					"avg": 151,
					"count": 2,
					"min": 151,
					"max": 151
				},
				"2024-06-01": {
					"avg": 151,
					"count": 1,
					"min": 151,
					"max": 151
				},
				"2024-06-06": {
					"avg": 42,
					"count": 1,
					"min": 42,
					"max": 42
				},
				"2024-06-09": {
					"avg": 50,
					"count": 1,
					"min": 50,
					"max": 50
				},
				"2024-06-15": {
					"avg": 134,
					"count": 2,
					"min": 133,
					"max": 134
				},
				"2024-06-17": {
					"avg": 19,
					"count": 1,
					"min": 19,
					"max": 19
				},
				"2024-06-18": {
					"avg": 174,
					"count": 2,
					"min": 172,
					"max": 176
				},
				"2024-06-21": {
					"avg": 19,
					"count": 43,
					"min": 19,
					"max": 19
				},
				"2024-06-22": {
					"avg": 164,
					"count": 2,
					"min": 152,
					"max": 176
				},
				"2024-06-27": {
					"avg": 21,
					"count": 41,
					"min": 19,
					"max": 28
				},
				"2024-06-30": {
					"avg": 34,
					"count": 1,
					"min": 34,
					"max": 34
				},
				"2024-07-03": {
					"avg": 30,
					"count": 1,
					"min": 30,
					"max": 30
				},
				"2024-07-10": {
					"avg": 60,
					"count": 6,
					"min": 27,
					"max": 224
				},
				"2024-07-13": {
					"avg": 37,
					"count": 2,
					"min": 27,
					"max": 47
				},
				"2024-07-19": {
					"avg": 162,
					"count": 1,
					"min": 162,
					"max": 162
				},
				"2024-07-21": {
					"avg": 846,
					"count": 1,
					"min": 846,
					"max": 846
				},
				"2024-07-22": {
					"avg": 128,
					"count": 1,
					"min": 128,
					"max": 128
				},
				"2024-07-23": {
					"avg": 139,
					"count": 2,
					"min": 139,
					"max": 139
				},
				"2024-07-24": {
					"avg": 47,
					"count": 1,
					"min": 47,
					"max": 47
				},
				"2024-07-25": {
					"avg": 38,
					"count": 2,
					"min": 29,
					"max": 47
				},
				"2024-07-27": {
					"avg": 47,
					"count": 2,
					"min": 47,
					"max": 47
				},
				"2024-07-28": {
					"avg": 47,
					"count": 1,
					"min": 47,
					"max": 47
				},
				"2024-07-29": {
					"avg": 156,
					"count": 1,
					"min": 156,
					"max": 156
				},
				"2024-08-02": {
					"avg": 130,
					"count": 5,
					"min": 27,
					"max": 162
				},
				"2024-08-03": {
					"avg": 47,
					"count": 1,
					"min": 47,
					"max": 47
				},
				"2024-08-04": {
					"avg": 98,
					"count": 2,
					"min": 56,
					"max": 139
				},
				"2024-08-06": {
					"avg": 32,
					"count": 1,
					"min": 32,
					"max": 32
				},
				"2024-08-08": {
					"avg": 33,
					"count": 2,
					"min": 33,
					"max": 33
				},
				"2024-08-11": {
					"avg": 114,
					"count": 1,
					"min": 114,
					"max": 114
				},
				"2024-08-16": {
					"avg": 30,
					"count": 1,
					"min": 30,
					"max": 30
				},
				"2024-08-17": {
					"avg": 241,
					"count": 3,
					"min": 47,
					"max": 498
				},
				"2024-08-18": {
					"avg": 29,
					"count": 1,
					"min": 29,
					"max": 29
				},
				"2024-08-19": {
					"avg": 139,
					"count": 1,
					"min": 139,
					"max": 139
				},
				"2024-08-20": {
					"avg": 29,
					"count": 1,
					"min": 29,
					"max": 29
				},
				"2024-08-23": {
					"avg": 139,
					"count": 3,
					"min": 139,
					"max": 139
				},
				"2024-08-27": {
					"avg": 37,
					"count": 3,
					"min": 29,
					"max": 47
				},
				"2024-09-05": {
					"avg": 47,
					"count": 1,
					"min": 47,
					"max": 47
				},
				"2024-09-06": {
					"avg": 157,
					"count": 1,
					"min": 157,
					"max": 157
				},
				"2024-09-15": {
					"avg": 34,
					"count": 1,
					"min": 34,
					"max": 34
				},
				"2024-09-21": {
					"avg": 123,
					"count": 1,
					"min": 123,
					"max": 123
				},
				"2024-09-22": {
					"avg": 27,
					"count": 1,
					"min": 27,
					"max": 27
				}
			},
			"avg": 58,
			"avg7": -1,
			"avg28": -1
		},
		"normal-used": {
			"history": {
				"2024-05-24": {
					"avg": 19,
					"count": 1,
					"min": 19,
					"max": 19
				},
				"2024-06-02": {
					"avg": 28,
					"count": 1,
					"min": 28,
					"max": 28
				},
				"2024-06-20": {
					"avg": 20,
					"count": 1,
					"min": 20,
					"max": 20
				},
				"2024-07-11": {
					"avg": 21,
					"count": 1,
					"min": 21,
					"max": 21
				},
				"2024-07-13": {
					"avg": 35,
					"count": 1,
					"min": 35,
					"max": 35
				},
				"2024-07-26": {
					"avg": 20,
					"count": 1,
					"min": 20,
					"max": 20
				},
				"2024-09-03": {
					"avg": 12,
					"count": 1,
					"min": 12,
					"max": 12
				},
				"2024-09-07": {
					"avg": 109,
					"count": 1,
					"min": 109,
					"max": 109
				}
			},
			"avg": 33,
			"avg7": -1,
			"avg28": -1
		},
		"normal-poor": {
			"history": {
				"2024-06-04": {
					"avg": 16,
					"count": 1,
					"min": 16,
					"max": 16
				},
				"2024-06-14": {
					"avg": 25,
					"count": 1,
					"min": 25,
					"max": 25
				},
				"2024-06-19": {
					"avg": 50,
					"count": 1,
					"min": 50,
					"max": 50
				},
				"2024-07-16": {
					"avg": 18,
					"count": 3,
					"min": 16,
					"max": 20
				},
				"2024-09-20": {
					"avg": 201,
					"count": 2,
					"min": 201,
					"max": 201
				}
			},
			"avg": 68,
			"avg7": -1,
			"avg28": -1
		}
	}
}