{
	"data": {
		"holo-good": {
			"history": {
				"2022-11-13": {
					"avg": 356,
					"count": 1
				},
				"2022-11-14": {
					"avg": 666,
					"count": 2
				},
				"2022-11-16": {
					"avg": 622,
					"count": 3
				},
				"2022-11-17": {
					"avg": 929,
					"count": 1
				},
				"2022-11-20": {
					"avg": 392,
					"count": 1,
					"min": 392,
					"max": 392
				},
				"2022-11-21": {
					"avg": 1253,
					"count": 4,
					"min": 392,
					"max": 2698
				},
				"2022-11-23": {
					"avg": 1361,
					"count": 3,
					"min": 1082,
					"max": 1500
				},
				"2022-11-24": {
					"avg": 400,
					"count": 1,
					"min": 400,
					"max": 400
				},
				"2022-11-25": {
					"avg": 762,
					"count": 2,
					"min": 223,
					"max": 1300
				},
				"2022-11-27": {
					"avg": 200,
					"count": 1,
					"min": 200,
					"max": 200
				},
				"2022-11-28": {
					"avg": 555,
					"count": 10,
					"min": 299,
					"max": 1500
				},
				"2022-11-29": {
					"avg": 437,
					"count": 6,
					"min": 253,
					"max": 999
				},
				"2022-11-30": {
					"avg": 392,
					"count": 2,
					"min": 359,
					"max": 424
				},
				"2022-12-03": {
					"avg": 725,
					"count": 2,
					"min": 400,
					"max": 1049
				},
				"2022-12-04": {
					"avg": 1376,
					"count": 2,
					"min": 754,
					"max": 1997
				},
				"2022-12-05": {
					"avg": 604,
					"count": 1,
					"min": 604,
					"max": 604
				},
				"2022-12-09": {
					"avg": 510,
					"count": 2,
					"min": 99,
					"max": 920
				},
				"2022-12-10": {
					"avg": 349,
					"count": 2,
					"min": 99,
					"max": 599
				},
				"2022-12-11": {
					"avg": 499,
					"count": 2,
					"min": 407,
					"max": 590
				},
				"2022-12-12": {
					"avg": 748,
					"count": 4,
					"min": 523,
					"max": 1198
				},
				"2022-12-14": {
					"avg": 660,
					"count": 1,
					"min": 660,
					"max": 660
				},
				"2022-12-15": {
					"avg": 229,
					"count": 1,
					"min": 229,
					"max": 229
				},
				"2022-12-16": {
					"avg": 509,
					"count": 7,
					"min": 99,
					"max": 1007
				},
				"2022-12-18": {
					"avg": 674,
					"count": 2,
					"min": 649,
					"max": 699
				},
				"2022-12-19": {
					"avg": 1023,
					"count": 1,
					"min": 1023,
					"max": 1023
				},
				"2022-12-20": {
					"avg": 453,
					"count": 1,
					"min": 453,
					"max": 453
				},
				"2022-12-21": {
					"avg": 381,
					"count": 4,
					"min": 253,
					"max": 499
				},
				"2022-12-22": {
					"avg": 571,
					"count": 3,
					"min": 371,
					"max": 872
				},
				"2022-12-23": {
					"avg": 1419,
					"count": 3,
					"min": 1281,
					"max": 1497
				},
				"2022-12-25": {
					"avg": 277,
					"count": 1,
					"min": 277,
					"max": 277
				},
				"2022-12-27": {
					"avg": 743,
					"count": 3,
					"min": 196,
					"max": 1349
				},
				"2022-12-28": {
					"avg": 598,
					"count": 1,
					"min": 598,
					"max": 598
				},
				"2022-12-30": {
					"avg": 522,
					"count": 2,
					"min": 445,
					"max": 598
				},
				"2023-01-01": {
					"avg": 378,
					"count": 2,
					"min": 213,
					"max": 543
				},
				"2023-01-02": {
					"avg": 325,
					"count": 7,
					"min": 195,
					"max": 699
				},
				"2023-01-03": {
					"avg": 873,
					"count": 4,
					"min": 544,
					"max": 1498
				},
				"2023-01-04": {
					"avg": 709,
					"count": 4,
					"min": 364,
					"max": 1348
				},
				"2023-01-05": {
					"avg": 1778,
					"count": 3,
					"min": 1340,
					"max": 1997
				},
				"2023-01-06": {
					"avg": 1679,
					"count": 4,
					"min": 625,
					"max": 2099
				},
				"2023-01-08": {
					"avg": 479,
					"count": 4,
					"min": 279,
					"max": 677
				},
				"2023-01-12": {
					"avg": 295,
					"count": 3,
					"min": 199,
					"max": 343
				},
				"2023-02-06": {
					"avg": 843,
					"count": 8,
					"min": 349,
					"max": 2475
				},
				"2023-02-07": {
					"avg": 1450,
					"count": 1,
					"min": 1450,
					"max": 1450
				},
				"2023-02-08": {
					"avg": 1048,
					"count": 2,
					"min": 497,
					"max": 1599
				},
				"2023-02-11": {
					"avg": 341,
					"count": 1,
					"min": 341,
					"max": 341
				},
				"2023-02-12": {
					"avg": 250,
					"count": 1,
					"min": 250,
					"max": 250
				},
				"2023-02-13": {
					"avg": 549,
					"count": 2,
					"min": 474,
					"max": 624
				},
				"2023-02-15": {
					"avg": 1399,
					"count": 1,
					"min": 1399,
					"max": 1399
				},
				"2023-02-16": {
					"avg": 2099,
					"count": 1,
					"min": 2099,
					"max": 2099
				},
				"2023-02-17": {
					"avg": 219,
					"count": 2,
					"min": 180,
					"max": 258
				},
				"2023-02-18": {
					"avg": 431,
					"count": 3,
					"min": 398,
					"max": 497
				},
				"2023-02-20": {
					"avg": 1008,
					"count": 5,
					"min": 297,
					"max": 2099
				},
				"2023-02-21": {
					"avg": 639,
					"count": 1,
					"min": 639,
					"max": 639
				},
				"2023-02-22": {
					"avg": 398,
					"count": 1,
					"min": 398,
					"max": 398
				},
				"2023-02-23": {
					"avg": 1560,
					"count": 2,
					"min": 623,
					"max": 2496
				},
				"2023-02-24": {
					"avg": 461,
					"count": 2,
					"min": 449,
					"max": 472
				},
				"2023-02-26": {
					"avg": 421,
					"count": 2,
					"min": 371,
					"max": 470
				},
				"2023-02-27": {
					"avg": 385,
					"count": 1,
					"min": 385,
					"max": 385
				},
				"2023-03-01": {
					"avg": 2369,
					"count": 1,
					"min": 2369,
					"max": 2369
				},
				"2023-03-02": {
					"avg": 199,
					"count": 1,
					"min": 199,
					"max": 199
				},
				"2023-03-04": {
					"avg": 1796,
					"count": 3,
					"min": 649,
					"max": 2369
				},
				"2023-03-06": {
					"avg": 486,
					"count": 4,
					"min": 399,
					"max": 546
				},
				"2023-03-07": {
					"avg": 899,
					"count": 1,
					"min": 899,
					"max": 899
				},
				"2023-03-10": {
					"avg": 943,
					"count": 3,
					"min": 536,
					"max": 1598
				},
				"2023-03-11": {
					"avg": 573,
					"count": 1,
					"min": 573,
					"max": 573
				},
				"2023-03-13": {
					"avg": 250,
					"count": 1,
					"min": 250,
					"max": 250
				},
				"2023-03-18": {
					"avg": 375,
					"count": 1,
					"min": 375,
					"max": 375
				},
				"2023-03-19": {
					"avg": 484,
					"count": 2,
					"min": 395,
					"max": 573
				},
				"2023-03-20": {
					"avg": 2099,
					"count": 1,
					"min": 2099,
					"max": 2099
				},
				"2023-03-22": {
					"avg": 613,
					"count": 3,
					"min": 387,
					"max": 799
				},
				"2023-03-24": {
					"avg": 1766,
					"count": 4,
					"min": 795,
					"max": 2399
				},
				"2023-03-25": {
					"avg": 549,
					"count": 1,
					"min": 549,
					"max": 549
				},
				"2023-03-26": {
					"avg": 298,
					"count": 1,
					"min": 298,
					"max": 298
				},
				"2023-03-28": {
					"avg": 474,
					"count": 1,
					"min": 474,
					"max": 474
				},
				"2023-03-29": {
					"avg": 498,
					"count": 2,
					"min": 449,
					"max": 547
				},
				"2023-04-02": {
					"avg": 468,
					"count": 1,
					"min": 468,
					"max": 468
				},
				"2023-04-05": {
					"avg": 389,
					"count": 2,
					"min": 340,
					"max": 437
				},
				"2023-04-06": {
					"avg": 546,
					"count": 4,
					"min": 294,
					"max": 798
				},
				"2023-04-07": {
					"avg": 1642,
					"count": 3,
					"min": 551,
					"max": 2375
				},
				"2023-04-10": {
					"avg": 2799,
					"count": 1,
					"min": 2799,
					"max": 2799
				},
				"2023-04-11": {
					"avg": 597,
					"count": 1,
					"min": 597,
					"max": 597
				},
				"2023-04-13": {
					"avg": 598,
					"count": 1,
					"min": 598,
					"max": 598
				},
				"2023-04-14": {
					"avg": 297,
					"count": 2,
					"min": 297,
					"max": 297
				},
				"2023-04-16": {
					"avg": 637,
					"count": 3,
					"min": 598,
					"max": 674
				},
				"2023-04-17": {
					"avg": 721,
					"count": 3,
					"min": 542,
					"max": 811
				},
				"2023-04-18": {
					"avg": 725,
					"count": 1,
					"min": 725,
					"max": 725
				},
				"2023-04-20": {
					"avg": 798,
					"count": 1,
					"min": 798,
					"max": 798
				},
				"2023-04-22": {
					"avg": 1217,
					"count": 4,
					"min": 179,
					"max": 3649
				},
				"2023-04-26": {
					"avg": 165,
					"count": 1,
					"min": 165,
					"max": 165
				},
				"2023-04-27": {
					"avg": 175,
					"count": 1,
					"min": 175,
					"max": 175
				},
				"2023-04-30": {
					"avg": 425,
					"count": 1,
					"min": 425,
					"max": 425
				},
				"2023-05-01": {
					"avg": 611,
					"count": 1,
					"min": 611,
					"max": 611
				},
				"2023-05-02": {
					"avg": 848,
					"count": 2,
					"min": 297,
					"max": 1398
				},
				"2023-05-06": {
					"avg": 597,
					"count": 1,
					"min": 597,
					"max": 597
				},
				"2023-05-07": {
					"avg": 298,
					"count": 1,
					"min": 298,
					"max": 298
				},
				"2023-05-08": {
					"avg": 283,
					"count": 2,
					"min": 241,
					"max": 324
				},
				"2023-05-10": {
					"avg": 287,
					"count": 2,
					"min": 250,
					"max": 324
				},
				"2023-05-11": {
					"avg": 841,
					"count": 3,
					"min": 324,
					"max": 1874
				},
				"2023-05-12": {
					"avg": 567,
					"count": 1,
					"min": 567,
					"max": 567
				},
				"2023-05-13": {
					"avg": 618,
					"count": 2,
					"min": 606,
					"max": 630
				},
				"2023-05-16": {
					"avg": 424,
					"count": 1,
					"min": 424,
					"max": 424
				},
				"2023-05-17": {
					"avg": 652,
					"count": 2,
					"min": 503,
					"max": 800
				},
				"2023-05-18": {
					"avg": 258,
					"count": 1,
					"min": 258,
					"max": 258
				},
				"2023-05-20": {
					"avg": 325,
					"count": 1,
					"min": 325,
					"max": 325
				},
				"2023-05-21": {
					"avg": 1074,
					"count": 2,
					"min": 398,
					"max": 1749
				},
				"2023-05-22": {
					"avg": 398,
					"count": 2,
					"min": 398,
					"max": 398
				},
				"2023-05-23": {
					"avg": 891,
					"count": 4,
					"min": 719,
					"max": 1174
				},
				"2023-05-24": {
					"avg": 1987,
					"count": 6,
					"min": 399,
					"max": 2499
				},
				"2023-05-25": {
					"avg": 559,
					"count": 9,
					"min": 375,
					"max": 787
				},
				"2023-05-26": {
					"avg": 749,
					"count": 1,
					"min": 749,
					"max": 749
				},
				"2023-05-29": {
					"avg": 499,
					"count": 1,
					"min": 499,
					"max": 499
				},
				"2023-05-30": {
					"avg": 598,
					"count": 1,
					"min": 598,
					"max": 598
				},
				"2023-05-31": {
					"avg": 989,
					"count": 1,
					"min": 989,
					"max": 989
				},
				"2023-06-02": {
					"avg": 1870,
					"count": 6,
					"min": 998,
					"max": 2349
				},
				"2023-06-03": {
					"avg": 812,
					"count": 4,
					"min": 292,
					"max": 1449
				},
				"2023-06-05": {
					"avg": 292,
					"count": 1,
					"min": 292,
					"max": 292
				},
				"2023-06-06": {
					"avg": 499,
					"count": 5,
					"min": 399,
					"max": 598
				},
				"2023-06-07": {
					"avg": 1134,
					"count": 5,
					"min": 274,
					"max": 2550
				},
				"2023-06-09": {
					"avg": 676,
					"count": 4,
					"min": 499,
					"max": 816
				},
				"2023-06-10": {
					"avg": 699,
					"count": 1,
					"min": 699,
					"max": 699
				},
				"2023-06-12": {
					"avg": 774,
					"count": 2,
					"min": 599,
					"max": 949
				},
				"2023-06-13": {
					"avg": 2361,
					"count": 3,
					"min": 2099,
					"max": 2500
				},
				"2023-06-14": {
					"avg": 1099,
					"count": 2,
					"min": 689,
					"max": 1508
				},
				"2023-06-17": {
					"avg": 1648,
					"count": 1,
					"min": 1648,
					"max": 1648
				},
				"2023-06-20": {
					"avg": 849,
					"count": 1,
					"min": 849,
					"max": 849
				},
				"2023-06-21": {
					"avg": 1074,
					"count": 2,
					"min": 797,
					"max": 1350
				},
				"2023-06-22": {
					"avg": 1171,
					"count": 6,
					"min": 157,
					"max": 2099
				},
				"2023-06-23": {
					"avg": 390,
					"count": 2,
					"min": 390,
					"max": 390
				},
				"2023-06-25": {
					"avg": 290,
					"count": 1,
					"min": 290,
					"max": 290
				},
				"2023-06-26": {
					"avg": 1977,
					"count": 1,
					"min": 1977,
					"max": 1977
				},
				"2023-06-28": {
					"avg": 2124,
					"count": 1,
					"min": 2124,
					"max": 2124
				},
				"2023-06-29": {
					"avg": 1890,
					"count": 3,
					"min": 324,
					"max": 2997
				},
				"2023-06-30": {
					"avg": 1899,
					"count": 1,
					"min": 1899,
					"max": 1899
				},
				"2023-07-01": {
					"avg": 1235,
					"count": 3,
					"min": 158,
					"max": 2997
				},
				"2023-07-02": {
					"avg": 644,
					"count": 2,
					"min": 290,
					"max": 998
				},
				"2023-07-03": {
					"avg": 780,
					"count": 7,
					"min": 296,
					"max": 1890
				},
				"2023-07-04": {
					"avg": 829,
					"count": 6,
					"min": 769,
					"max": 998
				},
				"2023-07-06": {
					"avg": 2997,
					"count": 1,
					"min": 2997,
					"max": 2997
				},
				"2023-07-07": {
					"avg": 495,
					"count": 4,
					"min": 291,
					"max": 748
				},
				"2023-07-08": {
					"avg": 2997,
					"count": 1,
					"min": 2997,
					"max": 2997
				},
				"2023-07-09": {
					"avg": 397,
					"count": 1,
					"min": 397,
					"max": 397
				},
				"2023-07-10": {
					"avg": 860,
					"count": 6,
					"min": 298,
					"max": 1995
				},
				"2023-07-11": {
					"avg": 1040,
					"count": 6,
					"min": 300,
					"max": 2999
				},
				"2023-07-12": {
					"avg": 191,
					"count": 1,
					"min": 191,
					"max": 191
				},
				"2023-07-13": {
					"avg": 670,
					"count": 1,
					"min": 670,
					"max": 670
				},
				"2023-07-15": {
					"avg": 859,
					"count": 2,
					"min": 720,
					"max": 998
				},
				"2023-07-17": {
					"avg": 854,
					"count": 4,
					"min": 185,
					"max": 1077
				},
				"2023-07-18": {
					"avg": 318,
					"count": 5,
					"min": 258,
					"max": 398
				},
				"2023-07-19": {
					"avg": 597,
					"count": 1,
					"min": 597,
					"max": 597
				},
				"2023-07-20": {
					"avg": 897,
					"count": 1,
					"min": 897,
					"max": 897
				},
				"2023-07-23": {
					"avg": 606,
					"count": 3,
					"min": 495,
					"max": 662
				},
				"2023-07-24": {
					"avg": 1355,
					"count": 2,
					"min": 899,
					"max": 1811
				},
				"2023-07-25": {
					"avg": 945,
					"count": 2,
					"min": 899,
					"max": 990
				},
				"2023-07-29": {
					"avg": 1778,
					"count": 2,
					"min": 1561,
					"max": 1995
				},
				"2023-07-30": {
					"avg": 375,
					"count": 1,
					"min": 375,
					"max": 375
				},
				"2023-07-31": {
					"avg": 605,
					"count": 3,
					"min": 584,
					"max": 634
				},
				"2023-08-01": {
					"avg": 899,
					"count": 1,
					"min": 899,
					"max": 899
				},
				"2023-08-02": {
					"avg": 481,
					"count": 3,
					"min": 287,
					"max": 582
				},
				"2023-08-04": {
					"avg": 749,
					"count": 3,
					"min": 749,
					"max": 749
				},
				"2023-08-05": {
					"avg": 995,
					"count": 1,
					"min": 995,
					"max": 995
				},
				"2023-08-10": {
					"avg": 577,
					"count": 4,
					"min": 191,
					"max": 1274
				},
				"2023-08-12": {
					"avg": 189,
					"count": 1,
					"min": 189,
					"max": 189
				},
				"2023-08-14": {
					"avg": 294,
					"count": 6,
					"min": 290,
					"max": 297
				},
				"2023-08-15": {
					"avg": 1484,
					"count": 2,
					"min": 998,
					"max": 1970
				},
				"2023-08-17": {
					"avg": 1778,
					"count": 3,
					"min": 779,
					"max": 3699
				},
				"2023-08-18": {
					"avg": 610,
					"count": 4,
					"min": 279,
					"max": 799
				},
				"2023-08-19": {
					"avg": 294,
					"count": 1,
					"min": 294,
					"max": 294
				},
				"2023-08-24": {
					"avg": 1182,
					"count": 2,
					"min": 799,
					"max": 1564
				},
				"2023-08-27": {
					"avg": 285,
					"count": 2,
					"min": 279,
					"max": 290
				},
				"2023-08-28": {
					"avg": 1199,
					"count": 2,
					"min": 499,
					"max": 1899
				},
				"2023-08-29": {
					"avg": 1023,
					"count": 1,
					"min": 1023,
					"max": 1023
				},
				"2023-08-31": {
					"avg": 1545,
					"count": 1,
					"min": 1545,
					"max": 1545
				},
				"2023-09-02": {
					"avg": 802,
					"count": 1,
					"min": 802,
					"max": 802
				},
				"2023-09-06": {
					"avg": 290,
					"count": 2,
					"min": 275,
					"max": 304
				},
				"2023-09-08": {
					"avg": 798,
					"count": 1,
					"min": 798,
					"max": 798
				},
				"2023-09-09": {
					"avg": 700,
					"count": 4,
					"min": 287,
					"max": 1099
				},
				"2023-09-10": {
					"avg": 572,
					"count": 2,
					"min": 569,
					"max": 574
				},
				"2023-09-11": {
					"avg": 370,
					"count": 1,
					"min": 370,
					"max": 370
				},
				"2023-09-12": {
					"avg": 550,
					"count": 2,
					"min": 299,
					"max": 800
				},
				"2023-09-13": {
					"avg": 1327,
					"count": 2,
					"min": 660,
					"max": 1995
				},
				"2023-09-15": {
					"avg": 439,
					"count": 3,
					"min": 204,
					"max": 638
				},
				"2023-09-17": {
					"avg": 309,
					"count": 2,
					"min": 309,
					"max": 309
				},
				"2023-09-18": {
					"avg": 2013,
					"count": 1,
					"min": 2013,
					"max": 2013
				},
				"2023-09-19": {
					"avg": 566,
					"count": 3,
					"min": 499,
					"max": 599
				},
				"2023-09-20": {
					"avg": 205,
					"count": 1,
					"min": 205,
					"max": 205
				},
				"2023-09-23": {
					"avg": 579,
					"count": 1,
					"min": 579,
					"max": 579
				},
				"2023-09-26": {
					"avg": 548,
					"count": 5,
					"min": 499,
					"max": 569
				},
				"2023-09-27": {
					"avg": 424,
					"count": 1,
					"min": 424,
					"max": 424
				},
				"2023-09-28": {
					"avg": 700,
					"count": 1,
					"min": 700,
					"max": 700
				},
				"2023-09-29": {
					"avg": 649,
					"count": 2,
					"min": 599,
					"max": 698
				},
				"2023-09-30": {
					"avg": 570,
					"count": 1,
					"min": 570,
					"max": 570
				},
				"2023-10-01": {
					"avg": 499,
					"count": 1,
					"min": 499,
					"max": 499
				},
				"2023-10-02": {
					"avg": 597,
					"count": 3,
					"min": 199,
					"max": 995
				},
				"2023-10-03": {
					"avg": 700,
					"count": 1,
					"min": 700,
					"max": 700
				},
				"2023-10-04": {
					"avg": 300,
					"count": 5,
					"min": 270,
					"max": 387
				},
				"2023-10-05": {
					"avg": 995,
					"count": 1,
					"min": 995,
					"max": 995
				},
				"2023-10-08": {
					"avg": 702,
					"count": 1,
					"min": 702,
					"max": 702
				},
				"2023-10-12": {
					"avg": 407,
					"count": 1,
					"min": 407,
					"max": 407
				},
				"2023-10-13": {
					"avg": 598,
					"count": 1,
					"min": 598,
					"max": 598
				},
				"2023-10-14": {
					"avg": 570,
					"count": 1,
					"min": 570,
					"max": 570
				},
				"2023-10-16": {
					"avg": 344,
					"count": 3,
					"min": 289,
					"max": 398
				},
				"2023-10-17": {
					"avg": 345,
					"count": 1,
					"min": 345,
					"max": 345
				},
				"2023-10-19": {
					"avg": 325,
					"count": 1,
					"min": 325,
					"max": 325
				},
				"2023-10-20": {
					"avg": 550,
					"count": 1,
					"min": 550,
					"max": 550
				},
				"2023-10-21": {
					"avg": 349,
					"count": 2,
					"min": 149,
					"max": 549
				},
				"2023-10-22": {
					"avg": 265,
					"count": 1,
					"min": 265,
					"max": 265
				},
				"2023-10-23": {
					"avg": 260,
					"count": 1,
					"min": 260,
					"max": 260
				},
				"2023-10-24": {
					"avg": 190,
					"count": 1,
					"min": 190,
					"max": 190
				},
				"2023-10-26": {
					"avg": 345,
					"count": 1,
					"min": 345,
					"max": 345
				},
				"2023-10-27": {
					"avg": 583,
					"count": 4,
					"min": 246,
					"max": 839
				},
				"2023-10-28": {
					"avg": 442,
					"count": 1,
					"min": 442,
					"max": 442
				},
				"2023-10-30": {
					"avg": 177,
					"count": 1,
					"min": 177,
					"max": 177
				},
				"2023-10-31": {
					"avg": 346,
					"count": 1,
					"min": 346,
					"max": 346
				},
				"2023-11-02": {
					"avg": 286,
					"count": 1,
					"min": 286,
					"max": 286
				},
				"2023-11-03": {
					"avg": 499,
					"count": 1,
					"min": 499,
					"max": 499
				},
				"2023-11-04": {
					"avg": 464,
					"count": 3,
					"min": 355,
					"max": 548
				},
				"2023-11-06": {
					"avg": 577,
					"count": 4,
					"min": 469,
					"max": 699
				},
				"2023-11-07": {
					"avg": 548,
					"count": 1,
					"min": 548,
					"max": 548
				},
				"2023-11-08": {
					"avg": 349,
					"count": 1,
					"min": 349,
					"max": 349
				},
				"2023-11-10": {
					"avg": 999,
					"count": 1,
					"min": 999,
					"max": 999
				},
				"2023-11-11": {
					"avg": 769,
					"count": 1,
					"min": 769,
					"max": 769
				},
				"2023-11-12": {
					"avg": 560,
					"count": 6,
					"min": 449,
					"max": 799
				},
				"2023-11-13": {
					"avg": 723,
					"count": 2,
					"min": 298,
					"max": 1148
				},
				"2023-11-14": {
					"avg": 526,
					"count": 1,
					"min": 526,
					"max": 526
				},
				"2023-11-15": {
					"avg": 446,
					"count": 1,
					"min": 446,
					"max": 446
				},
				"2023-11-16": {
					"avg": 445,
					"count": 1,
					"min": 445,
					"max": 445
				},
				"2023-11-17": {
					"avg": 421,
					"count": 1,
					"min": 421,
					"max": 421
				},
				"2023-11-18": {
					"avg": 645,
					"count": 1,
					"min": 645,
					"max": 645
				},
				"2023-11-20": {
					"avg": 542,
					"count": 1,
					"min": 542,
					"max": 542
				},
				"2023-11-21": {
					"avg": 427,
					"count": 2,
					"min": 304,
					"max": 549
				},
				"2023-11-22": {
					"avg": 499,
					"count": 2,
					"min": 457,
					"max": 541
				},
				"2023-11-23": {
					"avg": 630,
					"count": 1,
					"min": 630,
					"max": 630
				},
				"2023-11-24": {
					"avg": 516,
					"count": 21,
					"min": 298,
					"max": 991
				},
				"2023-11-25": {
					"avg": 246,
					"count": 1,
					"min": 246,
					"max": 246
				},
				"2023-11-26": {
					"avg": 557,
					"count": 2,
					"min": 397,
					"max": 717
				},
				"2023-11-27": {
					"avg": 1081,
					"count": 4,
					"min": 992,
					"max": 1348
				},
				"2024-05-16": {
					"avg": 837,
					"count": 2,
					"min": 675,
					"max": 999
				},
				"2024-05-17": {
					"avg": 592,
					"count": 8,
					"min": 300,
					"max": 794
				},
				"2024-05-18": {
					"avg": 530,
					"count": 5,
					"min": 470,
					"max": 556
				},
				"2024-05-19": {
					"avg": 650,
					"count": 1,
					"min": 650,
					"max": 650
				},
				"2024-05-20": {
					"avg": 662,
					"count": 2,
					"min": 316,
					"max": 1008
				},
				"2024-05-21": {
					"avg": 1295,
					"count": 1,
					"min": 1295,
					"max": 1295
				},
				"2024-05-22": {
					"avg": 799,
					"count": 1,
					"min": 799,
					"max": 799
				},
				"2024-05-23": {
					"avg": 368,
					"count": 2,
					"min": 319,
					"max": 418
				},
				"2024-05-25": {
					"avg": 639,
					"count": 2,
					"min": 634,
					"max": 644
				},
				"2024-05-26": {
					"avg": 643,
					"count": 1,
					"min": 643,
					"max": 643
				},
				"2024-05-27": {
					"avg": 1092,
					"count": 2,
					"min": 997,
					"max": 1186
				},
				"2024-05-30": {
					"avg": 572,
					"count": 2,
					"min": 416,
					"max": 727
				},
				"2024-06-03": {
					"avg": 525,
					"count": 1,
					"min": 525,
					"max": 525
				},
				"2024-06-04": {
					"avg": 525,
					"count": 1,
					"min": 525,
					"max": 525
				},
				"2024-06-05": {
					"avg": 669,
					"count": 1,
					"min": 669,
					"max": 669
				},
				"2024-06-07": {
					"avg": 549,
					"count": 1,
					"min": 549,
					"max": 549
				},
				"2024-06-11": {
					"avg": 996,
					"count": 1,
					"min": 996,
					"max": 996
				},
				"2024-06-12": {
					"avg": 605,
					"count": 6,
					"min": 519,
					"max": 685
				},
				"2024-06-13": {
					"avg": 685,
					"count": 1,
					"min": 685,
					"max": 685
				},
				"2024-06-16": {
					"avg": 543,
					"count": 1,
					"min": 543,
					"max": 543
				},
				"2024-06-17": {
					"avg": 728,
					"count": 1,
					"min": 728,
					"max": 728
				},
				"2024-06-22": {
					"avg": 712,
					"count": 2,
					"min": 650,
					"max": 774
				},
				"2024-06-24": {
					"avg": 699,
					"count": 1,
					"min": 699,
					"max": 699
				},
				"2024-06-26": {
					"avg": 714,
					"count": 1,
					"min": 714,
					"max": 714
				},
				"2024-06-27": {
					"avg": 555,
					"count": 1,
					"min": 555,
					"max": 555
				},
				"2024-06-28": {
					"avg": 799,
					"count": 1,
					"min": 799,
					"max": 799
				},
				"2024-07-10": {
					"avg": 613,
					"count": 1,
					"min": 613,
					"max": 613
				},
				"2024-07-12": {
					"avg": 605,
					"count": 1,
					"min": 605,
					"max": 605
				},
				"2024-07-16": {
					"avg": 595,
					"count": 1,
					"min": 595,
					"max": 595
				},
				"2024-07-17": {
					"avg": 599,
					"count": 3,
					"min": 597,
					"max": 600
				},
				"2024-07-18": {
					"avg": 584,
					"count": 1,
					"min": 584,
					"max": 584
				},
				"2024-07-19": {
					"avg": 1131,
					"count": 3,
					"min": 799,
					"max": 1794
				},
				"2024-07-20": {
					"avg": 640,
					"count": 2,
					"min": 590,
					"max": 689
				},
				"2024-07-22": {
					"avg": 777,
					"count": 1,
					"min": 777,
					"max": 777
				},
				"2024-07-25": {
					"avg": 595,
					"count": 1,
					"min": 595,
					"max": 595
				},
				"2024-07-29": {
					"avg": 597,
					"count": 2,
					"min": 595,
					"max": 599
				},
				"2024-08-04": {
					"avg": 1729,
					"count": 1,
					"min": 1729,
					"max": 1729
				},
				"2024-08-05": {
					"avg": 595,
					"count": 1,
					"min": 595,
					"max": 595
				},
				"2024-08-06": {
					"avg": 590,
					"count": 1,
					"min": 590,
					"max": 590
				},
				"2024-08-07": {
					"avg": 595,
					"count": 1,
					"min": 595,
					"max": 595
				},
				"2024-08-10": {
					"avg": 594,
					"count": 2,
					"min": 574,
					"max": 613
				},
				"2024-08-12": {
					"avg": 1007,
					"count": 1,
					"min": 1007,
					"max": 1007
				},
				"2024-08-13": {
					"avg": 587,
					"count": 1,
					"min": 587,
					"max": 587
				},
				"2024-08-18": {
					"avg": 525,
					"count": 2,
					"min": 462,
					"max": 587
				},
				"2024-08-19": {
					"avg": 587,
					"count": 1,
					"min": 587,
					"max": 587
				},
				"2024-08-20": {
					"avg": 460,
					"count": 1,
					"min": 460,
					"max": 460
				},
				"2024-08-25": {
					"avg": 825,
					"count": 1,
					"min": 825,
					"max": 825
				},
				"2024-08-30": {
					"avg": 649,
					"count": 2,
					"min": 649,
					"max": 649
				},
				"2024-08-31": {
					"avg": 750,
					"count": 1,
					"min": 750,
					"max": 750
				},
				"2024-09-02": {
					"avg": 1308,
					"count": 1,
					"min": 1308,
					"max": 1308
				},
				"2024-09-03": {
					"avg": 592,
					"count": 2,
					"min": 588,
					"max": 595
				},
				"2024-09-09": {
					"avg": 699,
					"count": 1,
					"min": 699,
					"max": 699
				},
				"2024-09-11": {
					"avg": 750,
					"count": 5,
					"min": 549,
					"max": 1100
				},
				"2024-09-12": {
					"avg": 1012,
					"count": 2,
					"min": 598,
					"max": 1425
				},
				"2024-09-13": {
					"avg": 795,
					"count": 1,
					"min": 795,
					"max": 795
				},
				"2024-09-15": {
					"avg": 654,
					"count": 2,
					"min": 654,
					"max": 654
				},
				"2024-09-16": {
					"avg": 1074,
					"count": 1,
					"min": 1074,
					"max": 1074
				},
				"2024-09-17": {
					"avg": 607,
					"count": 3,
					"min": 589,
					"max": 637
				},
				"2024-09-18": {
					"avg": 595,
					"count": 1,
					"min": 595,
					"max": 595
				},
				"2024-09-19": {
					"avg": 694,
					"count": 3,
					"min": 587,
					"max": 795
				},
				"2024-09-20": {
					"avg": 718,
					"count": 1,
					"min": 718,
					"max": 718
				},
				"2024-09-21": {
					"avg": 699,
					"count": 1,
					"min": 699,
					"max": 699
				}
			},
			"avg": 757,
			"avg7": 657,
			"avg28": 657
		},
		"holo-used": {
			"history": {
				"2024-05-25": {
					"avg": 447,
					"count": 1,
					"min": 447,
					"max": 447
				},
				"2024-05-29": {
					"avg": 415,
					"count": 1,
					"min": 415,
					"max": 415
				},
				"2024-06-02": {
					"avg": 415,
					"count": 1,
					"min": 415,
					"max": 415
				},
				"2024-06-08": {
					"avg": 313,
					"count": 1,
					"min": 313,
					"max": 313
				},
				"2024-06-22": {
					"avg": 435,
					"count": 1,
					"min": 435,
					"max": 435
				},
				"2024-07-10": {
					"avg": 323,
					"count": 1,
					"min": 323,
					"max": 323
				},
				"2024-07-17": {
					"avg": 318,
					"count": 1,
					"min": 318,
					"max": 318
				},
				"2024-07-23": {
					"avg": 435,
					"count": 1,
					"min": 435,
					"max": 435
				},
				"2024-07-26": {
					"avg": 363,
					"count": 2,
					"min": 313,
					"max": 412
				},
				"2024-07-29": {
					"avg": 313,
					"count": 1,
					"min": 313,
					"max": 313
				},
				"2024-07-30": {
					"avg": 445,
					"count": 1,
					"min": 445,
					"max": 445
				},
				"2024-08-12": {
					"avg": 315,
					"count": 1,
					"min": 315,
					"max": 315
				},
				"2024-08-16": {
					"avg": 452,
					"count": 1,
					"min": 452,
					"max": 452
				},
				"2024-08-17": {
					"avg": 361,
					"count": 4,
					"min": 325,
					"max": 412
				},
				"2024-08-20": {
					"avg": 353,
					"count": 1,
					"min": 353,
					"max": 353
				},
				"2024-08-27": {
					"avg": 423,
					"count": 1,
					"min": 423,
					"max": 423
				},
				"2024-08-30": {
					"avg": 310,
					"count": 1,
					"min": 310,
					"max": 310
				},
				"2024-09-02": {
					"avg": 338,
					"count": 1,
					"min": 338,
					"max": 338
				},
				"2024-09-06": {
					"avg": 472,
					"count": 1,
					"min": 472,
					"max": 472
				},
				"2024-09-11": {
					"avg": 325,
					"count": 1,
					"min": 325,
					"max": 325
				},
				"2024-09-12": {
					"avg": 713,
					"count": 1,
					"min": 713,
					"max": 713
				},
				"2024-09-17": {
					"avg": 440,
					"count": 1,
					"min": 440,
					"max": 440
				},
				"2024-09-20": {
					"avg": 302,
					"count": 1,
					"min": 302,
					"max": 302
				},
				"2024-09-21": {
					"avg": 425,
					"count": 1,
					"min": 425,
					"max": 425
				},
				"2024-09-22": {
					"avg": 325,
					"count": 1,
					"min": 325,
					"max": 325
				}
			},
			"avg": 387,
			"avg7": -1,
			"avg28": -1
		},
		"holo-nearmint": {
			"history": {
				"2024-05-24": {
					"avg": 895,
					"count": 1,
					"min": 895,
					"max": 895
				},
				"2024-05-31": {
					"avg": 1059,
					"count": 1,
					"min": 1059,
					"max": 1059
				},
				"2024-06-10": {
					"avg": 1199,
					"count": 1,
					"min": 1199,
					"max": 1199
				},
				"2024-06-20": {
					"avg": 997,
					"count": 1,
					"min": 997,
					"max": 997
				},
				"2024-06-27": {
					"avg": 998,
					"count": 1,
					"min": 998,
					"max": 998
				},
				"2024-07-02": {
					"avg": 997,
					"count": 1,
					"min": 997,
					"max": 997
				},
				"2024-07-06": {
					"avg": 999,
					"count": 1,
					"min": 999,
					"max": 999
				},
				"2024-07-12": {
					"avg": 919,
					"count": 1,
					"min": 919,
					"max": 919
				},
				"2024-07-15": {
					"avg": 1293,
					"count": 2,
					"min": 1089,
					"max": 1497
				},
				"2024-07-20": {
					"avg": 1045,
					"count": 1,
					"min": 1045,
					"max": 1045
				},
				"2024-07-29": {
					"avg": 908,
					"count": 2,
					"min": 898,
					"max": 918
				},
				"2024-08-01": {
					"avg": 936,
					"count": 2,
					"min": 915,
					"max": 956
				},
				"2024-08-02": {
					"avg": 919,
					"count": 1,
					"min": 919,
					"max": 919
				},
				"2024-08-03": {
					"avg": 919,
					"count": 1,
					"min": 919,
					"max": 919
				},
				"2024-08-08": {
					"avg": 904,
					"count": 1,
					"min": 904,
					"max": 904
				},
				"2024-08-09": {
					"avg": 1298,
					"count": 1,
					"min": 1298,
					"max": 1298
				},
				"2024-08-10": {
					"avg": 999,
					"count": 1,
					"min": 999,
					"max": 999
				},
				"2024-08-16": {
					"avg": 1398,
					"count": 2,
					"min": 898,
					"max": 1898
				},
				"2024-08-17": {
					"avg": 1026,
					"count": 1,
					"min": 1026,
					"max": 1026
				},
				"2024-08-19": {
					"avg": 1121,
					"count": 1,
					"min": 1121,
					"max": 1121
				},
				"2024-08-22": {
					"avg": 898,
					"count": 1,
					"min": 898,
					"max": 898
				},
				"2024-08-29": {
					"avg": 1431,
					"count": 1,
					"min": 1431,
					"max": 1431
				},
				"2024-09-01": {
					"avg": 1233,
					"count": 2,
					"min": 969,
					"max": 1497
				}
			},
			"avg": 1077,
			"avg7": -1,
			"avg28": -1
		},
		"holo-poor": {
			"history": {
				"2024-05-31": {
					"avg": 275,
					"count": 3,
					"min": 275,
					"max": 275
				},
				"2024-06-14": {
					"avg": 417,
					"count": 1,
					"min": 417,
					"max": 417
				},
				"2024-06-29": {
					"avg": 285,
					"count": 1,
					"min": 285,
					"max": 285
				},
				"2024-06-30": {
					"avg": 399,
					"count": 1,
					"min": 399,
					"max": 399
				},
				"2024-07-09": {
					"avg": 299,
					"count": 1,
					"min": 299,
					"max": 299
				},
				"2024-07-23": {
					"avg": 421,
					"count": 2,
					"min": 406,
					"max": 435
				},
				"2024-08-26": {
					"avg": 509,
					"count": 1,
					"min": 509,
					"max": 509
				},
				"2024-08-30": {
					"avg": 774,
					"count": 1,
					"min": 774,
					"max": 774
				},
				"2024-09-01": {
					"avg": 405,
					"count": 1,
					"min": 405,
					"max": 405
				},
				"2024-09-02": {
					"avg": 352,
					"count": 2,
					"min": 300,
					"max": 403
				},
				"2024-09-03": {
					"avg": 372,
					"count": 2,
					"min": 351,
					"max": 393
				},
				"2024-09-04": {
					"avg": 272,
					"count": 1,
					"min": 272,
					"max": 272
				},
				"2024-09-11": {
					"avg": 398,
					"count": 1,
					"min": 398,
					"max": 398
				},
				"2024-09-19": {
					"avg": 270,
					"count": 1,
					"min": 270,
					"max": 270
				},
				"2024-09-22": {
					"avg": 276,
					"count": 16,
					"min": 270,
					"max": 369
				}
			},
			"avg": 330,
			"avg7": -1,
			"avg28": -1
		},
		"holo-played": {
			"history": {
				"2024-06-02": {
					"avg": 500,
					"count": 1,
					"min": 500,
					"max": 500
				},
				"2024-06-14": {
					"avg": 499,
					"count": 1,
					"min": 499,
					"max": 499
				},
				"2024-06-18": {
					"avg": 509,
					"count": 3,
					"min": 378,
					"max": 649
				},
				"2024-06-20": {
					"avg": 500,
					"count": 1,
					"min": 500,
					"max": 500
				},
				"2024-06-25": {
					"avg": 500,
					"count": 1,
					"min": 500,
					"max": 500
				},
				"2024-06-30": {
					"avg": 402,
					"count": 2,
					"min": 349,
					"max": 455
				},
				"2024-07-04": {
					"avg": 499,
					"count": 1,
					"min": 499,
					"max": 499
				},
				"2024-07-07": {
					"avg": 449,
					"count": 1,
					"min": 449,
					"max": 449
				},
				"2024-07-16": {
					"avg": 377,
					"count": 1,
					"min": 377,
					"max": 377
				},
				"2024-07-17": {
					"avg": 633,
					"count": 3,
					"min": 452,
					"max": 942
				},
				"2024-07-18": {
					"avg": 476,
					"count": 1,
					"min": 476,
					"max": 476
				},
				"2024-07-31": {
					"avg": 654,
					"count": 2,
					"min": 377,
					"max": 931
				},
				"2024-08-01": {
					"avg": 377,
					"count": 1,
					"min": 377,
					"max": 377
				},
				"2024-08-02": {
					"avg": 382,
					"count": 1,
					"min": 382,
					"max": 382
				},
				"2024-08-04": {
					"avg": 489,
					"count": 2,
					"min": 489,
					"max": 489
				},
				"2024-08-05": {
					"avg": 421,
					"count": 2,
					"min": 393,
					"max": 449
				},
				"2024-08-06": {
					"avg": 429,
					"count": 1,
					"min": 429,
					"max": 429
				},
				"2024-08-14": {
					"avg": 702,
					"count": 3,
					"min": 554,
					"max": 994
				},
				"2024-08-16": {
					"avg": 520,
					"count": 3,
					"min": 375,
					"max": 681
				},
				"2024-08-23": {
					"avg": 605,
					"count": 1,
					"min": 605,
					"max": 605
				},
				"2024-08-25": {
					"avg": 427,
					"count": 1,
					"min": 427,
					"max": 427
				},
				"2024-08-26": {
					"avg": 530,
					"count": 1,
					"min": 530,
					"max": 530
				},
				"2024-08-27": {
					"avg": 498,
					"count": 1,
					"min": 498,
					"max": 498
				},
				"2024-09-02": {
					"avg": 500,
					"count": 1,
					"min": 500,
					"max": 500
				},
				"2024-09-04": {
					"avg": 605,
					"count": 1,
					"min": 605,
					"max": 605
				},
				"2024-09-07": {
					"avg": 519,
					"count": 5,
					"min": 499,
					"max": 595
				},
				"2024-09-09": {
					"avg": 513,
					"count": 2,
					"min": 504,
					"max": 521
				},
				"2024-09-11": {
					"avg": 734,
					"count": 1,
					"min": 734,
					"max": 734
				},
				"2024-09-17": {
					"avg": 375,
					"count": 7,
					"min": 375,
					"max": 375
				}
			},
			"avg": 503,
			"avg7": -1,
			"avg28": -1
		}
	}
}