{
	"data": {
		"normal-good": {
			"history": {
				"2022-11-16": {
					"avg": 71,
					"count": 25
				},
				"2022-11-17": {
					"avg": 25,
					"count": 1
				},
				"2022-11-18": {
					"avg": 236,
					"count": 2
				},
				"2022-11-19": {
					"avg": 15,
					"count": 1,
					"min": 15,
					"max": 15
				},
				"2022-11-25": {
					"avg": 23,
					"count": 1,
					"min": 23,
					"max": 23
				},
				"2022-11-27": {
					"avg": 19,
					"count": 1,
					"min": 19,
					"max": 19
				},
				"2022-11-28": {
					"avg": 180,
					"count": 5,
					"min": 73,
					"max": 519
				},
				"2022-11-29": {
					"avg": 80,
					"count": 2,
					"min": 35,
					"max": 124
				},
				"2022-11-30": {
					"avg": 35,
					"count": 1,
					"min": 35,
					"max": 35
				},
				"2022-12-04": {
					"avg": 30,
					"count": 1,
					"min": 30,
					"max": 30
				},
				"2022-12-10": {
					"avg": 20,
					"count": 3,
					"min": 17,
					"max": 27
				},
				"2022-12-14": {
					"avg": 35,
					"count": 1,
					"min": 35,
					"max": 35
				},
				"2022-12-15": {
					"avg": 100,
					"count": 1,
					"min": 100,
					"max": 100
				},
				"2022-12-16": {
					"avg": 47,
					"count": 2,
					"min": 31,
					"max": 63
				},
				"2022-12-18": {
					"avg": 48,
					"count": 4,
					"min": 16,
					"max": 123
				},
				"2022-12-19": {
					"avg": 124,
					"count": 1,
					"min": 124,
					"max": 124
				},
				"2022-12-20": {
					"avg": 116,
					"count": 2,
					"min": 33,
					"max": 199
				},
				"2022-12-24": {
					"avg": 33,
					"count": 1,
					"min": 33,
					"max": 33
				},
				"2022-12-27": {
					"avg": 64,
					"count": 3,
					"min": 37,
					"max": 119
				},
				"2022-12-28": {
					"avg": 142,
					"count": 1,
					"min": 142,
					"max": 142
				},
				"2022-12-31": {
					"avg": 88,
					"count": 31,
					"min": 25,
					"max": 160
				},
				"2023-01-01": {
					"avg": 49,
					"count": 1,
					"min": 49,
					"max": 49
				},
				"2023-01-02": {
					"avg": 108,
					"count": 8,
					"min": 20,
					"max": 324
				},
				"2023-01-03": {
					"avg": 49,
					"count": 1,
					"min": 49,
					"max": 49
				},
				"2023-01-04": {
					"avg": 132,
					"count": 1,
					"min": 132,
					"max": 132
				},
				"2023-01-07": {
					"avg": 128,
					"count": 1,
					"min": 128,
					"max": 128
				},
				"2023-01-08": {
					"avg": 68,
					"count": 3,
					"min": 25,
					"max": 131
				},
				"2023-01-09": {
					"avg": 111,
					"count": 1,
					"min": 111,
					"max": 111
				},
				"2023-01-11": {
					"avg": 83,
					"count": 2,
					"min": 29,
					"max": 137
				},
				"2023-02-06": {
					"avg": 23,
					"count": 3,
					"min": 23,
					"max": 23
				},
				"2023-02-10": {
					"avg": 262,
					"count": 2,
					"min": 174,
					"max": 349
				},
				"2023-02-15": {
					"avg": 111,
					"count": 1,
					"min": 111,
					"max": 111
				},
				"2023-02-18": {
					"avg": 42,
					"count": 1,
					"min": 42,
					"max": 42
				},
				"2023-02-19": {
					"avg": 53,
					"count": 1,
					"min": 53,
					"max": 53
				},
				"2023-02-20": {
					"avg": 11,
					"count": 1,
					"min": 11,
					"max": 11
				},
				"2023-02-21": {
					"avg": 35,
					"count": 2,
					"min": 24,
					"max": 45
				},
				"2023-02-22": {
					"avg": 23,
					"count": 11,
					"min": 20,
					"max": 53
				},
				"2023-02-24": {
					"avg": 26,
					"count": 3,
					"min": 11,
					"max": 53
				},
				"2023-02-26": {
					"avg": 43,
					"count": 1,
					"min": 43,
					"max": 43
				},
				"2023-03-01": {
					"avg": 53,
					"count": 1,
					"min": 53,
					"max": 53
				},
				"2023-03-05": {
					"avg": 145,
					"count": 3,
					"min": 117,
					"max": 200
				},
				"2023-03-06": {
					"avg": 25,
					"count": 4,
					"min": 25,
					"max": 25
				},
				"2023-03-07": {
					"avg": 25,
					"count": 1,
					"min": 25,
					"max": 25
				},
				"2023-03-09": {
					"avg": 40,
					"count": 1,
					"min": 40,
					"max": 40
				},
				"2023-03-11": {
					"avg": 20,
					"count": 1,
					"min": 20,
					"max": 20
				},
				"2023-03-22": {
					"avg": 170,
					"count": 32,
					"min": 170,
					"max": 170
				},
				"2023-03-23": {
					"avg": 236,
					"count": 2,
					"min": 47,
					"max": 424
				},
				"2023-03-25": {
					"avg": 200,
					"count": 1,
					"min": 200,
					"max": 200
				},
				"2023-03-27": {
					"avg": 141,
					"count": 2,
					"min": 141,
					"max": 141
				},
				"2023-03-28": {
					"avg": 22,
					"count": 1,
					"min": 22,
					"max": 22
				},
				"2023-03-31": {
					"avg": 111,
					"count": 1,
					"min": 111,
					"max": 111
				},
				"2023-04-01": {
					"avg": 49,
					"count": 1,
					"min": 49,
					"max": 49
				},
				"2023-04-03": {
					"avg": 40,
					"count": 36,
					"min": 23,
					"max": 99
				},
				"2023-04-05": {
					"avg": 45,
					"count": 2,
					"min": 40,
					"max": 50
				},
				"2023-04-06": {
					"avg": 40,
					"count": 1,
					"min": 40,
					"max": 40
				},
				"2023-04-09": {
					"avg": 50,
					"count": 1,
					"min": 50,
					"max": 50
				},
				"2023-04-10": {
					"avg": 50,
					"count": 1,
					"min": 50,
					"max": 50
				},
				"2023-04-13": {
					"avg": 19,
					"count": 1,
					"min": 19,
					"max": 19
				},
				"2023-04-20": {
					"avg": 114,
					"count": 1,
					"min": 114,
					"max": 114
				},
				"2023-04-21": {
					"avg": 12,
					"count": 63,
					"min": 10,
					"max": 134
				},
				"2023-04-27": {
					"avg": 113,
					"count": 1,
					"min": 113,
					"max": 113
				},
				"2023-04-29": {
					"avg": 141,
					"count": 1,
					"min": 141,
					"max": 141
				},
				"2023-05-02": {
					"avg": 99,
					"count": 1,
					"min": 99,
					"max": 99
				},
				"2023-05-05": {
					"avg": 124,
					"count": 1,
					"min": 124,
					"max": 124
				},
				"2023-05-07": {
					"avg": 200,
					"count": 1,
					"min": 200,
					"max": 200
				},
				"2023-05-09": {
					"avg": 39,
					"count": 1,
					"min": 39,
					"max": 39
				},
				"2023-05-14": {
					"avg": 123,
					"count": 1,
					"min": 123,
					"max": 123
				},
				"2023-05-15": {
					"avg": 20,
					"count": 1,
					"min": 20,
					"max": 20
				},
				"2023-05-16": {
					"avg": 87,
					"count": 2,
					"min": 26,
					"max": 148
				},
				"2023-05-19": {
					"avg": 39,
					"count": 4,
					"min": 39,
					"max": 39
				},
				"2023-05-22": {
					"avg": 20,
					"count": 1,
					"min": 20,
					"max": 20
				},
				"2023-05-27": {
					"avg": 139,
					"count": 2,
					"min": 52,
					"max": 225
				},
				"2023-05-29": {
					"avg": 34,
					"count": 2,
					"min": 20,
					"max": 47
				},
				"2023-05-30": {
					"avg": 54,
					"count": 2,
					"min": 54,
					"max": 54
				},
				"2023-06-02": {
					"avg": 47,
					"count": 1,
					"min": 47,
					"max": 47
				},
				"2023-06-03": {
					"avg": 100,
					"count": 1,
					"min": 100,
					"max": 100
				},
				"2023-06-06": {
					"avg": 118,
					"count": 4,
					"min": 114,
					"max": 121
				},
				"2023-06-09": {
					"avg": 54,
					"count": 1,
					"min": 54,
					"max": 54
				},
				"2023-06-12": {
					"avg": 54,
					"count": 1,
					"min": 54,
					"max": 54
				},
				"2023-06-13": {
					"avg": 217,
					"count": 2,
					"min": 19,
					"max": 416
				},
				"2023-06-14": {
					"avg": 53,
					"count": 1,
					"min": 53,
					"max": 53
				},
				"2023-06-15": {
					"avg": 35,
					"count": 3,
					"min": 15,
					"max": 53
				},
				"2023-06-17": {
					"avg": 50,
					"count": 3,
					"min": 15,
					"max": 121
				},
				"2023-06-18": {
					"avg": 100,
					"count": 2,
					"min": 100,
					"max": 100
				},
				"2023-06-21": {
					"avg": 38,
					"count": 1,
					"min": 38,
					"max": 38
				},
				"2023-06-24": {
					"avg": 136,
					"count": 1,
					"min": 136,
					"max": 136
				},
				"2023-06-25": {
					"avg": 25,
					"count": 1,
					"min": 25,
					"max": 25
				},
				"2023-06-26": {
					"avg": 47,
					"count": 2,
					"min": 40,
					"max": 54
				},
				"2023-06-28": {
					"avg": 87,
					"count": 2,
					"min": 54,
					"max": 119
				},
				"2023-07-03": {
					"avg": 54,
					"count": 1,
					"min": 54,
					"max": 54
				},
				"2023-07-04": {
					"avg": 39,
					"count": 1,
					"min": 39,
					"max": 39
				},
				"2023-07-07": {
					"avg": 129,
					"count": 2,
					"min": 117,
					"max": 140
				},
				"2023-07-09": {
					"avg": 119,
					"count": 1,
					"min": 119,
					"max": 119
				},
				"2023-07-11": {
					"avg": 38,
					"count": 2,
					"min": 33,
					"max": 42
				},
				"2023-07-12": {
					"avg": 113,
					"count": 1,
					"min": 113,
					"max": 113
				},
				"2023-07-15": {
					"avg": 55,
					"count": 2,
					"min": 54,
					"max": 56
				},
				"2023-07-17": {
					"avg": 50,
					"count": 1,
					"min": 50,
					"max": 50
				},
				"2023-07-18": {
					"avg": 163,
					"count": 1,
					"min": 163,
					"max": 163
				},
				"2023-07-21": {
					"avg": 32,
					"count": 1,
					"min": 32,
					"max": 32
				},
				"2023-07-22": {
					"avg": 33,
					"count": 1,
					"min": 33,
					"max": 33
				},
				"2023-07-26": {
					"avg": 20,
					"count": 1,
					"min": 20,
					"max": 20
				},
				"2023-07-29": {
					"avg": 823,
					"count": 16,
					"min": 823,
					"max": 823
				},
				"2023-07-30": {
					"avg": 136,
					"count": 4,
					"min": 25,
					"max": 415
				},
				"2023-07-31": {
					"avg": 51,
					"count": 1,
					"min": 51,
					"max": 51
				},
				"2023-08-01": {
					"avg": 125,
					"count": 10,
					"min": 100,
					"max": 202
				},
				"2023-08-03": {
					"avg": 25,
					"count": 1,
					"min": 25,
					"max": 25
				},
				"2023-08-04": {
					"avg": 41,
					"count": 2,
					"min": 30,
					"max": 51
				},
				"2023-08-05": {
					"avg": 19,
					"count": 1,
					"min": 19,
					"max": 19
				},
				"2023-08-08": {
					"avg": 78,
					"count": 2,
					"min": 35,
					"max": 121
				},
				"2023-08-09": {
					"avg": 294,
					"count": 2,
					"min": 63,
					"max": 524
				},
				"2023-08-12": {
					"avg": 77,
					"count": 2,
					"min": 25,
					"max": 129
				},
				"2023-08-14": {
					"avg": 67,
					"count": 6,
					"min": 35,
					"max": 113
				},
				"2023-08-15": {
					"avg": 32,
					"count": 1,
					"min": 32,
					"max": 32
				},
				"2023-08-16": {
					"avg": 175,
					"count": 1,
					"min": 175,
					"max": 175
				},
				"2023-08-18": {
					"avg": 65,
					"count": 1,
					"min": 65,
					"max": 65
				},
				"2023-08-19": {
					"avg": 124,
					"count": 1,
					"min": 124,
					"max": 124
				},
				"2023-08-20": {
					"avg": 112,
					"count": 2,
					"min": 25,
					"max": 198
				},
				"2023-08-23": {
					"avg": 80,
					"count": 1,
					"min": 80,
					"max": 80
				},
				"2023-08-24": {
					"avg": 198,
					"count": 1,
					"min": 198,
					"max": 198
				},
				"2023-08-26": {
					"avg": 28,
					"count": 2,
					"min": 25,
					"max": 30
				},
				"2023-08-27": {
					"avg": 25,
					"count": 1,
					"min": 25,
					"max": 25
				},
				"2023-08-28": {
					"avg": 58,
					"count": 1,
					"min": 58,
					"max": 58
				},
				"2023-08-30": {
					"avg": 30,
					"count": 1,
					"min": 30,
					"max": 30
				},
				"2023-09-01": {
					"avg": 114,
					"count": 1,
					"min": 114,
					"max": 114
				},
				"2023-09-02": {
					"avg": 30,
					"count": 1,
					"min": 30,
					"max": 30
				},
				"2023-09-03": {
					"avg": 31,
					"count": 2,
					"min": 30,
					"max": 32
				},
				"2023-09-07": {
					"avg": 175,
					"count": 3,
					"min": 25,
					"max": 449
				},
				"2023-09-09": {
					"avg": 25,
					"count": 25,
					"min": 25,
					"max": 26
				},
				"2023-09-11": {
					"avg": 110,
					"count": 2,
					"min": 35,
					"max": 184
				},
				"2023-09-12": {
					"avg": 51,
					"count": 1,
					"min": 51,
					"max": 51
				},
				"2023-09-16": {
					"avg": 30,
					"count": 1,
					"min": 30,
					"max": 30
				},
				"2023-09-18": {
					"avg": 114,
					"count": 1,
					"min": 114,
					"max": 114
				},
				"2023-09-20": {
					"avg": 15,
					"count": 1,
					"min": 15,
					"max": 15
				},
				"2023-09-22": {
					"avg": 30,
					"count": 1,
					"min": 30,
					"max": 30
				},
				"2023-09-23": {
					"avg": 35,
					"count": 2,
					"min": 30,
					"max": 40
				},
				"2023-09-25": {
					"avg": 33,
					"count": 1,
					"min": 33,
					"max": 33
				},
				"2023-09-26": {
					"avg": 114,
					"count": 3,
					"min": 114,
					"max": 114
				},
				"2023-09-29": {
					"avg": 129,
					"count": 1,
					"min": 129,
					"max": 129
				},
				"2023-10-01": {
					"avg": 29,
					"count": 1,
					"min": 29,
					"max": 29
				},
				"2023-10-02": {
					"avg": 32,
					"count": 1,
					"min": 32,
					"max": 32
				},
				"2023-10-04": {
					"avg": 15,
					"count": 1,
					"min": 15,
					"max": 15
				},
				"2023-10-05": {
					"avg": 19,
					"count": 1,
					"min": 19,
					"max": 19
				},
				"2023-10-09": {
					"avg": 25,
					"count": 1,
					"min": 25,
					"max": 25
				},
				"2023-10-13": {
					"avg": 119,
					"count": 2,
					"min": 42,
					"max": 197
				},
				"2023-10-14": {
					"avg": 118,
					"count": 1,
					"min": 118,
					"max": 118
				},
				"2023-10-20": {
					"avg": 90,
					"count": 24,
					"min": 32,
					"max": 169
				},
				"2023-10-21": {
					"avg": 218,
					"count": 3,
					"min": 216,
					"max": 219
				},
				"2023-10-24": {
					"avg": 90,
					"count": 1,
					"min": 90,
					"max": 90
				},
				"2023-10-26": {
					"avg": 56,
					"count": 8,
					"min": 30,
					"max": 146
				},
				"2023-10-27": {
					"avg": 83,
					"count": 2,
					"min": 36,
					"max": 129
				},
				"2023-10-29": {
					"avg": 145,
					"count": 1,
					"min": 145,
					"max": 145
				},
				"2023-10-30": {
					"avg": 73,
					"count": 4,
					"min": 47,
					"max": 149
				},
				"2023-10-31": {
					"avg": 99,
					"count": 2,
					"min": 99,
					"max": 99
				},
				"2023-11-05": {
					"avg": 164,
					"count": 1,
					"min": 164,
					"max": 164
				},
				"2023-11-07": {
					"avg": 21,
					"count": 2,
					"min": 16,
					"max": 25
				},
				"2023-11-08": {
					"avg": 144,
					"count": 1,
					"min": 144,
					"max": 144
				},
				"2023-11-09": {
					"avg": 28,
					"count": 2,
					"min": 27,
					"max": 29
				},
				"2023-11-12": {
					"avg": 129,
					"count": 1,
					"min": 129,
					"max": 129
				},
				"2023-11-14": {
					"avg": 54,
					"count": 2,
					"min": 37,
					"max": 71
				},
				"2023-11-17": {
					"avg": 449,
					"count": 1,
					"min": 449,
					"max": 449
				},
				"2023-11-19": {
					"avg": 89,
					"count": 2,
					"min": 30,
					"max": 148
				},
				"2023-11-24": {
					"avg": 107,
					"count": 10,
					"min": 62,
					"max": 126
				},
				"2023-11-25": {
					"avg": 83,
					"count": 4,
					"min": 24,
					"max": 140
				},
				"2023-11-27": {
					"avg": 49,
					"count": 1,
					"min": 49,
					"max": 49
				},
				"2024-05-17": {
					"avg": 84,
					"count": 25,
					"min": 67,
					"max": 134
				},
				"2024-05-18": {
					"avg": 109,
					"count": 7,
					"min": 18,
					"max": 167
				},
				"2024-05-19": {
					"avg": 147,
					"count": 1,
					"min": 147,
					"max": 147
				},
				"2024-05-20": {
					"avg": 134,
					"count": 1,
					"min": 134,
					"max": 134
				},
				"2024-05-21": {
					"avg": 30,
					"count": 2,
					"min": 15,
					"max": 45
				},
				"2024-05-22": {
					"avg": 50,
					"count": 1,
					"min": 50,
					"max": 50
				},
				"2024-05-23": {
					"avg": 297,
					"count": 2,
					"min": 297,
					"max": 297
				},
				"2024-05-24": {
					"avg": 124,
					"count": 23,
					"min": 124,
					"max": 124
				},
				"2024-05-31": {
					"avg": 25,
					"count": 1,
					"min": 25,
					"max": 25
				},
				"2024-06-03": {
					"avg": 147,
					"count": 1,
					"min": 147,
					"max": 147
				},
				"2024-06-06": {
					"avg": 24,
					"count": 1,
					"min": 24,
					"max": 24
				},
				"2024-06-09": {
					"avg": 26,
					"count": 1,
					"min": 26,
					"max": 26
				},
				"2024-06-11": {
					"avg": 25,
					"count": 2,
					"min": 25,
					"max": 25
				},
				"2024-06-14": {
					"avg": 24,
					"count": 1,
					"min": 24,
					"max": 24
				},
				"2024-06-17": {
					"avg": 142,
					"count": 2,
					"min": 137,
					"max": 147
				},
				"2024-06-20": {
					"avg": 256,
					"count": 2,
					"min": 137,
					"max": 374
				},
				"2024-06-23": {
					"avg": 23,
					"count": 1,
					"min": 23,
					"max": 23
				},
				"2024-06-24": {
					"avg": 23,
					"count": 1,
					"min": 23,
					"max": 23
				},
				"2024-06-27": {
					"avg": 122,
					"count": 1,
					"min": 122,
					"max": 122
				},
				"2024-06-30": {
					"avg": 24,
					"count": 1,
					"min": 24,
					"max": 24
				},
				"2024-07-03": {
					"avg": 25,
					"count": 1,
					"min": 25,
					"max": 25
				},
				"2024-07-04": {
					"avg": 220,
					"count": 1,
					"min": 220,
					"max": 220
				},
				"2024-07-05": {
					"avg": 155,
					"count": 2,
					"min": 124,
					"max": 185
				},
				"2024-07-06": {
					"avg": 166,
					"count": 2,
					"min": 147,
					"max": 185
				},
				"2024-07-07": {
					"avg": 224,
					"count": 1,
					"min": 224,
					"max": 224
				},
				"2024-07-08": {
					"avg": 271,
					"count": 1,
					"min": 271,
					"max": 271
				},
				"2024-07-11": {
					"avg": 86,
					"count": 2,
					"min": 24,
					"max": 148
				},
				"2024-07-24": {
					"avg": 157,
					"count": 7,
					"min": 157,
					"max": 157
				},
				"2024-07-27": {
					"avg": 25,
					"count": 1,
					"min": 25,
					"max": 25
				},
				"2024-07-30": {
					"avg": 25,
					"count": 3,
					"min": 24,
					"max": 25
				},
				"2024-07-31": {
					"avg": 107,
					"count": 1,
					"min": 107,
					"max": 107
				},
				"2024-08-02": {
					"avg": 131,
					"count": 4,
					"min": 122,
					"max": 157
				},
				"2024-08-03": {
					"avg": 20,
					"count": 1,
					"min": 20,
					"max": 20
				},
				"2024-08-05": {
					"avg": 20,
					"count": 1,
					"min": 20,
					"max": 20
				},
				"2024-08-06": {
					"avg": 24,
					"count": 3,
					"min": 24,
					"max": 24
				},
				"2024-08-07": {
					"avg": 28,
					"count": 1,
					"min": 28,
					"max": 28
				},
				"2024-08-10": {
					"avg": 26,
					"count": 1,
					"min": 26,
					"max": 26
				},
				"2024-08-12": {
					"avg": 138,
					"count": 1,
					"min": 138,
					"max": 138
				},
				"2024-08-19": {
					"avg": 25,
					"count": 1,
					"min": 25,
					"max": 25
				},
				"2024-08-20": {
					"avg": 25,
					"count": 1,
					"min": 25,
					"max": 25
				},
				"2024-08-21": {
					"avg": 25,
					"count": 1,
					"min": 25,
					"max": 25
				},
				"2024-08-27": {
					"avg": 35,
					"count": 1,
					"min": 35,
					"max": 35
				},
				"2024-08-31": {
					"avg": 25,
					"count": 1,
					"min": 25,
					"max": 25
				},
				"2024-09-01": {
					"avg": 25,
					"count": 1,
					"min": 25,
					"max": 25
				},
				"2024-09-02": {
					"avg": 145,
					"count": 1,
					"min": 145,
					"max": 145
				},
				"2024-09-03": {
					"avg": 24,
					"count": 1,
					"min": 24,
					"max": 24
				},
				"2024-09-04": {
					"avg": 633,
					"count": 1,
					"min": 633,
					"max": 633
				},
				"2024-09-12": {
					"avg": 25,
					"count": 1,
					"min": 25,
					"max": 25
				},
				"2024-09-13": {
					"avg": 25,
					"count": 1,
					"min": 25,
					"max": 25
				},
				"2024-09-15": {
					"avg": 25,
					"count": 2,
					"min": 25,
					"max": 25
				},
				"2024-09-16": {
					"avg": 200,
					"count": 2,
					"min": 185,
					"max": 215
				},
				"2024-09-19": {
					"avg": 156,
					"count": 1,
					"min": 156,
					"max": 156
				},
				"2024-09-22": {
					"avg": 29,
					"count": 1,
					"min": 29,
					"max": 29
				}
			},
			"avg": 98,
			"avg7": 88,
			"avg28": 88
		},
		"normal-nearmint": {
			"history": {
				"2024-05-24": {
					"avg": 43,
					"count": 1,
					"min": 43,
					"max": 43
				},
				"2024-05-29": {
					"avg": 149,
					"count": 2,
					"min": 149,
					"max": 149
				},
				"2024-06-03": {
					"avg": 50,
					"count": 1,
					"min": 50,
					"max": 50
				},
				"2024-06-06": {
					"avg": 224,
					"count": 1,
					"min": 224,
					"max": 224
				},
				"2024-06-07": {
					"avg": 50,
					"count": 1,
					"min": 50,
					"max": 50
				},
				"2024-06-09": {
					"avg": 50,
					"count": 1,
					"min": 50,
					"max": 50
				},
				"2024-06-11": {
					"avg": 103,
					"count": 2,
					"min": 40,
					"max": 165
				},
				"2024-06-15": {
					"avg": 141,
					"count": 1,
					"min": 141,
					"max": 141
				},
				"2024-06-16": {
					"avg": 247,
					"count": 1,
					"min": 247,
					"max": 247
				},
				"2024-06-18": {
					"avg": 99,
					"count": 1,
					"min": 99,
					"max": 99
				},
				"2024-06-19": {
					"avg": 99,
					"count": 1,
					"min": 99,
					"max": 99
				},
				"2024-06-21": {
					"avg": 40,
					"count": 1,
					"min": 40,
					"max": 40
				},
				"2024-07-01": {
					"avg": 47,
					"count": 1,
					"min": 47,
					"max": 47
				},
				"2024-07-02": {
					"avg": 47,
					"count": 1,
					"min": 47,
					"max": 47
				},
				"2024-07-05": {
					"avg": 39,
					"count": 1,
					"min": 39,
					"max": 39
				},
				"2024-07-06": {
					"avg": 1037,
					"count": 1,
					"min": 1037,
					"max": 1037
				},
				"2024-07-08": {
					"avg": 129,
					"count": 1,
					"min": 129,
					"max": 129
				},
				"2024-07-09": {
					"avg": 47,
					"count": 1,
					"min": 47,
					"max": 47
				},
				"2024-07-10": {
					"avg": 39,
					"count": 1,
					"min": 39,
					"max": 39
				},
				"2024-07-11": {
					"avg": 47,
					"count": 2,
					"min": 47,
					"max": 47
				},
				"2024-07-12": {
					"avg": 102,
					"count": 2,
					"min": 41,
					"max": 162
				},
				"2024-07-19": {
					"avg": 169,
					"count": 1,
					"min": 169,
					"max": 169
				},
				"2024-07-25": {
					"avg": 50,
					"count": 1,
					"min": 50,
					"max": 50
				},
				"2024-07-29": {
					"avg": 224,
					"count": 1,
					"min": 224,
					"max": 224
				},
				"2024-07-30": {
					"avg": 19,
					"count": 1,
					"min": 19,
					"max": 19
				},
				"2024-08-01": {
					"avg": 47,
					"count": 1,
					"min": 47,
					"max": 47
				},
				"2024-08-02": {
					"avg": 46,
					"count": 3,
					"min": 40,
					"max": 50
				},
				"2024-08-03": {
					"avg": 47,
					"count": 1,
					"min": 47,
					"max": 47
				},
				"2024-08-04": {
					"avg": 40,
					"count": 1,
					"min": 40,
					"max": 40
				},
				"2024-08-05": {
					"avg": 129,
					"count": 1,
					"min": 129,
					"max": 129
				},
				"2024-08-06": {
					"avg": 43,
					"count": 1,
					"min": 43,
					"max": 43
				},
				"2024-08-08": {
					"avg": 100,
					"count": 1,
					"min": 100,
					"max": 100
				},
				"2024-08-10": {
					"avg": 38,
					"count": 7,
					"min": 20,
					"max": 147
				},
				"2024-08-17": {
					"avg": 298,
					"count": 1,
					"min": 298,
					"max": 298
				},
				"2024-08-23": {
					"avg": 127,
					"count": 6,
					"min": 41,
					"max": 147
				},
				"2024-08-25": {
					"avg": 162,
					"count": 1,
					"min": 162,
					"max": 162
				},
				"2024-08-27": {
					"avg": 42,
					"count": 2,
					"min": 41,
					"max": 43
				},
				"2024-08-28": {
					"avg": 45,
					"count": 2,
					"min": 43,
					"max": 47
				},
				"2024-08-29": {
					"avg": 55,
					"count": 1,
					"min": 55,
					"max": 55
				},
				"2024-09-03": {
					"avg": 24,
					"count": 1,
					"min": 24,
					"max": 24
				},
				"2024-09-05": {
					"avg": 50,
					"count": 1,
					"min": 50,
					"max": 50
				},
				"2024-09-06": {
					"avg": 40,
					"count": 1,
					"min": 40,
					"max": 40
				},
				"2024-09-07": {
					"avg": 42,
					"count": 1,
					"min": 42,
					"max": 42
				},
				"2024-09-12": {
					"avg": 168,
					"count": 1,
					"min": 168,
					"max": 168
				},
				"2024-09-16": {
					"avg": 39,
					"count": 1,
					"min": 39,
					"max": 39
				},
				"2024-09-21": {
					"avg": 147,
					"count": 1,
					"min": 147,
					"max": 147
				},
				"2024-09-22": {
					"avg": 49,
					"count": 1,
					"min": 49,
					"max": 49
				}
			},
			"avg": 99,
			"avg7": -1,
			"avg28": -1
		},
		"normal-played": {
			"history": {
				"2024-06-17": {
					"avg": 136,
					"count": 1,
					"min": 136,
					"max": 136
				},
				"2024-06-21": {
					"avg": 24,
					"count": 2,
					"min": 23,
					"max": 25
				},
				"2024-07-06": {
					"avg": 25,
					"count": 1,
					"min": 25,
					"max": 25
				},
				"2024-07-08": {
					"avg": 25,
					"count": 1,
					"min": 25,
					"max": 25
				},
				"2024-07-09": {
					"avg": 18,
					"count": 1,
					"min": 18,
					"max": 18
				},
				"2024-07-12": {
					"avg": 36,
					"count": 7,
					"min": 23,
					"max": 113
				},
				"2024-07-14": {
					"avg": 15,
					"count": 1,
					"min": 15,
					"max": 15
				},
				"2024-07-18": {
					"avg": 110,
					"count": 1,
					"min": 110,
					"max": 110
				},
				"2024-07-23": {
					"avg": 17,
					"count": 1,
					"min": 17,
					"max": 17
				},
				"2024-07-31": {
					"avg": 104,
					"count": 2,
					"min": 104,
					"max": 104
				},
				"2024-08-06": {
					"avg": 55,
					"count": 3,
					"min": 20,
					"max": 124
				},
				"2024-08-07": {
					"avg": 15,
					"count": 1,
					"min": 15,
					"max": 15
				},
				"2024-08-21": {
					"avg": 25,
					"count": 4,
					"min": 25,
					"max": 25
				},
				"2024-08-31": {
					"avg": 25,
					"count": 1,
					"min": 25,
					"max": 25
				},
				"2024-09-06": {
					"avg": 20,
					"count": 1,
					"min": 20,
					"max": 20
				},
				"2024-09-07": {
					"avg": 152,
					"count": 2,
					"min": 152,
					"max": 152
				},
				"2024-09-16": {
					"avg": 206,
					"count": 1,
					"min": 206,
					"max": 206
				},
				"2024-09-22": {
					"avg": 12,
					"count": 1,
					"min": 12,
					"max": 12
				},
				"2024-09-23": {
					"avg": 139,
					"count": 1,
					"min": 139,
					"max": 139
				}
			},
			"avg": 56,
			"avg7": -1,
			"avg28": -1
		},
		"normal-poor": {
			"history": {
				"2024-06-14": {
					"avg": 25,
					"count": 1,
					"min": 25,
					"max": 25
				},
				"2024-06-19": {
					"avg": 18,
					"count": 1,
					"min": 18,
					"max": 18
				},
				"2024-07-23": {
					"avg": 72,
					"count": 3,
					"min": 63,
					"max": 91
				},
				"2024-07-26": {
					"avg": 19,
					"count": 1,
					"min": 19,
					"max": 19
				},
				"2024-08-12": {
					"avg": 15,
					"count": 1,
					"min": 15,
					"max": 15
				},
				"2024-08-28": {
					"avg": 10,
					"count": 1,
					"min": 10,
					"max": 10
				},
				"2024-09-02": {
					"avg": 201,
					"count": 1,
					"min": 201,
					"max": 201
				},
				"2024-09-12": {
					"avg": 146,
					"count": 1,
					"min": 146,
					"max": 146
				}
			},
			"avg": 65,
			"avg7": -1,
			"avg28": -1
		},
		"normal-used": {
			"history": {
				"2024-07-12": {
					"avg": 8,
					"count": 1,
					"min": 8,
					"max": 8
				},
				"2024-07-15": {
					"avg": 15,
					"count": 1,
					"min": 15,
					"max": 15
				},
				"2024-08-03": {
					"avg": 135,
					"count": 1,
					"min": 135,
					"max": 135
				},
				"2024-08-24": {
					"avg": 19,
					"count": 1,
					"min": 19,
					"max": 19
				},
				"2024-09-07": {
					"avg": 107,
					"count": 2,
					"min": 67,
					"max": 147
				}
			},
			"avg": 65,
			"avg7": -1,
			"avg28": -1
		}
	}
}