{
	"data": {
		"normal-good": {
			"history": {
				"2022-11-14": {
					"avg": 135,
					"count": 1
				},
				"2022-11-15": {
					"avg": 108,
					"count": 1
				},
				"2022-11-16": {
					"avg": 256,
					"count": 47
				},
				"2022-11-17": {
					"avg": 229,
					"count": 2
				},
				"2022-11-19": {
					"avg": 18,
					"count": 1,
					"min": 18,
					"max": 18
				},
				"2022-11-20": {
					"avg": 25,
					"count": 1,
					"min": 25,
					"max": 25
				},
				"2022-11-22": {
					"avg": 124,
					"count": 8,
					"min": 124,
					"max": 124
				},
				"2022-11-25": {
					"avg": 18,
					"count": 1,
					"min": 18,
					"max": 18
				},
				"2022-11-26": {
					"avg": 818,
					"count": 6,
					"min": 818,
					"max": 818
				},
				"2022-11-28": {
					"avg": 99,
					"count": 6,
					"min": 15,
					"max": 221
				},
				"2022-11-29": {
					"avg": 113,
					"count": 1,
					"min": 113,
					"max": 113
				},
				"2022-11-30": {
					"avg": 18,
					"count": 1,
					"min": 18,
					"max": 18
				},
				"2022-12-02": {
					"avg": 12,
					"count": 2,
					"min": 12,
					"max": 12
				},
				"2022-12-04": {
					"avg": 164,
					"count": 1,
					"min": 164,
					"max": 164
				},
				"2022-12-05": {
					"avg": 69,
					"count": 39,
					"min": 18,
					"max": 134
				},
				"2022-12-06": {
					"avg": 18,
					"count": 20,
					"min": 18,
					"max": 18
				},
				"2022-12-10": {
					"avg": 33,
					"count": 45,
					"min": 26,
					"max": 40
				},
				"2022-12-11": {
					"avg": 11,
					"count": 1,
					"min": 11,
					"max": 11
				},
				"2022-12-12": {
					"avg": 19,
					"count": 5,
					"min": 18,
					"max": 20
				},
				"2022-12-14": {
					"avg": 120,
					"count": 1,
					"min": 120,
					"max": 120
				},
				"2022-12-16": {
					"avg": 18,
					"count": 1,
					"min": 18,
					"max": 18
				},
				"2022-12-18": {
					"avg": 12,
					"count": 2,
					"min": 11,
					"max": 13
				},
				"2022-12-20": {
					"avg": 18,
					"count": 1,
					"min": 18,
					"max": 18
				},
				"2022-12-22": {
					"avg": 38,
					"count": 5,
					"min": 18,
					"max": 118
				},
				"2022-12-23": {
					"avg": 424,
					"count": 1,
					"min": 424,
					"max": 424
				},
				"2022-12-26": {
					"avg": 19,
					"count": 1,
					"min": 19,
					"max": 19
				},
				"2022-12-27": {
					"avg": 24,
					"count": 2,
					"min": 24,
					"max": 24
				},
				"2022-12-28": {
					"avg": 134,
					"count": 1,
					"min": 134,
					"max": 134
				},
				"2022-12-29": {
					"avg": 384,
					"count": 35,
					"min": 208,
					"max": 532
				},
				"2022-12-30": {
					"avg": 25,
					"count": 1,
					"min": 25,
					"max": 25
				},
				"2022-12-31": {
					"avg": 43,
					"count": 30,
					"min": 20,
					"max": 120
				},
				"2023-01-01": {
					"avg": 111,
					"count": 2,
					"min": 111,
					"max": 111
				},
				"2023-01-02": {
					"avg": 123,
					"count": 39,
					"min": 24,
					"max": 319
				},
				"2023-01-03": {
					"avg": 11,
					"count": 1,
					"min": 11,
					"max": 11
				},
				"2023-01-04": {
					"avg": 87,
					"count": 2,
					"min": 59,
					"max": 115
				},
				"2023-01-07": {
					"avg": 15,
					"count": 1,
					"min": 15,
					"max": 15
				},
				"2023-01-08": {
					"avg": 21,
					"count": 3,
					"min": 18,
					"max": 25
				},
				"2023-01-10": {
					"avg": 110,
					"count": 1,
					"min": 110,
					"max": 110
				},
				"2023-01-11": {
					"avg": 145,
					"count": 2,
					"min": 136,
					"max": 154
				},
				"2023-01-12": {
					"avg": 223,
					"count": 10,
					"min": 19,
					"max": 530
				},
				"2023-02-06": {
					"avg": 24,
					"count": 43,
					"min": 23,
					"max": 24
				},
				"2023-02-08": {
					"avg": 23,
					"count": 2,
					"min": 20,
					"max": 25
				},
				"2023-02-10": {
					"avg": 673,
					"count": 3,
					"min": 25,
					"max": 1821
				},
				"2023-02-13": {
					"avg": 104,
					"count": 1,
					"min": 104,
					"max": 104
				},
				"2023-02-15": {
					"avg": 27,
					"count": 3,
					"min": 27,
					"max": 27
				},
				"2023-02-16": {
					"avg": 113,
					"count": 1,
					"min": 113,
					"max": 113
				},
				"2023-02-18": {
					"avg": 99,
					"count": 6,
					"min": 15,
					"max": 139
				},
				"2023-02-20": {
					"avg": 151,
					"count": 2,
					"min": 23,
					"max": 278
				},
				"2023-02-21": {
					"avg": 10,
					"count": 1,
					"min": 10,
					"max": 10
				},
				"2023-02-24": {
					"avg": 62,
					"count": 2,
					"min": 12,
					"max": 111
				},
				"2023-02-28": {
					"avg": 63,
					"count": 15,
					"min": 23,
					"max": 142
				},
				"2023-03-01": {
					"avg": 90,
					"count": 3,
					"min": 22,
					"max": 126
				},
				"2023-03-05": {
					"avg": 102,
					"count": 5,
					"min": 12,
					"max": 154
				},
				"2023-03-09": {
					"avg": 166,
					"count": 1,
					"min": 166,
					"max": 166
				},
				"2023-03-11": {
					"avg": 115,
					"count": 1,
					"min": 115,
					"max": 115
				},
				"2023-03-15": {
					"avg": 24,
					"count": 1,
					"min": 24,
					"max": 24
				},
				"2023-03-18": {
					"avg": 154,
					"count": 1,
					"min": 154,
					"max": 154
				},
				"2023-03-20": {
					"avg": 61,
					"count": 3,
					"min": 15,
					"max": 152
				},
				"2023-03-22": {
					"avg": 172,
					"count": 14,
					"min": 172,
					"max": 172
				},
				"2023-03-23": {
					"avg": 29,
					"count": 1,
					"min": 29,
					"max": 29
				},
				"2023-03-25": {
					"avg": 57,
					"count": 2,
					"min": 25,
					"max": 90
				},
				"2023-03-27": {
					"avg": 20,
					"count": 1,
					"min": 20,
					"max": 20
				},
				"2023-03-28": {
					"avg": 17,
					"count": 1,
					"min": 17,
					"max": 17
				},
				"2023-04-01": {
					"avg": 59,
					"count": 4,
					"min": 20,
					"max": 118
				},
				"2023-04-03": {
					"avg": 119,
					"count": 18,
					"min": 19,
					"max": 176
				},
				"2023-04-04": {
					"avg": 121,
					"count": 1,
					"min": 121,
					"max": 121
				},
				"2023-04-05": {
					"avg": 16,
					"count": 1,
					"min": 16,
					"max": 16
				},
				"2023-04-07": {
					"avg": 110,
					"count": 1,
					"min": 110,
					"max": 110
				},
				"2023-04-08": {
					"avg": 10,
					"count": 1,
					"min": 10,
					"max": 10
				},
				"2023-04-09": {
					"avg": 68,
					"count": 2,
					"min": 20,
					"max": 115
				},
				"2023-04-10": {
					"avg": 66,
					"count": 2,
					"min": 20,
					"max": 111
				},
				"2023-04-11": {
					"avg": 35,
					"count": 1,
					"min": 35,
					"max": 35
				},
				"2023-04-13": {
					"avg": 18,
					"count": 1,
					"min": 18,
					"max": 18
				},
				"2023-04-17": {
					"avg": 19,
					"count": 1,
					"min": 19,
					"max": 19
				},
				"2023-04-20": {
					"avg": 106,
					"count": 1,
					"min": 106,
					"max": 106
				},
				"2023-04-21": {
					"avg": 15,
					"count": 20,
					"min": 10,
					"max": 115
				},
				"2023-04-22": {
					"avg": 23,
					"count": 1,
					"min": 23,
					"max": 23
				},
				"2023-04-25": {
					"avg": 119,
					"count": 1,
					"min": 119,
					"max": 119
				},
				"2023-04-26": {
					"avg": 25,
					"count": 1,
					"min": 25,
					"max": 25
				},
				"2023-04-30": {
					"avg": 11,
					"count": 1,
					"min": 11,
					"max": 11
				},
				"2023-05-01": {
					"avg": 11,
					"count": 1,
					"min": 11,
					"max": 11
				},
				"2023-05-02": {
					"avg": 49,
					"count": 1,
					"min": 49,
					"max": 49
				},
				"2023-05-04": {
					"avg": 21,
					"count": 2,
					"min": 21,
					"max": 21
				},
				"2023-05-05": {
					"avg": 28,
					"count": 23,
					"min": 20,
					"max": 119
				},
				"2023-05-06": {
					"avg": 71,
					"count": 2,
					"min": 22,
					"max": 120
				},
				"2023-05-07": {
					"avg": 44,
					"count": 14,
					"min": 15,
					"max": 205
				},
				"2023-05-09": {
					"avg": 60,
					"count": 5,
					"min": 20,
					"max": 115
				},
				"2023-05-11": {
					"avg": 45,
					"count": 3,
					"min": 20,
					"max": 87
				},
				"2023-05-14": {
					"avg": 261,
					"count": 3,
					"min": 111,
					"max": 530
				},
				"2023-05-15": {
					"avg": 93,
					"count": 7,
					"min": 25,
					"max": 104
				},
				"2023-05-16": {
					"avg": 112,
					"count": 10,
					"min": 112,
					"max": 112
				},
				"2023-05-19": {
					"avg": 119,
					"count": 1,
					"min": 119,
					"max": 119
				},
				"2023-05-20": {
					"avg": 18,
					"count": 1,
					"min": 18,
					"max": 18
				},
				"2023-05-22": {
					"avg": 20,
					"count": 1,
					"min": 20,
					"max": 20
				},
				"2023-05-23": {
					"avg": 270,
					"count": 2,
					"min": 20,
					"max": 519
				},
				"2023-05-25": {
					"avg": 114,
					"count": 1,
					"min": 114,
					"max": 114
				},
				"2023-05-28": {
					"avg": 15,
					"count": 1,
					"min": 15,
					"max": 15
				},
				"2023-05-29": {
					"avg": 15,
					"count": 1,
					"min": 15,
					"max": 15
				},
				"2023-05-30": {
					"avg": 31,
					"count": 2,
					"min": 29,
					"max": 33
				},
				"2023-06-01": {
					"avg": 42,
					"count": 28,
					"min": 15,
					"max": 420
				},
				"2023-06-06": {
					"avg": 40,
					"count": 4,
					"min": 16,
					"max": 111
				},
				"2023-06-10": {
					"avg": 21,
					"count": 1,
					"min": 21,
					"max": 21
				},
				"2023-06-12": {
					"avg": 82,
					"count": 3,
					"min": 29,
					"max": 108
				},
				"2023-06-14": {
					"avg": 29,
					"count": 1,
					"min": 29,
					"max": 29
				},
				"2023-06-15": {
					"avg": 219,
					"count": 3,
					"min": 29,
					"max": 520
				},
				"2023-06-17": {
					"avg": 30,
					"count": 11,
					"min": 19,
					"max": 119
				},
				"2023-06-18": {
					"avg": 306,
					"count": 18,
					"min": 127,
					"max": 528
				},
				"2023-06-20": {
					"avg": 19,
					"count": 1,
					"min": 19,
					"max": 19
				},
				"2023-06-21": {
					"avg": 19,
					"count": 1,
					"min": 19,
					"max": 19
				},
				"2023-06-26": {
					"avg": 174,
					"count": 1,
					"min": 174,
					"max": 174
				},
				"2023-06-30": {
					"avg": 35,
					"count": 1,
					"min": 35,
					"max": 35
				},
				"2023-07-02": {
					"avg": 21,
					"count": 1,
					"min": 21,
					"max": 21
				},
				"2023-07-03": {
					"avg": 209,
					"count": 1,
					"min": 209,
					"max": 209
				},
				"2023-07-06": {
					"avg": 250,
					"count": 31,
					"min": 25,
					"max": 524
				},
				"2023-07-07": {
					"avg": 94,
					"count": 3,
					"min": 15,
					"max": 133
				},
				"2023-07-11": {
					"avg": 15,
					"count": 1,
					"min": 15,
					"max": 15
				},
				"2023-07-12": {
					"avg": 20,
					"count": 3,
					"min": 20,
					"max": 20
				},
				"2023-07-13": {
					"avg": 26,
					"count": 5,
					"min": 26,
					"max": 26
				},
				"2023-07-16": {
					"avg": 20,
					"count": 1,
					"min": 20,
					"max": 20
				},
				"2023-07-18": {
					"avg": 78,
					"count": 2,
					"min": 10,
					"max": 147
				},
				"2023-07-19": {
					"avg": 20,
					"count": 17,
					"min": 20,
					"max": 20
				},
				"2023-07-20": {
					"avg": 19,
					"count": 9,
					"min": 10,
					"max": 24
				},
				"2023-07-21": {
					"avg": 20,
					"count": 2,
					"min": 20,
					"max": 20
				},
				"2023-07-26": {
					"avg": 11,
					"count": 1,
					"min": 11,
					"max": 11
				},
				"2023-07-29": {
					"avg": 750,
					"count": 34,
					"min": 210,
					"max": 823
				},
				"2023-07-30": {
					"avg": 22,
					"count": 3,
					"min": 16,
					"max": 25
				},
				"2023-08-02": {
					"avg": 20,
					"count": 1,
					"min": 20,
					"max": 20
				},
				"2023-08-04": {
					"avg": 23,
					"count": 1,
					"min": 23,
					"max": 23
				},
				"2023-08-06": {
					"avg": 20,
					"count": 2,
					"min": 19,
					"max": 20
				},
				"2023-08-08": {
					"avg": 76,
					"count": 2,
					"min": 38,
					"max": 114
				},
				"2023-08-09": {
					"avg": 119,
					"count": 1,
					"min": 119,
					"max": 119
				},
				"2023-08-10": {
					"avg": 25,
					"count": 2,
					"min": 25,
					"max": 25
				},
				"2023-08-12": {
					"avg": 89,
					"count": 3,
					"min": 24,
					"max": 124
				},
				"2023-08-14": {
					"avg": 73,
					"count": 6,
					"min": 35,
					"max": 110
				},
				"2023-08-15": {
					"avg": 24,
					"count": 2,
					"min": 24,
					"max": 24
				},
				"2023-08-19": {
					"avg": 264,
					"count": 2,
					"min": 19,
					"max": 509
				},
				"2023-08-20": {
					"avg": 148,
					"count": 1,
					"min": 148,
					"max": 148
				},
				"2023-08-23": {
					"avg": 82,
					"count": 11,
					"min": 24,
					"max": 124
				},
				"2023-08-24": {
					"avg": 109,
					"count": 1,
					"min": 109,
					"max": 109
				},
				"2023-08-26": {
					"avg": 18,
					"count": 2,
					"min": 17,
					"max": 18
				},
				"2023-08-27": {
					"avg": 16,
					"count": 3,
					"min": 10,
					"max": 22
				},
				"2023-08-28": {
					"avg": 820,
					"count": 1,
					"min": 820,
					"max": 820
				},
				"2023-08-30": {
					"avg": 18,
					"count": 1,
					"min": 18,
					"max": 18
				},
				"2023-09-01": {
					"avg": 110,
					"count": 1,
					"min": 110,
					"max": 110
				},
				"2023-09-02": {
					"avg": 33,
					"count": 1,
					"min": 33,
					"max": 33
				},
				"2023-09-09": {
					"avg": 26,
					"count": 61,
					"min": 25,
					"max": 114
				},
				"2023-09-11": {
					"avg": 114,
					"count": 2,
					"min": 111,
					"max": 117
				},
				"2023-09-13": {
					"avg": 111,
					"count": 2,
					"min": 111,
					"max": 111
				},
				"2023-09-14": {
					"avg": 79,
					"count": 1,
					"min": 79,
					"max": 79
				},
				"2023-09-16": {
					"avg": 119,
					"count": 1,
					"min": 119,
					"max": 119
				},
				"2023-09-20": {
					"avg": 10,
					"count": 1,
					"min": 10,
					"max": 10
				},
				"2023-09-21": {
					"avg": 225,
					"count": 3,
					"min": 225,
					"max": 225
				},
				"2023-09-22": {
					"avg": 25,
					"count": 1,
					"min": 25,
					"max": 25
				},
				"2023-09-23": {
					"avg": 117,
					"count": 5,
					"min": 20,
					"max": 233
				},
				"2023-09-26": {
					"avg": 375,
					"count": 3,
					"min": 108,
					"max": 509
				},
				"2023-10-02": {
					"avg": 49,
					"count": 4,
					"min": 49,
					"max": 49
				},
				"2023-10-03": {
					"avg": 12,
					"count": 1,
					"min": 12,
					"max": 12
				},
				"2023-10-04": {
					"avg": 10,
					"count": 1,
					"min": 10,
					"max": 10
				},
				"2023-10-05": {
					"avg": 58,
					"count": 45,
					"min": 20,
					"max": 129
				},
				"2023-10-09": {
					"avg": 25,
					"count": 1,
					"min": 25,
					"max": 25
				},
				"2023-10-11": {
					"avg": 20,
					"count": 1,
					"min": 20,
					"max": 20
				},
				"2023-10-13": {
					"avg": 124,
					"count": 1,
					"min": 124,
					"max": 124
				},
				"2023-10-14": {
					"avg": 389,
					"count": 4,
					"min": 15,
					"max": 513
				},
				"2023-10-17": {
					"avg": 40,
					"count": 1,
					"min": 40,
					"max": 40
				},
				"2023-10-19": {
					"avg": 176,
					"count": 35,
					"min": 17,
					"max": 238
				},
				"2023-10-20": {
					"avg": 124,
					"count": 34,
					"min": 25,
					"max": 164
				},
				"2023-10-21": {
					"avg": 125,
					"count": 3,
					"min": 107,
					"max": 160
				},
				"2023-10-22": {
					"avg": 29,
					"count": 1,
					"min": 29,
					"max": 29
				},
				"2023-10-23": {
					"avg": 24,
					"count": 1,
					"min": 24,
					"max": 24
				},
				"2023-10-24": {
					"avg": 20,
					"count": 1,
					"min": 20,
					"max": 20
				},
				"2023-10-25": {
					"avg": 409,
					"count": 2,
					"min": 409,
					"max": 409
				},
				"2023-10-26": {
					"avg": 110,
					"count": 1,
					"min": 110,
					"max": 110
				},
				"2023-10-27": {
					"avg": 75,
					"count": 2,
					"min": 34,
					"max": 116
				},
				"2023-10-28": {
					"avg": 112,
					"count": 8,
					"min": 110,
					"max": 114
				},
				"2023-10-29": {
					"avg": 140,
					"count": 2,
					"min": 140,
					"max": 140
				},
				"2023-10-31": {
					"avg": 99,
					"count": 2,
					"min": 99,
					"max": 99
				},
				"2023-11-02": {
					"avg": 341,
					"count": 1,
					"min": 341,
					"max": 341
				},
				"2023-11-04": {
					"avg": 19,
					"count": 1,
					"min": 19,
					"max": 19
				},
				"2023-11-07": {
					"avg": 40,
					"count": 5,
					"min": 20,
					"max": 104
				},
				"2023-11-09": {
					"avg": 24,
					"count": 3,
					"min": 24,
					"max": 24
				},
				"2023-11-10": {
					"avg": 155,
					"count": 16,
					"min": 124,
					"max": 174
				},
				"2023-11-12": {
					"avg": 119,
					"count": 1,
					"min": 119,
					"max": 119
				},
				"2023-11-16": {
					"avg": 18,
					"count": 1,
					"min": 18,
					"max": 18
				},
				"2023-11-17": {
					"avg": 181,
					"count": 4,
					"min": 108,
					"max": 399
				},
				"2023-11-19": {
					"avg": 25,
					"count": 1,
					"min": 25,
					"max": 25
				},
				"2023-11-21": {
					"avg": 24,
					"count": 3,
					"min": 24,
					"max": 24
				},
				"2023-11-22": {
					"avg": 20,
					"count": 1,
					"min": 20,
					"max": 20
				},
				"2023-11-23": {
					"avg": 108,
					"count": 3,
					"min": 108,
					"max": 108
				},
				"2023-11-24": {
					"avg": 108,
					"count": 11,
					"min": 19,
					"max": 189
				},
				"2023-11-25": {
					"avg": 29,
					"count": 1,
					"min": 29,
					"max": 29
				},
				"2023-11-26": {
					"avg": 19,
					"count": 1,
					"min": 19,
					"max": 19
				},
				"2023-11-27": {
					"avg": 77,
					"count": 2,
					"min": 30,
					"max": 124
				},
				"2024-05-16": {
					"avg": 15,
					"count": 1,
					"min": 15,
					"max": 15
				},
				"2024-05-17": {
					"avg": 56,
					"count": 33,
					"min": 10,
					"max": 248
				},
				"2024-05-18": {
					"avg": 73,
					"count": 8,
					"min": 10,
					"max": 214
				},
				"2024-05-19": {
					"avg": 139,
					"count": 1,
					"min": 139,
					"max": 139
				},
				"2024-05-21": {
					"avg": 113,
					"count": 10,
					"min": 19,
					"max": 584
				},
				"2024-05-22": {
					"avg": 1032,
					"count": 1,
					"min": 1032,
					"max": 1032
				},
				"2024-05-24": {
					"avg": 83,
					"count": 30,
					"min": 33,
					"max": 117
				},
				"2024-05-29": {
					"avg": 18,
					"count": 1,
					"min": 18,
					"max": 18
				},
				"2024-06-07": {
					"avg": 10,
					"count": 1,
					"min": 10,
					"max": 10
				},
				"2024-06-11": {
					"avg": 25,
					"count": 3,
					"min": 25,
					"max": 25
				},
				"2024-06-19": {
					"avg": 22,
					"count": 1,
					"min": 22,
					"max": 22
				},
				"2024-06-20": {
					"avg": 132,
					"count": 1,
					"min": 132,
					"max": 132
				},
				"2024-06-21": {
					"avg": 25,
					"count": 3,
					"min": 25,
					"max": 25
				},
				"2024-06-23": {
					"avg": 19,
					"count": 1,
					"min": 19,
					"max": 19
				},
				"2024-06-27": {
					"avg": 19,
					"count": 2,
					"min": 19,
					"max": 19
				},
				"2024-07-01": {
					"avg": 431,
					"count": 1,
					"min": 431,
					"max": 431
				},
				"2024-07-02": {
					"avg": 36,
					"count": 3,
					"min": 36,
					"max": 36
				},
				"2024-07-03": {
					"avg": 19,
					"count": 1,
					"min": 19,
					"max": 19
				},
				"2024-07-04": {
					"avg": 162,
					"count": 4,
					"min": 19,
					"max": 209
				},
				"2024-07-05": {
					"avg": 40,
					"count": 1,
					"min": 40,
					"max": 40
				},
				"2024-07-07": {
					"avg": 25,
					"count": 1,
					"min": 25,
					"max": 25
				},
				"2024-07-08": {
					"avg": 264,
					"count": 2,
					"min": 264,
					"max": 264
				},
				"2024-07-09": {
					"avg": 15,
					"count": 2,
					"min": 10,
					"max": 20
				},
				"2024-07-18": {
					"avg": 118,
					"count": 6,
					"min": 118,
					"max": 118
				},
				"2024-07-19": {
					"avg": 146,
					"count": 8,
					"min": 35,
					"max": 180
				},
				"2024-07-23": {
					"avg": 10,
					"count": 1,
					"min": 10,
					"max": 10
				},
				"2024-07-31": {
					"avg": 106,
					"count": 1,
					"min": 106,
					"max": 106
				},
				"2024-08-01": {
					"avg": 433,
					"count": 1,
					"min": 433,
					"max": 433
				},
				"2024-08-02": {
					"avg": 21,
					"count": 4,
					"min": 21,
					"max": 21
				},
				"2024-08-03": {
					"avg": 20,
					"count": 1,
					"min": 20,
					"max": 20
				},
				"2024-08-06": {
					"avg": 21,
					"count": 3,
					"min": 21,
					"max": 21
				},
				"2024-08-07": {
					"avg": 128,
					"count": 1,
					"min": 128,
					"max": 128
				},
				"2024-08-19": {
					"avg": 136,
					"count": 1,
					"min": 136,
					"max": 136
				},
				"2024-08-21": {
					"avg": 136,
					"count": 1,
					"min": 136,
					"max": 136
				},
				"2024-08-25": {
					"avg": 172,
					"count": 1,
					"min": 172,
					"max": 172
				},
				"2024-08-26": {
					"avg": 20,
					"count": 1,
					"min": 20,
					"max": 20
				},
				"2024-08-31": {
					"avg": 15,
					"count": 1,
					"min": 15,
					"max": 15
				},
				"2024-09-07": {
					"avg": 8,
					"count": 3,
					"min": 8,
					"max": 8
				},
				"2024-09-15": {
					"avg": 15,
					"count": 3,
					"min": 15,
					"max": 15
				},
				"2024-09-19": {
					"avg": 146,
					"count": 1,
					"min": 146,
					"max": 146
				}
			},
			"avg": 124,
			"avg7": 70,
			"avg28": 70
		},
		"normal-poor": {
			"history": {
				"2024-05-24": {
					"avg": 24,
					"count": 1,
					"min": 24,
					"max": 24
				},
				"2024-05-25": {
					"avg": 16,
					"count": 1,
					"min": 16,
					"max": 16
				},
				"2024-06-14": {
					"avg": 25,
					"count": 1,
					"min": 25,
					"max": 25
				},
				"2024-07-23": {
					"avg": 104,
					"count": 3,
					"min": 104,
					"max": 104
				},
				"2024-08-01": {
					"avg": 209,
					"count": 3,
					"min": 209,
					"max": 209
				},
				"2024-08-11": {
					"avg": 5,
					"count": 1,
					"min": 5,
					"max": 5
				}
			},
			"avg": 101,
			"avg7": -1,
			"avg28": -1
		},
		"normal-played": {
			"history": {
				"2024-05-24": {
					"avg": 25,
					"count": 7,
					"min": 25,
					"max": 25
				},
				"2024-05-25": {
					"avg": 30,
					"count": 1,
					"min": 30,
					"max": 30
				},
				"2024-06-02": {
					"avg": 15,
					"count": 1,
					"min": 15,
					"max": 15
				},
				"2024-06-09": {
					"avg": 13,
					"count": 2,
					"min": 10,
					"max": 15
				},
				"2024-06-18": {
					"avg": 175,
					"count": 1,
					"min": 175,
					"max": 175
				},
				"2024-06-20": {
					"avg": 17,
					"count": 2,
					"min": 17,
					"max": 17
				},
				"2024-06-21": {
					"avg": 15,
					"count": 2,
					"min": 15,
					"max": 15
				},
				"2024-06-22": {
					"avg": 131,
					"count": 1,
					"min": 131,
					"max": 131
				},
				"2024-06-25": {
					"avg": 15,
					"count": 1,
					"min": 15,
					"max": 15
				},
				"2024-06-26": {
					"avg": 312,
					"count": 1,
					"min": 312,
					"max": 312
				},
				"2024-06-27": {
					"avg": 19,
					"count": 1,
					"min": 19,
					"max": 19
				},
				"2024-07-03": {
					"avg": 15,
					"count": 3,
					"min": 15,
					"max": 15
				},
				"2024-07-07": {
					"avg": 16,
					"count": 1,
					"min": 16,
					"max": 16
				},
				"2024-07-09": {
					"avg": 20,
					"count": 1,
					"min": 20,
					"max": 20
				},
				"2024-07-12": {
					"avg": 15,
					"count": 2,
					"min": 15,
					"max": 15
				},
				"2024-07-19": {
					"avg": 12,
					"count": 1,
					"min": 12,
					"max": 12
				},
				"2024-07-23": {
					"avg": 13,
					"count": 1,
					"min": 13,
					"max": 13
				},
				"2024-08-01": {
					"avg": 110,
					"count": 1,
					"min": 110,
					"max": 110
				},
				"2024-08-02": {
					"avg": 20,
					"count": 3,
					"min": 20,
					"max": 20
				},
				"2024-08-09": {
					"avg": 14,
					"count": 1,
					"min": 14,
					"max": 14
				},
				"2024-08-17": {
					"avg": 324,
					"count": 1,
					"min": 324,
					"max": 324
				},
				"2024-09-02": {
					"avg": 16,
					"count": 1,
					"min": 16,
					"max": 16
				},
				"2024-09-04": {
					"avg": 28,
					"count": 1,
					"min": 28,
					"max": 28
				},
				"2024-09-06": {
					"avg": 528,
					"count": 1,
					"min": 528,
					"max": 528
				},
				"2024-09-15": {
					"avg": 136,
					"count": 1,
					"min": 136,
					"max": 136
				},
				"2024-09-16": {
					"avg": 25,
					"count": 8,
					"min": 25,
					"max": 25
				},
				"2024-09-18": {
					"avg": 201,
					"count": 4,
					"min": 201,
					"max": 201
				},
				"2024-09-20": {
					"avg": 16,
					"count": 1,
					"min": 16,
					"max": 16
				}
			},
			"avg": 64,
			"avg7": -1,
			"avg28": -1
		},
		"normal-used": {
			"history": {
				"2024-05-24": {
					"avg": 19,
					"count": 1,
					"min": 19,
					"max": 19
				},
				"2024-06-18": {
					"avg": 10,
					"count": 1,
					"min": 10,
					"max": 10
				},
				"2024-06-20": {
					"avg": 14,
					"count": 3,
					"min": 14,
					"max": 14
				},
				"2024-06-25": {
					"avg": 22,
					"count": 1,
					"min": 22,
					"max": 22
				},
				"2024-07-08": {
					"avg": 110,
					"count": 1,
					"min": 110,
					"max": 110
				},
				"2024-07-11": {
					"avg": 18,
					"count": 1,
					"min": 18,
					"max": 18
				},
				"2024-07-18": {
					"avg": 110,
					"count": 5,
					"min": 110,
					"max": 110
				},
				"2024-08-10": {
					"avg": 14,
					"count": 1,
					"min": 14,
					"max": 14
				},
				"2024-08-14": {
					"avg": 5,
					"count": 1,
					"min": 5,
					"max": 5
				},
				"2024-08-24": {
					"avg": 19,
					"count": 1,
					"min": 19,
					"max": 19
				},
				"2024-09-07": {
					"avg": 135,
					"count": 1,
					"min": 135,
					"max": 135
				}
			},
			"avg": 56,
			"avg7": -1,
			"avg28": -1
		},
		"normal-nearmint": {
			"history": {
				"2024-06-03": {
					"avg": 35,
					"count": 1,
					"min": 35,
					"max": 35
				},
				"2024-06-09": {
					"avg": 30,
					"count": 1,
					"min": 30,
					"max": 30
				},
				"2024-06-11": {
					"avg": 25,
					"count": 3,
					"min": 25,
					"max": 25
				},
				"2024-06-15": {
					"avg": 143,
					"count": 2,
					"min": 139,
					"max": 147
				},
				"2024-06-16": {
					"avg": 35,
					"count": 1,
					"min": 35,
					"max": 35
				},
				"2024-06-18": {
					"avg": 25,
					"count": 1,
					"min": 25,
					"max": 25
				},
				"2024-06-19": {
					"avg": 108,
					"count": 2,
					"min": 75,
					"max": 141
				},
				"2024-06-24": {
					"avg": 548,
					"count": 1,
					"min": 548,
					"max": 548
				},
				"2024-06-25": {
					"avg": 60,
					"count": 1,
					"min": 60,
					"max": 60
				},
				"2024-07-02": {
					"avg": 107,
					"count": 2,
					"min": 47,
					"max": 166
				},
				"2024-07-03": {
					"avg": 47,
					"count": 1,
					"min": 47,
					"max": 47
				},
				"2024-07-07": {
					"avg": 548,
					"count": 1,
					"min": 548,
					"max": 548
				},
				"2024-07-10": {
					"avg": 24,
					"count": 1,
					"min": 24,
					"max": 24
				},
				"2024-07-12": {
					"avg": 31,
					"count": 1,
					"min": 31,
					"max": 31
				},
				"2024-07-13": {
					"avg": 38,
					"count": 1,
					"min": 38,
					"max": 38
				},
				"2024-07-21": {
					"avg": 37,
					"count": 1,
					"min": 37,
					"max": 37
				},
				"2024-07-22": {
					"avg": 159,
					"count": 1,
					"min": 159,
					"max": 159
				},
				"2024-07-24": {
					"avg": 134,
					"count": 4,
					"min": 29,
					"max": 169
				},
				"2024-07-25": {
					"avg": 37,
					"count": 1,
					"min": 37,
					"max": 37
				},
				"2024-07-29": {
					"avg": 162,
					"count": 1,
					"min": 162,
					"max": 162
				},
				"2024-08-02": {
					"avg": 38,
					"count": 1,
					"min": 38,
					"max": 38
				},
				"2024-08-10": {
					"avg": 141,
					"count": 1,
					"min": 141,
					"max": 141
				},
				"2024-08-14": {
					"avg": 112,
					"count": 1,
					"min": 112,
					"max": 112
				},
				"2024-08-16": {
					"avg": 290,
					"count": 2,
					"min": 32,
					"max": 548
				},
				"2024-08-17": {
					"avg": 140,
					"count": 1,
					"min": 140,
					"max": 140
				},
				"2024-08-18": {
					"avg": 36,
					"count": 1,
					"min": 36,
					"max": 36
				},
				"2024-08-19": {
					"avg": 35,
					"count": 1,
					"min": 35,
					"max": 35
				},
				"2024-08-20": {
					"avg": 36,
					"count": 1,
					"min": 36,
					"max": 36
				},
				"2024-08-23": {
					"avg": 141,
					"count": 4,
					"min": 141,
					"max": 141
				},
				"2024-08-24": {
					"avg": 25,
					"count": 1,
					"min": 25,
					"max": 25
				},
				"2024-08-27": {
					"avg": 148,
					"count": 4,
					"min": 35,
					"max": 474
				},
				"2024-08-28": {
					"avg": 34,
					"count": 1,
					"min": 34,
					"max": 34
				},
				"2024-08-29": {
					"avg": 45,
					"count": 1,
					"min": 45,
					"max": 45
				},
				"2024-08-30": {
					"avg": 173,
					"count": 1,
					"min": 173,
					"max": 173
				},
				"2024-09-03": {
					"avg": 24,
					"count": 2,
					"min": 24,
					"max": 24
				},
				"2024-09-04": {
					"avg": 574,
					"count": 1,
					"min": 574,
					"max": 574
				},
				"2024-09-07": {
					"avg": 497,
					"count": 2,
					"min": 25,
					"max": 969
				},
				"2024-09-13": {
					"avg": 141,
					"count": 1,
					"min": 141,
					"max": 141
				},
				"2024-09-21": {
					"avg": 94,
					"count": 2,
					"min": 47,
					"max": 141
				},
				"2024-09-22": {
					"avg": 24,
					"count": 1,
					"min": 24,
					"max": 24
				}
			},
			"avg": 132,
			"avg7": -1,
			"avg28": -1
		}
	}
}