{
	"data": {
		"normal-good": {
			"history": {
				"2022-11-16": {
					"avg": 274,
					"count": 26
				},
				"2022-11-17": {
					"avg": 24,
					"count": 2
				},
				"2022-11-19": {
					"avg": 21,
					"count": 2,
					"min": 20,
					"max": 21
				},
				"2022-11-22": {
					"avg": 71,
					"count": 15,
					"min": 71,
					"max": 71
				},
				"2022-11-24": {
					"avg": 20,
					"count": 1,
					"min": 20,
					"max": 20
				},
				"2022-11-25": {
					"avg": 22,
					"count": 1,
					"min": 22,
					"max": 22
				},
				"2022-11-26": {
					"avg": 823,
					"count": 6,
					"min": 823,
					"max": 823
				},
				"2022-11-27": {
					"avg": 18,
					"count": 1,
					"min": 18,
					"max": 18
				},
				"2022-11-28": {
					"avg": 123,
					"count": 6,
					"min": 20,
					"max": 223
				},
				"2022-11-29": {
					"avg": 95,
					"count": 2,
					"min": 17,
					"max": 172
				},
				"2022-11-30": {
					"avg": 22,
					"count": 1,
					"min": 22,
					"max": 22
				},
				"2022-12-01": {
					"avg": 39,
					"count": 1,
					"min": 39,
					"max": 39
				},
				"2022-12-04": {
					"avg": 20,
					"count": 1,
					"min": 20,
					"max": 20
				},
				"2022-12-05": {
					"avg": 45,
					"count": 23,
					"min": 20,
					"max": 125
				},
				"2022-12-12": {
					"avg": 25,
					"count": 2,
					"min": 17,
					"max": 32
				},
				"2022-12-16": {
					"avg": 39,
					"count": 2,
					"min": 39,
					"max": 39
				},
				"2022-12-18": {
					"avg": 20,
					"count": 1,
					"min": 20,
					"max": 20
				},
				"2022-12-19": {
					"avg": 124,
					"count": 1,
					"min": 124,
					"max": 124
				},
				"2022-12-20": {
					"avg": 101,
					"count": 2,
					"min": 24,
					"max": 178
				},
				"2022-12-26": {
					"avg": 15,
					"count": 1,
					"min": 15,
					"max": 15
				},
				"2022-12-28": {
					"avg": 33,
					"count": 1,
					"min": 33,
					"max": 33
				},
				"2022-12-29": {
					"avg": 532,
					"count": 19,
					"min": 532,
					"max": 532
				},
				"2022-12-31": {
					"avg": 70,
					"count": 31,
					"min": 20,
					"max": 125
				},
				"2023-01-01": {
					"avg": 199,
					"count": 1,
					"min": 199,
					"max": 199
				},
				"2023-01-02": {
					"avg": 113,
					"count": 43,
					"min": 20,
					"max": 369
				},
				"2023-01-03": {
					"avg": 29,
					"count": 1,
					"min": 29,
					"max": 29
				},
				"2023-01-04": {
					"avg": 40,
					"count": 2,
					"min": 31,
					"max": 49
				},
				"2023-01-05": {
					"avg": 149,
					"count": 1,
					"min": 149,
					"max": 149
				},
				"2023-01-07": {
					"avg": 31,
					"count": 1,
					"min": 31,
					"max": 31
				},
				"2023-01-08": {
					"avg": 29,
					"count": 3,
					"min": 25,
					"max": 31
				},
				"2023-01-11": {
					"avg": 133,
					"count": 1,
					"min": 133,
					"max": 133
				},
				"2023-02-06": {
					"avg": 25,
					"count": 38,
					"min": 23,
					"max": 26
				},
				"2023-02-07": {
					"avg": 20,
					"count": 1,
					"min": 20,
					"max": 20
				},
				"2023-02-08": {
					"avg": 25,
					"count": 1,
					"min": 25,
					"max": 25
				},
				"2023-02-10": {
					"avg": 202,
					"count": 3,
					"min": 83,
					"max": 349
				},
				"2023-02-11": {
					"avg": 17,
					"count": 1,
					"min": 17,
					"max": 17
				},
				"2023-02-14": {
					"avg": 119,
					"count": 1,
					"min": 119,
					"max": 119
				},
				"2023-02-16": {
					"avg": 113,
					"count": 1,
					"min": 113,
					"max": 113
				},
				"2023-02-18": {
					"avg": 85,
					"count": 2,
					"min": 20,
					"max": 149
				},
				"2023-02-19": {
					"avg": 19,
					"count": 1,
					"min": 19,
					"max": 19
				},
				"2023-02-20": {
					"avg": 116,
					"count": 3,
					"min": 20,
					"max": 278
				},
				"2023-02-21": {
					"avg": 21,
					"count": 2,
					"min": 19,
					"max": 23
				},
				"2023-02-24": {
					"avg": 46,
					"count": 6,
					"min": 22,
					"max": 127
				},
				"2023-02-26": {
					"avg": 23,
					"count": 1,
					"min": 23,
					"max": 23
				},
				"2023-02-28": {
					"avg": 29,
					"count": 1,
					"min": 29,
					"max": 29
				},
				"2023-03-01": {
					"avg": 33,
					"count": 1,
					"min": 33,
					"max": 33
				},
				"2023-03-05": {
					"avg": 139,
					"count": 2,
					"min": 123,
					"max": 154
				},
				"2023-03-07": {
					"avg": 49,
					"count": 1,
					"min": 49,
					"max": 49
				},
				"2023-03-18": {
					"avg": 154,
					"count": 1,
					"min": 154,
					"max": 154
				},
				"2023-03-20": {
					"avg": 20,
					"count": 2,
					"min": 20,
					"max": 20
				},
				"2023-03-21": {
					"avg": 83,
					"count": 2,
					"min": 25,
					"max": 141
				},
				"2023-03-22": {
					"avg": 197,
					"count": 49,
					"min": 154,
					"max": 329
				},
				"2023-03-23": {
					"avg": 212,
					"count": 2,
					"min": 25,
					"max": 399
				},
				"2023-03-28": {
					"avg": 20,
					"count": 2,
					"min": 17,
					"max": 22
				},
				"2023-03-29": {
					"avg": 219,
					"count": 2,
					"min": 219,
					"max": 219
				},
				"2023-03-31": {
					"avg": 119,
					"count": 3,
					"min": 119,
					"max": 119
				},
				"2023-04-01": {
					"avg": 246,
					"count": 7,
					"min": 26,
					"max": 399
				},
				"2023-04-03": {
					"avg": 224,
					"count": 10,
					"min": 99,
					"max": 238
				},
				"2023-04-04": {
					"avg": 24,
					"count": 1,
					"min": 24,
					"max": 24
				},
				"2023-04-05": {
					"avg": 65,
					"count": 2,
					"min": 19,
					"max": 110
				},
				"2023-04-07": {
					"avg": 113,
					"count": 2,
					"min": 113,
					"max": 113
				},
				"2023-04-09": {
					"avg": 61,
					"count": 3,
					"min": 33,
					"max": 114
				},
				"2023-04-10": {
					"avg": 28,
					"count": 2,
					"min": 26,
					"max": 29
				},
				"2023-04-15": {
					"avg": 26,
					"count": 1,
					"min": 26,
					"max": 26
				},
				"2023-04-17": {
					"avg": 19,
					"count": 1,
					"min": 19,
					"max": 19
				},
				"2023-04-20": {
					"avg": 113,
					"count": 1,
					"min": 113,
					"max": 113
				},
				"2023-04-21": {
					"avg": 18,
					"count": 20,
					"min": 10,
					"max": 160
				},
				"2023-04-23": {
					"avg": 25,
					"count": 1,
					"min": 25,
					"max": 25
				},
				"2023-04-26": {
					"avg": 66,
					"count": 6,
					"min": 15,
					"max": 113
				},
				"2023-05-02": {
					"avg": 49,
					"count": 1,
					"min": 49,
					"max": 49
				},
				"2023-05-05": {
					"avg": 34,
					"count": 22,
					"min": 20,
					"max": 129
				},
				"2023-05-06": {
					"avg": 61,
					"count": 3,
					"min": 30,
					"max": 124
				},
				"2023-05-07": {
					"avg": 49,
					"count": 14,
					"min": 29,
					"max": 210
				},
				"2023-05-08": {
					"avg": 114,
					"count": 1,
					"min": 114,
					"max": 114
				},
				"2023-05-09": {
					"avg": 107,
					"count": 6,
					"min": 33,
					"max": 122
				},
				"2023-05-11": {
					"avg": 73,
					"count": 2,
					"min": 33,
					"max": 114
				},
				"2023-05-14": {
					"avg": 328,
					"count": 2,
					"min": 121,
					"max": 535
				},
				"2023-05-15": {
					"avg": 30,
					"count": 1,
					"min": 30,
					"max": 30
				},
				"2023-05-16": {
					"avg": 71,
					"count": 3,
					"min": 30,
					"max": 154
				},
				"2023-05-17": {
					"avg": 38,
					"count": 1,
					"min": 38,
					"max": 38
				},
				"2023-05-20": {
					"avg": 18,
					"count": 1,
					"min": 18,
					"max": 18
				},
				"2023-05-23": {
					"avg": 33,
					"count": 1,
					"min": 33,
					"max": 33
				},
				"2023-05-24": {
					"avg": 122,
					"count": 2,
					"min": 122,
					"max": 122
				},
				"2023-05-25": {
					"avg": 399,
					"count": 1,
					"min": 399,
					"max": 399
				},
				"2023-05-27": {
					"avg": 41,
					"count": 1,
					"min": 41,
					"max": 41
				},
				"2023-05-29": {
					"avg": 23,
					"count": 2,
					"min": 20,
					"max": 25
				},
				"2023-05-30": {
					"avg": 37,
					"count": 1,
					"min": 37,
					"max": 37
				},
				"2023-06-01": {
					"avg": 110,
					"count": 3,
					"min": 23,
					"max": 154
				},
				"2023-06-06": {
					"avg": 113,
					"count": 4,
					"min": 113,
					"max": 113
				},
				"2023-06-10": {
					"avg": 20,
					"count": 1,
					"min": 20,
					"max": 20
				},
				"2023-06-12": {
					"avg": 22,
					"count": 1,
					"min": 22,
					"max": 22
				},
				"2023-06-14": {
					"avg": 399,
					"count": 1,
					"min": 399,
					"max": 399
				},
				"2023-06-15": {
					"avg": 71,
					"count": 2,
					"min": 38,
					"max": 103
				},
				"2023-06-16": {
					"avg": 29,
					"count": 1,
					"min": 29,
					"max": 29
				},
				"2023-06-17": {
					"avg": 94,
					"count": 6,
					"min": 22,
					"max": 152
				},
				"2023-06-18": {
					"avg": 30,
					"count": 22,
					"min": 30,
					"max": 30
				},
				"2023-06-21": {
					"avg": 123,
					"count": 2,
					"min": 123,
					"max": 123
				},
				"2023-06-23": {
					"avg": 24,
					"count": 1,
					"min": 24,
					"max": 24
				},
				"2023-06-24": {
					"avg": 100,
					"count": 1,
					"min": 100,
					"max": 100
				},
				"2023-06-25": {
					"avg": 32,
					"count": 2,
					"min": 25,
					"max": 38
				},
				"2023-06-26": {
					"avg": 25,
					"count": 1,
					"min": 25,
					"max": 25
				},
				"2023-06-30": {
					"avg": 70,
					"count": 13,
					"min": 25,
					"max": 113
				},
				"2023-07-02": {
					"avg": 25,
					"count": 1,
					"min": 25,
					"max": 25
				},
				"2023-07-03": {
					"avg": 30,
					"count": 1,
					"min": 30,
					"max": 30
				},
				"2023-07-04": {
					"avg": 115,
					"count": 6,
					"min": 25,
					"max": 133
				},
				"2023-07-07": {
					"avg": 25,
					"count": 6,
					"min": 11,
					"max": 39
				},
				"2023-07-09": {
					"avg": 32,
					"count": 6,
					"min": 29,
					"max": 35
				},
				"2023-07-11": {
					"avg": 37,
					"count": 1,
					"min": 37,
					"max": 37
				},
				"2023-07-12": {
					"avg": 21,
					"count": 3,
					"min": 18,
					"max": 23
				},
				"2023-07-15": {
					"avg": 38,
					"count": 1,
					"min": 38,
					"max": 38
				},
				"2023-07-16": {
					"avg": 29,
					"count": 1,
					"min": 29,
					"max": 29
				},
				"2023-07-17": {
					"avg": 20,
					"count": 1,
					"min": 20,
					"max": 20
				},
				"2023-07-18": {
					"avg": 10,
					"count": 1,
					"min": 10,
					"max": 10
				},
				"2023-07-19": {
					"avg": 24,
					"count": 5,
					"min": 24,
					"max": 24
				},
				"2023-07-22": {
					"avg": 29,
					"count": 1,
					"min": 29,
					"max": 29
				},
				"2023-07-26": {
					"avg": 21,
					"count": 1,
					"min": 21,
					"max": 21
				},
				"2023-07-27": {
					"avg": 141,
					"count": 1,
					"min": 141,
					"max": 141
				},
				"2023-07-29": {
					"avg": 725,
					"count": 19,
					"min": 221,
					"max": 820
				},
				"2023-07-30": {
					"avg": 186,
					"count": 3,
					"min": 30,
					"max": 429
				},
				"2023-07-31": {
					"avg": 124,
					"count": 2,
					"min": 124,
					"max": 124
				},
				"2023-08-01": {
					"avg": 91,
					"count": 7,
					"min": 23,
					"max": 102
				},
				"2023-08-02": {
					"avg": 23,
					"count": 1,
					"min": 23,
					"max": 23
				},
				"2023-08-04": {
					"avg": 72,
					"count": 2,
					"min": 20,
					"max": 124
				},
				"2023-08-08": {
					"avg": 98,
					"count": 2,
					"min": 75,
					"max": 120
				},
				"2023-08-12": {
					"avg": 28,
					"count": 2,
					"min": 23,
					"max": 32
				},
				"2023-08-14": {
					"avg": 79,
					"count": 6,
					"min": 63,
					"max": 110
				},
				"2023-08-15": {
					"avg": 29,
					"count": 1,
					"min": 29,
					"max": 29
				},
				"2023-08-19": {
					"avg": 524,
					"count": 1,
					"min": 524,
					"max": 524
				},
				"2023-08-20": {
					"avg": 148,
					"count": 1,
					"min": 148,
					"max": 148
				},
				"2023-08-21": {
					"avg": 25,
					"count": 1,
					"min": 25,
					"max": 25
				},
				"2023-08-23": {
					"avg": 49,
					"count": 2,
					"min": 22,
					"max": 75
				},
				"2023-08-24": {
					"avg": 148,
					"count": 1,
					"min": 148,
					"max": 148
				},
				"2023-08-26": {
					"avg": 18,
					"count": 2,
					"min": 15,
					"max": 20
				},
				"2023-08-27": {
					"avg": 16,
					"count": 2,
					"min": 10,
					"max": 21
				},
				"2023-08-28": {
					"avg": 25,
					"count": 1,
					"min": 25,
					"max": 25
				},
				"2023-09-01": {
					"avg": 18,
					"count": 1,
					"min": 18,
					"max": 18
				},
				"2023-09-02": {
					"avg": 20,
					"count": 1,
					"min": 20,
					"max": 20
				},
				"2023-09-09": {
					"avg": 25,
					"count": 35,
					"min": 20,
					"max": 25
				},
				"2023-09-10": {
					"avg": 20,
					"count": 1,
					"min": 20,
					"max": 20
				},
				"2023-09-16": {
					"avg": 53,
					"count": 3,
					"min": 15,
					"max": 124
				},
				"2023-09-17": {
					"avg": 34,
					"count": 2,
					"min": 29,
					"max": 38
				},
				"2023-09-18": {
					"avg": 124,
					"count": 1,
					"min": 124,
					"max": 124
				},
				"2023-09-20": {
					"avg": 19,
					"count": 2,
					"min": 15,
					"max": 22
				},
				"2023-09-22": {
					"avg": 22,
					"count": 1,
					"min": 22,
					"max": 22
				},
				"2023-09-25": {
					"avg": 81,
					"count": 3,
					"min": 20,
					"max": 120
				},
				"2023-09-26": {
					"avg": 114,
					"count": 3,
					"min": 114,
					"max": 114
				},
				"2023-09-30": {
					"avg": 21,
					"count": 1,
					"min": 21,
					"max": 21
				},
				"2023-10-04": {
					"avg": 15,
					"count": 1,
					"min": 15,
					"max": 15
				},
				"2023-10-05": {
					"avg": 104,
					"count": 51,
					"min": 24,
					"max": 530
				},
				"2023-10-07": {
					"avg": 85,
					"count": 2,
					"min": 22,
					"max": 148
				},
				"2023-10-10": {
					"avg": 22,
					"count": 1,
					"min": 22,
					"max": 22
				},
				"2023-10-12": {
					"avg": 52,
					"count": 4,
					"min": 23,
					"max": 122
				},
				"2023-10-13": {
					"avg": 49,
					"count": 1,
					"min": 49,
					"max": 49
				},
				"2023-10-17": {
					"avg": 40,
					"count": 1,
					"min": 40,
					"max": 40
				},
				"2023-10-19": {
					"avg": 15,
					"count": 2,
					"min": 15,
					"max": 15
				},
				"2023-10-20": {
					"avg": 141,
					"count": 12,
					"min": 130,
					"max": 164
				},
				"2023-10-21": {
					"avg": 106,
					"count": 1,
					"min": 106,
					"max": 106
				},
				"2023-10-23": {
					"avg": 18,
					"count": 1,
					"min": 18,
					"max": 18
				},
				"2023-10-24": {
					"avg": 93,
					"count": 1,
					"min": 93,
					"max": 93
				},
				"2023-10-25": {
					"avg": 173,
					"count": 2,
					"min": 120,
					"max": 225
				},
				"2023-10-26": {
					"avg": 128,
					"count": 2,
					"min": 115,
					"max": 141
				},
				"2023-10-27": {
					"avg": 136,
					"count": 1,
					"min": 136,
					"max": 136
				},
				"2023-10-28": {
					"avg": 119,
					"count": 8,
					"min": 119,
					"max": 119
				},
				"2023-11-06": {
					"avg": 116,
					"count": 1,
					"min": 116,
					"max": 116
				},
				"2023-11-07": {
					"avg": 30,
					"count": 7,
					"min": 29,
					"max": 30
				},
				"2023-11-09": {
					"avg": 20,
					"count": 1,
					"min": 20,
					"max": 20
				},
				"2023-11-12": {
					"avg": 124,
					"count": 1,
					"min": 124,
					"max": 124
				},
				"2023-11-17": {
					"avg": 215,
					"count": 2,
					"min": 30,
					"max": 399
				},
				"2023-11-19": {
					"avg": 336,
					"count": 2,
					"min": 148,
					"max": 524
				},
				"2023-11-21": {
					"avg": 110,
					"count": 1,
					"min": 110,
					"max": 110
				},
				"2023-11-22": {
					"avg": 28,
					"count": 4,
					"min": 20,
					"max": 35
				},
				"2023-11-24": {
					"avg": 129,
					"count": 12,
					"min": 22,
					"max": 190
				},
				"2023-11-25": {
					"avg": 117,
					"count": 3,
					"min": 110,
					"max": 124
				},
				"2023-11-26": {
					"avg": 62,
					"count": 2,
					"min": 22,
					"max": 102
				},
				"2023-11-27": {
					"avg": 123,
					"count": 2,
					"min": 118,
					"max": 127
				},
				"2024-05-16": {
					"avg": 15,
					"count": 1,
					"min": 15,
					"max": 15
				},
				"2024-05-17": {
					"avg": 62,
					"count": 14,
					"min": 19,
					"max": 68
				},
				"2024-05-18": {
					"avg": 89,
					"count": 7,
					"min": 12,
					"max": 141
				},
				"2024-05-21": {
					"avg": 153,
					"count": 7,
					"min": 32,
					"max": 584
				},
				"2024-05-22": {
					"avg": 531,
					"count": 2,
					"min": 20,
					"max": 1041
				},
				"2024-05-24": {
					"avg": 78,
					"count": 19,
					"min": 33,
					"max": 118
				},
				"2024-06-01": {
					"avg": 151,
					"count": 1,
					"min": 151,
					"max": 151
				},
				"2024-06-07": {
					"avg": 11,
					"count": 1,
					"min": 11,
					"max": 11
				},
				"2024-06-11": {
					"avg": 25,
					"count": 4,
					"min": 25,
					"max": 25
				},
				"2024-06-14": {
					"avg": 12,
					"count": 1,
					"min": 12,
					"max": 12
				},
				"2024-06-17": {
					"avg": 128,
					"count": 9,
					"min": 127,
					"max": 137
				},
				"2024-06-20": {
					"avg": 133,
					"count": 1,
					"min": 133,
					"max": 133
				},
				"2024-06-22": {
					"avg": 26,
					"count": 4,
					"min": 19,
					"max": 28
				},
				"2024-06-23": {
					"avg": 113,
					"count": 1,
					"min": 113,
					"max": 113
				},
				"2024-06-27": {
					"avg": 25,
					"count": 4,
					"min": 25,
					"max": 26
				},
				"2024-06-30": {
					"avg": 142,
					"count": 1,
					"min": 142,
					"max": 142
				},
				"2024-07-01": {
					"avg": 431,
					"count": 1,
					"min": 431,
					"max": 431
				},
				"2024-07-04": {
					"avg": 154,
					"count": 1,
					"min": 154,
					"max": 154
				},
				"2024-07-05": {
					"avg": 137,
					"count": 1,
					"min": 137,
					"max": 137
				},
				"2024-07-08": {
					"avg": 82,
					"count": 4,
					"min": 20,
					"max": 267
				},
				"2024-07-18": {
					"avg": 118,
					"count": 6,
					"min": 118,
					"max": 118
				},
				"2024-07-19": {
					"avg": 154,
					"count": 2,
					"min": 154,
					"max": 154
				},
				"2024-07-20": {
					"avg": 79,
					"count": 2,
					"min": 25,
					"max": 132
				},
				"2024-07-21": {
					"avg": 24,
					"count": 1,
					"min": 24,
					"max": 24
				},
				"2024-07-23": {
					"avg": 147,
					"count": 1,
					"min": 147,
					"max": 147
				},
				"2024-07-25": {
					"avg": 18,
					"count": 1,
					"min": 18,
					"max": 18
				},
				"2024-07-31": {
					"avg": 107,
					"count": 3,
					"min": 107,
					"max": 107
				},
				"2024-08-02": {
					"avg": 38,
					"count": 4,
					"min": 12,
					"max": 118
				},
				"2024-08-04": {
					"avg": 29,
					"count": 1,
					"min": 29,
					"max": 29
				},
				"2024-08-06": {
					"avg": 21,
					"count": 5,
					"min": 21,
					"max": 21
				},
				"2024-08-07": {
					"avg": 116,
					"count": 4,
					"min": 24,
					"max": 147
				},
				"2024-08-15": {
					"avg": 137,
					"count": 1,
					"min": 137,
					"max": 137
				},
				"2024-08-16": {
					"avg": 142,
					"count": 1,
					"min": 142,
					"max": 142
				},
				"2024-08-17": {
					"avg": 138,
					"count": 1,
					"min": 138,
					"max": 138
				},
				"2024-08-18": {
					"avg": 21,
					"count": 2,
					"min": 19,
					"max": 23
				},
				"2024-08-21": {
					"avg": 35,
					"count": 2,
					"min": 20,
					"max": 49
				},
				"2024-08-24": {
					"avg": 142,
					"count": 1,
					"min": 142,
					"max": 142
				},
				"2024-08-27": {
					"avg": 21,
					"count": 1,
					"min": 21,
					"max": 21
				},
				"2024-09-04": {
					"avg": 552,
					"count": 1,
					"min": 552,
					"max": 552
				},
				"2024-09-13": {
					"avg": 22,
					"count": 1,
					"min": 22,
					"max": 22
				},
				"2024-09-15": {
					"avg": 22,
					"count": 2,
					"min": 22,
					"max": 22
				},
				"2024-09-18": {
					"avg": 17,
					"count": 2,
					"min": 17,
					"max": 17
				},
				"2024-09-19": {
					"avg": 140,
					"count": 1,
					"min": 140,
					"max": 140
				}
			},
			"avg": 118,
			"avg7": 117,
			"avg28": 117
		},
		"normal-played": {
			"history": {
				"2024-05-25": {
					"avg": 19,
					"count": 1,
					"min": 19,
					"max": 19
				},
				"2024-05-26": {
					"avg": 20,
					"count": 1,
					"min": 20,
					"max": 20
				},
				"2024-05-27": {
					"avg": 23,
					"count": 2,
					"min": 20,
					"max": 25
				},
				"2024-05-30": {
					"avg": 25,
					"count": 1,
					"min": 25,
					"max": 25
				},
				"2024-06-03": {
					"avg": 500,
					"count": 1,
					"min": 500,
					"max": 500
				},
				"2024-06-04": {
					"avg": 21,
					"count": 1,
					"min": 21,
					"max": 21
				},
				"2024-06-07": {
					"avg": 19,
					"count": 1,
					"min": 19,
					"max": 19
				},
				"2024-06-20": {
					"avg": 138,
					"count": 2,
					"min": 128,
					"max": 147
				},
				"2024-06-21": {
					"avg": 174,
					"count": 1,
					"min": 174,
					"max": 174
				},
				"2024-06-22": {
					"avg": 128,
					"count": 1,
					"min": 128,
					"max": 128
				},
				"2024-06-24": {
					"avg": 20,
					"count": 1,
					"min": 20,
					"max": 20
				},
				"2024-06-26": {
					"avg": 363,
					"count": 1,
					"min": 363,
					"max": 363
				},
				"2024-06-27": {
					"avg": 24,
					"count": 1,
					"min": 24,
					"max": 24
				},
				"2024-06-28": {
					"avg": 25,
					"count": 1,
					"min": 25,
					"max": 25
				},
				"2024-06-29": {
					"avg": 128,
					"count": 2,
					"min": 128,
					"max": 128
				},
				"2024-07-01": {
					"avg": 19,
					"count": 1,
					"min": 19,
					"max": 19
				},
				"2024-07-10": {
					"avg": 19,
					"count": 2,
					"min": 19,
					"max": 19
				},
				"2024-07-12": {
					"avg": 20,
					"count": 3,
					"min": 20,
					"max": 20
				},
				"2024-07-14": {
					"avg": 109,
					"count": 1,
					"min": 109,
					"max": 109
				},
				"2024-07-31": {
					"avg": 104,
					"count": 2,
					"min": 104,
					"max": 104
				},
				"2024-08-06": {
					"avg": 21,
					"count": 3,
					"min": 21,
					"max": 21
				},
				"2024-08-17": {
					"avg": 34,
					"count": 1,
					"min": 34,
					"max": 34
				},
				"2024-08-18": {
					"avg": 21,
					"count": 1,
					"min": 21,
					"max": 21
				},
				"2024-08-27": {
					"avg": 155,
					"count": 1,
					"min": 155,
					"max": 155
				},
				"2024-08-28": {
					"avg": 148,
					"count": 1,
					"min": 148,
					"max": 148
				},
				"2024-08-31": {
					"avg": 25,
					"count": 1,
					"min": 25,
					"max": 25
				},
				"2024-09-07": {
					"avg": 149,
					"count": 3,
					"min": 149,
					"max": 149
				},
				"2024-09-16": {
					"avg": 205,
					"count": 3,
					"min": 205,
					"max": 205
				},
				"2024-09-18": {
					"avg": 9,
					"count": 1,
					"min": 9,
					"max": 9
				},
				"2024-09-20": {
					"avg": 57,
					"count": 2,
					"min": 57,
					"max": 57
				},
				"2024-09-22": {
					"avg": 16,
					"count": 2,
					"min": 10,
					"max": 21
				},
				"2024-09-23": {
					"avg": 137,
					"count": 1,
					"min": 137,
					"max": 137
				}
			},
			"avg": 88,
			"avg7": -1,
			"avg28": -1
		},
		"normal-nearmint": {
			"history": {
				"2024-05-26": {
					"avg": 170,
					"count": 1,
					"min": 170,
					"max": 170
				},
				"2024-05-29": {
					"avg": 112,
					"count": 3,
					"min": 25,
					"max": 269
				},
				"2024-05-30": {
					"avg": 34,
					"count": 1,
					"min": 34,
					"max": 34
				},
				"2024-06-11": {
					"avg": 27,
					"count": 5,
					"min": 18,
					"max": 29
				},
				"2024-06-18": {
					"avg": 70,
					"count": 1,
					"min": 70,
					"max": 70
				},
				"2024-06-24": {
					"avg": 548,
					"count": 1,
					"min": 548,
					"max": 548
				},
				"2024-06-27": {
					"avg": 161,
					"count": 1,
					"min": 161,
					"max": 161
				},
				"2024-07-01": {
					"avg": 33,
					"count": 1,
					"min": 33,
					"max": 33
				},
				"2024-07-02": {
					"avg": 79,
					"count": 1,
					"min": 79,
					"max": 79
				},
				"2024-07-04": {
					"avg": 29,
					"count": 1,
					"min": 29,
					"max": 29
				},
				"2024-07-05": {
					"avg": 161,
					"count": 2,
					"min": 161,
					"max": 161
				},
				"2024-07-07": {
					"avg": 548,
					"count": 1,
					"min": 548,
					"max": 548
				},
				"2024-07-08": {
					"avg": 39,
					"count": 1,
					"min": 39,
					"max": 39
				},
				"2024-07-10": {
					"avg": 39,
					"count": 1,
					"min": 39,
					"max": 39
				},
				"2024-07-11": {
					"avg": 134,
					"count": 1,
					"min": 134,
					"max": 134
				},
				"2024-07-24": {
					"avg": 146,
					"count": 1,
					"min": 146,
					"max": 146
				},
				"2024-07-27": {
					"avg": 217,
					"count": 7,
					"min": 217,
					"max": 217
				},
				"2024-07-28": {
					"avg": 35,
					"count": 1,
					"min": 35,
					"max": 35
				},
				"2024-07-29": {
					"avg": 156,
					"count": 1,
					"min": 156,
					"max": 156
				},
				"2024-08-06": {
					"avg": 84,
					"count": 2,
					"min": 39,
					"max": 129
				},
				"2024-08-08": {
					"avg": 49,
					"count": 1,
					"min": 49,
					"max": 49
				},
				"2024-08-09": {
					"avg": 98,
					"count": 2,
					"min": 49,
					"max": 146
				},
				"2024-08-13": {
					"avg": 117,
					"count": 1,
					"min": 117,
					"max": 117
				},
				"2024-08-16": {
					"avg": 291,
					"count": 2,
					"min": 33,
					"max": 548
				},
				"2024-08-17": {
					"avg": 448,
					"count": 1,
					"min": 448,
					"max": 448
				},
				"2024-08-18": {
					"avg": 49,
					"count": 1,
					"min": 49,
					"max": 49
				},
				"2024-08-19": {
					"avg": 91,
					"count": 2,
					"min": 37,
					"max": 145
				},
				"2024-08-22": {
					"avg": 30,
					"count": 2,
					"min": 25,
					"max": 34
				},
				"2024-08-23": {
					"avg": 33,
					"count": 1,
					"min": 33,
					"max": 33
				},
				"2024-08-27": {
					"avg": 474,
					"count": 1,
					"min": 474,
					"max": 474
				},
				"2024-08-29": {
					"avg": 166,
					"count": 1,
					"min": 166,
					"max": 166
				},
				"2024-08-30": {
					"avg": 173,
					"count": 1,
					"min": 173,
					"max": 173
				},
				"2024-08-31": {
					"avg": 150,
					"count": 1,
					"min": 150,
					"max": 150
				},
				"2024-09-07": {
					"avg": 25,
					"count": 2,
					"min": 25,
					"max": 25
				},
				"2024-09-13": {
					"avg": 19,
					"count": 1,
					"min": 19,
					"max": 19
				},
				"2024-09-20": {
					"avg": 40,
					"count": 5,
					"min": 40,
					"max": 40
				},
				"2024-09-21": {
					"avg": 118,
					"count": 1,
					"min": 118,
					"max": 118
				},
				"2024-09-22": {
					"avg": 30,
					"count": 1,
					"min": 30,
					"max": 30
				}
			},
			"avg": 128,
			"avg7": -1,
			"avg28": -1
		},
		"normal-used": {
			"history": {
				"2024-06-26": {
					"avg": 139,
					"count": 1,
					"min": 139,
					"max": 139
				},
				"2024-07-17": {
					"avg": 16,
					"count": 1,
					"min": 16,
					"max": 16
				},
				"2024-07-18": {
					"avg": 112,
					"count": 1,
					"min": 112,
					"max": 112
				},
				"2024-08-24": {
					"avg": 19,
					"count": 1,
					"min": 19,
					"max": 19
				},
				"2024-08-28": {
					"avg": 12,
					"count": 1,
					"min": 12,
					"max": 12
				},
				"2024-08-31": {
					"avg": 25,
					"count": 1,
					"min": 25,
					"max": 25
				},
				"2024-09-09": {
					"avg": 15,
					"count": 1,
					"min": 15,
					"max": 15
				},
				"2024-09-20": {
					"avg": 55,
					"count": 5,
					"min": 55,
					"max": 55
				},
				"2024-09-23": {
					"avg": 22,
					"count": 4,
					"min": 22,
					"max": 22
				}
			},
			"avg": 44,
			"avg7": -1,
			"avg28": -1
		},
		"normal-poor": {
			"history": {
				"2024-09-20": {
					"avg": 151,
					"count": 2,
					"min": 140,
					"max": 162
				}
			},
			"avg": 151,
			"avg7": -1,
			"avg28": -1
		}
	}
}