{
	"data": {
		"normal-good": {
			"history": {
				"2022-11-12": {
					"avg": 96,
					"count": 2
				},
				"2022-11-14": {
					"avg": 94,
					"count": 30
				},
				"2022-11-15": {
					"avg": 138,
					"count": 31
				},
				"2022-11-16": {
					"avg": 673,
					"count": 1
				},
				"2022-11-17": {
					"avg": 17,
					"count": 1
				},
				"2022-11-18": {
					"avg": 97,
					"count": 5
				},
				"2022-11-19": {
					"avg": 18,
					"count": 7,
					"min": 15,
					"max": 25
				},
				"2022-11-20": {
					"avg": 33,
					"count": 3,
					"min": 16,
					"max": 66
				},
				"2022-11-21": {
					"avg": 106,
					"count": 6,
					"min": 25,
					"max": 124
				},
				"2022-11-22": {
					"avg": 15,
					"count": 26,
					"min": 15,
					"max": 25
				},
				"2022-11-23": {
					"avg": 16,
					"count": 2,
					"min": 16,
					"max": 16
				},
				"2022-11-24": {
					"avg": 19,
					"count": 2,
					"min": 16,
					"max": 22
				},
				"2022-11-25": {
					"avg": 54,
					"count": 5,
					"min": 16,
					"max": 64
				},
				"2022-11-26": {
					"avg": 457,
					"count": 75,
					"min": 15,
					"max": 818
				},
				"2022-11-27": {
					"avg": 113,
					"count": 11,
					"min": 113,
					"max": 117
				},
				"2022-11-28": {
					"avg": 110,
					"count": 1,
					"min": 110,
					"max": 110
				},
				"2022-11-29": {
					"avg": 56,
					"count": 4,
					"min": 25,
					"max": 116
				},
				"2022-12-01": {
					"avg": 22,
					"count": 3,
					"min": 9,
					"max": 48
				},
				"2022-12-02": {
					"avg": 515,
					"count": 5,
					"min": 15,
					"max": 814
				},
				"2022-12-03": {
					"avg": 99,
					"count": 5,
					"min": 33,
					"max": 116
				},
				"2022-12-04": {
					"avg": 117,
					"count": 2,
					"min": 16,
					"max": 219
				},
				"2022-12-05": {
					"avg": 41,
					"count": 15,
					"min": 16,
					"max": 122
				},
				"2022-12-07": {
					"avg": 31,
					"count": 19,
					"min": 10,
					"max": 36
				},
				"2022-12-09": {
					"avg": 17,
					"count": 22,
					"min": 17,
					"max": 17
				},
				"2022-12-10": {
					"avg": 63,
					"count": 2,
					"min": 10,
					"max": 116
				},
				"2022-12-11": {
					"avg": 113,
					"count": 9,
					"min": 113,
					"max": 113
				},
				"2022-12-12": {
					"avg": 25,
					"count": 1,
					"min": 25,
					"max": 25
				},
				"2022-12-13": {
					"avg": 44,
					"count": 3,
					"min": 10,
					"max": 106
				},
				"2022-12-14": {
					"avg": 15,
					"count": 1,
					"min": 15,
					"max": 15
				},
				"2022-12-15": {
					"avg": 25,
					"count": 1,
					"min": 25,
					"max": 25
				},
				"2022-12-16": {
					"avg": 125,
					"count": 20,
					"min": 15,
					"max": 134
				},
				"2022-12-17": {
					"avg": 116,
					"count": 1,
					"min": 116,
					"max": 116
				},
				"2022-12-18": {
					"avg": 288,
					"count": 15,
					"min": 10,
					"max": 416
				},
				"2022-12-19": {
					"avg": 103,
					"count": 1,
					"min": 103,
					"max": 103
				},
				"2022-12-20": {
					"avg": 93,
					"count": 12,
					"min": 15,
					"max": 100
				},
				"2022-12-21": {
					"avg": 18,
					"count": 29,
					"min": 15,
					"max": 20
				},
				"2022-12-24": {
					"avg": 27,
					"count": 62,
					"min": 22,
					"max": 139
				},
				"2022-12-25": {
					"avg": 116,
					"count": 4,
					"min": 116,
					"max": 116
				},
				"2022-12-26": {
					"avg": 25,
					"count": 1,
					"min": 25,
					"max": 25
				},
				"2022-12-27": {
					"avg": 201,
					"count": 47,
					"min": 29,
					"max": 424
				},
				"2022-12-28": {
					"avg": 506,
					"count": 41,
					"min": 110,
					"max": 516
				},
				"2022-12-29": {
					"avg": 90,
					"count": 3,
					"min": 29,
					"max": 124
				},
				"2023-01-01": {
					"avg": 120,
					"count": 20,
					"min": 10,
					"max": 1590
				},
				"2023-01-02": {
					"avg": 25,
					"count": 35,
					"min": 13,
					"max": 119
				},
				"2023-01-03": {
					"avg": 69,
					"count": 2,
					"min": 20,
					"max": 117
				},
				"2023-01-04": {
					"avg": 55,
					"count": 4,
					"min": 24,
					"max": 102
				},
				"2023-01-05": {
					"avg": 114,
					"count": 8,
					"min": 20,
					"max": 212
				},
				"2023-01-06": {
					"avg": 113,
					"count": 13,
					"min": 103,
					"max": 114
				},
				"2023-01-07": {
					"avg": 46,
					"count": 4,
					"min": 20,
					"max": 124
				},
				"2023-01-09": {
					"avg": 26,
					"count": 16,
					"min": 10,
					"max": 102
				},
				"2023-01-10": {
					"avg": 16,
					"count": 1,
					"min": 16,
					"max": 16
				},
				"2023-01-11": {
					"avg": 95,
					"count": 4,
					"min": 25,
					"max": 217
				},
				"2023-01-12": {
					"avg": 123,
					"count": 5,
					"min": 119,
					"max": 124
				},
				"2023-02-06": {
					"avg": 89,
					"count": 21,
					"min": 12,
					"max": 174
				},
				"2023-02-07": {
					"avg": 61,
					"count": 17,
					"min": 18,
					"max": 66
				},
				"2023-02-08": {
					"avg": 240,
					"count": 2,
					"min": 131,
					"max": 349
				},
				"2023-02-09": {
					"avg": 11,
					"count": 1,
					"min": 11,
					"max": 11
				},
				"2023-02-12": {
					"avg": 12,
					"count": 2,
					"min": 12,
					"max": 12
				},
				"2023-02-14": {
					"avg": 23,
					"count": 1,
					"min": 23,
					"max": 23
				},
				"2023-02-15": {
					"avg": 20,
					"count": 1,
					"min": 20,
					"max": 20
				},
				"2023-02-16": {
					"avg": 85,
					"count": 6,
					"min": 12,
					"max": 119
				},
				"2023-02-17": {
					"avg": 149,
					"count": 3,
					"min": 27,
					"max": 299
				},
				"2023-02-18": {
					"avg": 99,
					"count": 2,
					"min": 10,
					"max": 187
				},
				"2023-02-19": {
					"avg": 116,
					"count": 7,
					"min": 114,
					"max": 127
				},
				"2023-02-20": {
					"avg": 33,
					"count": 32,
					"min": 20,
					"max": 114
				},
				"2023-02-21": {
					"avg": 109,
					"count": 18,
					"min": 25,
					"max": 115
				},
				"2023-02-22": {
					"avg": 124,
					"count": 1,
					"min": 124,
					"max": 124
				},
				"2023-02-23": {
					"avg": 108,
					"count": 5,
					"min": 108,
					"max": 108
				},
				"2023-02-24": {
					"avg": 512,
					"count": 1,
					"min": 512,
					"max": 512
				},
				"2023-02-25": {
					"avg": 60,
					"count": 21,
					"min": 12,
					"max": 114
				},
				"2023-02-26": {
					"avg": 148,
					"count": 2,
					"min": 147,
					"max": 149
				},
				"2023-02-27": {
					"avg": 137,
					"count": 6,
					"min": 119,
					"max": 198
				},
				"2023-02-28": {
					"avg": 81,
					"count": 3,
					"min": 18,
					"max": 199
				},
				"2023-03-01": {
					"avg": 43,
					"count": 14,
					"min": 16,
					"max": 349
				},
				"2023-03-02": {
					"avg": 15,
					"count": 1,
					"min": 15,
					"max": 15
				},
				"2023-03-03": {
					"avg": 25,
					"count": 1,
					"min": 25,
					"max": 25
				},
				"2023-03-04": {
					"avg": 35,
					"count": 6,
					"min": 17,
					"max": 127
				},
				"2023-03-05": {
					"avg": 23,
					"count": 2,
					"min": 20,
					"max": 26
				},
				"2023-03-06": {
					"avg": 20,
					"count": 14,
					"min": 20,
					"max": 20
				},
				"2023-03-08": {
					"avg": 16,
					"count": 4,
					"min": 12,
					"max": 27
				},
				"2023-03-09": {
					"avg": 139,
					"count": 12,
					"min": 12,
					"max": 154
				},
				"2023-03-10": {
					"avg": 27,
					"count": 1,
					"min": 27,
					"max": 27
				},
				"2023-03-11": {
					"avg": 114,
					"count": 1,
					"min": 114,
					"max": 114
				},
				"2023-03-12": {
					"avg": 220,
					"count": 4,
					"min": 27,
					"max": 698
				},
				"2023-03-13": {
					"avg": 81,
					"count": 2,
					"min": 26,
					"max": 136
				},
				"2023-03-14": {
					"avg": 115,
					"count": 11,
					"min": 27,
					"max": 124
				},
				"2023-03-15": {
					"avg": 114,
					"count": 1,
					"min": 114,
					"max": 114
				},
				"2023-03-16": {
					"avg": 92,
					"count": 10,
					"min": 27,
					"max": 119
				},
				"2023-03-17": {
					"avg": 15,
					"count": 1,
					"min": 15,
					"max": 15
				},
				"2023-03-18": {
					"avg": 228,
					"count": 1,
					"min": 228,
					"max": 228
				},
				"2023-03-19": {
					"avg": 33,
					"count": 1,
					"min": 33,
					"max": 33
				},
				"2023-03-20": {
					"avg": 255,
					"count": 13,
					"min": 25,
					"max": 1698
				},
				"2023-03-21": {
					"avg": 99,
					"count": 7,
					"min": 25,
					"max": 129
				},
				"2023-03-22": {
					"avg": 106,
					"count": 1,
					"min": 106,
					"max": 106
				},
				"2023-03-23": {
					"avg": 157,
					"count": 8,
					"min": 142,
					"max": 225
				},
				"2023-03-24": {
					"avg": 127,
					"count": 3,
					"min": 25,
					"max": 225
				},
				"2023-03-25": {
					"avg": 95,
					"count": 14,
					"min": 10,
					"max": 119
				},
				"2023-03-26": {
					"avg": 102,
					"count": 4,
					"min": 35,
					"max": 154
				},
				"2023-03-27": {
					"avg": 166,
					"count": 14,
					"min": 17,
					"max": 624
				},
				"2023-03-28": {
					"avg": 66,
					"count": 2,
					"min": 17,
					"max": 114
				},
				"2023-03-29": {
					"avg": 79,
					"count": 6,
					"min": 16,
					"max": 111
				},
				"2023-03-31": {
					"avg": 27,
					"count": 2,
					"min": 15,
					"max": 39
				},
				"2023-04-01": {
					"avg": 15,
					"count": 1,
					"min": 15,
					"max": 15
				},
				"2023-04-02": {
					"avg": 16,
					"count": 10,
					"min": 15,
					"max": 20
				},
				"2023-04-03": {
					"avg": 16,
					"count": 48,
					"min": 13,
					"max": 17
				},
				"2023-04-04": {
					"avg": 82,
					"count": 20,
					"min": 16,
					"max": 108
				},
				"2023-04-05": {
					"avg": 119,
					"count": 16,
					"min": 10,
					"max": 399
				},
				"2023-04-06": {
					"avg": 99,
					"count": 13,
					"min": 16,
					"max": 113
				},
				"2023-04-07": {
					"avg": 22,
					"count": 5,
					"min": 22,
					"max": 22
				},
				"2023-04-08": {
					"avg": 17,
					"count": 1,
					"min": 17,
					"max": 17
				},
				"2023-04-09": {
					"avg": 110,
					"count": 6,
					"min": 25,
					"max": 127
				},
				"2023-04-10": {
					"avg": 99,
					"count": 22,
					"min": 12,
					"max": 107
				},
				"2023-04-11": {
					"avg": 25,
					"count": 1,
					"min": 25,
					"max": 25
				},
				"2023-04-13": {
					"avg": 114,
					"count": 1,
					"min": 114,
					"max": 114
				},
				"2023-04-14": {
					"avg": 28,
					"count": 6,
					"min": 25,
					"max": 43
				},
				"2023-04-15": {
					"avg": 59,
					"count": 2,
					"min": 18,
					"max": 100
				},
				"2023-04-16": {
					"avg": 157,
					"count": 4,
					"min": 29,
					"max": 541
				},
				"2023-04-17": {
					"avg": 18,
					"count": 2,
					"min": 16,
					"max": 20
				},
				"2023-04-18": {
					"avg": 84,
					"count": 16,
					"min": 16,
					"max": 115
				},
				"2023-04-19": {
					"avg": 68,
					"count": 2,
					"min": 17,
					"max": 119
				},
				"2023-04-20": {
					"avg": 73,
					"count": 2,
					"min": 45,
					"max": 101
				},
				"2023-04-21": {
					"avg": 125,
					"count": 17,
					"min": 124,
					"max": 127
				},
				"2023-04-22": {
					"avg": 98,
					"count": 52,
					"min": 66,
					"max": 210
				},
				"2023-04-23": {
					"avg": 21,
					"count": 2,
					"min": 16,
					"max": 25
				},
				"2023-04-25": {
					"avg": 102,
					"count": 2,
					"min": 38,
					"max": 167
				},
				"2023-04-27": {
					"avg": 78,
					"count": 36,
					"min": 38,
					"max": 124
				},
				"2023-04-28": {
					"avg": 54,
					"count": 3,
					"min": 25,
					"max": 103
				},
				"2023-04-29": {
					"avg": 75,
					"count": 2,
					"min": 25,
					"max": 124
				},
				"2023-04-30": {
					"avg": 56,
					"count": 22,
					"min": 17,
					"max": 139
				},
				"2023-05-01": {
					"avg": 21,
					"count": 2,
					"min": 20,
					"max": 22
				},
				"2023-05-02": {
					"avg": 81,
					"count": 22,
					"min": 25,
					"max": 137
				},
				"2023-05-03": {
					"avg": 15,
					"count": 12,
					"min": 15,
					"max": 16
				},
				"2023-05-04": {
					"avg": 116,
					"count": 19,
					"min": 113,
					"max": 128
				},
				"2023-05-05": {
					"avg": 12,
					"count": 3,
					"min": 12,
					"max": 12
				},
				"2023-05-06": {
					"avg": 224,
					"count": 12,
					"min": 16,
					"max": 399
				},
				"2023-05-07": {
					"avg": 154,
					"count": 100,
					"min": 154,
					"max": 154
				},
				"2023-05-08": {
					"avg": 146,
					"count": 44,
					"min": 26,
					"max": 154
				},
				"2023-05-09": {
					"avg": 127,
					"count": 7,
					"min": 127,
					"max": 127
				},
				"2023-05-10": {
					"avg": 53,
					"count": 73,
					"min": 1,
					"max": 111
				},
				"2023-05-11": {
					"avg": 119,
					"count": 2,
					"min": 118,
					"max": 121
				},
				"2023-05-13": {
					"avg": 94,
					"count": 13,
					"min": 15,
					"max": 134
				},
				"2023-05-14": {
					"avg": 115,
					"count": 12,
					"min": 115,
					"max": 115
				},
				"2023-05-15": {
					"avg": 52,
					"count": 11,
					"min": 15,
					"max": 121
				},
				"2023-05-16": {
					"avg": 25,
					"count": 1,
					"min": 25,
					"max": 25
				},
				"2023-05-18": {
					"avg": 127,
					"count": 33,
					"min": 25,
					"max": 204
				},
				"2023-05-19": {
					"avg": 94,
					"count": 2,
					"min": 25,
					"max": 162
				},
				"2023-05-20": {
					"avg": 134,
					"count": 1,
					"min": 134,
					"max": 134
				},
				"2023-05-21": {
					"avg": 43,
					"count": 1,
					"min": 43,
					"max": 43
				},
				"2023-05-22": {
					"avg": 36,
					"count": 71,
					"min": 12,
					"max": 948
				},
				"2023-05-23": {
					"avg": 52,
					"count": 26,
					"min": 15,
					"max": 108
				},
				"2023-05-24": {
					"avg": 25,
					"count": 16,
					"min": 25,
					"max": 25
				},
				"2023-05-25": {
					"avg": 36,
					"count": 12,
					"min": 19,
					"max": 123
				},
				"2023-05-26": {
					"avg": 123,
					"count": 4,
					"min": 123,
					"max": 123
				},
				"2023-05-27": {
					"avg": 399,
					"count": 1,
					"min": 399,
					"max": 399
				},
				"2023-05-28": {
					"avg": 25,
					"count": 1,
					"min": 25,
					"max": 25
				},
				"2023-05-29": {
					"avg": 58,
					"count": 3,
					"min": 24,
					"max": 122
				},
				"2023-05-30": {
					"avg": 314,
					"count": 23,
					"min": 25,
					"max": 399
				},
				"2023-05-31": {
					"avg": 57,
					"count": 3,
					"min": 24,
					"max": 123
				},
				"2023-06-01": {
					"avg": 146,
					"count": 136,
					"min": 25,
					"max": 523
				},
				"2023-06-03": {
					"avg": 132,
					"count": 1,
					"min": 132,
					"max": 132
				},
				"2023-06-04": {
					"avg": 179,
					"count": 1,
					"min": 179,
					"max": 179
				},
				"2023-06-05": {
					"avg": 46,
					"count": 12,
					"min": 15,
					"max": 64
				},
				"2023-06-06": {
					"avg": 15,
					"count": 1,
					"min": 15,
					"max": 15
				},
				"2023-06-07": {
					"avg": 24,
					"count": 2,
					"min": 24,
					"max": 24
				},
				"2023-06-08": {
					"avg": 75,
					"count": 11,
					"min": 60,
					"max": 150
				},
				"2023-06-10": {
					"avg": 53,
					"count": 3,
					"min": 24,
					"max": 111
				},
				"2023-06-12": {
					"avg": 26,
					"count": 2,
					"min": 26,
					"max": 26
				},
				"2023-06-14": {
					"avg": 113,
					"count": 22,
					"min": 15,
					"max": 123
				},
				"2023-06-15": {
					"avg": 38,
					"count": 6,
					"min": 24,
					"max": 110
				},
				"2023-06-16": {
					"avg": 110,
					"count": 1,
					"min": 110,
					"max": 110
				},
				"2023-06-17": {
					"avg": 24,
					"count": 1,
					"min": 24,
					"max": 24
				},
				"2023-06-18": {
					"avg": 63,
					"count": 16,
					"min": 60,
					"max": 64
				},
				"2023-06-19": {
					"avg": 37,
					"count": 15,
					"min": 24,
					"max": 132
				},
				"2023-06-20": {
					"avg": 43,
					"count": 51,
					"min": 23,
					"max": 123
				},
				"2023-06-21": {
					"avg": 124,
					"count": 1,
					"min": 124,
					"max": 124
				},
				"2023-06-23": {
					"avg": 26,
					"count": 14,
					"min": 26,
					"max": 26
				},
				"2023-06-24": {
					"avg": 113,
					"count": 3,
					"min": 103,
					"max": 127
				},
				"2023-06-26": {
					"avg": 36,
					"count": 11,
					"min": 24,
					"max": 119
				},
				"2023-06-27": {
					"avg": 15,
					"count": 2,
					"min": 15,
					"max": 15
				},
				"2023-06-28": {
					"avg": 42,
					"count": 10,
					"min": 15,
					"max": 124
				},
				"2023-06-29": {
					"avg": 24,
					"count": 3,
					"min": 24,
					"max": 24
				},
				"2023-06-30": {
					"avg": 154,
					"count": 15,
					"min": 154,
					"max": 154
				},
				"2023-07-01": {
					"avg": 60,
					"count": 19,
					"min": 24,
					"max": 110
				},
				"2023-07-03": {
					"avg": 103,
					"count": 1,
					"min": 103,
					"max": 103
				},
				"2023-07-04": {
					"avg": 62,
					"count": 2,
					"min": 18,
					"max": 105
				},
				"2023-07-05": {
					"avg": 154,
					"count": 19,
					"min": 35,
					"max": 435
				},
				"2023-07-06": {
					"avg": 117,
					"count": 1,
					"min": 117,
					"max": 117
				},
				"2023-07-07": {
					"avg": 261,
					"count": 15,
					"min": 18,
					"max": 435
				},
				"2023-07-08": {
					"avg": 161,
					"count": 16,
					"min": 110,
					"max": 164
				},
				"2023-07-09": {
					"avg": 113,
					"count": 12,
					"min": 15,
					"max": 123
				},
				"2023-07-10": {
					"avg": 260,
					"count": 30,
					"min": 21,
					"max": 531
				},
				"2023-07-11": {
					"avg": 435,
					"count": 68,
					"min": 435,
					"max": 435
				},
				"2023-07-12": {
					"avg": 119,
					"count": 37,
					"min": 24,
					"max": 125
				},
				"2023-07-13": {
					"avg": 62,
					"count": 13,
					"min": 33,
					"max": 64
				},
				"2023-07-14": {
					"avg": 110,
					"count": 33,
					"min": 25,
					"max": 128
				},
				"2023-07-15": {
					"avg": 12,
					"count": 1,
					"min": 12,
					"max": 12
				},
				"2023-07-16": {
					"avg": 274,
					"count": 19,
					"min": 24,
					"max": 509
				},
				"2023-07-17": {
					"avg": 64,
					"count": 25,
					"min": 21,
					"max": 110
				},
				"2023-07-18": {
					"avg": 172,
					"count": 15,
					"min": 15,
					"max": 213
				},
				"2023-07-19": {
					"avg": 77,
					"count": 2,
					"min": 21,
					"max": 132
				},
				"2023-07-20": {
					"avg": 85,
					"count": 17,
					"min": 12,
					"max": 120
				},
				"2023-07-21": {
					"avg": 44,
					"count": 5,
					"min": 21,
					"max": 105
				},
				"2023-07-22": {
					"avg": 59,
					"count": 31,
					"min": 21,
					"max": 114
				},
				"2023-07-23": {
					"avg": 97,
					"count": 24,
					"min": 21,
					"max": 123
				},
				"2023-07-25": {
					"avg": 94,
					"count": 12,
					"min": 12,
					"max": 123
				},
				"2023-07-27": {
					"avg": 58,
					"count": 46,
					"min": 20,
					"max": 123
				},
				"2023-07-29": {
					"avg": 20,
					"count": 10,
					"min": 20,
					"max": 20
				},
				"2023-07-30": {
					"avg": 265,
					"count": 28,
					"min": 15,
					"max": 1032
				},
				"2023-07-31": {
					"avg": 70,
					"count": 4,
					"min": 20,
					"max": 116
				},
				"2023-08-01": {
					"avg": 180,
					"count": 4,
					"min": 111,
					"max": 378
				},
				"2023-08-02": {
					"avg": 123,
					"count": 11,
					"min": 20,
					"max": 133
				},
				"2023-08-03": {
					"avg": 148,
					"count": 1,
					"min": 148,
					"max": 148
				},
				"2023-08-04": {
					"avg": 97,
					"count": 7,
					"min": 20,
					"max": 133
				},
				"2023-08-05": {
					"avg": 118,
					"count": 22,
					"min": 20,
					"max": 128
				},
				"2023-08-06": {
					"avg": 1106,
					"count": 19,
					"min": 15,
					"max": 2019
				},
				"2023-08-07": {
					"avg": 30,
					"count": 2,
					"min": 24,
					"max": 35
				},
				"2023-08-09": {
					"avg": 2023,
					"count": 1,
					"min": 2023,
					"max": 2023
				},
				"2023-08-10": {
					"avg": 88,
					"count": 23,
					"min": 18,
					"max": 211
				},
				"2023-08-11": {
					"avg": 27,
					"count": 2,
					"min": 24,
					"max": 30
				},
				"2023-08-12": {
					"avg": 98,
					"count": 5,
					"min": 24,
					"max": 117
				},
				"2023-08-13": {
					"avg": 53,
					"count": 29,
					"min": 12,
					"max": 111
				},
				"2023-08-14": {
					"avg": 91,
					"count": 22,
					"min": 25,
					"max": 129
				},
				"2023-08-15": {
					"avg": 77,
					"count": 2,
					"min": 25,
					"max": 128
				},
				"2023-08-16": {
					"avg": 111,
					"count": 27,
					"min": 29,
					"max": 123
				},
				"2023-08-17": {
					"avg": 106,
					"count": 15,
					"min": 29,
					"max": 111
				},
				"2023-08-18": {
					"avg": 92,
					"count": 2,
					"min": 24,
					"max": 159
				},
				"2023-08-19": {
					"avg": 35,
					"count": 24,
					"min": 20,
					"max": 378
				},
				"2023-08-20": {
					"avg": 30,
					"count": 1,
					"min": 30,
					"max": 30
				},
				"2023-08-21": {
					"avg": 184,
					"count": 3,
					"min": 30,
					"max": 399
				},
				"2023-08-22": {
					"avg": 29,
					"count": 1,
					"min": 29,
					"max": 29
				},
				"2023-08-23": {
					"avg": 119,
					"count": 1,
					"min": 119,
					"max": 119
				},
				"2023-08-24": {
					"avg": 108,
					"count": 12,
					"min": 21,
					"max": 120
				},
				"2023-08-25": {
					"avg": 120,
					"count": 1,
					"min": 120,
					"max": 120
				},
				"2023-08-26": {
					"avg": 466,
					"count": 13,
					"min": 129,
					"max": 1005
				},
				"2023-08-27": {
					"avg": 114,
					"count": 39,
					"min": 110,
					"max": 125
				},
				"2023-08-28": {
					"avg": 150,
					"count": 5,
					"min": 18,
					"max": 399
				},
				"2023-08-29": {
					"avg": 108,
					"count": 3,
					"min": 101,
					"max": 111
				},
				"2023-08-30": {
					"avg": 118,
					"count": 3,
					"min": 104,
					"max": 125
				},
				"2023-08-31": {
					"avg": 124,
					"count": 1,
					"min": 124,
					"max": 124
				},
				"2023-09-01": {
					"avg": 22,
					"count": 1,
					"min": 22,
					"max": 22
				},
				"2023-09-02": {
					"avg": 65,
					"count": 22,
					"min": 25,
					"max": 129
				},
				"2023-09-03": {
					"avg": 190,
					"count": 27,
					"min": 22,
					"max": 378
				},
				"2023-09-04": {
					"avg": 63,
					"count": 6,
					"min": 25,
					"max": 124
				},
				"2023-09-05": {
					"avg": 30,
					"count": 1,
					"min": 30,
					"max": 30
				},
				"2023-09-06": {
					"avg": 62,
					"count": 4,
					"min": 30,
					"max": 128
				},
				"2023-09-07": {
					"avg": 216,
					"count": 5,
					"min": 25,
					"max": 774
				},
				"2023-09-08": {
					"avg": 304,
					"count": 3,
					"min": 23,
					"max": 774
				},
				"2023-09-09": {
					"avg": 62,
					"count": 6,
					"min": 18,
					"max": 274
				},
				"2023-09-10": {
					"avg": 107,
					"count": 7,
					"min": 70,
					"max": 128
				},
				"2023-09-11": {
					"avg": 64,
					"count": 5,
					"min": 23,
					"max": 127
				},
				"2023-09-12": {
					"avg": 110,
					"count": 2,
					"min": 110,
					"max": 110
				},
				"2023-09-13": {
					"avg": 23,
					"count": 2,
					"min": 20,
					"max": 25
				},
				"2023-09-14": {
					"avg": 23,
					"count": 2,
					"min": 23,
					"max": 23
				},
				"2023-09-15": {
					"avg": 354,
					"count": 38,
					"min": 111,
					"max": 523
				},
				"2023-09-16": {
					"avg": 173,
					"count": 26,
					"min": 20,
					"max": 2014
				},
				"2023-09-17": {
					"avg": 99,
					"count": 15,
					"min": 23,
					"max": 110
				},
				"2023-09-18": {
					"avg": 114,
					"count": 1,
					"min": 114,
					"max": 114
				},
				"2023-09-19": {
					"avg": 31,
					"count": 23,
					"min": 25,
					"max": 128
				},
				"2023-09-20": {
					"avg": 25,
					"count": 3,
					"min": 25,
					"max": 25
				},
				"2023-09-21": {
					"avg": 23,
					"count": 2,
					"min": 21,
					"max": 25
				},
				"2023-09-22": {
					"avg": 41,
					"count": 27,
					"min": 21,
					"max": 199
				},
				"2023-09-23": {
					"avg": 37,
					"count": 27,
					"min": 11,
					"max": 114
				},
				"2023-09-24": {
					"avg": 201,
					"count": 23,
					"min": 20,
					"max": 226
				},
				"2023-09-25": {
					"avg": 77,
					"count": 27,
					"min": 15,
					"max": 129
				},
				"2023-09-26": {
					"avg": 72,
					"count": 2,
					"min": 30,
					"max": 114
				},
				"2023-09-27": {
					"avg": 469,
					"count": 21,
					"min": 10,
					"max": 523
				},
				"2023-09-28": {
					"avg": 115,
					"count": 31,
					"min": 30,
					"max": 119
				},
				"2023-09-29": {
					"avg": 51,
					"count": 3,
					"min": 23,
					"max": 107
				},
				"2023-09-30": {
					"avg": 1774,
					"count": 27,
					"min": 29,
					"max": 2014
				},
				"2023-10-01": {
					"avg": 27,
					"count": 2,
					"min": 20,
					"max": 33
				},
				"2023-10-02": {
					"avg": 43,
					"count": 17,
					"min": 20,
					"max": 116
				},
				"2023-10-03": {
					"avg": 116,
					"count": 20,
					"min": 15,
					"max": 399
				},
				"2023-10-04": {
					"avg": 28,
					"count": 13,
					"min": 20,
					"max": 127
				},
				"2023-10-06": {
					"avg": 108,
					"count": 17,
					"min": 15,
					"max": 178
				},
				"2023-10-07": {
					"avg": 39,
					"count": 13,
					"min": 9,
					"max": 121
				},
				"2023-10-08": {
					"avg": 147,
					"count": 47,
					"min": 20,
					"max": 214
				},
				"2023-10-09": {
					"avg": 876,
					"count": 5,
					"min": 120,
					"max": 2008
				},
				"2023-10-10": {
					"avg": 118,
					"count": 1,
					"min": 118,
					"max": 118
				},
				"2023-10-11": {
					"avg": 62,
					"count": 3,
					"min": 15,
					"max": 131
				},
				"2023-10-12": {
					"avg": 399,
					"count": 1,
					"min": 399,
					"max": 399
				},
				"2023-10-13": {
					"avg": 20,
					"count": 3,
					"min": 15,
					"max": 30
				},
				"2023-10-15": {
					"avg": 277,
					"count": 2,
					"min": 233,
					"max": 320
				},
				"2023-10-16": {
					"avg": 142,
					"count": 7,
					"min": 22,
					"max": 164
				},
				"2023-10-17": {
					"avg": 286,
					"count": 17,
					"min": 21,
					"max": 378
				},
				"2023-10-18": {
					"avg": 22,
					"count": 1,
					"min": 22,
					"max": 22
				},
				"2023-10-19": {
					"avg": 127,
					"count": 7,
					"min": 116,
					"max": 129
				},
				"2023-10-20": {
					"avg": 135,
					"count": 38,
					"min": 129,
					"max": 200
				},
				"2023-10-21": {
					"avg": 22,
					"count": 1,
					"min": 22,
					"max": 22
				},
				"2023-10-22": {
					"avg": 42,
					"count": 1,
					"min": 42,
					"max": 42
				},
				"2023-10-23": {
					"avg": 119,
					"count": 10,
					"min": 119,
					"max": 119
				},
				"2023-10-24": {
					"avg": 46,
					"count": 13,
					"min": 21,
					"max": 144
				},
				"2023-10-25": {
					"avg": 93,
					"count": 21,
					"min": 13,
					"max": 111
				},
				"2023-10-26": {
					"avg": 112,
					"count": 39,
					"min": 111,
					"max": 144
				},
				"2023-10-27": {
					"avg": 118,
					"count": 12,
					"min": 118,
					"max": 118
				},
				"2023-10-28": {
					"avg": 43,
					"count": 2,
					"min": 29,
					"max": 57
				},
				"2023-10-29": {
					"avg": 95,
					"count": 19,
					"min": 63,
					"max": 122
				},
				"2023-10-30": {
					"avg": 113,
					"count": 12,
					"min": 111,
					"max": 136
				},
				"2023-10-31": {
					"avg": 122,
					"count": 2,
					"min": 45,
					"max": 198
				},
				"2023-11-01": {
					"avg": 90,
					"count": 19,
					"min": 20,
					"max": 147
				},
				"2023-11-02": {
					"avg": 36,
					"count": 2,
					"min": 36,
					"max": 36
				},
				"2023-11-03": {
					"avg": 191,
					"count": 2,
					"min": 162,
					"max": 219
				},
				"2023-11-04": {
					"avg": 36,
					"count": 1,
					"min": 36,
					"max": 36
				},
				"2023-11-05": {
					"avg": 152,
					"count": 25,
					"min": 111,
					"max": 244
				},
				"2023-11-06": {
					"avg": 184,
					"count": 3,
					"min": 134,
					"max": 219
				},
				"2023-11-08": {
					"avg": 34,
					"count": 12,
					"min": 26,
					"max": 124
				},
				"2023-11-09": {
					"avg": 53,
					"count": 7,
					"min": 25,
					"max": 219
				},
				"2023-11-10": {
					"avg": 54,
					"count": 15,
					"min": 22,
					"max": 62
				},
				"2023-11-11": {
					"avg": 143,
					"count": 23,
					"min": 22,
					"max": 526
				},
				"2023-11-13": {
					"avg": 100,
					"count": 1,
					"min": 100,
					"max": 100
				},
				"2023-11-14": {
					"avg": 102,
					"count": 3,
					"min": 32,
					"max": 147
				},
				"2023-11-16": {
					"avg": 162,
					"count": 44,
					"min": 15,
					"max": 171
				},
				"2023-11-17": {
					"avg": 87,
					"count": 4,
					"min": 15,
					"max": 111
				},
				"2023-11-18": {
					"avg": 317,
					"count": 2,
					"min": 100,
					"max": 533
				},
				"2023-11-19": {
					"avg": 115,
					"count": 53,
					"min": 22,
					"max": 219
				},
				"2023-11-20": {
					"avg": 29,
					"count": 11,
					"min": 25,
					"max": 38
				},
				"2023-11-21": {
					"avg": 128,
					"count": 15,
					"min": 22,
					"max": 514
				},
				"2023-11-22": {
					"avg": 71,
					"count": 26,
					"min": 15,
					"max": 121
				},
				"2023-11-23": {
					"avg": 30,
					"count": 8,
					"min": 15,
					"max": 128
				},
				"2023-11-24": {
					"avg": 109,
					"count": 51,
					"min": 15,
					"max": 186
				},
				"2023-11-25": {
					"avg": 143,
					"count": 3,
					"min": 24,
					"max": 378
				},
				"2023-11-26": {
					"avg": 73,
					"count": 2,
					"min": 22,
					"max": 124
				},
				"2023-11-27": {
					"avg": 78,
					"count": 4,
					"min": 22,
					"max": 135
				},
				"2024-05-17": {
					"avg": 128,
					"count": 103,
					"min": 15,
					"max": 413
				},
				"2024-05-18": {
					"avg": 188,
					"count": 2,
					"min": 147,
					"max": 230
				},
				"2024-05-19": {
					"avg": 25,
					"count": 1,
					"min": 25,
					"max": 25
				},
				"2024-05-20": {
					"avg": 99,
					"count": 59,
					"min": 15,
					"max": 519
				},
				"2024-05-21": {
					"avg": 33,
					"count": 2,
					"min": 15,
					"max": 50
				},
				"2024-05-22": {
					"avg": 22,
					"count": 1,
					"min": 22,
					"max": 22
				},
				"2024-05-29": {
					"avg": 200,
					"count": 2,
					"min": 22,
					"max": 378
				},
				"2024-05-30": {
					"avg": 20,
					"count": 7,
					"min": 20,
					"max": 20
				},
				"2024-05-31": {
					"avg": 142,
					"count": 1,
					"min": 142,
					"max": 142
				},
				"2024-06-01": {
					"avg": 21,
					"count": 2,
					"min": 21,
					"max": 21
				},
				"2024-06-04": {
					"avg": 115,
					"count": 20,
					"min": 115,
					"max": 115
				},
				"2024-06-07": {
					"avg": 223,
					"count": 1,
					"min": 223,
					"max": 223
				},
				"2024-06-08": {
					"avg": 116,
					"count": 24,
					"min": 19,
					"max": 120
				},
				"2024-06-09": {
					"avg": 142,
					"count": 10,
					"min": 142,
					"max": 142
				},
				"2024-06-11": {
					"avg": 136,
					"count": 15,
					"min": 115,
					"max": 428
				},
				"2024-06-12": {
					"avg": 30,
					"count": 2,
					"min": 22,
					"max": 37
				},
				"2024-06-13": {
					"avg": 143,
					"count": 1,
					"min": 143,
					"max": 143
				},
				"2024-06-15": {
					"avg": 21,
					"count": 1,
					"min": 21,
					"max": 21
				},
				"2024-06-16": {
					"avg": 134,
					"count": 4,
					"min": 128,
					"max": 141
				},
				"2024-06-17": {
					"avg": 126,
					"count": 2,
					"min": 124,
					"max": 128
				},
				"2024-06-19": {
					"avg": 25,
					"count": 23,
					"min": 25,
					"max": 25
				},
				"2024-06-20": {
					"avg": 138,
					"count": 8,
					"min": 138,
					"max": 138
				},
				"2024-06-22": {
					"avg": 144,
					"count": 8,
					"min": 122,
					"max": 147
				},
				"2024-06-23": {
					"avg": 152,
					"count": 3,
					"min": 152,
					"max": 152
				},
				"2024-06-26": {
					"avg": 134,
					"count": 3,
					"min": 134,
					"max": 134
				},
				"2024-06-28": {
					"avg": 19,
					"count": 1,
					"min": 19,
					"max": 19
				},
				"2024-06-29": {
					"avg": 22,
					"count": 1,
					"min": 22,
					"max": 22
				},
				"2024-06-30": {
					"avg": 73,
					"count": 1,
					"min": 73,
					"max": 73
				},
				"2024-07-01": {
					"avg": 158,
					"count": 1,
					"min": 158,
					"max": 158
				},
				"2024-07-02": {
					"avg": 146,
					"count": 2,
					"min": 139,
					"max": 152
				},
				"2024-07-03": {
					"avg": 133,
					"count": 10,
					"min": 19,
					"max": 170
				},
				"2024-07-04": {
					"avg": 138,
					"count": 5,
					"min": 138,
					"max": 138
				},
				"2024-07-08": {
					"avg": 28,
					"count": 21,
					"min": 22,
					"max": 142
				},
				"2024-07-09": {
					"avg": 152,
					"count": 1,
					"min": 152,
					"max": 152
				},
				"2024-07-10": {
					"avg": 21,
					"count": 18,
					"min": 21,
					"max": 21
				},
				"2024-07-11": {
					"avg": 101,
					"count": 2,
					"min": 73,
					"max": 128
				},
				"2024-07-12": {
					"avg": 21,
					"count": 16,
					"min": 18,
					"max": 21
				},
				"2024-07-13": {
					"avg": 140,
					"count": 1,
					"min": 140,
					"max": 140
				},
				"2024-07-14": {
					"avg": 428,
					"count": 1,
					"min": 428,
					"max": 428
				},
				"2024-07-15": {
					"avg": 30,
					"count": 1,
					"min": 30,
					"max": 30
				},
				"2024-07-18": {
					"avg": 18,
					"count": 9,
					"min": 18,
					"max": 18
				},
				"2024-07-19": {
					"avg": 114,
					"count": 21,
					"min": 20,
					"max": 132
				},
				"2024-07-20": {
					"avg": 132,
					"count": 1,
					"min": 132,
					"max": 132
				},
				"2024-07-21": {
					"avg": 104,
					"count": 2,
					"min": 23,
					"max": 184
				},
				"2024-07-23": {
					"avg": 104,
					"count": 5,
					"min": 104,
					"max": 104
				},
				"2024-07-24": {
					"avg": 138,
					"count": 11,
					"min": 132,
					"max": 162
				},
				"2024-07-25": {
					"avg": 119,
					"count": 7,
					"min": 40,
					"max": 147
				},
				"2024-07-26": {
					"avg": 145,
					"count": 11,
					"min": 145,
					"max": 145
				},
				"2024-07-27": {
					"avg": 20,
					"count": 20,
					"min": 20,
					"max": 20
				},
				"2024-07-28": {
					"avg": 170,
					"count": 20,
					"min": 170,
					"max": 170
				},
				"2024-07-30": {
					"avg": 22,
					"count": 3,
					"min": 22,
					"max": 22
				},
				"2024-08-01": {
					"avg": 280,
					"count": 93,
					"min": 140,
					"max": 1021
				},
				"2024-08-03": {
					"avg": 28,
					"count": 8,
					"min": 25,
					"max": 30
				},
				"2024-08-04": {
					"avg": 217,
					"count": 3,
					"min": 22,
					"max": 521
				},
				"2024-08-06": {
					"avg": 125,
					"count": 15,
					"min": 21,
					"max": 132
				},
				"2024-08-09": {
					"avg": 135,
					"count": 11,
					"min": 132,
					"max": 152
				},
				"2024-08-11": {
					"avg": 143,
					"count": 11,
					"min": 132,
					"max": 147
				},
				"2024-08-13": {
					"avg": 60,
					"count": 27,
					"min": 29,
					"max": 148
				},
				"2024-08-14": {
					"avg": 158,
					"count": 34,
					"min": 121,
					"max": 521
				},
				"2024-08-15": {
					"avg": 123,
					"count": 17,
					"min": 21,
					"max": 129
				},
				"2024-08-16": {
					"avg": 330,
					"count": 2,
					"min": 132,
					"max": 528
				},
				"2024-08-18": {
					"avg": 143,
					"count": 1,
					"min": 143,
					"max": 143
				},
				"2024-08-19": {
					"avg": 46,
					"count": 34,
					"min": 25,
					"max": 152
				},
				"2024-08-22": {
					"avg": 84,
					"count": 19,
					"min": 18,
					"max": 145
				},
				"2024-08-23": {
					"avg": 37,
					"count": 20,
					"min": 37,
					"max": 37
				},
				"2024-08-24": {
					"avg": 135,
					"count": 1,
					"min": 135,
					"max": 135
				},
				"2024-08-26": {
					"avg": 28,
					"count": 7,
					"min": 14,
					"max": 30
				},
				"2024-08-27": {
					"avg": 27,
					"count": 4,
					"min": 18,
					"max": 30
				},
				"2024-08-28": {
					"avg": 136,
					"count": 14,
					"min": 14,
					"max": 146
				},
				"2024-08-29": {
					"avg": 135,
					"count": 13,
					"min": 135,
					"max": 135
				},
				"2024-09-01": {
					"avg": 22,
					"count": 27,
					"min": 11,
					"max": 50
				},
				"2024-09-04": {
					"avg": 183,
					"count": 16,
					"min": 183,
					"max": 183
				},
				"2024-09-08": {
					"avg": 140,
					"count": 1,
					"min": 140,
					"max": 140
				},
				"2024-09-09": {
					"avg": 137,
					"count": 1,
					"min": 137,
					"max": 137
				},
				"2024-09-10": {
					"avg": 25,
					"count": 18,
					"min": 25,
					"max": 25
				},
				"2024-09-11": {
					"avg": 410,
					"count": 3,
					"min": 143,
					"max": 544
				},
				"2024-09-12": {
					"avg": 205,
					"count": 1,
					"min": 205,
					"max": 205
				},
				"2024-09-13": {
					"avg": 107,
					"count": 1,
					"min": 107,
					"max": 107
				},
				"2024-09-14": {
					"avg": 49,
					"count": 21,
					"min": 25,
					"max": 531
				},
				"2024-09-15": {
					"avg": 34,
					"count": 17,
					"min": 25,
					"max": 111
				},
				"2024-09-20": {
					"avg": 110,
					"count": 1,
					"min": 110,
					"max": 110
				}
			},
			"avg": 135,
			"avg7": 116,
			"avg28": 116
		},
		"normal-played": {
			"history": {
				"2024-05-27": {
					"avg": 62,
					"count": 2,
					"min": 5,
					"max": 118
				},
				"2024-05-30": {
					"avg": 16,
					"count": 5,
					"min": 10,
					"max": 35
				},
				"2024-05-31": {
					"avg": 373,
					"count": 7,
					"min": 127,
					"max": 413
				},
				"2024-06-01": {
					"avg": 16,
					"count": 1,
					"min": 16,
					"max": 16
				},
				"2024-06-03": {
					"avg": 113,
					"count": 5,
					"min": 113,
					"max": 113
				},
				"2024-06-04": {
					"avg": 17,
					"count": 10,
					"min": 17,
					"max": 17
				},
				"2024-06-05": {
					"avg": 16,
					"count": 2,
					"min": 16,
					"max": 16
				},
				"2024-06-08": {
					"avg": 144,
					"count": 14,
					"min": 114,
					"max": 216
				},
				"2024-06-09": {
					"avg": 101,
					"count": 4,
					"min": 19,
					"max": 216
				},
				"2024-06-15": {
					"avg": 115,
					"count": 19,
					"min": 19,
					"max": 141
				},
				"2024-06-16": {
					"avg": 139,
					"count": 4,
					"min": 139,
					"max": 139
				},
				"2024-06-18": {
					"avg": 132,
					"count": 1,
					"min": 132,
					"max": 132
				},
				"2024-06-19": {
					"avg": 132,
					"count": 1,
					"min": 132,
					"max": 132
				},
				"2024-06-20": {
					"avg": 16,
					"count": 2,
					"min": 16,
					"max": 16
				},
				"2024-06-21": {
					"avg": 101,
					"count": 25,
					"min": 15,
					"max": 132
				},
				"2024-06-22": {
					"avg": 120,
					"count": 5,
					"min": 14,
					"max": 147
				},
				"2024-06-24": {
					"avg": 25,
					"count": 1,
					"min": 25,
					"max": 25
				},
				"2024-06-25": {
					"avg": 16,
					"count": 1,
					"min": 16,
					"max": 16
				},
				"2024-06-26": {
					"avg": 150,
					"count": 38,
					"min": 130,
					"max": 166
				},
				"2024-06-28": {
					"avg": 96,
					"count": 6,
					"min": 15,
					"max": 137
				},
				"2024-06-29": {
					"avg": 312,
					"count": 4,
					"min": 312,
					"max": 312
				},
				"2024-06-30": {
					"avg": 15,
					"count": 1,
					"min": 15,
					"max": 15
				},
				"2024-07-03": {
					"avg": 128,
					"count": 9,
					"min": 10,
					"max": 165
				},
				"2024-07-04": {
					"avg": 137,
					"count": 1,
					"min": 137,
					"max": 137
				},
				"2024-07-06": {
					"avg": 69,
					"count": 2,
					"min": 25,
					"max": 112
				},
				"2024-07-09": {
					"avg": 110,
					"count": 1,
					"min": 110,
					"max": 110
				},
				"2024-07-10": {
					"avg": 88,
					"count": 14,
					"min": 14,
					"max": 139
				},
				"2024-07-12": {
					"avg": 17,
					"count": 2,
					"min": 14,
					"max": 20
				},
				"2024-07-13": {
					"avg": 124,
					"count": 9,
					"min": 14,
					"max": 138
				},
				"2024-07-14": {
					"avg": 14,
					"count": 1,
					"min": 14,
					"max": 14
				},
				"2024-07-16": {
					"avg": 155,
					"count": 43,
					"min": 14,
					"max": 176
				},
				"2024-07-18": {
					"avg": 14,
					"count": 1,
					"min": 14,
					"max": 14
				},
				"2024-07-19": {
					"avg": 14,
					"count": 1,
					"min": 14,
					"max": 14
				},
				"2024-07-24": {
					"avg": 142,
					"count": 9,
					"min": 141,
					"max": 142
				},
				"2024-07-26": {
					"avg": 135,
					"count": 1,
					"min": 135,
					"max": 135
				},
				"2024-07-27": {
					"avg": 35,
					"count": 2,
					"min": 35,
					"max": 35
				},
				"2024-07-30": {
					"avg": 14,
					"count": 3,
					"min": 14,
					"max": 14
				},
				"2024-08-01": {
					"avg": 15,
					"count": 10,
					"min": 15,
					"max": 15
				},
				"2024-08-04": {
					"avg": 144,
					"count": 9,
					"min": 142,
					"max": 147
				},
				"2024-08-09": {
					"avg": 120,
					"count": 10,
					"min": 15,
					"max": 146
				},
				"2024-08-10": {
					"avg": 175,
					"count": 28,
					"min": 135,
					"max": 176
				},
				"2024-08-11": {
					"avg": 15,
					"count": 5,
					"min": 15,
					"max": 15
				},
				"2024-08-14": {
					"avg": 143,
					"count": 3,
					"min": 143,
					"max": 143
				},
				"2024-08-15": {
					"avg": 19,
					"count": 7,
					"min": 19,
					"max": 19
				},
				"2024-08-17": {
					"avg": 144,
					"count": 1,
					"min": 144,
					"max": 144
				},
				"2024-08-19": {
					"avg": 135,
					"count": 33,
					"min": 15,
					"max": 142
				},
				"2024-08-24": {
					"avg": 134,
					"count": 5,
					"min": 134,
					"max": 134
				},
				"2024-08-25": {
					"avg": 145,
					"count": 2,
					"min": 145,
					"max": 145
				},
				"2024-08-27": {
					"avg": 59,
					"count": 21,
					"min": 15,
					"max": 147
				},
				"2024-08-28": {
					"avg": 100,
					"count": 34,
					"min": 25,
					"max": 142
				},
				"2024-08-29": {
					"avg": 900,
					"count": 12,
					"min": 142,
					"max": 1046
				},
				"2024-08-31": {
					"avg": 25,
					"count": 1,
					"min": 25,
					"max": 25
				},
				"2024-09-02": {
					"avg": 214,
					"count": 1,
					"min": 214,
					"max": 214
				},
				"2024-09-05": {
					"avg": 147,
					"count": 1,
					"min": 147,
					"max": 147
				},
				"2024-09-06": {
					"avg": 327,
					"count": 2,
					"min": 132,
					"max": 521
				},
				"2024-09-12": {
					"avg": 130,
					"count": 1,
					"min": 130,
					"max": 130
				},
				"2024-09-14": {
					"avg": 146,
					"count": 1,
					"min": 146,
					"max": 146
				},
				"2024-09-15": {
					"avg": 99,
					"count": 1,
					"min": 99,
					"max": 99
				},
				"2024-09-17": {
					"avg": 1046,
					"count": 1,
					"min": 1046,
					"max": 1046
				},
				"2024-09-18": {
					"avg": 433,
					"count": 1,
					"min": 433,
					"max": 433
				},
				"2024-09-20": {
					"avg": 142,
					"count": 10,
					"min": 142,
					"max": 142
				}
			},
			"avg": 143,
			"avg7": -1,
			"avg28": -1
		},
		"normal-nearmint": {
			"history": {
				"2024-05-25": {
					"avg": 50,
					"count": 1,
					"min": 50,
					"max": 50
				},
				"2024-05-26": {
					"avg": 144,
					"count": 1,
					"min": 144,
					"max": 144
				},
				"2024-05-29": {
					"avg": 20,
					"count": 1,
					"min": 20,
					"max": 20
				},
				"2024-05-31": {
					"avg": 507,
					"count": 4,
					"min": 31,
					"max": 1715
				},
				"2024-06-02": {
					"avg": 128,
					"count": 38,
					"min": 19,
					"max": 179
				},
				"2024-06-03": {
					"avg": 31,
					"count": 2,
					"min": 21,
					"max": 40
				},
				"2024-06-04": {
					"avg": 24,
					"count": 3,
					"min": 24,
					"max": 24
				},
				"2024-06-05": {
					"avg": 24,
					"count": 2,
					"min": 24,
					"max": 24
				},
				"2024-06-06": {
					"avg": 25,
					"count": 2,
					"min": 25,
					"max": 25
				},
				"2024-06-09": {
					"avg": 548,
					"count": 1,
					"min": 548,
					"max": 548
				},
				"2024-06-11": {
					"avg": 363,
					"count": 3,
					"min": 24,
					"max": 532
				},
				"2024-06-12": {
					"avg": 50,
					"count": 1,
					"min": 50,
					"max": 50
				},
				"2024-06-14": {
					"avg": 35,
					"count": 11,
					"min": 22,
					"max": 173
				},
				"2024-06-15": {
					"avg": 25,
					"count": 1,
					"min": 25,
					"max": 25
				},
				"2024-06-16": {
					"avg": 116,
					"count": 3,
					"min": 49,
					"max": 152
				},
				"2024-06-17": {
					"avg": 69,
					"count": 6,
					"min": 36,
					"max": 152
				},
				"2024-06-18": {
					"avg": 152,
					"count": 1,
					"min": 152,
					"max": 152
				},
				"2024-06-20": {
					"avg": 143,
					"count": 1,
					"min": 143,
					"max": 143
				},
				"2024-06-21": {
					"avg": 125,
					"count": 8,
					"min": 18,
					"max": 142
				},
				"2024-06-22": {
					"avg": 158,
					"count": 1,
					"min": 158,
					"max": 158
				},
				"2024-06-23": {
					"avg": 133,
					"count": 6,
					"min": 97,
					"max": 140
				},
				"2024-06-28": {
					"avg": 161,
					"count": 1,
					"min": 161,
					"max": 161
				},
				"2024-06-29": {
					"avg": 129,
					"count": 2,
					"min": 39,
					"max": 219
				},
				"2024-06-30": {
					"avg": 114,
					"count": 3,
					"min": 49,
					"max": 147
				},
				"2024-07-01": {
					"avg": 20,
					"count": 1,
					"min": 20,
					"max": 20
				},
				"2024-07-02": {
					"avg": 113,
					"count": 13,
					"min": 39,
					"max": 119
				},
				"2024-07-03": {
					"avg": 142,
					"count": 1,
					"min": 142,
					"max": 142
				},
				"2024-07-04": {
					"avg": 138,
					"count": 4,
					"min": 138,
					"max": 138
				},
				"2024-07-05": {
					"avg": 139,
					"count": 3,
					"min": 126,
					"max": 147
				},
				"2024-07-06": {
					"avg": 144,
					"count": 1,
					"min": 144,
					"max": 144
				},
				"2024-07-07": {
					"avg": 17,
					"count": 5,
					"min": 17,
					"max": 17
				},
				"2024-07-08": {
					"avg": 108,
					"count": 2,
					"min": 97,
					"max": 118
				},
				"2024-07-09": {
					"avg": 49,
					"count": 1,
					"min": 49,
					"max": 49
				},
				"2024-07-13": {
					"avg": 141,
					"count": 1,
					"min": 141,
					"max": 141
				},
				"2024-07-14": {
					"avg": 36,
					"count": 11,
					"min": 20,
					"max": 159
				},
				"2024-07-19": {
					"avg": 146,
					"count": 1,
					"min": 146,
					"max": 146
				},
				"2024-07-20": {
					"avg": 25,
					"count": 1,
					"min": 25,
					"max": 25
				},
				"2024-07-22": {
					"avg": 160,
					"count": 2,
					"min": 142,
					"max": 177
				},
				"2024-07-24": {
					"avg": 146,
					"count": 11,
					"min": 142,
					"max": 147
				},
				"2024-07-25": {
					"avg": 108,
					"count": 5,
					"min": 50,
					"max": 152
				},
				"2024-07-26": {
					"avg": 97,
					"count": 12,
					"min": 25,
					"max": 177
				},
				"2024-07-27": {
					"avg": 138,
					"count": 2,
					"min": 52,
					"max": 224
				},
				"2024-07-28": {
					"avg": 30,
					"count": 1,
					"min": 30,
					"max": 30
				},
				"2024-07-29": {
					"avg": 30,
					"count": 1,
					"min": 30,
					"max": 30
				},
				"2024-07-30": {
					"avg": 37,
					"count": 19,
					"min": 30,
					"max": 50
				},
				"2024-07-31": {
					"avg": 142,
					"count": 5,
					"min": 142,
					"max": 142
				},
				"2024-08-01": {
					"avg": 125,
					"count": 2,
					"min": 97,
					"max": 152
				},
				"2024-08-04": {
					"avg": 45,
					"count": 2,
					"min": 40,
					"max": 49
				},
				"2024-08-05": {
					"avg": 28,
					"count": 8,
					"min": 28,
					"max": 28
				},
				"2024-08-06": {
					"avg": 162,
					"count": 1,
					"min": 162,
					"max": 162
				},
				"2024-08-08": {
					"avg": 323,
					"count": 2,
					"min": 97,
					"max": 548
				},
				"2024-08-09": {
					"avg": 35,
					"count": 1,
					"min": 35,
					"max": 35
				},
				"2024-08-10": {
					"avg": 89,
					"count": 2,
					"min": 35,
					"max": 142
				},
				"2024-08-11": {
					"avg": 142,
					"count": 1,
					"min": 142,
					"max": 142
				},
				"2024-08-12": {
					"avg": 40,
					"count": 19,
					"min": 40,
					"max": 40
				},
				"2024-08-13": {
					"avg": 147,
					"count": 1,
					"min": 147,
					"max": 147
				},
				"2024-08-14": {
					"avg": 113,
					"count": 34,
					"min": 25,
					"max": 121
				},
				"2024-08-15": {
					"avg": 167,
					"count": 1,
					"min": 167,
					"max": 167
				},
				"2024-08-16": {
					"avg": 100,
					"count": 3,
					"min": 38,
					"max": 147
				},
				"2024-08-17": {
					"avg": 153,
					"count": 6,
					"min": 147,
					"max": 154
				},
				"2024-08-19": {
					"avg": 205,
					"count": 4,
					"min": 37,
					"max": 312
				},
				"2024-08-21": {
					"avg": 149,
					"count": 1,
					"min": 149,
					"max": 149
				},
				"2024-08-23": {
					"avg": 221,
					"count": 2,
					"min": 129,
					"max": 312
				},
				"2024-08-24": {
					"avg": 252,
					"count": 3,
					"min": 152,
					"max": 448
				},
				"2024-08-28": {
					"avg": 429,
					"count": 2,
					"min": 129,
					"max": 729
				},
				"2024-08-29": {
					"avg": 212,
					"count": 3,
					"min": 30,
					"max": 448
				},
				"2024-08-31": {
					"avg": 90,
					"count": 7,
					"min": 22,
					"max": 213
				},
				"2024-09-01": {
					"avg": 72,
					"count": 3,
					"min": 30,
					"max": 157
				},
				"2024-09-03": {
					"avg": 143,
					"count": 2,
					"min": 129,
					"max": 157
				},
				"2024-09-04": {
					"avg": 185,
					"count": 3,
					"min": 130,
					"max": 213
				},
				"2024-09-07": {
					"avg": 39,
					"count": 2,
					"min": 29,
					"max": 49
				},
				"2024-09-08": {
					"avg": 40,
					"count": 32,
					"min": 29,
					"max": 50
				},
				"2024-09-09": {
					"avg": 448,
					"count": 1,
					"min": 448,
					"max": 448
				},
				"2024-09-10": {
					"avg": 134,
					"count": 3,
					"min": 134,
					"max": 134
				},
				"2024-09-11": {
					"avg": 153,
					"count": 1,
					"min": 153,
					"max": 153
				},
				"2024-09-12": {
					"avg": 23,
					"count": 13,
					"min": 23,
					"max": 23
				},
				"2024-09-13": {
					"avg": 134,
					"count": 1,
					"min": 134,
					"max": 134
				},
				"2024-09-14": {
					"avg": 182,
					"count": 3,
					"min": 30,
					"max": 474
				},
				"2024-09-15": {
					"avg": 281,
					"count": 2,
					"min": 30,
					"max": 532
				},
				"2024-09-16": {
					"avg": 33,
					"count": 1,
					"min": 33,
					"max": 33
				},
				"2024-09-17": {
					"avg": 127,
					"count": 5,
					"min": 24,
					"max": 157
				},
				"2024-09-18": {
					"avg": 82,
					"count": 2,
					"min": 30,
					"max": 134
				},
				"2024-09-19": {
					"avg": 57,
					"count": 20,
					"min": 30,
					"max": 574
				},
				"2024-09-20": {
					"avg": 50,
					"count": 1,
					"min": 50,
					"max": 50
				},
				"2024-09-21": {
					"avg": 152,
					"count": 6,
					"min": 152,
					"max": 152
				},
				"2024-09-22": {
					"avg": 39,
					"count": 11,
					"min": 30,
					"max": 134
				}
			},
			"avg": 101,
			"avg7": -1,
			"avg28": -1
		},
		"normal-used": {
			"history": {
				"2024-06-03": {
					"avg": 109,
					"count": 9,
					"min": 109,
					"max": 109
				},
				"2024-06-09": {
					"avg": 137,
					"count": 10,
					"min": 137,
					"max": 137
				},
				"2024-06-15": {
					"avg": 127,
					"count": 5,
					"min": 109,
					"max": 132
				},
				"2024-06-25": {
					"avg": 15,
					"count": 26,
					"min": 15,
					"max": 15
				},
				"2024-06-27": {
					"avg": 1,
					"count": 1,
					"min": 1,
					"max": 1
				},
				"2024-07-01": {
					"avg": 14,
					"count": 4,
					"min": 14,
					"max": 14
				},
				"2024-07-03": {
					"avg": 15,
					"count": 1,
					"min": 15,
					"max": 15
				},
				"2024-07-04": {
					"avg": 15,
					"count": 4,
					"min": 15,
					"max": 15
				},
				"2024-07-07": {
					"avg": 123,
					"count": 1,
					"min": 123,
					"max": 123
				},
				"2024-07-09": {
					"avg": 20,
					"count": 1,
					"min": 20,
					"max": 20
				},
				"2024-07-11": {
					"avg": 63,
					"count": 4,
					"min": 63,
					"max": 63
				},
				"2024-07-14": {
					"avg": 85,
					"count": 10,
					"min": 63,
					"max": 134
				},
				"2024-07-16": {
					"avg": 20,
					"count": 50,
					"min": 20,
					"max": 20
				},
				"2024-07-17": {
					"avg": 149,
					"count": 1,
					"min": 149,
					"max": 149
				},
				"2024-07-18": {
					"avg": 128,
					"count": 1,
					"min": 128,
					"max": 128
				},
				"2024-07-19": {
					"avg": 24,
					"count": 1,
					"min": 24,
					"max": 24
				},
				"2024-07-25": {
					"avg": 137,
					"count": 20,
					"min": 137,
					"max": 137
				},
				"2024-07-26": {
					"avg": 63,
					"count": 8,
					"min": 63,
					"max": 63
				},
				"2024-08-07": {
					"avg": 320,
					"count": 1,
					"min": 320,
					"max": 320
				},
				"2024-08-10": {
					"avg": 63,
					"count": 4,
					"min": 63,
					"max": 63
				},
				"2024-08-12": {
					"avg": 139,
					"count": 3,
					"min": 137,
					"max": 142
				},
				"2024-08-17": {
					"avg": 104,
					"count": 1,
					"min": 104,
					"max": 104
				},
				"2024-08-22": {
					"avg": 24,
					"count": 25,
					"min": 24,
					"max": 24
				},
				"2024-08-23": {
					"avg": 24,
					"count": 1,
					"min": 24,
					"max": 24
				},
				"2024-08-24": {
					"avg": 63,
					"count": 22,
					"min": 63,
					"max": 63
				},
				"2024-08-25": {
					"avg": 141,
					"count": 11,
					"min": 141,
					"max": 141
				},
				"2024-08-27": {
					"avg": 136,
					"count": 4,
					"min": 136,
					"max": 136
				},
				"2024-08-28": {
					"avg": 8,
					"count": 10,
					"min": 8,
					"max": 8
				},
				"2024-09-05": {
					"avg": 106,
					"count": 4,
					"min": 106,
					"max": 106
				},
				"2024-09-10": {
					"avg": 98,
					"count": 3,
					"min": 24,
					"max": 135
				},
				"2024-09-15": {
					"avg": 24,
					"count": 1,
					"min": 24,
					"max": 24
				},
				"2024-09-16": {
					"avg": 100,
					"count": 1,
					"min": 100,
					"max": 100
				},
				"2024-09-18": {
					"avg": 24,
					"count": 1,
					"min": 24,
					"max": 24
				},
				"2024-09-20": {
					"avg": 320,
					"count": 1,
					"min": 320,
					"max": 320
				}
			},
			"avg": 63,
			"avg7": -1,
			"avg28": -1
		},
		"normal-poor": {
			"history": {
				"2024-06-03": {
					"avg": 104,
					"count": 13,
					"min": 104,
					"max": 104
				},
				"2024-06-25": {
					"avg": 132,
					"count": 12,
					"min": 132,
					"max": 132
				},
				"2024-07-01": {
					"avg": 409,
					"count": 1,
					"min": 409,
					"max": 409
				},
				"2024-07-10": {
					"avg": 11,
					"count": 1,
					"min": 11,
					"max": 11
				},
				"2024-07-12": {
					"avg": 19,
					"count": 12,
					"min": 19,
					"max": 19
				},
				"2024-07-14": {
					"avg": 35,
					"count": 2,
					"min": 11,
					"max": 59
				},
				"2024-07-16": {
					"avg": 141,
					"count": 39,
					"min": 133,
					"max": 142
				},
				"2024-07-20": {
					"avg": 19,
					"count": 13,
					"min": 19,
					"max": 19
				},
				"2024-08-05": {
					"avg": 146,
					"count": 1,
					"min": 146,
					"max": 146
				},
				"2024-08-09": {
					"avg": 413,
					"count": 5,
					"min": 413,
					"max": 413
				},
				"2024-08-14": {
					"avg": 159,
					"count": 1,
					"min": 159,
					"max": 159
				},
				"2024-08-17": {
					"avg": 19,
					"count": 1,
					"min": 19,
					"max": 19
				},
				"2024-08-19": {
					"avg": 25,
					"count": 1,
					"min": 25,
					"max": 25
				},
				"2024-09-04": {
					"avg": 110,
					"count": 1,
					"min": 110,
					"max": 110
				}
			},
			"avg": 116,
			"avg7": -1,
			"avg28": -1
		}
	}
}