{
	"data": {
		"holo-good": {
			"history": {
				"2022-11-12": {
					"avg": 583,
					"count": 3
				},
				"2022-11-13": {
					"avg": 967,
					"count": 5
				},
				"2022-11-15": {
					"avg": 601,
					"count": 1
				},
				"2022-11-16": {
					"avg": 1972,
					"count": 1
				},
				"2022-11-17": {
					"avg": 719,
					"count": 6
				},
				"2022-11-18": {
					"avg": 946,
					"count": 6
				},
				"2022-11-19": {
					"avg": 616,
					"count": 4,
					"min": 356,
					"max": 995
				},
				"2022-11-20": {
					"avg": 1255,
					"count": 5,
					"min": 745,
					"max": 1990
				},
				"2022-11-21": {
					"avg": 749,
					"count": 2,
					"min": 499,
					"max": 999
				},
				"2022-11-22": {
					"avg": 1195,
					"count": 4,
					"min": 295,
					"max": 2703
				},
				"2022-11-23": {
					"avg": 1106,
					"count": 4,
					"min": 479,
					"max": 1750
				},
				"2022-11-24": {
					"avg": 691,
					"count": 2,
					"min": 495,
					"max": 887
				},
				"2022-11-25": {
					"avg": 631,
					"count": 26,
					"min": 269,
					"max": 1895
				},
				"2022-11-26": {
					"avg": 772,
					"count": 2,
					"min": 695,
					"max": 848
				},
				"2022-11-27": {
					"avg": 849,
					"count": 1,
					"min": 849,
					"max": 849
				},
				"2022-11-28": {
					"avg": 805,
					"count": 10,
					"min": 380,
					"max": 1800
				},
				"2022-11-29": {
					"avg": 643,
					"count": 5,
					"min": 552,
					"max": 899
				},
				"2022-11-30": {
					"avg": 760,
					"count": 5,
					"min": 701,
					"max": 849
				},
				"2022-12-01": {
					"avg": 1006,
					"count": 3,
					"min": 337,
					"max": 2033
				},
				"2022-12-02": {
					"avg": 1169,
					"count": 6,
					"min": 701,
					"max": 1800
				},
				"2022-12-03": {
					"avg": 1100,
					"count": 2,
					"min": 701,
					"max": 1499
				},
				"2022-12-04": {
					"avg": 1518,
					"count": 4,
					"min": 701,
					"max": 3497
				},
				"2022-12-05": {
					"avg": 549,
					"count": 2,
					"min": 397,
					"max": 701
				},
				"2022-12-06": {
					"avg": 1300,
					"count": 3,
					"min": 701,
					"max": 1699
				},
				"2022-12-07": {
					"avg": 570,
					"count": 11,
					"min": 259,
					"max": 849
				},
				"2022-12-09": {
					"avg": 681,
					"count": 13,
					"min": 357,
					"max": 1695
				},
				"2022-12-11": {
					"avg": 468,
					"count": 4,
					"min": 297,
					"max": 675
				},
				"2022-12-12": {
					"avg": 2081,
					"count": 3,
					"min": 749,
					"max": 3497
				},
				"2022-12-13": {
					"avg": 994,
					"count": 2,
					"min": 889,
					"max": 1098
				},
				"2022-12-14": {
					"avg": 495,
					"count": 9,
					"min": 298,
					"max": 735
				},
				"2022-12-15": {
					"avg": 2299,
					"count": 1,
					"min": 2299,
					"max": 2299
				},
				"2022-12-16": {
					"avg": 706,
					"count": 22,
					"min": 350,
					"max": 1499
				},
				"2022-12-17": {
					"avg": 627,
					"count": 5,
					"min": 238,
					"max": 1499
				},
				"2022-12-18": {
					"avg": 223,
					"count": 1,
					"min": 223,
					"max": 223
				},
				"2022-12-19": {
					"avg": 828,
					"count": 3,
					"min": 700,
					"max": 940
				},
				"2022-12-20": {
					"avg": 573,
					"count": 5,
					"min": 335,
					"max": 889
				},
				"2022-12-21": {
					"avg": 791,
					"count": 4,
					"min": 219,
					"max": 1299
				},
				"2022-12-22": {
					"avg": 818,
					"count": 8,
					"min": 445,
					"max": 1213
				},
				"2022-12-23": {
					"avg": 405,
					"count": 10,
					"min": 242,
					"max": 889
				},
				"2022-12-24": {
					"avg": 1797,
					"count": 2,
					"min": 1695,
					"max": 1898
				},
				"2022-12-25": {
					"avg": 915,
					"count": 1,
					"min": 915,
					"max": 915
				},
				"2022-12-26": {
					"avg": 1118,
					"count": 4,
					"min": 799,
					"max": 1898
				},
				"2022-12-27": {
					"avg": 1079,
					"count": 7,
					"min": 900,
					"max": 1395
				},
				"2022-12-28": {
					"avg": 769,
					"count": 6,
					"min": 397,
					"max": 1060
				},
				"2022-12-29": {
					"avg": 809,
					"count": 3,
					"min": 375,
					"max": 1195
				},
				"2022-12-30": {
					"avg": 1551,
					"count": 5,
					"min": 499,
					"max": 3497
				},
				"2022-12-31": {
					"avg": 1197,
					"count": 1,
					"min": 1197,
					"max": 1197
				},
				"2023-01-01": {
					"avg": 956,
					"count": 6,
					"min": 595,
					"max": 1898
				},
				"2023-01-02": {
					"avg": 1908,
					"count": 3,
					"min": 1399,
					"max": 2428
				},
				"2023-01-04": {
					"avg": 1152,
					"count": 12,
					"min": 434,
					"max": 1449
				},
				"2023-01-05": {
					"avg": 1438,
					"count": 5,
					"min": 801,
					"max": 2203
				},
				"2023-01-06": {
					"avg": 910,
					"count": 1,
					"min": 910,
					"max": 910
				},
				"2023-01-07": {
					"avg": 957,
					"count": 4,
					"min": 729,
					"max": 1299
				},
				"2023-01-08": {
					"avg": 1245,
					"count": 7,
					"min": 399,
					"max": 2699
				},
				"2023-01-09": {
					"avg": 759,
					"count": 5,
					"min": 349,
					"max": 1078
				},
				"2023-01-10": {
					"avg": 399,
					"count": 1,
					"min": 399,
					"max": 399
				},
				"2023-01-11": {
					"avg": 1193,
					"count": 4,
					"min": 853,
					"max": 1598
				},
				"2023-01-12": {
					"avg": 1779,
					"count": 12,
					"min": 861,
					"max": 2655
				},
				"2023-02-06": {
					"avg": 960,
					"count": 8,
					"min": 344,
					"max": 2299
				},
				"2023-02-07": {
					"avg": 959,
					"count": 5,
					"min": 434,
					"max": 1090
				},
				"2023-02-08": {
					"avg": 1956,
					"count": 3,
					"min": 1300,
					"max": 2371
				},
				"2023-02-09": {
					"avg": 1520,
					"count": 2,
					"min": 949,
					"max": 2090
				},
				"2023-02-10": {
					"avg": 555,
					"count": 4,
					"min": 225,
					"max": 998
				},
				"2023-02-11": {
					"avg": 794,
					"count": 14,
					"min": 324,
					"max": 2379
				},
				"2023-02-12": {
					"avg": 1265,
					"count": 1,
					"min": 1265,
					"max": 1265
				},
				"2023-02-13": {
					"avg": 1214,
					"count": 7,
					"min": 499,
					"max": 2400
				},
				"2023-02-14": {
					"avg": 798,
					"count": 1,
					"min": 798,
					"max": 798
				},
				"2023-02-15": {
					"avg": 881,
					"count": 3,
					"min": 399,
					"max": 1196
				},
				"2023-02-16": {
					"avg": 1253,
					"count": 9,
					"min": 848,
					"max": 2379
				},
				"2023-02-17": {
					"avg": 1357,
					"count": 4,
					"min": 799,
					"max": 2379
				},
				"2023-02-18": {
					"avg": 457,
					"count": 5,
					"min": 325,
					"max": 795
				},
				"2023-02-19": {
					"avg": 828,
					"count": 7,
					"min": 421,
					"max": 1199
				},
				"2023-02-20": {
					"avg": 1266,
					"count": 9,
					"min": 434,
					"max": 2349
				},
				"2023-02-21": {
					"avg": 349,
					"count": 1,
					"min": 349,
					"max": 349
				},
				"2023-02-22": {
					"avg": 566,
					"count": 3,
					"min": 250,
					"max": 998
				},
				"2023-02-23": {
					"avg": 1640,
					"count": 2,
					"min": 900,
					"max": 2379
				},
				"2023-02-24": {
					"avg": 813,
					"count": 18,
					"min": 269,
					"max": 2599
				},
				"2023-02-25": {
					"avg": 868,
					"count": 2,
					"min": 868,
					"max": 869
				},
				"2023-02-26": {
					"avg": 437,
					"count": 5,
					"min": 345,
					"max": 532
				},
				"2023-02-27": {
					"avg": 1247,
					"count": 3,
					"min": 773,
					"max": 1979
				},
				"2023-02-28": {
					"avg": 1509,
					"count": 3,
					"min": 1049,
					"max": 2379
				},
				"2023-03-01": {
					"avg": 719,
					"count": 1,
					"min": 719,
					"max": 719
				},
				"2023-03-02": {
					"avg": 906,
					"count": 10,
					"min": 379,
					"max": 1379
				},
				"2023-03-03": {
					"avg": 997,
					"count": 5,
					"min": 545,
					"max": 1979
				},
				"2023-03-04": {
					"avg": 1817,
					"count": 4,
					"min": 932,
					"max": 2379
				},
				"2023-03-05": {
					"avg": 887,
					"count": 1,
					"min": 887,
					"max": 887
				},
				"2023-03-06": {
					"avg": 422,
					"count": 6,
					"min": 299,
					"max": 598
				},
				"2023-03-07": {
					"avg": 2002,
					"count": 6,
					"min": 575,
					"max": 4495
				},
				"2023-03-08": {
					"avg": 2066,
					"count": 4,
					"min": 889,
					"max": 2499
				},
				"2023-03-10": {
					"avg": 950,
					"count": 2,
					"min": 650,
					"max": 1250
				},
				"2023-03-11": {
					"avg": 444,
					"count": 2,
					"min": 439,
					"max": 449
				},
				"2023-03-12": {
					"avg": 1159,
					"count": 5,
					"min": 499,
					"max": 2101
				},
				"2023-03-13": {
					"avg": 3198,
					"count": 1,
					"min": 3198,
					"max": 3198
				},
				"2023-03-14": {
					"avg": 1176,
					"count": 8,
					"min": 399,
					"max": 2898
				},
				"2023-03-15": {
					"avg": 1969,
					"count": 3,
					"min": 508,
					"max": 4499
				},
				"2023-03-16": {
					"avg": 1289,
					"count": 3,
					"min": 450,
					"max": 2618
				},
				"2023-03-17": {
					"avg": 1271,
					"count": 5,
					"min": 420,
					"max": 2499
				},
				"2023-03-19": {
					"avg": 1000,
					"count": 2,
					"min": 840,
					"max": 1160
				},
				"2023-03-20": {
					"avg": 611,
					"count": 2,
					"min": 379,
					"max": 842
				},
				"2023-03-21": {
					"avg": 999,
					"count": 1,
					"min": 999,
					"max": 999
				},
				"2023-03-22": {
					"avg": 747,
					"count": 3,
					"min": 380,
					"max": 931
				},
				"2023-03-23": {
					"avg": 1223,
					"count": 6,
					"min": 478,
					"max": 2098
				},
				"2023-03-24": {
					"avg": 1991,
					"count": 4,
					"min": 898,
					"max": 2618
				},
				"2023-03-25": {
					"avg": 1050,
					"count": 7,
					"min": 257,
					"max": 3364
				},
				"2023-03-26": {
					"avg": 2899,
					"count": 1,
					"min": 2899,
					"max": 2899
				},
				"2023-03-27": {
					"avg": 886,
					"count": 2,
					"min": 874,
					"max": 898
				},
				"2023-03-28": {
					"avg": 949,
					"count": 1,
					"min": 949,
					"max": 949
				},
				"2023-03-29": {
					"avg": 1260,
					"count": 2,
					"min": 424,
					"max": 2097
				},
				"2023-03-31": {
					"avg": 999,
					"count": 3,
					"min": 319,
					"max": 1596
				},
				"2023-04-01": {
					"avg": 1191,
					"count": 6,
					"min": 404,
					"max": 1850
				},
				"2023-04-02": {
					"avg": 1024,
					"count": 2,
					"min": 898,
					"max": 1150
				},
				"2023-04-03": {
					"avg": 1489,
					"count": 3,
					"min": 424,
					"max": 3000
				},
				"2023-04-04": {
					"avg": 1606,
					"count": 10,
					"min": 418,
					"max": 2225
				},
				"2023-04-05": {
					"avg": 1613,
					"count": 4,
					"min": 849,
					"max": 2399
				},
				"2023-04-06": {
					"avg": 1079,
					"count": 1,
					"min": 1079,
					"max": 1079
				},
				"2023-04-07": {
					"avg": 356,
					"count": 3,
					"min": 295,
					"max": 386
				},
				"2023-04-08": {
					"avg": 1260,
					"count": 7,
					"min": 408,
					"max": 2999
				},
				"2023-04-09": {
					"avg": 1001,
					"count": 7,
					"min": 599,
					"max": 2475
				},
				"2023-04-10": {
					"avg": 2096,
					"count": 6,
					"min": 998,
					"max": 2790
				},
				"2023-04-11": {
					"avg": 768,
					"count": 2,
					"min": 597,
					"max": 939
				},
				"2023-04-12": {
					"avg": 1499,
					"count": 1,
					"min": 1499,
					"max": 1499
				},
				"2023-04-13": {
					"avg": 1074,
					"count": 4,
					"min": 920,
					"max": 1499
				},
				"2023-04-14": {
					"avg": 807,
					"count": 5,
					"min": 299,
					"max": 1698
				},
				"2023-04-15": {
					"avg": 811,
					"count": 6,
					"min": 499,
					"max": 1099
				},
				"2023-04-16": {
					"avg": 827,
					"count": 2,
					"min": 599,
					"max": 1054
				},
				"2023-04-17": {
					"avg": 1408,
					"count": 6,
					"min": 595,
					"max": 2574
				},
				"2023-04-19": {
					"avg": 1207,
					"count": 3,
					"min": 399,
					"max": 2224
				},
				"2023-04-20": {
					"avg": 2299,
					"count": 1,
					"min": 2299,
					"max": 2299
				},
				"2023-04-21": {
					"avg": 2485,
					"count": 4,
					"min": 1997,
					"max": 2746
				},
				"2023-04-22": {
					"avg": 1257,
					"count": 5,
					"min": 500,
					"max": 2448
				},
				"2023-04-23": {
					"avg": 835,
					"count": 3,
					"min": 697,
					"max": 919
				},
				"2023-04-25": {
					"avg": 465,
					"count": 4,
					"min": 349,
					"max": 511
				},
				"2023-04-26": {
					"avg": 687,
					"count": 3,
					"min": 374,
					"max": 1098
				},
				"2023-04-27": {
					"avg": 1439,
					"count": 3,
					"min": 799,
					"max": 2519
				},
				"2023-04-28": {
					"avg": 1075,
					"count": 14,
					"min": 497,
					"max": 3049
				},
				"2023-04-29": {
					"avg": 1252,
					"count": 1,
					"min": 1252,
					"max": 1252
				},
				"2023-04-30": {
					"avg": 1020,
					"count": 4,
					"min": 409,
					"max": 2004
				},
				"2023-05-02": {
					"avg": 922,
					"count": 4,
					"min": 307,
					"max": 1182
				},
				"2023-05-04": {
					"avg": 748,
					"count": 2,
					"min": 748,
					"max": 748
				},
				"2023-05-05": {
					"avg": 1281,
					"count": 11,
					"min": 424,
					"max": 3849
				},
				"2023-05-06": {
					"avg": 1361,
					"count": 2,
					"min": 797,
					"max": 1925
				},
				"2023-05-07": {
					"avg": 851,
					"count": 24,
					"min": 319,
					"max": 4499
				},
				"2023-05-08": {
					"avg": 998,
					"count": 4,
					"min": 767,
					"max": 1249
				},
				"2023-05-09": {
					"avg": 523,
					"count": 3,
					"min": 399,
					"max": 585
				},
				"2023-05-10": {
					"avg": 599,
					"count": 1,
					"min": 599,
					"max": 599
				},
				"2023-05-11": {
					"avg": 5248,
					"count": 1,
					"min": 5248,
					"max": 5248
				},
				"2023-05-12": {
					"avg": 1415,
					"count": 1,
					"min": 1415,
					"max": 1415
				},
				"2023-05-13": {
					"avg": 1407,
					"count": 5,
					"min": 399,
					"max": 2494
				},
				"2023-05-14": {
					"avg": 1060,
					"count": 3,
					"min": 330,
					"max": 2200
				},
				"2023-05-15": {
					"avg": 839,
					"count": 7,
					"min": 330,
					"max": 1699
				},
				"2023-05-16": {
					"avg": 895,
					"count": 1,
					"min": 895,
					"max": 895
				},
				"2023-05-17": {
					"avg": 2128,
					"count": 3,
					"min": 1600,
					"max": 2585
				},
				"2023-05-18": {
					"avg": 596,
					"count": 4,
					"min": 434,
					"max": 650
				},
				"2023-05-19": {
					"avg": 985,
					"count": 8,
					"min": 749,
					"max": 1699
				},
				"2023-05-21": {
					"avg": 806,
					"count": 6,
					"min": 544,
					"max": 999
				},
				"2023-05-22": {
					"avg": 1832,
					"count": 3,
					"min": 748,
					"max": 3799
				},
				"2023-05-23": {
					"avg": 711,
					"count": 3,
					"min": 445,
					"max": 948
				},
				"2023-05-24": {
					"avg": 918,
					"count": 13,
					"min": 550,
					"max": 1899
				},
				"2023-05-25": {
					"avg": 628,
					"count": 4,
					"min": 350,
					"max": 1312
				},
				"2023-05-26": {
					"avg": 664,
					"count": 4,
					"min": 380,
					"max": 948
				},
				"2023-05-27": {
					"avg": 538,
					"count": 14,
					"min": 422,
					"max": 949
				},
				"2023-05-28": {
					"avg": 1158,
					"count": 4,
					"min": 487,
					"max": 2448
				},
				"2023-05-29": {
					"avg": 786,
					"count": 6,
					"min": 387,
					"max": 1060
				},
				"2023-05-30": {
					"avg": 444,
					"count": 2,
					"min": 388,
					"max": 499
				},
				"2023-05-31": {
					"avg": 974,
					"count": 4,
					"min": 719,
					"max": 1132
				},
				"2023-06-01": {
					"avg": 1041,
					"count": 3,
					"min": 374,
					"max": 1799
				},
				"2023-06-02": {
					"avg": 1833,
					"count": 3,
					"min": 1699,
					"max": 2000
				},
				"2023-06-03": {
					"avg": 1776,
					"count": 3,
					"min": 1580,
					"max": 2099
				},
				"2023-06-04": {
					"avg": 999,
					"count": 2,
					"min": 999,
					"max": 999
				},
				"2023-06-05": {
					"avg": 1435,
					"count": 8,
					"min": 666,
					"max": 3498
				},
				"2023-06-06": {
					"avg": 3624,
					"count": 1,
					"min": 3624,
					"max": 3624
				},
				"2023-06-07": {
					"avg": 1887,
					"count": 11,
					"min": 370,
					"max": 2599
				},
				"2023-06-08": {
					"avg": 575,
					"count": 4,
					"min": 298,
					"max": 1050
				},
				"2023-06-09": {
					"avg": 874,
					"count": 5,
					"min": 581,
					"max": 1049
				},
				"2023-06-10": {
					"avg": 626,
					"count": 8,
					"min": 400,
					"max": 1049
				},
				"2023-06-12": {
					"avg": 1269,
					"count": 12,
					"min": 499,
					"max": 4498
				},
				"2023-06-13": {
					"avg": 1394,
					"count": 2,
					"min": 685,
					"max": 2103
				},
				"2023-06-14": {
					"avg": 1833,
					"count": 10,
					"min": 370,
					"max": 2724
				},
				"2023-06-15": {
					"avg": 950,
					"count": 14,
					"min": 549,
					"max": 3697
				},
				"2023-06-16": {
					"avg": 1048,
					"count": 4,
					"min": 372,
					"max": 2299
				},
				"2023-06-17": {
					"avg": 1651,
					"count": 2,
					"min": 707,
					"max": 2595
				},
				"2023-06-18": {
					"avg": 2099,
					"count": 1,
					"min": 2099,
					"max": 2099
				},
				"2023-06-19": {
					"avg": 951,
					"count": 1,
					"min": 951,
					"max": 951
				},
				"2023-06-20": {
					"avg": 1746,
					"count": 2,
					"min": 699,
					"max": 2792
				},
				"2023-06-21": {
					"avg": 1373,
					"count": 4,
					"min": 399,
					"max": 2595
				},
				"2023-06-22": {
					"avg": 917,
					"count": 8,
					"min": 699,
					"max": 1336
				},
				"2023-06-23": {
					"avg": 2015,
					"count": 8,
					"min": 472,
					"max": 2985
				},
				"2023-06-24": {
					"avg": 1142,
					"count": 5,
					"min": 698,
					"max": 2448
				},
				"2023-06-25": {
					"avg": 783,
					"count": 2,
					"min": 373,
					"max": 1194
				},
				"2023-06-26": {
					"avg": 859,
					"count": 11,
					"min": 429,
					"max": 2499
				},
				"2023-06-27": {
					"avg": 787,
					"count": 2,
					"min": 699,
					"max": 874
				},
				"2023-06-28": {
					"avg": 1199,
					"count": 1,
					"min": 1199,
					"max": 1199
				},
				"2023-06-29": {
					"avg": 2239,
					"count": 5,
					"min": 1099,
					"max": 2998
				},
				"2023-06-30": {
					"avg": 870,
					"count": 4,
					"min": 409,
					"max": 1649
				},
				"2023-07-01": {
					"avg": 1953,
					"count": 6,
					"min": 750,
					"max": 3144
				},
				"2023-07-02": {
					"avg": 1167,
					"count": 5,
					"min": 420,
					"max": 2498
				},
				"2023-07-03": {
					"avg": 1926,
					"count": 5,
					"min": 449,
					"max": 3099
				},
				"2023-07-04": {
					"avg": 720,
					"count": 7,
					"min": 350,
					"max": 1173
				},
				"2023-07-05": {
					"avg": 660,
					"count": 12,
					"min": 424,
					"max": 1100
				},
				"2023-07-06": {
					"avg": 1270,
					"count": 3,
					"min": 811,
					"max": 1899
				},
				"2023-07-07": {
					"avg": 1190,
					"count": 1,
					"min": 1190,
					"max": 1190
				},
				"2023-07-08": {
					"avg": 2062,
					"count": 2,
					"min": 499,
					"max": 3624
				},
				"2023-07-09": {
					"avg": 736,
					"count": 3,
					"min": 499,
					"max": 995
				},
				"2023-07-10": {
					"avg": 3542,
					"count": 4,
					"min": 3199,
					"max": 4499
				},
				"2023-07-11": {
					"avg": 782,
					"count": 8,
					"min": 476,
					"max": 1495
				},
				"2023-07-12": {
					"avg": 2419,
					"count": 3,
					"min": 1259,
					"max": 3200
				},
				"2023-07-13": {
					"avg": 775,
					"count": 3,
					"min": 590,
					"max": 1137
				},
				"2023-07-14": {
					"avg": 1188,
					"count": 6,
					"min": 389,
					"max": 2586
				},
				"2023-07-15": {
					"avg": 1146,
					"count": 4,
					"min": 395,
					"max": 3200
				},
				"2023-07-16": {
					"avg": 589,
					"count": 1,
					"min": 589,
					"max": 589
				},
				"2023-07-17": {
					"avg": 537,
					"count": 14,
					"min": 394,
					"max": 1895
				},
				"2023-07-18": {
					"avg": 639,
					"count": 4,
					"min": 589,
					"max": 724
				},
				"2023-07-19": {
					"avg": 956,
					"count": 6,
					"min": 699,
					"max": 1795
				},
				"2023-07-20": {
					"avg": 1410,
					"count": 2,
					"min": 1025,
					"max": 1795
				},
				"2023-07-21": {
					"avg": 1582,
					"count": 7,
					"min": 588,
					"max": 3199
				},
				"2023-07-22": {
					"avg": 395,
					"count": 1,
					"min": 395,
					"max": 395
				},
				"2023-07-23": {
					"avg": 790,
					"count": 6,
					"min": 542,
					"max": 1213
				},
				"2023-07-24": {
					"avg": 1018,
					"count": 3,
					"min": 428,
					"max": 1600
				},
				"2023-07-25": {
					"avg": 611,
					"count": 11,
					"min": 400,
					"max": 989
				},
				"2023-07-26": {
					"avg": 952,
					"count": 3,
					"min": 886,
					"max": 985
				},
				"2023-07-27": {
					"avg": 583,
					"count": 6,
					"min": 460,
					"max": 984
				},
				"2023-07-28": {
					"avg": 2999,
					"count": 1,
					"min": 2999,
					"max": 2999
				},
				"2023-07-29": {
					"avg": 1190,
					"count": 3,
					"min": 989,
					"max": 1399
				},
				"2023-07-30": {
					"avg": 2974,
					"count": 1,
					"min": 2974,
					"max": 2974
				},
				"2023-08-01": {
					"avg": 600,
					"count": 1,
					"min": 600,
					"max": 600
				},
				"2023-08-02": {
					"avg": 640,
					"count": 5,
					"min": 559,
					"max": 964
				},
				"2023-08-03": {
					"avg": 849,
					"count": 3,
					"min": 600,
					"max": 1083
				},
				"2023-08-04": {
					"avg": 1251,
					"count": 7,
					"min": 395,
					"max": 2899
				},
				"2023-08-05": {
					"avg": 1750,
					"count": 2,
					"min": 599,
					"max": 2900
				},
				"2023-08-06": {
					"avg": 1502,
					"count": 9,
					"min": 600,
					"max": 3199
				},
				"2023-08-07": {
					"avg": 1409,
					"count": 6,
					"min": 849,
					"max": 2543
				},
				"2023-08-08": {
					"avg": 591,
					"count": 8,
					"min": 487,
					"max": 749
				},
				"2023-08-09": {
					"avg": 1214,
					"count": 2,
					"min": 1174,
					"max": 1254
				},
				"2023-08-10": {
					"avg": 992,
					"count": 3,
					"min": 769,
					"max": 1105
				},
				"2023-08-11": {
					"avg": 999,
					"count": 2,
					"min": 998,
					"max": 999
				},
				"2023-08-12": {
					"avg": 1069,
					"count": 2,
					"min": 881,
					"max": 1256
				},
				"2023-08-13": {
					"avg": 1074,
					"count": 6,
					"min": 677,
					"max": 2544
				},
				"2023-08-14": {
					"avg": 661,
					"count": 9,
					"min": 380,
					"max": 1414
				},
				"2023-08-15": {
					"avg": 2129,
					"count": 1,
					"min": 2129,
					"max": 2129
				},
				"2023-08-16": {
					"avg": 703,
					"count": 1,
					"min": 703,
					"max": 703
				},
				"2023-08-17": {
					"avg": 1061,
					"count": 1,
					"min": 1061,
					"max": 1061
				},
				"2023-08-18": {
					"avg": 666,
					"count": 2,
					"min": 629,
					"max": 703
				},
				"2023-08-19": {
					"avg": 1018,
					"count": 7,
					"min": 398,
					"max": 2228
				},
				"2023-08-20": {
					"avg": 737,
					"count": 3,
					"min": 514,
					"max": 1099
				},
				"2023-08-21": {
					"avg": 995,
					"count": 1,
					"min": 995,
					"max": 995
				},
				"2023-08-23": {
					"avg": 1253,
					"count": 5,
					"min": 400,
					"max": 1979
				},
				"2023-08-24": {
					"avg": 907,
					"count": 6,
					"min": 388,
					"max": 1989
				},
				"2023-08-25": {
					"avg": 933,
					"count": 14,
					"min": 704,
					"max": 1978
				},
				"2023-08-26": {
					"avg": 907,
					"count": 3,
					"min": 495,
					"max": 1597
				},
				"2023-08-27": {
					"avg": 1147,
					"count": 4,
					"min": 800,
					"max": 1595
				},
				"2023-08-28": {
					"avg": 640,
					"count": 2,
					"min": 499,
					"max": 780
				},
				"2023-08-29": {
					"avg": 1129,
					"count": 3,
					"min": 589,
					"max": 1899
				},
				"2023-08-30": {
					"avg": 1262,
					"count": 3,
					"min": 894,
					"max": 1899
				},
				"2023-08-31": {
					"avg": 664,
					"count": 6,
					"min": 412,
					"max": 1125
				},
				"2023-09-01": {
					"avg": 863,
					"count": 3,
					"min": 710,
					"max": 1099
				},
				"2023-09-02": {
					"avg": 1052,
					"count": 3,
					"min": 499,
					"max": 1407
				},
				"2023-09-03": {
					"avg": 699,
					"count": 1,
					"min": 699,
					"max": 699
				},
				"2023-09-04": {
					"avg": 1395,
					"count": 2,
					"min": 514,
					"max": 2276
				},
				"2023-09-05": {
					"avg": 991,
					"count": 8,
					"min": 499,
					"max": 1979
				},
				"2023-09-06": {
					"avg": 1979,
					"count": 1,
					"min": 1979,
					"max": 1979
				},
				"2023-09-07": {
					"avg": 853,
					"count": 8,
					"min": 401,
					"max": 1979
				},
				"2023-09-08": {
					"avg": 1007,
					"count": 9,
					"min": 499,
					"max": 2289
				},
				"2023-09-09": {
					"avg": 1168,
					"count": 2,
					"min": 799,
					"max": 1536
				},
				"2023-09-10": {
					"avg": 1762,
					"count": 4,
					"min": 1198,
					"max": 2275
				},
				"2023-09-11": {
					"avg": 827,
					"count": 2,
					"min": 595,
					"max": 1059
				},
				"2023-09-12": {
					"avg": 983,
					"count": 1,
					"min": 983,
					"max": 983
				},
				"2023-09-13": {
					"avg": 914,
					"count": 7,
					"min": 496,
					"max": 1154
				},
				"2023-09-14": {
					"avg": 463,
					"count": 5,
					"min": 299,
					"max": 598
				},
				"2023-09-15": {
					"avg": 1693,
					"count": 2,
					"min": 878,
					"max": 2508
				},
				"2023-09-16": {
					"avg": 1742,
					"count": 6,
					"min": 875,
					"max": 2482
				},
				"2023-09-17": {
					"avg": 1228,
					"count": 6,
					"min": 899,
					"max": 2244
				},
				"2023-09-19": {
					"avg": 945,
					"count": 6,
					"min": 360,
					"max": 1412
				},
				"2023-09-20": {
					"avg": 1400,
					"count": 2,
					"min": 900,
					"max": 1899
				},
				"2023-09-21": {
					"avg": 832,
					"count": 6,
					"min": 450,
					"max": 2482
				},
				"2023-09-22": {
					"avg": 2971,
					"count": 2,
					"min": 2442,
					"max": 3499
				},
				"2023-09-23": {
					"avg": 1798,
					"count": 3,
					"min": 1171,
					"max": 2198
				},
				"2023-09-24": {
					"avg": 2031,
					"count": 3,
					"min": 1564,
					"max": 2482
				},
				"2023-09-25": {
					"avg": 570,
					"count": 2,
					"min": 548,
					"max": 591
				},
				"2023-09-26": {
					"avg": 850,
					"count": 5,
					"min": 616,
					"max": 1000
				},
				"2023-09-27": {
					"avg": 946,
					"count": 5,
					"min": 399,
					"max": 1564
				},
				"2023-09-28": {
					"avg": 668,
					"count": 2,
					"min": 359,
					"max": 977
				},
				"2023-09-29": {
					"avg": 834,
					"count": 2,
					"min": 819,
					"max": 849
				},
				"2023-09-30": {
					"avg": 1333,
					"count": 2,
					"min": 568,
					"max": 2098
				},
				"2023-10-01": {
					"avg": 1267,
					"count": 4,
					"min": 349,
					"max": 2579
				},
				"2023-10-02": {
					"avg": 554,
					"count": 15,
					"min": 357,
					"max": 1075
				},
				"2023-10-03": {
					"avg": 790,
					"count": 4,
					"min": 499,
					"max": 1111
				},
				"2023-10-04": {
					"avg": 2799,
					"count": 2,
					"min": 2100,
					"max": 3498
				},
				"2023-10-05": {
					"avg": 1255,
					"count": 6,
					"min": 512,
					"max": 2894
				},
				"2023-10-06": {
					"avg": 844,
					"count": 7,
					"min": 549,
					"max": 1994
				},
				"2023-10-07": {
					"avg": 1109,
					"count": 11,
					"min": 599,
					"max": 2103
				},
				"2023-10-08": {
					"avg": 1465,
					"count": 2,
					"min": 1222,
					"max": 1708
				},
				"2023-10-09": {
					"avg": 585,
					"count": 14,
					"min": 332,
					"max": 823
				},
				"2023-10-10": {
					"avg": 1249,
					"count": 2,
					"min": 499,
					"max": 1998
				},
				"2023-10-11": {
					"avg": 1767,
					"count": 3,
					"min": 1112,
					"max": 2539
				},
				"2023-10-12": {
					"avg": 881,
					"count": 1,
					"min": 881,
					"max": 881
				},
				"2023-10-13": {
					"avg": 1323,
					"count": 8,
					"min": 599,
					"max": 1750
				},
				"2023-10-14": {
					"avg": 767,
					"count": 3,
					"min": 499,
					"max": 1255
				},
				"2023-10-15": {
					"avg": 762,
					"count": 12,
					"min": 400,
					"max": 1506
				},
				"2023-10-16": {
					"avg": 1413,
					"count": 4,
					"min": 1050,
					"max": 2103
				},
				"2023-10-17": {
					"avg": 660,
					"count": 5,
					"min": 385,
					"max": 1124
				},
				"2023-10-18": {
					"avg": 1125,
					"count": 1,
					"min": 1125,
					"max": 1125
				},
				"2023-10-19": {
					"avg": 950,
					"count": 5,
					"min": 439,
					"max": 1999
				},
				"2023-10-20": {
					"avg": 931,
					"count": 2,
					"min": 750,
					"max": 1111
				},
				"2023-10-22": {
					"avg": 1018,
					"count": 6,
					"min": 385,
					"max": 2636
				},
				"2023-10-23": {
					"avg": 1272,
					"count": 3,
					"min": 449,
					"max": 2629
				},
				"2023-10-24": {
					"avg": 499,
					"count": 1,
					"min": 499,
					"max": 499
				},
				"2023-10-25": {
					"avg": 1289,
					"count": 3,
					"min": 784,
					"max": 1900
				},
				"2023-10-26": {
					"avg": 1443,
					"count": 2,
					"min": 653,
					"max": 2232
				},
				"2023-10-27": {
					"avg": 1182,
					"count": 4,
					"min": 325,
					"max": 2679
				},
				"2023-10-29": {
					"avg": 428,
					"count": 1,
					"min": 428,
					"max": 428
				},
				"2023-10-30": {
					"avg": 1280,
					"count": 4,
					"min": 889,
					"max": 1911
				},
				"2023-10-31": {
					"avg": 1507,
					"count": 3,
					"min": 899,
					"max": 1992
				},
				"2023-11-01": {
					"avg": 751,
					"count": 4,
					"min": 335,
					"max": 1154
				},
				"2023-11-02": {
					"avg": 351,
					"count": 2,
					"min": 344,
					"max": 357
				},
				"2023-11-03": {
					"avg": 1682,
					"count": 5,
					"min": 499,
					"max": 2999
				},
				"2023-11-04": {
					"avg": 1230,
					"count": 4,
					"min": 784,
					"max": 2047
				},
				"2023-11-05": {
					"avg": 815,
					"count": 2,
					"min": 731,
					"max": 899
				},
				"2023-11-06": {
					"avg": 544,
					"count": 8,
					"min": 325,
					"max": 1045
				},
				"2023-11-07": {
					"avg": 1598,
					"count": 1,
					"min": 1598,
					"max": 1598
				},
				"2023-11-08": {
					"avg": 1330,
					"count": 6,
					"min": 699,
					"max": 2533
				},
				"2023-11-09": {
					"avg": 1161,
					"count": 2,
					"min": 722,
					"max": 1599
				},
				"2023-11-10": {
					"avg": 1258,
					"count": 3,
					"min": 499,
					"max": 2294
				},
				"2023-11-11": {
					"avg": 1047,
					"count": 5,
					"min": 459,
					"max": 2108
				},
				"2023-11-12": {
					"avg": 518,
					"count": 2,
					"min": 337,
					"max": 698
				},
				"2023-11-13": {
					"avg": 799,
					"count": 1,
					"min": 799,
					"max": 799
				},
				"2023-11-14": {
					"avg": 680,
					"count": 3,
					"min": 450,
					"max": 1125
				},
				"2023-11-15": {
					"avg": 1750,
					"count": 4,
					"min": 564,
					"max": 3499
				},
				"2023-11-16": {
					"avg": 899,
					"count": 1,
					"min": 899,
					"max": 899
				},
				"2023-11-17": {
					"avg": 1645,
					"count": 2,
					"min": 1415,
					"max": 1874
				},
				"2023-11-18": {
					"avg": 581,
					"count": 2,
					"min": 466,
					"max": 695
				},
				"2023-11-19": {
					"avg": 2847,
					"count": 2,
					"min": 695,
					"max": 4999
				},
				"2023-11-20": {
					"avg": 958,
					"count": 7,
					"min": 350,
					"max": 2999
				},
				"2023-11-21": {
					"avg": 1246,
					"count": 6,
					"min": 493,
					"max": 1874
				},
				"2023-11-22": {
					"avg": 676,
					"count": 10,
					"min": 445,
					"max": 1124
				},
				"2023-11-23": {
					"avg": 1799,
					"count": 1,
					"min": 1799,
					"max": 1799
				},
				"2023-11-24": {
					"avg": 768,
					"count": 38,
					"min": 325,
					"max": 2598
				},
				"2023-11-25": {
					"avg": 682,
					"count": 4,
					"min": 424,
					"max": 1175
				},
				"2023-11-26": {
					"avg": 592,
					"count": 2,
					"min": 389,
					"max": 795
				},
				"2023-11-27": {
					"avg": 797,
					"count": 1,
					"min": 797,
					"max": 797
				},
				"2024-05-16": {
					"avg": 1429,
					"count": 3,
					"min": 1190,
					"max": 1700
				},
				"2024-05-17": {
					"avg": 843,
					"count": 52,
					"min": 368,
					"max": 3499
				},
				"2024-05-18": {
					"avg": 947,
					"count": 27,
					"min": 598,
					"max": 1950
				},
				"2024-05-19": {
					"avg": 1245,
					"count": 2,
					"min": 1190,
					"max": 1299
				},
				"2024-05-20": {
					"avg": 1486,
					"count": 4,
					"min": 749,
					"max": 2373
				},
				"2024-05-21": {
					"avg": 926,
					"count": 3,
					"min": 736,
					"max": 1241
				},
				"2024-05-22": {
					"avg": 1645,
					"count": 6,
					"min": 705,
					"max": 3497
				},
				"2024-05-23": {
					"avg": 1450,
					"count": 3,
					"min": 1159,
					"max": 1999
				},
				"2024-05-27": {
					"avg": 1780,
					"count": 2,
					"min": 1066,
					"max": 2494
				},
				"2024-05-28": {
					"avg": 756,
					"count": 1,
					"min": 756,
					"max": 756
				},
				"2024-05-31": {
					"avg": 1065,
					"count": 1,
					"min": 1065,
					"max": 1065
				},
				"2024-06-01": {
					"avg": 1648,
					"count": 1,
					"min": 1648,
					"max": 1648
				},
				"2024-06-03": {
					"avg": 1025,
					"count": 1,
					"min": 1025,
					"max": 1025
				},
				"2024-06-04": {
					"avg": 1188,
					"count": 11,
					"min": 1049,
					"max": 1424
				},
				"2024-06-05": {
					"avg": 1127,
					"count": 2,
					"min": 1100,
					"max": 1154
				},
				"2024-06-06": {
					"avg": 1330,
					"count": 3,
					"min": 1294,
					"max": 1399
				},
				"2024-06-09": {
					"avg": 1170,
					"count": 1,
					"min": 1170,
					"max": 1170
				},
				"2024-06-10": {
					"avg": 1095,
					"count": 2,
					"min": 1020,
					"max": 1169
				},
				"2024-06-11": {
					"avg": 1270,
					"count": 1,
					"min": 1270,
					"max": 1270
				},
				"2024-06-12": {
					"avg": 1140,
					"count": 4,
					"min": 889,
					"max": 1649
				},
				"2024-06-14": {
					"avg": 1022,
					"count": 5,
					"min": 948,
					"max": 1101
				},
				"2024-06-15": {
					"avg": 1102,
					"count": 1,
					"min": 1102,
					"max": 1102
				},
				"2024-06-17": {
					"avg": 1214,
					"count": 3,
					"min": 1019,
					"max": 1497
				},
				"2024-06-18": {
					"avg": 1560,
					"count": 3,
					"min": 1010,
					"max": 2546
				},
				"2024-06-20": {
					"avg": 1000,
					"count": 1,
					"min": 1000,
					"max": 1000
				},
				"2024-06-21": {
					"avg": 1061,
					"count": 2,
					"min": 1000,
					"max": 1122
				},
				"2024-06-23": {
					"avg": 1123,
					"count": 1,
					"min": 1123,
					"max": 1123
				},
				"2024-06-24": {
					"avg": 1122,
					"count": 1,
					"min": 1122,
					"max": 1122
				},
				"2024-06-26": {
					"avg": 1019,
					"count": 3,
					"min": 811,
					"max": 1122
				},
				"2024-06-27": {
					"avg": 1084,
					"count": 2,
					"min": 1069,
					"max": 1099
				},
				"2024-06-28": {
					"avg": 985,
					"count": 1,
					"min": 985,
					"max": 985
				},
				"2024-06-29": {
					"avg": 1349,
					"count": 2,
					"min": 1099,
					"max": 1599
				},
				"2024-07-01": {
					"avg": 772,
					"count": 2,
					"min": 559,
					"max": 985
				},
				"2024-07-02": {
					"avg": 1122,
					"count": 1,
					"min": 1122,
					"max": 1122
				},
				"2024-07-03": {
					"avg": 1029,
					"count": 2,
					"min": 559,
					"max": 1499
				},
				"2024-07-04": {
					"avg": 1085,
					"count": 10,
					"min": 811,
					"max": 1122
				},
				"2024-07-05": {
					"avg": 1139,
					"count": 3,
					"min": 1084,
					"max": 1211
				},
				"2024-07-06": {
					"avg": 1122,
					"count": 1,
					"min": 1122,
					"max": 1122
				},
				"2024-07-07": {
					"avg": 838,
					"count": 5,
					"min": 685,
					"max": 1451
				},
				"2024-07-08": {
					"avg": 1095,
					"count": 1,
					"min": 1095,
					"max": 1095
				},
				"2024-07-09": {
					"avg": 1076,
					"count": 1,
					"min": 1076,
					"max": 1076
				},
				"2024-07-10": {
					"avg": 1194,
					"count": 1,
					"min": 1194,
					"max": 1194
				},
				"2024-07-11": {
					"avg": 1188,
					"count": 4,
					"min": 885,
					"max": 1785
				},
				"2024-07-12": {
					"avg": 881,
					"count": 1,
					"min": 881,
					"max": 881
				},
				"2024-07-13": {
					"avg": 1383,
					"count": 3,
					"min": 872,
					"max": 2177
				},
				"2024-07-14": {
					"avg": 863,
					"count": 1,
					"min": 863,
					"max": 863
				},
				"2024-07-15": {
					"avg": 1133,
					"count": 3,
					"min": 853,
					"max": 1694
				},
				"2024-07-16": {
					"avg": 811,
					"count": 1,
					"min": 811,
					"max": 811
				},
				"2024-07-17": {
					"avg": 1016,
					"count": 1,
					"min": 1016,
					"max": 1016
				},
				"2024-07-18": {
					"avg": 695,
					"count": 4,
					"min": 600,
					"max": 782
				},
				"2024-07-19": {
					"avg": 722,
					"count": 3,
					"min": 671,
					"max": 822
				},
				"2024-07-20": {
					"avg": 907,
					"count": 3,
					"min": 813,
					"max": 1026
				},
				"2024-07-21": {
					"avg": 1028,
					"count": 2,
					"min": 969,
					"max": 1086
				},
				"2024-07-22": {
					"avg": 1484,
					"count": 1,
					"min": 1484,
					"max": 1484
				},
				"2024-07-23": {
					"avg": 2024,
					"count": 2,
					"min": 1969,
					"max": 2079
				},
				"2024-07-24": {
					"avg": 906,
					"count": 2,
					"min": 885,
					"max": 927
				},
				"2024-07-26": {
					"avg": 982,
					"count": 1,
					"min": 982,
					"max": 982
				},
				"2024-07-27": {
					"avg": 981,
					"count": 1,
					"min": 981,
					"max": 981
				},
				"2024-07-28": {
					"avg": 1969,
					"count": 1,
					"min": 1969,
					"max": 1969
				},
				"2024-07-29": {
					"avg": 2478,
					"count": 1,
					"min": 2478,
					"max": 2478
				},
				"2024-07-30": {
					"avg": 1579,
					"count": 2,
					"min": 981,
					"max": 2177
				},
				"2024-07-31": {
					"avg": 2014,
					"count": 6,
					"min": 975,
					"max": 2998
				},
				"2024-08-01": {
					"avg": 1707,
					"count": 5,
					"min": 975,
					"max": 2829
				},
				"2024-08-02": {
					"avg": 1330,
					"count": 3,
					"min": 1295,
					"max": 1401
				},
				"2024-08-03": {
					"avg": 897,
					"count": 2,
					"min": 895,
					"max": 899
				},
				"2024-08-04": {
					"avg": 895,
					"count": 1,
					"min": 895,
					"max": 895
				},
				"2024-08-07": {
					"avg": 1588,
					"count": 3,
					"min": 898,
					"max": 1933
				},
				"2024-08-09": {
					"avg": 947,
					"count": 2,
					"min": 895,
					"max": 999
				},
				"2024-08-10": {
					"avg": 1098,
					"count": 1,
					"min": 1098,
					"max": 1098
				},
				"2024-08-11": {
					"avg": 1075,
					"count": 6,
					"min": 893,
					"max": 1399
				},
				"2024-08-14": {
					"avg": 1829,
					"count": 1,
					"min": 1829,
					"max": 1829
				},
				"2024-08-15": {
					"avg": 1222,
					"count": 1,
					"min": 1222,
					"max": 1222
				},
				"2024-08-16": {
					"avg": 981,
					"count": 3,
					"min": 894,
					"max": 1027
				},
				"2024-08-17": {
					"avg": 2121,
					"count": 2,
					"min": 1828,
					"max": 2413
				},
				"2024-08-18": {
					"avg": 1027,
					"count": 3,
					"min": 1026,
					"max": 1027
				},
				"2024-08-19": {
					"avg": 1158,
					"count": 1,
					"min": 1158,
					"max": 1158
				},
				"2024-08-21": {
					"avg": 1261,
					"count": 2,
					"min": 1025,
					"max": 1497
				},
				"2024-08-24": {
					"avg": 867,
					"count": 3,
					"min": 807,
					"max": 986
				},
				"2024-08-25": {
					"avg": 998,
					"count": 3,
					"min": 688,
					"max": 1497
				},
				"2024-08-26": {
					"avg": 849,
					"count": 2,
					"min": 811,
					"max": 886
				},
				"2024-08-27": {
					"avg": 1015,
					"count": 1,
					"min": 1015,
					"max": 1015
				},
				"2024-08-28": {
					"avg": 1074,
					"count": 1,
					"min": 1074,
					"max": 1074
				},
				"2024-08-30": {
					"avg": 1829,
					"count": 1,
					"min": 1829,
					"max": 1829
				},
				"2024-09-02": {
					"avg": 1389,
					"count": 2,
					"min": 948,
					"max": 1829
				},
				"2024-09-03": {
					"avg": 1288,
					"count": 3,
					"min": 1009,
					"max": 1829
				},
				"2024-09-04": {
					"avg": 1554,
					"count": 5,
					"min": 1030,
					"max": 1829
				},
				"2024-09-05": {
					"avg": 1045,
					"count": 4,
					"min": 1024,
					"max": 1107
				},
				"2024-09-06": {
					"avg": 1122,
					"count": 1,
					"min": 1122,
					"max": 1122
				},
				"2024-09-07": {
					"avg": 1112,
					"count": 2,
					"min": 1024,
					"max": 1199
				},
				"2024-09-08": {
					"avg": 1024,
					"count": 1,
					"min": 1024,
					"max": 1024
				},
				"2024-09-09": {
					"avg": 1169,
					"count": 1,
					"min": 1169,
					"max": 1169
				},
				"2024-09-12": {
					"avg": 1000,
					"count": 1,
					"min": 1000,
					"max": 1000
				},
				"2024-09-13": {
					"avg": 1107,
					"count": 6,
					"min": 1024,
					"max": 1174
				},
				"2024-09-14": {
					"avg": 2065,
					"count": 3,
					"min": 1108,
					"max": 3898
				},
				"2024-09-15": {
					"avg": 1829,
					"count": 1,
					"min": 1829,
					"max": 1829
				},
				"2024-09-16": {
					"avg": 1510,
					"count": 2,
					"min": 1190,
					"max": 1829
				},
				"2024-09-18": {
					"avg": 1252,
					"count": 5,
					"min": 1070,
					"max": 1499
				},
				"2024-09-19": {
					"avg": 1824,
					"count": 1,
					"min": 1824,
					"max": 1824
				},
				"2024-09-20": {
					"avg": 1200,
					"count": 1,
					"min": 1200,
					"max": 1200
				},
				"2024-09-22": {
					"avg": 1252,
					"count": 2,
					"min": 1202,
					"max": 1302
				}
			},
			"avg": 1067,
			"avg7": 977,
			"avg28": 977
		},
		"holo-played": {
			"history": {
				"2024-05-23": {
					"avg": 740,
					"count": 1,
					"min": 740,
					"max": 740
				},
				"2024-05-27": {
					"avg": 699,
					"count": 1,
					"min": 699,
					"max": 699
				},
				"2024-05-28": {
					"avg": 1198,
					"count": 1,
					"min": 1198,
					"max": 1198
				},
				"2024-05-29": {
					"avg": 1236,
					"count": 2,
					"min": 727,
					"max": 1744
				},
				"2024-05-30": {
					"avg": 818,
					"count": 2,
					"min": 748,
					"max": 887
				},
				"2024-05-31": {
					"avg": 959,
					"count": 2,
					"min": 719,
					"max": 1198
				},
				"2024-06-02": {
					"avg": 786,
					"count": 1,
					"min": 786,
					"max": 786
				},
				"2024-06-06": {
					"avg": 642,
					"count": 3,
					"min": 625,
					"max": 650
				},
				"2024-06-07": {
					"avg": 715,
					"count": 9,
					"min": 625,
					"max": 829
				},
				"2024-06-09": {
					"avg": 729,
					"count": 1,
					"min": 729,
					"max": 729
				},
				"2024-06-10": {
					"avg": 625,
					"count": 2,
					"min": 625,
					"max": 625
				},
				"2024-06-11": {
					"avg": 716,
					"count": 2,
					"min": 704,
					"max": 728
				},
				"2024-06-12": {
					"avg": 952,
					"count": 2,
					"min": 866,
					"max": 1037
				},
				"2024-06-16": {
					"avg": 640,
					"count": 2,
					"min": 480,
					"max": 799
				},
				"2024-06-17": {
					"avg": 799,
					"count": 1,
					"min": 799,
					"max": 799
				},
				"2024-06-22": {
					"avg": 1050,
					"count": 4,
					"min": 599,
					"max": 2353
				},
				"2024-06-23": {
					"avg": 700,
					"count": 1,
					"min": 700,
					"max": 700
				},
				"2024-06-24": {
					"avg": 679,
					"count": 3,
					"min": 600,
					"max": 837
				},
				"2024-06-25": {
					"avg": 626,
					"count": 2,
					"min": 601,
					"max": 650
				},
				"2024-06-27": {
					"avg": 600,
					"count": 1,
					"min": 600,
					"max": 600
				},
				"2024-06-28": {
					"avg": 762,
					"count": 1,
					"min": 762,
					"max": 762
				},
				"2024-06-29": {
					"avg": 749,
					"count": 1,
					"min": 749,
					"max": 749
				},
				"2024-07-01": {
					"avg": 595,
					"count": 1,
					"min": 595,
					"max": 595
				},
				"2024-07-03": {
					"avg": 624,
					"count": 3,
					"min": 601,
					"max": 650
				},
				"2024-07-04": {
					"avg": 600,
					"count": 1,
					"min": 600,
					"max": 600
				},
				"2024-07-07": {
					"avg": 646,
					"count": 2,
					"min": 598,
					"max": 694
				},
				"2024-07-08": {
					"avg": 700,
					"count": 2,
					"min": 599,
					"max": 800
				},
				"2024-07-10": {
					"avg": 666,
					"count": 3,
					"min": 599,
					"max": 799
				},
				"2024-07-11": {
					"avg": 749,
					"count": 1,
					"min": 749,
					"max": 749
				},
				"2024-07-16": {
					"avg": 621,
					"count": 1,
					"min": 621,
					"max": 621
				},
				"2024-07-17": {
					"avg": 727,
					"count": 6,
					"min": 624,
					"max": 1099
				},
				"2024-07-18": {
					"avg": 583,
					"count": 4,
					"min": 475,
					"max": 619
				},
				"2024-07-20": {
					"avg": 636,
					"count": 3,
					"min": 600,
					"max": 700
				},
				"2024-07-21": {
					"avg": 1249,
					"count": 1,
					"min": 1249,
					"max": 1249
				},
				"2024-07-22": {
					"avg": 600,
					"count": 1,
					"min": 600,
					"max": 600
				},
				"2024-07-23": {
					"avg": 667,
					"count": 4,
					"min": 602,
					"max": 754
				},
				"2024-07-25": {
					"avg": 784,
					"count": 4,
					"min": 681,
					"max": 999
				},
				"2024-07-26": {
					"avg": 1198,
					"count": 1,
					"min": 1198,
					"max": 1198
				},
				"2024-07-28": {
					"avg": 698,
					"count": 1,
					"min": 698,
					"max": 698
				},
				"2024-07-29": {
					"avg": 699,
					"count": 1,
					"min": 699,
					"max": 699
				},
				"2024-07-31": {
					"avg": 600,
					"count": 1,
					"min": 600,
					"max": 600
				},
				"2024-08-01": {
					"avg": 624,
					"count": 2,
					"min": 600,
					"max": 648
				},
				"2024-08-03": {
					"avg": 639,
					"count": 1,
					"min": 639,
					"max": 639
				},
				"2024-08-04": {
					"avg": 599,
					"count": 1,
					"min": 599,
					"max": 599
				},
				"2024-08-05": {
					"avg": 772,
					"count": 2,
					"min": 600,
					"max": 944
				},
				"2024-08-06": {
					"avg": 697,
					"count": 2,
					"min": 665,
					"max": 729
				},
				"2024-08-07": {
					"avg": 698,
					"count": 1,
					"min": 698,
					"max": 698
				},
				"2024-08-08": {
					"avg": 495,
					"count": 1,
					"min": 495,
					"max": 495
				},
				"2024-08-09": {
					"avg": 495,
					"count": 1,
					"min": 495,
					"max": 495
				},
				"2024-08-12": {
					"avg": 640,
					"count": 1,
					"min": 640,
					"max": 640
				},
				"2024-08-14": {
					"avg": 599,
					"count": 3,
					"min": 599,
					"max": 599
				},
				"2024-08-15": {
					"avg": 475,
					"count": 1,
					"min": 475,
					"max": 475
				},
				"2024-08-16": {
					"avg": 576,
					"count": 4,
					"min": 475,
					"max": 720
				},
				"2024-08-17": {
					"avg": 602,
					"count": 2,
					"min": 476,
					"max": 728
				},
				"2024-08-18": {
					"avg": 476,
					"count": 1,
					"min": 476,
					"max": 476
				},
				"2024-08-19": {
					"avg": 999,
					"count": 1,
					"min": 999,
					"max": 999
				},
				"2024-08-21": {
					"avg": 669,
					"count": 6,
					"min": 622,
					"max": 699
				},
				"2024-08-22": {
					"avg": 890,
					"count": 4,
					"min": 721,
					"max": 1055
				},
				"2024-08-23": {
					"avg": 699,
					"count": 1,
					"min": 699,
					"max": 699
				},
				"2024-08-25": {
					"avg": 1000,
					"count": 1,
					"min": 1000,
					"max": 1000
				},
				"2024-08-26": {
					"avg": 713,
					"count": 2,
					"min": 700,
					"max": 725
				},
				"2024-08-27": {
					"avg": 729,
					"count": 1,
					"min": 729,
					"max": 729
				},
				"2024-08-28": {
					"avg": 721,
					"count": 1,
					"min": 721,
					"max": 721
				},
				"2024-08-29": {
					"avg": 1052,
					"count": 5,
					"min": 721,
					"max": 2194
				},
				"2024-08-30": {
					"avg": 1086,
					"count": 1,
					"min": 1086,
					"max": 1086
				},
				"2024-08-31": {
					"avg": 779,
					"count": 2,
					"min": 648,
					"max": 910
				},
				"2024-09-02": {
					"avg": 686,
					"count": 1,
					"min": 686,
					"max": 686
				},
				"2024-09-03": {
					"avg": 1055,
					"count": 3,
					"min": 686,
					"max": 1794
				},
				"2024-09-05": {
					"avg": 743,
					"count": 3,
					"min": 686,
					"max": 857
				},
				"2024-09-06": {
					"avg": 796,
					"count": 2,
					"min": 699,
					"max": 892
				},
				"2024-09-07": {
					"avg": 1000,
					"count": 1,
					"min": 1000,
					"max": 1000
				},
				"2024-09-08": {
					"avg": 791,
					"count": 3,
					"min": 686,
					"max": 999
				},
				"2024-09-09": {
					"avg": 732,
					"count": 2,
					"min": 725,
					"max": 739
				},
				"2024-09-11": {
					"avg": 1905,
					"count": 1,
					"min": 1905,
					"max": 1905
				},
				"2024-09-12": {
					"avg": 1000,
					"count": 1,
					"min": 1000,
					"max": 1000
				},
				"2024-09-14": {
					"avg": 686,
					"count": 1,
					"min": 686,
					"max": 686
				},
				"2024-09-15": {
					"avg": 688,
					"count": 3,
					"min": 680,
					"max": 699
				},
				"2024-09-16": {
					"avg": 999,
					"count": 1,
					"min": 999,
					"max": 999
				},
				"2024-09-17": {
					"avg": 680,
					"count": 2,
					"min": 679,
					"max": 680
				},
				"2024-09-18": {
					"avg": 692,
					"count": 4,
					"min": 680,
					"max": 729
				},
				"2024-09-19": {
					"avg": 1049,
					"count": 2,
					"min": 999,
					"max": 1098
				},
				"2024-09-21": {
					"avg": 1999,
					"count": 1,
					"min": 1999,
					"max": 1999
				},
				"2024-09-23": {
					"avg": 713,
					"count": 1,
					"min": 713,
					"max": 713
				}
			},
			"avg": 767,
			"avg7": -1,
			"avg28": -1
		},
		"holo-used": {
			"history": {
				"2024-05-24": {
					"avg": 739,
					"count": 1,
					"min": 739,
					"max": 739
				},
				"2024-05-26": {
					"avg": 1099,
					"count": 1,
					"min": 1099,
					"max": 1099
				},
				"2024-05-27": {
					"avg": 574,
					"count": 1,
					"min": 574,
					"max": 574
				},
				"2024-06-04": {
					"avg": 653,
					"count": 1,
					"min": 653,
					"max": 653
				},
				"2024-06-09": {
					"avg": 570,
					"count": 3,
					"min": 536,
					"max": 614
				},
				"2024-06-13": {
					"avg": 558,
					"count": 1,
					"min": 558,
					"max": 558
				},
				"2024-06-15": {
					"avg": 618,
					"count": 4,
					"min": 559,
					"max": 721
				},
				"2024-06-22": {
					"avg": 559,
					"count": 1,
					"min": 559,
					"max": 559
				},
				"2024-06-24": {
					"avg": 499,
					"count": 1,
					"min": 499,
					"max": 499
				},
				"2024-06-29": {
					"avg": 619,
					"count": 1,
					"min": 619,
					"max": 619
				},
				"2024-07-01": {
					"avg": 1501,
					"count": 1,
					"min": 1501,
					"max": 1501
				},
				"2024-07-02": {
					"avg": 547,
					"count": 1,
					"min": 547,
					"max": 547
				},
				"2024-07-06": {
					"avg": 515,
					"count": 1,
					"min": 515,
					"max": 515
				},
				"2024-07-07": {
					"avg": 564,
					"count": 4,
					"min": 538,
					"max": 600
				},
				"2024-07-08": {
					"avg": 599,
					"count": 1,
					"min": 599,
					"max": 599
				},
				"2024-07-13": {
					"avg": 599,
					"count": 1,
					"min": 599,
					"max": 599
				},
				"2024-07-14": {
					"avg": 2560,
					"count": 1,
					"min": 2560,
					"max": 2560
				},
				"2024-07-16": {
					"avg": 114,
					"count": 1,
					"min": 114,
					"max": 114
				},
				"2024-07-17": {
					"avg": 559,
					"count": 1,
					"min": 559,
					"max": 559
				},
				"2024-07-18": {
					"avg": 429,
					"count": 3,
					"min": 429,
					"max": 429
				},
				"2024-07-21": {
					"avg": 494,
					"count": 2,
					"min": 438,
					"max": 549
				},
				"2024-07-22": {
					"avg": 599,
					"count": 1,
					"min": 599,
					"max": 599
				},
				"2024-07-23": {
					"avg": 493,
					"count": 1,
					"min": 493,
					"max": 493
				},
				"2024-07-26": {
					"avg": 425,
					"count": 3,
					"min": 425,
					"max": 425
				},
				"2024-08-04": {
					"avg": 538,
					"count": 1,
					"min": 538,
					"max": 538
				},
				"2024-08-05": {
					"avg": 522,
					"count": 4,
					"min": 472,
					"max": 559
				},
				"2024-08-07": {
					"avg": 500,
					"count": 1,
					"min": 500,
					"max": 500
				},
				"2024-08-08": {
					"avg": 571,
					"count": 2,
					"min": 562,
					"max": 580
				},
				"2024-08-10": {
					"avg": 500,
					"count": 1,
					"min": 500,
					"max": 500
				},
				"2024-08-15": {
					"avg": 546,
					"count": 2,
					"min": 492,
					"max": 599
				},
				"2024-08-16": {
					"avg": 491,
					"count": 5,
					"min": 419,
					"max": 577
				},
				"2024-08-21": {
					"avg": 425,
					"count": 2,
					"min": 400,
					"max": 449
				},
				"2024-08-22": {
					"avg": 464,
					"count": 1,
					"min": 464,
					"max": 464
				},
				"2024-08-23": {
					"avg": 568,
					"count": 4,
					"min": 449,
					"max": 923
				},
				"2024-08-24": {
					"avg": 1059,
					"count": 1,
					"min": 1059,
					"max": 1059
				},
				"2024-08-25": {
					"avg": 445,
					"count": 1,
					"min": 445,
					"max": 445
				},
				"2024-08-27": {
					"avg": 740,
					"count": 1,
					"min": 740,
					"max": 740
				},
				"2024-08-28": {
					"avg": 488,
					"count": 2,
					"min": 425,
					"max": 551
				},
				"2024-08-29": {
					"avg": 552,
					"count": 1,
					"min": 552,
					"max": 552
				},
				"2024-08-30": {
					"avg": 559,
					"count": 13,
					"min": 559,
					"max": 559
				},
				"2024-08-31": {
					"avg": 464,
					"count": 1,
					"min": 464,
					"max": 464
				},
				"2024-09-04": {
					"avg": 465,
					"count": 1,
					"min": 465,
					"max": 465
				},
				"2024-09-05": {
					"avg": 573,
					"count": 7,
					"min": 400,
					"max": 1484
				},
				"2024-09-06": {
					"avg": 400,
					"count": 1,
					"min": 400,
					"max": 400
				},
				"2024-09-07": {
					"avg": 490,
					"count": 1,
					"min": 490,
					"max": 490
				},
				"2024-09-08": {
					"avg": 1028,
					"count": 2,
					"min": 572,
					"max": 1484
				},
				"2024-09-09": {
					"avg": 527,
					"count": 1,
					"min": 527,
					"max": 527
				},
				"2024-09-10": {
					"avg": 544,
					"count": 2,
					"min": 527,
					"max": 561
				},
				"2024-09-11": {
					"avg": 511,
					"count": 1,
					"min": 511,
					"max": 511
				},
				"2024-09-12": {
					"avg": 663,
					"count": 3,
					"min": 511,
					"max": 850
				},
				"2024-09-15": {
					"avg": 384,
					"count": 1,
					"min": 384,
					"max": 384
				},
				"2024-09-16": {
					"avg": 697,
					"count": 2,
					"min": 595,
					"max": 799
				},
				"2024-09-17": {
					"avg": 631,
					"count": 1,
					"min": 631,
					"max": 631
				},
				"2024-09-18": {
					"avg": 432,
					"count": 2,
					"min": 415,
					"max": 449
				},
				"2024-09-19": {
					"avg": 384,
					"count": 1,
					"min": 384,
					"max": 384
				},
				"2024-09-23": {
					"avg": 400,
					"count": 1,
					"min": 400,
					"max": 400
				}
			},
			"avg": 583,
			"avg7": -1,
			"avg28": -1
		},
		"holo-nearmint": {
			"history": {
				"2024-05-23": {
					"avg": 2265,
					"count": 1,
					"min": 2265,
					"max": 2265
				},
				"2024-05-26": {
					"avg": 1947,
					"count": 1,
					"min": 1947,
					"max": 1947
				},
				"2024-05-31": {
					"avg": 2598,
					"count": 1,
					"min": 2598,
					"max": 2598
				},
				"2024-06-02": {
					"avg": 1947,
					"count": 1,
					"min": 1947,
					"max": 1947
				},
				"2024-06-03": {
					"avg": 2236,
					"count": 2,
					"min": 1947,
					"max": 2525
				},
				"2024-06-04": {
					"avg": 1599,
					"count": 1,
					"min": 1599,
					"max": 1599
				},
				"2024-06-05": {
					"avg": 1948,
					"count": 2,
					"min": 1947,
					"max": 1949
				},
				"2024-06-07": {
					"avg": 2224,
					"count": 1,
					"min": 2224,
					"max": 2224
				},
				"2024-06-09": {
					"avg": 2221,
					"count": 1,
					"min": 2221,
					"max": 2221
				},
				"2024-06-10": {
					"avg": 1299,
					"count": 1,
					"min": 1299,
					"max": 1299
				},
				"2024-06-11": {
					"avg": 1948,
					"count": 1,
					"min": 1948,
					"max": 1948
				},
				"2024-06-12": {
					"avg": 2067,
					"count": 6,
					"min": 1948,
					"max": 2120
				},
				"2024-06-16": {
					"avg": 2149,
					"count": 2,
					"min": 2113,
					"max": 2185
				},
				"2024-06-17": {
					"avg": 2044,
					"count": 2,
					"min": 1872,
					"max": 2216
				},
				"2024-06-18": {
					"avg": 1560,
					"count": 1,
					"min": 1560,
					"max": 1560
				},
				"2024-06-19": {
					"avg": 2223,
					"count": 2,
					"min": 1948,
					"max": 2498
				},
				"2024-06-20": {
					"avg": 2037,
					"count": 2,
					"min": 1898,
					"max": 2175
				},
				"2024-06-21": {
					"avg": 2148,
					"count": 2,
					"min": 1997,
					"max": 2299
				},
				"2024-06-22": {
					"avg": 2198,
					"count": 1,
					"min": 2198,
					"max": 2198
				},
				"2024-06-26": {
					"avg": 3373,
					"count": 2,
					"min": 1997,
					"max": 4748
				},
				"2024-06-28": {
					"avg": 1999,
					"count": 1,
					"min": 1999,
					"max": 1999
				},
				"2024-06-30": {
					"avg": 2047,
					"count": 1,
					"min": 2047,
					"max": 2047
				},
				"2024-07-01": {
					"avg": 1599,
					"count": 1,
					"min": 1599,
					"max": 1599
				},
				"2024-07-03": {
					"avg": 2039,
					"count": 1,
					"min": 2039,
					"max": 2039
				},
				"2024-07-04": {
					"avg": 1692,
					"count": 3,
					"min": 1099,
					"max": 2349
				},
				"2024-07-05": {
					"avg": 1629,
					"count": 1,
					"min": 1629,
					"max": 1629
				},
				"2024-07-06": {
					"avg": 1996,
					"count": 1,
					"min": 1996,
					"max": 1996
				},
				"2024-07-09": {
					"avg": 1625,
					"count": 2,
					"min": 1625,
					"max": 1625
				},
				"2024-07-10": {
					"avg": 1698,
					"count": 1,
					"min": 1698,
					"max": 1698
				},
				"2024-07-13": {
					"avg": 1537,
					"count": 2,
					"min": 1537,
					"max": 1537
				},
				"2024-07-15": {
					"avg": 1999,
					"count": 1,
					"min": 1999,
					"max": 1999
				},
				"2024-07-19": {
					"avg": 1659,
					"count": 1,
					"min": 1659,
					"max": 1659
				},
				"2024-07-21": {
					"avg": 1649,
					"count": 1,
					"min": 1649,
					"max": 1649
				},
				"2024-07-22": {
					"avg": 1856,
					"count": 1,
					"min": 1856,
					"max": 1856
				},
				"2024-07-25": {
					"avg": 1686,
					"count": 2,
					"min": 1649,
					"max": 1723
				},
				"2024-07-27": {
					"avg": 2100,
					"count": 1,
					"min": 2100,
					"max": 2100
				},
				"2024-07-28": {
					"avg": 1849,
					"count": 1,
					"min": 1849,
					"max": 1849
				},
				"2024-07-31": {
					"avg": 1813,
					"count": 1,
					"min": 1813,
					"max": 1813
				},
				"2024-08-01": {
					"avg": 1911,
					"count": 1,
					"min": 1911,
					"max": 1911
				},
				"2024-08-02": {
					"avg": 1814,
					"count": 1,
					"min": 1814,
					"max": 1814
				},
				"2024-08-03": {
					"avg": 2127,
					"count": 2,
					"min": 1997,
					"max": 2256
				},
				"2024-08-10": {
					"avg": 1575,
					"count": 1,
					"min": 1575,
					"max": 1575
				},
				"2024-08-11": {
					"avg": 1714,
					"count": 1,
					"min": 1714,
					"max": 1714
				},
				"2024-08-12": {
					"avg": 1873,
					"count": 2,
					"min": 1847,
					"max": 1898
				},
				"2024-08-13": {
					"avg": 1847,
					"count": 1,
					"min": 1847,
					"max": 1847
				},
				"2024-08-14": {
					"avg": 1847,
					"count": 1,
					"min": 1847,
					"max": 1847
				},
				"2024-08-15": {
					"avg": 1800,
					"count": 2,
					"min": 1664,
					"max": 1936
				},
				"2024-08-16": {
					"avg": 2499,
					"count": 1,
					"min": 2499,
					"max": 2499
				},
				"2024-08-18": {
					"avg": 1850,
					"count": 1,
					"min": 1850,
					"max": 1850
				},
				"2024-08-25": {
					"avg": 3409,
					"count": 2,
					"min": 2324,
					"max": 4494
				},
				"2024-08-27": {
					"avg": 2632,
					"count": 3,
					"min": 1799,
					"max": 3598
				},
				"2024-08-29": {
					"avg": 1849,
					"count": 1,
					"min": 1849,
					"max": 1849
				},
				"2024-08-30": {
					"avg": 1850,
					"count": 1,
					"min": 1850,
					"max": 1850
				},
				"2024-08-31": {
					"avg": 1848,
					"count": 1,
					"min": 1848,
					"max": 1848
				},
				"2024-09-01": {
					"avg": 1899,
					"count": 1,
					"min": 1899,
					"max": 1899
				},
				"2024-09-02": {
					"avg": 1899,
					"count": 1,
					"min": 1899,
					"max": 1899
				},
				"2024-09-03": {
					"avg": 1798,
					"count": 3,
					"min": 1499,
					"max": 1997
				},
				"2024-09-04": {
					"avg": 1750,
					"count": 2,
					"min": 1600,
					"max": 1899
				},
				"2024-09-06": {
					"avg": 2022,
					"count": 1,
					"min": 2022,
					"max": 2022
				},
				"2024-09-07": {
					"avg": 1825,
					"count": 1,
					"min": 1825,
					"max": 1825
				},
				"2024-09-08": {
					"avg": 1949,
					"count": 2,
					"min": 1899,
					"max": 1999
				},
				"2024-09-09": {
					"avg": 1799,
					"count": 1,
					"min": 1799,
					"max": 1799
				},
				"2024-09-10": {
					"avg": 2707,
					"count": 1,
					"min": 2707,
					"max": 2707
				},
				"2024-09-15": {
					"avg": 1899,
					"count": 1,
					"min": 1899,
					"max": 1899
				},
				"2024-09-16": {
					"avg": 2238,
					"count": 2,
					"min": 2076,
					"max": 2400
				},
				"2024-09-18": {
					"avg": 1989,
					"count": 1,
					"min": 1989,
					"max": 1989
				},
				"2024-09-19": {
					"avg": 1949,
					"count": 1,
					"min": 1949,
					"max": 1949
				},
				"2024-09-20": {
					"avg": 1989,
					"count": 1,
					"min": 1989,
					"max": 1989
				},
				"2024-09-21": {
					"avg": 2194,
					"count": 1,
					"min": 2194,
					"max": 2194
				},
				"2024-09-23": {
					"avg": 1999,
					"count": 1,
					"min": 1999,
					"max": 1999
				}
			},
			"avg": 2016,
			"avg7": -1,
			"avg28": -1
		},
		"holo-poor": {
			"history": {
				"2024-05-25": {
					"avg": 530,
					"count": 3,
					"min": 421,
					"max": 663
				},
				"2024-05-31": {
					"avg": 429,
					"count": 1,
					"min": 429,
					"max": 429
				},
				"2024-06-15": {
					"avg": 429,
					"count": 1,
					"min": 429,
					"max": 429
				},
				"2024-06-17": {
					"avg": 429,
					"count": 1,
					"min": 429,
					"max": 429
				},
				"2024-06-19": {
					"avg": 310,
					"count": 1,
					"min": 310,
					"max": 310
				},
				"2024-06-21": {
					"avg": 310,
					"count": 1,
					"min": 310,
					"max": 310
				},
				"2024-06-22": {
					"avg": 344,
					"count": 6,
					"min": 310,
					"max": 515
				},
				"2024-06-24": {
					"avg": 456,
					"count": 1,
					"min": 456,
					"max": 456
				},
				"2024-06-25": {
					"avg": 424,
					"count": 3,
					"min": 308,
					"max": 482
				},
				"2024-06-29": {
					"avg": 400,
					"count": 1,
					"min": 400,
					"max": 400
				},
				"2024-06-30": {
					"avg": 398,
					"count": 3,
					"min": 298,
					"max": 497
				},
				"2024-07-01": {
					"avg": 429,
					"count": 1,
					"min": 429,
					"max": 429
				},
				"2024-07-02": {
					"avg": 314,
					"count": 1,
					"min": 314,
					"max": 314
				},
				"2024-07-03": {
					"avg": 429,
					"count": 1,
					"min": 429,
					"max": 429
				},
				"2024-07-04": {
					"avg": 391,
					"count": 1,
					"min": 391,
					"max": 391
				},
				"2024-07-06": {
					"avg": 479,
					"count": 1,
					"min": 479,
					"max": 479
				},
				"2024-07-07": {
					"avg": 590,
					"count": 2,
					"min": 309,
					"max": 871
				},
				"2024-07-08": {
					"avg": 456,
					"count": 1,
					"min": 456,
					"max": 456
				},
				"2024-07-13": {
					"avg": 505,
					"count": 2,
					"min": 487,
					"max": 522
				},
				"2024-07-14": {
					"avg": 687,
					"count": 1,
					"min": 687,
					"max": 687
				},
				"2024-07-17": {
					"avg": 431,
					"count": 1,
					"min": 431,
					"max": 431
				},
				"2024-07-18": {
					"avg": 360,
					"count": 1,
					"min": 360,
					"max": 360
				},
				"2024-07-20": {
					"avg": 499,
					"count": 2,
					"min": 469,
					"max": 528
				},
				"2024-07-21": {
					"avg": 397,
					"count": 1,
					"min": 397,
					"max": 397
				},
				"2024-07-23": {
					"avg": 487,
					"count": 5,
					"min": 436,
					"max": 549
				},
				"2024-07-26": {
					"avg": 565,
					"count": 2,
					"min": 539,
					"max": 590
				},
				"2024-07-31": {
					"avg": 396,
					"count": 1,
					"min": 396,
					"max": 396
				},
				"2024-08-05": {
					"avg": 437,
					"count": 3,
					"min": 396,
					"max": 517
				},
				"2024-08-08": {
					"avg": 431,
					"count": 3,
					"min": 327,
					"max": 498
				},
				"2024-08-10": {
					"avg": 553,
					"count": 1,
					"min": 553,
					"max": 553
				},
				"2024-08-16": {
					"avg": 510,
					"count": 6,
					"min": 393,
					"max": 636
				},
				"2024-08-20": {
					"avg": 525,
					"count": 1,
					"min": 525,
					"max": 525
				},
				"2024-08-31": {
					"avg": 573,
					"count": 1,
					"min": 573,
					"max": 573
				},
				"2024-09-01": {
					"avg": 473,
					"count": 1,
					"min": 473,
					"max": 473
				},
				"2024-09-03": {
					"avg": 419,
					"count": 3,
					"min": 419,
					"max": 419
				},
				"2024-09-05": {
					"avg": 475,
					"count": 2,
					"min": 426,
					"max": 523
				},
				"2024-09-07": {
					"avg": 300,
					"count": 1,
					"min": 300,
					"max": 300
				},
				"2024-09-08": {
					"avg": 400,
					"count": 1,
					"min": 400,
					"max": 400
				},
				"2024-09-09": {
					"avg": 491,
					"count": 3,
					"min": 398,
					"max": 675
				},
				"2024-09-12": {
					"avg": 320,
					"count": 1,
					"min": 320,
					"max": 320
				},
				"2024-09-15": {
					"avg": 338,
					"count": 2,
					"min": 336,
					"max": 340
				},
				"2024-09-16": {
					"avg": 395,
					"count": 1,
					"min": 395,
					"max": 395
				},
				"2024-09-20": {
					"avg": 395,
					"count": 1,
					"min": 395,
					"max": 395
				},
				"2024-09-22": {
					"avg": 395,
					"count": 11,
					"min": 395,
					"max": 395
				},
				"2024-09-23": {
					"avg": 567,
					"count": 1,
					"min": 567,
					"max": 567
				}
			},
			"avg": 441,
			"avg7": -1,
			"avg28": -1
		}
	}
}