{
	"data": {
		"normal-good": {
			"history": {
				"2022-11-12": {
					"avg": 137,
					"count": 2
				},
				"2022-11-13": {
					"avg": 154,
					"count": 2
				},
				"2022-11-14": {
					"avg": 207,
					"count": 2
				},
				"2022-11-15": {
					"avg": 179,
					"count": 1
				},
				"2022-11-16": {
					"avg": 151,
					"count": 5
				},
				"2022-11-17": {
					"avg": 278,
					"count": 6
				},
				"2022-11-18": {
					"avg": 52,
					"count": 1
				},
				"2022-11-19": {
					"avg": 283,
					"count": 7,
					"min": 105,
					"max": 425
				},
				"2022-11-20": {
					"avg": 205,
					"count": 4,
					"min": 103,
					"max": 382
				},
				"2022-11-22": {
					"avg": 85,
					"count": 1,
					"min": 85,
					"max": 85
				},
				"2022-11-23": {
					"avg": 134,
					"count": 4,
					"min": 80,
					"max": 209
				},
				"2022-11-24": {
					"avg": 277,
					"count": 2,
					"min": 199,
					"max": 355
				},
				"2022-11-25": {
					"avg": 133,
					"count": 17,
					"min": 48,
					"max": 399
				},
				"2022-11-26": {
					"avg": 117,
					"count": 2,
					"min": 117,
					"max": 117
				},
				"2022-11-27": {
					"avg": 208,
					"count": 2,
					"min": 117,
					"max": 298
				},
				"2022-11-28": {
					"avg": 350,
					"count": 1,
					"min": 350,
					"max": 350
				},
				"2022-11-29": {
					"avg": 326,
					"count": 6,
					"min": 167,
					"max": 699
				},
				"2022-11-30": {
					"avg": 193,
					"count": 1,
					"min": 193,
					"max": 193
				},
				"2022-12-02": {
					"avg": 96,
					"count": 3,
					"min": 63,
					"max": 142
				},
				"2022-12-03": {
					"avg": 248,
					"count": 1,
					"min": 248,
					"max": 248
				},
				"2022-12-04": {
					"avg": 164,
					"count": 3,
					"min": 142,
					"max": 181
				},
				"2022-12-05": {
					"avg": 153,
					"count": 12,
					"min": 142,
					"max": 248
				},
				"2022-12-06": {
					"avg": 336,
					"count": 3,
					"min": 142,
					"max": 622
				},
				"2022-12-07": {
					"avg": 140,
					"count": 12,
					"min": 82,
					"max": 250
				},
				"2022-12-09": {
					"avg": 210,
					"count": 5,
					"min": 101,
					"max": 339
				},
				"2022-12-10": {
					"avg": 132,
					"count": 3,
					"min": 54,
					"max": 242
				},
				"2022-12-11": {
					"avg": 152,
					"count": 2,
					"min": 103,
					"max": 200
				},
				"2022-12-12": {
					"avg": 194,
					"count": 1,
					"min": 194,
					"max": 194
				},
				"2022-12-13": {
					"avg": 101,
					"count": 1,
					"min": 101,
					"max": 101
				},
				"2022-12-14": {
					"avg": 340,
					"count": 3,
					"min": 204,
					"max": 574
				},
				"2022-12-15": {
					"avg": 253,
					"count": 4,
					"min": 100,
					"max": 374
				},
				"2022-12-16": {
					"avg": 174,
					"count": 14,
					"min": 68,
					"max": 298
				},
				"2022-12-17": {
					"avg": 270,
					"count": 5,
					"min": 194,
					"max": 399
				},
				"2022-12-18": {
					"avg": 147,
					"count": 2,
					"min": 99,
					"max": 194
				},
				"2022-12-19": {
					"avg": 314,
					"count": 3,
					"min": 208,
					"max": 395
				},
				"2022-12-20": {
					"avg": 189,
					"count": 3,
					"min": 90,
					"max": 339
				},
				"2022-12-21": {
					"avg": 94,
					"count": 4,
					"min": 94,
					"max": 94
				},
				"2022-12-22": {
					"avg": 239,
					"count": 3,
					"min": 145,
					"max": 378
				},
				"2022-12-23": {
					"avg": 124,
					"count": 8,
					"min": 48,
					"max": 259
				},
				"2022-12-24": {
					"avg": 242,
					"count": 2,
					"min": 101,
					"max": 383
				},
				"2022-12-25": {
					"avg": 229,
					"count": 1,
					"min": 229,
					"max": 229
				},
				"2022-12-26": {
					"avg": 168,
					"count": 6,
					"min": 50,
					"max": 274
				},
				"2022-12-27": {
					"avg": 284,
					"count": 7,
					"min": 149,
					"max": 380
				},
				"2022-12-28": {
					"avg": 291,
					"count": 4,
					"min": 189,
					"max": 387
				},
				"2022-12-29": {
					"avg": 207,
					"count": 5,
					"min": 159,
					"max": 298
				},
				"2022-12-30": {
					"avg": 325,
					"count": 2,
					"min": 256,
					"max": 393
				},
				"2023-01-01": {
					"avg": 151,
					"count": 5,
					"min": 97,
					"max": 298
				},
				"2023-01-02": {
					"avg": 269,
					"count": 16,
					"min": 95,
					"max": 396
				},
				"2023-01-03": {
					"avg": 194,
					"count": 5,
					"min": 90,
					"max": 298
				},
				"2023-01-04": {
					"avg": 286,
					"count": 4,
					"min": 238,
					"max": 370
				},
				"2023-01-05": {
					"avg": 193,
					"count": 6,
					"min": 94,
					"max": 349
				},
				"2023-01-06": {
					"avg": 271,
					"count": 4,
					"min": 99,
					"max": 599
				},
				"2023-01-07": {
					"avg": 344,
					"count": 35,
					"min": 101,
					"max": 485
				},
				"2023-01-09": {
					"avg": 181,
					"count": 3,
					"min": 74,
					"max": 374
				},
				"2023-01-10": {
					"avg": 188,
					"count": 2,
					"min": 188,
					"max": 189
				},
				"2023-01-11": {
					"avg": 225,
					"count": 1,
					"min": 225,
					"max": 225
				},
				"2023-01-12": {
					"avg": 167,
					"count": 5,
					"min": 57,
					"max": 374
				},
				"2023-02-07": {
					"avg": 238,
					"count": 1,
					"min": 238,
					"max": 238
				},
				"2023-02-08": {
					"avg": 222,
					"count": 2,
					"min": 97,
					"max": 346
				},
				"2023-02-09": {
					"avg": 341,
					"count": 3,
					"min": 144,
					"max": 481
				},
				"2023-02-10": {
					"avg": 97,
					"count": 1,
					"min": 97,
					"max": 97
				},
				"2023-02-11": {
					"avg": 100,
					"count": 6,
					"min": 49,
					"max": 299
				},
				"2023-02-12": {
					"avg": 286,
					"count": 2,
					"min": 196,
					"max": 376
				},
				"2023-02-13": {
					"avg": 221,
					"count": 4,
					"min": 130,
					"max": 288
				},
				"2023-02-14": {
					"avg": 265,
					"count": 7,
					"min": 168,
					"max": 394
				},
				"2023-02-15": {
					"avg": 199,
					"count": 1,
					"min": 199,
					"max": 199
				},
				"2023-02-16": {
					"avg": 130,
					"count": 1,
					"min": 130,
					"max": 130
				},
				"2023-02-17": {
					"avg": 369,
					"count": 4,
					"min": 167,
					"max": 684
				},
				"2023-02-18": {
					"avg": 332,
					"count": 3,
					"min": 168,
					"max": 455
				},
				"2023-02-19": {
					"avg": 402,
					"count": 7,
					"min": 69,
					"max": 698
				},
				"2023-02-20": {
					"avg": 234,
					"count": 11,
					"min": 134,
					"max": 363
				},
				"2023-02-21": {
					"avg": 205,
					"count": 2,
					"min": 205,
					"max": 205
				},
				"2023-02-22": {
					"avg": 157,
					"count": 1,
					"min": 157,
					"max": 157
				},
				"2023-02-23": {
					"avg": 169,
					"count": 3,
					"min": 152,
					"max": 189
				},
				"2023-02-24": {
					"avg": 198,
					"count": 9,
					"min": 99,
					"max": 393
				},
				"2023-02-25": {
					"avg": 108,
					"count": 2,
					"min": 49,
					"max": 167
				},
				"2023-02-26": {
					"avg": 155,
					"count": 9,
					"min": 99,
					"max": 374
				},
				"2023-02-27": {
					"avg": 216,
					"count": 3,
					"min": 216,
					"max": 216
				},
				"2023-02-28": {
					"avg": 197,
					"count": 3,
					"min": 113,
					"max": 282
				},
				"2023-03-01": {
					"avg": 438,
					"count": 3,
					"min": 198,
					"max": 898
				},
				"2023-03-02": {
					"avg": 375,
					"count": 1,
					"min": 375,
					"max": 375
				},
				"2023-03-03": {
					"avg": 496,
					"count": 6,
					"min": 113,
					"max": 2004
				},
				"2023-03-04": {
					"avg": 84,
					"count": 6,
					"min": 49,
					"max": 161
				},
				"2023-03-05": {
					"avg": 216,
					"count": 7,
					"min": 164,
					"max": 374
				},
				"2023-03-06": {
					"avg": 393,
					"count": 1,
					"min": 393,
					"max": 393
				},
				"2023-03-07": {
					"avg": 1999,
					"count": 2,
					"min": 1999,
					"max": 1999
				},
				"2023-03-08": {
					"avg": 412,
					"count": 2,
					"min": 324,
					"max": 500
				},
				"2023-03-09": {
					"avg": 139,
					"count": 1,
					"min": 139,
					"max": 139
				},
				"2023-03-10": {
					"avg": 324,
					"count": 3,
					"min": 262,
					"max": 399
				},
				"2023-03-11": {
					"avg": 65,
					"count": 1,
					"min": 65,
					"max": 65
				},
				"2023-03-12": {
					"avg": 282,
					"count": 3,
					"min": 269,
					"max": 300
				},
				"2023-03-13": {
					"avg": 221,
					"count": 2,
					"min": 165,
					"max": 277
				},
				"2023-03-14": {
					"avg": 277,
					"count": 2,
					"min": 274,
					"max": 279
				},
				"2023-03-15": {
					"avg": 225,
					"count": 1,
					"min": 225,
					"max": 225
				},
				"2023-03-16": {
					"avg": 198,
					"count": 4,
					"min": 158,
					"max": 268
				},
				"2023-03-17": {
					"avg": 249,
					"count": 2,
					"min": 199,
					"max": 298
				},
				"2023-03-18": {
					"avg": 244,
					"count": 3,
					"min": 140,
					"max": 399
				},
				"2023-03-19": {
					"avg": 357,
					"count": 3,
					"min": 99,
					"max": 598
				},
				"2023-03-20": {
					"avg": 399,
					"count": 1,
					"min": 399,
					"max": 399
				},
				"2023-03-21": {
					"avg": 180,
					"count": 2,
					"min": 180,
					"max": 180
				},
				"2023-03-22": {
					"avg": 172,
					"count": 4,
					"min": 110,
					"max": 274
				},
				"2023-03-23": {
					"avg": 332,
					"count": 3,
					"min": 139,
					"max": 669
				},
				"2023-03-24": {
					"avg": 107,
					"count": 7,
					"min": 65,
					"max": 225
				},
				"2023-03-26": {
					"avg": 184,
					"count": 2,
					"min": 169,
					"max": 199
				},
				"2023-03-27": {
					"avg": 222,
					"count": 4,
					"min": 88,
					"max": 499
				},
				"2023-03-28": {
					"avg": 178,
					"count": 5,
					"min": 99,
					"max": 277
				},
				"2023-03-29": {
					"avg": 316,
					"count": 6,
					"min": 105,
					"max": 948
				},
				"2023-03-31": {
					"avg": 261,
					"count": 3,
					"min": 174,
					"max": 413
				},
				"2023-04-01": {
					"avg": 322,
					"count": 22,
					"min": 105,
					"max": 479
				},
				"2023-04-02": {
					"avg": 104,
					"count": 3,
					"min": 68,
					"max": 139
				},
				"2023-04-03": {
					"avg": 549,
					"count": 3,
					"min": 370,
					"max": 782
				},
				"2023-04-04": {
					"avg": 77,
					"count": 2,
					"min": 50,
					"max": 104
				},
				"2023-04-05": {
					"avg": 197,
					"count": 4,
					"min": 105,
					"max": 375
				},
				"2023-04-06": {
					"avg": 229,
					"count": 1,
					"min": 229,
					"max": 229
				},
				"2023-04-07": {
					"avg": 300,
					"count": 4,
					"min": 108,
					"max": 575
				},
				"2023-04-08": {
					"avg": 214,
					"count": 5,
					"min": 81,
					"max": 314
				},
				"2023-04-09": {
					"avg": 225,
					"count": 9,
					"min": 163,
					"max": 368
				},
				"2023-04-10": {
					"avg": 274,
					"count": 2,
					"min": 199,
					"max": 349
				},
				"2023-04-11": {
					"avg": 117,
					"count": 2,
					"min": 35,
					"max": 199
				},
				"2023-04-13": {
					"avg": 167,
					"count": 5,
					"min": 61,
					"max": 225
				},
				"2023-04-14": {
					"avg": 437,
					"count": 2,
					"min": 265,
					"max": 608
				},
				"2023-04-15": {
					"avg": 217,
					"count": 5,
					"min": 167,
					"max": 296
				},
				"2023-04-16": {
					"avg": 165,
					"count": 2,
					"min": 165,
					"max": 165
				},
				"2023-04-17": {
					"avg": 421,
					"count": 4,
					"min": 225,
					"max": 724
				},
				"2023-04-18": {
					"avg": 262,
					"count": 4,
					"min": 185,
					"max": 412
				},
				"2023-04-19": {
					"avg": 539,
					"count": 1,
					"min": 539,
					"max": 539
				},
				"2023-04-21": {
					"avg": 91,
					"count": 2,
					"min": 15,
					"max": 167
				},
				"2023-04-22": {
					"avg": 228,
					"count": 7,
					"min": 142,
					"max": 512
				},
				"2023-04-23": {
					"avg": 999,
					"count": 1,
					"min": 999,
					"max": 999
				},
				"2023-04-25": {
					"avg": 136,
					"count": 2,
					"min": 50,
					"max": 221
				},
				"2023-04-26": {
					"avg": 198,
					"count": 2,
					"min": 100,
					"max": 295
				},
				"2023-04-27": {
					"avg": 137,
					"count": 1,
					"min": 137,
					"max": 137
				},
				"2023-04-28": {
					"avg": 172,
					"count": 9,
					"min": 35,
					"max": 349
				},
				"2023-04-29": {
					"avg": 205,
					"count": 3,
					"min": 100,
					"max": 349
				},
				"2023-04-30": {
					"avg": 298,
					"count": 1,
					"min": 298,
					"max": 298
				},
				"2023-05-01": {
					"avg": 105,
					"count": 8,
					"min": 53,
					"max": 298
				},
				"2023-05-02": {
					"avg": 199,
					"count": 3,
					"min": 175,
					"max": 223
				},
				"2023-05-03": {
					"avg": 198,
					"count": 1,
					"min": 198,
					"max": 198
				},
				"2023-05-04": {
					"avg": 477,
					"count": 3,
					"min": 206,
					"max": 999
				},
				"2023-05-05": {
					"avg": 189,
					"count": 3,
					"min": 150,
					"max": 208
				},
				"2023-05-06": {
					"avg": 349,
					"count": 3,
					"min": 200,
					"max": 548
				},
				"2023-05-07": {
					"avg": 116,
					"count": 21,
					"min": 40,
					"max": 234
				},
				"2023-05-10": {
					"avg": 199,
					"count": 1,
					"min": 199,
					"max": 199
				},
				"2023-05-11": {
					"avg": 464,
					"count": 3,
					"min": 296,
					"max": 799
				},
				"2023-05-12": {
					"avg": 124,
					"count": 3,
					"min": 50,
					"max": 199
				},
				"2023-05-13": {
					"avg": 180,
					"count": 3,
					"min": 50,
					"max": 298
				},
				"2023-05-14": {
					"avg": 367,
					"count": 1,
					"min": 367,
					"max": 367
				},
				"2023-05-15": {
					"avg": 605,
					"count": 5,
					"min": 100,
					"max": 1898
				},
				"2023-05-16": {
					"avg": 179,
					"count": 7,
					"min": 99,
					"max": 192
				},
				"2023-05-17": {
					"avg": 211,
					"count": 5,
					"min": 125,
					"max": 396
				},
				"2023-05-18": {
					"avg": 219,
					"count": 3,
					"min": 125,
					"max": 298
				},
				"2023-05-19": {
					"avg": 176,
					"count": 7,
					"min": 125,
					"max": 367
				},
				"2023-05-20": {
					"avg": 234,
					"count": 70,
					"min": 65,
					"max": 590
				},
				"2023-05-21": {
					"avg": 409,
					"count": 1,
					"min": 409,
					"max": 409
				},
				"2023-05-22": {
					"avg": 349,
					"count": 1,
					"min": 349,
					"max": 349
				},
				"2023-05-23": {
					"avg": 685,
					"count": 1,
					"min": 685,
					"max": 685
				},
				"2023-05-24": {
					"avg": 236,
					"count": 10,
					"min": 164,
					"max": 300
				},
				"2023-05-25": {
					"avg": 180,
					"count": 3,
					"min": 170,
					"max": 199
				},
				"2023-05-27": {
					"avg": 107,
					"count": 11,
					"min": 99,
					"max": 139
				},
				"2023-05-28": {
					"avg": 262,
					"count": 12,
					"min": 79,
					"max": 948
				},
				"2023-05-29": {
					"avg": 118,
					"count": 9,
					"min": 35,
					"max": 209
				},
				"2023-05-30": {
					"avg": 195,
					"count": 2,
					"min": 191,
					"max": 199
				},
				"2023-05-31": {
					"avg": 255,
					"count": 2,
					"min": 163,
					"max": 346
				},
				"2023-06-01": {
					"avg": 489,
					"count": 17,
					"min": 100,
					"max": 1326
				},
				"2023-06-02": {
					"avg": 151,
					"count": 4,
					"min": 100,
					"max": 170
				},
				"2023-06-03": {
					"avg": 192,
					"count": 4,
					"min": 124,
					"max": 293
				},
				"2023-06-04": {
					"avg": 204,
					"count": 2,
					"min": 183,
					"max": 225
				},
				"2023-06-05": {
					"avg": 298,
					"count": 2,
					"min": 298,
					"max": 298
				},
				"2023-06-06": {
					"avg": 343,
					"count": 2,
					"min": 298,
					"max": 388
				},
				"2023-06-07": {
					"avg": 184,
					"count": 1,
					"min": 184,
					"max": 184
				},
				"2023-06-08": {
					"avg": 235,
					"count": 7,
					"min": 163,
					"max": 398
				},
				"2023-06-09": {
					"avg": 261,
					"count": 2,
					"min": 225,
					"max": 296
				},
				"2023-06-10": {
					"avg": 218,
					"count": 4,
					"min": 154,
					"max": 289
				},
				"2023-06-11": {
					"avg": 227,
					"count": 1,
					"min": 227,
					"max": 227
				},
				"2023-06-12": {
					"avg": 268,
					"count": 2,
					"min": 237,
					"max": 299
				},
				"2023-06-13": {
					"avg": 117,
					"count": 3,
					"min": 56,
					"max": 167
				},
				"2023-06-14": {
					"avg": 142,
					"count": 2,
					"min": 64,
					"max": 219
				},
				"2023-06-15": {
					"avg": 285,
					"count": 5,
					"min": 266,
					"max": 299
				},
				"2023-06-16": {
					"avg": 174,
					"count": 1,
					"min": 174,
					"max": 174
				},
				"2023-06-17": {
					"avg": 417,
					"count": 4,
					"min": 64,
					"max": 948
				},
				"2023-06-18": {
					"avg": 247,
					"count": 3,
					"min": 125,
					"max": 346
				},
				"2023-06-19": {
					"avg": 271,
					"count": 9,
					"min": 167,
					"max": 460
				},
				"2023-06-20": {
					"avg": 420,
					"count": 2,
					"min": 349,
					"max": 491
				},
				"2023-06-21": {
					"avg": 536,
					"count": 2,
					"min": 124,
					"max": 948
				},
				"2023-06-22": {
					"avg": 137,
					"count": 6,
					"min": 75,
					"max": 273
				},
				"2023-06-23": {
					"avg": 236,
					"count": 3,
					"min": 75,
					"max": 349
				},
				"2023-06-24": {
					"avg": 268,
					"count": 7,
					"min": 197,
					"max": 298
				},
				"2023-06-25": {
					"avg": 199,
					"count": 2,
					"min": 163,
					"max": 235
				},
				"2023-06-26": {
					"avg": 222,
					"count": 7,
					"min": 114,
					"max": 299
				},
				"2023-06-27": {
					"avg": 188,
					"count": 1,
					"min": 188,
					"max": 188
				},
				"2023-06-28": {
					"avg": 189,
					"count": 1,
					"min": 189,
					"max": 189
				},
				"2023-06-29": {
					"avg": 184,
					"count": 6,
					"min": 69,
					"max": 285
				},
				"2023-06-30": {
					"avg": 193,
					"count": 4,
					"min": 90,
					"max": 348
				},
				"2023-07-01": {
					"avg": 199,
					"count": 4,
					"min": 69,
					"max": 300
				},
				"2023-07-02": {
					"avg": 215,
					"count": 4,
					"min": 65,
					"max": 300
				},
				"2023-07-03": {
					"avg": 267,
					"count": 5,
					"min": 139,
					"max": 300
				},
				"2023-07-04": {
					"avg": 223,
					"count": 3,
					"min": 100,
					"max": 421
				},
				"2023-07-05": {
					"avg": 278,
					"count": 8,
					"min": 81,
					"max": 499
				},
				"2023-07-06": {
					"avg": 279,
					"count": 3,
					"min": 76,
					"max": 395
				},
				"2023-07-07": {
					"avg": 156,
					"count": 3,
					"min": 153,
					"max": 163
				},
				"2023-07-08": {
					"avg": 288,
					"count": 2,
					"min": 227,
					"max": 349
				},
				"2023-07-09": {
					"avg": 172,
					"count": 2,
					"min": 168,
					"max": 175
				},
				"2023-07-10": {
					"avg": 358,
					"count": 25,
					"min": 175,
					"max": 2189
				},
				"2023-07-11": {
					"avg": 258,
					"count": 9,
					"min": 250,
					"max": 324
				},
				"2023-07-12": {
					"avg": 269,
					"count": 7,
					"min": 125,
					"max": 607
				},
				"2023-07-13": {
					"avg": 415,
					"count": 3,
					"min": 298,
					"max": 559
				},
				"2023-07-14": {
					"avg": 376,
					"count": 15,
					"min": 72,
					"max": 624
				},
				"2023-07-15": {
					"avg": 361,
					"count": 3,
					"min": 299,
					"max": 441
				},
				"2023-07-16": {
					"avg": 367,
					"count": 8,
					"min": 131,
					"max": 1298
				},
				"2023-07-17": {
					"avg": 165,
					"count": 16,
					"min": 49,
					"max": 836
				},
				"2023-07-18": {
					"avg": 238,
					"count": 6,
					"min": 99,
					"max": 698
				},
				"2023-07-19": {
					"avg": 240,
					"count": 13,
					"min": 50,
					"max": 949
				},
				"2023-07-20": {
					"avg": 163,
					"count": 3,
					"min": 134,
					"max": 177
				},
				"2023-07-21": {
					"avg": 238,
					"count": 5,
					"min": 110,
					"max": 445
				},
				"2023-07-22": {
					"avg": 168,
					"count": 1,
					"min": 168,
					"max": 168
				},
				"2023-07-23": {
					"avg": 367,
					"count": 2,
					"min": 321,
					"max": 412
				},
				"2023-07-24": {
					"avg": 199,
					"count": 1,
					"min": 199,
					"max": 199
				},
				"2023-07-25": {
					"avg": 189,
					"count": 16,
					"min": 35,
					"max": 450
				},
				"2023-07-26": {
					"avg": 252,
					"count": 15,
					"min": 162,
					"max": 313
				},
				"2023-07-27": {
					"avg": 227,
					"count": 2,
					"min": 227,
					"max": 227
				},
				"2023-07-28": {
					"avg": 399,
					"count": 2,
					"min": 199,
					"max": 599
				},
				"2023-07-29": {
					"avg": 296,
					"count": 3,
					"min": 199,
					"max": 374
				},
				"2023-07-30": {
					"avg": 363,
					"count": 4,
					"min": 200,
					"max": 465
				},
				"2023-07-31": {
					"avg": 357,
					"count": 7,
					"min": 114,
					"max": 809
				},
				"2023-08-01": {
					"avg": 355,
					"count": 3,
					"min": 250,
					"max": 565
				},
				"2023-08-02": {
					"avg": 197,
					"count": 2,
					"min": 169,
					"max": 225
				},
				"2023-08-03": {
					"avg": 579,
					"count": 3,
					"min": 40,
					"max": 1298
				},
				"2023-08-04": {
					"avg": 266,
					"count": 10,
					"min": 100,
					"max": 479
				},
				"2023-08-05": {
					"avg": 380,
					"count": 2,
					"min": 221,
					"max": 539
				},
				"2023-08-07": {
					"avg": 219,
					"count": 4,
					"min": 168,
					"max": 269
				},
				"2023-08-08": {
					"avg": 215,
					"count": 7,
					"min": 64,
					"max": 298
				},
				"2023-08-09": {
					"avg": 376,
					"count": 3,
					"min": 273,
					"max": 535
				},
				"2023-08-10": {
					"avg": 108,
					"count": 5,
					"min": 83,
					"max": 145
				},
				"2023-08-11": {
					"avg": 301,
					"count": 3,
					"min": 158,
					"max": 539
				},
				"2023-08-12": {
					"avg": 177,
					"count": 2,
					"min": 163,
					"max": 190
				},
				"2023-08-13": {
					"avg": 179,
					"count": 2,
					"min": 132,
					"max": 225
				},
				"2023-08-14": {
					"avg": 191,
					"count": 11,
					"min": 83,
					"max": 488
				},
				"2023-08-15": {
					"avg": 347,
					"count": 2,
					"min": 214,
					"max": 479
				},
				"2023-08-16": {
					"avg": 265,
					"count": 8,
					"min": 143,
					"max": 488
				},
				"2023-08-17": {
					"avg": 124,
					"count": 4,
					"min": 65,
					"max": 144
				},
				"2023-08-18": {
					"avg": 189,
					"count": 5,
					"min": 131,
					"max": 275
				},
				"2023-08-19": {
					"avg": 428,
					"count": 5,
					"min": 212,
					"max": 998
				},
				"2023-08-20": {
					"avg": 448,
					"count": 2,
					"min": 266,
					"max": 631
				},
				"2023-08-21": {
					"avg": 370,
					"count": 3,
					"min": 266,
					"max": 470
				},
				"2023-08-22": {
					"avg": 385,
					"count": 2,
					"min": 366,
					"max": 404
				},
				"2023-08-23": {
					"avg": 277,
					"count": 8,
					"min": 35,
					"max": 600
				},
				"2023-08-24": {
					"avg": 237,
					"count": 4,
					"min": 78,
					"max": 480
				},
				"2023-08-25": {
					"avg": 231,
					"count": 11,
					"min": 127,
					"max": 466
				},
				"2023-08-26": {
					"avg": 258,
					"count": 2,
					"min": 167,
					"max": 349
				},
				"2023-08-27": {
					"avg": 233,
					"count": 4,
					"min": 99,
					"max": 375
				},
				"2023-08-28": {
					"avg": 329,
					"count": 3,
					"min": 131,
					"max": 480
				},
				"2023-08-29": {
					"avg": 127,
					"count": 1,
					"min": 127,
					"max": 127
				},
				"2023-08-31": {
					"avg": 393,
					"count": 1,
					"min": 393,
					"max": 393
				},
				"2023-09-01": {
					"avg": 425,
					"count": 7,
					"min": 63,
					"max": 1798
				},
				"2023-09-02": {
					"avg": 379,
					"count": 1,
					"min": 379,
					"max": 379
				},
				"2023-09-03": {
					"avg": 154,
					"count": 3,
					"min": 131,
					"max": 188
				},
				"2023-09-04": {
					"avg": 213,
					"count": 5,
					"min": 63,
					"max": 488
				},
				"2023-09-05": {
					"avg": 161,
					"count": 1,
					"min": 161,
					"max": 161
				},
				"2023-09-06": {
					"avg": 268,
					"count": 4,
					"min": 100,
					"max": 449
				},
				"2023-09-07": {
					"avg": 140,
					"count": 3,
					"min": 25,
					"max": 370
				},
				"2023-09-08": {
					"avg": 264,
					"count": 8,
					"min": 85,
					"max": 468
				},
				"2023-09-09": {
					"avg": 109,
					"count": 6,
					"min": 25,
					"max": 148
				},
				"2023-09-10": {
					"avg": 192,
					"count": 3,
					"min": 58,
					"max": 368
				},
				"2023-09-11": {
					"avg": 238,
					"count": 7,
					"min": 25,
					"max": 405
				},
				"2023-09-12": {
					"avg": 469,
					"count": 3,
					"min": 127,
					"max": 799
				},
				"2023-09-13": {
					"avg": 136,
					"count": 1,
					"min": 136,
					"max": 136
				},
				"2023-09-14": {
					"avg": 123,
					"count": 5,
					"min": 80,
					"max": 221
				},
				"2023-09-15": {
					"avg": 542,
					"count": 2,
					"min": 225,
					"max": 858
				},
				"2023-09-16": {
					"avg": 370,
					"count": 2,
					"min": 113,
					"max": 627
				},
				"2023-09-17": {
					"avg": 168,
					"count": 18,
					"min": 32,
					"max": 294
				},
				"2023-09-18": {
					"avg": 105,
					"count": 4,
					"min": 36,
					"max": 181
				},
				"2023-09-19": {
					"avg": 202,
					"count": 6,
					"min": 25,
					"max": 374
				},
				"2023-09-20": {
					"avg": 227,
					"count": 3,
					"min": 149,
					"max": 370
				},
				"2023-09-21": {
					"avg": 90,
					"count": 2,
					"min": 80,
					"max": 100
				},
				"2023-09-22": {
					"avg": 419,
					"count": 15,
					"min": 349,
					"max": 499
				},
				"2023-09-23": {
					"avg": 161,
					"count": 2,
					"min": 149,
					"max": 172
				},
				"2023-09-24": {
					"avg": 1160,
					"count": 2,
					"min": 319,
					"max": 2000
				},
				"2023-09-25": {
					"avg": 194,
					"count": 4,
					"min": 31,
					"max": 463
				},
				"2023-09-26": {
					"avg": 358,
					"count": 4,
					"min": 90,
					"max": 598
				},
				"2023-09-27": {
					"avg": 233,
					"count": 6,
					"min": 78,
					"max": 449
				},
				"2023-09-28": {
					"avg": 379,
					"count": 4,
					"min": 246,
					"max": 569
				},
				"2023-09-29": {
					"avg": 238,
					"count": 1,
					"min": 238,
					"max": 238
				},
				"2023-09-30": {
					"avg": 364,
					"count": 6,
					"min": 119,
					"max": 1198
				},
				"2023-10-01": {
					"avg": 184,
					"count": 5,
					"min": 93,
					"max": 349
				},
				"2023-10-02": {
					"avg": 99,
					"count": 1,
					"min": 99,
					"max": 99
				},
				"2023-10-03": {
					"avg": 317,
					"count": 7,
					"min": 69,
					"max": 1198
				},
				"2023-10-04": {
					"avg": 217,
					"count": 2,
					"min": 69,
					"max": 365
				},
				"2023-10-05": {
					"avg": 294,
					"count": 4,
					"min": 144,
					"max": 495
				},
				"2023-10-06": {
					"avg": 340,
					"count": 6,
					"min": 75,
					"max": 858
				},
				"2023-10-07": {
					"avg": 128,
					"count": 3,
					"min": 69,
					"max": 166
				},
				"2023-10-08": {
					"avg": 190,
					"count": 5,
					"min": 51,
					"max": 565
				},
				"2023-10-09": {
					"avg": 200,
					"count": 14,
					"min": 95,
					"max": 573
				},
				"2023-10-10": {
					"avg": 304,
					"count": 6,
					"min": 100,
					"max": 504
				},
				"2023-10-11": {
					"avg": 453,
					"count": 2,
					"min": 421,
					"max": 484
				},
				"2023-10-12": {
					"avg": 1196,
					"count": 1,
					"min": 1196,
					"max": 1196
				},
				"2023-10-13": {
					"avg": 109,
					"count": 14,
					"min": 13,
					"max": 294
				},
				"2023-10-14": {
					"avg": 255,
					"count": 4,
					"min": 96,
					"max": 387
				},
				"2023-10-15": {
					"avg": 204,
					"count": 3,
					"min": 100,
					"max": 367
				},
				"2023-10-16": {
					"avg": 513,
					"count": 2,
					"min": 77,
					"max": 948
				},
				"2023-10-17": {
					"avg": 311,
					"count": 4,
					"min": 111,
					"max": 385
				},
				"2023-10-18": {
					"avg": 203,
					"count": 3,
					"min": 135,
					"max": 338
				},
				"2023-10-19": {
					"avg": 299,
					"count": 2,
					"min": 198,
					"max": 399
				},
				"2023-10-20": {
					"avg": 236,
					"count": 5,
					"min": 80,
					"max": 349
				},
				"2023-10-21": {
					"avg": 186,
					"count": 3,
					"min": 85,
					"max": 349
				},
				"2023-10-22": {
					"avg": 210,
					"count": 6,
					"min": 69,
					"max": 349
				},
				"2023-10-23": {
					"avg": 873,
					"count": 1,
					"min": 873,
					"max": 873
				},
				"2023-10-24": {
					"avg": 183,
					"count": 3,
					"min": 149,
					"max": 215
				},
				"2023-10-25": {
					"avg": 200,
					"count": 2,
					"min": 35,
					"max": 365
				},
				"2023-10-26": {
					"avg": 177,
					"count": 4,
					"min": 85,
					"max": 349
				},
				"2023-10-27": {
					"avg": 213,
					"count": 4,
					"min": 75,
					"max": 569
				},
				"2023-10-28": {
					"avg": 346,
					"count": 4,
					"min": 225,
					"max": 421
				},
				"2023-10-29": {
					"avg": 336,
					"count": 6,
					"min": 75,
					"max": 945
				},
				"2023-10-30": {
					"avg": 846,
					"count": 3,
					"min": 398,
					"max": 1720
				},
				"2023-10-31": {
					"avg": 256,
					"count": 4,
					"min": 198,
					"max": 430
				},
				"2023-11-01": {
					"avg": 183,
					"count": 2,
					"min": 125,
					"max": 240
				},
				"2023-11-02": {
					"avg": 104,
					"count": 3,
					"min": 50,
					"max": 150
				},
				"2023-11-03": {
					"avg": 296,
					"count": 4,
					"min": 80,
					"max": 509
				},
				"2023-11-04": {
					"avg": 237,
					"count": 6,
					"min": 68,
					"max": 345
				},
				"2023-11-05": {
					"avg": 375,
					"count": 4,
					"min": 331,
					"max": 416
				},
				"2023-11-06": {
					"avg": 230,
					"count": 3,
					"min": 148,
					"max": 324
				},
				"2023-11-07": {
					"avg": 442,
					"count": 1,
					"min": 442,
					"max": 442
				},
				"2023-11-08": {
					"avg": 310,
					"count": 4,
					"min": 80,
					"max": 681
				},
				"2023-11-09": {
					"avg": 268,
					"count": 4,
					"min": 150,
					"max": 350
				},
				"2023-11-10": {
					"avg": 182,
					"count": 2,
					"min": 133,
					"max": 230
				},
				"2023-11-11": {
					"avg": 122,
					"count": 2,
					"min": 94,
					"max": 150
				},
				"2023-11-12": {
					"avg": 296,
					"count": 4,
					"min": 120,
					"max": 416
				},
				"2023-11-13": {
					"avg": 1098,
					"count": 1,
					"min": 1098,
					"max": 1098
				},
				"2023-11-14": {
					"avg": 131,
					"count": 9,
					"min": 125,
					"max": 179
				},
				"2023-11-15": {
					"avg": 175,
					"count": 7,
					"min": 35,
					"max": 424
				},
				"2023-11-16": {
					"avg": 650,
					"count": 1,
					"min": 650,
					"max": 650
				},
				"2023-11-17": {
					"avg": 210,
					"count": 3,
					"min": 71,
					"max": 400
				},
				"2023-11-18": {
					"avg": 325,
					"count": 2,
					"min": 100,
					"max": 549
				},
				"2023-11-20": {
					"avg": 122,
					"count": 3,
					"min": 99,
					"max": 167
				},
				"2023-11-21": {
					"avg": 434,
					"count": 5,
					"min": 125,
					"max": 749
				},
				"2023-11-22": {
					"avg": 136,
					"count": 3,
					"min": 124,
					"max": 146
				},
				"2023-11-23": {
					"avg": 157,
					"count": 3,
					"min": 125,
					"max": 198
				},
				"2023-11-24": {
					"avg": 234,
					"count": 33,
					"min": 100,
					"max": 549
				},
				"2023-11-25": {
					"avg": 279,
					"count": 5,
					"min": 93,
					"max": 591
				},
				"2023-11-26": {
					"avg": 222,
					"count": 6,
					"min": 114,
					"max": 343
				},
				"2023-11-27": {
					"avg": 227,
					"count": 4,
					"min": 50,
					"max": 412
				},
				"2024-05-15": {
					"avg": 199,
					"count": 1,
					"min": 199,
					"max": 199
				},
				"2024-05-16": {
					"avg": 497,
					"count": 3,
					"min": 267,
					"max": 801
				},
				"2024-05-17": {
					"avg": 180,
					"count": 43,
					"min": 22,
					"max": 599
				},
				"2024-05-18": {
					"avg": 267,
					"count": 29,
					"min": 36,
					"max": 606
				},
				"2024-05-20": {
					"avg": 323,
					"count": 2,
					"min": 246,
					"max": 399
				},
				"2024-05-21": {
					"avg": 227,
					"count": 3,
					"min": 33,
					"max": 421
				},
				"2024-05-22": {
					"avg": 150,
					"count": 3,
					"min": 112,
					"max": 226
				},
				"2024-05-24": {
					"avg": 246,
					"count": 1,
					"min": 246,
					"max": 246
				},
				"2024-05-26": {
					"avg": 223,
					"count": 1,
					"min": 223,
					"max": 223
				},
				"2024-05-27": {
					"avg": 348,
					"count": 1,
					"min": 348,
					"max": 348
				},
				"2024-05-28": {
					"avg": 137,
					"count": 1,
					"min": 137,
					"max": 137
				},
				"2024-05-29": {
					"avg": 237,
					"count": 1,
					"min": 237,
					"max": 237
				},
				"2024-05-30": {
					"avg": 285,
					"count": 2,
					"min": 185,
					"max": 384
				},
				"2024-05-31": {
					"avg": 125,
					"count": 1,
					"min": 125,
					"max": 125
				},
				"2024-06-01": {
					"avg": 161,
					"count": 3,
					"min": 149,
					"max": 185
				},
				"2024-06-03": {
					"avg": 125,
					"count": 1,
					"min": 125,
					"max": 125
				},
				"2024-06-04": {
					"avg": 185,
					"count": 1,
					"min": 185,
					"max": 185
				},
				"2024-06-05": {
					"avg": 125,
					"count": 1,
					"min": 125,
					"max": 125
				},
				"2024-06-06": {
					"avg": 153,
					"count": 2,
					"min": 120,
					"max": 185
				},
				"2024-06-07": {
					"avg": 143,
					"count": 1,
					"min": 143,
					"max": 143
				},
				"2024-06-08": {
					"avg": 239,
					"count": 3,
					"min": 224,
					"max": 268
				},
				"2024-06-09": {
					"avg": 198,
					"count": 3,
					"min": 185,
					"max": 225
				},
				"2024-06-10": {
					"avg": 265,
					"count": 1,
					"min": 265,
					"max": 265
				},
				"2024-06-11": {
					"avg": 250,
					"count": 4,
					"min": 143,
					"max": 324
				},
				"2024-06-12": {
					"avg": 233,
					"count": 2,
					"min": 224,
					"max": 242
				},
				"2024-06-13": {
					"avg": 203,
					"count": 1,
					"min": 203,
					"max": 203
				},
				"2024-06-14": {
					"avg": 263,
					"count": 1,
					"min": 263,
					"max": 263
				},
				"2024-06-15": {
					"avg": 295,
					"count": 5,
					"min": 125,
					"max": 703
				},
				"2024-06-16": {
					"avg": 265,
					"count": 1,
					"min": 265,
					"max": 265
				},
				"2024-06-17": {
					"avg": 223,
					"count": 3,
					"min": 223,
					"max": 224
				},
				"2024-06-18": {
					"avg": 247,
					"count": 2,
					"min": 246,
					"max": 247
				},
				"2024-06-19": {
					"avg": 203,
					"count": 1,
					"min": 203,
					"max": 203
				},
				"2024-06-20": {
					"avg": 174,
					"count": 2,
					"min": 125,
					"max": 223
				},
				"2024-06-21": {
					"avg": 223,
					"count": 1,
					"min": 223,
					"max": 223
				},
				"2024-06-25": {
					"avg": 185,
					"count": 2,
					"min": 156,
					"max": 214
				},
				"2024-06-26": {
					"avg": 358,
					"count": 1,
					"min": 358,
					"max": 358
				},
				"2024-06-27": {
					"avg": 262,
					"count": 3,
					"min": 203,
					"max": 344
				},
				"2024-06-28": {
					"avg": 115,
					"count": 1,
					"min": 115,
					"max": 115
				},
				"2024-06-29": {
					"avg": 257,
					"count": 9,
					"min": 165,
					"max": 292
				},
				"2024-06-30": {
					"avg": 249,
					"count": 4,
					"min": 125,
					"max": 371
				},
				"2024-07-02": {
					"avg": 203,
					"count": 1,
					"min": 203,
					"max": 203
				},
				"2024-07-03": {
					"avg": 301,
					"count": 2,
					"min": 236,
					"max": 366
				},
				"2024-07-04": {
					"avg": 216,
					"count": 5,
					"min": 169,
					"max": 310
				},
				"2024-07-06": {
					"avg": 184,
					"count": 1,
					"min": 184,
					"max": 184
				},
				"2024-07-07": {
					"avg": 235,
					"count": 2,
					"min": 223,
					"max": 247
				},
				"2024-07-08": {
					"avg": 125,
					"count": 1,
					"min": 125,
					"max": 125
				},
				"2024-07-09": {
					"avg": 220,
					"count": 2,
					"min": 175,
					"max": 265
				},
				"2024-07-10": {
					"avg": 195,
					"count": 1,
					"min": 195,
					"max": 195
				},
				"2024-07-11": {
					"avg": 728,
					"count": 2,
					"min": 236,
					"max": 1220
				},
				"2024-07-12": {
					"avg": 223,
					"count": 1,
					"min": 223,
					"max": 223
				},
				"2024-07-13": {
					"avg": 176,
					"count": 1,
					"min": 176,
					"max": 176
				},
				"2024-07-14": {
					"avg": 174,
					"count": 1,
					"min": 174,
					"max": 174
				},
				"2024-07-15": {
					"avg": 177,
					"count": 1,
					"min": 177,
					"max": 177
				},
				"2024-07-16": {
					"avg": 183,
					"count": 2,
					"min": 183,
					"max": 183
				},
				"2024-07-17": {
					"avg": 242,
					"count": 2,
					"min": 175,
					"max": 309
				},
				"2024-07-18": {
					"avg": 197,
					"count": 2,
					"min": 175,
					"max": 218
				},
				"2024-07-22": {
					"avg": 99,
					"count": 1,
					"min": 99,
					"max": 99
				},
				"2024-07-23": {
					"avg": 226,
					"count": 3,
					"min": 164,
					"max": 298
				},
				"2024-07-24": {
					"avg": 179,
					"count": 1,
					"min": 179,
					"max": 179
				},
				"2024-07-25": {
					"avg": 163,
					"count": 4,
					"min": 100,
					"max": 217
				},
				"2024-07-27": {
					"avg": 259,
					"count": 2,
					"min": 227,
					"max": 291
				},
				"2024-07-28": {
					"avg": 283,
					"count": 1,
					"min": 283,
					"max": 283
				},
				"2024-07-30": {
					"avg": 256,
					"count": 1,
					"min": 256,
					"max": 256
				},
				"2024-07-31": {
					"avg": 190,
					"count": 2,
					"min": 165,
					"max": 215
				},
				"2024-08-01": {
					"avg": 546,
					"count": 3,
					"min": 199,
					"max": 1238
				},
				"2024-08-02": {
					"avg": 131,
					"count": 1,
					"min": 131,
					"max": 131
				},
				"2024-08-03": {
					"avg": 197,
					"count": 1,
					"min": 197,
					"max": 197
				},
				"2024-08-04": {
					"avg": 190,
					"count": 4,
					"min": 158,
					"max": 255
				},
				"2024-08-05": {
					"avg": 211,
					"count": 3,
					"min": 198,
					"max": 219
				},
				"2024-08-07": {
					"avg": 216,
					"count": 2,
					"min": 205,
					"max": 226
				},
				"2024-08-11": {
					"avg": 209,
					"count": 4,
					"min": 155,
					"max": 226
				},
				"2024-08-13": {
					"avg": 97,
					"count": 1,
					"min": 97,
					"max": 97
				},
				"2024-08-16": {
					"avg": 528,
					"count": 2,
					"min": 231,
					"max": 825
				},
				"2024-08-17": {
					"avg": 347,
					"count": 4,
					"min": 150,
					"max": 738
				},
				"2024-08-18": {
					"avg": 153,
					"count": 2,
					"min": 89,
					"max": 216
				},
				"2024-08-19": {
					"avg": 143,
					"count": 2,
					"min": 89,
					"max": 196
				},
				"2024-08-20": {
					"avg": 160,
					"count": 11,
					"min": 89,
					"max": 265
				},
				"2024-08-21": {
					"avg": 223,
					"count": 1,
					"min": 223,
					"max": 223
				},
				"2024-08-24": {
					"avg": 310,
					"count": 7,
					"min": 154,
					"max": 337
				},
				"2024-08-25": {
					"avg": 124,
					"count": 5,
					"min": 92,
					"max": 154
				},
				"2024-08-29": {
					"avg": 129,
					"count": 2,
					"min": 124,
					"max": 133
				},
				"2024-08-30": {
					"avg": 100,
					"count": 1,
					"min": 100,
					"max": 100
				},
				"2024-08-31": {
					"avg": 376,
					"count": 3,
					"min": 124,
					"max": 781
				},
				"2024-09-01": {
					"avg": 302,
					"count": 2,
					"min": 267,
					"max": 337
				},
				"2024-09-03": {
					"avg": 175,
					"count": 4,
					"min": 87,
					"max": 214
				},
				"2024-09-04": {
					"avg": 227,
					"count": 1,
					"min": 227,
					"max": 227
				},
				"2024-09-05": {
					"avg": 160,
					"count": 3,
					"min": 90,
					"max": 215
				},
				"2024-09-06": {
					"avg": 242,
					"count": 2,
					"min": 226,
					"max": 257
				},
				"2024-09-07": {
					"avg": 136,
					"count": 1,
					"min": 136,
					"max": 136
				},
				"2024-09-08": {
					"avg": 279,
					"count": 4,
					"min": 87,
					"max": 658
				},
				"2024-09-09": {
					"avg": 240,
					"count": 1,
					"min": 240,
					"max": 240
				},
				"2024-09-11": {
					"avg": 430,
					"count": 2,
					"min": 137,
					"max": 723
				},
				"2024-09-12": {
					"avg": 140,
					"count": 1,
					"min": 140,
					"max": 140
				},
				"2024-09-14": {
					"avg": 124,
					"count": 1,
					"min": 124,
					"max": 124
				},
				"2024-09-15": {
					"avg": 149,
					"count": 1,
					"min": 149,
					"max": 149
				},
				"2024-09-16": {
					"avg": 183,
					"count": 5,
					"min": 139,
					"max": 283
				},
				"2024-09-17": {
					"avg": 191,
					"count": 5,
					"min": 168,
					"max": 224
				},
				"2024-09-18": {
					"avg": 215,
					"count": 1,
					"min": 215,
					"max": 215
				},
				"2024-09-19": {
					"avg": 193,
					"count": 3,
					"min": 72,
					"max": 255
				},
				"2024-09-20": {
					"avg": 124,
					"count": 1,
					"min": 124,
					"max": 124
				},
				"2024-09-21": {
					"avg": 237,
					"count": 2,
					"min": 222,
					"max": 251
				},
				"2024-09-22": {
					"avg": 260,
					"count": 2,
					"min": 198,
					"max": 322
				}
			},
			"avg": 248,
			"avg7": 225,
			"avg28": 225
		},
		"normal-played": {
			"history": {
				"2024-05-24": {
					"avg": 161,
					"count": 2,
					"min": 124,
					"max": 198
				},
				"2024-05-25": {
					"avg": 177,
					"count": 1,
					"min": 177,
					"max": 177
				},
				"2024-05-26": {
					"avg": 177,
					"count": 1,
					"min": 177,
					"max": 177
				},
				"2024-05-27": {
					"avg": 127,
					"count": 3,
					"min": 100,
					"max": 174
				},
				"2024-05-28": {
					"avg": 155,
					"count": 1,
					"min": 155,
					"max": 155
				},
				"2024-05-29": {
					"avg": 619,
					"count": 1,
					"min": 619,
					"max": 619
				},
				"2024-05-31": {
					"avg": 619,
					"count": 1,
					"min": 619,
					"max": 619
				},
				"2024-06-06": {
					"avg": 124,
					"count": 1,
					"min": 124,
					"max": 124
				},
				"2024-06-07": {
					"avg": 155,
					"count": 9,
					"min": 54,
					"max": 312
				},
				"2024-06-08": {
					"avg": 319,
					"count": 1,
					"min": 319,
					"max": 319
				},
				"2024-06-10": {
					"avg": 172,
					"count": 1,
					"min": 172,
					"max": 172
				},
				"2024-06-11": {
					"avg": 154,
					"count": 1,
					"min": 154,
					"max": 154
				},
				"2024-06-13": {
					"avg": 261,
					"count": 2,
					"min": 249,
					"max": 272
				},
				"2024-06-16": {
					"avg": 132,
					"count": 2,
					"min": 52,
					"max": 211
				},
				"2024-06-17": {
					"avg": 163,
					"count": 2,
					"min": 151,
					"max": 174
				},
				"2024-06-18": {
					"avg": 272,
					"count": 1,
					"min": 272,
					"max": 272
				},
				"2024-06-20": {
					"avg": 168,
					"count": 3,
					"min": 127,
					"max": 203
				},
				"2024-06-22": {
					"avg": 361,
					"count": 3,
					"min": 209,
					"max": 649
				},
				"2024-06-25": {
					"avg": 50,
					"count": 1,
					"min": 50,
					"max": 50
				},
				"2024-06-29": {
					"avg": 202,
					"count": 2,
					"min": 177,
					"max": 227
				},
				"2024-07-01": {
					"avg": 128,
					"count": 1,
					"min": 128,
					"max": 128
				},
				"2024-07-02": {
					"avg": 97,
					"count": 2,
					"min": 93,
					"max": 100
				},
				"2024-07-03": {
					"avg": 164,
					"count": 2,
					"min": 100,
					"max": 228
				},
				"2024-07-10": {
					"avg": 222,
					"count": 3,
					"min": 202,
					"max": 261
				},
				"2024-07-12": {
					"avg": 341,
					"count": 4,
					"min": 104,
					"max": 948
				},
				"2024-07-14": {
					"avg": 160,
					"count": 2,
					"min": 99,
					"max": 221
				},
				"2024-07-15": {
					"avg": 357,
					"count": 3,
					"min": 50,
					"max": 510
				},
				"2024-07-16": {
					"avg": 116,
					"count": 3,
					"min": 99,
					"max": 146
				},
				"2024-07-17": {
					"avg": 209,
					"count": 1,
					"min": 209,
					"max": 209
				},
				"2024-07-19": {
					"avg": 99,
					"count": 1,
					"min": 99,
					"max": 99
				},
				"2024-07-20": {
					"avg": 248,
					"count": 1,
					"min": 248,
					"max": 248
				},
				"2024-07-21": {
					"avg": 319,
					"count": 1,
					"min": 319,
					"max": 319
				},
				"2024-07-23": {
					"avg": 170,
					"count": 4,
					"min": 99,
					"max": 219
				},
				"2024-07-24": {
					"avg": 149,
					"count": 1,
					"min": 149,
					"max": 149
				},
				"2024-07-25": {
					"avg": 150,
					"count": 3,
					"min": 49,
					"max": 222
				},
				"2024-07-28": {
					"avg": 89,
					"count": 2,
					"min": 49,
					"max": 128
				},
				"2024-07-30": {
					"avg": 146,
					"count": 2,
					"min": 50,
					"max": 242
				},
				"2024-07-31": {
					"avg": 93,
					"count": 12,
					"min": 49,
					"max": 102
				},
				"2024-08-01": {
					"avg": 143,
					"count": 2,
					"min": 110,
					"max": 176
				},
				"2024-08-02": {
					"avg": 176,
					"count": 1,
					"min": 176,
					"max": 176
				},
				"2024-08-04": {
					"avg": 165,
					"count": 3,
					"min": 136,
					"max": 182
				},
				"2024-08-05": {
					"avg": 183,
					"count": 11,
					"min": 128,
					"max": 249
				},
				"2024-08-07": {
					"avg": 49,
					"count": 1,
					"min": 49,
					"max": 49
				},
				"2024-08-11": {
					"avg": 125,
					"count": 8,
					"min": 125,
					"max": 125
				},
				"2024-08-13": {
					"avg": 177,
					"count": 1,
					"min": 177,
					"max": 177
				},
				"2024-08-14": {
					"avg": 75,
					"count": 3,
					"min": 49,
					"max": 99
				},
				"2024-08-15": {
					"avg": 75,
					"count": 1,
					"min": 75,
					"max": 75
				},
				"2024-08-16": {
					"avg": 175,
					"count": 1,
					"min": 175,
					"max": 175
				},
				"2024-08-18": {
					"avg": 49,
					"count": 2,
					"min": 49,
					"max": 49
				},
				"2024-08-21": {
					"avg": 59,
					"count": 1,
					"min": 59,
					"max": 59
				},
				"2024-08-22": {
					"avg": 946,
					"count": 1,
					"min": 946,
					"max": 946
				},
				"2024-08-23": {
					"avg": 221,
					"count": 1,
					"min": 221,
					"max": 221
				},
				"2024-08-24": {
					"avg": 180,
					"count": 3,
					"min": 180,
					"max": 180
				},
				"2024-08-26": {
					"avg": 188,
					"count": 1,
					"min": 188,
					"max": 188
				},
				"2024-08-27": {
					"avg": 102,
					"count": 1,
					"min": 102,
					"max": 102
				},
				"2024-08-28": {
					"avg": 175,
					"count": 3,
					"min": 74,
					"max": 225
				},
				"2024-08-29": {
					"avg": 114,
					"count": 2,
					"min": 48,
					"max": 180
				},
				"2024-08-30": {
					"avg": 148,
					"count": 1,
					"min": 148,
					"max": 148
				},
				"2024-08-31": {
					"avg": 69,
					"count": 1,
					"min": 69,
					"max": 69
				},
				"2024-09-01": {
					"avg": 201,
					"count": 2,
					"min": 199,
					"max": 202
				},
				"2024-09-03": {
					"avg": 48,
					"count": 1,
					"min": 48,
					"max": 48
				},
				"2024-09-04": {
					"avg": 140,
					"count": 2,
					"min": 76,
					"max": 204
				},
				"2024-09-05": {
					"avg": 324,
					"count": 2,
					"min": 69,
					"max": 579
				},
				"2024-09-06": {
					"avg": 77,
					"count": 1,
					"min": 77,
					"max": 77
				},
				"2024-09-07": {
					"avg": 175,
					"count": 4,
					"min": 174,
					"max": 176
				},
				"2024-09-08": {
					"avg": 230,
					"count": 2,
					"min": 199,
					"max": 261
				},
				"2024-09-09": {
					"avg": 49,
					"count": 1,
					"min": 49,
					"max": 49
				},
				"2024-09-12": {
					"avg": 190,
					"count": 2,
					"min": 176,
					"max": 203
				},
				"2024-09-14": {
					"avg": 99,
					"count": 1,
					"min": 99,
					"max": 99
				},
				"2024-09-15": {
					"avg": 356,
					"count": 2,
					"min": 76,
					"max": 636
				},
				"2024-09-16": {
					"avg": 203,
					"count": 1,
					"min": 203,
					"max": 203
				},
				"2024-09-18": {
					"avg": 261,
					"count": 1,
					"min": 261,
					"max": 261
				},
				"2024-09-21": {
					"avg": 175,
					"count": 2,
					"min": 172,
					"max": 178
				},
				"2024-09-23": {
					"avg": 227,
					"count": 3,
					"min": 150,
					"max": 266
				}
			},
			"avg": 180,
			"avg7": -1,
			"avg28": -1
		},
		"normal-used": {
			"history": {
				"2024-05-23": {
					"avg": 50,
					"count": 1,
					"min": 50,
					"max": 50
				},
				"2024-05-27": {
					"avg": 177,
					"count": 1,
					"min": 177,
					"max": 177
				},
				"2024-06-07": {
					"avg": 51,
					"count": 1,
					"min": 51,
					"max": 51
				},
				"2024-06-09": {
					"avg": 257,
					"count": 1,
					"min": 257,
					"max": 257
				},
				"2024-06-13": {
					"avg": 68,
					"count": 3,
					"min": 68,
					"max": 68
				},
				"2024-06-15": {
					"avg": 152,
					"count": 2,
					"min": 151,
					"max": 152
				},
				"2024-06-20": {
					"avg": 172,
					"count": 1,
					"min": 172,
					"max": 172
				},
				"2024-06-21": {
					"avg": 151,
					"count": 1,
					"min": 151,
					"max": 151
				},
				"2024-06-23": {
					"avg": 664,
					"count": 6,
					"min": 664,
					"max": 664
				},
				"2024-06-25": {
					"avg": 187,
					"count": 2,
					"min": 152,
					"max": 221
				},
				"2024-06-28": {
					"avg": 51,
					"count": 1,
					"min": 51,
					"max": 51
				},
				"2024-06-29": {
					"avg": 349,
					"count": 1,
					"min": 349,
					"max": 349
				},
				"2024-06-30": {
					"avg": 148,
					"count": 1,
					"min": 148,
					"max": 148
				},
				"2024-07-01": {
					"avg": 55,
					"count": 3,
					"min": 55,
					"max": 55
				},
				"2024-07-03": {
					"avg": 74,
					"count": 1,
					"min": 74,
					"max": 74
				},
				"2024-07-11": {
					"avg": 40,
					"count": 2,
					"min": 39,
					"max": 40
				},
				"2024-07-16": {
					"avg": 99,
					"count": 1,
					"min": 99,
					"max": 99
				},
				"2024-07-19": {
					"avg": 157,
					"count": 1,
					"min": 157,
					"max": 157
				},
				"2024-07-23": {
					"avg": 150,
					"count": 3,
					"min": 148,
					"max": 151
				},
				"2024-07-24": {
					"avg": 51,
					"count": 1,
					"min": 51,
					"max": 51
				},
				"2024-07-25": {
					"avg": 152,
					"count": 1,
					"min": 152,
					"max": 152
				},
				"2024-07-28": {
					"avg": 90,
					"count": 2,
					"min": 28,
					"max": 151
				},
				"2024-08-05": {
					"avg": 197,
					"count": 5,
					"min": 158,
					"max": 223
				},
				"2024-08-10": {
					"avg": 57,
					"count": 1,
					"min": 57,
					"max": 57
				},
				"2024-08-11": {
					"avg": 78,
					"count": 11,
					"min": 76,
					"max": 87
				},
				"2024-08-13": {
					"avg": 152,
					"count": 1,
					"min": 152,
					"max": 152
				},
				"2024-08-16": {
					"avg": 158,
					"count": 2,
					"min": 158,
					"max": 158
				},
				"2024-08-17": {
					"avg": 104,
					"count": 1,
					"min": 104,
					"max": 104
				},
				"2024-08-18": {
					"avg": 156,
					"count": 2,
					"min": 155,
					"max": 157
				},
				"2024-08-22": {
					"avg": 50,
					"count": 1,
					"min": 50,
					"max": 50
				},
				"2024-08-23": {
					"avg": 196,
					"count": 1,
					"min": 196,
					"max": 196
				},
				"2024-08-27": {
					"avg": 97,
					"count": 3,
					"min": 30,
					"max": 162
				},
				"2024-08-28": {
					"avg": 1098,
					"count": 1,
					"min": 1098,
					"max": 1098
				},
				"2024-08-31": {
					"avg": 104,
					"count": 1,
					"min": 104,
					"max": 104
				},
				"2024-09-03": {
					"avg": 53,
					"count": 1,
					"min": 53,
					"max": 53
				},
				"2024-09-04": {
					"avg": 34,
					"count": 2,
					"min": 25,
					"max": 42
				},
				"2024-09-05": {
					"avg": 144,
					"count": 1,
					"min": 144,
					"max": 144
				},
				"2024-09-06": {
					"avg": 171,
					"count": 4,
					"min": 151,
					"max": 190
				},
				"2024-09-10": {
					"avg": 76,
					"count": 1,
					"min": 76,
					"max": 76
				},
				"2024-09-12": {
					"avg": 178,
					"count": 1,
					"min": 178,
					"max": 178
				},
				"2024-09-13": {
					"avg": 10,
					"count": 1,
					"min": 10,
					"max": 10
				},
				"2024-09-16": {
					"avg": 75,
					"count": 1,
					"min": 75,
					"max": 75
				},
				"2024-09-20": {
					"avg": 167,
					"count": 1,
					"min": 167,
					"max": 167
				},
				"2024-09-22": {
					"avg": 134,
					"count": 1,
					"min": 134,
					"max": 134
				},
				"2024-09-23": {
					"avg": 75,
					"count": 1,
					"min": 75,
					"max": 75
				}
			},
			"avg": 169,
			"avg7": -1,
			"avg28": -1
		},
		"normal-nearmint": {
			"history": {
				"2024-05-25": {
					"avg": 448,
					"count": 1,
					"min": 448,
					"max": 448
				},
				"2024-05-26": {
					"avg": 361,
					"count": 2,
					"min": 300,
					"max": 422
				},
				"2024-05-27": {
					"avg": 685,
					"count": 2,
					"min": 422,
					"max": 948
				},
				"2024-05-30": {
					"avg": 393,
					"count": 2,
					"min": 338,
					"max": 448
				},
				"2024-06-02": {
					"avg": 300,
					"count": 2,
					"min": 239,
					"max": 361
				},
				"2024-06-03": {
					"avg": 298,
					"count": 2,
					"min": 235,
					"max": 361
				},
				"2024-06-04": {
					"avg": 296,
					"count": 2,
					"min": 235,
					"max": 357
				},
				"2024-06-05": {
					"avg": 299,
					"count": 2,
					"min": 299,
					"max": 299
				},
				"2024-06-06": {
					"avg": 385,
					"count": 2,
					"min": 299,
					"max": 471
				},
				"2024-06-07": {
					"avg": 356,
					"count": 1,
					"min": 356,
					"max": 356
				},
				"2024-06-11": {
					"avg": 297,
					"count": 1,
					"min": 297,
					"max": 297
				},
				"2024-06-13": {
					"avg": 356,
					"count": 1,
					"min": 356,
					"max": 356
				},
				"2024-06-14": {
					"avg": 349,
					"count": 1,
					"min": 349,
					"max": 349
				},
				"2024-06-15": {
					"avg": 421,
					"count": 1,
					"min": 421,
					"max": 421
				},
				"2024-06-16": {
					"avg": 447,
					"count": 2,
					"min": 324,
					"max": 570
				},
				"2024-06-17": {
					"avg": 336,
					"count": 1,
					"min": 336,
					"max": 336
				},
				"2024-06-18": {
					"avg": 297,
					"count": 1,
					"min": 297,
					"max": 297
				},
				"2024-06-20": {
					"avg": 332,
					"count": 3,
					"min": 324,
					"max": 347
				},
				"2024-06-21": {
					"avg": 372,
					"count": 1,
					"min": 372,
					"max": 372
				},
				"2024-06-22": {
					"avg": 325,
					"count": 1,
					"min": 325,
					"max": 325
				},
				"2024-06-23": {
					"avg": 297,
					"count": 1,
					"min": 297,
					"max": 297
				},
				"2024-06-24": {
					"avg": 297,
					"count": 1,
					"min": 297,
					"max": 297
				},
				"2024-06-27": {
					"avg": 347,
					"count": 1,
					"min": 347,
					"max": 347
				},
				"2024-06-29": {
					"avg": 645,
					"count": 3,
					"min": 260,
					"max": 1294
				},
				"2024-06-30": {
					"avg": 347,
					"count": 1,
					"min": 347,
					"max": 347
				},
				"2024-07-02": {
					"avg": 383,
					"count": 1,
					"min": 383,
					"max": 383
				},
				"2024-07-03": {
					"avg": 398,
					"count": 1,
					"min": 398,
					"max": 398
				},
				"2024-07-05": {
					"avg": 270,
					"count": 2,
					"min": 270,
					"max": 270
				},
				"2024-07-06": {
					"avg": 561,
					"count": 3,
					"min": 297,
					"max": 692
				},
				"2024-07-07": {
					"avg": 270,
					"count": 1,
					"min": 270,
					"max": 270
				},
				"2024-07-08": {
					"avg": 435,
					"count": 1,
					"min": 435,
					"max": 435
				},
				"2024-07-11": {
					"avg": 239,
					"count": 3,
					"min": 148,
					"max": 297
				},
				"2024-07-12": {
					"avg": 148,
					"count": 1,
					"min": 148,
					"max": 148
				},
				"2024-07-14": {
					"avg": 270,
					"count": 1,
					"min": 270,
					"max": 270
				},
				"2024-07-15": {
					"avg": 1294,
					"count": 1,
					"min": 1294,
					"max": 1294
				},
				"2024-07-16": {
					"avg": 286,
					"count": 2,
					"min": 275,
					"max": 297
				},
				"2024-07-17": {
					"avg": 230,
					"count": 1,
					"min": 230,
					"max": 230
				},
				"2024-07-18": {
					"avg": 148,
					"count": 1,
					"min": 148,
					"max": 148
				},
				"2024-07-19": {
					"avg": 304,
					"count": 6,
					"min": 299,
					"max": 327
				},
				"2024-07-20": {
					"avg": 293,
					"count": 2,
					"min": 289,
					"max": 297
				},
				"2024-07-21": {
					"avg": 343,
					"count": 2,
					"min": 325,
					"max": 361
				},
				"2024-07-22": {
					"avg": 325,
					"count": 2,
					"min": 297,
					"max": 352
				},
				"2024-07-25": {
					"avg": 326,
					"count": 1,
					"min": 326,
					"max": 326
				},
				"2024-07-26": {
					"avg": 225,
					"count": 1,
					"min": 225,
					"max": 225
				},
				"2024-07-28": {
					"avg": 307,
					"count": 2,
					"min": 225,
					"max": 388
				},
				"2024-08-01": {
					"avg": 312,
					"count": 2,
					"min": 297,
					"max": 327
				},
				"2024-08-03": {
					"avg": 335,
					"count": 2,
					"min": 325,
					"max": 345
				},
				"2024-08-04": {
					"avg": 302,
					"count": 3,
					"min": 261,
					"max": 348
				},
				"2024-08-05": {
					"avg": 222,
					"count": 1,
					"min": 222,
					"max": 222
				},
				"2024-08-07": {
					"avg": 248,
					"count": 2,
					"min": 205,
					"max": 290
				},
				"2024-08-08": {
					"avg": 1096,
					"count": 1,
					"min": 1096,
					"max": 1096
				},
				"2024-08-09": {
					"avg": 216,
					"count": 1,
					"min": 216,
					"max": 216
				},
				"2024-08-10": {
					"avg": 216,
					"count": 1,
					"min": 216,
					"max": 216
				},
				"2024-08-12": {
					"avg": 297,
					"count": 1,
					"min": 297,
					"max": 297
				},
				"2024-08-13": {
					"avg": 297,
					"count": 1,
					"min": 297,
					"max": 297
				},
				"2024-08-14": {
					"avg": 297,
					"count": 1,
					"min": 297,
					"max": 297
				},
				"2024-08-15": {
					"avg": 336,
					"count": 2,
					"min": 328,
					"max": 344
				},
				"2024-08-16": {
					"avg": 374,
					"count": 4,
					"min": 366,
					"max": 398
				},
				"2024-08-17": {
					"avg": 497,
					"count": 1,
					"min": 497,
					"max": 497
				},
				"2024-08-18": {
					"avg": 429,
					"count": 3,
					"min": 398,
					"max": 471
				},
				"2024-08-19": {
					"avg": 309,
					"count": 1,
					"min": 309,
					"max": 309
				},
				"2024-08-21": {
					"avg": 301,
					"count": 3,
					"min": 297,
					"max": 309
				},
				"2024-08-23": {
					"avg": 509,
					"count": 2,
					"min": 297,
					"max": 721
				},
				"2024-08-24": {
					"avg": 197,
					"count": 1,
					"min": 197,
					"max": 197
				},
				"2024-08-26": {
					"avg": 1094,
					"count": 1,
					"min": 1094,
					"max": 1094
				},
				"2024-08-27": {
					"avg": 231,
					"count": 2,
					"min": 197,
					"max": 265
				},
				"2024-08-28": {
					"avg": 341,
					"count": 2,
					"min": 327,
					"max": 355
				},
				"2024-08-29": {
					"avg": 284,
					"count": 2,
					"min": 258,
					"max": 309
				},
				"2024-08-31": {
					"avg": 258,
					"count": 1,
					"min": 258,
					"max": 258
				},
				"2024-09-01": {
					"avg": 452,
					"count": 3,
					"min": 258,
					"max": 798
				},
				"2024-09-04": {
					"avg": 317,
					"count": 3,
					"min": 298,
					"max": 327
				},
				"2024-09-05": {
					"avg": 377,
					"count": 2,
					"min": 299,
					"max": 454
				},
				"2024-09-07": {
					"avg": 365,
					"count": 3,
					"min": 299,
					"max": 398
				},
				"2024-09-10": {
					"avg": 265,
					"count": 1,
					"min": 265,
					"max": 265
				},
				"2024-09-11": {
					"avg": 340,
					"count": 3,
					"min": 325,
					"max": 347
				},
				"2024-09-12": {
					"avg": 248,
					"count": 1,
					"min": 248,
					"max": 248
				},
				"2024-09-14": {
					"avg": 352,
					"count": 1,
					"min": 352,
					"max": 352
				},
				"2024-09-16": {
					"avg": 327,
					"count": 2,
					"min": 326,
					"max": 327
				},
				"2024-09-17": {
					"avg": 341,
					"count": 3,
					"min": 299,
					"max": 398
				},
				"2024-09-18": {
					"avg": 338,
					"count": 4,
					"min": 250,
					"max": 384
				},
				"2024-09-19": {
					"avg": 593,
					"count": 2,
					"min": 312,
					"max": 873
				},
				"2024-09-20": {
					"avg": 354,
					"count": 2,
					"min": 256,
					"max": 452
				},
				"2024-09-21": {
					"avg": 445,
					"count": 2,
					"min": 389,
					"max": 501
				},
				"2024-09-22": {
					"avg": 472,
					"count": 2,
					"min": 472,
					"max": 472
				},
				"2024-09-23": {
					"avg": 303,
					"count": 2,
					"min": 278,
					"max": 327
				}
			},
			"avg": 366,
			"avg7": -1,
			"avg28": -1
		},
		"normal-poor": {
			"history": {
				"2024-05-25": {
					"avg": 147,
					"count": 1,
					"min": 147,
					"max": 147
				},
				"2024-05-28": {
					"avg": 149,
					"count": 1,
					"min": 149,
					"max": 149
				},
				"2024-05-29": {
					"avg": 249,
					"count": 1,
					"min": 249,
					"max": 249
				},
				"2024-06-15": {
					"avg": 161,
					"count": 1,
					"min": 161,
					"max": 161
				},
				"2024-06-16": {
					"avg": 59,
					"count": 1,
					"min": 59,
					"max": 59
				},
				"2024-06-17": {
					"avg": 129,
					"count": 2,
					"min": 129,
					"max": 129
				},
				"2024-06-20": {
					"avg": 149,
					"count": 1,
					"min": 149,
					"max": 149
				},
				"2024-06-23": {
					"avg": 609,
					"count": 7,
					"min": 609,
					"max": 609
				},
				"2024-06-29": {
					"avg": 147,
					"count": 1,
					"min": 147,
					"max": 147
				},
				"2024-06-30": {
					"avg": 199,
					"count": 3,
					"min": 138,
					"max": 320
				},
				"2024-07-04": {
					"avg": 199,
					"count": 4,
					"min": 199,
					"max": 199
				},
				"2024-07-08": {
					"avg": 120,
					"count": 1,
					"min": 120,
					"max": 120
				},
				"2024-07-10": {
					"avg": 15,
					"count": 1,
					"min": 15,
					"max": 15
				},
				"2024-07-23": {
					"avg": 131,
					"count": 6,
					"min": 49,
					"max": 152
				},
				"2024-07-26": {
					"avg": 55,
					"count": 1,
					"min": 55,
					"max": 55
				},
				"2024-08-03": {
					"avg": 46,
					"count": 1,
					"min": 46,
					"max": 46
				},
				"2024-08-05": {
					"avg": 80,
					"count": 2,
					"min": 23,
					"max": 137
				},
				"2024-08-08": {
					"avg": 49,
					"count": 1,
					"min": 49,
					"max": 49
				},
				"2024-08-16": {
					"avg": 81,
					"count": 12,
					"min": 49,
					"max": 170
				},
				"2024-08-17": {
					"avg": 152,
					"count": 1,
					"min": 152,
					"max": 152
				},
				"2024-08-20": {
					"avg": 46,
					"count": 1,
					"min": 46,
					"max": 46
				},
				"2024-08-26": {
					"avg": 159,
					"count": 1,
					"min": 159,
					"max": 159
				},
				"2024-08-29": {
					"avg": 39,
					"count": 1,
					"min": 39,
					"max": 39
				},
				"2024-08-31": {
					"avg": 162,
					"count": 1,
					"min": 162,
					"max": 162
				},
				"2024-09-05": {
					"avg": 112,
					"count": 5,
					"min": 46,
					"max": 166
				},
				"2024-09-06": {
					"avg": 70,
					"count": 2,
					"min": 70,
					"max": 70
				},
				"2024-09-09": {
					"avg": 165,
					"count": 1,
					"min": 165,
					"max": 165
				},
				"2024-09-11": {
					"avg": 173,
					"count": 1,
					"min": 173,
					"max": 173
				},
				"2024-09-13": {
					"avg": 273,
					"count": 5,
					"min": 187,
					"max": 593
				},
				"2024-09-18": {
					"avg": 233,
					"count": 2,
					"min": 170,
					"max": 295
				},
				"2024-09-23": {
					"avg": 55,
					"count": 1,
					"min": 55,
					"max": 55
				}
			},
			"avg": 181,
			"avg7": -1,
			"avg28": -1
		}
	}
}