{
	"data": {
		"holo-good": {
			"history": {
				"2022-11-12": {
					"avg": 8889,
					"count": 3
				},
				"2022-11-13": {
					"avg": 2349,
					"count": 1
				},
				"2022-11-14": {
					"avg": 6499,
					"count": 1
				},
				"2022-11-15": {
					"avg": 4499,
					"count": 1
				},
				"2022-11-17": {
					"avg": 10099,
					"count": 1
				},
				"2022-11-19": {
					"avg": 4598,
					"count": 1,
					"min": 4598,
					"max": 4598
				},
				"2022-11-20": {
					"avg": 8765,
					"count": 3,
					"min": 6499,
					"max": 10399
				},
				"2022-11-21": {
					"avg": 2679,
					"count": 5,
					"min": 2400,
					"max": 2749
				},
				"2022-11-22": {
					"avg": 6200,
					"count": 1,
					"min": 6200,
					"max": 6200
				},
				"2022-11-23": {
					"avg": 7749,
					"count": 5,
					"min": 4499,
					"max": 9398
				},
				"2022-11-24": {
					"avg": 6996,
					"count": 1,
					"min": 6996,
					"max": 6996
				},
				"2022-11-25": {
					"avg": 4155,
					"count": 18,
					"min": 2034,
					"max": 16999
				},
				"2022-11-26": {
					"avg": 1974,
					"count": 1,
					"min": 1974,
					"max": 1974
				},
				"2022-11-27": {
					"avg": 11773,
					"count": 2,
					"min": 6297,
					"max": 17248
				},
				"2022-11-28": {
					"avg": 2359,
					"count": 2,
					"min": 2119,
					"max": 2599
				},
				"2022-11-29": {
					"avg": 4889,
					"count": 5,
					"min": 2599,
					"max": 7000
				},
				"2022-11-30": {
					"avg": 6724,
					"count": 4,
					"min": 4999,
					"max": 7498
				},
				"2022-12-02": {
					"avg": 4646,
					"count": 3,
					"min": 1899,
					"max": 7000
				},
				"2022-12-03": {
					"avg": 6463,
					"count": 4,
					"min": 2700,
					"max": 9399
				},
				"2022-12-04": {
					"avg": 4060,
					"count": 3,
					"min": 2733,
					"max": 5349
				},
				"2022-12-05": {
					"avg": 9598,
					"count": 1,
					"min": 9598,
					"max": 9598
				},
				"2022-12-07": {
					"avg": 4968,
					"count": 8,
					"min": 4220,
					"max": 6099
				},
				"2022-12-09": {
					"avg": 5499,
					"count": 1,
					"min": 5499,
					"max": 5499
				},
				"2022-12-10": {
					"avg": 4126,
					"count": 6,
					"min": 2124,
					"max": 6097
				},
				"2022-12-11": {
					"avg": 7403,
					"count": 6,
					"min": 1625,
					"max": 13999
				},
				"2022-12-12": {
					"avg": 2911,
					"count": 1,
					"min": 2911,
					"max": 2911
				},
				"2022-12-13": {
					"avg": 2875,
					"count": 1,
					"min": 2875,
					"max": 2875
				},
				"2022-12-14": {
					"avg": 5662,
					"count": 6,
					"min": 1720,
					"max": 14574
				},
				"2022-12-15": {
					"avg": 10699,
					"count": 2,
					"min": 9399,
					"max": 11999
				},
				"2022-12-16": {
					"avg": 4752,
					"count": 17,
					"min": 1714,
					"max": 6899
				},
				"2022-12-17": {
					"avg": 3224,
					"count": 5,
					"min": 1900,
					"max": 6499
				},
				"2022-12-19": {
					"avg": 11727,
					"count": 4,
					"min": 5160,
					"max": 18248
				},
				"2022-12-20": {
					"avg": 3044,
					"count": 4,
					"min": 1699,
					"max": 6570
				},
				"2022-12-21": {
					"avg": 6249,
					"count": 2,
					"min": 4499,
					"max": 7999
				},
				"2022-12-22": {
					"avg": 3483,
					"count": 4,
					"min": 2750,
					"max": 5227
				},
				"2022-12-23": {
					"avg": 2582,
					"count": 7,
					"min": 1955,
					"max": 6005
				},
				"2022-12-24": {
					"avg": 3517,
					"count": 5,
					"min": 2295,
					"max": 6995
				},
				"2022-12-25": {
					"avg": 4339,
					"count": 2,
					"min": 2672,
					"max": 6005
				},
				"2022-12-26": {
					"avg": 6353,
					"count": 3,
					"min": 6030,
					"max": 7000
				},
				"2022-12-27": {
					"avg": 8543,
					"count": 7,
					"min": 6299,
					"max": 12689
				},
				"2022-12-28": {
					"avg": 5865,
					"count": 3,
					"min": 2997,
					"max": 7999
				},
				"2022-12-29": {
					"avg": 5061,
					"count": 10,
					"min": 2030,
					"max": 12098
				},
				"2022-12-30": {
					"avg": 6575,
					"count": 2,
					"min": 4250,
					"max": 8900
				},
				"2022-12-31": {
					"avg": 3310,
					"count": 1,
					"min": 3310,
					"max": 3310
				},
				"2023-01-01": {
					"avg": 11063,
					"count": 1,
					"min": 11063,
					"max": 11063
				},
				"2023-01-02": {
					"avg": 5237,
					"count": 5,
					"min": 2443,
					"max": 12098
				},
				"2023-01-03": {
					"avg": 7387,
					"count": 2,
					"min": 2574,
					"max": 12200
				},
				"2023-01-04": {
					"avg": 4653,
					"count": 6,
					"min": 3000,
					"max": 6499
				},
				"2023-01-05": {
					"avg": 7325,
					"count": 3,
					"min": 4599,
					"max": 12378
				},
				"2023-01-07": {
					"avg": 5722,
					"count": 8,
					"min": 1993,
					"max": 11560
				},
				"2023-01-08": {
					"avg": 4148,
					"count": 2,
					"min": 3098,
					"max": 5197
				},
				"2023-01-09": {
					"avg": 5696,
					"count": 3,
					"min": 5696,
					"max": 5696
				},
				"2023-01-10": {
					"avg": 7645,
					"count": 14,
					"min": 2691,
					"max": 10050
				},
				"2023-01-12": {
					"avg": 4983,
					"count": 7,
					"min": 1720,
					"max": 12098
				},
				"2023-02-06": {
					"avg": 6057,
					"count": 5,
					"min": 2831,
					"max": 8259
				},
				"2023-02-07": {
					"avg": 8824,
					"count": 4,
					"min": 8099,
					"max": 10999
				},
				"2023-02-09": {
					"avg": 4349,
					"count": 2,
					"min": 4099,
					"max": 4599
				},
				"2023-02-10": {
					"avg": 6998,
					"count": 4,
					"min": 2996,
					"max": 11199
				},
				"2023-02-11": {
					"avg": 4732,
					"count": 10,
					"min": 2437,
					"max": 11999
				},
				"2023-02-12": {
					"avg": 7500,
					"count": 2,
					"min": 7499,
					"max": 7500
				},
				"2023-02-13": {
					"avg": 5566,
					"count": 3,
					"min": 4099,
					"max": 6499
				},
				"2023-02-14": {
					"avg": 8299,
					"count": 5,
					"min": 7500,
					"max": 8499
				},
				"2023-02-15": {
					"avg": 3511,
					"count": 3,
					"min": 3021,
					"max": 4444
				},
				"2023-02-16": {
					"avg": 4199,
					"count": 2,
					"min": 3099,
					"max": 5299
				},
				"2023-02-17": {
					"avg": 19650,
					"count": 3,
					"min": 3349,
					"max": 50499
				},
				"2023-02-18": {
					"avg": 8012,
					"count": 3,
					"min": 2539,
					"max": 13998
				},
				"2023-02-19": {
					"avg": 5411,
					"count": 8,
					"min": 2799,
					"max": 8499
				},
				"2023-02-20": {
					"avg": 4810,
					"count": 7,
					"min": 2893,
					"max": 5409
				},
				"2023-02-21": {
					"avg": 5548,
					"count": 6,
					"min": 2996,
					"max": 12099
				},
				"2023-02-22": {
					"avg": 3116,
					"count": 1,
					"min": 3116,
					"max": 3116
				},
				"2023-02-23": {
					"avg": 8799,
					"count": 6,
					"min": 2997,
					"max": 18999
				},
				"2023-02-24": {
					"avg": 6952,
					"count": 4,
					"min": 5348,
					"max": 7629
				},
				"2023-02-25": {
					"avg": 8999,
					"count": 2,
					"min": 7499,
					"max": 10499
				},
				"2023-02-26": {
					"avg": 4341,
					"count": 6,
					"min": 2269,
					"max": 9098
				},
				"2023-02-27": {
					"avg": 7317,
					"count": 2,
					"min": 5448,
					"max": 9186
				},
				"2023-02-28": {
					"avg": 7183,
					"count": 3,
					"min": 2151,
					"max": 10599
				},
				"2023-03-01": {
					"avg": 6306,
					"count": 3,
					"min": 3325,
					"max": 10599
				},
				"2023-03-02": {
					"avg": 8274,
					"count": 2,
					"min": 2648,
					"max": 13899
				},
				"2023-03-03": {
					"avg": 3497,
					"count": 1,
					"min": 3497,
					"max": 3497
				},
				"2023-03-04": {
					"avg": 6316,
					"count": 3,
					"min": 4099,
					"max": 7500
				},
				"2023-03-05": {
					"avg": 4798,
					"count": 9,
					"min": 3599,
					"max": 7399
				},
				"2023-03-06": {
					"avg": 8040,
					"count": 5,
					"min": 4921,
					"max": 12449
				},
				"2023-03-07": {
					"avg": 2989,
					"count": 3,
					"min": 2399,
					"max": 3569
				},
				"2023-03-08": {
					"avg": 6936,
					"count": 4,
					"min": 2498,
					"max": 15599
				},
				"2023-03-09": {
					"avg": 8743,
					"count": 4,
					"min": 7350,
					"max": 12599
				},
				"2023-03-10": {
					"avg": 2997,
					"count": 1,
					"min": 2997,
					"max": 2997
				},
				"2023-03-11": {
					"avg": 6311,
					"count": 6,
					"min": 4199,
					"max": 7945
				},
				"2023-03-12": {
					"avg": 2561,
					"count": 4,
					"min": 2375,
					"max": 2997
				},
				"2023-03-13": {
					"avg": 4699,
					"count": 3,
					"min": 2998,
					"max": 7350
				},
				"2023-03-14": {
					"avg": 2499,
					"count": 1,
					"min": 2499,
					"max": 2499
				},
				"2023-03-15": {
					"avg": 3024,
					"count": 2,
					"min": 2648,
					"max": 3399
				},
				"2023-03-16": {
					"avg": 6099,
					"count": 3,
					"min": 2099,
					"max": 8299
				},
				"2023-03-17": {
					"avg": 9703,
					"count": 5,
					"min": 3290,
					"max": 18399
				},
				"2023-03-18": {
					"avg": 5749,
					"count": 2,
					"min": 3399,
					"max": 8099
				},
				"2023-03-21": {
					"avg": 4449,
					"count": 2,
					"min": 4200,
					"max": 4698
				},
				"2023-03-22": {
					"avg": 6618,
					"count": 5,
					"min": 2597,
					"max": 10099
				},
				"2023-03-23": {
					"avg": 4639,
					"count": 4,
					"min": 2299,
					"max": 8000
				},
				"2023-03-24": {
					"avg": 6750,
					"count": 3,
					"min": 4699,
					"max": 8050
				},
				"2023-03-25": {
					"avg": 6206,
					"count": 7,
					"min": 2500,
					"max": 8050
				},
				"2023-03-26": {
					"avg": 8385,
					"count": 3,
					"min": 8037,
					"max": 8950
				},
				"2023-03-28": {
					"avg": 6176,
					"count": 2,
					"min": 3856,
					"max": 8495
				},
				"2023-03-29": {
					"avg": 2599,
					"count": 1,
					"min": 2599,
					"max": 2599
				},
				"2023-03-31": {
					"avg": 3893,
					"count": 2,
					"min": 3187,
					"max": 4599
				},
				"2023-04-01": {
					"avg": 5804,
					"count": 2,
					"min": 4110,
					"max": 7498
				},
				"2023-04-02": {
					"avg": 4250,
					"count": 2,
					"min": 3500,
					"max": 4999
				},
				"2023-04-03": {
					"avg": 4699,
					"count": 2,
					"min": 4099,
					"max": 5299
				},
				"2023-04-04": {
					"avg": 6678,
					"count": 10,
					"min": 3599,
					"max": 8898
				},
				"2023-04-05": {
					"avg": 7849,
					"count": 1,
					"min": 7849,
					"max": 7849
				},
				"2023-04-07": {
					"avg": 5705,
					"count": 4,
					"min": 2299,
					"max": 13399
				},
				"2023-04-08": {
					"avg": 6245,
					"count": 4,
					"min": 2563,
					"max": 10499
				},
				"2023-04-09": {
					"avg": 5031,
					"count": 5,
					"min": 4499,
					"max": 6159
				},
				"2023-04-10": {
					"avg": 7596,
					"count": 3,
					"min": 6988,
					"max": 8000
				},
				"2023-04-13": {
					"avg": 7892,
					"count": 5,
					"min": 5000,
					"max": 12299
				},
				"2023-04-14": {
					"avg": 4941,
					"count": 4,
					"min": 1895,
					"max": 7419
				},
				"2023-04-15": {
					"avg": 2524,
					"count": 3,
					"min": 1899,
					"max": 3599
				},
				"2023-04-16": {
					"avg": 7500,
					"count": 1,
					"min": 7500,
					"max": 7500
				},
				"2023-04-17": {
					"avg": 7089,
					"count": 3,
					"min": 5368,
					"max": 8399
				},
				"2023-04-18": {
					"avg": 10799,
					"count": 1,
					"min": 10799,
					"max": 10799
				},
				"2023-04-19": {
					"avg": 6022,
					"count": 4,
					"min": 2531,
					"max": 12498
				},
				"2023-04-20": {
					"avg": 6778,
					"count": 3,
					"min": 5499,
					"max": 7417
				},
				"2023-04-21": {
					"avg": 12365,
					"count": 3,
					"min": 9698,
					"max": 14499
				},
				"2023-04-23": {
					"avg": 2900,
					"count": 1,
					"min": 2900,
					"max": 2900
				},
				"2023-04-25": {
					"avg": 6999,
					"count": 3,
					"min": 4998,
					"max": 11000
				},
				"2023-04-27": {
					"avg": 5318,
					"count": 3,
					"min": 4849,
					"max": 5806
				},
				"2023-04-28": {
					"avg": 7533,
					"count": 13,
					"min": 3149,
					"max": 12198
				},
				"2023-04-29": {
					"avg": 7869,
					"count": 3,
					"min": 6861,
					"max": 9348
				},
				"2023-04-30": {
					"avg": 3666,
					"count": 5,
					"min": 2324,
					"max": 7912
				},
				"2023-05-01": {
					"avg": 4949,
					"count": 2,
					"min": 2798,
					"max": 7099
				},
				"2023-05-02": {
					"avg": 9675,
					"count": 2,
					"min": 4000,
					"max": 15349
				},
				"2023-05-04": {
					"avg": 6924,
					"count": 7,
					"min": 2774,
					"max": 12998
				},
				"2023-05-05": {
					"avg": 5698,
					"count": 2,
					"min": 5698,
					"max": 5698
				},
				"2023-05-07": {
					"avg": 4136,
					"count": 24,
					"min": 2322,
					"max": 14499
				},
				"2023-05-09": {
					"avg": 3100,
					"count": 1,
					"min": 3100,
					"max": 3100
				},
				"2023-05-11": {
					"avg": 7471,
					"count": 4,
					"min": 3315,
					"max": 10499
				},
				"2023-05-12": {
					"avg": 7143,
					"count": 4,
					"min": 5933,
					"max": 7839
				},
				"2023-05-13": {
					"avg": 2626,
					"count": 2,
					"min": 2572,
					"max": 2680
				},
				"2023-05-14": {
					"avg": 6940,
					"count": 3,
					"min": 3221,
					"max": 10499
				},
				"2023-05-16": {
					"avg": 5289,
					"count": 2,
					"min": 4849,
					"max": 5729
				},
				"2023-05-17": {
					"avg": 2431,
					"count": 2,
					"min": 2431,
					"max": 2431
				},
				"2023-05-18": {
					"avg": 4001,
					"count": 2,
					"min": 2429,
					"max": 5573
				},
				"2023-05-19": {
					"avg": 6156,
					"count": 5,
					"min": 5594,
					"max": 6698
				},
				"2023-05-20": {
					"avg": 2699,
					"count": 1,
					"min": 2699,
					"max": 2699
				},
				"2023-05-21": {
					"avg": 5165,
					"count": 2,
					"min": 3130,
					"max": 7200
				},
				"2023-05-22": {
					"avg": 9959,
					"count": 2,
					"min": 8319,
					"max": 11598
				},
				"2023-05-24": {
					"avg": 7013,
					"count": 11,
					"min": 5780,
					"max": 11000
				},
				"2023-05-25": {
					"avg": 8497,
					"count": 4,
					"min": 3219,
					"max": 12496
				},
				"2023-05-26": {
					"avg": 4989,
					"count": 5,
					"min": 2499,
					"max": 8500
				},
				"2023-05-27": {
					"avg": 4177,
					"count": 14,
					"min": 3050,
					"max": 11939
				},
				"2023-05-28": {
					"avg": 6546,
					"count": 2,
					"min": 5992,
					"max": 7099
				},
				"2023-05-29": {
					"avg": 7099,
					"count": 1,
					"min": 7099,
					"max": 7099
				},
				"2023-05-30": {
					"avg": 3778,
					"count": 2,
					"min": 2707,
					"max": 4849
				},
				"2023-05-31": {
					"avg": 7059,
					"count": 3,
					"min": 5359,
					"max": 9348
				},
				"2023-06-01": {
					"avg": 11999,
					"count": 6,
					"min": 3800,
					"max": 40099
				},
				"2023-06-02": {
					"avg": 6739,
					"count": 4,
					"min": 4409,
					"max": 11877
				},
				"2023-06-03": {
					"avg": 13999,
					"count": 1,
					"min": 13999,
					"max": 13999
				},
				"2023-06-06": {
					"avg": 6749,
					"count": 4,
					"min": 6400,
					"max": 7098
				},
				"2023-06-07": {
					"avg": 5571,
					"count": 5,
					"min": 2027,
					"max": 8499
				},
				"2023-06-08": {
					"avg": 12766,
					"count": 1,
					"min": 12766,
					"max": 12766
				},
				"2023-06-09": {
					"avg": 7164,
					"count": 3,
					"min": 2394,
					"max": 11599
				},
				"2023-06-11": {
					"avg": 4553,
					"count": 2,
					"min": 2999,
					"max": 6107
				},
				"2023-06-12": {
					"avg": 2395,
					"count": 1,
					"min": 2395,
					"max": 2395
				},
				"2023-06-14": {
					"avg": 5914,
					"count": 3,
					"min": 4849,
					"max": 6794
				},
				"2023-06-15": {
					"avg": 9134,
					"count": 1,
					"min": 9134,
					"max": 9134
				},
				"2023-06-16": {
					"avg": 2395,
					"count": 1,
					"min": 2395,
					"max": 2395
				},
				"2023-06-17": {
					"avg": 6934,
					"count": 6,
					"min": 4935,
					"max": 9599
				},
				"2023-06-18": {
					"avg": 5234,
					"count": 5,
					"min": 3375,
					"max": 5999
				},
				"2023-06-20": {
					"avg": 9774,
					"count": 3,
					"min": 7000,
					"max": 15124
				},
				"2023-06-21": {
					"avg": 8928,
					"count": 4,
					"min": 5999,
					"max": 11899
				},
				"2023-06-22": {
					"avg": 7250,
					"count": 10,
					"min": 3532,
					"max": 16500
				},
				"2023-06-23": {
					"avg": 13231,
					"count": 1,
					"min": 13231,
					"max": 13231
				},
				"2023-06-24": {
					"avg": 4798,
					"count": 3,
					"min": 1999,
					"max": 6198
				},
				"2023-06-25": {
					"avg": 4063,
					"count": 3,
					"min": 2595,
					"max": 7000
				},
				"2023-06-26": {
					"avg": 6241,
					"count": 5,
					"min": 6195,
					"max": 6399
				},
				"2023-06-27": {
					"avg": 1800,
					"count": 1,
					"min": 1800,
					"max": 1800
				},
				"2023-06-28": {
					"avg": 5961,
					"count": 4,
					"min": 1998,
					"max": 8249
				},
				"2023-06-29": {
					"avg": 6259,
					"count": 5,
					"min": 2000,
					"max": 15199
				},
				"2023-06-30": {
					"avg": 5031,
					"count": 6,
					"min": 2098,
					"max": 10999
				},
				"2023-07-01": {
					"avg": 2698,
					"count": 1,
					"min": 2698,
					"max": 2698
				},
				"2023-07-02": {
					"avg": 6950,
					"count": 2,
					"min": 6900,
					"max": 6999
				},
				"2023-07-03": {
					"avg": 8659,
					"count": 4,
					"min": 4599,
					"max": 11590
				},
				"2023-07-04": {
					"avg": 3724,
					"count": 2,
					"min": 2598,
					"max": 4849
				},
				"2023-07-05": {
					"avg": 5349,
					"count": 6,
					"min": 2598,
					"max": 6599
				},
				"2023-07-06": {
					"avg": 5074,
					"count": 2,
					"min": 2599,
					"max": 7548
				},
				"2023-07-07": {
					"avg": 7000,
					"count": 1,
					"min": 7000,
					"max": 7000
				},
				"2023-07-08": {
					"avg": 5849,
					"count": 4,
					"min": 2598,
					"max": 7298
				},
				"2023-07-09": {
					"avg": 4495,
					"count": 4,
					"min": 2598,
					"max": 7283
				},
				"2023-07-10": {
					"avg": 9362,
					"count": 4,
					"min": 6200,
					"max": 11499
				},
				"2023-07-11": {
					"avg": 4046,
					"count": 7,
					"min": 2650,
					"max": 6211
				},
				"2023-07-12": {
					"avg": 19998,
					"count": 1,
					"min": 19998,
					"max": 19998
				},
				"2023-07-13": {
					"avg": 6331,
					"count": 3,
					"min": 2000,
					"max": 11499
				},
				"2023-07-14": {
					"avg": 8034,
					"count": 5,
					"min": 2798,
					"max": 15124
				},
				"2023-07-15": {
					"avg": 2700,
					"count": 1,
					"min": 2700,
					"max": 2700
				},
				"2023-07-16": {
					"avg": 5957,
					"count": 4,
					"min": 5640,
					"max": 6299
				},
				"2023-07-17": {
					"avg": 2453,
					"count": 13,
					"min": 2020,
					"max": 2918
				},
				"2023-07-18": {
					"avg": 6766,
					"count": 6,
					"min": 4599,
					"max": 15099
				},
				"2023-07-19": {
					"avg": 4442,
					"count": 6,
					"min": 2595,
					"max": 6672
				},
				"2023-07-20": {
					"avg": 3533,
					"count": 21,
					"min": 2595,
					"max": 12499
				},
				"2023-07-21": {
					"avg": 7280,
					"count": 5,
					"min": 2899,
					"max": 12903
				},
				"2023-07-22": {
					"avg": 12560,
					"count": 4,
					"min": 5395,
					"max": 21348
				},
				"2023-07-23": {
					"avg": 2903,
					"count": 5,
					"min": 2878,
					"max": 2950
				},
				"2023-07-24": {
					"avg": 6229,
					"count": 3,
					"min": 5352,
					"max": 6836
				},
				"2023-07-25": {
					"avg": 5094,
					"count": 13,
					"min": 2189,
					"max": 22899
				},
				"2023-07-27": {
					"avg": 4594,
					"count": 5,
					"min": 2929,
					"max": 6852
				},
				"2023-07-28": {
					"avg": 7248,
					"count": 4,
					"min": 4895,
					"max": 12099
				},
				"2023-07-29": {
					"avg": 4964,
					"count": 2,
					"min": 3032,
					"max": 6895
				},
				"2023-07-30": {
					"avg": 6780,
					"count": 2,
					"min": 3237,
					"max": 10324
				},
				"2023-07-31": {
					"avg": 3296,
					"count": 2,
					"min": 2099,
					"max": 4493
				},
				"2023-08-01": {
					"avg": 5514,
					"count": 2,
					"min": 4489,
					"max": 6539
				},
				"2023-08-02": {
					"avg": 10098,
					"count": 6,
					"min": 4491,
					"max": 16999
				},
				"2023-08-03": {
					"avg": 5412,
					"count": 5,
					"min": 2000,
					"max": 9499
				},
				"2023-08-04": {
					"avg": 4430,
					"count": 5,
					"min": 2529,
					"max": 5462
				},
				"2023-08-05": {
					"avg": 8499,
					"count": 1,
					"min": 8499,
					"max": 8499
				},
				"2023-08-07": {
					"avg": 6747,
					"count": 3,
					"min": 1998,
					"max": 13243
				},
				"2023-08-08": {
					"avg": 3932,
					"count": 3,
					"min": 2899,
					"max": 4448
				},
				"2023-08-09": {
					"avg": 3257,
					"count": 5,
					"min": 1896,
					"max": 4999
				},
				"2023-08-10": {
					"avg": 5924,
					"count": 6,
					"min": 1897,
					"max": 12550
				},
				"2023-08-11": {
					"avg": 5187,
					"count": 2,
					"min": 4374,
					"max": 5999
				},
				"2023-08-13": {
					"avg": 5997,
					"count": 2,
					"min": 4995,
					"max": 6999
				},
				"2023-08-14": {
					"avg": 4280,
					"count": 12,
					"min": 2300,
					"max": 13300
				},
				"2023-08-15": {
					"avg": 5337,
					"count": 3,
					"min": 4655,
					"max": 6098
				},
				"2023-08-16": {
					"avg": 5195,
					"count": 4,
					"min": 2801,
					"max": 7499
				},
				"2023-08-17": {
					"avg": 8564,
					"count": 2,
					"min": 3199,
					"max": 13928
				},
				"2023-08-18": {
					"avg": 7505,
					"count": 4,
					"min": 2795,
					"max": 11899
				},
				"2023-08-19": {
					"avg": 4682,
					"count": 3,
					"min": 2949,
					"max": 5598
				},
				"2023-08-21": {
					"avg": 5556,
					"count": 5,
					"min": 4485,
					"max": 6099
				},
				"2023-08-22": {
					"avg": 4055,
					"count": 5,
					"min": 2386,
					"max": 7396
				},
				"2023-08-23": {
					"avg": 4961,
					"count": 5,
					"min": 2600,
					"max": 7498
				},
				"2023-08-24": {
					"avg": 5919,
					"count": 4,
					"min": 2798,
					"max": 11298
				},
				"2023-08-25": {
					"avg": 5025,
					"count": 14,
					"min": 2400,
					"max": 10498
				},
				"2023-08-26": {
					"avg": 7561,
					"count": 3,
					"min": 3996,
					"max": 11299
				},
				"2023-08-27": {
					"avg": 9299,
					"count": 2,
					"min": 8499,
					"max": 10098
				},
				"2023-08-28": {
					"avg": 6749,
					"count": 2,
					"min": 2398,
					"max": 11099
				},
				"2023-08-29": {
					"avg": 4247,
					"count": 4,
					"min": 2664,
					"max": 5300
				},
				"2023-08-30": {
					"avg": 5829,
					"count": 3,
					"min": 2963,
					"max": 11126
				},
				"2023-08-31": {
					"avg": 7127,
					"count": 6,
					"min": 2296,
					"max": 13559
				},
				"2023-09-01": {
					"avg": 22260,
					"count": 1,
					"min": 22260,
					"max": 22260
				},
				"2023-09-02": {
					"avg": 21300,
					"count": 3,
					"min": 6900,
					"max": 50099
				},
				"2023-09-03": {
					"avg": 3069,
					"count": 7,
					"min": 2599,
					"max": 4999
				},
				"2023-09-04": {
					"avg": 4098,
					"count": 3,
					"min": 1999,
					"max": 7998
				},
				"2023-09-05": {
					"avg": 4698,
					"count": 2,
					"min": 2298,
					"max": 7098
				},
				"2023-09-07": {
					"avg": 2597,
					"count": 2,
					"min": 2500,
					"max": 2694
				},
				"2023-09-08": {
					"avg": 6010,
					"count": 5,
					"min": 2678,
					"max": 9830
				},
				"2023-09-09": {
					"avg": 3972,
					"count": 11,
					"min": 2000,
					"max": 7502
				},
				"2023-09-10": {
					"avg": 7431,
					"count": 1,
					"min": 7431,
					"max": 7431
				},
				"2023-09-11": {
					"avg": 13646,
					"count": 1,
					"min": 13646,
					"max": 13646
				},
				"2023-09-14": {
					"avg": 3915,
					"count": 3,
					"min": 2766,
					"max": 4489
				},
				"2023-09-16": {
					"avg": 6833,
					"count": 4,
					"min": 4487,
					"max": 10749
				},
				"2023-09-17": {
					"avg": 5741,
					"count": 6,
					"min": 2499,
					"max": 11899
				},
				"2023-09-18": {
					"avg": 6732,
					"count": 3,
					"min": 4148,
					"max": 11899
				},
				"2023-09-19": {
					"avg": 7430,
					"count": 1,
					"min": 7430,
					"max": 7430
				},
				"2023-09-21": {
					"avg": 4550,
					"count": 2,
					"min": 4100,
					"max": 5000
				},
				"2023-09-22": {
					"avg": 6071,
					"count": 2,
					"min": 5500,
					"max": 6641
				},
				"2023-09-23": {
					"avg": 3642,
					"count": 2,
					"min": 2484,
					"max": 4799
				},
				"2023-09-24": {
					"avg": 7075,
					"count": 2,
					"min": 7000,
					"max": 7150
				},
				"2023-09-25": {
					"avg": 5666,
					"count": 3,
					"min": 5000,
					"max": 6999
				},
				"2023-09-26": {
					"avg": 4058,
					"count": 3,
					"min": 4000,
					"max": 4149
				},
				"2023-09-27": {
					"avg": 2617,
					"count": 2,
					"min": 2584,
					"max": 2649
				},
				"2023-09-28": {
					"avg": 5225,
					"count": 7,
					"min": 2390,
					"max": 7500
				},
				"2023-09-29": {
					"avg": 4646,
					"count": 3,
					"min": 2395,
					"max": 7095
				},
				"2023-09-30": {
					"avg": 2687,
					"count": 1,
					"min": 2687,
					"max": 2687
				},
				"2023-10-01": {
					"avg": 7711,
					"count": 2,
					"min": 7431,
					"max": 7991
				},
				"2023-10-02": {
					"avg": 3221,
					"count": 1,
					"min": 3221,
					"max": 3221
				},
				"2023-10-03": {
					"avg": 5633,
					"count": 3,
					"min": 2298,
					"max": 7500
				},
				"2023-10-04": {
					"avg": 4156,
					"count": 3,
					"min": 2398,
					"max": 7494
				},
				"2023-10-05": {
					"avg": 6912,
					"count": 4,
					"min": 4606,
					"max": 8099
				},
				"2023-10-06": {
					"avg": 5679,
					"count": 6,
					"min": 2194,
					"max": 8495
				},
				"2023-10-07": {
					"avg": 8299,
					"count": 2,
					"min": 5499,
					"max": 11098
				},
				"2023-10-08": {
					"avg": 16999,
					"count": 1,
					"min": 16999,
					"max": 16999
				},
				"2023-10-09": {
					"avg": 4217,
					"count": 14,
					"min": 2198,
					"max": 5499
				},
				"2023-10-10": {
					"avg": 9473,
					"count": 2,
					"min": 7447,
					"max": 11499
				},
				"2023-10-11": {
					"avg": 14609,
					"count": 1,
					"min": 14609,
					"max": 14609
				},
				"2023-10-12": {
					"avg": 9098,
					"count": 2,
					"min": 5196,
					"max": 12999
				},
				"2023-10-13": {
					"avg": 6626,
					"count": 6,
					"min": 2299,
					"max": 14609
				},
				"2023-10-14": {
					"avg": 3190,
					"count": 3,
					"min": 2295,
					"max": 4290
				},
				"2023-10-15": {
					"avg": 3674,
					"count": 6,
					"min": 2299,
					"max": 6849
				},
				"2023-10-16": {
					"avg": 4440,
					"count": 6,
					"min": 2398,
					"max": 10399
				},
				"2023-10-18": {
					"avg": 8123,
					"count": 4,
					"min": 4998,
					"max": 11499
				},
				"2023-10-19": {
					"avg": 5133,
					"count": 2,
					"min": 4667,
					"max": 5599
				},
				"2023-10-20": {
					"avg": 4724,
					"count": 3,
					"min": 2628,
					"max": 6900
				},
				"2023-10-21": {
					"avg": 3485,
					"count": 2,
					"min": 2199,
					"max": 4772
				},
				"2023-10-22": {
					"avg": 9193,
					"count": 3,
					"min": 2499,
					"max": 20099
				},
				"2023-10-24": {
					"avg": 2635,
					"count": 2,
					"min": 2572,
					"max": 2699
				},
				"2023-10-25": {
					"avg": 4455,
					"count": 1,
					"min": 4455,
					"max": 4455
				},
				"2023-10-26": {
					"avg": 5654,
					"count": 1,
					"min": 5654,
					"max": 5654
				},
				"2023-10-27": {
					"avg": 7917,
					"count": 3,
					"min": 4770,
					"max": 14000
				},
				"2023-10-28": {
					"avg": 4722,
					"count": 1,
					"min": 4722,
					"max": 4722
				},
				"2023-10-29": {
					"avg": 3242,
					"count": 2,
					"min": 2384,
					"max": 4099
				},
				"2023-10-30": {
					"avg": 4711,
					"count": 4,
					"min": 4676,
					"max": 4723
				},
				"2023-10-31": {
					"avg": 5250,
					"count": 3,
					"min": 4749,
					"max": 6000
				},
				"2023-11-01": {
					"avg": 4833,
					"count": 1,
					"min": 4833,
					"max": 4833
				},
				"2023-11-02": {
					"avg": 3310,
					"count": 3,
					"min": 2383,
					"max": 4999
				},
				"2023-11-03": {
					"avg": 11284,
					"count": 3,
					"min": 7876,
					"max": 13878
				},
				"2023-11-04": {
					"avg": 6125,
					"count": 4,
					"min": 2664,
					"max": 13878
				},
				"2023-11-05": {
					"avg": 6019,
					"count": 2,
					"min": 5139,
					"max": 6899
				},
				"2023-11-06": {
					"avg": 4919,
					"count": 4,
					"min": 2648,
					"max": 6125
				},
				"2023-11-07": {
					"avg": 6214,
					"count": 3,
					"min": 5293,
					"max": 6879
				},
				"2023-11-08": {
					"avg": 5873,
					"count": 1,
					"min": 5873,
					"max": 5873
				},
				"2023-11-09": {
					"avg": 8316,
					"count": 3,
					"min": 5295,
					"max": 14359
				},
				"2023-11-10": {
					"avg": 5759,
					"count": 5,
					"min": 2199,
					"max": 15600
				},
				"2023-11-11": {
					"avg": 2499,
					"count": 1,
					"min": 2499,
					"max": 2499
				},
				"2023-11-12": {
					"avg": 4800,
					"count": 2,
					"min": 3000,
					"max": 6599
				},
				"2023-11-13": {
					"avg": 3268,
					"count": 4,
					"min": 2198,
					"max": 6081
				},
				"2023-11-14": {
					"avg": 2334,
					"count": 3,
					"min": 2296,
					"max": 2409
				},
				"2023-11-15": {
					"avg": 6765,
					"count": 3,
					"min": 2544,
					"max": 13099
				},
				"2023-11-16": {
					"avg": 4942,
					"count": 4,
					"min": 2699,
					"max": 5846
				},
				"2023-11-17": {
					"avg": 6654,
					"count": 4,
					"min": 4495,
					"max": 9997
				},
				"2023-11-18": {
					"avg": 6190,
					"count": 2,
					"min": 5980,
					"max": 6399
				},
				"2023-11-20": {
					"avg": 3756,
					"count": 7,
					"min": 2478,
					"max": 7099
				},
				"2023-11-21": {
					"avg": 6643,
					"count": 9,
					"min": 1824,
					"max": 16668
				},
				"2023-11-22": {
					"avg": 3648,
					"count": 4,
					"min": 2399,
					"max": 6699
				},
				"2023-11-23": {
					"avg": 6474,
					"count": 4,
					"min": 1799,
					"max": 13499
				},
				"2023-11-24": {
					"avg": 4945,
					"count": 38,
					"min": 2200,
					"max": 22598
				},
				"2023-11-25": {
					"avg": 6383,
					"count": 10,
					"min": 3015,
					"max": 7991
				},
				"2023-11-26": {
					"avg": 4011,
					"count": 3,
					"min": 2789,
					"max": 6249
				},
				"2023-11-27": {
					"avg": 7758,
					"count": 5,
					"min": 5499,
					"max": 12499
				},
				"2024-05-16": {
					"avg": 3094,
					"count": 2,
					"min": 3094,
					"max": 3094
				},
				"2024-05-17": {
					"avg": 4371,
					"count": 40,
					"min": 2564,
					"max": 12699
				},
				"2024-05-18": {
					"avg": 6718,
					"count": 24,
					"min": 3094,
					"max": 12900
				},
				"2024-05-19": {
					"avg": 10166,
					"count": 3,
					"min": 3699,
					"max": 13799
				},
				"2024-05-20": {
					"avg": 5268,
					"count": 3,
					"min": 3093,
					"max": 7434
				},
				"2024-05-21": {
					"avg": 3092,
					"count": 3,
					"min": 2684,
					"max": 3499
				},
				"2024-05-22": {
					"avg": 6467,
					"count": 7,
					"min": 2699,
					"max": 13497
				},
				"2024-05-24": {
					"avg": 8087,
					"count": 2,
					"min": 7400,
					"max": 8773
				},
				"2024-05-26": {
					"avg": 8698,
					"count": 1,
					"min": 8698,
					"max": 8698
				},
				"2024-05-27": {
					"avg": 7580,
					"count": 2,
					"min": 7580,
					"max": 7580
				},
				"2024-05-29": {
					"avg": 9950,
					"count": 1,
					"min": 9950,
					"max": 9950
				},
				"2024-05-31": {
					"avg": 7672,
					"count": 1,
					"min": 7672,
					"max": 7672
				},
				"2024-06-01": {
					"avg": 8457,
					"count": 2,
					"min": 7914,
					"max": 8999
				},
				"2024-06-02": {
					"avg": 8121,
					"count": 1,
					"min": 8121,
					"max": 8121
				},
				"2024-06-06": {
					"avg": 7853,
					"count": 2,
					"min": 7708,
					"max": 7998
				},
				"2024-06-07": {
					"avg": 7808,
					"count": 1,
					"min": 7808,
					"max": 7808
				},
				"2024-06-12": {
					"avg": 7226,
					"count": 2,
					"min": 6553,
					"max": 7899
				},
				"2024-06-13": {
					"avg": 8215,
					"count": 1,
					"min": 8215,
					"max": 8215
				},
				"2024-06-14": {
					"avg": 7398,
					"count": 1,
					"min": 7398,
					"max": 7398
				},
				"2024-06-17": {
					"avg": 7470,
					"count": 1,
					"min": 7470,
					"max": 7470
				},
				"2024-06-18": {
					"avg": 8486,
					"count": 2,
					"min": 7473,
					"max": 9499
				},
				"2024-06-19": {
					"avg": 7473,
					"count": 1,
					"min": 7473,
					"max": 7473
				},
				"2024-06-20": {
					"avg": 12416,
					"count": 4,
					"min": 9909,
					"max": 14428
				},
				"2024-06-21": {
					"avg": 10499,
					"count": 1,
					"min": 10499,
					"max": 10499
				},
				"2024-06-22": {
					"avg": 7637,
					"count": 2,
					"min": 7473,
					"max": 7800
				},
				"2024-06-23": {
					"avg": 7850,
					"count": 2,
					"min": 7800,
					"max": 7899
				},
				"2024-06-24": {
					"avg": 7799,
					"count": 1,
					"min": 7799,
					"max": 7799
				},
				"2024-06-28": {
					"avg": 11097,
					"count": 2,
					"min": 7764,
					"max": 14429
				},
				"2024-06-29": {
					"avg": 7400,
					"count": 1,
					"min": 7400,
					"max": 7400
				},
				"2024-07-01": {
					"avg": 7998,
					"count": 3,
					"min": 7998,
					"max": 7998
				},
				"2024-07-03": {
					"avg": 8098,
					"count": 1,
					"min": 8098,
					"max": 8098
				},
				"2024-07-04": {
					"avg": 8051,
					"count": 2,
					"min": 8002,
					"max": 8100
				},
				"2024-07-07": {
					"avg": 9299,
					"count": 1,
					"min": 9299,
					"max": 9299
				},
				"2024-07-08": {
					"avg": 6899,
					"count": 2,
					"min": 6122,
					"max": 7675
				},
				"2024-07-10": {
					"avg": 7498,
					"count": 1,
					"min": 7498,
					"max": 7498
				},
				"2024-07-13": {
					"avg": 7599,
					"count": 1,
					"min": 7599,
					"max": 7599
				},
				"2024-07-16": {
					"avg": 8119,
					"count": 3,
					"min": 7498,
					"max": 8507
				},
				"2024-07-17": {
					"avg": 7876,
					"count": 1,
					"min": 7876,
					"max": 7876
				},
				"2024-07-21": {
					"avg": 6598,
					"count": 1,
					"min": 6598,
					"max": 6598
				},
				"2024-07-22": {
					"avg": 8582,
					"count": 1,
					"min": 8582,
					"max": 8582
				},
				"2024-07-23": {
					"avg": 7599,
					"count": 1,
					"min": 7599,
					"max": 7599
				},
				"2024-07-26": {
					"avg": 7599,
					"count": 2,
					"min": 7599,
					"max": 7599
				},
				"2024-07-30": {
					"avg": 8015,
					"count": 1,
					"min": 8015,
					"max": 8015
				},
				"2024-07-31": {
					"avg": 9049,
					"count": 2,
					"min": 7999,
					"max": 10098
				},
				"2024-08-02": {
					"avg": 8229,
					"count": 1,
					"min": 8229,
					"max": 8229
				},
				"2024-08-03": {
					"avg": 7999,
					"count": 1,
					"min": 7999,
					"max": 7999
				},
				"2024-08-05": {
					"avg": 8162,
					"count": 2,
					"min": 8156,
					"max": 8167
				},
				"2024-08-06": {
					"avg": 8299,
					"count": 1,
					"min": 8299,
					"max": 8299
				},
				"2024-08-07": {
					"avg": 8299,
					"count": 1,
					"min": 8299,
					"max": 8299
				},
				"2024-08-09": {
					"avg": 8099,
					"count": 1,
					"min": 8099,
					"max": 8099
				},
				"2024-08-11": {
					"avg": 8260,
					"count": 2,
					"min": 8021,
					"max": 8499
				},
				"2024-08-12": {
					"avg": 7248,
					"count": 1,
					"min": 7248,
					"max": 7248
				},
				"2024-08-13": {
					"avg": 7499,
					"count": 1,
					"min": 7499,
					"max": 7499
				},
				"2024-08-14": {
					"avg": 7499,
					"count": 1,
					"min": 7499,
					"max": 7499
				},
				"2024-08-15": {
					"avg": 7248,
					"count": 1,
					"min": 7248,
					"max": 7248
				},
				"2024-08-16": {
					"avg": 8094,
					"count": 2,
					"min": 7083,
					"max": 9104
				},
				"2024-08-17": {
					"avg": 7427,
					"count": 2,
					"min": 7248,
					"max": 7606
				},
				"2024-08-20": {
					"avg": 7676,
					"count": 1,
					"min": 7676,
					"max": 7676
				},
				"2024-08-21": {
					"avg": 8220,
					"count": 1,
					"min": 8220,
					"max": 8220
				},
				"2024-08-22": {
					"avg": 7248,
					"count": 2,
					"min": 7248,
					"max": 7248
				},
				"2024-08-26": {
					"avg": 8716,
					"count": 4,
					"min": 7199,
					"max": 10499
				},
				"2024-08-27": {
					"avg": 7999,
					"count": 1,
					"min": 7999,
					"max": 7999
				},
				"2024-08-30": {
					"avg": 7995,
					"count": 1,
					"min": 7995,
					"max": 7995
				},
				"2024-09-01": {
					"avg": 7434,
					"count": 2,
					"min": 7098,
					"max": 7769
				},
				"2024-09-03": {
					"avg": 7098,
					"count": 2,
					"min": 7098,
					"max": 7098
				},
				"2024-09-05": {
					"avg": 7999,
					"count": 1,
					"min": 7999,
					"max": 7999
				},
				"2024-09-06": {
					"avg": 5999,
					"count": 1,
					"min": 5999,
					"max": 5999
				},
				"2024-09-07": {
					"avg": 7499,
					"count": 1,
					"min": 7499,
					"max": 7499
				},
				"2024-09-09": {
					"avg": 6999,
					"count": 1,
					"min": 6999,
					"max": 6999
				},
				"2024-09-11": {
					"avg": 6848,
					"count": 2,
					"min": 6598,
					"max": 7097
				},
				"2024-09-13": {
					"avg": 6500,
					"count": 1,
					"min": 6500,
					"max": 6500
				},
				"2024-09-14": {
					"avg": 8407,
					"count": 6,
					"min": 6500,
					"max": 9995
				},
				"2024-09-15": {
					"avg": 7566,
					"count": 3,
					"min": 6599,
					"max": 8999
				},
				"2024-09-16": {
					"avg": 7149,
					"count": 2,
					"min": 7099,
					"max": 7199
				},
				"2024-09-17": {
					"avg": 7609,
					"count": 2,
					"min": 7219,
					"max": 7998
				},
				"2024-09-20": {
					"avg": 8999,
					"count": 1,
					"min": 8999,
					"max": 8999
				},
				"2024-09-21": {
					"avg": 7499,
					"count": 1,
					"min": 7499,
					"max": 7499
				}
			},
			"avg": 5969,
			"avg7": 5404,
			"avg28": 5404
		},
		"holo-poor": {
			"history": {
				"2024-05-23": {
					"avg": 2699,
					"count": 1,
					"min": 2699,
					"max": 2699
				},
				"2024-05-24": {
					"avg": 2699,
					"count": 4,
					"min": 2699,
					"max": 2699
				},
				"2024-05-25": {
					"avg": 2636,
					"count": 2,
					"min": 2599,
					"max": 2673
				},
				"2024-05-26": {
					"avg": 2624,
					"count": 2,
					"min": 2598,
					"max": 2650
				},
				"2024-05-27": {
					"avg": 3000,
					"count": 1,
					"min": 3000,
					"max": 3000
				},
				"2024-05-30": {
					"avg": 2687,
					"count": 2,
					"min": 2674,
					"max": 2699
				},
				"2024-05-31": {
					"avg": 2553,
					"count": 2,
					"min": 2524,
					"max": 2582
				},
				"2024-06-04": {
					"avg": 2580,
					"count": 4,
					"min": 2575,
					"max": 2595
				},
				"2024-06-05": {
					"avg": 2499,
					"count": 1,
					"min": 2499,
					"max": 2499
				},
				"2024-06-06": {
					"avg": 2598,
					"count": 1,
					"min": 2598,
					"max": 2598
				},
				"2024-06-10": {
					"avg": 2566,
					"count": 1,
					"min": 2566,
					"max": 2566
				},
				"2024-06-11": {
					"avg": 2567,
					"count": 1,
					"min": 2567,
					"max": 2567
				},
				"2024-06-12": {
					"avg": 2610,
					"count": 2,
					"min": 2520,
					"max": 2700
				},
				"2024-06-13": {
					"avg": 1700,
					"count": 1,
					"min": 1700,
					"max": 1700
				},
				"2024-06-15": {
					"avg": 2494,
					"count": 2,
					"min": 1889,
					"max": 3099
				},
				"2024-06-16": {
					"avg": 2358,
					"count": 1,
					"min": 2358,
					"max": 2358
				},
				"2024-06-17": {
					"avg": 2469,
					"count": 1,
					"min": 2469,
					"max": 2469
				},
				"2024-06-18": {
					"avg": 2300,
					"count": 1,
					"min": 2300,
					"max": 2300
				},
				"2024-06-19": {
					"avg": 2572,
					"count": 4,
					"min": 2515,
					"max": 2595
				},
				"2024-06-20": {
					"avg": 2549,
					"count": 1,
					"min": 2549,
					"max": 2549
				},
				"2024-06-21": {
					"avg": 2595,
					"count": 1,
					"min": 2595,
					"max": 2595
				},
				"2024-06-27": {
					"avg": 2713,
					"count": 3,
					"min": 2548,
					"max": 2970
				},
				"2024-06-28": {
					"avg": 2548,
					"count": 1,
					"min": 2548,
					"max": 2548
				},
				"2024-06-29": {
					"avg": 2548,
					"count": 2,
					"min": 2548,
					"max": 2548
				},
				"2024-06-30": {
					"avg": 2573,
					"count": 3,
					"min": 2499,
					"max": 2624
				},
				"2024-07-01": {
					"avg": 3122,
					"count": 3,
					"min": 1622,
					"max": 5148
				},
				"2024-07-02": {
					"avg": 2399,
					"count": 1,
					"min": 2399,
					"max": 2399
				},
				"2024-07-03": {
					"avg": 2475,
					"count": 3,
					"min": 2400,
					"max": 2595
				},
				"2024-07-04": {
					"avg": 2497,
					"count": 2,
					"min": 2399,
					"max": 2595
				},
				"2024-07-07": {
					"avg": 2400,
					"count": 1,
					"min": 2400,
					"max": 2400
				},
				"2024-07-10": {
					"avg": 2648,
					"count": 1,
					"min": 2648,
					"max": 2648
				},
				"2024-07-11": {
					"avg": 2698,
					"count": 1,
					"min": 2698,
					"max": 2698
				},
				"2024-07-12": {
					"avg": 2563,
					"count": 3,
					"min": 2514,
					"max": 2614
				},
				"2024-07-13": {
					"avg": 2600,
					"count": 1,
					"min": 2600,
					"max": 2600
				},
				"2024-07-14": {
					"avg": 2599,
					"count": 1,
					"min": 2599,
					"max": 2599
				},
				"2024-07-15": {
					"avg": 2999,
					"count": 1,
					"min": 2999,
					"max": 2999
				},
				"2024-07-17": {
					"avg": 2600,
					"count": 1,
					"min": 2600,
					"max": 2600
				},
				"2024-07-18": {
					"avg": 2497,
					"count": 1,
					"min": 2497,
					"max": 2497
				},
				"2024-07-19": {
					"avg": 2498,
					"count": 1,
					"min": 2498,
					"max": 2498
				},
				"2024-07-20": {
					"avg": 2589,
					"count": 2,
					"min": 2589,
					"max": 2589
				},
				"2024-07-21": {
					"avg": 2798,
					"count": 1,
					"min": 2798,
					"max": 2798
				},
				"2024-07-22": {
					"avg": 2098,
					"count": 1,
					"min": 2098,
					"max": 2098
				},
				"2024-07-23": {
					"avg": 2752,
					"count": 4,
					"min": 2644,
					"max": 2849
				},
				"2024-07-27": {
					"avg": 1999,
					"count": 1,
					"min": 1999,
					"max": 1999
				},
				"2024-07-30": {
					"avg": 2532,
					"count": 3,
					"min": 1599,
					"max": 3099
				},
				"2024-08-11": {
					"avg": 2729,
					"count": 2,
					"min": 2705,
					"max": 2752
				},
				"2024-08-12": {
					"avg": 3149,
					"count": 1,
					"min": 3149,
					"max": 3149
				},
				"2024-08-14": {
					"avg": 2747,
					"count": 2,
					"min": 2742,
					"max": 2752
				},
				"2024-08-16": {
					"avg": 3053,
					"count": 7,
					"min": 2785,
					"max": 3206
				},
				"2024-08-22": {
					"avg": 3101,
					"count": 1,
					"min": 3101,
					"max": 3101
				},
				"2024-08-23": {
					"avg": 2931,
					"count": 2,
					"min": 2700,
					"max": 3162
				},
				"2024-08-26": {
					"avg": 2698,
					"count": 1,
					"min": 2698,
					"max": 2698
				},
				"2024-08-27": {
					"avg": 2700,
					"count": 1,
					"min": 2700,
					"max": 2700
				},
				"2024-08-30": {
					"avg": 2942,
					"count": 2,
					"min": 2942,
					"max": 2942
				},
				"2024-08-31": {
					"avg": 3006,
					"count": 2,
					"min": 2999,
					"max": 3012
				},
				"2024-09-03": {
					"avg": 3049,
					"count": 2,
					"min": 2624,
					"max": 3474
				},
				"2024-09-05": {
					"avg": 2959,
					"count": 3,
					"min": 2882,
					"max": 2998
				},
				"2024-09-07": {
					"avg": 2893,
					"count": 2,
					"min": 2535,
					"max": 3250
				},
				"2024-09-10": {
					"avg": 2500,
					"count": 1,
					"min": 2500,
					"max": 2500
				},
				"2024-09-12": {
					"avg": 2686,
					"count": 2,
					"min": 2573,
					"max": 2799
				},
				"2024-09-14": {
					"avg": 2758,
					"count": 2,
					"min": 2725,
					"max": 2790
				},
				"2024-09-15": {
					"avg": 2699,
					"count": 1,
					"min": 2699,
					"max": 2699
				},
				"2024-09-19": {
					"avg": 3000,
					"count": 1,
					"min": 3000,
					"max": 3000
				},
				"2024-09-21": {
					"avg": 3299,
					"count": 1,
					"min": 3299,
					"max": 3299
				},
				"2024-09-22": {
					"avg": 2998,
					"count": 2,
					"min": 2998,
					"max": 2998
				}
			},
			"avg": 2698,
			"avg7": -1,
			"avg28": -1
		},
		"holo-played": {
			"history": {
				"2024-05-24": {
					"avg": 4944,
					"count": 1,
					"min": 4944,
					"max": 4944
				},
				"2024-05-26": {
					"avg": 5998,
					"count": 1,
					"min": 5998,
					"max": 5998
				},
				"2024-05-29": {
					"avg": 8344,
					"count": 1,
					"min": 8344,
					"max": 8344
				},
				"2024-05-30": {
					"avg": 6121,
					"count": 1,
					"min": 6121,
					"max": 6121
				},
				"2024-06-01": {
					"avg": 5995,
					"count": 2,
					"min": 5990,
					"max": 5999
				},
				"2024-06-07": {
					"avg": 6022,
					"count": 7,
					"min": 5999,
					"max": 6049
				},
				"2024-06-09": {
					"avg": 5999,
					"count": 1,
					"min": 5999,
					"max": 5999
				},
				"2024-06-12": {
					"avg": 5372,
					"count": 2,
					"min": 4680,
					"max": 6064
				},
				"2024-06-16": {
					"avg": 6022,
					"count": 1,
					"min": 6022,
					"max": 6022
				},
				"2024-06-17": {
					"avg": 5999,
					"count": 1,
					"min": 5999,
					"max": 5999
				},
				"2024-06-18": {
					"avg": 6040,
					"count": 1,
					"min": 6040,
					"max": 6040
				},
				"2024-06-19": {
					"avg": 5499,
					"count": 1,
					"min": 5499,
					"max": 5499
				},
				"2024-06-21": {
					"avg": 5893,
					"count": 1,
					"min": 5893,
					"max": 5893
				},
				"2024-06-22": {
					"avg": 9506,
					"count": 2,
					"min": 7191,
					"max": 11821
				},
				"2024-07-03": {
					"avg": 5149,
					"count": 1,
					"min": 5149,
					"max": 5149
				},
				"2024-07-05": {
					"avg": 7803,
					"count": 1,
					"min": 7803,
					"max": 7803
				},
				"2024-07-06": {
					"avg": 7122,
					"count": 1,
					"min": 7122,
					"max": 7122
				},
				"2024-07-08": {
					"avg": 5576,
					"count": 1,
					"min": 5576,
					"max": 5576
				},
				"2024-07-10": {
					"avg": 5174,
					"count": 1,
					"min": 5174,
					"max": 5174
				},
				"2024-07-11": {
					"avg": 4927,
					"count": 1,
					"min": 4927,
					"max": 4927
				},
				"2024-07-17": {
					"avg": 4686,
					"count": 2,
					"min": 4420,
					"max": 4952
				},
				"2024-07-18": {
					"avg": 4899,
					"count": 1,
					"min": 4899,
					"max": 4899
				},
				"2024-07-19": {
					"avg": 5010,
					"count": 2,
					"min": 4420,
					"max": 5599
				},
				"2024-07-20": {
					"avg": 4563,
					"count": 4,
					"min": 4420,
					"max": 4927
				},
				"2024-07-21": {
					"avg": 4779,
					"count": 1,
					"min": 4779,
					"max": 4779
				},
				"2024-07-23": {
					"avg": 4942,
					"count": 5,
					"min": 4563,
					"max": 5432
				},
				"2024-07-24": {
					"avg": 4998,
					"count": 1,
					"min": 4998,
					"max": 4998
				},
				"2024-07-25": {
					"avg": 5099,
					"count": 1,
					"min": 5099,
					"max": 5099
				},
				"2024-07-31": {
					"avg": 4578,
					"count": 4,
					"min": 4000,
					"max": 5377
				},
				"2024-08-01": {
					"avg": 4572,
					"count": 3,
					"min": 3916,
					"max": 5799
				},
				"2024-08-02": {
					"avg": 5431,
					"count": 2,
					"min": 3916,
					"max": 6946
				},
				"2024-08-03": {
					"avg": 4638,
					"count": 2,
					"min": 4597,
					"max": 4679
				},
				"2024-08-06": {
					"avg": 4501,
					"count": 3,
					"min": 4198,
					"max": 4682
				},
				"2024-08-07": {
					"avg": 5653,
					"count": 1,
					"min": 5653,
					"max": 5653
				},
				"2024-08-08": {
					"avg": 4823,
					"count": 1,
					"min": 4823,
					"max": 4823
				},
				"2024-08-09": {
					"avg": 4609,
					"count": 1,
					"min": 4609,
					"max": 4609
				},
				"2024-08-11": {
					"avg": 4917,
					"count": 6,
					"min": 4699,
					"max": 4999
				},
				"2024-08-12": {
					"avg": 6674,
					"count": 1,
					"min": 6674,
					"max": 6674
				},
				"2024-08-13": {
					"avg": 4616,
					"count": 3,
					"min": 4616,
					"max": 4616
				},
				"2024-08-14": {
					"avg": 4616,
					"count": 1,
					"min": 4616,
					"max": 4616
				},
				"2024-08-16": {
					"avg": 4690,
					"count": 2,
					"min": 4629,
					"max": 4751
				},
				"2024-08-17": {
					"avg": 4746,
					"count": 1,
					"min": 4746,
					"max": 4746
				},
				"2024-08-19": {
					"avg": 4823,
					"count": 1,
					"min": 4823,
					"max": 4823
				},
				"2024-08-20": {
					"avg": 4999,
					"count": 1,
					"min": 4999,
					"max": 4999
				},
				"2024-08-22": {
					"avg": 4883,
					"count": 6,
					"min": 4800,
					"max": 5099
				},
				"2024-08-25": {
					"avg": 6998,
					"count": 1,
					"min": 6998,
					"max": 6998
				},
				"2024-08-29": {
					"avg": 5605,
					"count": 4,
					"min": 5096,
					"max": 7127
				},
				"2024-08-30": {
					"avg": 5022,
					"count": 2,
					"min": 4895,
					"max": 5148
				},
				"2024-09-02": {
					"avg": 4900,
					"count": 1,
					"min": 4900,
					"max": 4900
				},
				"2024-09-03": {
					"avg": 5069,
					"count": 2,
					"min": 4896,
					"max": 5242
				},
				"2024-09-04": {
					"avg": 5784,
					"count": 6,
					"min": 4877,
					"max": 8524
				},
				"2024-09-08": {
					"avg": 4841,
					"count": 3,
					"min": 4427,
					"max": 5096
				},
				"2024-09-09": {
					"avg": 6163,
					"count": 1,
					"min": 6163,
					"max": 6163
				},
				"2024-09-11": {
					"avg": 6147,
					"count": 3,
					"min": 5095,
					"max": 8250
				},
				"2024-09-13": {
					"avg": 5095,
					"count": 1,
					"min": 5095,
					"max": 5095
				},
				"2024-09-15": {
					"avg": 5555,
					"count": 1,
					"min": 5555,
					"max": 5555
				},
				"2024-09-17": {
					"avg": 5047,
					"count": 2,
					"min": 4998,
					"max": 5095
				},
				"2024-09-18": {
					"avg": 5695,
					"count": 4,
					"min": 5367,
					"max": 6199
				},
				"2024-09-19": {
					"avg": 5383,
					"count": 1,
					"min": 5383,
					"max": 5383
				},
				"2024-09-20": {
					"avg": 10824,
					"count": 1,
					"min": 10824,
					"max": 10824
				},
				"2024-09-22": {
					"avg": 5261,
					"count": 2,
					"min": 4990,
					"max": 5532
				}
			},
			"avg": 5416,
			"avg7": -1,
			"avg28": -1
		},
		"holo-nearmint": {
			"history": {
				"2024-05-25": {
					"avg": 14366,
					"count": 3,
					"min": 10000,
					"max": 19099
				},
				"2024-05-30": {
					"avg": 11850,
					"count": 1,
					"min": 11850,
					"max": 11850
				},
				"2024-05-31": {
					"avg": 12999,
					"count": 1,
					"min": 12999,
					"max": 12999
				},
				"2024-06-02": {
					"avg": 10909,
					"count": 1,
					"min": 10909,
					"max": 10909
				},
				"2024-06-03": {
					"avg": 11199,
					"count": 2,
					"min": 10499,
					"max": 11899
				},
				"2024-06-04": {
					"avg": 12800,
					"count": 1,
					"min": 12800,
					"max": 12800
				},
				"2024-06-05": {
					"avg": 10498,
					"count": 1,
					"min": 10498,
					"max": 10498
				},
				"2024-06-07": {
					"avg": 12345,
					"count": 1,
					"min": 12345,
					"max": 12345
				},
				"2024-06-10": {
					"avg": 12809,
					"count": 2,
					"min": 12577,
					"max": 13041
				},
				"2024-06-11": {
					"avg": 9149,
					"count": 1,
					"min": 9149,
					"max": 9149
				},
				"2024-06-12": {
					"avg": 19999,
					"count": 1,
					"min": 19999,
					"max": 19999
				},
				"2024-06-20": {
					"avg": 19748,
					"count": 1,
					"min": 19748,
					"max": 19748
				},
				"2024-06-22": {
					"avg": 14799,
					"count": 2,
					"min": 11999,
					"max": 17599
				},
				"2024-06-23": {
					"avg": 13716,
					"count": 2,
					"min": 12310,
					"max": 15121
				},
				"2024-06-24": {
					"avg": 11999,
					"count": 1,
					"min": 11999,
					"max": 11999
				},
				"2024-06-26": {
					"avg": 13128,
					"count": 1,
					"min": 13128,
					"max": 13128
				},
				"2024-06-27": {
					"avg": 12299,
					"count": 1,
					"min": 12299,
					"max": 12299
				},
				"2024-07-02": {
					"avg": 12372,
					"count": 1,
					"min": 12372,
					"max": 12372
				},
				"2024-07-04": {
					"avg": 12090,
					"count": 1,
					"min": 12090,
					"max": 12090
				},
				"2024-07-05": {
					"avg": 12294,
					"count": 1,
					"min": 12294,
					"max": 12294
				},
				"2024-07-06": {
					"avg": 12372,
					"count": 1,
					"min": 12372,
					"max": 12372
				},
				"2024-07-10": {
					"avg": 14609,
					"count": 1,
					"min": 14609,
					"max": 14609
				},
				"2024-07-14": {
					"avg": 12686,
					"count": 2,
					"min": 12373,
					"max": 12999
				},
				"2024-07-16": {
					"avg": 12299,
					"count": 1,
					"min": 12299,
					"max": 12299
				},
				"2024-07-21": {
					"avg": 11000,
					"count": 1,
					"min": 11000,
					"max": 11000
				},
				"2024-07-24": {
					"avg": 12514,
					"count": 2,
					"min": 12428,
					"max": 12599
				},
				"2024-07-25": {
					"avg": 10999,
					"count": 1,
					"min": 10999,
					"max": 10999
				},
				"2024-07-27": {
					"avg": 14724,
					"count": 2,
					"min": 12999,
					"max": 16448
				},
				"2024-07-28": {
					"avg": 11999,
					"count": 1,
					"min": 11999,
					"max": 11999
				},
				"2024-07-29": {
					"avg": 12299,
					"count": 1,
					"min": 12299,
					"max": 12299
				},
				"2024-07-31": {
					"avg": 17499,
					"count": 1,
					"min": 17499,
					"max": 17499
				},
				"2024-08-01": {
					"avg": 20399,
					"count": 1,
					"min": 20399,
					"max": 20399
				},
				"2024-08-03": {
					"avg": 14969,
					"count": 2,
					"min": 13999,
					"max": 15938
				},
				"2024-08-04": {
					"avg": 14717,
					"count": 1,
					"min": 14717,
					"max": 14717
				},
				"2024-08-15": {
					"avg": 12627,
					"count": 1,
					"min": 12627,
					"max": 12627
				},
				"2024-08-17": {
					"avg": 13877,
					"count": 1,
					"min": 13877,
					"max": 13877
				},
				"2024-08-27": {
					"avg": 13462,
					"count": 2,
					"min": 12325,
					"max": 14599
				},
				"2024-08-31": {
					"avg": 13455,
					"count": 2,
					"min": 12099,
					"max": 14811
				},
				"2024-09-01": {
					"avg": 12249,
					"count": 2,
					"min": 11998,
					"max": 12499
				},
				"2024-09-04": {
					"avg": 15310,
					"count": 2,
					"min": 15310,
					"max": 15310
				},
				"2024-09-08": {
					"avg": 15319,
					"count": 2,
					"min": 12499,
					"max": 18139
				},
				"2024-09-16": {
					"avg": 13773,
					"count": 1,
					"min": 13773,
					"max": 13773
				},
				"2024-09-18": {
					"avg": 13864,
					"count": 3,
					"min": 13499,
					"max": 14093
				},
				"2024-09-19": {
					"avg": 13999,
					"count": 2,
					"min": 12499,
					"max": 15499
				},
				"2024-09-20": {
					"avg": 10499,
					"count": 1,
					"min": 10499,
					"max": 10499
				},
				"2024-09-22": {
					"avg": 15127,
					"count": 1,
					"min": 15127,
					"max": 15127
				}
			},
			"avg": 13526,
			"avg7": -1,
			"avg28": -1
		},
		"holo-used": {
			"history": {
				"2024-05-25": {
					"avg": 3355,
					"count": 2,
					"min": 3115,
					"max": 3595
				},
				"2024-06-04": {
					"avg": 3199,
					"count": 1,
					"min": 3199,
					"max": 3199
				},
				"2024-06-07": {
					"avg": 3175,
					"count": 1,
					"min": 3175,
					"max": 3175
				},
				"2024-06-08": {
					"avg": 3174,
					"count": 1,
					"min": 3174,
					"max": 3174
				},
				"2024-06-09": {
					"avg": 3099,
					"count": 1,
					"min": 3099,
					"max": 3099
				},
				"2024-06-11": {
					"avg": 3138,
					"count": 1,
					"min": 3138,
					"max": 3138
				},
				"2024-06-14": {
					"avg": 3273,
					"count": 2,
					"min": 3099,
					"max": 3446
				},
				"2024-06-15": {
					"avg": 3159,
					"count": 3,
					"min": 3099,
					"max": 3279
				},
				"2024-06-16": {
					"avg": 3099,
					"count": 1,
					"min": 3099,
					"max": 3099
				},
				"2024-06-18": {
					"avg": 3110,
					"count": 5,
					"min": 3039,
					"max": 3198
				},
				"2024-06-21": {
					"avg": 3233,
					"count": 3,
					"min": 3099,
					"max": 3499
				},
				"2024-06-22": {
					"avg": 3099,
					"count": 1,
					"min": 3099,
					"max": 3099
				},
				"2024-06-25": {
					"avg": 3063,
					"count": 1,
					"min": 3063,
					"max": 3063
				},
				"2024-06-28": {
					"avg": 3699,
					"count": 1,
					"min": 3699,
					"max": 3699
				},
				"2024-06-29": {
					"avg": 3356,
					"count": 1,
					"min": 3356,
					"max": 3356
				},
				"2024-06-30": {
					"avg": 2799,
					"count": 1,
					"min": 2799,
					"max": 2799
				},
				"2024-07-01": {
					"avg": 2799,
					"count": 1,
					"min": 2799,
					"max": 2799
				},
				"2024-07-02": {
					"avg": 2900,
					"count": 1,
					"min": 2900,
					"max": 2900
				},
				"2024-07-03": {
					"avg": 3158,
					"count": 3,
					"min": 2939,
					"max": 3595
				},
				"2024-07-04": {
					"avg": 3197,
					"count": 2,
					"min": 2799,
					"max": 3595
				},
				"2024-07-10": {
					"avg": 2975,
					"count": 2,
					"min": 2899,
					"max": 3050
				},
				"2024-07-11": {
					"avg": 2962,
					"count": 2,
					"min": 2899,
					"max": 3024
				},
				"2024-07-13": {
					"avg": 3050,
					"count": 1,
					"min": 3050,
					"max": 3050
				},
				"2024-07-15": {
					"avg": 3699,
					"count": 1,
					"min": 3699,
					"max": 3699
				},
				"2024-07-16": {
					"avg": 3153,
					"count": 3,
					"min": 3110,
					"max": 3199
				},
				"2024-07-18": {
					"avg": 5199,
					"count": 1,
					"min": 5199,
					"max": 5199
				},
				"2024-07-20": {
					"avg": 3100,
					"count": 2,
					"min": 3100,
					"max": 3100
				},
				"2024-07-22": {
					"avg": 3000,
					"count": 1,
					"min": 3000,
					"max": 3000
				},
				"2024-07-23": {
					"avg": 3046,
					"count": 5,
					"min": 2995,
					"max": 3125
				},
				"2024-07-26": {
					"avg": 3062,
					"count": 1,
					"min": 3062,
					"max": 3062
				},
				"2024-07-29": {
					"avg": 4099,
					"count": 1,
					"min": 4099,
					"max": 4099
				},
				"2024-08-01": {
					"avg": 5199,
					"count": 1,
					"min": 5199,
					"max": 5199
				},
				"2024-08-02": {
					"avg": 4898,
					"count": 1,
					"min": 4898,
					"max": 4898
				},
				"2024-08-03": {
					"avg": 3000,
					"count": 1,
					"min": 3000,
					"max": 3000
				},
				"2024-08-05": {
					"avg": 3056,
					"count": 1,
					"min": 3056,
					"max": 3056
				},
				"2024-08-07": {
					"avg": 3148,
					"count": 1,
					"min": 3148,
					"max": 3148
				},
				"2024-08-08": {
					"avg": 3099,
					"count": 1,
					"min": 3099,
					"max": 3099
				},
				"2024-08-10": {
					"avg": 3144,
					"count": 4,
					"min": 3022,
					"max": 3258
				},
				"2024-08-12": {
					"avg": 3770,
					"count": 1,
					"min": 3770,
					"max": 3770
				},
				"2024-08-14": {
					"avg": 4150,
					"count": 2,
					"min": 3025,
					"max": 5274
				},
				"2024-08-16": {
					"avg": 3017,
					"count": 5,
					"min": 2821,
					"max": 3148
				},
				"2024-08-17": {
					"avg": 3337,
					"count": 1,
					"min": 3337,
					"max": 3337
				},
				"2024-08-18": {
					"avg": 3337,
					"count": 1,
					"min": 3337,
					"max": 3337
				},
				"2024-08-19": {
					"avg": 3399,
					"count": 1,
					"min": 3399,
					"max": 3399
				},
				"2024-08-21": {
					"avg": 3458,
					"count": 1,
					"min": 3458,
					"max": 3458
				},
				"2024-08-22": {
					"avg": 3098,
					"count": 1,
					"min": 3098,
					"max": 3098
				},
				"2024-08-23": {
					"avg": 3395,
					"count": 2,
					"min": 3392,
					"max": 3398
				},
				"2024-08-26": {
					"avg": 3496,
					"count": 2,
					"min": 3293,
					"max": 3699
				},
				"2024-08-27": {
					"avg": 3199,
					"count": 1,
					"min": 3199,
					"max": 3199
				},
				"2024-08-28": {
					"avg": 4246,
					"count": 1,
					"min": 4246,
					"max": 4246
				},
				"2024-08-29": {
					"avg": 3200,
					"count": 1,
					"min": 3200,
					"max": 3200
				},
				"2024-08-31": {
					"avg": 3216,
					"count": 2,
					"min": 3215,
					"max": 3216
				},
				"2024-09-03": {
					"avg": 3104,
					"count": 3,
					"min": 2799,
					"max": 3271
				},
				"2024-09-05": {
					"avg": 3241,
					"count": 3,
					"min": 3226,
					"max": 3271
				},
				"2024-09-07": {
					"avg": 3595,
					"count": 1,
					"min": 3595,
					"max": 3595
				},
				"2024-09-11": {
					"avg": 5449,
					"count": 1,
					"min": 5449,
					"max": 5449
				},
				"2024-09-12": {
					"avg": 3271,
					"count": 3,
					"min": 3271,
					"max": 3271
				},
				"2024-09-14": {
					"avg": 3271,
					"count": 2,
					"min": 3270,
					"max": 3271
				},
				"2024-09-15": {
					"avg": 5349,
					"count": 1,
					"min": 5349,
					"max": 5349
				},
				"2024-09-18": {
					"avg": 2994,
					"count": 4,
					"min": 1999,
					"max": 3432
				},
				"2024-09-19": {
					"avg": 3275,
					"count": 1,
					"min": 3275,
					"max": 3275
				},
				"2024-09-23": {
					"avg": 3373,
					"count": 1,
					"min": 3373,
					"max": 3373
				}
			},
			"avg": 3308,
			"avg7": -1,
			"avg28": -1
		}
	}
}