{
	"data": {
		"normal-good": {
			"history": {
				"2022-11-12": {
					"avg": 145,
					"count": 2
				},
				"2022-11-13": {
					"avg": 114,
					"count": 3
				},
				"2022-11-14": {
					"avg": 168,
					"count": 3
				},
				"2022-11-15": {
					"avg": 32,
					"count": 1
				},
				"2022-11-16": {
					"avg": 163,
					"count": 28
				},
				"2022-11-17": {
					"avg": 210,
					"count": 5
				},
				"2022-11-18": {
					"avg": 156,
					"count": 1
				},
				"2022-11-19": {
					"avg": 139,
					"count": 4,
					"min": 52,
					"max": 248
				},
				"2022-11-20": {
					"avg": 176,
					"count": 5,
					"min": 71,
					"max": 250
				},
				"2022-11-21": {
					"avg": 139,
					"count": 8,
					"min": 124,
					"max": 199
				},
				"2022-11-22": {
					"avg": 163,
					"count": 3,
					"min": 88,
					"max": 250
				},
				"2022-11-23": {
					"avg": 29,
					"count": 3,
					"min": 25,
					"max": 37
				},
				"2022-11-24": {
					"avg": 91,
					"count": 2,
					"min": 67,
					"max": 114
				},
				"2022-11-25": {
					"avg": 137,
					"count": 23,
					"min": 25,
					"max": 299
				},
				"2022-11-26": {
					"avg": 26,
					"count": 2,
					"min": 26,
					"max": 26
				},
				"2022-11-27": {
					"avg": 111,
					"count": 6,
					"min": 67,
					"max": 250
				},
				"2022-11-28": {
					"avg": 110,
					"count": 4,
					"min": 110,
					"max": 110
				},
				"2022-11-29": {
					"avg": 78,
					"count": 8,
					"min": 26,
					"max": 200
				},
				"2022-11-30": {
					"avg": 36,
					"count": 2,
					"min": 35,
					"max": 36
				},
				"2022-12-01": {
					"avg": 35,
					"count": 1,
					"min": 35,
					"max": 35
				},
				"2022-12-02": {
					"avg": 35,
					"count": 2,
					"min": 35,
					"max": 35
				},
				"2022-12-03": {
					"avg": 67,
					"count": 3,
					"min": 35,
					"max": 132
				},
				"2022-12-04": {
					"avg": 98,
					"count": 4,
					"min": 67,
					"max": 132
				},
				"2022-12-05": {
					"avg": 101,
					"count": 4,
					"min": 67,
					"max": 139
				},
				"2022-12-06": {
					"avg": 35,
					"count": 1,
					"min": 35,
					"max": 35
				},
				"2022-12-07": {
					"avg": 122,
					"count": 11,
					"min": 35,
					"max": 499
				},
				"2022-12-09": {
					"avg": 53,
					"count": 2,
					"min": 39,
					"max": 67
				},
				"2022-12-10": {
					"avg": 131,
					"count": 2,
					"min": 62,
					"max": 199
				},
				"2022-12-11": {
					"avg": 213,
					"count": 3,
					"min": 152,
					"max": 250
				},
				"2022-12-12": {
					"avg": 130,
					"count": 4,
					"min": 30,
					"max": 234
				},
				"2022-12-13": {
					"avg": 182,
					"count": 2,
					"min": 113,
					"max": 250
				},
				"2022-12-14": {
					"avg": 143,
					"count": 4,
					"min": 35,
					"max": 259
				},
				"2022-12-15": {
					"avg": 220,
					"count": 5,
					"min": 149,
					"max": 250
				},
				"2022-12-16": {
					"avg": 134,
					"count": 13,
					"min": 35,
					"max": 225
				},
				"2022-12-17": {
					"avg": 247,
					"count": 1,
					"min": 247,
					"max": 247
				},
				"2022-12-18": {
					"avg": 80,
					"count": 3,
					"min": 41,
					"max": 148
				},
				"2022-12-19": {
					"avg": 114,
					"count": 2,
					"min": 99,
					"max": 129
				},
				"2022-12-20": {
					"avg": 135,
					"count": 2,
					"min": 72,
					"max": 198
				},
				"2022-12-21": {
					"avg": 140,
					"count": 2,
					"min": 129,
					"max": 150
				},
				"2022-12-22": {
					"avg": 131,
					"count": 3,
					"min": 60,
					"max": 225
				},
				"2022-12-23": {
					"avg": 55,
					"count": 6,
					"min": 24,
					"max": 111
				},
				"2022-12-24": {
					"avg": 250,
					"count": 1,
					"min": 250,
					"max": 250
				},
				"2022-12-25": {
					"avg": 130,
					"count": 3,
					"min": 112,
					"max": 140
				},
				"2022-12-27": {
					"avg": 133,
					"count": 1,
					"min": 133,
					"max": 133
				},
				"2022-12-28": {
					"avg": 129,
					"count": 2,
					"min": 128,
					"max": 129
				},
				"2022-12-29": {
					"avg": 163,
					"count": 4,
					"min": 129,
					"max": 212
				},
				"2022-12-30": {
					"avg": 545,
					"count": 1,
					"min": 545,
					"max": 545
				},
				"2023-01-01": {
					"avg": 66,
					"count": 6,
					"min": 33,
					"max": 138
				},
				"2023-01-02": {
					"avg": 141,
					"count": 8,
					"min": 33,
					"max": 250
				},
				"2023-01-03": {
					"avg": 291,
					"count": 3,
					"min": 124,
					"max": 499
				},
				"2023-01-04": {
					"avg": 189,
					"count": 4,
					"min": 23,
					"max": 278
				},
				"2023-01-05": {
					"avg": 177,
					"count": 16,
					"min": 23,
					"max": 250
				},
				"2023-01-06": {
					"avg": 169,
					"count": 8,
					"min": 122,
					"max": 250
				},
				"2023-01-07": {
					"avg": 50,
					"count": 1,
					"min": 50,
					"max": 50
				},
				"2023-01-08": {
					"avg": 166,
					"count": 22,
					"min": 73,
					"max": 250
				},
				"2023-01-09": {
					"avg": 29,
					"count": 2,
					"min": 25,
					"max": 33
				},
				"2023-01-10": {
					"avg": 156,
					"count": 3,
					"min": 119,
					"max": 175
				},
				"2023-01-11": {
					"avg": 96,
					"count": 21,
					"min": 35,
					"max": 99
				},
				"2023-01-12": {
					"avg": 289,
					"count": 5,
					"min": 139,
					"max": 555
				},
				"2023-02-06": {
					"avg": 261,
					"count": 4,
					"min": 125,
					"max": 428
				},
				"2023-02-07": {
					"avg": 147,
					"count": 5,
					"min": 74,
					"max": 168
				},
				"2023-02-08": {
					"avg": 284,
					"count": 4,
					"min": 152,
					"max": 598
				},
				"2023-02-09": {
					"avg": 54,
					"count": 5,
					"min": 29,
					"max": 152
				},
				"2023-02-10": {
					"avg": 108,
					"count": 6,
					"min": 83,
					"max": 157
				},
				"2023-02-11": {
					"avg": 413,
					"count": 6,
					"min": 74,
					"max": 1862
				},
				"2023-02-12": {
					"avg": 70,
					"count": 3,
					"min": 69,
					"max": 71
				},
				"2023-02-14": {
					"avg": 107,
					"count": 2,
					"min": 90,
					"max": 123
				},
				"2023-02-15": {
					"avg": 200,
					"count": 2,
					"min": 174,
					"max": 225
				},
				"2023-02-16": {
					"avg": 102,
					"count": 4,
					"min": 56,
					"max": 154
				},
				"2023-02-17": {
					"avg": 174,
					"count": 3,
					"min": 123,
					"max": 250
				},
				"2023-02-18": {
					"avg": 189,
					"count": 4,
					"min": 124,
					"max": 251
				},
				"2023-02-19": {
					"avg": 68,
					"count": 1,
					"min": 68,
					"max": 68
				},
				"2023-02-20": {
					"avg": 98,
					"count": 24,
					"min": 60,
					"max": 226
				},
				"2023-02-22": {
					"avg": 95,
					"count": 2,
					"min": 90,
					"max": 100
				},
				"2023-02-23": {
					"avg": 106,
					"count": 3,
					"min": 65,
					"max": 154
				},
				"2023-02-24": {
					"avg": 260,
					"count": 6,
					"min": 124,
					"max": 601
				},
				"2023-02-25": {
					"avg": 289,
					"count": 3,
					"min": 149,
					"max": 568
				},
				"2023-02-26": {
					"avg": 82,
					"count": 2,
					"min": 65,
					"max": 98
				},
				"2023-02-27": {
					"avg": 195,
					"count": 3,
					"min": 100,
					"max": 285
				},
				"2023-02-28": {
					"avg": 279,
					"count": 3,
					"min": 68,
					"max": 612
				},
				"2023-03-01": {
					"avg": 151,
					"count": 6,
					"min": 65,
					"max": 299
				},
				"2023-03-02": {
					"avg": 178,
					"count": 2,
					"min": 178,
					"max": 178
				},
				"2023-03-03": {
					"avg": 121,
					"count": 4,
					"min": 52,
					"max": 217
				},
				"2023-03-04": {
					"avg": 177,
					"count": 1,
					"min": 177,
					"max": 177
				},
				"2023-03-05": {
					"avg": 204,
					"count": 3,
					"min": 48,
					"max": 299
				},
				"2023-03-07": {
					"avg": 418,
					"count": 2,
					"min": 188,
					"max": 648
				},
				"2023-03-08": {
					"avg": 446,
					"count": 2,
					"min": 250,
					"max": 641
				},
				"2023-03-09": {
					"avg": 334,
					"count": 1,
					"min": 334,
					"max": 334
				},
				"2023-03-10": {
					"avg": 130,
					"count": 9,
					"min": 50,
					"max": 399
				},
				"2023-03-11": {
					"avg": 144,
					"count": 2,
					"min": 118,
					"max": 170
				},
				"2023-03-12": {
					"avg": 145,
					"count": 3,
					"min": 68,
					"max": 219
				},
				"2023-03-14": {
					"avg": 132,
					"count": 2,
					"min": 129,
					"max": 134
				},
				"2023-03-15": {
					"avg": 154,
					"count": 4,
					"min": 99,
					"max": 204
				},
				"2023-03-16": {
					"avg": 131,
					"count": 2,
					"min": 121,
					"max": 140
				},
				"2023-03-17": {
					"avg": 110,
					"count": 1,
					"min": 110,
					"max": 110
				},
				"2023-03-20": {
					"avg": 241,
					"count": 8,
					"min": 37,
					"max": 1077
				},
				"2023-03-21": {
					"avg": 303,
					"count": 1,
					"min": 303,
					"max": 303
				},
				"2023-03-22": {
					"avg": 140,
					"count": 2,
					"min": 60,
					"max": 219
				},
				"2023-03-23": {
					"avg": 182,
					"count": 2,
					"min": 60,
					"max": 303
				},
				"2023-03-24": {
					"avg": 89,
					"count": 5,
					"min": 25,
					"max": 154
				},
				"2023-03-25": {
					"avg": 55,
					"count": 2,
					"min": 50,
					"max": 60
				},
				"2023-03-26": {
					"avg": 148,
					"count": 3,
					"min": 60,
					"max": 250
				},
				"2023-03-27": {
					"avg": 240,
					"count": 9,
					"min": 47,
					"max": 786
				},
				"2023-03-28": {
					"avg": 177,
					"count": 3,
					"min": 78,
					"max": 254
				},
				"2023-03-29": {
					"avg": 251,
					"count": 5,
					"min": 70,
					"max": 589
				},
				"2023-03-31": {
					"avg": 154,
					"count": 2,
					"min": 57,
					"max": 250
				},
				"2023-04-02": {
					"avg": 142,
					"count": 3,
					"min": 99,
					"max": 227
				},
				"2023-04-03": {
					"avg": 84,
					"count": 3,
					"min": 49,
					"max": 148
				},
				"2023-04-04": {
					"avg": 361,
					"count": 3,
					"min": 49,
					"max": 886
				},
				"2023-04-05": {
					"avg": 104,
					"count": 6,
					"min": 56,
					"max": 199
				},
				"2023-04-06": {
					"avg": 152,
					"count": 1,
					"min": 152,
					"max": 152
				},
				"2023-04-07": {
					"avg": 159,
					"count": 1,
					"min": 159,
					"max": 159
				},
				"2023-04-08": {
					"avg": 136,
					"count": 8,
					"min": 49,
					"max": 268
				},
				"2023-04-09": {
					"avg": 124,
					"count": 6,
					"min": 62,
					"max": 148
				},
				"2023-04-10": {
					"avg": 243,
					"count": 4,
					"min": 119,
					"max": 589
				},
				"2023-04-11": {
					"avg": 199,
					"count": 2,
					"min": 199,
					"max": 199
				},
				"2023-04-12": {
					"avg": 219,
					"count": 1,
					"min": 219,
					"max": 219
				},
				"2023-04-13": {
					"avg": 63,
					"count": 1,
					"min": 63,
					"max": 63
				},
				"2023-04-15": {
					"avg": 108,
					"count": 2,
					"min": 99,
					"max": 116
				},
				"2023-04-16": {
					"avg": 312,
					"count": 3,
					"min": 120,
					"max": 625
				},
				"2023-04-17": {
					"avg": 181,
					"count": 1,
					"min": 181,
					"max": 181
				},
				"2023-04-19": {
					"avg": 225,
					"count": 1,
					"min": 225,
					"max": 225
				},
				"2023-04-20": {
					"avg": 90,
					"count": 2,
					"min": 63,
					"max": 117
				},
				"2023-04-21": {
					"avg": 70,
					"count": 2,
					"min": 52,
					"max": 88
				},
				"2023-04-22": {
					"avg": 103,
					"count": 11,
					"min": 58,
					"max": 303
				},
				"2023-04-23": {
					"avg": 75,
					"count": 1,
					"min": 75,
					"max": 75
				},
				"2023-04-25": {
					"avg": 234,
					"count": 1,
					"min": 234,
					"max": 234
				},
				"2023-04-27": {
					"avg": 196,
					"count": 3,
					"min": 119,
					"max": 250
				},
				"2023-04-28": {
					"avg": 104,
					"count": 7,
					"min": 26,
					"max": 303
				},
				"2023-04-29": {
					"avg": 174,
					"count": 3,
					"min": 124,
					"max": 199
				},
				"2023-04-30": {
					"avg": 96,
					"count": 3,
					"min": 45,
					"max": 199
				},
				"2023-05-01": {
					"avg": 73,
					"count": 3,
					"min": 20,
					"max": 174
				},
				"2023-05-02": {
					"avg": 250,
					"count": 2,
					"min": 250,
					"max": 250
				},
				"2023-05-03": {
					"avg": 88,
					"count": 3,
					"min": 32,
					"max": 169
				},
				"2023-05-04": {
					"avg": 219,
					"count": 1,
					"min": 219,
					"max": 219
				},
				"2023-05-05": {
					"avg": 121,
					"count": 11,
					"min": 50,
					"max": 148
				},
				"2023-05-06": {
					"avg": 161,
					"count": 2,
					"min": 54,
					"max": 268
				},
				"2023-05-07": {
					"avg": 99,
					"count": 21,
					"min": 26,
					"max": 375
				},
				"2023-05-08": {
					"avg": 141,
					"count": 2,
					"min": 31,
					"max": 250
				},
				"2023-05-09": {
					"avg": 148,
					"count": 1,
					"min": 148,
					"max": 148
				},
				"2023-05-10": {
					"avg": 192,
					"count": 2,
					"min": 159,
					"max": 226
				},
				"2023-05-11": {
					"avg": 198,
					"count": 1,
					"min": 198,
					"max": 198
				},
				"2023-05-12": {
					"avg": 129,
					"count": 3,
					"min": 66,
					"max": 195
				},
				"2023-05-13": {
					"avg": 46,
					"count": 2,
					"min": 40,
					"max": 51
				},
				"2023-05-14": {
					"avg": 89,
					"count": 2,
					"min": 53,
					"max": 124
				},
				"2023-05-15": {
					"avg": 330,
					"count": 6,
					"min": 40,
					"max": 1398
				},
				"2023-05-16": {
					"avg": 190,
					"count": 2,
					"min": 182,
					"max": 198
				},
				"2023-05-17": {
					"avg": 152,
					"count": 4,
					"min": 35,
					"max": 225
				},
				"2023-05-18": {
					"avg": 130,
					"count": 4,
					"min": 75,
					"max": 198
				},
				"2023-05-19": {
					"avg": 99,
					"count": 6,
					"min": 51,
					"max": 122
				},
				"2023-05-20": {
					"avg": 26,
					"count": 1,
					"min": 26,
					"max": 26
				},
				"2023-05-21": {
					"avg": 149,
					"count": 2,
					"min": 125,
					"max": 173
				},
				"2023-05-23": {
					"avg": 289,
					"count": 2,
					"min": 26,
					"max": 551
				},
				"2023-05-24": {
					"avg": 70,
					"count": 10,
					"min": 35,
					"max": 133
				},
				"2023-05-25": {
					"avg": 209,
					"count": 9,
					"min": 79,
					"max": 225
				},
				"2023-05-27": {
					"avg": 112,
					"count": 11,
					"min": 26,
					"max": 125
				},
				"2023-05-28": {
					"avg": 115,
					"count": 4,
					"min": 32,
					"max": 148
				},
				"2023-05-29": {
					"avg": 46,
					"count": 8,
					"min": 30,
					"max": 89
				},
				"2023-05-30": {
					"avg": 87,
					"count": 2,
					"min": 35,
					"max": 140
				},
				"2023-05-31": {
					"avg": 35,
					"count": 1,
					"min": 35,
					"max": 35
				},
				"2023-06-01": {
					"avg": 81,
					"count": 20,
					"min": 35,
					"max": 285
				},
				"2023-06-02": {
					"avg": 358,
					"count": 3,
					"min": 196,
					"max": 446
				},
				"2023-06-03": {
					"avg": 119,
					"count": 1,
					"min": 119,
					"max": 119
				},
				"2023-06-04": {
					"avg": 74,
					"count": 1,
					"min": 74,
					"max": 74
				},
				"2023-06-05": {
					"avg": 24,
					"count": 2,
					"min": 21,
					"max": 26
				},
				"2023-06-06": {
					"avg": 90,
					"count": 2,
					"min": 22,
					"max": 158
				},
				"2023-06-08": {
					"avg": 57,
					"count": 3,
					"min": 57,
					"max": 57
				},
				"2023-06-09": {
					"avg": 139,
					"count": 12,
					"min": 139,
					"max": 139
				},
				"2023-06-10": {
					"avg": 163,
					"count": 5,
					"min": 22,
					"max": 517
				},
				"2023-06-11": {
					"avg": 22,
					"count": 2,
					"min": 22,
					"max": 22
				},
				"2023-06-12": {
					"avg": 101,
					"count": 3,
					"min": 44,
					"max": 209
				},
				"2023-06-13": {
					"avg": 168,
					"count": 1,
					"min": 168,
					"max": 168
				},
				"2023-06-14": {
					"avg": 168,
					"count": 2,
					"min": 168,
					"max": 168
				},
				"2023-06-16": {
					"avg": 92,
					"count": 2,
					"min": 22,
					"max": 161
				},
				"2023-06-17": {
					"avg": 123,
					"count": 6,
					"min": 50,
					"max": 199
				},
				"2023-06-18": {
					"avg": 62,
					"count": 1,
					"min": 62,
					"max": 62
				},
				"2023-06-19": {
					"avg": 192,
					"count": 1,
					"min": 192,
					"max": 192
				},
				"2023-06-20": {
					"avg": 74,
					"count": 22,
					"min": 35,
					"max": 121
				},
				"2023-06-21": {
					"avg": 48,
					"count": 1,
					"min": 48,
					"max": 48
				},
				"2023-06-22": {
					"avg": 99,
					"count": 5,
					"min": 36,
					"max": 149
				},
				"2023-06-23": {
					"avg": 60,
					"count": 3,
					"min": 25,
					"max": 84
				},
				"2023-06-24": {
					"avg": 162,
					"count": 5,
					"min": 21,
					"max": 648
				},
				"2023-06-26": {
					"avg": 103,
					"count": 9,
					"min": 24,
					"max": 158
				},
				"2023-06-27": {
					"avg": 101,
					"count": 2,
					"min": 43,
					"max": 158
				},
				"2023-06-28": {
					"avg": 144,
					"count": 14,
					"min": 139,
					"max": 192
				},
				"2023-06-29": {
					"avg": 59,
					"count": 4,
					"min": 20,
					"max": 158
				},
				"2023-06-30": {
					"avg": 140,
					"count": 5,
					"min": 49,
					"max": 229
				},
				"2023-07-01": {
					"avg": 87,
					"count": 8,
					"min": 29,
					"max": 162
				},
				"2023-07-02": {
					"avg": 145,
					"count": 9,
					"min": 32,
					"max": 164
				},
				"2023-07-03": {
					"avg": 208,
					"count": 11,
					"min": 49,
					"max": 598
				},
				"2023-07-04": {
					"avg": 144,
					"count": 3,
					"min": 137,
					"max": 149
				},
				"2023-07-05": {
					"avg": 206,
					"count": 9,
					"min": 20,
					"max": 848
				},
				"2023-07-06": {
					"avg": 52,
					"count": 1,
					"min": 52,
					"max": 52
				},
				"2023-07-07": {
					"avg": 107,
					"count": 7,
					"min": 35,
					"max": 140
				},
				"2023-07-08": {
					"avg": 153,
					"count": 3,
					"min": 140,
					"max": 171
				},
				"2023-07-09": {
					"avg": 70,
					"count": 9,
					"min": 35,
					"max": 134
				},
				"2023-07-10": {
					"avg": 159,
					"count": 1,
					"min": 159,
					"max": 159
				},
				"2023-07-11": {
					"avg": 116,
					"count": 2,
					"min": 61,
					"max": 171
				},
				"2023-07-12": {
					"avg": 202,
					"count": 5,
					"min": 43,
					"max": 434
				},
				"2023-07-13": {
					"avg": 93,
					"count": 2,
					"min": 25,
					"max": 161
				},
				"2023-07-14": {
					"avg": 273,
					"count": 9,
					"min": 24,
					"max": 451
				},
				"2023-07-15": {
					"avg": 102,
					"count": 3,
					"min": 39,
					"max": 225
				},
				"2023-07-16": {
					"avg": 44,
					"count": 5,
					"min": 43,
					"max": 48
				},
				"2023-07-17": {
					"avg": 174,
					"count": 17,
					"min": 30,
					"max": 424
				},
				"2023-07-18": {
					"avg": 40,
					"count": 5,
					"min": 38,
					"max": 46
				},
				"2023-07-19": {
					"avg": 67,
					"count": 10,
					"min": 26,
					"max": 149
				},
				"2023-07-20": {
					"avg": 72,
					"count": 6,
					"min": 37,
					"max": 225
				},
				"2023-07-21": {
					"avg": 46,
					"count": 20,
					"min": 37,
					"max": 125
				},
				"2023-07-22": {
					"avg": 37,
					"count": 1,
					"min": 37,
					"max": 37
				},
				"2023-07-23": {
					"avg": 407,
					"count": 5,
					"min": 37,
					"max": 499
				},
				"2023-07-24": {
					"avg": 47,
					"count": 2,
					"min": 44,
					"max": 50
				},
				"2023-07-25": {
					"avg": 139,
					"count": 12,
					"min": 25,
					"max": 499
				},
				"2023-07-26": {
					"avg": 124,
					"count": 23,
					"min": 62,
					"max": 158
				},
				"2023-07-27": {
					"avg": 499,
					"count": 1,
					"min": 499,
					"max": 499
				},
				"2023-07-29": {
					"avg": 122,
					"count": 9,
					"min": 35,
					"max": 233
				},
				"2023-07-30": {
					"avg": 349,
					"count": 5,
					"min": 20,
					"max": 1066
				},
				"2023-07-31": {
					"avg": 268,
					"count": 1,
					"min": 268,
					"max": 268
				},
				"2023-08-01": {
					"avg": 228,
					"count": 11,
					"min": 30,
					"max": 889
				},
				"2023-08-03": {
					"avg": 308,
					"count": 3,
					"min": 35,
					"max": 848
				},
				"2023-08-04": {
					"avg": 108,
					"count": 6,
					"min": 25,
					"max": 244
				},
				"2023-08-06": {
					"avg": 104,
					"count": 19,
					"min": 42,
					"max": 139
				},
				"2023-08-07": {
					"avg": 133,
					"count": 2,
					"min": 40,
					"max": 225
				},
				"2023-08-08": {
					"avg": 114,
					"count": 4,
					"min": 39,
					"max": 171
				},
				"2023-08-09": {
					"avg": 149,
					"count": 1,
					"min": 149,
					"max": 149
				},
				"2023-08-10": {
					"avg": 64,
					"count": 41,
					"min": 30,
					"max": 199
				},
				"2023-08-11": {
					"avg": 247,
					"count": 3,
					"min": 125,
					"max": 317
				},
				"2023-08-12": {
					"avg": 186,
					"count": 2,
					"min": 124,
					"max": 247
				},
				"2023-08-13": {
					"avg": 43,
					"count": 1,
					"min": 43,
					"max": 43
				},
				"2023-08-14": {
					"avg": 116,
					"count": 17,
					"min": 34,
					"max": 244
				},
				"2023-08-15": {
					"avg": 427,
					"count": 4,
					"min": 49,
					"max": 553
				},
				"2023-08-16": {
					"avg": 162,
					"count": 4,
					"min": 119,
					"max": 225
				},
				"2023-08-17": {
					"avg": 87,
					"count": 9,
					"min": 26,
					"max": 152
				},
				"2023-08-18": {
					"avg": 518,
					"count": 3,
					"min": 56,
					"max": 1373
				},
				"2023-08-19": {
					"avg": 474,
					"count": 1,
					"min": 474,
					"max": 474
				},
				"2023-08-20": {
					"avg": 649,
					"count": 2,
					"min": 474,
					"max": 823
				},
				"2023-08-21": {
					"avg": 154,
					"count": 6,
					"min": 117,
					"max": 233
				},
				"2023-08-22": {
					"avg": 182,
					"count": 3,
					"min": 15,
					"max": 299
				},
				"2023-08-23": {
					"avg": 531,
					"count": 5,
					"min": 19,
					"max": 2232
				},
				"2023-08-24": {
					"avg": 213,
					"count": 2,
					"min": 128,
					"max": 297
				},
				"2023-08-25": {
					"avg": 128,
					"count": 10,
					"min": 50,
					"max": 147
				},
				"2023-08-26": {
					"avg": 145,
					"count": 7,
					"min": 50,
					"max": 233
				},
				"2023-08-27": {
					"avg": 91,
					"count": 3,
					"min": 25,
					"max": 179
				},
				"2023-08-28": {
					"avg": 368,
					"count": 3,
					"min": 48,
					"max": 823
				},
				"2023-08-29": {
					"avg": 91,
					"count": 3,
					"min": 45,
					"max": 114
				},
				"2023-08-30": {
					"avg": 248,
					"count": 1,
					"min": 248,
					"max": 248
				},
				"2023-08-31": {
					"avg": 39,
					"count": 1,
					"min": 39,
					"max": 39
				},
				"2023-09-01": {
					"avg": 115,
					"count": 5,
					"min": 39,
					"max": 256
				},
				"2023-09-02": {
					"avg": 181,
					"count": 12,
					"min": 35,
					"max": 250
				},
				"2023-09-03": {
					"avg": 284,
					"count": 5,
					"min": 37,
					"max": 823
				},
				"2023-09-04": {
					"avg": 55,
					"count": 2,
					"min": 50,
					"max": 60
				},
				"2023-09-05": {
					"avg": 63,
					"count": 5,
					"min": 25,
					"max": 163
				},
				"2023-09-06": {
					"avg": 98,
					"count": 8,
					"min": 32,
					"max": 149
				},
				"2023-09-07": {
					"avg": 76,
					"count": 4,
					"min": 25,
					"max": 159
				},
				"2023-09-08": {
					"avg": 1113,
					"count": 1,
					"min": 1113,
					"max": 1113
				},
				"2023-09-09": {
					"avg": 48,
					"count": 5,
					"min": 25,
					"max": 98
				},
				"2023-09-10": {
					"avg": 84,
					"count": 7,
					"min": 25,
					"max": 124
				},
				"2023-09-11": {
					"avg": 97,
					"count": 6,
					"min": 25,
					"max": 147
				},
				"2023-09-12": {
					"avg": 146,
					"count": 2,
					"min": 35,
					"max": 256
				},
				"2023-09-13": {
					"avg": 114,
					"count": 1,
					"min": 114,
					"max": 114
				},
				"2023-09-14": {
					"avg": 68,
					"count": 6,
					"min": 38,
					"max": 124
				},
				"2023-09-15": {
					"avg": 197,
					"count": 2,
					"min": 169,
					"max": 225
				},
				"2023-09-16": {
					"avg": 585,
					"count": 22,
					"min": 515,
					"max": 2045
				},
				"2023-09-17": {
					"avg": 97,
					"count": 3,
					"min": 60,
					"max": 125
				},
				"2023-09-18": {
					"avg": 125,
					"count": 1,
					"min": 125,
					"max": 125
				},
				"2023-09-19": {
					"avg": 83,
					"count": 5,
					"min": 29,
					"max": 125
				},
				"2023-09-20": {
					"avg": 233,
					"count": 1,
					"min": 233,
					"max": 233
				},
				"2023-09-21": {
					"avg": 191,
					"count": 5,
					"min": 46,
					"max": 524
				},
				"2023-09-22": {
					"avg": 135,
					"count": 3,
					"min": 106,
					"max": 175
				},
				"2023-09-23": {
					"avg": 2056,
					"count": 1,
					"min": 2056,
					"max": 2056
				},
				"2023-09-24": {
					"avg": 73,
					"count": 3,
					"min": 35,
					"max": 139
				},
				"2023-09-25": {
					"avg": 98,
					"count": 7,
					"min": 25,
					"max": 190
				},
				"2023-09-26": {
					"avg": 229,
					"count": 6,
					"min": 19,
					"max": 524
				},
				"2023-09-27": {
					"avg": 154,
					"count": 4,
					"min": 32,
					"max": 233
				},
				"2023-09-28": {
					"avg": 123,
					"count": 2,
					"min": 25,
					"max": 221
				},
				"2023-09-29": {
					"avg": 95,
					"count": 5,
					"min": 46,
					"max": 124
				},
				"2023-09-30": {
					"avg": 767,
					"count": 13,
					"min": 75,
					"max": 2056
				},
				"2023-10-01": {
					"avg": 136,
					"count": 4,
					"min": 49,
					"max": 233
				},
				"2023-10-02": {
					"avg": 115,
					"count": 3,
					"min": 102,
					"max": 126
				},
				"2023-10-03": {
					"avg": 469,
					"count": 2,
					"min": 139,
					"max": 798
				},
				"2023-10-04": {
					"avg": 120,
					"count": 5,
					"min": 20,
					"max": 299
				},
				"2023-10-05": {
					"avg": 99,
					"count": 4,
					"min": 49,
					"max": 149
				},
				"2023-10-07": {
					"avg": 51,
					"count": 6,
					"min": 37,
					"max": 123
				},
				"2023-10-08": {
					"avg": 137,
					"count": 8,
					"min": 25,
					"max": 512
				},
				"2023-10-09": {
					"avg": 275,
					"count": 13,
					"min": 102,
					"max": 2012
				},
				"2023-10-10": {
					"avg": 293,
					"count": 4,
					"min": 29,
					"max": 545
				},
				"2023-10-11": {
					"avg": 105,
					"count": 3,
					"min": 36,
					"max": 139
				},
				"2023-10-12": {
					"avg": 39,
					"count": 4,
					"min": 20,
					"max": 48
				},
				"2023-10-13": {
					"avg": 49,
					"count": 1,
					"min": 49,
					"max": 49
				},
				"2023-10-14": {
					"avg": 119,
					"count": 1,
					"min": 119,
					"max": 119
				},
				"2023-10-16": {
					"avg": 270,
					"count": 4,
					"min": 124,
					"max": 683
				},
				"2023-10-17": {
					"avg": 184,
					"count": 4,
					"min": 46,
					"max": 393
				},
				"2023-10-18": {
					"avg": 149,
					"count": 9,
					"min": 46,
					"max": 289
				},
				"2023-10-19": {
					"avg": 101,
					"count": 4,
					"min": 49,
					"max": 119
				},
				"2023-10-20": {
					"avg": 45,
					"count": 1,
					"min": 45,
					"max": 45
				},
				"2023-10-21": {
					"avg": 46,
					"count": 1,
					"min": 46,
					"max": 46
				},
				"2023-10-22": {
					"avg": 277,
					"count": 5,
					"min": 119,
					"max": 449
				},
				"2023-10-23": {
					"avg": 38,
					"count": 2,
					"min": 30,
					"max": 46
				},
				"2023-10-24": {
					"avg": 184,
					"count": 3,
					"min": 35,
					"max": 352
				},
				"2023-10-25": {
					"avg": 148,
					"count": 1,
					"min": 148,
					"max": 148
				},
				"2023-10-26": {
					"avg": 126,
					"count": 1,
					"min": 126,
					"max": 126
				},
				"2023-10-27": {
					"avg": 121,
					"count": 3,
					"min": 61,
					"max": 157
				},
				"2023-10-28": {
					"avg": 181,
					"count": 2,
					"min": 137,
					"max": 225
				},
				"2023-10-29": {
					"avg": 345,
					"count": 4,
					"min": 38,
					"max": 748
				},
				"2023-10-30": {
					"avg": 321,
					"count": 9,
					"min": 50,
					"max": 1641
				},
				"2023-10-31": {
					"avg": 142,
					"count": 3,
					"min": 75,
					"max": 233
				},
				"2023-11-01": {
					"avg": 315,
					"count": 5,
					"min": 149,
					"max": 773
				},
				"2023-11-03": {
					"avg": 125,
					"count": 5,
					"min": 27,
					"max": 233
				},
				"2023-11-04": {
					"avg": 113,
					"count": 4,
					"min": 46,
					"max": 166
				},
				"2023-11-05": {
					"avg": 150,
					"count": 4,
					"min": 114,
					"max": 219
				},
				"2023-11-06": {
					"avg": 149,
					"count": 6,
					"min": 149,
					"max": 149
				},
				"2023-11-07": {
					"avg": 53,
					"count": 5,
					"min": 40,
					"max": 107
				},
				"2023-11-09": {
					"avg": 223,
					"count": 2,
					"min": 202,
					"max": 244
				},
				"2023-11-10": {
					"avg": 105,
					"count": 2,
					"min": 46,
					"max": 164
				},
				"2023-11-11": {
					"avg": 137,
					"count": 4,
					"min": 64,
					"max": 216
				},
				"2023-11-12": {
					"avg": 182,
					"count": 4,
					"min": 107,
					"max": 399
				},
				"2023-11-13": {
					"avg": 136,
					"count": 13,
					"min": 65,
					"max": 529
				},
				"2023-11-14": {
					"avg": 88,
					"count": 4,
					"min": 68,
					"max": 107
				},
				"2023-11-15": {
					"avg": 90,
					"count": 3,
					"min": 35,
					"max": 129
				},
				"2023-11-16": {
					"avg": 40,
					"count": 3,
					"min": 21,
					"max": 64
				},
				"2023-11-17": {
					"avg": 104,
					"count": 4,
					"min": 36,
					"max": 211
				},
				"2023-11-18": {
					"avg": 399,
					"count": 1,
					"min": 399,
					"max": 399
				},
				"2023-11-19": {
					"avg": 1398,
					"count": 1,
					"min": 1398,
					"max": 1398
				},
				"2023-11-20": {
					"avg": 48,
					"count": 3,
					"min": 48,
					"max": 48
				},
				"2023-11-21": {
					"avg": 270,
					"count": 8,
					"min": 113,
					"max": 624
				},
				"2023-11-22": {
					"avg": 119,
					"count": 4,
					"min": 52,
					"max": 271
				},
				"2023-11-24": {
					"avg": 176,
					"count": 42,
					"min": 25,
					"max": 449
				},
				"2023-11-26": {
					"avg": 117,
					"count": 5,
					"min": 40,
					"max": 148
				},
				"2023-11-27": {
					"avg": 173,
					"count": 2,
					"min": 100,
					"max": 246
				},
				"2024-05-15": {
					"avg": 44,
					"count": 1,
					"min": 44,
					"max": 44
				},
				"2024-05-16": {
					"avg": 312,
					"count": 2,
					"min": 123,
					"max": 500
				},
				"2024-05-17": {
					"avg": 87,
					"count": 79,
					"min": 13,
					"max": 328
				},
				"2024-05-18": {
					"avg": 158,
					"count": 37,
					"min": 23,
					"max": 548
				},
				"2024-05-19": {
					"avg": 23,
					"count": 1,
					"min": 23,
					"max": 23
				},
				"2024-05-20": {
					"avg": 185,
					"count": 2,
					"min": 171,
					"max": 199
				},
				"2024-05-21": {
					"avg": 173,
					"count": 4,
					"min": 48,
					"max": 449
				},
				"2024-05-22": {
					"avg": 179,
					"count": 5,
					"min": 50,
					"max": 424
				},
				"2024-05-23": {
					"avg": 63,
					"count": 2,
					"min": 49,
					"max": 77
				},
				"2024-05-24": {
					"avg": 49,
					"count": 1,
					"min": 49,
					"max": 49
				},
				"2024-05-25": {
					"avg": 75,
					"count": 1,
					"min": 75,
					"max": 75
				},
				"2024-05-26": {
					"avg": 307,
					"count": 1,
					"min": 307,
					"max": 307
				},
				"2024-05-27": {
					"avg": 136,
					"count": 2,
					"min": 75,
					"max": 197
				},
				"2024-05-29": {
					"avg": 136,
					"count": 3,
					"min": 71,
					"max": 199
				},
				"2024-05-30": {
					"avg": 96,
					"count": 2,
					"min": 44,
					"max": 148
				},
				"2024-05-31": {
					"avg": 191,
					"count": 4,
					"min": 167,
					"max": 249
				},
				"2024-06-02": {
					"avg": 71,
					"count": 1,
					"min": 71,
					"max": 71
				},
				"2024-06-03": {
					"avg": 50,
					"count": 1,
					"min": 50,
					"max": 50
				},
				"2024-06-04": {
					"avg": 124,
					"count": 2,
					"min": 100,
					"max": 148
				},
				"2024-06-06": {
					"avg": 420,
					"count": 2,
					"min": 131,
					"max": 708
				},
				"2024-06-07": {
					"avg": 142,
					"count": 3,
					"min": 131,
					"max": 162
				},
				"2024-06-08": {
					"avg": 50,
					"count": 1,
					"min": 50,
					"max": 50
				},
				"2024-06-10": {
					"avg": 50,
					"count": 1,
					"min": 50,
					"max": 50
				},
				"2024-06-11": {
					"avg": 397,
					"count": 2,
					"min": 171,
					"max": 623
				},
				"2024-06-12": {
					"avg": 75,
					"count": 1,
					"min": 75,
					"max": 75
				},
				"2024-06-13": {
					"avg": 311,
					"count": 3,
					"min": 234,
					"max": 349
				},
				"2024-06-14": {
					"avg": 138,
					"count": 1,
					"min": 138,
					"max": 138
				},
				"2024-06-15": {
					"avg": 152,
					"count": 5,
					"min": 44,
					"max": 249
				},
				"2024-06-16": {
					"avg": 334,
					"count": 3,
					"min": 149,
					"max": 426
				},
				"2024-06-19": {
					"avg": 131,
					"count": 3,
					"min": 89,
					"max": 152
				},
				"2024-06-20": {
					"avg": 623,
					"count": 1,
					"min": 623,
					"max": 623
				},
				"2024-06-21": {
					"avg": 151,
					"count": 14,
					"min": 57,
					"max": 173
				},
				"2024-06-27": {
					"avg": 89,
					"count": 1,
					"min": 89,
					"max": 89
				},
				"2024-06-28": {
					"avg": 45,
					"count": 1,
					"min": 45,
					"max": 45
				},
				"2024-06-30": {
					"avg": 172,
					"count": 1,
					"min": 172,
					"max": 172
				},
				"2024-07-01": {
					"avg": 50,
					"count": 1,
					"min": 50,
					"max": 50
				},
				"2024-07-04": {
					"avg": 109,
					"count": 2,
					"min": 71,
					"max": 147
				},
				"2024-07-05": {
					"avg": 255,
					"count": 1,
					"min": 255,
					"max": 255
				},
				"2024-07-07": {
					"avg": 133,
					"count": 2,
					"min": 89,
					"max": 177
				},
				"2024-07-09": {
					"avg": 157,
					"count": 1,
					"min": 157,
					"max": 157
				},
				"2024-07-11": {
					"avg": 47,
					"count": 3,
					"min": 26,
					"max": 89
				},
				"2024-07-12": {
					"avg": 190,
					"count": 4,
					"min": 64,
					"max": 508
				},
				"2024-07-14": {
					"avg": 309,
					"count": 3,
					"min": 167,
					"max": 589
				},
				"2024-07-15": {
					"avg": 148,
					"count": 2,
					"min": 62,
					"max": 234
				},
				"2024-07-16": {
					"avg": 78,
					"count": 2,
					"min": 70,
					"max": 85
				},
				"2024-07-18": {
					"avg": 53,
					"count": 3,
					"min": 53,
					"max": 53
				},
				"2024-07-20": {
					"avg": 326,
					"count": 3,
					"min": 320,
					"max": 337
				},
				"2024-07-24": {
					"avg": 76,
					"count": 1,
					"min": 76,
					"max": 76
				},
				"2024-07-25": {
					"avg": 153,
					"count": 1,
					"min": 153,
					"max": 153
				},
				"2024-07-26": {
					"avg": 138,
					"count": 16,
					"min": 50,
					"max": 150
				},
				"2024-07-27": {
					"avg": 189,
					"count": 3,
					"min": 167,
					"max": 203
				},
				"2024-07-29": {
					"avg": 146,
					"count": 1,
					"min": 146,
					"max": 146
				},
				"2024-07-31": {
					"avg": 91,
					"count": 3,
					"min": 49,
					"max": 174
				},
				"2024-08-01": {
					"avg": 283,
					"count": 3,
					"min": 70,
					"max": 709
				},
				"2024-08-02": {
					"avg": 20,
					"count": 1,
					"min": 20,
					"max": 20
				},
				"2024-08-03": {
					"avg": 139,
					"count": 1,
					"min": 139,
					"max": 139
				},
				"2024-08-04": {
					"avg": 134,
					"count": 5,
					"min": 74,
					"max": 228
				},
				"2024-08-05": {
					"avg": 85,
					"count": 1,
					"min": 85,
					"max": 85
				},
				"2024-08-10": {
					"avg": 40,
					"count": 1,
					"min": 40,
					"max": 40
				},
				"2024-08-13": {
					"avg": 191,
					"count": 1,
					"min": 191,
					"max": 191
				},
				"2024-08-16": {
					"avg": 89,
					"count": 1,
					"min": 89,
					"max": 89
				},
				"2024-08-17": {
					"avg": 176,
					"count": 1,
					"min": 176,
					"max": 176
				},
				"2024-08-18": {
					"avg": 69,
					"count": 2,
					"min": 53,
					"max": 85
				},
				"2024-08-22": {
					"avg": 176,
					"count": 1,
					"min": 176,
					"max": 176
				},
				"2024-08-24": {
					"avg": 140,
					"count": 8,
					"min": 121,
					"max": 150
				},
				"2024-08-26": {
					"avg": 195,
					"count": 3,
					"min": 121,
					"max": 232
				},
				"2024-08-27": {
					"avg": 135,
					"count": 4,
					"min": 56,
					"max": 210
				},
				"2024-08-28": {
					"avg": 135,
					"count": 2,
					"min": 121,
					"max": 149
				},
				"2024-08-30": {
					"avg": 106,
					"count": 2,
					"min": 42,
					"max": 169
				},
				"2024-08-31": {
					"avg": 42,
					"count": 1,
					"min": 42,
					"max": 42
				},
				"2024-09-01": {
					"avg": 66,
					"count": 2,
					"min": 42,
					"max": 89
				},
				"2024-09-03": {
					"avg": 72,
					"count": 5,
					"min": 42,
					"max": 79
				},
				"2024-09-04": {
					"avg": 44,
					"count": 7,
					"min": 41,
					"max": 58
				},
				"2024-09-05": {
					"avg": 108,
					"count": 4,
					"min": 50,
					"max": 178
				},
				"2024-09-06": {
					"avg": 81,
					"count": 3,
					"min": 22,
					"max": 149
				},
				"2024-09-09": {
					"avg": 175,
					"count": 4,
					"min": 144,
					"max": 198
				},
				"2024-09-10": {
					"avg": 172,
					"count": 1,
					"min": 172,
					"max": 172
				},
				"2024-09-12": {
					"avg": 140,
					"count": 3,
					"min": 51,
					"max": 220
				},
				"2024-09-13": {
					"avg": 75,
					"count": 1,
					"min": 75,
					"max": 75
				},
				"2024-09-15": {
					"avg": 358,
					"count": 1,
					"min": 358,
					"max": 358
				},
				"2024-09-17": {
					"avg": 130,
					"count": 2,
					"min": 75,
					"max": 185
				},
				"2024-09-18": {
					"avg": 77,
					"count": 2,
					"min": 75,
					"max": 79
				},
				"2024-09-19": {
					"avg": 441,
					"count": 3,
					"min": 25,
					"max": 648
				},
				"2024-09-21": {
					"avg": 173,
					"count": 1,
					"min": 173,
					"max": 173
				},
				"2024-09-22": {
					"avg": 65,
					"count": 2,
					"min": 59,
					"max": 71
				},
				"2024-09-23": {
					"avg": 79,
					"count": 36,
					"min": 79,
					"max": 79
				}
			},
			"avg": 155,
			"avg7": 117,
			"avg28": 117
		},
		"normal-nearmint": {
			"history": {
				"2024-05-23": {
					"avg": 150,
					"count": 2,
					"min": 128,
					"max": 172
				},
				"2024-05-24": {
					"avg": 50,
					"count": 1,
					"min": 50,
					"max": 50
				},
				"2024-05-26": {
					"avg": 65,
					"count": 1,
					"min": 65,
					"max": 65
				},
				"2024-05-27": {
					"avg": 196,
					"count": 2,
					"min": 172,
					"max": 219
				},
				"2024-05-29": {
					"avg": 50,
					"count": 1,
					"min": 50,
					"max": 50
				},
				"2024-05-31": {
					"avg": 62,
					"count": 1,
					"min": 62,
					"max": 62
				},
				"2024-06-02": {
					"avg": 47,
					"count": 3,
					"min": 39,
					"max": 62
				},
				"2024-06-03": {
					"avg": 63,
					"count": 1,
					"min": 63,
					"max": 63
				},
				"2024-06-04": {
					"avg": 56,
					"count": 1,
					"min": 56,
					"max": 56
				},
				"2024-06-05": {
					"avg": 91,
					"count": 3,
					"min": 50,
					"max": 172
				},
				"2024-06-06": {
					"avg": 54,
					"count": 1,
					"min": 54,
					"max": 54
				},
				"2024-06-07": {
					"avg": 187,
					"count": 4,
					"min": 50,
					"max": 354
				},
				"2024-06-08": {
					"avg": 304,
					"count": 1,
					"min": 304,
					"max": 304
				},
				"2024-06-09": {
					"avg": 50,
					"count": 1,
					"min": 50,
					"max": 50
				},
				"2024-06-11": {
					"avg": 321,
					"count": 3,
					"min": 172,
					"max": 396
				},
				"2024-06-13": {
					"avg": 278,
					"count": 1,
					"min": 278,
					"max": 278
				},
				"2024-06-14": {
					"avg": 162,
					"count": 1,
					"min": 162,
					"max": 162
				},
				"2024-06-15": {
					"avg": 171,
					"count": 1,
					"min": 171,
					"max": 171
				},
				"2024-06-16": {
					"avg": 85,
					"count": 6,
					"min": 37,
					"max": 196
				},
				"2024-06-17": {
					"avg": 146,
					"count": 1,
					"min": 146,
					"max": 146
				},
				"2024-06-18": {
					"avg": 103,
					"count": 2,
					"min": 49,
					"max": 157
				},
				"2024-06-19": {
					"avg": 73,
					"count": 14,
					"min": 39,
					"max": 197
				},
				"2024-06-20": {
					"avg": 171,
					"count": 2,
					"min": 171,
					"max": 171
				},
				"2024-06-22": {
					"avg": 181,
					"count": 2,
					"min": 164,
					"max": 197
				},
				"2024-06-23": {
					"avg": 197,
					"count": 1,
					"min": 197,
					"max": 197
				},
				"2024-06-24": {
					"avg": 197,
					"count": 2,
					"min": 197,
					"max": 197
				},
				"2024-06-25": {
					"avg": 94,
					"count": 3,
					"min": 36,
					"max": 197
				},
				"2024-06-26": {
					"avg": 159,
					"count": 3,
					"min": 36,
					"max": 275
				},
				"2024-06-27": {
					"avg": 153,
					"count": 4,
					"min": 36,
					"max": 213
				},
				"2024-06-28": {
					"avg": 178,
					"count": 2,
					"min": 158,
					"max": 197
				},
				"2024-06-30": {
					"avg": 203,
					"count": 5,
					"min": 197,
					"max": 231
				},
				"2024-07-01": {
					"avg": 119,
					"count": 1,
					"min": 119,
					"max": 119
				},
				"2024-07-02": {
					"avg": 100,
					"count": 1,
					"min": 100,
					"max": 100
				},
				"2024-07-06": {
					"avg": 179,
					"count": 2,
					"min": 135,
					"max": 222
				},
				"2024-07-07": {
					"avg": 222,
					"count": 2,
					"min": 222,
					"max": 222
				},
				"2024-07-08": {
					"avg": 276,
					"count": 2,
					"min": 222,
					"max": 330
				},
				"2024-07-10": {
					"avg": 185,
					"count": 4,
					"min": 36,
					"max": 632
				},
				"2024-07-15": {
					"avg": 158,
					"count": 1,
					"min": 158,
					"max": 158
				},
				"2024-07-18": {
					"avg": 115,
					"count": 2,
					"min": 69,
					"max": 161
				},
				"2024-07-19": {
					"avg": 524,
					"count": 1,
					"min": 524,
					"max": 524
				},
				"2024-07-20": {
					"avg": 213,
					"count": 2,
					"min": 185,
					"max": 240
				},
				"2024-07-22": {
					"avg": 194,
					"count": 4,
					"min": 149,
					"max": 248
				},
				"2024-07-23": {
					"avg": 99,
					"count": 1,
					"min": 99,
					"max": 99
				},
				"2024-07-24": {
					"avg": 162,
					"count": 26,
					"min": 162,
					"max": 162
				},
				"2024-07-25": {
					"avg": 226,
					"count": 1,
					"min": 226,
					"max": 226
				},
				"2024-07-26": {
					"avg": 163,
					"count": 1,
					"min": 163,
					"max": 163
				},
				"2024-07-27": {
					"avg": 106,
					"count": 1,
					"min": 106,
					"max": 106
				},
				"2024-07-28": {
					"avg": 232,
					"count": 1,
					"min": 232,
					"max": 232
				},
				"2024-07-30": {
					"avg": 169,
					"count": 2,
					"min": 115,
					"max": 222
				},
				"2024-08-01": {
					"avg": 160,
					"count": 1,
					"min": 160,
					"max": 160
				},
				"2024-08-04": {
					"avg": 151,
					"count": 4,
					"min": 103,
					"max": 211
				},
				"2024-08-07": {
					"avg": 94,
					"count": 2,
					"min": 94,
					"max": 94
				},
				"2024-08-10": {
					"avg": 203,
					"count": 1,
					"min": 203,
					"max": 203
				},
				"2024-08-11": {
					"avg": 159,
					"count": 1,
					"min": 159,
					"max": 159
				},
				"2024-08-12": {
					"avg": 127,
					"count": 1,
					"min": 127,
					"max": 127
				},
				"2024-08-16": {
					"avg": 131,
					"count": 2,
					"min": 95,
					"max": 167
				},
				"2024-08-17": {
					"avg": 194,
					"count": 3,
					"min": 179,
					"max": 222
				},
				"2024-08-18": {
					"avg": 121,
					"count": 2,
					"min": 62,
					"max": 179
				},
				"2024-08-19": {
					"avg": 228,
					"count": 2,
					"min": 227,
					"max": 229
				},
				"2024-08-20": {
					"avg": 205,
					"count": 2,
					"min": 188,
					"max": 222
				},
				"2024-08-21": {
					"avg": 161,
					"count": 3,
					"min": 102,
					"max": 194
				},
				"2024-08-22": {
					"avg": 155,
					"count": 2,
					"min": 155,
					"max": 155
				},
				"2024-08-23": {
					"avg": 898,
					"count": 1,
					"min": 898,
					"max": 898
				},
				"2024-08-24": {
					"avg": 229,
					"count": 1,
					"min": 229,
					"max": 229
				},
				"2024-08-25": {
					"avg": 221,
					"count": 1,
					"min": 221,
					"max": 221
				},
				"2024-08-26": {
					"avg": 202,
					"count": 2,
					"min": 179,
					"max": 224
				},
				"2024-08-27": {
					"avg": 102,
					"count": 1,
					"min": 102,
					"max": 102
				},
				"2024-08-28": {
					"avg": 224,
					"count": 1,
					"min": 224,
					"max": 224
				},
				"2024-08-29": {
					"avg": 120,
					"count": 5,
					"min": 90,
					"max": 239
				},
				"2024-08-31": {
					"avg": 220,
					"count": 3,
					"min": 179,
					"max": 252
				},
				"2024-09-01": {
					"avg": 167,
					"count": 1,
					"min": 167,
					"max": 167
				},
				"2024-09-02": {
					"avg": 147,
					"count": 2,
					"min": 105,
					"max": 189
				},
				"2024-09-03": {
					"avg": 208,
					"count": 1,
					"min": 208,
					"max": 208
				},
				"2024-09-04": {
					"avg": 123,
					"count": 2,
					"min": 59,
					"max": 186
				},
				"2024-09-05": {
					"avg": 314,
					"count": 1,
					"min": 314,
					"max": 314
				},
				"2024-09-06": {
					"avg": 105,
					"count": 1,
					"min": 105,
					"max": 105
				},
				"2024-09-07": {
					"avg": 162,
					"count": 2,
					"min": 99,
					"max": 224
				},
				"2024-09-08": {
					"avg": 99,
					"count": 2,
					"min": 99,
					"max": 99
				},
				"2024-09-10": {
					"avg": 75,
					"count": 1,
					"min": 75,
					"max": 75
				},
				"2024-09-11": {
					"avg": 186,
					"count": 2,
					"min": 105,
					"max": 267
				},
				"2024-09-12": {
					"avg": 168,
					"count": 3,
					"min": 107,
					"max": 199
				},
				"2024-09-14": {
					"avg": 103,
					"count": 2,
					"min": 99,
					"max": 107
				},
				"2024-09-15": {
					"avg": 125,
					"count": 1,
					"min": 125,
					"max": 125
				},
				"2024-09-16": {
					"avg": 189,
					"count": 1,
					"min": 189,
					"max": 189
				},
				"2024-09-18": {
					"avg": 168,
					"count": 6,
					"min": 125,
					"max": 199
				},
				"2024-09-19": {
					"avg": 125,
					"count": 1,
					"min": 125,
					"max": 125
				},
				"2024-09-20": {
					"avg": 160,
					"count": 6,
					"min": 113,
					"max": 179
				},
				"2024-09-21": {
					"avg": 113,
					"count": 1,
					"min": 113,
					"max": 113
				},
				"2024-09-22": {
					"avg": 147,
					"count": 15,
					"min": 115,
					"max": 249
				},
				"2024-09-23": {
					"avg": 348,
					"count": 1,
					"min": 348,
					"max": 348
				}
			},
			"avg": 159,
			"avg7": -1,
			"avg28": -1
		},
		"normal-played": {
			"history": {
				"2024-05-26": {
					"avg": 192,
					"count": 1,
					"min": 192,
					"max": 192
				},
				"2024-05-27": {
					"avg": 106,
					"count": 2,
					"min": 45,
					"max": 167
				},
				"2024-05-29": {
					"avg": 506,
					"count": 1,
					"min": 506,
					"max": 506
				},
				"2024-06-01": {
					"avg": 39,
					"count": 1,
					"min": 39,
					"max": 39
				},
				"2024-06-02": {
					"avg": 159,
					"count": 2,
					"min": 24,
					"max": 293
				},
				"2024-06-06": {
					"avg": 179,
					"count": 1,
					"min": 179,
					"max": 179
				},
				"2024-06-07": {
					"avg": 149,
					"count": 5,
					"min": 139,
					"max": 152
				},
				"2024-06-09": {
					"avg": 243,
					"count": 1,
					"min": 243,
					"max": 243
				},
				"2024-06-17": {
					"avg": 147,
					"count": 1,
					"min": 147,
					"max": 147
				},
				"2024-06-20": {
					"avg": 30,
					"count": 1,
					"min": 30,
					"max": 30
				},
				"2024-06-22": {
					"avg": 282,
					"count": 5,
					"min": 43,
					"max": 481
				},
				"2024-06-26": {
					"avg": 364,
					"count": 1,
					"min": 364,
					"max": 364
				},
				"2024-06-28": {
					"avg": 25,
					"count": 1,
					"min": 25,
					"max": 25
				},
				"2024-07-02": {
					"avg": 49,
					"count": 3,
					"min": 49,
					"max": 49
				},
				"2024-07-03": {
					"avg": 25,
					"count": 1,
					"min": 25,
					"max": 25
				},
				"2024-07-04": {
					"avg": 60,
					"count": 1,
					"min": 60,
					"max": 60
				},
				"2024-07-07": {
					"avg": 57,
					"count": 4,
					"min": 56,
					"max": 60
				},
				"2024-07-08": {
					"avg": 567,
					"count": 2,
					"min": 567,
					"max": 567
				},
				"2024-07-10": {
					"avg": 143,
					"count": 4,
					"min": 141,
					"max": 147
				},
				"2024-07-11": {
					"avg": 56,
					"count": 2,
					"min": 51,
					"max": 60
				},
				"2024-07-12": {
					"avg": 44,
					"count": 1,
					"min": 44,
					"max": 44
				},
				"2024-07-13": {
					"avg": 85,
					"count": 3,
					"min": 43,
					"max": 152
				},
				"2024-07-16": {
					"avg": 238,
					"count": 1,
					"min": 238,
					"max": 238
				},
				"2024-07-17": {
					"avg": 47,
					"count": 2,
					"min": 47,
					"max": 47
				},
				"2024-07-19": {
					"avg": 43,
					"count": 1,
					"min": 43,
					"max": 43
				},
				"2024-07-20": {
					"avg": 60,
					"count": 1,
					"min": 60,
					"max": 60
				},
				"2024-07-21": {
					"avg": 239,
					"count": 1,
					"min": 239,
					"max": 239
				},
				"2024-07-23": {
					"avg": 134,
					"count": 5,
					"min": 119,
					"max": 162
				},
				"2024-07-25": {
					"avg": 111,
					"count": 3,
					"min": 18,
					"max": 168
				},
				"2024-07-28": {
					"avg": 30,
					"count": 1,
					"min": 30,
					"max": 30
				},
				"2024-07-31": {
					"avg": 60,
					"count": 6,
					"min": 60,
					"max": 60
				},
				"2024-08-04": {
					"avg": 146,
					"count": 1,
					"min": 146,
					"max": 146
				},
				"2024-08-06": {
					"avg": 46,
					"count": 1,
					"min": 46,
					"max": 46
				},
				"2024-08-09": {
					"avg": 23,
					"count": 1,
					"min": 23,
					"max": 23
				},
				"2024-08-11": {
					"avg": 49,
					"count": 1,
					"min": 49,
					"max": 49
				},
				"2024-08-14": {
					"avg": 36,
					"count": 4,
					"min": 32,
					"max": 46
				},
				"2024-08-19": {
					"avg": 43,
					"count": 8,
					"min": 43,
					"max": 43
				},
				"2024-08-21": {
					"avg": 32,
					"count": 2,
					"min": 32,
					"max": 32
				},
				"2024-08-23": {
					"avg": 31,
					"count": 1,
					"min": 31,
					"max": 31
				},
				"2024-08-24": {
					"avg": 151,
					"count": 1,
					"min": 151,
					"max": 151
				},
				"2024-08-25": {
					"avg": 30,
					"count": 1,
					"min": 30,
					"max": 30
				},
				"2024-08-27": {
					"avg": 144,
					"count": 4,
					"min": 52,
					"max": 184
				},
				"2024-08-28": {
					"avg": 87,
					"count": 2,
					"min": 30,
					"max": 144
				},
				"2024-08-30": {
					"avg": 152,
					"count": 2,
					"min": 141,
					"max": 163
				},
				"2024-08-31": {
					"avg": 32,
					"count": 3,
					"min": 26,
					"max": 36
				},
				"2024-09-01": {
					"avg": 32,
					"count": 1,
					"min": 32,
					"max": 32
				},
				"2024-09-03": {
					"avg": 208,
					"count": 1,
					"min": 208,
					"max": 208
				},
				"2024-09-04": {
					"avg": 43,
					"count": 2,
					"min": 36,
					"max": 49
				},
				"2024-09-05": {
					"avg": 92,
					"count": 2,
					"min": 36,
					"max": 147
				},
				"2024-09-06": {
					"avg": 35,
					"count": 1,
					"min": 35,
					"max": 35
				},
				"2024-09-08": {
					"avg": 122,
					"count": 2,
					"min": 36,
					"max": 208
				},
				"2024-09-12": {
					"avg": 102,
					"count": 2,
					"min": 36,
					"max": 167
				},
				"2024-09-14": {
					"avg": 105,
					"count": 2,
					"min": 45,
					"max": 165
				},
				"2024-09-15": {
					"avg": 560,
					"count": 1,
					"min": 560,
					"max": 560
				},
				"2024-09-16": {
					"avg": 45,
					"count": 36,
					"min": 45,
					"max": 45
				},
				"2024-09-17": {
					"avg": 25,
					"count": 1,
					"min": 25,
					"max": 25
				},
				"2024-09-18": {
					"avg": 511,
					"count": 1,
					"min": 511,
					"max": 511
				},
				"2024-09-21": {
					"avg": 91,
					"count": 2,
					"min": 38,
					"max": 143
				},
				"2024-09-23": {
					"avg": 143,
					"count": 2,
					"min": 143,
					"max": 143
				}
			},
			"avg": 102,
			"avg7": -1,
			"avg28": -1
		},
		"normal-used": {
			"history": {
				"2024-05-24": {
					"avg": 160,
					"count": 1,
					"min": 160,
					"max": 160
				},
				"2024-05-27": {
					"avg": 145,
					"count": 1,
					"min": 145,
					"max": 145
				},
				"2024-05-29": {
					"avg": 23,
					"count": 4,
					"min": 23,
					"max": 23
				},
				"2024-06-01": {
					"avg": 137,
					"count": 1,
					"min": 137,
					"max": 137
				},
				"2024-06-08": {
					"avg": 28,
					"count": 1,
					"min": 28,
					"max": 28
				},
				"2024-06-10": {
					"avg": 23,
					"count": 1,
					"min": 23,
					"max": 23
				},
				"2024-06-11": {
					"avg": 32,
					"count": 4,
					"min": 22,
					"max": 35
				},
				"2024-06-15": {
					"avg": 124,
					"count": 1,
					"min": 124,
					"max": 124
				},
				"2024-06-16": {
					"avg": 24,
					"count": 1,
					"min": 24,
					"max": 24
				},
				"2024-06-18": {
					"avg": 147,
					"count": 1,
					"min": 147,
					"max": 147
				},
				"2024-06-25": {
					"avg": 147,
					"count": 1,
					"min": 147,
					"max": 147
				},
				"2024-06-28": {
					"avg": 39,
					"count": 1,
					"min": 39,
					"max": 39
				},
				"2024-06-30": {
					"avg": 30,
					"count": 2,
					"min": 30,
					"max": 30
				},
				"2024-07-01": {
					"avg": 280,
					"count": 2,
					"min": 30,
					"max": 530
				},
				"2024-07-03": {
					"avg": 24,
					"count": 1,
					"min": 24,
					"max": 24
				},
				"2024-07-05": {
					"avg": 25,
					"count": 1,
					"min": 25,
					"max": 25
				},
				"2024-07-11": {
					"avg": 516,
					"count": 1,
					"min": 516,
					"max": 516
				},
				"2024-07-12": {
					"avg": 147,
					"count": 1,
					"min": 147,
					"max": 147
				},
				"2024-07-20": {
					"avg": 21,
					"count": 1,
					"min": 21,
					"max": 21
				},
				"2024-07-23": {
					"avg": 102,
					"count": 8,
					"min": 19,
					"max": 139
				},
				"2024-07-25": {
					"avg": 15,
					"count": 1,
					"min": 15,
					"max": 15
				},
				"2024-07-26": {
					"avg": 162,
					"count": 1,
					"min": 162,
					"max": 162
				},
				"2024-08-07": {
					"avg": 23,
					"count": 2,
					"min": 23,
					"max": 23
				},
				"2024-08-11": {
					"avg": 146,
					"count": 1,
					"min": 146,
					"max": 146
				},
				"2024-08-12": {
					"avg": 214,
					"count": 1,
					"min": 214,
					"max": 214
				},
				"2024-08-14": {
					"avg": 466,
					"count": 1,
					"min": 466,
					"max": 466
				},
				"2024-08-16": {
					"avg": 134,
					"count": 5,
					"min": 20,
					"max": 220
				},
				"2024-08-22": {
					"avg": 386,
					"count": 2,
					"min": 305,
					"max": 466
				},
				"2024-08-23": {
					"avg": 151,
					"count": 2,
					"min": 149,
					"max": 152
				},
				"2024-08-24": {
					"avg": 25,
					"count": 3,
					"min": 25,
					"max": 25
				},
				"2024-08-27": {
					"avg": 25,
					"count": 1,
					"min": 25,
					"max": 25
				},
				"2024-08-28": {
					"avg": 114,
					"count": 1,
					"min": 114,
					"max": 114
				},
				"2024-08-31": {
					"avg": 147,
					"count": 1,
					"min": 147,
					"max": 147
				},
				"2024-09-06": {
					"avg": 566,
					"count": 1,
					"min": 566,
					"max": 566
				},
				"2024-09-07": {
					"avg": 103,
					"count": 2,
					"min": 25,
					"max": 181
				},
				"2024-09-09": {
					"avg": 25,
					"count": 1,
					"min": 25,
					"max": 25
				},
				"2024-09-12": {
					"avg": 134,
					"count": 1,
					"min": 134,
					"max": 134
				},
				"2024-09-16": {
					"avg": 530,
					"count": 1,
					"min": 530,
					"max": 530
				},
				"2024-09-17": {
					"avg": 152,
					"count": 1,
					"min": 152,
					"max": 152
				},
				"2024-09-18": {
					"avg": 148,
					"count": 2,
					"min": 147,
					"max": 149
				},
				"2024-09-20": {
					"avg": 39,
					"count": 2,
					"min": 39,
					"max": 39
				},
				"2024-09-21": {
					"avg": 134,
					"count": 1,
					"min": 134,
					"max": 134
				},
				"2024-09-23": {
					"avg": 30,
					"count": 4,
					"min": 30,
					"max": 30
				}
			},
			"avg": 120,
			"avg7": -1,
			"avg28": -1
		},
		"normal-poor": {
			"history": {
				"2024-05-26": {
					"avg": 117,
					"count": 4,
					"min": 25,
					"max": 147
				},
				"2024-06-15": {
					"avg": 15,
					"count": 5,
					"min": 15,
					"max": 15
				},
				"2024-06-19": {
					"avg": 22,
					"count": 1,
					"min": 22,
					"max": 22
				},
				"2024-07-09": {
					"avg": 63,
					"count": 3,
					"min": 10,
					"max": 127
				},
				"2024-07-10": {
					"avg": 23,
					"count": 2,
					"min": 23,
					"max": 23
				},
				"2024-07-13": {
					"avg": 922,
					"count": 1,
					"min": 922,
					"max": 922
				},
				"2024-07-17": {
					"avg": 13,
					"count": 2,
					"min": 13,
					"max": 13
				},
				"2024-07-23": {
					"avg": 111,
					"count": 3,
					"min": 109,
					"max": 114
				},
				"2024-07-26": {
					"avg": 145,
					"count": 3,
					"min": 142,
					"max": 150
				},
				"2024-07-29": {
					"avg": 50,
					"count": 1,
					"min": 50,
					"max": 50
				},
				"2024-08-05": {
					"avg": 38,
					"count": 1,
					"min": 38,
					"max": 38
				},
				"2024-08-10": {
					"avg": 32,
					"count": 3,
					"min": 25,
					"max": 35
				},
				"2024-08-15": {
					"avg": 22,
					"count": 1,
					"min": 22,
					"max": 22
				},
				"2024-08-16": {
					"avg": 149,
					"count": 6,
					"min": 19,
					"max": 271
				},
				"2024-08-23": {
					"avg": 149,
					"count": 1,
					"min": 149,
					"max": 149
				},
				"2024-08-24": {
					"avg": 147,
					"count": 1,
					"min": 147,
					"max": 147
				},
				"2024-08-27": {
					"avg": 149,
					"count": 2,
					"min": 149,
					"max": 149
				},
				"2024-08-31": {
					"avg": 44,
					"count": 1,
					"min": 44,
					"max": 44
				},
				"2024-09-05": {
					"avg": 122,
					"count": 4,
					"min": 114,
					"max": 144
				},
				"2024-09-07": {
					"avg": 25,
					"count": 1,
					"min": 25,
					"max": 25
				},
				"2024-09-09": {
					"avg": 22,
					"count": 1,
					"min": 22,
					"max": 22
				},
				"2024-09-13": {
					"avg": 536,
					"count": 1,
					"min": 536,
					"max": 536
				},
				"2024-09-20": {
					"avg": 39,
					"count": 1,
					"min": 39,
					"max": 39
				}
			},
			"avg": 109,
			"avg7": -1,
			"avg28": -1
		}
	}
}