{
	"data": {
		"normal-good": {
			"history": {
				"2022-11-12": {
					"avg": 81,
					"count": 3
				},
				"2022-11-14": {
					"avg": 252,
					"count": 2
				},
				"2022-11-15": {
					"avg": 65,
					"count": 1
				},
				"2022-11-16": {
					"avg": 222,
					"count": 5
				},
				"2022-11-17": {
					"avg": 296,
					"count": 3
				},
				"2022-11-19": {
					"avg": 297,
					"count": 10,
					"min": 90,
					"max": 798
				},
				"2022-11-20": {
					"avg": 288,
					"count": 4,
					"min": 59,
					"max": 364
				},
				"2022-11-21": {
					"avg": 307,
					"count": 2,
					"min": 250,
					"max": 364
				},
				"2022-11-22": {
					"avg": 292,
					"count": 3,
					"min": 250,
					"max": 363
				},
				"2022-11-23": {
					"avg": 228,
					"count": 3,
					"min": 89,
					"max": 499
				},
				"2022-11-24": {
					"avg": 227,
					"count": 4,
					"min": 100,
					"max": 349
				},
				"2022-11-25": {
					"avg": 163,
					"count": 21,
					"min": 49,
					"max": 499
				},
				"2022-11-26": {
					"avg": 84,
					"count": 3,
					"min": 71,
					"max": 99
				},
				"2022-11-27": {
					"avg": 111,
					"count": 8,
					"min": 38,
					"max": 349
				},
				"2022-11-28": {
					"avg": 221,
					"count": 6,
					"min": 71,
					"max": 499
				},
				"2022-11-29": {
					"avg": 120,
					"count": 5,
					"min": 71,
					"max": 274
				},
				"2022-11-30": {
					"avg": 201,
					"count": 3,
					"min": 86,
					"max": 292
				},
				"2022-12-01": {
					"avg": 196,
					"count": 3,
					"min": 94,
					"max": 399
				},
				"2022-12-02": {
					"avg": 115,
					"count": 3,
					"min": 94,
					"max": 157
				},
				"2022-12-03": {
					"avg": 225,
					"count": 2,
					"min": 225,
					"max": 225
				},
				"2022-12-04": {
					"avg": 164,
					"count": 6,
					"min": 82,
					"max": 225
				},
				"2022-12-05": {
					"avg": 359,
					"count": 2,
					"min": 218,
					"max": 499
				},
				"2022-12-06": {
					"avg": 329,
					"count": 1,
					"min": 329,
					"max": 329
				},
				"2022-12-07": {
					"avg": 188,
					"count": 10,
					"min": 94,
					"max": 284
				},
				"2022-12-09": {
					"avg": 264,
					"count": 4,
					"min": 97,
					"max": 499
				},
				"2022-12-10": {
					"avg": 250,
					"count": 1,
					"min": 250,
					"max": 250
				},
				"2022-12-11": {
					"avg": 129,
					"count": 1,
					"min": 129,
					"max": 129
				},
				"2022-12-12": {
					"avg": 198,
					"count": 1,
					"min": 198,
					"max": 198
				},
				"2022-12-13": {
					"avg": 212,
					"count": 6,
					"min": 82,
					"max": 466
				},
				"2022-12-14": {
					"avg": 177,
					"count": 4,
					"min": 35,
					"max": 250
				},
				"2022-12-15": {
					"avg": 307,
					"count": 5,
					"min": 102,
					"max": 466
				},
				"2022-12-16": {
					"avg": 205,
					"count": 21,
					"min": 50,
					"max": 466
				},
				"2022-12-17": {
					"avg": 250,
					"count": 2,
					"min": 250,
					"max": 250
				},
				"2022-12-18": {
					"avg": 174,
					"count": 1,
					"min": 174,
					"max": 174
				},
				"2022-12-20": {
					"avg": 176,
					"count": 2,
					"min": 149,
					"max": 202
				},
				"2022-12-21": {
					"avg": 193,
					"count": 3,
					"min": 129,
					"max": 250
				},
				"2022-12-22": {
					"avg": 302,
					"count": 10,
					"min": 250,
					"max": 495
				},
				"2022-12-23": {
					"avg": 241,
					"count": 9,
					"min": 93,
					"max": 898
				},
				"2022-12-24": {
					"avg": 266,
					"count": 4,
					"min": 79,
					"max": 495
				},
				"2022-12-25": {
					"avg": 375,
					"count": 5,
					"min": 187,
					"max": 499
				},
				"2022-12-26": {
					"avg": 180,
					"count": 3,
					"min": 69,
					"max": 274
				},
				"2022-12-27": {
					"avg": 158,
					"count": 5,
					"min": 143,
					"max": 169
				},
				"2022-12-28": {
					"avg": 230,
					"count": 8,
					"min": 164,
					"max": 322
				},
				"2022-12-29": {
					"avg": 183,
					"count": 7,
					"min": 77,
					"max": 283
				},
				"2022-12-30": {
					"avg": 365,
					"count": 2,
					"min": 210,
					"max": 519
				},
				"2022-12-31": {
					"avg": 173,
					"count": 1,
					"min": 173,
					"max": 173
				},
				"2023-01-01": {
					"avg": 124,
					"count": 8,
					"min": 57,
					"max": 250
				},
				"2023-01-02": {
					"avg": 261,
					"count": 8,
					"min": 57,
					"max": 499
				},
				"2023-01-03": {
					"avg": 281,
					"count": 3,
					"min": 149,
					"max": 421
				},
				"2023-01-04": {
					"avg": 337,
					"count": 2,
					"min": 324,
					"max": 349
				},
				"2023-01-05": {
					"avg": 251,
					"count": 25,
					"min": 122,
					"max": 499
				},
				"2023-01-06": {
					"avg": 272,
					"count": 5,
					"min": 94,
					"max": 499
				},
				"2023-01-07": {
					"avg": 144,
					"count": 3,
					"min": 48,
					"max": 298
				},
				"2023-01-08": {
					"avg": 330,
					"count": 3,
					"min": 117,
					"max": 657
				},
				"2023-01-09": {
					"avg": 149,
					"count": 4,
					"min": 149,
					"max": 149
				},
				"2023-01-10": {
					"avg": 96,
					"count": 2,
					"min": 75,
					"max": 117
				},
				"2023-01-11": {
					"avg": 394,
					"count": 3,
					"min": 84,
					"max": 599
				},
				"2023-01-12": {
					"avg": 189,
					"count": 12,
					"min": 85,
					"max": 507
				},
				"2023-02-06": {
					"avg": 145,
					"count": 3,
					"min": 128,
					"max": 162
				},
				"2023-02-07": {
					"avg": 154,
					"count": 2,
					"min": 60,
					"max": 248
				},
				"2023-02-08": {
					"avg": 390,
					"count": 4,
					"min": 166,
					"max": 898
				},
				"2023-02-09": {
					"avg": 174,
					"count": 8,
					"min": 69,
					"max": 312
				},
				"2023-02-10": {
					"avg": 331,
					"count": 1,
					"min": 331,
					"max": 331
				},
				"2023-02-11": {
					"avg": 136,
					"count": 7,
					"min": 49,
					"max": 331
				},
				"2023-02-12": {
					"avg": 169,
					"count": 2,
					"min": 149,
					"max": 189
				},
				"2023-02-13": {
					"avg": 229,
					"count": 1,
					"min": 229,
					"max": 229
				},
				"2023-02-14": {
					"avg": 213,
					"count": 7,
					"min": 50,
					"max": 395
				},
				"2023-02-15": {
					"avg": 155,
					"count": 4,
					"min": 50,
					"max": 255
				},
				"2023-02-16": {
					"avg": 271,
					"count": 2,
					"min": 158,
					"max": 384
				},
				"2023-02-17": {
					"avg": 174,
					"count": 3,
					"min": 94,
					"max": 335
				},
				"2023-02-18": {
					"avg": 253,
					"count": 4,
					"min": 175,
					"max": 352
				},
				"2023-02-19": {
					"avg": 208,
					"count": 3,
					"min": 56,
					"max": 479
				},
				"2023-02-20": {
					"avg": 228,
					"count": 6,
					"min": 134,
					"max": 599
				},
				"2023-02-21": {
					"avg": 548,
					"count": 63,
					"min": 229,
					"max": 754
				},
				"2023-02-22": {
					"avg": 162,
					"count": 2,
					"min": 125,
					"max": 199
				},
				"2023-02-23": {
					"avg": 194,
					"count": 5,
					"min": 49,
					"max": 337
				},
				"2023-02-24": {
					"avg": 107,
					"count": 2,
					"min": 51,
					"max": 163
				},
				"2023-02-25": {
					"avg": 299,
					"count": 1,
					"min": 299,
					"max": 299
				},
				"2023-02-26": {
					"avg": 141,
					"count": 14,
					"min": 49,
					"max": 234
				},
				"2023-02-27": {
					"avg": 277,
					"count": 7,
					"min": 163,
					"max": 566
				},
				"2023-02-28": {
					"avg": 70,
					"count": 1,
					"min": 70,
					"max": 70
				},
				"2023-03-01": {
					"avg": 556,
					"count": 4,
					"min": 228,
					"max": 898
				},
				"2023-03-02": {
					"avg": 228,
					"count": 2,
					"min": 107,
					"max": 348
				},
				"2023-03-03": {
					"avg": 137,
					"count": 6,
					"min": 48,
					"max": 229
				},
				"2023-03-04": {
					"avg": 132,
					"count": 2,
					"min": 48,
					"max": 215
				},
				"2023-03-05": {
					"avg": 467,
					"count": 1,
					"min": 467,
					"max": 467
				},
				"2023-03-06": {
					"avg": 280,
					"count": 4,
					"min": 122,
					"max": 424
				},
				"2023-03-07": {
					"avg": 423,
					"count": 3,
					"min": 123,
					"max": 948
				},
				"2023-03-08": {
					"avg": 169,
					"count": 2,
					"min": 139,
					"max": 198
				},
				"2023-03-09": {
					"avg": 301,
					"count": 5,
					"min": 94,
					"max": 549
				},
				"2023-03-10": {
					"avg": 160,
					"count": 5,
					"min": 139,
					"max": 242
				},
				"2023-03-11": {
					"avg": 147,
					"count": 5,
					"min": 89,
					"max": 250
				},
				"2023-03-12": {
					"avg": 202,
					"count": 5,
					"min": 82,
					"max": 369
				},
				"2023-03-13": {
					"avg": 96,
					"count": 2,
					"min": 45,
					"max": 147
				},
				"2023-03-14": {
					"avg": 390,
					"count": 4,
					"min": 184,
					"max": 599
				},
				"2023-03-15": {
					"avg": 300,
					"count": 3,
					"min": 139,
					"max": 599
				},
				"2023-03-16": {
					"avg": 231,
					"count": 2,
					"min": 162,
					"max": 299
				},
				"2023-03-17": {
					"avg": 774,
					"count": 1,
					"min": 774,
					"max": 774
				},
				"2023-03-18": {
					"avg": 240,
					"count": 4,
					"min": 148,
					"max": 424
				},
				"2023-03-20": {
					"avg": 424,
					"count": 2,
					"min": 49,
					"max": 799
				},
				"2023-03-21": {
					"avg": 343,
					"count": 3,
					"min": 298,
					"max": 432
				},
				"2023-03-22": {
					"avg": 192,
					"count": 2,
					"min": 134,
					"max": 250
				},
				"2023-03-23": {
					"avg": 177,
					"count": 4,
					"min": 85,
					"max": 326
				},
				"2023-03-24": {
					"avg": 275,
					"count": 2,
					"min": 250,
					"max": 300
				},
				"2023-03-25": {
					"avg": 241,
					"count": 3,
					"min": 75,
					"max": 549
				},
				"2023-03-26": {
					"avg": 262,
					"count": 2,
					"min": 250,
					"max": 274
				},
				"2023-03-27": {
					"avg": 334,
					"count": 14,
					"min": 46,
					"max": 911
				},
				"2023-03-28": {
					"avg": 252,
					"count": 3,
					"min": 199,
					"max": 349
				},
				"2023-03-29": {
					"avg": 195,
					"count": 5,
					"min": 124,
					"max": 250
				},
				"2023-03-31": {
					"avg": 324,
					"count": 3,
					"min": 125,
					"max": 599
				},
				"2023-04-01": {
					"avg": 275,
					"count": 8,
					"min": 85,
					"max": 599
				},
				"2023-04-02": {
					"avg": 207,
					"count": 4,
					"min": 59,
					"max": 599
				},
				"2023-04-03": {
					"avg": 241,
					"count": 5,
					"min": 99,
					"max": 349
				},
				"2023-04-04": {
					"avg": 362,
					"count": 3,
					"min": 59,
					"max": 908
				},
				"2023-04-05": {
					"avg": 179,
					"count": 2,
					"min": 59,
					"max": 299
				},
				"2023-04-06": {
					"avg": 220,
					"count": 4,
					"min": 119,
					"max": 360
				},
				"2023-04-07": {
					"avg": 179,
					"count": 2,
					"min": 107,
					"max": 250
				},
				"2023-04-08": {
					"avg": 136,
					"count": 4,
					"min": 1,
					"max": 299
				},
				"2023-04-09": {
					"avg": 128,
					"count": 5,
					"min": 69,
					"max": 149
				},
				"2023-04-10": {
					"avg": 154,
					"count": 5,
					"min": 50,
					"max": 298
				},
				"2023-04-11": {
					"avg": 389,
					"count": 1,
					"min": 389,
					"max": 389
				},
				"2023-04-12": {
					"avg": 169,
					"count": 23,
					"min": 119,
					"max": 599
				},
				"2023-04-13": {
					"avg": 699,
					"count": 1,
					"min": 699,
					"max": 699
				},
				"2023-04-15": {
					"avg": 276,
					"count": 4,
					"min": 125,
					"max": 450
				},
				"2023-04-16": {
					"avg": 147,
					"count": 2,
					"min": 147,
					"max": 147
				},
				"2023-04-17": {
					"avg": 495,
					"count": 4,
					"min": 179,
					"max": 699
				},
				"2023-04-18": {
					"avg": 236,
					"count": 8,
					"min": 49,
					"max": 699
				},
				"2023-04-19": {
					"avg": 438,
					"count": 2,
					"min": 52,
					"max": 824
				},
				"2023-04-20": {
					"avg": 154,
					"count": 3,
					"min": 122,
					"max": 199
				},
				"2023-04-21": {
					"avg": 290,
					"count": 1,
					"min": 290,
					"max": 290
				},
				"2023-04-22": {
					"avg": 247,
					"count": 9,
					"min": 72,
					"max": 856
				},
				"2023-04-23": {
					"avg": 1252,
					"count": 3,
					"min": 339,
					"max": 2319
				},
				"2023-04-25": {
					"avg": 289,
					"count": 1,
					"min": 289,
					"max": 289
				},
				"2023-04-26": {
					"avg": 121,
					"count": 1,
					"min": 121,
					"max": 121
				},
				"2023-04-27": {
					"avg": 225,
					"count": 3,
					"min": 194,
					"max": 255
				},
				"2023-04-28": {
					"avg": 188,
					"count": 7,
					"min": 125,
					"max": 359
				},
				"2023-04-29": {
					"avg": 226,
					"count": 7,
					"min": 197,
					"max": 269
				},
				"2023-04-30": {
					"avg": 340,
					"count": 4,
					"min": 178,
					"max": 824
				},
				"2023-05-01": {
					"avg": 199,
					"count": 1,
					"min": 199,
					"max": 199
				},
				"2023-05-02": {
					"avg": 204,
					"count": 3,
					"min": 136,
					"max": 339
				},
				"2023-05-03": {
					"avg": 294,
					"count": 3,
					"min": 246,
					"max": 349
				},
				"2023-05-04": {
					"avg": 266,
					"count": 5,
					"min": 81,
					"max": 699
				},
				"2023-05-05": {
					"avg": 299,
					"count": 1,
					"min": 299,
					"max": 299
				},
				"2023-05-06": {
					"avg": 345,
					"count": 1,
					"min": 345,
					"max": 345
				},
				"2023-05-07": {
					"avg": 151,
					"count": 27,
					"min": 51,
					"max": 799
				},
				"2023-05-08": {
					"avg": 175,
					"count": 2,
					"min": 50,
					"max": 300
				},
				"2023-05-09": {
					"avg": 211,
					"count": 2,
					"min": 124,
					"max": 298
				},
				"2023-05-10": {
					"avg": 459,
					"count": 1,
					"min": 459,
					"max": 459
				},
				"2023-05-11": {
					"avg": 141,
					"count": 3,
					"min": 59,
					"max": 288
				},
				"2023-05-12": {
					"avg": 77,
					"count": 30,
					"min": 59,
					"max": 399
				},
				"2023-05-13": {
					"avg": 73,
					"count": 1,
					"min": 73,
					"max": 73
				},
				"2023-05-14": {
					"avg": 144,
					"count": 4,
					"min": 50,
					"max": 230
				},
				"2023-05-15": {
					"avg": 160,
					"count": 3,
					"min": 67,
					"max": 288
				},
				"2023-05-16": {
					"avg": 145,
					"count": 5,
					"min": 71,
					"max": 202
				},
				"2023-05-17": {
					"avg": 319,
					"count": 2,
					"min": 288,
					"max": 349
				},
				"2023-05-18": {
					"avg": 50,
					"count": 1,
					"min": 50,
					"max": 50
				},
				"2023-05-19": {
					"avg": 171,
					"count": 7,
					"min": 153,
					"max": 210
				},
				"2023-05-20": {
					"avg": 288,
					"count": 1,
					"min": 288,
					"max": 288
				},
				"2023-05-21": {
					"avg": 179,
					"count": 3,
					"min": 57,
					"max": 291
				},
				"2023-05-22": {
					"avg": 1229,
					"count": 1,
					"min": 1229,
					"max": 1229
				},
				"2023-05-23": {
					"avg": 213,
					"count": 1,
					"min": 213,
					"max": 213
				},
				"2023-05-24": {
					"avg": 239,
					"count": 12,
					"min": 64,
					"max": 1598
				},
				"2023-05-25": {
					"avg": 305,
					"count": 11,
					"min": 123,
					"max": 349
				},
				"2023-05-26": {
					"avg": 122,
					"count": 18,
					"min": 100,
					"max": 372
				},
				"2023-05-27": {
					"avg": 197,
					"count": 13,
					"min": 95,
					"max": 1048
				},
				"2023-05-28": {
					"avg": 330,
					"count": 4,
					"min": 70,
					"max": 656
				},
				"2023-05-29": {
					"avg": 103,
					"count": 7,
					"min": 70,
					"max": 221
				},
				"2023-05-30": {
					"avg": 490,
					"count": 3,
					"min": 136,
					"max": 1048
				},
				"2023-05-31": {
					"avg": 348,
					"count": 4,
					"min": 222,
					"max": 664
				},
				"2023-06-01": {
					"avg": 289,
					"count": 1,
					"min": 289,
					"max": 289
				},
				"2023-06-02": {
					"avg": 338,
					"count": 3,
					"min": 62,
					"max": 559
				},
				"2023-06-03": {
					"avg": 108,
					"count": 3,
					"min": 60,
					"max": 159
				},
				"2023-06-04": {
					"avg": 134,
					"count": 2,
					"min": 122,
					"max": 146
				},
				"2023-06-05": {
					"avg": 462,
					"count": 8,
					"min": 462,
					"max": 462
				},
				"2023-06-06": {
					"avg": 305,
					"count": 2,
					"min": 60,
					"max": 549
				},
				"2023-06-08": {
					"avg": 174,
					"count": 4,
					"min": 105,
					"max": 372
				},
				"2023-06-09": {
					"avg": 113,
					"count": 10,
					"min": 45,
					"max": 154
				},
				"2023-06-10": {
					"avg": 104,
					"count": 31,
					"min": 56,
					"max": 617
				},
				"2023-06-11": {
					"avg": 106,
					"count": 4,
					"min": 56,
					"max": 154
				},
				"2023-06-12": {
					"avg": 105,
					"count": 4,
					"min": 52,
					"max": 165
				},
				"2023-06-13": {
					"avg": 320,
					"count": 2,
					"min": 60,
					"max": 579
				},
				"2023-06-14": {
					"avg": 244,
					"count": 3,
					"min": 150,
					"max": 299
				},
				"2023-06-15": {
					"avg": 99,
					"count": 19,
					"min": 60,
					"max": 412
				},
				"2023-06-16": {
					"avg": 185,
					"count": 8,
					"min": 127,
					"max": 394
				},
				"2023-06-17": {
					"avg": 311,
					"count": 3,
					"min": 50,
					"max": 699
				},
				"2023-06-18": {
					"avg": 222,
					"count": 7,
					"min": 100,
					"max": 699
				},
				"2023-06-19": {
					"avg": 140,
					"count": 4,
					"min": 91,
					"max": 185
				},
				"2023-06-20": {
					"avg": 225,
					"count": 3,
					"min": 100,
					"max": 287
				},
				"2023-06-21": {
					"avg": 179,
					"count": 6,
					"min": 100,
					"max": 287
				},
				"2023-06-22": {
					"avg": 195,
					"count": 12,
					"min": 29,
					"max": 699
				},
				"2023-06-23": {
					"avg": 141,
					"count": 4,
					"min": 64,
					"max": 345
				},
				"2023-06-24": {
					"avg": 75,
					"count": 1,
					"min": 75,
					"max": 75
				},
				"2023-06-25": {
					"avg": 212,
					"count": 2,
					"min": 79,
					"max": 345
				},
				"2023-06-26": {
					"avg": 212,
					"count": 10,
					"min": 136,
					"max": 699
				},
				"2023-06-27": {
					"avg": 103,
					"count": 1,
					"min": 103,
					"max": 103
				},
				"2023-06-28": {
					"avg": 193,
					"count": 2,
					"min": 187,
					"max": 199
				},
				"2023-06-29": {
					"avg": 102,
					"count": 3,
					"min": 58,
					"max": 187
				},
				"2023-06-30": {
					"avg": 135,
					"count": 5,
					"min": 99,
					"max": 199
				},
				"2023-07-01": {
					"avg": 699,
					"count": 3,
					"min": 699,
					"max": 699
				},
				"2023-07-02": {
					"avg": 188,
					"count": 2,
					"min": 178,
					"max": 197
				},
				"2023-07-03": {
					"avg": 186,
					"count": 14,
					"min": 79,
					"max": 374
				},
				"2023-07-04": {
					"avg": 201,
					"count": 5,
					"min": 100,
					"max": 439
				},
				"2023-07-05": {
					"avg": 306,
					"count": 8,
					"min": 106,
					"max": 1048
				},
				"2023-07-06": {
					"avg": 148,
					"count": 10,
					"min": 107,
					"max": 158
				},
				"2023-07-07": {
					"avg": 190,
					"count": 9,
					"min": 76,
					"max": 399
				},
				"2023-07-08": {
					"avg": 167,
					"count": 4,
					"min": 125,
					"max": 225
				},
				"2023-07-09": {
					"avg": 98,
					"count": 5,
					"min": 75,
					"max": 175
				},
				"2023-07-10": {
					"avg": 393,
					"count": 5,
					"min": 128,
					"max": 769
				},
				"2023-07-11": {
					"avg": 429,
					"count": 1,
					"min": 429,
					"max": 429
				},
				"2023-07-12": {
					"avg": 235,
					"count": 4,
					"min": 124,
					"max": 549
				},
				"2023-07-13": {
					"avg": 314,
					"count": 5,
					"min": 87,
					"max": 549
				},
				"2023-07-14": {
					"avg": 259,
					"count": 11,
					"min": 66,
					"max": 706
				},
				"2023-07-15": {
					"avg": 242,
					"count": 4,
					"min": 147,
					"max": 372
				},
				"2023-07-16": {
					"avg": 133,
					"count": 2,
					"min": 131,
					"max": 134
				},
				"2023-07-17": {
					"avg": 168,
					"count": 19,
					"min": 50,
					"max": 448
				},
				"2023-07-18": {
					"avg": 180,
					"count": 6,
					"min": 73,
					"max": 299
				},
				"2023-07-19": {
					"avg": 300,
					"count": 13,
					"min": 69,
					"max": 1950
				},
				"2023-07-20": {
					"avg": 205,
					"count": 5,
					"min": 67,
					"max": 349
				},
				"2023-07-21": {
					"avg": 219,
					"count": 17,
					"min": 68,
					"max": 691
				},
				"2023-07-22": {
					"avg": 68,
					"count": 1,
					"min": 68,
					"max": 68
				},
				"2023-07-23": {
					"avg": 68,
					"count": 6,
					"min": 60,
					"max": 85
				},
				"2023-07-24": {
					"avg": 192,
					"count": 4,
					"min": 133,
					"max": 365
				},
				"2023-07-25": {
					"avg": 154,
					"count": 20,
					"min": 24,
					"max": 365
				},
				"2023-07-26": {
					"avg": 93,
					"count": 9,
					"min": 61,
					"max": 159
				},
				"2023-07-27": {
					"avg": 121,
					"count": 7,
					"min": 70,
					"max": 159
				},
				"2023-07-28": {
					"avg": 139,
					"count": 2,
					"min": 129,
					"max": 148
				},
				"2023-07-29": {
					"avg": 231,
					"count": 10,
					"min": 119,
					"max": 549
				},
				"2023-07-30": {
					"avg": 319,
					"count": 5,
					"min": 58,
					"max": 776
				},
				"2023-07-31": {
					"avg": 227,
					"count": 5,
					"min": 73,
					"max": 549
				},
				"2023-08-01": {
					"avg": 283,
					"count": 3,
					"min": 125,
					"max": 599
				},
				"2023-08-02": {
					"avg": 162,
					"count": 11,
					"min": 142,
					"max": 219
				},
				"2023-08-03": {
					"avg": 207,
					"count": 8,
					"min": 45,
					"max": 998
				},
				"2023-08-04": {
					"avg": 165,
					"count": 10,
					"min": 50,
					"max": 268
				},
				"2023-08-05": {
					"avg": 68,
					"count": 2,
					"min": 67,
					"max": 68
				},
				"2023-08-06": {
					"avg": 149,
					"count": 12,
					"min": 60,
					"max": 219
				},
				"2023-08-07": {
					"avg": 372,
					"count": 1,
					"min": 372,
					"max": 372
				},
				"2023-08-08": {
					"avg": 180,
					"count": 8,
					"min": 75,
					"max": 400
				},
				"2023-08-09": {
					"avg": 229,
					"count": 6,
					"min": 100,
					"max": 598
				},
				"2023-08-10": {
					"avg": 208,
					"count": 8,
					"min": 54,
					"max": 998
				},
				"2023-08-11": {
					"avg": 162,
					"count": 2,
					"min": 85,
					"max": 239
				},
				"2023-08-12": {
					"avg": 829,
					"count": 2,
					"min": 159,
					"max": 1498
				},
				"2023-08-13": {
					"avg": 535,
					"count": 2,
					"min": 300,
					"max": 769
				},
				"2023-08-14": {
					"avg": 68,
					"count": 6,
					"min": 35,
					"max": 75
				},
				"2023-08-15": {
					"avg": 135,
					"count": 6,
					"min": 118,
					"max": 221
				},
				"2023-08-16": {
					"avg": 157,
					"count": 11,
					"min": 57,
					"max": 225
				},
				"2023-08-17": {
					"avg": 317,
					"count": 7,
					"min": 59,
					"max": 1325
				},
				"2023-08-18": {
					"avg": 141,
					"count": 10,
					"min": 71,
					"max": 225
				},
				"2023-08-19": {
					"avg": 112,
					"count": 2,
					"min": 77,
					"max": 147
				},
				"2023-08-20": {
					"avg": 481,
					"count": 3,
					"min": 234,
					"max": 948
				},
				"2023-08-21": {
					"avg": 205,
					"count": 5,
					"min": 64,
					"max": 399
				},
				"2023-08-22": {
					"avg": 208,
					"count": 7,
					"min": 142,
					"max": 548
				},
				"2023-08-23": {
					"avg": 235,
					"count": 5,
					"min": 99,
					"max": 548
				},
				"2023-08-24": {
					"avg": 138,
					"count": 7,
					"min": 51,
					"max": 399
				},
				"2023-08-25": {
					"avg": 208,
					"count": 14,
					"min": 43,
					"max": 416
				},
				"2023-08-26": {
					"avg": 127,
					"count": 2,
					"min": 105,
					"max": 150
				},
				"2023-08-27": {
					"avg": 194,
					"count": 9,
					"min": 88,
					"max": 399
				},
				"2023-08-28": {
					"avg": 220,
					"count": 2,
					"min": 125,
					"max": 315
				},
				"2023-08-29": {
					"avg": 125,
					"count": 2,
					"min": 51,
					"max": 199
				},
				"2023-08-30": {
					"avg": 167,
					"count": 3,
					"min": 35,
					"max": 356
				},
				"2023-08-31": {
					"avg": 126,
					"count": 4,
					"min": 56,
					"max": 149
				},
				"2023-09-01": {
					"avg": 78,
					"count": 3,
					"min": 59,
					"max": 115
				},
				"2023-09-02": {
					"avg": 948,
					"count": 1,
					"min": 948,
					"max": 948
				},
				"2023-09-03": {
					"avg": 54,
					"count": 7,
					"min": 34,
					"max": 124
				},
				"2023-09-04": {
					"avg": 173,
					"count": 4,
					"min": 34,
					"max": 399
				},
				"2023-09-05": {
					"avg": 121,
					"count": 7,
					"min": 62,
					"max": 210
				},
				"2023-09-06": {
					"avg": 129,
					"count": 7,
					"min": 59,
					"max": 200
				},
				"2023-09-07": {
					"avg": 217,
					"count": 4,
					"min": 62,
					"max": 332
				},
				"2023-09-08": {
					"avg": 280,
					"count": 1,
					"min": 280,
					"max": 280
				},
				"2023-09-09": {
					"avg": 105,
					"count": 17,
					"min": 25,
					"max": 598
				},
				"2023-09-10": {
					"avg": 91,
					"count": 4,
					"min": 59,
					"max": 148
				},
				"2023-09-11": {
					"avg": 227,
					"count": 13,
					"min": 35,
					"max": 898
				},
				"2023-09-13": {
					"avg": 359,
					"count": 1,
					"min": 359,
					"max": 359
				},
				"2023-09-14": {
					"avg": 123,
					"count": 4,
					"min": 51,
					"max": 149
				},
				"2023-09-15": {
					"avg": 174,
					"count": 5,
					"min": 69,
					"max": 202
				},
				"2023-09-16": {
					"avg": 701,
					"count": 6,
					"min": 199,
					"max": 2074
				},
				"2023-09-17": {
					"avg": 186,
					"count": 7,
					"min": 46,
					"max": 299
				},
				"2023-09-18": {
					"avg": 105,
					"count": 1,
					"min": 105,
					"max": 105
				},
				"2023-09-19": {
					"avg": 252,
					"count": 4,
					"min": 199,
					"max": 299
				},
				"2023-09-20": {
					"avg": 250,
					"count": 3,
					"min": 151,
					"max": 399
				},
				"2023-09-21": {
					"avg": 393,
					"count": 3,
					"min": 160,
					"max": 698
				},
				"2023-09-22": {
					"avg": 134,
					"count": 7,
					"min": 62,
					"max": 337
				},
				"2023-09-23": {
					"avg": 101,
					"count": 3,
					"min": 61,
					"max": 151
				},
				"2023-09-24": {
					"avg": 141,
					"count": 4,
					"min": 51,
					"max": 294
				},
				"2023-09-25": {
					"avg": 90,
					"count": 4,
					"min": 61,
					"max": 114
				},
				"2023-09-26": {
					"avg": 279,
					"count": 6,
					"min": 92,
					"max": 544
				},
				"2023-09-27": {
					"avg": 162,
					"count": 7,
					"min": 60,
					"max": 299
				},
				"2023-09-28": {
					"avg": 432,
					"count": 1,
					"min": 432,
					"max": 432
				},
				"2023-09-29": {
					"avg": 268,
					"count": 3,
					"min": 75,
					"max": 606
				},
				"2023-09-30": {
					"avg": 573,
					"count": 20,
					"min": 104,
					"max": 2132
				},
				"2023-10-01": {
					"avg": 170,
					"count": 6,
					"min": 51,
					"max": 324
				},
				"2023-10-02": {
					"avg": 172,
					"count": 3,
					"min": 150,
					"max": 183
				},
				"2023-10-03": {
					"avg": 100,
					"count": 24,
					"min": 49,
					"max": 898
				},
				"2023-10-04": {
					"avg": 252,
					"count": 5,
					"min": 20,
					"max": 698
				},
				"2023-10-05": {
					"avg": 493,
					"count": 3,
					"min": 260,
					"max": 898
				},
				"2023-10-06": {
					"avg": 400,
					"count": 7,
					"min": 100,
					"max": 594
				},
				"2023-10-07": {
					"avg": 186,
					"count": 3,
					"min": 148,
					"max": 212
				},
				"2023-10-08": {
					"avg": 289,
					"count": 7,
					"min": 25,
					"max": 898
				},
				"2023-10-09": {
					"avg": 130,
					"count": 19,
					"min": 48,
					"max": 552
				},
				"2023-10-10": {
					"avg": 263,
					"count": 3,
					"min": 148,
					"max": 462
				},
				"2023-10-11": {
					"avg": 361,
					"count": 6,
					"min": 79,
					"max": 799
				},
				"2023-10-12": {
					"avg": 262,
					"count": 4,
					"min": 79,
					"max": 399
				},
				"2023-10-13": {
					"avg": 227,
					"count": 27,
					"min": 91,
					"max": 340
				},
				"2023-10-14": {
					"avg": 121,
					"count": 6,
					"min": 51,
					"max": 178
				},
				"2023-10-15": {
					"avg": 138,
					"count": 5,
					"min": 79,
					"max": 178
				},
				"2023-10-16": {
					"avg": 203,
					"count": 2,
					"min": 66,
					"max": 340
				},
				"2023-10-17": {
					"avg": 234,
					"count": 5,
					"min": 40,
					"max": 633
				},
				"2023-10-18": {
					"avg": 146,
					"count": 9,
					"min": 35,
					"max": 382
				},
				"2023-10-19": {
					"avg": 145,
					"count": 5,
					"min": 125,
					"max": 225
				},
				"2023-10-20": {
					"avg": 144,
					"count": 3,
					"min": 69,
					"max": 225
				},
				"2023-10-21": {
					"avg": 128,
					"count": 4,
					"min": 75,
					"max": 186
				},
				"2023-10-22": {
					"avg": 168,
					"count": 11,
					"min": 76,
					"max": 299
				},
				"2023-10-23": {
					"avg": 291,
					"count": 1,
					"min": 291,
					"max": 291
				},
				"2023-10-24": {
					"avg": 103,
					"count": 26,
					"min": 25,
					"max": 549
				},
				"2023-10-25": {
					"avg": 133,
					"count": 2,
					"min": 129,
					"max": 137
				},
				"2023-10-26": {
					"avg": 177,
					"count": 5,
					"min": 140,
					"max": 299
				},
				"2023-10-27": {
					"avg": 165,
					"count": 3,
					"min": 49,
					"max": 268
				},
				"2023-10-28": {
					"avg": 211,
					"count": 2,
					"min": 98,
					"max": 324
				},
				"2023-10-29": {
					"avg": 374,
					"count": 5,
					"min": 137,
					"max": 904
				},
				"2023-10-30": {
					"avg": 816,
					"count": 3,
					"min": 322,
					"max": 1748
				},
				"2023-11-01": {
					"avg": 145,
					"count": 10,
					"min": 62,
					"max": 177
				},
				"2023-11-02": {
					"avg": 138,
					"count": 3,
					"min": 58,
					"max": 179
				},
				"2023-11-03": {
					"avg": 240,
					"count": 5,
					"min": 50,
					"max": 606
				},
				"2023-11-04": {
					"avg": 191,
					"count": 6,
					"min": 38,
					"max": 365
				},
				"2023-11-05": {
					"avg": 115,
					"count": 1,
					"min": 115,
					"max": 115
				},
				"2023-11-06": {
					"avg": 177,
					"count": 1,
					"min": 177,
					"max": 177
				},
				"2023-11-07": {
					"avg": 200,
					"count": 2,
					"min": 149,
					"max": 250
				},
				"2023-11-08": {
					"avg": 207,
					"count": 4,
					"min": 149,
					"max": 314
				},
				"2023-11-09": {
					"avg": 238,
					"count": 3,
					"min": 125,
					"max": 299
				},
				"2023-11-10": {
					"avg": 93,
					"count": 2,
					"min": 61,
					"max": 124
				},
				"2023-11-11": {
					"avg": 169,
					"count": 3,
					"min": 103,
					"max": 254
				},
				"2023-11-12": {
					"avg": 131,
					"count": 9,
					"min": 60,
					"max": 322
				},
				"2023-11-13": {
					"avg": 215,
					"count": 5,
					"min": 96,
					"max": 391
				},
				"2023-11-14": {
					"avg": 156,
					"count": 4,
					"min": 107,
					"max": 250
				},
				"2023-11-15": {
					"avg": 381,
					"count": 3,
					"min": 204,
					"max": 499
				},
				"2023-11-16": {
					"avg": 93,
					"count": 2,
					"min": 26,
					"max": 160
				},
				"2023-11-17": {
					"avg": 184,
					"count": 10,
					"min": 62,
					"max": 291
				},
				"2023-11-18": {
					"avg": 397,
					"count": 3,
					"min": 292,
					"max": 499
				},
				"2023-11-19": {
					"avg": 274,
					"count": 2,
					"min": 148,
					"max": 399
				},
				"2023-11-20": {
					"avg": 106,
					"count": 4,
					"min": 59,
					"max": 134
				},
				"2023-11-21": {
					"avg": 499,
					"count": 2,
					"min": 399,
					"max": 599
				},
				"2023-11-23": {
					"avg": 140,
					"count": 1,
					"min": 140,
					"max": 140
				},
				"2023-11-24": {
					"avg": 164,
					"count": 38,
					"min": 19,
					"max": 574
				},
				"2023-11-25": {
					"avg": 241,
					"count": 2,
					"min": 49,
					"max": 432
				},
				"2023-11-26": {
					"avg": 128,
					"count": 9,
					"min": 94,
					"max": 182
				},
				"2023-11-27": {
					"avg": 342,
					"count": 3,
					"min": 288,
					"max": 433
				},
				"2024-05-15": {
					"avg": 88,
					"count": 1,
					"min": 88,
					"max": 88
				},
				"2024-05-16": {
					"avg": 220,
					"count": 9,
					"min": 33,
					"max": 714
				},
				"2024-05-17": {
					"avg": 139,
					"count": 50,
					"min": 19,
					"max": 426
				},
				"2024-05-18": {
					"avg": 174,
					"count": 27,
					"min": 62,
					"max": 573
				},
				"2024-05-20": {
					"avg": 111,
					"count": 27,
					"min": 57,
					"max": 153
				},
				"2024-05-21": {
					"avg": 100,
					"count": 14,
					"min": 40,
					"max": 246
				},
				"2024-05-22": {
					"avg": 151,
					"count": 7,
					"min": 65,
					"max": 199
				},
				"2024-05-24": {
					"avg": 139,
					"count": 2,
					"min": 69,
					"max": 209
				},
				"2024-05-26": {
					"avg": 150,
					"count": 7,
					"min": 109,
					"max": 232
				},
				"2024-05-28": {
					"avg": 86,
					"count": 1,
					"min": 86,
					"max": 86
				},
				"2024-05-30": {
					"avg": 186,
					"count": 5,
					"min": 53,
					"max": 411
				},
				"2024-05-31": {
					"avg": 261,
					"count": 2,
					"min": 252,
					"max": 269
				},
				"2024-06-02": {
					"avg": 87,
					"count": 2,
					"min": 65,
					"max": 109
				},
				"2024-06-03": {
					"avg": 174,
					"count": 1,
					"min": 174,
					"max": 174
				},
				"2024-06-04": {
					"avg": 202,
					"count": 1,
					"min": 202,
					"max": 202
				},
				"2024-06-05": {
					"avg": 203,
					"count": 1,
					"min": 203,
					"max": 203
				},
				"2024-06-06": {
					"avg": 166,
					"count": 2,
					"min": 160,
					"max": 171
				},
				"2024-06-07": {
					"avg": 226,
					"count": 8,
					"min": 49,
					"max": 425
				},
				"2024-06-08": {
					"avg": 109,
					"count": 1,
					"min": 109,
					"max": 109
				},
				"2024-06-10": {
					"avg": 69,
					"count": 1,
					"min": 69,
					"max": 69
				},
				"2024-06-11": {
					"avg": 181,
					"count": 2,
					"min": 173,
					"max": 189
				},
				"2024-06-13": {
					"avg": 160,
					"count": 2,
					"min": 71,
					"max": 248
				},
				"2024-06-14": {
					"avg": 170,
					"count": 3,
					"min": 163,
					"max": 174
				},
				"2024-06-16": {
					"avg": 187,
					"count": 2,
					"min": 176,
					"max": 197
				},
				"2024-06-18": {
					"avg": 61,
					"count": 2,
					"min": 51,
					"max": 71
				},
				"2024-06-19": {
					"avg": 161,
					"count": 3,
					"min": 137,
					"max": 173
				},
				"2024-06-20": {
					"avg": 698,
					"count": 1,
					"min": 698,
					"max": 698
				},
				"2024-06-22": {
					"avg": 113,
					"count": 2,
					"min": 49,
					"max": 176
				},
				"2024-06-23": {
					"avg": 118,
					"count": 2,
					"min": 25,
					"max": 211
				},
				"2024-06-24": {
					"avg": 86,
					"count": 3,
					"min": 20,
					"max": 119
				},
				"2024-06-25": {
					"avg": 129,
					"count": 3,
					"min": 89,
					"max": 149
				},
				"2024-06-28": {
					"avg": 172,
					"count": 1,
					"min": 172,
					"max": 172
				},
				"2024-06-29": {
					"avg": 205,
					"count": 8,
					"min": 70,
					"max": 1148
				},
				"2024-06-30": {
					"avg": 142,
					"count": 1,
					"min": 142,
					"max": 142
				},
				"2024-07-01": {
					"avg": 118,
					"count": 1,
					"min": 118,
					"max": 118
				},
				"2024-07-02": {
					"avg": 123,
					"count": 2,
					"min": 70,
					"max": 175
				},
				"2024-07-03": {
					"avg": 140,
					"count": 1,
					"min": 140,
					"max": 140
				},
				"2024-07-04": {
					"avg": 184,
					"count": 25,
					"min": 148,
					"max": 212
				},
				"2024-07-05": {
					"avg": 173,
					"count": 1,
					"min": 173,
					"max": 173
				},
				"2024-07-06": {
					"avg": 193,
					"count": 1,
					"min": 193,
					"max": 193
				},
				"2024-07-09": {
					"avg": 196,
					"count": 3,
					"min": 188,
					"max": 200
				},
				"2024-07-10": {
					"avg": 207,
					"count": 2,
					"min": 207,
					"max": 207
				},
				"2024-07-11": {
					"avg": 105,
					"count": 2,
					"min": 69,
					"max": 141
				},
				"2024-07-13": {
					"avg": 141,
					"count": 1,
					"min": 141,
					"max": 141
				},
				"2024-07-14": {
					"avg": 637,
					"count": 1,
					"min": 637,
					"max": 637
				},
				"2024-07-16": {
					"avg": 124,
					"count": 2,
					"min": 100,
					"max": 148
				},
				"2024-07-17": {
					"avg": 1287,
					"count": 2,
					"min": 638,
					"max": 1936
				},
				"2024-07-19": {
					"avg": 147,
					"count": 4,
					"min": 74,
					"max": 201
				},
				"2024-07-21": {
					"avg": 148,
					"count": 1,
					"min": 148,
					"max": 148
				},
				"2024-07-22": {
					"avg": 286,
					"count": 9,
					"min": 100,
					"max": 519
				},
				"2024-07-23": {
					"avg": 762,
					"count": 1,
					"min": 762,
					"max": 762
				},
				"2024-07-25": {
					"avg": 137,
					"count": 2,
					"min": 44,
					"max": 229
				},
				"2024-07-26": {
					"avg": 158,
					"count": 5,
					"min": 116,
					"max": 206
				},
				"2024-07-27": {
					"avg": 220,
					"count": 1,
					"min": 220,
					"max": 220
				},
				"2024-07-28": {
					"avg": 63,
					"count": 2,
					"min": 60,
					"max": 65
				},
				"2024-07-30": {
					"avg": 231,
					"count": 1,
					"min": 231,
					"max": 231
				},
				"2024-08-01": {
					"avg": 1178,
					"count": 1,
					"min": 1178,
					"max": 1178
				},
				"2024-08-02": {
					"avg": 204,
					"count": 4,
					"min": 204,
					"max": 204
				},
				"2024-08-04": {
					"avg": 182,
					"count": 5,
					"min": 147,
					"max": 226
				},
				"2024-08-05": {
					"avg": 174,
					"count": 4,
					"min": 174,
					"max": 174
				},
				"2024-08-06": {
					"avg": 249,
					"count": 1,
					"min": 249,
					"max": 249
				},
				"2024-08-08": {
					"avg": 218,
					"count": 1,
					"min": 218,
					"max": 218
				},
				"2024-08-09": {
					"avg": 208,
					"count": 2,
					"min": 195,
					"max": 220
				},
				"2024-08-10": {
					"avg": 148,
					"count": 1,
					"min": 148,
					"max": 148
				},
				"2024-08-11": {
					"avg": 75,
					"count": 1,
					"min": 75,
					"max": 75
				},
				"2024-08-13": {
					"avg": 153,
					"count": 19,
					"min": 50,
					"max": 229
				},
				"2024-08-16": {
					"avg": 197,
					"count": 4,
					"min": 174,
					"max": 264
				},
				"2024-08-17": {
					"avg": 97,
					"count": 1,
					"min": 97,
					"max": 97
				},
				"2024-08-18": {
					"avg": 156,
					"count": 2,
					"min": 94,
					"max": 217
				},
				"2024-08-19": {
					"avg": 95,
					"count": 1,
					"min": 95,
					"max": 95
				},
				"2024-08-22": {
					"avg": 148,
					"count": 4,
					"min": 148,
					"max": 148
				},
				"2024-08-23": {
					"avg": 147,
					"count": 5,
					"min": 37,
					"max": 197
				},
				"2024-08-25": {
					"avg": 135,
					"count": 3,
					"min": 95,
					"max": 185
				},
				"2024-08-26": {
					"avg": 218,
					"count": 3,
					"min": 100,
					"max": 277
				},
				"2024-08-27": {
					"avg": 450,
					"count": 2,
					"min": 221,
					"max": 678
				},
				"2024-08-28": {
					"avg": 507,
					"count": 3,
					"min": 99,
					"max": 1145
				},
				"2024-08-29": {
					"avg": 48,
					"count": 1,
					"min": 48,
					"max": 48
				},
				"2024-08-30": {
					"avg": 135,
					"count": 1,
					"min": 135,
					"max": 135
				},
				"2024-08-31": {
					"avg": 226,
					"count": 4,
					"min": 76,
					"max": 578
				},
				"2024-09-01": {
					"avg": 678,
					"count": 1,
					"min": 678,
					"max": 678
				},
				"2024-09-02": {
					"avg": 218,
					"count": 1,
					"min": 218,
					"max": 218
				},
				"2024-09-03": {
					"avg": 169,
					"count": 2,
					"min": 76,
					"max": 262
				},
				"2024-09-05": {
					"avg": 129,
					"count": 2,
					"min": 81,
					"max": 176
				},
				"2024-09-07": {
					"avg": 150,
					"count": 5,
					"min": 81,
					"max": 201
				},
				"2024-09-08": {
					"avg": 122,
					"count": 3,
					"min": 80,
					"max": 203
				},
				"2024-09-09": {
					"avg": 161,
					"count": 1,
					"min": 161,
					"max": 161
				},
				"2024-09-10": {
					"avg": 161,
					"count": 1,
					"min": 161,
					"max": 161
				},
				"2024-09-12": {
					"avg": 203,
					"count": 3,
					"min": 161,
					"max": 280
				},
				"2024-09-13": {
					"avg": 117,
					"count": 4,
					"min": 54,
					"max": 203
				},
				"2024-09-14": {
					"avg": 96,
					"count": 1,
					"min": 96,
					"max": 96
				},
				"2024-09-15": {
					"avg": 221,
					"count": 5,
					"min": 99,
					"max": 593
				},
				"2024-09-16": {
					"avg": 468,
					"count": 6,
					"min": 123,
					"max": 2092
				},
				"2024-09-17": {
					"avg": 208,
					"count": 1,
					"min": 208,
					"max": 208
				},
				"2024-09-18": {
					"avg": 135,
					"count": 1,
					"min": 135,
					"max": 135
				},
				"2024-09-19": {
					"avg": 360,
					"count": 2,
					"min": 26,
					"max": 693
				},
				"2024-09-20": {
					"avg": 68,
					"count": 2,
					"min": 54,
					"max": 81
				},
				"2024-09-21": {
					"avg": 125,
					"count": 4,
					"min": 96,
					"max": 135
				},
				"2024-09-22": {
					"avg": 236,
					"count": 2,
					"min": 180,
					"max": 292
				},
				"2024-09-23": {
					"avg": 172,
					"count": 2,
					"min": 120,
					"max": 224
				}
			},
			"avg": 214,
			"avg7": 142,
			"avg28": 142
		},
		"normal-nearmint": {
			"history": {
				"2024-05-24": {
					"avg": 204,
					"count": 1,
					"min": 204,
					"max": 204
				},
				"2024-05-26": {
					"avg": 169,
					"count": 3,
					"min": 82,
					"max": 222
				},
				"2024-05-27": {
					"avg": 96,
					"count": 7,
					"min": 82,
					"max": 177
				},
				"2024-05-28": {
					"avg": 200,
					"count": 1,
					"min": 200,
					"max": 200
				},
				"2024-05-29": {
					"avg": 77,
					"count": 1,
					"min": 77,
					"max": 77
				},
				"2024-05-30": {
					"avg": 351,
					"count": 8,
					"min": 78,
					"max": 637
				},
				"2024-05-31": {
					"avg": 257,
					"count": 2,
					"min": 194,
					"max": 320
				},
				"2024-06-01": {
					"avg": 998,
					"count": 3,
					"min": 199,
					"max": 1398
				},
				"2024-06-02": {
					"avg": 76,
					"count": 1,
					"min": 76,
					"max": 76
				},
				"2024-06-03": {
					"avg": 76,
					"count": 1,
					"min": 76,
					"max": 76
				},
				"2024-06-04": {
					"avg": 214,
					"count": 2,
					"min": 199,
					"max": 229
				},
				"2024-06-05": {
					"avg": 228,
					"count": 4,
					"min": 81,
					"max": 598
				},
				"2024-06-06": {
					"avg": 105,
					"count": 3,
					"min": 82,
					"max": 117
				},
				"2024-06-08": {
					"avg": 263,
					"count": 5,
					"min": 177,
					"max": 608
				},
				"2024-06-09": {
					"avg": 398,
					"count": 1,
					"min": 398,
					"max": 398
				},
				"2024-06-10": {
					"avg": 671,
					"count": 1,
					"min": 671,
					"max": 671
				},
				"2024-06-11": {
					"avg": 221,
					"count": 3,
					"min": 78,
					"max": 321
				},
				"2024-06-13": {
					"avg": 321,
					"count": 1,
					"min": 321,
					"max": 321
				},
				"2024-06-14": {
					"avg": 250,
					"count": 2,
					"min": 200,
					"max": 299
				},
				"2024-06-16": {
					"avg": 275,
					"count": 2,
					"min": 250,
					"max": 300
				},
				"2024-06-17": {
					"avg": 574,
					"count": 3,
					"min": 113,
					"max": 1360
				},
				"2024-06-19": {
					"avg": 199,
					"count": 4,
					"min": 197,
					"max": 200
				},
				"2024-06-20": {
					"avg": 317,
					"count": 4,
					"min": 197,
					"max": 640
				},
				"2024-06-21": {
					"avg": 200,
					"count": 1,
					"min": 200,
					"max": 200
				},
				"2024-06-22": {
					"avg": 390,
					"count": 3,
					"min": 197,
					"max": 601
				},
				"2024-06-23": {
					"avg": 289,
					"count": 6,
					"min": 197,
					"max": 749
				},
				"2024-06-25": {
					"avg": 244,
					"count": 2,
					"min": 200,
					"max": 288
				},
				"2024-06-26": {
					"avg": 233,
					"count": 3,
					"min": 200,
					"max": 300
				},
				"2024-06-27": {
					"avg": 234,
					"count": 1,
					"min": 234,
					"max": 234
				},
				"2024-06-28": {
					"avg": 214,
					"count": 2,
					"min": 170,
					"max": 257
				},
				"2024-06-29": {
					"avg": 197,
					"count": 1,
					"min": 197,
					"max": 197
				},
				"2024-06-30": {
					"avg": 188,
					"count": 3,
					"min": 170,
					"max": 197
				},
				"2024-07-01": {
					"avg": 243,
					"count": 2,
					"min": 197,
					"max": 288
				},
				"2024-07-03": {
					"avg": 237,
					"count": 3,
					"min": 196,
					"max": 319
				},
				"2024-07-04": {
					"avg": 197,
					"count": 2,
					"min": 196,
					"max": 197
				},
				"2024-07-05": {
					"avg": 238,
					"count": 2,
					"min": 157,
					"max": 319
				},
				"2024-07-06": {
					"avg": 157,
					"count": 2,
					"min": 157,
					"max": 157
				},
				"2024-07-07": {
					"avg": 34,
					"count": 1,
					"min": 34,
					"max": 34
				},
				"2024-07-08": {
					"avg": 149,
					"count": 3,
					"min": 34,
					"max": 277
				},
				"2024-07-09": {
					"avg": 216,
					"count": 2,
					"min": 197,
					"max": 235
				},
				"2024-07-10": {
					"avg": 73,
					"count": 7,
					"min": 40,
					"max": 268
				},
				"2024-07-11": {
					"avg": 211,
					"count": 2,
					"min": 197,
					"max": 224
				},
				"2024-07-12": {
					"avg": 175,
					"count": 1,
					"min": 175,
					"max": 175
				},
				"2024-07-13": {
					"avg": 271,
					"count": 1,
					"min": 271,
					"max": 271
				},
				"2024-07-14": {
					"avg": 1194,
					"count": 1,
					"min": 1194,
					"max": 1194
				},
				"2024-07-15": {
					"avg": 1194,
					"count": 1,
					"min": 1194,
					"max": 1194
				},
				"2024-07-16": {
					"avg": 211,
					"count": 3,
					"min": 162,
					"max": 274
				},
				"2024-07-17": {
					"avg": 269,
					"count": 1,
					"min": 269,
					"max": 269
				},
				"2024-07-18": {
					"avg": 1204,
					"count": 2,
					"min": 234,
					"max": 2174
				},
				"2024-07-19": {
					"avg": 167,
					"count": 1,
					"min": 167,
					"max": 167
				},
				"2024-07-20": {
					"avg": 186,
					"count": 2,
					"min": 175,
					"max": 197
				},
				"2024-07-22": {
					"avg": 182,
					"count": 4,
					"min": 149,
					"max": 215
				},
				"2024-07-23": {
					"avg": 181,
					"count": 3,
					"min": 136,
					"max": 266
				},
				"2024-07-25": {
					"avg": 270,
					"count": 3,
					"min": 243,
					"max": 289
				},
				"2024-07-27": {
					"avg": 198,
					"count": 2,
					"min": 119,
					"max": 277
				},
				"2024-07-28": {
					"avg": 137,
					"count": 1,
					"min": 137,
					"max": 137
				},
				"2024-07-29": {
					"avg": 160,
					"count": 2,
					"min": 58,
					"max": 261
				},
				"2024-07-30": {
					"avg": 159,
					"count": 4,
					"min": 54,
					"max": 244
				},
				"2024-07-31": {
					"avg": 216,
					"count": 1,
					"min": 216,
					"max": 216
				},
				"2024-08-01": {
					"avg": 187,
					"count": 2,
					"min": 130,
					"max": 244
				},
				"2024-08-03": {
					"avg": 184,
					"count": 3,
					"min": 170,
					"max": 211
				},
				"2024-08-04": {
					"avg": 118,
					"count": 1,
					"min": 118,
					"max": 118
				},
				"2024-08-05": {
					"avg": 249,
					"count": 2,
					"min": 170,
					"max": 327
				},
				"2024-08-07": {
					"avg": 146,
					"count": 4,
					"min": 125,
					"max": 210
				},
				"2024-08-08": {
					"avg": 299,
					"count": 1,
					"min": 299,
					"max": 299
				},
				"2024-08-09": {
					"avg": 94,
					"count": 1,
					"min": 94,
					"max": 94
				},
				"2024-08-10": {
					"avg": 198,
					"count": 2,
					"min": 94,
					"max": 302
				},
				"2024-08-11": {
					"avg": 194,
					"count": 1,
					"min": 194,
					"max": 194
				},
				"2024-08-13": {
					"avg": 228,
					"count": 2,
					"min": 194,
					"max": 262
				},
				"2024-08-14": {
					"avg": 798,
					"count": 1,
					"min": 798,
					"max": 798
				},
				"2024-08-16": {
					"avg": 266,
					"count": 2,
					"min": 260,
					"max": 272
				},
				"2024-08-17": {
					"avg": 243,
					"count": 2,
					"min": 243,
					"max": 243
				},
				"2024-08-18": {
					"avg": 243,
					"count": 1,
					"min": 243,
					"max": 243
				},
				"2024-08-19": {
					"avg": 273,
					"count": 2,
					"min": 271,
					"max": 274
				},
				"2024-08-20": {
					"avg": 285,
					"count": 31,
					"min": 194,
					"max": 639
				},
				"2024-08-21": {
					"avg": 178,
					"count": 3,
					"min": 140,
					"max": 197
				},
				"2024-08-22": {
					"avg": 249,
					"count": 3,
					"min": 197,
					"max": 289
				},
				"2024-08-23": {
					"avg": 617,
					"count": 2,
					"min": 239,
					"max": 994
				},
				"2024-08-24": {
					"avg": 271,
					"count": 2,
					"min": 197,
					"max": 345
				},
				"2024-08-25": {
					"avg": 236,
					"count": 2,
					"min": 197,
					"max": 274
				},
				"2024-08-26": {
					"avg": 257,
					"count": 2,
					"min": 250,
					"max": 263
				},
				"2024-08-29": {
					"avg": 203,
					"count": 2,
					"min": 153,
					"max": 252
				},
				"2024-08-31": {
					"avg": 201,
					"count": 2,
					"min": 153,
					"max": 248
				},
				"2024-09-01": {
					"avg": 221,
					"count": 3,
					"min": 153,
					"max": 262
				},
				"2024-09-02": {
					"avg": 154,
					"count": 2,
					"min": 153,
					"max": 155
				},
				"2024-09-03": {
					"avg": 259,
					"count": 2,
					"min": 258,
					"max": 260
				},
				"2024-09-04": {
					"avg": 201,
					"count": 4,
					"min": 99,
					"max": 250
				},
				"2024-09-05": {
					"avg": 215,
					"count": 2,
					"min": 153,
					"max": 277
				},
				"2024-09-06": {
					"avg": 193,
					"count": 3,
					"min": 145,
					"max": 280
				},
				"2024-09-07": {
					"avg": 265,
					"count": 3,
					"min": 248,
					"max": 299
				},
				"2024-09-08": {
					"avg": 196,
					"count": 2,
					"min": 144,
					"max": 248
				},
				"2024-09-09": {
					"avg": 150,
					"count": 1,
					"min": 150,
					"max": 150
				},
				"2024-09-10": {
					"avg": 171,
					"count": 3,
					"min": 150,
					"max": 208
				},
				"2024-09-11": {
					"avg": 155,
					"count": 1,
					"min": 155,
					"max": 155
				},
				"2024-09-12": {
					"avg": 274,
					"count": 3,
					"min": 265,
					"max": 286
				},
				"2024-09-13": {
					"avg": 150,
					"count": 1,
					"min": 150,
					"max": 150
				},
				"2024-09-15": {
					"avg": 251,
					"count": 5,
					"min": 150,
					"max": 655
				},
				"2024-09-16": {
					"avg": 298,
					"count": 10,
					"min": 175,
					"max": 547
				},
				"2024-09-17": {
					"avg": 275,
					"count": 1,
					"min": 275,
					"max": 275
				},
				"2024-09-18": {
					"avg": 381,
					"count": 4,
					"min": 265,
					"max": 695
				},
				"2024-09-19": {
					"avg": 598,
					"count": 1,
					"min": 598,
					"max": 598
				},
				"2024-09-20": {
					"avg": 180,
					"count": 2,
					"min": 180,
					"max": 180
				},
				"2024-09-21": {
					"avg": 352,
					"count": 1,
					"min": 352,
					"max": 352
				},
				"2024-09-22": {
					"avg": 196,
					"count": 3,
					"min": 149,
					"max": 229
				}
			},
			"avg": 262,
			"avg7": -1,
			"avg28": -1
		},
		"normal-played": {
			"history": {
				"2024-05-24": {
					"avg": 65,
					"count": 1,
					"min": 65,
					"max": 65
				},
				"2024-05-27": {
					"avg": 187,
					"count": 1,
					"min": 187,
					"max": 187
				},
				"2024-05-29": {
					"avg": 574,
					"count": 1,
					"min": 574,
					"max": 574
				},
				"2024-05-31": {
					"avg": 246,
					"count": 4,
					"min": 74,
					"max": 574
				},
				"2024-06-01": {
					"avg": 74,
					"count": 1,
					"min": 74,
					"max": 74
				},
				"2024-06-03": {
					"avg": 207,
					"count": 5,
					"min": 204,
					"max": 221
				},
				"2024-06-04": {
					"avg": 166,
					"count": 1,
					"min": 166,
					"max": 166
				},
				"2024-06-05": {
					"avg": 47,
					"count": 1,
					"min": 47,
					"max": 47
				},
				"2024-06-07": {
					"avg": 189,
					"count": 5,
					"min": 70,
					"max": 273
				},
				"2024-06-09": {
					"avg": 273,
					"count": 1,
					"min": 273,
					"max": 273
				},
				"2024-06-13": {
					"avg": 172,
					"count": 1,
					"min": 172,
					"max": 172
				},
				"2024-06-15": {
					"avg": 50,
					"count": 1,
					"min": 50,
					"max": 50
				},
				"2024-06-17": {
					"avg": 156,
					"count": 1,
					"min": 156,
					"max": 156
				},
				"2024-06-18": {
					"avg": 227,
					"count": 1,
					"min": 227,
					"max": 227
				},
				"2024-06-20": {
					"avg": 94,
					"count": 3,
					"min": 50,
					"max": 146
				},
				"2024-06-21": {
					"avg": 117,
					"count": 2,
					"min": 70,
					"max": 164
				},
				"2024-06-22": {
					"avg": 165,
					"count": 2,
					"min": 162,
					"max": 167
				},
				"2024-06-23": {
					"avg": 335,
					"count": 1,
					"min": 335,
					"max": 335
				},
				"2024-06-25": {
					"avg": 65,
					"count": 1,
					"min": 65,
					"max": 65
				},
				"2024-06-26": {
					"avg": 108,
					"count": 2,
					"min": 75,
					"max": 141
				},
				"2024-06-28": {
					"avg": 39,
					"count": 1,
					"min": 39,
					"max": 39
				},
				"2024-07-01": {
					"avg": 68,
					"count": 5,
					"min": 49,
					"max": 141
				},
				"2024-07-03": {
					"avg": 724,
					"count": 2,
					"min": 724,
					"max": 724
				},
				"2024-07-04": {
					"avg": 175,
					"count": 1,
					"min": 175,
					"max": 175
				},
				"2024-07-05": {
					"avg": 105,
					"count": 4,
					"min": 92,
					"max": 141
				},
				"2024-07-07": {
					"avg": 85,
					"count": 3,
					"min": 53,
					"max": 149
				},
				"2024-07-10": {
					"avg": 141,
					"count": 1,
					"min": 141,
					"max": 141
				},
				"2024-07-11": {
					"avg": 67,
					"count": 1,
					"min": 67,
					"max": 67
				},
				"2024-07-12": {
					"avg": 30,
					"count": 5,
					"min": 20,
					"max": 69
				},
				"2024-07-13": {
					"avg": 68,
					"count": 1,
					"min": 68,
					"max": 68
				},
				"2024-07-14": {
					"avg": 68,
					"count": 3,
					"min": 68,
					"max": 68
				},
				"2024-07-15": {
					"avg": 39,
					"count": 2,
					"min": 19,
					"max": 59
				},
				"2024-07-16": {
					"avg": 98,
					"count": 3,
					"min": 59,
					"max": 167
				},
				"2024-07-17": {
					"avg": 179,
					"count": 1,
					"min": 179,
					"max": 179
				},
				"2024-07-18": {
					"avg": 139,
					"count": 3,
					"min": 68,
					"max": 190
				},
				"2024-07-19": {
					"avg": 100,
					"count": 2,
					"min": 53,
					"max": 147
				},
				"2024-07-20": {
					"avg": 68,
					"count": 1,
					"min": 68,
					"max": 68
				},
				"2024-07-21": {
					"avg": 57,
					"count": 1,
					"min": 57,
					"max": 57
				},
				"2024-07-22": {
					"avg": 94,
					"count": 11,
					"min": 92,
					"max": 115
				},
				"2024-07-23": {
					"avg": 103,
					"count": 4,
					"min": 29,
					"max": 172
				},
				"2024-07-24": {
					"avg": 55,
					"count": 1,
					"min": 55,
					"max": 55
				},
				"2024-07-25": {
					"avg": 140,
					"count": 4,
					"min": 125,
					"max": 184
				},
				"2024-07-26": {
					"avg": 65,
					"count": 1,
					"min": 65,
					"max": 65
				},
				"2024-07-27": {
					"avg": 97,
					"count": 4,
					"min": 92,
					"max": 99
				},
				"2024-07-31": {
					"avg": 92,
					"count": 2,
					"min": 92,
					"max": 92
				},
				"2024-08-01": {
					"avg": 152,
					"count": 1,
					"min": 152,
					"max": 152
				},
				"2024-08-02": {
					"avg": 61,
					"count": 1,
					"min": 61,
					"max": 61
				},
				"2024-08-03": {
					"avg": 68,
					"count": 1,
					"min": 68,
					"max": 68
				},
				"2024-08-05": {
					"avg": 133,
					"count": 2,
					"min": 92,
					"max": 174
				},
				"2024-08-08": {
					"avg": 68,
					"count": 1,
					"min": 68,
					"max": 68
				},
				"2024-08-10": {
					"avg": 52,
					"count": 1,
					"min": 52,
					"max": 52
				},
				"2024-08-11": {
					"avg": 99,
					"count": 1,
					"min": 99,
					"max": 99
				},
				"2024-08-13": {
					"avg": 99,
					"count": 1,
					"min": 99,
					"max": 99
				},
				"2024-08-14": {
					"avg": 90,
					"count": 3,
					"min": 52,
					"max": 149
				},
				"2024-08-16": {
					"avg": 152,
					"count": 2,
					"min": 150,
					"max": 154
				},
				"2024-08-17": {
					"avg": 142,
					"count": 5,
					"min": 62,
					"max": 179
				},
				"2024-08-18": {
					"avg": 443,
					"count": 3,
					"min": 62,
					"max": 634
				},
				"2024-08-19": {
					"avg": 199,
					"count": 1,
					"min": 199,
					"max": 199
				},
				"2024-08-20": {
					"avg": 219,
					"count": 4,
					"min": 125,
					"max": 500
				},
				"2024-08-22": {
					"avg": 70,
					"count": 10,
					"min": 70,
					"max": 70
				},
				"2024-08-23": {
					"avg": 145,
					"count": 2,
					"min": 99,
					"max": 191
				},
				"2024-08-24": {
					"avg": 183,
					"count": 1,
					"min": 183,
					"max": 183
				},
				"2024-08-25": {
					"avg": 63,
					"count": 2,
					"min": 63,
					"max": 63
				},
				"2024-08-27": {
					"avg": 62,
					"count": 2,
					"min": 59,
					"max": 64
				},
				"2024-08-28": {
					"avg": 187,
					"count": 2,
					"min": 182,
					"max": 191
				},
				"2024-08-29": {
					"avg": 258,
					"count": 2,
					"min": 240,
					"max": 275
				},
				"2024-08-30": {
					"avg": 46,
					"count": 1,
					"min": 46,
					"max": 46
				},
				"2024-09-01": {
					"avg": 56,
					"count": 2,
					"min": 50,
					"max": 62
				},
				"2024-09-02": {
					"avg": 74,
					"count": 1,
					"min": 74,
					"max": 74
				},
				"2024-09-03": {
					"avg": 161,
					"count": 2,
					"min": 88,
					"max": 233
				},
				"2024-09-04": {
					"avg": 47,
					"count": 5,
					"min": 46,
					"max": 49
				},
				"2024-09-05": {
					"avg": 140,
					"count": 3,
					"min": 120,
					"max": 176
				},
				"2024-09-06": {
					"avg": 99,
					"count": 2,
					"min": 49,
					"max": 148
				},
				"2024-09-07": {
					"avg": 94,
					"count": 14,
					"min": 49,
					"max": 199
				},
				"2024-09-08": {
					"avg": 233,
					"count": 1,
					"min": 233,
					"max": 233
				},
				"2024-09-10": {
					"avg": 184,
					"count": 2,
					"min": 180,
					"max": 187
				},
				"2024-09-12": {
					"avg": 206,
					"count": 2,
					"min": 191,
					"max": 220
				},
				"2024-09-14": {
					"avg": 100,
					"count": 1,
					"min": 100,
					"max": 100
				},
				"2024-09-16": {
					"avg": 110,
					"count": 5,
					"min": 100,
					"max": 152
				},
				"2024-09-17": {
					"avg": 74,
					"count": 1,
					"min": 74,
					"max": 74
				},
				"2024-09-18": {
					"avg": 210,
					"count": 2,
					"min": 186,
					"max": 233
				},
				"2024-09-21": {
					"avg": 123,
					"count": 3,
					"min": 74,
					"max": 177
				},
				"2024-09-22": {
					"avg": 251,
					"count": 1,
					"min": 251,
					"max": 251
				}
			},
			"avg": 131,
			"avg7": -1,
			"avg28": -1
		},
		"normal-used": {
			"history": {
				"2024-05-24": {
					"avg": 50,
					"count": 2,
					"min": 35,
					"max": 65
				},
				"2024-05-25": {
					"avg": 91,
					"count": 3,
					"min": 45,
					"max": 114
				},
				"2024-05-26": {
					"avg": 141,
					"count": 1,
					"min": 141,
					"max": 141
				},
				"2024-05-27": {
					"avg": 182,
					"count": 1,
					"min": 182,
					"max": 182
				},
				"2024-06-02": {
					"avg": 146,
					"count": 1,
					"min": 146,
					"max": 146
				},
				"2024-06-05": {
					"avg": 105,
					"count": 1,
					"min": 105,
					"max": 105
				},
				"2024-06-07": {
					"avg": 38,
					"count": 1,
					"min": 38,
					"max": 38
				},
				"2024-06-12": {
					"avg": 45,
					"count": 1,
					"min": 45,
					"max": 45
				},
				"2024-06-14": {
					"avg": 46,
					"count": 1,
					"min": 46,
					"max": 46
				},
				"2024-06-15": {
					"avg": 187,
					"count": 2,
					"min": 149,
					"max": 224
				},
				"2024-06-20": {
					"avg": 168,
					"count": 1,
					"min": 168,
					"max": 168
				},
				"2024-06-21": {
					"avg": 46,
					"count": 1,
					"min": 46,
					"max": 46
				},
				"2024-06-22": {
					"avg": 39,
					"count": 1,
					"min": 39,
					"max": 39
				},
				"2024-06-25": {
					"avg": 91,
					"count": 2,
					"min": 39,
					"max": 142
				},
				"2024-06-26": {
					"avg": 1519,
					"count": 1,
					"min": 1519,
					"max": 1519
				},
				"2024-06-28": {
					"avg": 49,
					"count": 1,
					"min": 49,
					"max": 49
				},
				"2024-06-30": {
					"avg": 41,
					"count": 2,
					"min": 40,
					"max": 42
				},
				"2024-07-01": {
					"avg": 296,
					"count": 2,
					"min": 46,
					"max": 546
				},
				"2024-07-03": {
					"avg": 649,
					"count": 2,
					"min": 649,
					"max": 649
				},
				"2024-07-04": {
					"avg": 58,
					"count": 2,
					"min": 46,
					"max": 69
				},
				"2024-07-13": {
					"avg": 46,
					"count": 1,
					"min": 46,
					"max": 46
				},
				"2024-07-18": {
					"avg": 77,
					"count": 4,
					"min": 39,
					"max": 192
				},
				"2024-07-19": {
					"avg": 142,
					"count": 1,
					"min": 142,
					"max": 142
				},
				"2024-07-20": {
					"avg": 46,
					"count": 2,
					"min": 46,
					"max": 46
				},
				"2024-07-23": {
					"avg": 145,
					"count": 8,
					"min": 139,
					"max": 152
				},
				"2024-07-31": {
					"avg": 43,
					"count": 2,
					"min": 30,
					"max": 56
				},
				"2024-08-01": {
					"avg": 40,
					"count": 1,
					"min": 40,
					"max": 40
				},
				"2024-08-04": {
					"avg": 61,
					"count": 3,
					"min": 46,
					"max": 69
				},
				"2024-08-05": {
					"avg": 137,
					"count": 1,
					"min": 137,
					"max": 137
				},
				"2024-08-12": {
					"avg": 167,
					"count": 1,
					"min": 167,
					"max": 167
				},
				"2024-08-14": {
					"avg": 172,
					"count": 2,
					"min": 151,
					"max": 193
				},
				"2024-08-15": {
					"avg": 515,
					"count": 1,
					"min": 515,
					"max": 515
				},
				"2024-08-16": {
					"avg": 137,
					"count": 5,
					"min": 137,
					"max": 137
				},
				"2024-08-17": {
					"avg": 69,
					"count": 1,
					"min": 69,
					"max": 69
				},
				"2024-08-18": {
					"avg": 94,
					"count": 2,
					"min": 25,
					"max": 163
				},
				"2024-08-21": {
					"avg": 39,
					"count": 3,
					"min": 39,
					"max": 39
				},
				"2024-08-22": {
					"avg": 188,
					"count": 1,
					"min": 188,
					"max": 188
				},
				"2024-08-23": {
					"avg": 52,
					"count": 2,
					"min": 35,
					"max": 69
				},
				"2024-08-27": {
					"avg": 49,
					"count": 1,
					"min": 49,
					"max": 49
				},
				"2024-08-31": {
					"avg": 235,
					"count": 3,
					"min": 69,
					"max": 489
				},
				"2024-09-02": {
					"avg": 156,
					"count": 1,
					"min": 156,
					"max": 156
				},
				"2024-09-05": {
					"avg": 108,
					"count": 2,
					"min": 68,
					"max": 147
				},
				"2024-09-06": {
					"avg": 177,
					"count": 4,
					"min": 35,
					"max": 589
				},
				"2024-09-08": {
					"avg": 99,
					"count": 1,
					"min": 99,
					"max": 99
				},
				"2024-09-09": {
					"avg": 45,
					"count": 1,
					"min": 45,
					"max": 45
				},
				"2024-09-17": {
					"avg": 50,
					"count": 2,
					"min": 50,
					"max": 50
				},
				"2024-09-20": {
					"avg": 378,
					"count": 1,
					"min": 378,
					"max": 378
				},
				"2024-09-23": {
					"avg": 50,
					"count": 4,
					"min": 50,
					"max": 50
				}
			},
			"avg": 142,
			"avg7": -1,
			"avg28": -1
		},
		"normal-poor": {
			"history": {
				"2024-05-23": {
					"avg": 25,
					"count": 1,
					"min": 25,
					"max": 25
				},
				"2024-05-25": {
					"avg": 50,
					"count": 1,
					"min": 50,
					"max": 50
				},
				"2024-05-30": {
					"avg": 25,
					"count": 1,
					"min": 25,
					"max": 25
				},
				"2024-06-15": {
					"avg": 145,
					"count": 5,
					"min": 23,
					"max": 523
				},
				"2024-06-18": {
					"avg": 23,
					"count": 1,
					"min": 23,
					"max": 23
				},
				"2024-06-19": {
					"avg": 103,
					"count": 2,
					"min": 44,
					"max": 161
				},
				"2024-06-20": {
					"avg": 44,
					"count": 1,
					"min": 44,
					"max": 44
				},
				"2024-06-22": {
					"avg": 104,
					"count": 2,
					"min": 104,
					"max": 104
				},
				"2024-06-25": {
					"avg": 144,
					"count": 2,
					"min": 127,
					"max": 161
				},
				"2024-06-27": {
					"avg": 39,
					"count": 1,
					"min": 39,
					"max": 39
				},
				"2024-06-28": {
					"avg": 91,
					"count": 2,
					"min": 39,
					"max": 142
				},
				"2024-07-06": {
					"avg": 75,
					"count": 1,
					"min": 75,
					"max": 75
				},
				"2024-07-09": {
					"avg": 132,
					"count": 1,
					"min": 132,
					"max": 132
				},
				"2024-07-10": {
					"avg": 72,
					"count": 2,
					"min": 40,
					"max": 104
				},
				"2024-07-15": {
					"avg": 38,
					"count": 1,
					"min": 38,
					"max": 38
				},
				"2024-07-16": {
					"avg": 90,
					"count": 2,
					"min": 39,
					"max": 141
				},
				"2024-07-17": {
					"avg": 19,
					"count": 2,
					"min": 19,
					"max": 19
				},
				"2024-07-23": {
					"avg": 130,
					"count": 2,
					"min": 130,
					"max": 130
				},
				"2024-07-30": {
					"avg": 28,
					"count": 1,
					"min": 28,
					"max": 28
				},
				"2024-08-02": {
					"avg": 91,
					"count": 2,
					"min": 27,
					"max": 154
				},
				"2024-08-04": {
					"avg": 27,
					"count": 1,
					"min": 27,
					"max": 27
				},
				"2024-08-05": {
					"avg": 28,
					"count": 1,
					"min": 28,
					"max": 28
				},
				"2024-08-08": {
					"avg": 127,
					"count": 1,
					"min": 127,
					"max": 127
				},
				"2024-08-09": {
					"avg": 27,
					"count": 2,
					"min": 27,
					"max": 27
				},
				"2024-08-13": {
					"avg": 165,
					"count": 2,
					"min": 165,
					"max": 165
				},
				"2024-08-16": {
					"avg": 231,
					"count": 5,
					"min": 103,
					"max": 278
				},
				"2024-08-18": {
					"avg": 156,
					"count": 3,
					"min": 156,
					"max": 156
				},
				"2024-08-24": {
					"avg": 154,
					"count": 1,
					"min": 154,
					"max": 154
				},
				"2024-09-04": {
					"avg": 27,
					"count": 1,
					"min": 27,
					"max": 27
				},
				"2024-09-05": {
					"avg": 101,
					"count": 3,
					"min": 27,
					"max": 150
				},
				"2024-09-06": {
					"avg": 60,
					"count": 6,
					"min": 27,
					"max": 126
				},
				"2024-09-13": {
					"avg": 564,
					"count": 1,
					"min": 564,
					"max": 564
				},
				"2024-09-14": {
					"avg": 156,
					"count": 1,
					"min": 156,
					"max": 156
				},
				"2024-09-15": {
					"avg": 40,
					"count": 1,
					"min": 40,
					"max": 40
				},
				"2024-09-21": {
					"avg": 132,
					"count": 1,
					"min": 132,
					"max": 132
				},
				"2024-09-22": {
					"avg": 30,
					"count": 2,
					"min": 25,
					"max": 35
				}
			},
			"avg": 106,
			"avg7": -1,
			"avg28": -1
		}
	}
}