{
	"data": {
		"normal-good": {
			"history": {
				"2022-11-13": {
					"avg": 120,
					"count": 2
				},
				"2022-11-14": {
					"avg": 127,
					"count": 2
				},
				"2022-11-15": {
					"avg": 50,
					"count": 1
				},
				"2022-11-16": {
					"avg": 56,
					"count": 2
				},
				"2022-11-17": {
					"avg": 87,
					"count": 3
				},
				"2022-11-19": {
					"avg": 339,
					"count": 2,
					"min": 149,
					"max": 529
				},
				"2022-11-20": {
					"avg": 72,
					"count": 3,
					"min": 25,
					"max": 110
				},
				"2022-11-21": {
					"avg": 99,
					"count": 1,
					"min": 99,
					"max": 99
				},
				"2022-11-22": {
					"avg": 38,
					"count": 8,
					"min": 24,
					"max": 80
				},
				"2022-11-23": {
					"avg": 36,
					"count": 1,
					"min": 36,
					"max": 36
				},
				"2022-11-24": {
					"avg": 38,
					"count": 1,
					"min": 38,
					"max": 38
				},
				"2022-11-25": {
					"avg": 81,
					"count": 21,
					"min": 16,
					"max": 250
				},
				"2022-11-26": {
					"avg": 854,
					"count": 16,
					"min": 854,
					"max": 854
				},
				"2022-11-27": {
					"avg": 48,
					"count": 7,
					"min": 33,
					"max": 124
				},
				"2022-11-28": {
					"avg": 47,
					"count": 1,
					"min": 47,
					"max": 47
				},
				"2022-11-29": {
					"avg": 133,
					"count": 4,
					"min": 113,
					"max": 169
				},
				"2022-11-30": {
					"avg": 103,
					"count": 2,
					"min": 72,
					"max": 134
				},
				"2022-12-01": {
					"avg": 33,
					"count": 1,
					"min": 33,
					"max": 33
				},
				"2022-12-02": {
					"avg": 38,
					"count": 2,
					"min": 34,
					"max": 41
				},
				"2022-12-03": {
					"avg": 95,
					"count": 3,
					"min": 41,
					"max": 174
				},
				"2022-12-04": {
					"avg": 63,
					"count": 4,
					"min": 34,
					"max": 113
				},
				"2022-12-05": {
					"avg": 55,
					"count": 2,
					"min": 41,
					"max": 70
				},
				"2022-12-06": {
					"avg": 268,
					"count": 1,
					"min": 268,
					"max": 268
				},
				"2022-12-07": {
					"avg": 103,
					"count": 8,
					"min": 41,
					"max": 139
				},
				"2022-12-09": {
					"avg": 46,
					"count": 5,
					"min": 15,
					"max": 90
				},
				"2022-12-10": {
					"avg": 56,
					"count": 4,
					"min": 15,
					"max": 99
				},
				"2022-12-11": {
					"avg": 41,
					"count": 1,
					"min": 41,
					"max": 41
				},
				"2022-12-12": {
					"avg": 69,
					"count": 3,
					"min": 23,
					"max": 114
				},
				"2022-12-13": {
					"avg": 48,
					"count": 3,
					"min": 33,
					"max": 70
				},
				"2022-12-14": {
					"avg": 43,
					"count": 2,
					"min": 30,
					"max": 57
				},
				"2022-12-15": {
					"avg": 80,
					"count": 5,
					"min": 61,
					"max": 99
				},
				"2022-12-16": {
					"avg": 82,
					"count": 13,
					"min": 15,
					"max": 229
				},
				"2022-12-17": {
					"avg": 134,
					"count": 2,
					"min": 99,
					"max": 169
				},
				"2022-12-18": {
					"avg": 83,
					"count": 2,
					"min": 50,
					"max": 115
				},
				"2022-12-19": {
					"avg": 99,
					"count": 1,
					"min": 99,
					"max": 99
				},
				"2022-12-22": {
					"avg": 161,
					"count": 2,
					"min": 99,
					"max": 223
				},
				"2022-12-23": {
					"avg": 91,
					"count": 7,
					"min": 20,
					"max": 161
				},
				"2022-12-24": {
					"avg": 64,
					"count": 4,
					"min": 23,
					"max": 99
				},
				"2022-12-26": {
					"avg": 97,
					"count": 2,
					"min": 95,
					"max": 99
				},
				"2022-12-27": {
					"avg": 89,
					"count": 4,
					"min": 20,
					"max": 139
				},
				"2022-12-28": {
					"avg": 117,
					"count": 4,
					"min": 42,
					"max": 177
				},
				"2022-12-29": {
					"avg": 75,
					"count": 2,
					"min": 75,
					"max": 75
				},
				"2022-12-30": {
					"avg": 97,
					"count": 3,
					"min": 49,
					"max": 124
				},
				"2023-01-01": {
					"avg": 123,
					"count": 4,
					"min": 113,
					"max": 127
				},
				"2023-01-02": {
					"avg": 111,
					"count": 5,
					"min": 75,
					"max": 132
				},
				"2023-01-03": {
					"avg": 148,
					"count": 3,
					"min": 20,
					"max": 349
				},
				"2023-01-04": {
					"avg": 174,
					"count": 1,
					"min": 174,
					"max": 174
				},
				"2023-01-05": {
					"avg": 124,
					"count": 6,
					"min": 20,
					"max": 241
				},
				"2023-01-06": {
					"avg": 121,
					"count": 2,
					"min": 107,
					"max": 135
				},
				"2023-01-07": {
					"avg": 94,
					"count": 2,
					"min": 20,
					"max": 168
				},
				"2023-01-08": {
					"avg": 119,
					"count": 1,
					"min": 119,
					"max": 119
				},
				"2023-01-09": {
					"avg": 95,
					"count": 8,
					"min": 20,
					"max": 115
				},
				"2023-01-10": {
					"avg": 113,
					"count": 1,
					"min": 113,
					"max": 113
				},
				"2023-01-11": {
					"avg": 135,
					"count": 2,
					"min": 135,
					"max": 135
				},
				"2023-01-12": {
					"avg": 76,
					"count": 7,
					"min": 43,
					"max": 166
				},
				"2023-02-06": {
					"avg": 37,
					"count": 1,
					"min": 37,
					"max": 37
				},
				"2023-02-07": {
					"avg": 93,
					"count": 6,
					"min": 37,
					"max": 119
				},
				"2023-02-08": {
					"avg": 164,
					"count": 5,
					"min": 20,
					"max": 399
				},
				"2023-02-09": {
					"avg": 46,
					"count": 3,
					"min": 20,
					"max": 99
				},
				"2023-02-10": {
					"avg": 320,
					"count": 3,
					"min": 215,
					"max": 450
				},
				"2023-02-11": {
					"avg": 96,
					"count": 7,
					"min": 19,
					"max": 182
				},
				"2023-02-12": {
					"avg": 66,
					"count": 1,
					"min": 66,
					"max": 66
				},
				"2023-02-13": {
					"avg": 43,
					"count": 1,
					"min": 43,
					"max": 43
				},
				"2023-02-14": {
					"avg": 114,
					"count": 5,
					"min": 45,
					"max": 170
				},
				"2023-02-15": {
					"avg": 33,
					"count": 1,
					"min": 33,
					"max": 33
				},
				"2023-02-16": {
					"avg": 25,
					"count": 1,
					"min": 25,
					"max": 25
				},
				"2023-02-17": {
					"avg": 289,
					"count": 3,
					"min": 70,
					"max": 449
				},
				"2023-02-18": {
					"avg": 100,
					"count": 4,
					"min": 33,
					"max": 173
				},
				"2023-02-20": {
					"avg": 98,
					"count": 10,
					"min": 25,
					"max": 174
				},
				"2023-02-21": {
					"avg": 69,
					"count": 1,
					"min": 69,
					"max": 69
				},
				"2023-02-22": {
					"avg": 43,
					"count": 1,
					"min": 43,
					"max": 43
				},
				"2023-02-23": {
					"avg": 69,
					"count": 1,
					"min": 69,
					"max": 69
				},
				"2023-02-24": {
					"avg": 217,
					"count": 5,
					"min": 32,
					"max": 557
				},
				"2023-02-25": {
					"avg": 152,
					"count": 5,
					"min": 139,
					"max": 206
				},
				"2023-02-26": {
					"avg": 142,
					"count": 2,
					"min": 139,
					"max": 146
				},
				"2023-02-27": {
					"avg": 48,
					"count": 2,
					"min": 47,
					"max": 49
				},
				"2023-02-28": {
					"avg": 115,
					"count": 6,
					"min": 32,
					"max": 151
				},
				"2023-03-01": {
					"avg": 101,
					"count": 2,
					"min": 53,
					"max": 149
				},
				"2023-03-03": {
					"avg": 70,
					"count": 5,
					"min": 20,
					"max": 132
				},
				"2023-03-04": {
					"avg": 52,
					"count": 5,
					"min": 29,
					"max": 145
				},
				"2023-03-05": {
					"avg": 326,
					"count": 3,
					"min": 95,
					"max": 475
				},
				"2023-03-06": {
					"avg": 45,
					"count": 14,
					"min": 44,
					"max": 49
				},
				"2023-03-07": {
					"avg": 44,
					"count": 2,
					"min": 32,
					"max": 56
				},
				"2023-03-08": {
					"avg": 144,
					"count": 1,
					"min": 144,
					"max": 144
				},
				"2023-03-09": {
					"avg": 120,
					"count": 3,
					"min": 40,
					"max": 177
				},
				"2023-03-10": {
					"avg": 95,
					"count": 1,
					"min": 95,
					"max": 95
				},
				"2023-03-11": {
					"avg": 45,
					"count": 1,
					"min": 45,
					"max": 45
				},
				"2023-03-12": {
					"avg": 109,
					"count": 2,
					"min": 75,
					"max": 143
				},
				"2023-03-14": {
					"avg": 131,
					"count": 2,
					"min": 124,
					"max": 137
				},
				"2023-03-15": {
					"avg": 121,
					"count": 4,
					"min": 99,
					"max": 131
				},
				"2023-03-16": {
					"avg": 25,
					"count": 2,
					"min": 20,
					"max": 30
				},
				"2023-03-18": {
					"avg": 120,
					"count": 3,
					"min": 119,
					"max": 121
				},
				"2023-03-20": {
					"avg": 422,
					"count": 11,
					"min": 19,
					"max": 577
				},
				"2023-03-21": {
					"avg": 197,
					"count": 2,
					"min": 144,
					"max": 250
				},
				"2023-03-22": {
					"avg": 115,
					"count": 18,
					"min": 111,
					"max": 174
				},
				"2023-03-23": {
					"avg": 126,
					"count": 3,
					"min": 42,
					"max": 168
				},
				"2023-03-24": {
					"avg": 45,
					"count": 6,
					"min": 24,
					"max": 129
				},
				"2023-03-25": {
					"avg": 117,
					"count": 1,
					"min": 117,
					"max": 117
				},
				"2023-03-26": {
					"avg": 174,
					"count": 3,
					"min": 134,
					"max": 239
				},
				"2023-03-27": {
					"avg": 173,
					"count": 6,
					"min": 24,
					"max": 742
				},
				"2023-03-28": {
					"avg": 87,
					"count": 4,
					"min": 32,
					"max": 159
				},
				"2023-03-29": {
					"avg": 149,
					"count": 3,
					"min": 119,
					"max": 208
				},
				"2023-03-31": {
					"avg": 53,
					"count": 2,
					"min": 30,
					"max": 76
				},
				"2023-04-01": {
					"avg": 122,
					"count": 4,
					"min": 24,
					"max": 208
				},
				"2023-04-02": {
					"avg": 97,
					"count": 3,
					"min": 31,
					"max": 229
				},
				"2023-04-03": {
					"avg": 124,
					"count": 3,
					"min": 114,
					"max": 129
				},
				"2023-04-04": {
					"avg": 336,
					"count": 3,
					"min": 48,
					"max": 842
				},
				"2023-04-05": {
					"avg": 175,
					"count": 1,
					"min": 175,
					"max": 175
				},
				"2023-04-06": {
					"avg": 48,
					"count": 1,
					"min": 48,
					"max": 48
				},
				"2023-04-07": {
					"avg": 252,
					"count": 3,
					"min": 57,
					"max": 475
				},
				"2023-04-08": {
					"avg": 225,
					"count": 1,
					"min": 225,
					"max": 225
				},
				"2023-04-09": {
					"avg": 108,
					"count": 4,
					"min": 46,
					"max": 137
				},
				"2023-04-10": {
					"avg": 119,
					"count": 1,
					"min": 119,
					"max": 119
				},
				"2023-04-11": {
					"avg": 93,
					"count": 3,
					"min": 57,
					"max": 124
				},
				"2023-04-12": {
					"avg": 95,
					"count": 1,
					"min": 95,
					"max": 95
				},
				"2023-04-13": {
					"avg": 52,
					"count": 2,
					"min": 45,
					"max": 58
				},
				"2023-04-14": {
					"avg": 169,
					"count": 1,
					"min": 169,
					"max": 169
				},
				"2023-04-15": {
					"avg": 23,
					"count": 24,
					"min": 10,
					"max": 258
				},
				"2023-04-16": {
					"avg": 200,
					"count": 4,
					"min": 32,
					"max": 593
				},
				"2023-04-17": {
					"avg": 86,
					"count": 3,
					"min": 57,
					"max": 138
				},
				"2023-04-18": {
					"avg": 62,
					"count": 1,
					"min": 62,
					"max": 62
				},
				"2023-04-19": {
					"avg": 225,
					"count": 1,
					"min": 225,
					"max": 225
				},
				"2023-04-20": {
					"avg": 113,
					"count": 1,
					"min": 113,
					"max": 113
				},
				"2023-04-22": {
					"avg": 93,
					"count": 8,
					"min": 30,
					"max": 449
				},
				"2023-04-23": {
					"avg": 74,
					"count": 2,
					"min": 24,
					"max": 124
				},
				"2023-04-25": {
					"avg": 179,
					"count": 1,
					"min": 179,
					"max": 179
				},
				"2023-04-26": {
					"avg": 35,
					"count": 1,
					"min": 35,
					"max": 35
				},
				"2023-04-27": {
					"avg": 25,
					"count": 1,
					"min": 25,
					"max": 25
				},
				"2023-04-28": {
					"avg": 221,
					"count": 3,
					"min": 117,
					"max": 339
				},
				"2023-04-29": {
					"avg": 96,
					"count": 3,
					"min": 41,
					"max": 129
				},
				"2023-04-30": {
					"avg": 35,
					"count": 1,
					"min": 35,
					"max": 35
				},
				"2023-05-01": {
					"avg": 341,
					"count": 2,
					"min": 208,
					"max": 474
				},
				"2023-05-02": {
					"avg": 144,
					"count": 6,
					"min": 119,
					"max": 185
				},
				"2023-05-04": {
					"avg": 137,
					"count": 1,
					"min": 137,
					"max": 137
				},
				"2023-05-05": {
					"avg": 105,
					"count": 1,
					"min": 105,
					"max": 105
				},
				"2023-05-06": {
					"avg": 327,
					"count": 9,
					"min": 37,
					"max": 474
				},
				"2023-05-07": {
					"avg": 147,
					"count": 33,
					"min": 20,
					"max": 375
				},
				"2023-05-08": {
					"avg": 137,
					"count": 2,
					"min": 45,
					"max": 229
				},
				"2023-05-09": {
					"avg": 47,
					"count": 1,
					"min": 47,
					"max": 47
				},
				"2023-05-11": {
					"avg": 168,
					"count": 1,
					"min": 168,
					"max": 168
				},
				"2023-05-12": {
					"avg": 101,
					"count": 2,
					"min": 41,
					"max": 161
				},
				"2023-05-13": {
					"avg": 25,
					"count": 1,
					"min": 25,
					"max": 25
				},
				"2023-05-14": {
					"avg": 103,
					"count": 3,
					"min": 52,
					"max": 204
				},
				"2023-05-15": {
					"avg": 83,
					"count": 5,
					"min": 25,
					"max": 185
				},
				"2023-05-16": {
					"avg": 908,
					"count": 1,
					"min": 908,
					"max": 908
				},
				"2023-05-17": {
					"avg": 133,
					"count": 2,
					"min": 130,
					"max": 135
				},
				"2023-05-18": {
					"avg": 169,
					"count": 1,
					"min": 169,
					"max": 169
				},
				"2023-05-19": {
					"avg": 105,
					"count": 10,
					"min": 35,
					"max": 229
				},
				"2023-05-20": {
					"avg": 185,
					"count": 1,
					"min": 185,
					"max": 185
				},
				"2023-05-23": {
					"avg": 525,
					"count": 1,
					"min": 525,
					"max": 525
				},
				"2023-05-24": {
					"avg": 114,
					"count": 11,
					"min": 32,
					"max": 136
				},
				"2023-05-25": {
					"avg": 81,
					"count": 3,
					"min": 43,
					"max": 149
				},
				"2023-05-27": {
					"avg": 34,
					"count": 11,
					"min": 19,
					"max": 124
				},
				"2023-05-28": {
					"avg": 305,
					"count": 2,
					"min": 186,
					"max": 424
				},
				"2023-05-29": {
					"avg": 94,
					"count": 10,
					"min": 25,
					"max": 225
				},
				"2023-05-30": {
					"avg": 101,
					"count": 3,
					"min": 45,
					"max": 168
				},
				"2023-05-31": {
					"avg": 130,
					"count": 2,
					"min": 34,
					"max": 225
				},
				"2023-06-01": {
					"avg": 161,
					"count": 9,
					"min": 30,
					"max": 1096
				},
				"2023-06-02": {
					"avg": 185,
					"count": 1,
					"min": 185,
					"max": 185
				},
				"2023-06-03": {
					"avg": 124,
					"count": 1,
					"min": 124,
					"max": 124
				},
				"2023-06-04": {
					"avg": 50,
					"count": 1,
					"min": 50,
					"max": 50
				},
				"2023-06-06": {
					"avg": 143,
					"count": 1,
					"min": 143,
					"max": 143
				},
				"2023-06-08": {
					"avg": 134,
					"count": 5,
					"min": 45,
					"max": 197
				},
				"2023-06-10": {
					"avg": 131,
					"count": 5,
					"min": 25,
					"max": 470
				},
				"2023-06-11": {
					"avg": 25,
					"count": 2,
					"min": 25,
					"max": 25
				},
				"2023-06-12": {
					"avg": 114,
					"count": 4,
					"min": 25,
					"max": 200
				},
				"2023-06-15": {
					"avg": 29,
					"count": 14,
					"min": 25,
					"max": 75
				},
				"2023-06-16": {
					"avg": 142,
					"count": 1,
					"min": 142,
					"max": 142
				},
				"2023-06-17": {
					"avg": 33,
					"count": 20,
					"min": 27,
					"max": 154
				},
				"2023-06-18": {
					"avg": 38,
					"count": 99,
					"min": 35,
					"max": 103
				},
				"2023-06-19": {
					"avg": 84,
					"count": 26,
					"min": 43,
					"max": 173
				},
				"2023-06-20": {
					"avg": 28,
					"count": 41,
					"min": 25,
					"max": 158
				},
				"2023-06-22": {
					"avg": 227,
					"count": 9,
					"min": 25,
					"max": 1089
				},
				"2023-06-23": {
					"avg": 48,
					"count": 3,
					"min": 32,
					"max": 74
				},
				"2023-06-24": {
					"avg": 90,
					"count": 4,
					"min": 32,
					"max": 149
				},
				"2023-06-25": {
					"avg": 34,
					"count": 1,
					"min": 34,
					"max": 34
				},
				"2023-06-26": {
					"avg": 95,
					"count": 6,
					"min": 34,
					"max": 124
				},
				"2023-06-27": {
					"avg": 42,
					"count": 1,
					"min": 42,
					"max": 42
				},
				"2023-06-28": {
					"avg": 54,
					"count": 2,
					"min": 34,
					"max": 73
				},
				"2023-06-29": {
					"avg": 75,
					"count": 5,
					"min": 20,
					"max": 173
				},
				"2023-06-30": {
					"avg": 72,
					"count": 8,
					"min": 25,
					"max": 139
				},
				"2023-07-01": {
					"avg": 66,
					"count": 3,
					"min": 35,
					"max": 119
				},
				"2023-07-02": {
					"avg": 127,
					"count": 4,
					"min": 73,
					"max": 172
				},
				"2023-07-03": {
					"avg": 120,
					"count": 8,
					"min": 41,
					"max": 441
				},
				"2023-07-04": {
					"avg": 151,
					"count": 5,
					"min": 125,
					"max": 187
				},
				"2023-07-05": {
					"avg": 176,
					"count": 7,
					"min": 121,
					"max": 337
				},
				"2023-07-06": {
					"avg": 66,
					"count": 2,
					"min": 34,
					"max": 98
				},
				"2023-07-07": {
					"avg": 118,
					"count": 9,
					"min": 30,
					"max": 146
				},
				"2023-07-08": {
					"avg": 80,
					"count": 5,
					"min": 30,
					"max": 154
				},
				"2023-07-09": {
					"avg": 229,
					"count": 1,
					"min": 229,
					"max": 229
				},
				"2023-07-10": {
					"avg": 69,
					"count": 3,
					"min": 34,
					"max": 139
				},
				"2023-07-12": {
					"avg": 97,
					"count": 4,
					"min": 34,
					"max": 172
				},
				"2023-07-13": {
					"avg": 35,
					"count": 1,
					"min": 35,
					"max": 35
				},
				"2023-07-14": {
					"avg": 199,
					"count": 7,
					"min": 73,
					"max": 514
				},
				"2023-07-15": {
					"avg": 130,
					"count": 2,
					"min": 73,
					"max": 186
				},
				"2023-07-16": {
					"avg": 183,
					"count": 3,
					"min": 36,
					"max": 474
				},
				"2023-07-17": {
					"avg": 71,
					"count": 13,
					"min": 15,
					"max": 416
				},
				"2023-07-18": {
					"avg": 37,
					"count": 6,
					"min": 30,
					"max": 38
				},
				"2023-07-19": {
					"avg": 49,
					"count": 43,
					"min": 36,
					"max": 149
				},
				"2023-07-20": {
					"avg": 106,
					"count": 2,
					"min": 37,
					"max": 174
				},
				"2023-07-21": {
					"avg": 129,
					"count": 3,
					"min": 38,
					"max": 250
				},
				"2023-07-22": {
					"avg": 78,
					"count": 2,
					"min": 45,
					"max": 111
				},
				"2023-07-23": {
					"avg": 86,
					"count": 3,
					"min": 23,
					"max": 167
				},
				"2023-07-25": {
					"avg": 61,
					"count": 14,
					"min": 19,
					"max": 219
				},
				"2023-07-26": {
					"avg": 152,
					"count": 6,
					"min": 23,
					"max": 549
				},
				"2023-07-27": {
					"avg": 130,
					"count": 1,
					"min": 130,
					"max": 130
				},
				"2023-07-28": {
					"avg": 272,
					"count": 2,
					"min": 119,
					"max": 424
				},
				"2023-07-29": {
					"avg": 55,
					"count": 2,
					"min": 36,
					"max": 75
				},
				"2023-07-30": {
					"avg": 396,
					"count": 3,
					"min": 44,
					"max": 1025
				},
				"2023-07-31": {
					"avg": 108,
					"count": 6,
					"min": 22,
					"max": 229
				},
				"2023-08-01": {
					"avg": 202,
					"count": 6,
					"min": 73,
					"max": 424
				},
				"2023-08-02": {
					"avg": 64,
					"count": 3,
					"min": 29,
					"max": 124
				},
				"2023-08-03": {
					"avg": 474,
					"count": 1,
					"min": 474,
					"max": 474
				},
				"2023-08-04": {
					"avg": 124,
					"count": 16,
					"min": 75,
					"max": 174
				},
				"2023-08-05": {
					"avg": 62,
					"count": 2,
					"min": 49,
					"max": 75
				},
				"2023-08-06": {
					"avg": 44,
					"count": 1,
					"min": 44,
					"max": 44
				},
				"2023-08-07": {
					"avg": 159,
					"count": 2,
					"min": 139,
					"max": 179
				},
				"2023-08-08": {
					"avg": 71,
					"count": 6,
					"min": 41,
					"max": 131
				},
				"2023-08-09": {
					"avg": 263,
					"count": 3,
					"min": 118,
					"max": 524
				},
				"2023-08-10": {
					"avg": 165,
					"count": 6,
					"min": 25,
					"max": 474
				},
				"2023-08-11": {
					"avg": 149,
					"count": 3,
					"min": 78,
					"max": 250
				},
				"2023-08-12": {
					"avg": 32,
					"count": 1,
					"min": 32,
					"max": 32
				},
				"2023-08-13": {
					"avg": 41,
					"count": 1,
					"min": 41,
					"max": 41
				},
				"2023-08-14": {
					"avg": 83,
					"count": 10,
					"min": 20,
					"max": 198
				},
				"2023-08-15": {
					"avg": 126,
					"count": 3,
					"min": 78,
					"max": 180
				},
				"2023-08-16": {
					"avg": 95,
					"count": 7,
					"min": 48,
					"max": 136
				},
				"2023-08-18": {
					"avg": 177,
					"count": 4,
					"min": 25,
					"max": 409
				},
				"2023-08-19": {
					"avg": 38,
					"count": 2,
					"min": 38,
					"max": 38
				},
				"2023-08-20": {
					"avg": 62,
					"count": 3,
					"min": 25,
					"max": 124
				},
				"2023-08-21": {
					"avg": 153,
					"count": 2,
					"min": 130,
					"max": 175
				},
				"2023-08-22": {
					"avg": 169,
					"count": 1,
					"min": 169,
					"max": 169
				},
				"2023-08-23": {
					"avg": 168,
					"count": 2,
					"min": 168,
					"max": 168
				},
				"2023-08-24": {
					"avg": 119,
					"count": 1,
					"min": 119,
					"max": 119
				},
				"2023-08-25": {
					"avg": 113,
					"count": 12,
					"min": 33,
					"max": 238
				},
				"2023-08-26": {
					"avg": 63,
					"count": 3,
					"min": 47,
					"max": 78
				},
				"2023-08-27": {
					"avg": 86,
					"count": 4,
					"min": 25,
					"max": 225
				},
				"2023-08-28": {
					"avg": 124,
					"count": 5,
					"min": 25,
					"max": 449
				},
				"2023-08-30": {
					"avg": 77,
					"count": 1,
					"min": 77,
					"max": 77
				},
				"2023-08-31": {
					"avg": 39,
					"count": 1,
					"min": 39,
					"max": 39
				},
				"2023-09-01": {
					"avg": 540,
					"count": 2,
					"min": 80,
					"max": 999
				},
				"2023-09-02": {
					"avg": 106,
					"count": 8,
					"min": 56,
					"max": 151
				},
				"2023-09-03": {
					"avg": 168,
					"count": 1,
					"min": 168,
					"max": 168
				},
				"2023-09-04": {
					"avg": 55,
					"count": 4,
					"min": 25,
					"max": 121
				},
				"2023-09-05": {
					"avg": 87,
					"count": 4,
					"min": 36,
					"max": 138
				},
				"2023-09-06": {
					"avg": 96,
					"count": 4,
					"min": 33,
					"max": 154
				},
				"2023-09-07": {
					"avg": 46,
					"count": 4,
					"min": 25,
					"max": 99
				},
				"2023-09-08": {
					"avg": 144,
					"count": 1,
					"min": 144,
					"max": 144
				},
				"2023-09-09": {
					"avg": 53,
					"count": 3,
					"min": 36,
					"max": 61
				},
				"2023-09-10": {
					"avg": 186,
					"count": 2,
					"min": 124,
					"max": 247
				},
				"2023-09-11": {
					"avg": 329,
					"count": 7,
					"min": 25,
					"max": 1760
				},
				"2023-09-12": {
					"avg": 150,
					"count": 2,
					"min": 60,
					"max": 239
				},
				"2023-09-13": {
					"avg": 25,
					"count": 1,
					"min": 25,
					"max": 25
				},
				"2023-09-14": {
					"avg": 129,
					"count": 3,
					"min": 129,
					"max": 130
				},
				"2023-09-15": {
					"avg": 244,
					"count": 3,
					"min": 129,
					"max": 449
				},
				"2023-09-16": {
					"avg": 484,
					"count": 38,
					"min": 29,
					"max": 509
				},
				"2023-09-17": {
					"avg": 42,
					"count": 2,
					"min": 30,
					"max": 53
				},
				"2023-09-18": {
					"avg": 36,
					"count": 1,
					"min": 36,
					"max": 36
				},
				"2023-09-19": {
					"avg": 104,
					"count": 8,
					"min": 30,
					"max": 409
				},
				"2023-09-20": {
					"avg": 81,
					"count": 2,
					"min": 32,
					"max": 129
				},
				"2023-09-21": {
					"avg": 186,
					"count": 4,
					"min": 33,
					"max": 524
				},
				"2023-09-22": {
					"avg": 94,
					"count": 3,
					"min": 42,
					"max": 165
				},
				"2023-09-23": {
					"avg": 25,
					"count": 1,
					"min": 25,
					"max": 25
				},
				"2023-09-24": {
					"avg": 187,
					"count": 3,
					"min": 33,
					"max": 409
				},
				"2023-09-25": {
					"avg": 80,
					"count": 3,
					"min": 32,
					"max": 174
				},
				"2023-09-26": {
					"avg": 153,
					"count": 6,
					"min": 32,
					"max": 528
				},
				"2023-09-27": {
					"avg": 68,
					"count": 4,
					"min": 20,
					"max": 149
				},
				"2023-09-28": {
					"avg": 160,
					"count": 4,
					"min": 75,
					"max": 278
				},
				"2023-09-29": {
					"avg": 20,
					"count": 1,
					"min": 20,
					"max": 20
				},
				"2023-09-30": {
					"avg": 190,
					"count": 8,
					"min": 32,
					"max": 449
				},
				"2023-10-01": {
					"avg": 84,
					"count": 3,
					"min": 38,
					"max": 165
				},
				"2023-10-02": {
					"avg": 38,
					"count": 1,
					"min": 38,
					"max": 38
				},
				"2023-10-03": {
					"avg": 449,
					"count": 1,
					"min": 449,
					"max": 449
				},
				"2023-10-04": {
					"avg": 153,
					"count": 5,
					"min": 15,
					"max": 374
				},
				"2023-10-05": {
					"avg": 236,
					"count": 2,
					"min": 178,
					"max": 294
				},
				"2023-10-06": {
					"avg": 118,
					"count": 5,
					"min": 25,
					"max": 244
				},
				"2023-10-07": {
					"avg": 76,
					"count": 1,
					"min": 76,
					"max": 76
				},
				"2023-10-08": {
					"avg": 109,
					"count": 3,
					"min": 49,
					"max": 140
				},
				"2023-10-09": {
					"avg": 104,
					"count": 11,
					"min": 25,
					"max": 409
				},
				"2023-10-10": {
					"avg": 214,
					"count": 3,
					"min": 27,
					"max": 449
				},
				"2023-10-11": {
					"avg": 54,
					"count": 2,
					"min": 49,
					"max": 60
				},
				"2023-10-12": {
					"avg": 36,
					"count": 3,
					"min": 30,
					"max": 40
				},
				"2023-10-13": {
					"avg": 192,
					"count": 36,
					"min": 27,
					"max": 256
				},
				"2023-10-14": {
					"avg": 225,
					"count": 2,
					"min": 174,
					"max": 276
				},
				"2023-10-15": {
					"avg": 196,
					"count": 3,
					"min": 60,
					"max": 409
				},
				"2023-10-16": {
					"avg": 27,
					"count": 1,
					"min": 27,
					"max": 27
				},
				"2023-10-17": {
					"avg": 40,
					"count": 2,
					"min": 31,
					"max": 49
				},
				"2023-10-18": {
					"avg": 149,
					"count": 2,
					"min": 149,
					"max": 149
				},
				"2023-10-19": {
					"avg": 97,
					"count": 6,
					"min": 49,
					"max": 119
				},
				"2023-10-20": {
					"avg": 30,
					"count": 1,
					"min": 30,
					"max": 30
				},
				"2023-10-21": {
					"avg": 30,
					"count": 2,
					"min": 30,
					"max": 30
				},
				"2023-10-22": {
					"avg": 120,
					"count": 2,
					"min": 99,
					"max": 141
				},
				"2023-10-23": {
					"avg": 82,
					"count": 2,
					"min": 65,
					"max": 99
				},
				"2023-10-24": {
					"avg": 160,
					"count": 2,
					"min": 158,
					"max": 161
				},
				"2023-10-25": {
					"avg": 34,
					"count": 2,
					"min": 30,
					"max": 38
				},
				"2023-10-26": {
					"avg": 50,
					"count": 6,
					"min": 27,
					"max": 148
				},
				"2023-10-27": {
					"avg": 156,
					"count": 3,
					"min": 49,
					"max": 320
				},
				"2023-10-28": {
					"avg": 175,
					"count": 2,
					"min": 165,
					"max": 185
				},
				"2023-10-29": {
					"avg": 197,
					"count": 5,
					"min": 30,
					"max": 683
				},
				"2023-10-30": {
					"avg": 141,
					"count": 1,
					"min": 141,
					"max": 141
				},
				"2023-10-31": {
					"avg": 32,
					"count": 2,
					"min": 22,
					"max": 41
				},
				"2023-11-01": {
					"avg": 188,
					"count": 4,
					"min": 32,
					"max": 449
				},
				"2023-11-02": {
					"avg": 75,
					"count": 1,
					"min": 75,
					"max": 75
				},
				"2023-11-03": {
					"avg": 98,
					"count": 3,
					"min": 32,
					"max": 141
				},
				"2023-11-04": {
					"avg": 122,
					"count": 4,
					"min": 99,
					"max": 134
				},
				"2023-11-05": {
					"avg": 101,
					"count": 3,
					"min": 42,
					"max": 130
				},
				"2023-11-06": {
					"avg": 87,
					"count": 2,
					"min": 32,
					"max": 141
				},
				"2023-11-08": {
					"avg": 178,
					"count": 1,
					"min": 178,
					"max": 178
				},
				"2023-11-09": {
					"avg": 94,
					"count": 3,
					"min": 41,
					"max": 141
				},
				"2023-11-11": {
					"avg": 206,
					"count": 3,
					"min": 22,
					"max": 553
				},
				"2023-11-12": {
					"avg": 51,
					"count": 3,
					"min": 29,
					"max": 75
				},
				"2023-11-14": {
					"avg": 71,
					"count": 3,
					"min": 42,
					"max": 99
				},
				"2023-11-15": {
					"avg": 142,
					"count": 1,
					"min": 142,
					"max": 142
				},
				"2023-11-16": {
					"avg": 29,
					"count": 1,
					"min": 29,
					"max": 29
				},
				"2023-11-17": {
					"avg": 112,
					"count": 8,
					"min": 27,
					"max": 158
				},
				"2023-11-20": {
					"avg": 56,
					"count": 5,
					"min": 29,
					"max": 119
				},
				"2023-11-21": {
					"avg": 140,
					"count": 4,
					"min": 99,
					"max": 163
				},
				"2023-11-22": {
					"avg": 178,
					"count": 1,
					"min": 178,
					"max": 178
				},
				"2023-11-23": {
					"avg": 59,
					"count": 4,
					"min": 22,
					"max": 148
				},
				"2023-11-24": {
					"avg": 130,
					"count": 33,
					"min": 20,
					"max": 324
				},
				"2023-11-26": {
					"avg": 62,
					"count": 4,
					"min": 40,
					"max": 124
				},
				"2023-11-27": {
					"avg": 100,
					"count": 4,
					"min": 49,
					"max": 159
				},
				"2024-05-15": {
					"avg": 31,
					"count": 1,
					"min": 31,
					"max": 31
				},
				"2024-05-17": {
					"avg": 130,
					"count": 38,
					"min": 19,
					"max": 521
				},
				"2024-05-18": {
					"avg": 147,
					"count": 22,
					"min": 29,
					"max": 527
				},
				"2024-05-19": {
					"avg": 105,
					"count": 2,
					"min": 50,
					"max": 159
				},
				"2024-05-20": {
					"avg": 125,
					"count": 3,
					"min": 50,
					"max": 175
				},
				"2024-05-21": {
					"avg": 50,
					"count": 2,
					"min": 50,
					"max": 50
				},
				"2024-05-22": {
					"avg": 81,
					"count": 7,
					"min": 27,
					"max": 152
				},
				"2024-05-23": {
					"avg": 212,
					"count": 3,
					"min": 27,
					"max": 305
				},
				"2024-05-24": {
					"avg": 50,
					"count": 1,
					"min": 50,
					"max": 50
				},
				"2024-05-25": {
					"avg": 40,
					"count": 2,
					"min": 39,
					"max": 40
				},
				"2024-05-27": {
					"avg": 170,
					"count": 2,
					"min": 161,
					"max": 178
				},
				"2024-05-28": {
					"avg": 50,
					"count": 2,
					"min": 49,
					"max": 50
				},
				"2024-05-30": {
					"avg": 142,
					"count": 1,
					"min": 142,
					"max": 142
				},
				"2024-05-31": {
					"avg": 23,
					"count": 1,
					"min": 23,
					"max": 23
				},
				"2024-06-01": {
					"avg": 74,
					"count": 3,
					"min": 20,
					"max": 181
				},
				"2024-06-04": {
					"avg": 100,
					"count": 1,
					"min": 100,
					"max": 100
				},
				"2024-06-07": {
					"avg": 40,
					"count": 1,
					"min": 40,
					"max": 40
				},
				"2024-06-08": {
					"avg": 54,
					"count": 1,
					"min": 54,
					"max": 54
				},
				"2024-06-09": {
					"avg": 162,
					"count": 1,
					"min": 162,
					"max": 162
				},
				"2024-06-11": {
					"avg": 80,
					"count": 2,
					"min": 25,
					"max": 135
				},
				"2024-06-12": {
					"avg": 40,
					"count": 1,
					"min": 40,
					"max": 40
				},
				"2024-06-14": {
					"avg": 131,
					"count": 1,
					"min": 131,
					"max": 131
				},
				"2024-06-15": {
					"avg": 152,
					"count": 1,
					"min": 152,
					"max": 152
				},
				"2024-06-16": {
					"avg": 162,
					"count": 1,
					"min": 162,
					"max": 162
				},
				"2024-06-17": {
					"avg": 148,
					"count": 1,
					"min": 148,
					"max": 148
				},
				"2024-06-18": {
					"avg": 35,
					"count": 2,
					"min": 35,
					"max": 35
				},
				"2024-06-19": {
					"avg": 117,
					"count": 6,
					"min": 39,
					"max": 152
				},
				"2024-06-20": {
					"avg": 38,
					"count": 1,
					"min": 38,
					"max": 38
				},
				"2024-06-22": {
					"avg": 233,
					"count": 2,
					"min": 20,
					"max": 445
				},
				"2024-06-24": {
					"avg": 40,
					"count": 4,
					"min": 40,
					"max": 40
				},
				"2024-06-25": {
					"avg": 142,
					"count": 1,
					"min": 142,
					"max": 142
				},
				"2024-06-27": {
					"avg": 72,
					"count": 3,
					"min": 23,
					"max": 140
				},
				"2024-06-30": {
					"avg": 387,
					"count": 4,
					"min": 40,
					"max": 1261
				},
				"2024-07-05": {
					"avg": 224,
					"count": 1,
					"min": 224,
					"max": 224
				},
				"2024-07-07": {
					"avg": 105,
					"count": 3,
					"min": 53,
					"max": 163
				},
				"2024-07-09": {
					"avg": 175,
					"count": 1,
					"min": 175,
					"max": 175
				},
				"2024-07-11": {
					"avg": 163,
					"count": 2,
					"min": 163,
					"max": 163
				},
				"2024-07-12": {
					"avg": 49,
					"count": 2,
					"min": 49,
					"max": 49
				},
				"2024-07-14": {
					"avg": 140,
					"count": 1,
					"min": 140,
					"max": 140
				},
				"2024-07-20": {
					"avg": 41,
					"count": 2,
					"min": 33,
					"max": 49
				},
				"2024-07-22": {
					"avg": 33,
					"count": 4,
					"min": 33,
					"max": 33
				},
				"2024-07-23": {
					"avg": 94,
					"count": 3,
					"min": 49,
					"max": 175
				},
				"2024-07-24": {
					"avg": 288,
					"count": 1,
					"min": 288,
					"max": 288
				},
				"2024-07-25": {
					"avg": 168,
					"count": 1,
					"min": 168,
					"max": 168
				},
				"2024-07-26": {
					"avg": 151,
					"count": 1,
					"min": 151,
					"max": 151
				},
				"2024-07-27": {
					"avg": 131,
					"count": 3,
					"min": 53,
					"max": 170
				},
				"2024-07-28": {
					"avg": 48,
					"count": 1,
					"min": 48,
					"max": 48
				},
				"2024-07-29": {
					"avg": 46,
					"count": 1,
					"min": 46,
					"max": 46
				},
				"2024-07-30": {
					"avg": 114,
					"count": 3,
					"min": 20,
					"max": 175
				},
				"2024-08-01": {
					"avg": 1058,
					"count": 1,
					"min": 1058,
					"max": 1058
				},
				"2024-08-04": {
					"avg": 85,
					"count": 5,
					"min": 44,
					"max": 144
				},
				"2024-08-05": {
					"avg": 41,
					"count": 1,
					"min": 41,
					"max": 41
				},
				"2024-08-07": {
					"avg": 146,
					"count": 1,
					"min": 146,
					"max": 146
				},
				"2024-08-09": {
					"avg": 172,
					"count": 1,
					"min": 172,
					"max": 172
				},
				"2024-08-10": {
					"avg": 107,
					"count": 2,
					"min": 53,
					"max": 160
				},
				"2024-08-16": {
					"avg": 82,
					"count": 3,
					"min": 38,
					"max": 155
				},
				"2024-08-17": {
					"avg": 79,
					"count": 4,
					"min": 33,
					"max": 181
				},
				"2024-08-20": {
					"avg": 26,
					"count": 1,
					"min": 26,
					"max": 26
				},
				"2024-08-21": {
					"avg": 148,
					"count": 1,
					"min": 148,
					"max": 148
				},
				"2024-08-22": {
					"avg": 154,
					"count": 1,
					"min": 154,
					"max": 154
				},
				"2024-08-24": {
					"avg": 153,
					"count": 2,
					"min": 153,
					"max": 153
				},
				"2024-08-25": {
					"avg": 29,
					"count": 1,
					"min": 29,
					"max": 29
				},
				"2024-08-27": {
					"avg": 161,
					"count": 1,
					"min": 161,
					"max": 161
				},
				"2024-08-30": {
					"avg": 37,
					"count": 1,
					"min": 37,
					"max": 37
				},
				"2024-08-31": {
					"avg": 44,
					"count": 1,
					"min": 44,
					"max": 44
				},
				"2024-09-01": {
					"avg": 38,
					"count": 4,
					"min": 27,
					"max": 53
				},
				"2024-09-03": {
					"avg": 553,
					"count": 1,
					"min": 553,
					"max": 553
				},
				"2024-09-04": {
					"avg": 50,
					"count": 8,
					"min": 33,
					"max": 161
				},
				"2024-09-05": {
					"avg": 94,
					"count": 3,
					"min": 37,
					"max": 123
				},
				"2024-09-06": {
					"avg": 31,
					"count": 2,
					"min": 24,
					"max": 37
				},
				"2024-09-07": {
					"avg": 151,
					"count": 2,
					"min": 151,
					"max": 151
				},
				"2024-09-08": {
					"avg": 93,
					"count": 2,
					"min": 34,
					"max": 151
				},
				"2024-09-09": {
					"avg": 158,
					"count": 1,
					"min": 158,
					"max": 158
				},
				"2024-09-13": {
					"avg": 40,
					"count": 3,
					"min": 37,
					"max": 46
				},
				"2024-09-14": {
					"avg": 50,
					"count": 20,
					"min": 50,
					"max": 50
				},
				"2024-09-15": {
					"avg": 292,
					"count": 3,
					"min": 151,
					"max": 553
				},
				"2024-09-18": {
					"avg": 36,
					"count": 8,
					"min": 34,
					"max": 41
				},
				"2024-09-20": {
					"avg": 42,
					"count": 4,
					"min": 25,
					"max": 59
				},
				"2024-09-21": {
					"avg": 158,
					"count": 1,
					"min": 158,
					"max": 158
				},
				"2024-09-22": {
					"avg": 45,
					"count": 2,
					"min": 37,
					"max": 53
				},
				"2024-09-23": {
					"avg": 60,
					"count": 39,
					"min": 50,
					"max": 174
				}
			},
			"avg": 122,
			"avg7": 126,
			"avg28": 126
		},
		"normal-played": {
			"history": {
				"2024-05-24": {
					"avg": 103,
					"count": 12,
					"min": 103,
					"max": 103
				},
				"2024-05-25": {
					"avg": 31,
					"count": 1,
					"min": 31,
					"max": 31
				},
				"2024-05-27": {
					"avg": 116,
					"count": 2,
					"min": 50,
					"max": 181
				},
				"2024-05-29": {
					"avg": 405,
					"count": 1,
					"min": 405,
					"max": 405
				},
				"2024-05-30": {
					"avg": 25,
					"count": 1,
					"min": 25,
					"max": 25
				},
				"2024-05-31": {
					"avg": 86,
					"count": 2,
					"min": 33,
					"max": 139
				},
				"2024-06-02": {
					"avg": 30,
					"count": 1,
					"min": 30,
					"max": 30
				},
				"2024-06-06": {
					"avg": 142,
					"count": 2,
					"min": 124,
					"max": 160
				},
				"2024-06-07": {
					"avg": 99,
					"count": 9,
					"min": 20,
					"max": 147
				},
				"2024-06-11": {
					"avg": 33,
					"count": 1,
					"min": 33,
					"max": 33
				},
				"2024-06-18": {
					"avg": 85,
					"count": 2,
					"min": 18,
					"max": 152
				},
				"2024-06-22": {
					"avg": 323,
					"count": 4,
					"min": 151,
					"max": 380
				},
				"2024-06-25": {
					"avg": 117,
					"count": 1,
					"min": 117,
					"max": 117
				},
				"2024-06-26": {
					"avg": 32,
					"count": 1,
					"min": 32,
					"max": 32
				},
				"2024-06-28": {
					"avg": 136,
					"count": 2,
					"min": 131,
					"max": 140
				},
				"2024-06-30": {
					"avg": 18,
					"count": 3,
					"min": 18,
					"max": 18
				},
				"2024-07-02": {
					"avg": 33,
					"count": 1,
					"min": 33,
					"max": 33
				},
				"2024-07-03": {
					"avg": 129,
					"count": 1,
					"min": 129,
					"max": 129
				},
				"2024-07-07": {
					"avg": 34,
					"count": 2,
					"min": 32,
					"max": 36
				},
				"2024-07-09": {
					"avg": 25,
					"count": 1,
					"min": 25,
					"max": 25
				},
				"2024-07-10": {
					"avg": 26,
					"count": 2,
					"min": 20,
					"max": 32
				},
				"2024-07-11": {
					"avg": 20,
					"count": 1,
					"min": 20,
					"max": 20
				},
				"2024-07-12": {
					"avg": 24,
					"count": 8,
					"min": 21,
					"max": 27
				},
				"2024-07-13": {
					"avg": 86,
					"count": 2,
					"min": 25,
					"max": 147
				},
				"2024-07-14": {
					"avg": 24,
					"count": 1,
					"min": 24,
					"max": 24
				},
				"2024-07-15": {
					"avg": 39,
					"count": 1,
					"min": 39,
					"max": 39
				},
				"2024-07-16": {
					"avg": 32,
					"count": 2,
					"min": 24,
					"max": 39
				},
				"2024-07-17": {
					"avg": 152,
					"count": 1,
					"min": 152,
					"max": 152
				},
				"2024-07-19": {
					"avg": 25,
					"count": 5,
					"min": 24,
					"max": 25
				},
				"2024-07-22": {
					"avg": 131,
					"count": 1,
					"min": 131,
					"max": 131
				},
				"2024-07-23": {
					"avg": 122,
					"count": 10,
					"min": 114,
					"max": 141
				},
				"2024-07-24": {
					"avg": 32,
					"count": 1,
					"min": 32,
					"max": 32
				},
				"2024-07-25": {
					"avg": 25,
					"count": 2,
					"min": 25,
					"max": 25
				},
				"2024-07-30": {
					"avg": 30,
					"count": 1,
					"min": 30,
					"max": 30
				},
				"2024-07-31": {
					"avg": 32,
					"count": 1,
					"min": 32,
					"max": 32
				},
				"2024-08-01": {
					"avg": 32,
					"count": 1,
					"min": 32,
					"max": 32
				},
				"2024-08-02": {
					"avg": 189,
					"count": 2,
					"min": 189,
					"max": 189
				},
				"2024-08-04": {
					"avg": 75,
					"count": 2,
					"min": 31,
					"max": 119
				},
				"2024-08-05": {
					"avg": 126,
					"count": 2,
					"min": 126,
					"max": 126
				},
				"2024-08-11": {
					"avg": 487,
					"count": 1,
					"min": 487,
					"max": 487
				},
				"2024-08-14": {
					"avg": 147,
					"count": 2,
					"min": 141,
					"max": 152
				},
				"2024-08-16": {
					"avg": 145,
					"count": 1,
					"min": 145,
					"max": 145
				},
				"2024-08-18": {
					"avg": 455,
					"count": 3,
					"min": 25,
					"max": 670
				},
				"2024-08-20": {
					"avg": 25,
					"count": 1,
					"min": 25,
					"max": 25
				},
				"2024-08-21": {
					"avg": 22,
					"count": 1,
					"min": 22,
					"max": 22
				},
				"2024-08-23": {
					"avg": 16,
					"count": 1,
					"min": 16,
					"max": 16
				},
				"2024-08-24": {
					"avg": 145,
					"count": 2,
					"min": 145,
					"max": 145
				},
				"2024-08-25": {
					"avg": 25,
					"count": 1,
					"min": 25,
					"max": 25
				},
				"2024-08-27": {
					"avg": 25,
					"count": 1,
					"min": 25,
					"max": 25
				},
				"2024-08-28": {
					"avg": 115,
					"count": 1,
					"min": 115,
					"max": 115
				},
				"2024-08-29": {
					"avg": 104,
					"count": 3,
					"min": 25,
					"max": 143
				},
				"2024-08-31": {
					"avg": 79,
					"count": 4,
					"min": 25,
					"max": 148
				},
				"2024-09-03": {
					"avg": 145,
					"count": 1,
					"min": 145,
					"max": 145
				},
				"2024-09-04": {
					"avg": 147,
					"count": 2,
					"min": 146,
					"max": 147
				},
				"2024-09-06": {
					"avg": 109,
					"count": 5,
					"min": 30,
					"max": 145
				},
				"2024-09-07": {
					"avg": 138,
					"count": 7,
					"min": 26,
					"max": 189
				},
				"2024-09-08": {
					"avg": 189,
					"count": 1,
					"min": 189,
					"max": 189
				},
				"2024-09-09": {
					"avg": 49,
					"count": 1,
					"min": 49,
					"max": 49
				},
				"2024-09-12": {
					"avg": 17,
					"count": 1,
					"min": 17,
					"max": 17
				},
				"2024-09-15": {
					"avg": 29,
					"count": 2,
					"min": 28,
					"max": 30
				},
				"2024-09-16": {
					"avg": 30,
					"count": 14,
					"min": 30,
					"max": 30
				},
				"2024-09-18": {
					"avg": 189,
					"count": 1,
					"min": 189,
					"max": 189
				},
				"2024-09-20": {
					"avg": 152,
					"count": 1,
					"min": 152,
					"max": 152
				},
				"2024-09-21": {
					"avg": 155,
					"count": 1,
					"min": 155,
					"max": 155
				},
				"2024-09-22": {
					"avg": 26,
					"count": 1,
					"min": 26,
					"max": 26
				},
				"2024-09-23": {
					"avg": 26,
					"count": 1,
					"min": 26,
					"max": 26
				}
			},
			"avg": 98,
			"avg7": -1,
			"avg28": -1
		},
		"normal-nearmint": {
			"history": {
				"2024-05-24": {
					"avg": 50,
					"count": 1,
					"min": 50,
					"max": 50
				},
				"2024-05-26": {
					"avg": 222,
					"count": 1,
					"min": 222,
					"max": 222
				},
				"2024-05-27": {
					"avg": 473,
					"count": 1,
					"min": 473,
					"max": 473
				},
				"2024-05-29": {
					"avg": 24,
					"count": 1,
					"min": 24,
					"max": 24
				},
				"2024-05-31": {
					"avg": 267,
					"count": 3,
					"min": 60,
					"max": 473
				},
				"2024-06-02": {
					"avg": 46,
					"count": 2,
					"min": 23,
					"max": 68
				},
				"2024-06-03": {
					"avg": 166,
					"count": 3,
					"min": 145,
					"max": 209
				},
				"2024-06-04": {
					"avg": 65,
					"count": 1,
					"min": 65,
					"max": 65
				},
				"2024-06-05": {
					"avg": 53,
					"count": 4,
					"min": 50,
					"max": 55
				},
				"2024-06-06": {
					"avg": 50,
					"count": 2,
					"min": 50,
					"max": 50
				},
				"2024-06-07": {
					"avg": 242,
					"count": 3,
					"min": 23,
					"max": 559
				},
				"2024-06-09": {
					"avg": 337,
					"count": 2,
					"min": 50,
					"max": 623
				},
				"2024-06-11": {
					"avg": 172,
					"count": 2,
					"min": 172,
					"max": 172
				},
				"2024-06-13": {
					"avg": 102,
					"count": 2,
					"min": 56,
					"max": 147
				},
				"2024-06-15": {
					"avg": 152,
					"count": 1,
					"min": 152,
					"max": 152
				},
				"2024-06-16": {
					"avg": 107,
					"count": 13,
					"min": 30,
					"max": 129
				},
				"2024-06-17": {
					"avg": 99,
					"count": 3,
					"min": 30,
					"max": 136
				},
				"2024-06-18": {
					"avg": 53,
					"count": 6,
					"min": 30,
					"max": 147
				},
				"2024-06-19": {
					"avg": 152,
					"count": 1,
					"min": 152,
					"max": 152
				},
				"2024-06-20": {
					"avg": 170,
					"count": 3,
					"min": 168,
					"max": 171
				},
				"2024-06-23": {
					"avg": 180,
					"count": 2,
					"min": 162,
					"max": 197
				},
				"2024-06-24": {
					"avg": 595,
					"count": 2,
					"min": 196,
					"max": 994
				},
				"2024-06-27": {
					"avg": 195,
					"count": 1,
					"min": 195,
					"max": 195
				},
				"2024-06-28": {
					"avg": 55,
					"count": 1,
					"min": 55,
					"max": 55
				},
				"2024-06-30": {
					"avg": 171,
					"count": 2,
					"min": 145,
					"max": 197
				},
				"2024-07-01": {
					"avg": 58,
					"count": 3,
					"min": 58,
					"max": 58
				},
				"2024-07-02": {
					"avg": 59,
					"count": 1,
					"min": 59,
					"max": 59
				},
				"2024-07-03": {
					"avg": 124,
					"count": 3,
					"min": 55,
					"max": 192
				},
				"2024-07-05": {
					"avg": 174,
					"count": 2,
					"min": 171,
					"max": 177
				},
				"2024-07-06": {
					"avg": 175,
					"count": 1,
					"min": 175,
					"max": 175
				},
				"2024-07-08": {
					"avg": 124,
					"count": 1,
					"min": 124,
					"max": 124
				},
				"2024-07-10": {
					"avg": 25,
					"count": 2,
					"min": 25,
					"max": 25
				},
				"2024-07-11": {
					"avg": 516,
					"count": 3,
					"min": 82,
					"max": 1194
				},
				"2024-07-12": {
					"avg": 82,
					"count": 1,
					"min": 82,
					"max": 82
				},
				"2024-07-14": {
					"avg": 146,
					"count": 2,
					"min": 98,
					"max": 194
				},
				"2024-07-15": {
					"avg": 1194,
					"count": 1,
					"min": 1194,
					"max": 1194
				},
				"2024-07-16": {
					"avg": 82,
					"count": 1,
					"min": 82,
					"max": 82
				},
				"2024-07-18": {
					"avg": 120,
					"count": 1,
					"min": 120,
					"max": 120
				},
				"2024-07-19": {
					"avg": 152,
					"count": 1,
					"min": 152,
					"max": 152
				},
				"2024-07-20": {
					"avg": 156,
					"count": 3,
					"min": 75,
					"max": 197
				},
				"2024-07-21": {
					"avg": 224,
					"count": 1,
					"min": 224,
					"max": 224
				},
				"2024-07-22": {
					"avg": 148,
					"count": 3,
					"min": 98,
					"max": 194
				},
				"2024-07-24": {
					"avg": 153,
					"count": 5,
					"min": 153,
					"max": 153
				},
				"2024-07-25": {
					"avg": 155,
					"count": 1,
					"min": 155,
					"max": 155
				},
				"2024-07-26": {
					"avg": 163,
					"count": 2,
					"min": 75,
					"max": 250
				},
				"2024-07-27": {
					"avg": 598,
					"count": 1,
					"min": 598,
					"max": 598
				},
				"2024-07-28": {
					"avg": 148,
					"count": 2,
					"min": 98,
					"max": 197
				},
				"2024-07-30": {
					"avg": 70,
					"count": 1,
					"min": 70,
					"max": 70
				},
				"2024-08-01": {
					"avg": 212,
					"count": 1,
					"min": 212,
					"max": 212
				},
				"2024-08-04": {
					"avg": 147,
					"count": 2,
					"min": 69,
					"max": 225
				},
				"2024-08-07": {
					"avg": 156,
					"count": 1,
					"min": 156,
					"max": 156
				},
				"2024-08-10": {
					"avg": 149,
					"count": 2,
					"min": 95,
					"max": 202
				},
				"2024-08-11": {
					"avg": 69,
					"count": 1,
					"min": 69,
					"max": 69
				},
				"2024-08-12": {
					"avg": 192,
					"count": 3,
					"min": 177,
					"max": 202
				},
				"2024-08-16": {
					"avg": 470,
					"count": 3,
					"min": 214,
					"max": 598
				},
				"2024-08-17": {
					"avg": 288,
					"count": 3,
					"min": 69,
					"max": 598
				},
				"2024-08-19": {
					"avg": 216,
					"count": 1,
					"min": 216,
					"max": 216
				},
				"2024-08-20": {
					"avg": 177,
					"count": 2,
					"min": 156,
					"max": 197
				},
				"2024-08-21": {
					"avg": 139,
					"count": 2,
					"min": 129,
					"max": 149
				},
				"2024-08-22": {
					"avg": 119,
					"count": 2,
					"min": 87,
					"max": 150
				},
				"2024-08-23": {
					"avg": 198,
					"count": 1,
					"min": 198,
					"max": 198
				},
				"2024-08-24": {
					"avg": 142,
					"count": 12,
					"min": 129,
					"max": 212
				},
				"2024-08-26": {
					"avg": 148,
					"count": 2,
					"min": 99,
					"max": 197
				},
				"2024-08-27": {
					"avg": 85,
					"count": 1,
					"min": 85,
					"max": 85
				},
				"2024-08-28": {
					"avg": 490,
					"count": 3,
					"min": 129,
					"max": 1194
				},
				"2024-08-29": {
					"avg": 75,
					"count": 2,
					"min": 60,
					"max": 89
				},
				"2024-08-31": {
					"avg": 80,
					"count": 2,
					"min": 60,
					"max": 99
				},
				"2024-09-01": {
					"avg": 239,
					"count": 3,
					"min": 60,
					"max": 498
				},
				"2024-09-02": {
					"avg": 85,
					"count": 1,
					"min": 85,
					"max": 85
				},
				"2024-09-03": {
					"avg": 204,
					"count": 3,
					"min": 152,
					"max": 229
				},
				"2024-09-04": {
					"avg": 158,
					"count": 4,
					"min": 152,
					"max": 176
				},
				"2024-09-06": {
					"avg": 70,
					"count": 1,
					"min": 70,
					"max": 70
				},
				"2024-09-07": {
					"avg": 124,
					"count": 4,
					"min": 72,
					"max": 164
				},
				"2024-09-08": {
					"avg": 387,
					"count": 3,
					"min": 99,
					"max": 565
				},
				"2024-09-09": {
					"avg": 80,
					"count": 1,
					"min": 80,
					"max": 80
				},
				"2024-09-10": {
					"avg": 139,
					"count": 2,
					"min": 75,
					"max": 203
				},
				"2024-09-11": {
					"avg": 83,
					"count": 3,
					"min": 74,
					"max": 99
				},
				"2024-09-12": {
					"avg": 96,
					"count": 3,
					"min": 55,
					"max": 164
				},
				"2024-09-14": {
					"avg": 99,
					"count": 1,
					"min": 99,
					"max": 99
				},
				"2024-09-15": {
					"avg": 75,
					"count": 1,
					"min": 75,
					"max": 75
				},
				"2024-09-16": {
					"avg": 125,
					"count": 14,
					"min": 75,
					"max": 176
				},
				"2024-09-17": {
					"avg": 55,
					"count": 1,
					"min": 55,
					"max": 55
				},
				"2024-09-18": {
					"avg": 99,
					"count": 4,
					"min": 68,
					"max": 152
				},
				"2024-09-19": {
					"avg": 451,
					"count": 2,
					"min": 278,
					"max": 624
				},
				"2024-09-20": {
					"avg": 116,
					"count": 3,
					"min": 75,
					"max": 197
				},
				"2024-09-22": {
					"avg": 290,
					"count": 4,
					"min": 152,
					"max": 584
				}
			},
			"avg": 172,
			"avg7": -1,
			"avg28": -1
		},
		"normal-used": {
			"history": {
				"2024-05-26": {
					"avg": 132,
					"count": 1,
					"min": 132,
					"max": 132
				},
				"2024-05-31": {
					"avg": 9,
					"count": 1,
					"min": 9,
					"max": 9
				},
				"2024-06-03": {
					"avg": 221,
					"count": 1,
					"min": 221,
					"max": 221
				},
				"2024-06-15": {
					"avg": 119,
					"count": 1,
					"min": 119,
					"max": 119
				},
				"2024-06-16": {
					"avg": 29,
					"count": 1,
					"min": 29,
					"max": 29
				},
				"2024-06-20": {
					"avg": 34,
					"count": 1,
					"min": 34,
					"max": 34
				},
				"2024-06-22": {
					"avg": 138,
					"count": 1,
					"min": 138,
					"max": 138
				},
				"2024-06-25": {
					"avg": 26,
					"count": 1,
					"min": 26,
					"max": 26
				},
				"2024-06-28": {
					"avg": 48,
					"count": 2,
					"min": 26,
					"max": 69
				},
				"2024-07-01": {
					"avg": 226,
					"count": 2,
					"min": 18,
					"max": 434
				},
				"2024-07-03": {
					"avg": 29,
					"count": 1,
					"min": 29,
					"max": 29
				},
				"2024-07-05": {
					"avg": 18,
					"count": 1,
					"min": 18,
					"max": 18
				},
				"2024-07-13": {
					"avg": 18,
					"count": 8,
					"min": 18,
					"max": 18
				},
				"2024-07-16": {
					"avg": 12,
					"count": 1,
					"min": 12,
					"max": 12
				},
				"2024-07-23": {
					"avg": 112,
					"count": 3,
					"min": 109,
					"max": 119
				},
				"2024-07-28": {
					"avg": 30,
					"count": 1,
					"min": 30,
					"max": 30
				},
				"2024-08-04": {
					"avg": 434,
					"count": 1,
					"min": 434,
					"max": 434
				},
				"2024-08-05": {
					"avg": 41,
					"count": 1,
					"min": 41,
					"max": 41
				},
				"2024-08-11": {
					"avg": 22,
					"count": 1,
					"min": 22,
					"max": 22
				},
				"2024-08-14": {
					"avg": 30,
					"count": 1,
					"min": 30,
					"max": 30
				},
				"2024-08-16": {
					"avg": 151,
					"count": 9,
					"min": 142,
					"max": 214
				},
				"2024-08-23": {
					"avg": 69,
					"count": 1,
					"min": 69,
					"max": 69
				},
				"2024-08-25": {
					"avg": 147,
					"count": 1,
					"min": 147,
					"max": 147
				},
				"2024-09-02": {
					"avg": 156,
					"count": 1,
					"min": 156,
					"max": 156
				},
				"2024-09-05": {
					"avg": 124,
					"count": 2,
					"min": 110,
					"max": 138
				},
				"2024-09-06": {
					"avg": 154,
					"count": 1,
					"min": 154,
					"max": 154
				},
				"2024-09-10": {
					"avg": 20,
					"count": 1,
					"min": 20,
					"max": 20
				},
				"2024-09-12": {
					"avg": 26,
					"count": 1,
					"min": 26,
					"max": 26
				},
				"2024-09-23": {
					"avg": 26,
					"count": 4,
					"min": 26,
					"max": 26
				}
			},
			"avg": 89,
			"avg7": -1,
			"avg28": -1
		},
		"normal-poor": {
			"history": {
				"2024-06-14": {
					"avg": 9,
					"count": 1,
					"min": 9,
					"max": 9
				},
				"2024-06-15": {
					"avg": 9,
					"count": 3,
					"min": 9,
					"max": 9
				},
				"2024-06-16": {
					"avg": 114,
					"count": 1,
					"min": 114,
					"max": 114
				},
				"2024-06-20": {
					"avg": 76,
					"count": 2,
					"min": 21,
					"max": 131
				},
				"2024-06-21": {
					"avg": 9,
					"count": 1,
					"min": 9,
					"max": 9
				},
				"2024-06-22": {
					"avg": 124,
					"count": 2,
					"min": 114,
					"max": 133
				},
				"2024-06-25": {
					"avg": 9,
					"count": 1,
					"min": 9,
					"max": 9
				},
				"2024-07-10": {
					"avg": 22,
					"count": 2,
					"min": 20,
					"max": 23
				},
				"2024-07-13": {
					"avg": 10,
					"count": 3,
					"min": 10,
					"max": 10
				},
				"2024-07-23": {
					"avg": 64,
					"count": 2,
					"min": 18,
					"max": 109
				},
				"2024-08-12": {
					"avg": 142,
					"count": 1,
					"min": 142,
					"max": 142
				},
				"2024-08-16": {
					"avg": 126,
					"count": 2,
					"min": 110,
					"max": 142
				},
				"2024-08-20": {
					"avg": 500,
					"count": 1,
					"min": 500,
					"max": 500
				},
				"2024-08-25": {
					"avg": 135,
					"count": 1,
					"min": 135,
					"max": 135
				},
				"2024-08-31": {
					"avg": 145,
					"count": 1,
					"min": 145,
					"max": 145
				},
				"2024-09-05": {
					"avg": 137,
					"count": 1,
					"min": 137,
					"max": 137
				},
				"2024-09-06": {
					"avg": 123,
					"count": 5,
					"min": 119,
					"max": 137
				}
			},
			"avg": 90,
			"avg7": -1,
			"avg28": -1
		}
	}
}