{
	"data": {
		"normal-good": {
			"history": {
				"2022-11-12": {
					"avg": 185,
					"count": 4
				},
				"2022-11-14": {
					"avg": 125,
					"count": 3
				},
				"2022-11-15": {
					"avg": 115,
					"count": 2
				},
				"2022-11-16": {
					"avg": 166,
					"count": 13
				},
				"2022-11-17": {
					"avg": 242,
					"count": 3
				},
				"2022-11-18": {
					"avg": 29,
					"count": 1
				},
				"2022-11-19": {
					"avg": 318,
					"count": 3,
					"min": 116,
					"max": 598
				},
				"2022-11-20": {
					"avg": 175,
					"count": 7,
					"min": 63,
					"max": 400
				},
				"2022-11-21": {
					"avg": 433,
					"count": 2,
					"min": 268,
					"max": 598
				},
				"2022-11-22": {
					"avg": 444,
					"count": 5,
					"min": 104,
					"max": 597
				},
				"2022-11-23": {
					"avg": 157,
					"count": 2,
					"min": 116,
					"max": 198
				},
				"2022-11-24": {
					"avg": 275,
					"count": 4,
					"min": 167,
					"max": 474
				},
				"2022-11-25": {
					"avg": 169,
					"count": 21,
					"min": 43,
					"max": 499
				},
				"2022-11-26": {
					"avg": 111,
					"count": 2,
					"min": 111,
					"max": 111
				},
				"2022-11-27": {
					"avg": 121,
					"count": 7,
					"min": 81,
					"max": 144
				},
				"2022-11-28": {
					"avg": 167,
					"count": 4,
					"min": 136,
					"max": 189
				},
				"2022-11-29": {
					"avg": 170,
					"count": 4,
					"min": 111,
					"max": 318
				},
				"2022-11-30": {
					"avg": 111,
					"count": 1,
					"min": 111,
					"max": 111
				},
				"2022-12-01": {
					"avg": 235,
					"count": 2,
					"min": 111,
					"max": 359
				},
				"2022-12-02": {
					"avg": 111,
					"count": 4,
					"min": 111,
					"max": 111
				},
				"2022-12-03": {
					"avg": 298,
					"count": 1,
					"min": 298,
					"max": 298
				},
				"2022-12-04": {
					"avg": 156,
					"count": 4,
					"min": 113,
					"max": 225
				},
				"2022-12-05": {
					"avg": 292,
					"count": 6,
					"min": 113,
					"max": 964
				},
				"2022-12-07": {
					"avg": 191,
					"count": 9,
					"min": 124,
					"max": 310
				},
				"2022-12-09": {
					"avg": 113,
					"count": 4,
					"min": 40,
					"max": 138
				},
				"2022-12-10": {
					"avg": 299,
					"count": 1,
					"min": 299,
					"max": 299
				},
				"2022-12-11": {
					"avg": 181,
					"count": 2,
					"min": 181,
					"max": 181
				},
				"2022-12-12": {
					"avg": 173,
					"count": 2,
					"min": 136,
					"max": 209
				},
				"2022-12-13": {
					"avg": 156,
					"count": 4,
					"min": 115,
					"max": 216
				},
				"2022-12-14": {
					"avg": 181,
					"count": 6,
					"min": 104,
					"max": 349
				},
				"2022-12-15": {
					"avg": 247,
					"count": 4,
					"min": 188,
					"max": 299
				},
				"2022-12-16": {
					"avg": 214,
					"count": 19,
					"min": 110,
					"max": 460
				},
				"2022-12-17": {
					"avg": 256,
					"count": 5,
					"min": 167,
					"max": 324
				},
				"2022-12-18": {
					"avg": 199,
					"count": 2,
					"min": 198,
					"max": 199
				},
				"2022-12-19": {
					"avg": 179,
					"count": 10,
					"min": 179,
					"max": 179
				},
				"2022-12-20": {
					"avg": 124,
					"count": 1,
					"min": 124,
					"max": 124
				},
				"2022-12-21": {
					"avg": 268,
					"count": 5,
					"min": 124,
					"max": 319
				},
				"2022-12-22": {
					"avg": 307,
					"count": 5,
					"min": 215,
					"max": 349
				},
				"2022-12-23": {
					"avg": 228,
					"count": 9,
					"min": 42,
					"max": 998
				},
				"2022-12-24": {
					"avg": 194,
					"count": 3,
					"min": 134,
					"max": 298
				},
				"2022-12-25": {
					"avg": 249,
					"count": 2,
					"min": 199,
					"max": 298
				},
				"2022-12-26": {
					"avg": 439,
					"count": 2,
					"min": 278,
					"max": 599
				},
				"2022-12-27": {
					"avg": 263,
					"count": 5,
					"min": 29,
					"max": 699
				},
				"2022-12-28": {
					"avg": 198,
					"count": 11,
					"min": 185,
					"max": 250
				},
				"2022-12-29": {
					"avg": 206,
					"count": 4,
					"min": 180,
					"max": 248
				},
				"2022-12-30": {
					"avg": 262,
					"count": 2,
					"min": 251,
					"max": 273
				},
				"2022-12-31": {
					"avg": 232,
					"count": 2,
					"min": 215,
					"max": 248
				},
				"2023-01-01": {
					"avg": 198,
					"count": 5,
					"min": 180,
					"max": 268
				},
				"2023-01-02": {
					"avg": 273,
					"count": 4,
					"min": 180,
					"max": 339
				},
				"2023-01-03": {
					"avg": 210,
					"count": 10,
					"min": 180,
					"max": 275
				},
				"2023-01-04": {
					"avg": 221,
					"count": 5,
					"min": 81,
					"max": 374
				},
				"2023-01-05": {
					"avg": 271,
					"count": 19,
					"min": 180,
					"max": 349
				},
				"2023-01-06": {
					"avg": 246,
					"count": 3,
					"min": 136,
					"max": 355
				},
				"2023-01-07": {
					"avg": 299,
					"count": 2,
					"min": 299,
					"max": 299
				},
				"2023-01-08": {
					"avg": 400,
					"count": 3,
					"min": 215,
					"max": 661
				},
				"2023-01-10": {
					"avg": 298,
					"count": 1,
					"min": 298,
					"max": 298
				},
				"2023-01-11": {
					"avg": 99,
					"count": 1,
					"min": 99,
					"max": 99
				},
				"2023-01-12": {
					"avg": 358,
					"count": 4,
					"min": 158,
					"max": 599
				},
				"2023-02-06": {
					"avg": 102,
					"count": 3,
					"min": 82,
					"max": 113
				},
				"2023-02-07": {
					"avg": 228,
					"count": 4,
					"min": 83,
					"max": 661
				},
				"2023-02-08": {
					"avg": 300,
					"count": 6,
					"min": 125,
					"max": 798
				},
				"2023-02-09": {
					"avg": 337,
					"count": 20,
					"min": 75,
					"max": 499
				},
				"2023-02-10": {
					"avg": 255,
					"count": 2,
					"min": 212,
					"max": 298
				},
				"2023-02-11": {
					"avg": 167,
					"count": 8,
					"min": 52,
					"max": 405
				},
				"2023-02-12": {
					"avg": 193,
					"count": 4,
					"min": 149,
					"max": 290
				},
				"2023-02-13": {
					"avg": 183,
					"count": 2,
					"min": 183,
					"max": 183
				},
				"2023-02-14": {
					"avg": 153,
					"count": 4,
					"min": 60,
					"max": 256
				},
				"2023-02-15": {
					"avg": 225,
					"count": 3,
					"min": 181,
					"max": 300
				},
				"2023-02-16": {
					"avg": 129,
					"count": 2,
					"min": 128,
					"max": 130
				},
				"2023-02-17": {
					"avg": 495,
					"count": 3,
					"min": 159,
					"max": 1128
				},
				"2023-02-18": {
					"avg": 220,
					"count": 4,
					"min": 104,
					"max": 271
				},
				"2023-02-19": {
					"avg": 243,
					"count": 6,
					"min": 49,
					"max": 443
				},
				"2023-02-20": {
					"avg": 223,
					"count": 8,
					"min": 148,
					"max": 548
				},
				"2023-02-21": {
					"avg": 176,
					"count": 4,
					"min": 62,
					"max": 298
				},
				"2023-02-22": {
					"avg": 269,
					"count": 2,
					"min": 269,
					"max": 269
				},
				"2023-02-23": {
					"avg": 260,
					"count": 2,
					"min": 120,
					"max": 399
				},
				"2023-02-24": {
					"avg": 145,
					"count": 9,
					"min": 57,
					"max": 298
				},
				"2023-02-25": {
					"avg": 303,
					"count": 3,
					"min": 203,
					"max": 395
				},
				"2023-02-26": {
					"avg": 252,
					"count": 12,
					"min": 117,
					"max": 319
				},
				"2023-02-27": {
					"avg": 264,
					"count": 8,
					"min": 199,
					"max": 468
				},
				"2023-02-28": {
					"avg": 211,
					"count": 3,
					"min": 136,
					"max": 337
				},
				"2023-03-01": {
					"avg": 283,
					"count": 6,
					"min": 108,
					"max": 661
				},
				"2023-03-02": {
					"avg": 313,
					"count": 3,
					"min": 188,
					"max": 544
				},
				"2023-03-03": {
					"avg": 200,
					"count": 6,
					"min": 148,
					"max": 239
				},
				"2023-03-04": {
					"avg": 67,
					"count": 1,
					"min": 67,
					"max": 67
				},
				"2023-03-05": {
					"avg": 271,
					"count": 4,
					"min": 248,
					"max": 299
				},
				"2023-03-06": {
					"avg": 304,
					"count": 2,
					"min": 108,
					"max": 499
				},
				"2023-03-07": {
					"avg": 317,
					"count": 4,
					"min": 9,
					"max": 848
				},
				"2023-03-08": {
					"avg": 198,
					"count": 2,
					"min": 198,
					"max": 198
				},
				"2023-03-09": {
					"avg": 280,
					"count": 4,
					"min": 125,
					"max": 424
				},
				"2023-03-10": {
					"avg": 205,
					"count": 13,
					"min": 90,
					"max": 499
				},
				"2023-03-11": {
					"avg": 297,
					"count": 3,
					"min": 100,
					"max": 443
				},
				"2023-03-12": {
					"avg": 262,
					"count": 4,
					"min": 174,
					"max": 338
				},
				"2023-03-13": {
					"avg": 190,
					"count": 3,
					"min": 41,
					"max": 351
				},
				"2023-03-14": {
					"avg": 282,
					"count": 2,
					"min": 209,
					"max": 354
				},
				"2023-03-15": {
					"avg": 191,
					"count": 6,
					"min": 99,
					"max": 260
				},
				"2023-03-16": {
					"avg": 275,
					"count": 5,
					"min": 250,
					"max": 306
				},
				"2023-03-17": {
					"avg": 199,
					"count": 2,
					"min": 148,
					"max": 250
				},
				"2023-03-18": {
					"avg": 292,
					"count": 2,
					"min": 184,
					"max": 399
				},
				"2023-03-20": {
					"avg": 391,
					"count": 3,
					"min": 174,
					"max": 749
				},
				"2023-03-21": {
					"avg": 373,
					"count": 2,
					"min": 338,
					"max": 407
				},
				"2023-03-22": {
					"avg": 309,
					"count": 23,
					"min": 198,
					"max": 509
				},
				"2023-03-23": {
					"avg": 261,
					"count": 7,
					"min": 132,
					"max": 407
				},
				"2023-03-24": {
					"avg": 224,
					"count": 5,
					"min": 93,
					"max": 407
				},
				"2023-03-25": {
					"avg": 258,
					"count": 3,
					"min": 149,
					"max": 349
				},
				"2023-03-26": {
					"avg": 269,
					"count": 2,
					"min": 239,
					"max": 299
				},
				"2023-03-27": {
					"avg": 436,
					"count": 9,
					"min": 100,
					"max": 898
				},
				"2023-03-28": {
					"avg": 170,
					"count": 2,
					"min": 115,
					"max": 225
				},
				"2023-03-29": {
					"avg": 174,
					"count": 4,
					"min": 93,
					"max": 234
				},
				"2023-03-31": {
					"avg": 549,
					"count": 2,
					"min": 499,
					"max": 599
				},
				"2023-04-01": {
					"avg": 239,
					"count": 1,
					"min": 239,
					"max": 239
				},
				"2023-04-02": {
					"avg": 273,
					"count": 2,
					"min": 147,
					"max": 399
				},
				"2023-04-03": {
					"avg": 274,
					"count": 3,
					"min": 178,
					"max": 324
				},
				"2023-04-04": {
					"avg": 183,
					"count": 6,
					"min": 174,
					"max": 195
				},
				"2023-04-05": {
					"avg": 435,
					"count": 3,
					"min": 298,
					"max": 708
				},
				"2023-04-06": {
					"avg": 266,
					"count": 4,
					"min": 177,
					"max": 299
				},
				"2023-04-07": {
					"avg": 165,
					"count": 3,
					"min": 92,
					"max": 225
				},
				"2023-04-08": {
					"avg": 262,
					"count": 4,
					"min": 189,
					"max": 320
				},
				"2023-04-09": {
					"avg": 184,
					"count": 6,
					"min": 177,
					"max": 190
				},
				"2023-04-10": {
					"avg": 398,
					"count": 3,
					"min": 189,
					"max": 708
				},
				"2023-04-11": {
					"avg": 186,
					"count": 13,
					"min": 177,
					"max": 298
				},
				"2023-04-12": {
					"avg": 304,
					"count": 3,
					"min": 297,
					"max": 318
				},
				"2023-04-13": {
					"avg": 198,
					"count": 2,
					"min": 136,
					"max": 260
				},
				"2023-04-15": {
					"avg": 278,
					"count": 8,
					"min": 135,
					"max": 948
				},
				"2023-04-16": {
					"avg": 333,
					"count": 5,
					"min": 161,
					"max": 804
				},
				"2023-04-17": {
					"avg": 298,
					"count": 16,
					"min": 239,
					"max": 619
				},
				"2023-04-18": {
					"avg": 207,
					"count": 6,
					"min": 92,
					"max": 510
				},
				"2023-04-19": {
					"avg": 324,
					"count": 2,
					"min": 49,
					"max": 599
				},
				"2023-04-20": {
					"avg": 121,
					"count": 2,
					"min": 105,
					"max": 136
				},
				"2023-04-21": {
					"avg": 136,
					"count": 1,
					"min": 136,
					"max": 136
				},
				"2023-04-22": {
					"avg": 242,
					"count": 12,
					"min": 53,
					"max": 735
				},
				"2023-04-23": {
					"avg": 217,
					"count": 3,
					"min": 191,
					"max": 261
				},
				"2023-04-25": {
					"avg": 296,
					"count": 1,
					"min": 296,
					"max": 296
				},
				"2023-04-27": {
					"avg": 315,
					"count": 2,
					"min": 275,
					"max": 355
				},
				"2023-04-28": {
					"avg": 148,
					"count": 6,
					"min": 59,
					"max": 349
				},
				"2023-04-29": {
					"avg": 259,
					"count": 6,
					"min": 159,
					"max": 399
				},
				"2023-04-30": {
					"avg": 158,
					"count": 3,
					"min": 158,
					"max": 158
				},
				"2023-05-01": {
					"avg": 174,
					"count": 2,
					"min": 150,
					"max": 198
				},
				"2023-05-02": {
					"avg": 195,
					"count": 3,
					"min": 160,
					"max": 263
				},
				"2023-05-03": {
					"avg": 294,
					"count": 1,
					"min": 294,
					"max": 294
				},
				"2023-05-04": {
					"avg": 214,
					"count": 8,
					"min": 158,
					"max": 399
				},
				"2023-05-05": {
					"avg": 469,
					"count": 10,
					"min": 150,
					"max": 948
				},
				"2023-05-06": {
					"avg": 374,
					"count": 1,
					"min": 374,
					"max": 374
				},
				"2023-05-07": {
					"avg": 184,
					"count": 25,
					"min": 50,
					"max": 449
				},
				"2023-05-08": {
					"avg": 165,
					"count": 3,
					"min": 144,
					"max": 189
				},
				"2023-05-09": {
					"avg": 97,
					"count": 2,
					"min": 50,
					"max": 144
				},
				"2023-05-10": {
					"avg": 135,
					"count": 1,
					"min": 135,
					"max": 135
				},
				"2023-05-11": {
					"avg": 336,
					"count": 4,
					"min": 138,
					"max": 664
				},
				"2023-05-12": {
					"avg": 216,
					"count": 2,
					"min": 136,
					"max": 296
				},
				"2023-05-13": {
					"avg": 147,
					"count": 1,
					"min": 147,
					"max": 147
				},
				"2023-05-14": {
					"avg": 276,
					"count": 4,
					"min": 43,
					"max": 733
				},
				"2023-05-15": {
					"avg": 262,
					"count": 3,
					"min": 138,
					"max": 374
				},
				"2023-05-16": {
					"avg": 363,
					"count": 4,
					"min": 61,
					"max": 1191
				},
				"2023-05-17": {
					"avg": 207,
					"count": 5,
					"min": 138,
					"max": 289
				},
				"2023-05-18": {
					"avg": 182,
					"count": 3,
					"min": 136,
					"max": 275
				},
				"2023-05-19": {
					"avg": 261,
					"count": 6,
					"min": 196,
					"max": 374
				},
				"2023-05-20": {
					"avg": 244,
					"count": 3,
					"min": 138,
					"max": 374
				},
				"2023-05-21": {
					"avg": 233,
					"count": 1,
					"min": 233,
					"max": 233
				},
				"2023-05-22": {
					"avg": 664,
					"count": 2,
					"min": 135,
					"max": 1192
				},
				"2023-05-23": {
					"avg": 213,
					"count": 13,
					"min": 129,
					"max": 348
				},
				"2023-05-24": {
					"avg": 172,
					"count": 11,
					"min": 124,
					"max": 212
				},
				"2023-05-25": {
					"avg": 99,
					"count": 14,
					"min": 62,
					"max": 250
				},
				"2023-05-26": {
					"avg": 279,
					"count": 2,
					"min": 183,
					"max": 374
				},
				"2023-05-27": {
					"avg": 130,
					"count": 11,
					"min": 9,
					"max": 244
				},
				"2023-05-28": {
					"avg": 117,
					"count": 4,
					"min": 62,
					"max": 198
				},
				"2023-05-29": {
					"avg": 175,
					"count": 7,
					"min": 62,
					"max": 699
				},
				"2023-05-30": {
					"avg": 288,
					"count": 4,
					"min": 104,
					"max": 798
				},
				"2023-05-31": {
					"avg": 131,
					"count": 2,
					"min": 126,
					"max": 135
				},
				"2023-06-01": {
					"avg": 136,
					"count": 1,
					"min": 136,
					"max": 136
				},
				"2023-06-02": {
					"avg": 244,
					"count": 5,
					"min": 143,
					"max": 650
				},
				"2023-06-03": {
					"avg": 162,
					"count": 2,
					"min": 126,
					"max": 198
				},
				"2023-06-04": {
					"avg": 157,
					"count": 3,
					"min": 133,
					"max": 199
				},
				"2023-06-06": {
					"avg": 243,
					"count": 3,
					"min": 159,
					"max": 290
				},
				"2023-06-07": {
					"avg": 218,
					"count": 6,
					"min": 73,
					"max": 315
				},
				"2023-06-08": {
					"avg": 192,
					"count": 6,
					"min": 100,
					"max": 294
				},
				"2023-06-09": {
					"avg": 140,
					"count": 9,
					"min": 30,
					"max": 199
				},
				"2023-06-10": {
					"avg": 244,
					"count": 11,
					"min": 75,
					"max": 650
				},
				"2023-06-11": {
					"avg": 128,
					"count": 3,
					"min": 75,
					"max": 174
				},
				"2023-06-12": {
					"avg": 158,
					"count": 1,
					"min": 158,
					"max": 158
				},
				"2023-06-13": {
					"avg": 347,
					"count": 2,
					"min": 154,
					"max": 539
				},
				"2023-06-14": {
					"avg": 209,
					"count": 3,
					"min": 144,
					"max": 299
				},
				"2023-06-15": {
					"avg": 106,
					"count": 3,
					"min": 57,
					"max": 185
				},
				"2023-06-16": {
					"avg": 154,
					"count": 10,
					"min": 62,
					"max": 299
				},
				"2023-06-17": {
					"avg": 196,
					"count": 5,
					"min": 121,
					"max": 299
				},
				"2023-06-18": {
					"avg": 142,
					"count": 4,
					"min": 100,
					"max": 185
				},
				"2023-06-19": {
					"avg": 157,
					"count": 2,
					"min": 129,
					"max": 185
				},
				"2023-06-20": {
					"avg": 185,
					"count": 5,
					"min": 100,
					"max": 328
				},
				"2023-06-21": {
					"avg": 218,
					"count": 4,
					"min": 100,
					"max": 284
				},
				"2023-06-22": {
					"avg": 191,
					"count": 8,
					"min": 144,
					"max": 284
				},
				"2023-06-23": {
					"avg": 194,
					"count": 3,
					"min": 129,
					"max": 325
				},
				"2023-06-24": {
					"avg": 234,
					"count": 6,
					"min": 100,
					"max": 798
				},
				"2023-06-26": {
					"avg": 180,
					"count": 7,
					"min": 100,
					"max": 414
				},
				"2023-06-27": {
					"avg": 99,
					"count": 1,
					"min": 99,
					"max": 99
				},
				"2023-06-28": {
					"avg": 249,
					"count": 2,
					"min": 198,
					"max": 299
				},
				"2023-06-29": {
					"avg": 102,
					"count": 4,
					"min": 50,
					"max": 158
				},
				"2023-06-30": {
					"avg": 209,
					"count": 2,
					"min": 119,
					"max": 298
				},
				"2023-07-01": {
					"avg": 247,
					"count": 5,
					"min": 140,
					"max": 499
				},
				"2023-07-02": {
					"avg": 241,
					"count": 4,
					"min": 170,
					"max": 298
				},
				"2023-07-03": {
					"avg": 132,
					"count": 4,
					"min": 102,
					"max": 154
				},
				"2023-07-04": {
					"avg": 185,
					"count": 4,
					"min": 75,
					"max": 295
				},
				"2023-07-05": {
					"avg": 105,
					"count": 34,
					"min": 75,
					"max": 499
				},
				"2023-07-06": {
					"avg": 198,
					"count": 1,
					"min": 198,
					"max": 198
				},
				"2023-07-07": {
					"avg": 184,
					"count": 9,
					"min": 75,
					"max": 264
				},
				"2023-07-08": {
					"avg": 88,
					"count": 4,
					"min": 50,
					"max": 113
				},
				"2023-07-09": {
					"avg": 36,
					"count": 67,
					"min": 25,
					"max": 325
				},
				"2023-07-10": {
					"avg": 538,
					"count": 5,
					"min": 75,
					"max": 1975
				},
				"2023-07-11": {
					"avg": 318,
					"count": 4,
					"min": 75,
					"max": 919
				},
				"2023-07-12": {
					"avg": 192,
					"count": 7,
					"min": 89,
					"max": 398
				},
				"2023-07-13": {
					"avg": 130,
					"count": 2,
					"min": 60,
					"max": 199
				},
				"2023-07-14": {
					"avg": 257,
					"count": 12,
					"min": 99,
					"max": 638
				},
				"2023-07-15": {
					"avg": 124,
					"count": 6,
					"min": 62,
					"max": 293
				},
				"2023-07-16": {
					"avg": 103,
					"count": 3,
					"min": 75,
					"max": 159
				},
				"2023-07-17": {
					"avg": 127,
					"count": 16,
					"min": 25,
					"max": 436
				},
				"2023-07-18": {
					"avg": 228,
					"count": 14,
					"min": 75,
					"max": 649
				},
				"2023-07-19": {
					"avg": 402,
					"count": 10,
					"min": 42,
					"max": 1950
				},
				"2023-07-20": {
					"avg": 383,
					"count": 1,
					"min": 383,
					"max": 383
				},
				"2023-07-21": {
					"avg": 317,
					"count": 4,
					"min": 81,
					"max": 824
				},
				"2023-07-22": {
					"avg": 182,
					"count": 6,
					"min": 54,
					"max": 824
				},
				"2023-07-23": {
					"avg": 53,
					"count": 5,
					"min": 20,
					"max": 111
				},
				"2023-07-24": {
					"avg": 231,
					"count": 5,
					"min": 80,
					"max": 824
				},
				"2023-07-25": {
					"avg": 158,
					"count": 14,
					"min": 81,
					"max": 322
				},
				"2023-07-26": {
					"avg": 232,
					"count": 36,
					"min": 80,
					"max": 348
				},
				"2023-07-27": {
					"avg": 133,
					"count": 10,
					"min": 52,
					"max": 283
				},
				"2023-07-28": {
					"avg": 398,
					"count": 4,
					"min": 19,
					"max": 731
				},
				"2023-07-29": {
					"avg": 271,
					"count": 7,
					"min": 81,
					"max": 824
				},
				"2023-07-30": {
					"avg": 359,
					"count": 6,
					"min": 85,
					"max": 1156
				},
				"2023-07-31": {
					"avg": 190,
					"count": 4,
					"min": 53,
					"max": 283
				},
				"2023-08-01": {
					"avg": 268,
					"count": 7,
					"min": 118,
					"max": 431
				},
				"2023-08-02": {
					"avg": 244,
					"count": 2,
					"min": 149,
					"max": 339
				},
				"2023-08-04": {
					"avg": 231,
					"count": 7,
					"min": 50,
					"max": 345
				},
				"2023-08-05": {
					"avg": 237,
					"count": 2,
					"min": 233,
					"max": 241
				},
				"2023-08-06": {
					"avg": 222,
					"count": 2,
					"min": 219,
					"max": 225
				},
				"2023-08-07": {
					"avg": 538,
					"count": 3,
					"min": 344,
					"max": 824
				},
				"2023-08-08": {
					"avg": 194,
					"count": 7,
					"min": 85,
					"max": 599
				},
				"2023-08-09": {
					"avg": 196,
					"count": 3,
					"min": 146,
					"max": 250
				},
				"2023-08-10": {
					"avg": 352,
					"count": 5,
					"min": 119,
					"max": 1198
				},
				"2023-08-11": {
					"avg": 328,
					"count": 2,
					"min": 250,
					"max": 405
				},
				"2023-08-12": {
					"avg": 1698,
					"count": 1,
					"min": 1698,
					"max": 1698
				},
				"2023-08-13": {
					"avg": 167,
					"count": 2,
					"min": 135,
					"max": 199
				},
				"2023-08-14": {
					"avg": 116,
					"count": 10,
					"min": 53,
					"max": 206
				},
				"2023-08-16": {
					"avg": 229,
					"count": 8,
					"min": 100,
					"max": 479
				},
				"2023-08-17": {
					"avg": 239,
					"count": 2,
					"min": 158,
					"max": 320
				},
				"2023-08-18": {
					"avg": 165,
					"count": 7,
					"min": 137,
					"max": 236
				},
				"2023-08-19": {
					"avg": 255,
					"count": 3,
					"min": 199,
					"max": 343
				},
				"2023-08-20": {
					"avg": 573,
					"count": 3,
					"min": 223,
					"max": 1148
				},
				"2023-08-21": {
					"avg": 235,
					"count": 8,
					"min": 177,
					"max": 425
				},
				"2023-08-23": {
					"avg": 262,
					"count": 2,
					"min": 129,
					"max": 394
				},
				"2023-08-24": {
					"avg": 169,
					"count": 3,
					"min": 99,
					"max": 274
				},
				"2023-08-25": {
					"avg": 233,
					"count": 15,
					"min": 79,
					"max": 1698
				},
				"2023-08-26": {
					"avg": 149,
					"count": 2,
					"min": 98,
					"max": 199
				},
				"2023-08-27": {
					"avg": 157,
					"count": 7,
					"min": 99,
					"max": 199
				},
				"2023-08-28": {
					"avg": 179,
					"count": 5,
					"min": 111,
					"max": 251
				},
				"2023-08-29": {
					"avg": 196,
					"count": 2,
					"min": 57,
					"max": 334
				},
				"2023-08-30": {
					"avg": 228,
					"count": 3,
					"min": 100,
					"max": 301
				},
				"2023-09-01": {
					"avg": 123,
					"count": 5,
					"min": 39,
					"max": 229
				},
				"2023-09-02": {
					"avg": 296,
					"count": 12,
					"min": 199,
					"max": 1148
				},
				"2023-09-03": {
					"avg": 88,
					"count": 7,
					"min": 34,
					"max": 299
				},
				"2023-09-04": {
					"avg": 109,
					"count": 3,
					"min": 80,
					"max": 152
				},
				"2023-09-05": {
					"avg": 132,
					"count": 3,
					"min": 83,
					"max": 156
				},
				"2023-09-06": {
					"avg": 146,
					"count": 8,
					"min": 89,
					"max": 225
				},
				"2023-09-07": {
					"avg": 131,
					"count": 4,
					"min": 25,
					"max": 199
				},
				"2023-09-08": {
					"avg": 199,
					"count": 1,
					"min": 199,
					"max": 199
				},
				"2023-09-09": {
					"avg": 56,
					"count": 23,
					"min": 25,
					"max": 316
				},
				"2023-09-10": {
					"avg": 188,
					"count": 2,
					"min": 125,
					"max": 250
				},
				"2023-09-11": {
					"avg": 173,
					"count": 8,
					"min": 25,
					"max": 346
				},
				"2023-09-12": {
					"avg": 99,
					"count": 1,
					"min": 99,
					"max": 99
				},
				"2023-09-13": {
					"avg": 263,
					"count": 3,
					"min": 126,
					"max": 349
				},
				"2023-09-14": {
					"avg": 151,
					"count": 7,
					"min": 106,
					"max": 219
				},
				"2023-09-15": {
					"avg": 193,
					"count": 3,
					"min": 102,
					"max": 298
				},
				"2023-09-16": {
					"avg": 588,
					"count": 24,
					"min": 199,
					"max": 2124
				},
				"2023-09-19": {
					"avg": 236,
					"count": 3,
					"min": 111,
					"max": 299
				},
				"2023-09-20": {
					"avg": 271,
					"count": 2,
					"min": 212,
					"max": 329
				},
				"2023-09-21": {
					"avg": 280,
					"count": 4,
					"min": 101,
					"max": 645
				},
				"2023-09-22": {
					"avg": 109,
					"count": 3,
					"min": 100,
					"max": 114
				},
				"2023-09-23": {
					"avg": 159,
					"count": 4,
					"min": 104,
					"max": 250
				},
				"2023-09-24": {
					"avg": 185,
					"count": 13,
					"min": 35,
					"max": 287
				},
				"2023-09-25": {
					"avg": 104,
					"count": 1,
					"min": 104,
					"max": 104
				},
				"2023-09-26": {
					"avg": 274,
					"count": 5,
					"min": 80,
					"max": 598
				},
				"2023-09-27": {
					"avg": 228,
					"count": 5,
					"min": 115,
					"max": 299
				},
				"2023-09-28": {
					"avg": 187,
					"count": 2,
					"min": 187,
					"max": 187
				},
				"2023-09-30": {
					"avg": 441,
					"count": 15,
					"min": 102,
					"max": 2186
				},
				"2023-10-01": {
					"avg": 212,
					"count": 3,
					"min": 75,
					"max": 317
				},
				"2023-10-02": {
					"avg": 246,
					"count": 3,
					"min": 188,
					"max": 299
				},
				"2023-10-03": {
					"avg": 283,
					"count": 2,
					"min": 187,
					"max": 378
				},
				"2023-10-04": {
					"avg": 213,
					"count": 3,
					"min": 125,
					"max": 317
				},
				"2023-10-05": {
					"avg": 1098,
					"count": 1,
					"min": 1098,
					"max": 1098
				},
				"2023-10-06": {
					"avg": 377,
					"count": 6,
					"min": 100,
					"max": 798
				},
				"2023-10-07": {
					"avg": 144,
					"count": 2,
					"min": 69,
					"max": 219
				},
				"2023-10-08": {
					"avg": 249,
					"count": 6,
					"min": 26,
					"max": 798
				},
				"2023-10-09": {
					"avg": 204,
					"count": 16,
					"min": 87,
					"max": 574
				},
				"2023-10-10": {
					"avg": 243,
					"count": 8,
					"min": 120,
					"max": 503
				},
				"2023-10-11": {
					"avg": 201,
					"count": 7,
					"min": 86,
					"max": 320
				},
				"2023-10-12": {
					"avg": 205,
					"count": 3,
					"min": 75,
					"max": 304
				},
				"2023-10-13": {
					"avg": 207,
					"count": 7,
					"min": 85,
					"max": 342
				},
				"2023-10-14": {
					"avg": 197,
					"count": 2,
					"min": 177,
					"max": 217
				},
				"2023-10-15": {
					"avg": 230,
					"count": 2,
					"min": 216,
					"max": 244
				},
				"2023-10-16": {
					"avg": 241,
					"count": 3,
					"min": 99,
					"max": 349
				},
				"2023-10-17": {
					"avg": 198,
					"count": 4,
					"min": 94,
					"max": 274
				},
				"2023-10-18": {
					"avg": 238,
					"count": 7,
					"min": 64,
					"max": 562
				},
				"2023-10-19": {
					"avg": 149,
					"count": 8,
					"min": 125,
					"max": 278
				},
				"2023-10-20": {
					"avg": 361,
					"count": 2,
					"min": 235,
					"max": 487
				},
				"2023-10-21": {
					"avg": 235,
					"count": 3,
					"min": 151,
					"max": 342
				},
				"2023-10-22": {
					"avg": 195,
					"count": 2,
					"min": 75,
					"max": 314
				},
				"2023-10-23": {
					"avg": 127,
					"count": 2,
					"min": 45,
					"max": 210
				},
				"2023-10-24": {
					"avg": 118,
					"count": 3,
					"min": 30,
					"max": 165
				},
				"2023-10-25": {
					"avg": 75,
					"count": 1,
					"min": 75,
					"max": 75
				},
				"2023-10-26": {
					"avg": 176,
					"count": 4,
					"min": 84,
					"max": 238
				},
				"2023-10-27": {
					"avg": 295,
					"count": 6,
					"min": 165,
					"max": 592
				},
				"2023-10-28": {
					"avg": 120,
					"count": 3,
					"min": 78,
					"max": 184
				},
				"2023-10-29": {
					"avg": 401,
					"count": 6,
					"min": 56,
					"max": 909
				},
				"2023-10-30": {
					"avg": 932,
					"count": 3,
					"min": 223,
					"max": 2186
				},
				"2023-10-31": {
					"avg": 248,
					"count": 4,
					"min": 187,
					"max": 329
				},
				"2023-11-01": {
					"avg": 271,
					"count": 6,
					"min": 144,
					"max": 329
				},
				"2023-11-02": {
					"avg": 187,
					"count": 5,
					"min": 79,
					"max": 342
				},
				"2023-11-03": {
					"avg": 199,
					"count": 5,
					"min": 80,
					"max": 329
				},
				"2023-11-04": {
					"avg": 173,
					"count": 3,
					"min": 92,
					"max": 229
				},
				"2023-11-05": {
					"avg": 316,
					"count": 3,
					"min": 100,
					"max": 474
				},
				"2023-11-06": {
					"avg": 213,
					"count": 6,
					"min": 213,
					"max": 213
				},
				"2023-11-07": {
					"avg": 254,
					"count": 1,
					"min": 254,
					"max": 254
				},
				"2023-11-08": {
					"avg": 299,
					"count": 1,
					"min": 299,
					"max": 299
				},
				"2023-11-09": {
					"avg": 205,
					"count": 7,
					"min": 81,
					"max": 418
				},
				"2023-11-10": {
					"avg": 159,
					"count": 7,
					"min": 56,
					"max": 176
				},
				"2023-11-11": {
					"avg": 219,
					"count": 5,
					"min": 119,
					"max": 329
				},
				"2023-11-12": {
					"avg": 188,
					"count": 3,
					"min": 172,
					"max": 212
				},
				"2023-11-13": {
					"avg": 188,
					"count": 12,
					"min": 175,
					"max": 199
				},
				"2023-11-14": {
					"avg": 296,
					"count": 5,
					"min": 120,
					"max": 699
				},
				"2023-11-15": {
					"avg": 268,
					"count": 5,
					"min": 166,
					"max": 515
				},
				"2023-11-16": {
					"avg": 189,
					"count": 4,
					"min": 19,
					"max": 389
				},
				"2023-11-17": {
					"avg": 188,
					"count": 11,
					"min": 65,
					"max": 244
				},
				"2023-11-18": {
					"avg": 534,
					"count": 3,
					"min": 100,
					"max": 1002
				},
				"2023-11-19": {
					"avg": 426,
					"count": 3,
					"min": 166,
					"max": 783
				},
				"2023-11-20": {
					"avg": 215,
					"count": 6,
					"min": 83,
					"max": 724
				},
				"2023-11-21": {
					"avg": 308,
					"count": 4,
					"min": 100,
					"max": 559
				},
				"2023-11-22": {
					"avg": 229,
					"count": 3,
					"min": 116,
					"max": 328
				},
				"2023-11-23": {
					"avg": 187,
					"count": 3,
					"min": 35,
					"max": 426
				},
				"2023-11-24": {
					"avg": 156,
					"count": 44,
					"min": 75,
					"max": 453
				},
				"2023-11-25": {
					"avg": 271,
					"count": 7,
					"min": 40,
					"max": 829
				},
				"2023-11-26": {
					"avg": 251,
					"count": 6,
					"min": 112,
					"max": 548
				},
				"2023-11-27": {
					"avg": 289,
					"count": 4,
					"min": 199,
					"max": 328
				},
				"2024-05-15": {
					"avg": 125,
					"count": 1,
					"min": 125,
					"max": 125
				},
				"2024-05-16": {
					"avg": 398,
					"count": 6,
					"min": 190,
					"max": 579
				},
				"2024-05-17": {
					"avg": 167,
					"count": 74,
					"min": 37,
					"max": 420
				},
				"2024-05-18": {
					"avg": 195,
					"count": 24,
					"min": 50,
					"max": 578
				},
				"2024-05-19": {
					"avg": 169,
					"count": 3,
					"min": 40,
					"max": 233
				},
				"2024-05-20": {
					"avg": 114,
					"count": 2,
					"min": 50,
					"max": 178
				},
				"2024-05-21": {
					"avg": 123,
					"count": 6,
					"min": 45,
					"max": 149
				},
				"2024-05-22": {
					"avg": 222,
					"count": 6,
					"min": 50,
					"max": 501
				},
				"2024-05-23": {
					"avg": 407,
					"count": 2,
					"min": 105,
					"max": 708
				},
				"2024-05-26": {
					"avg": 173,
					"count": 4,
					"min": 140,
					"max": 222
				},
				"2024-05-27": {
					"avg": 234,
					"count": 2,
					"min": 199,
					"max": 268
				},
				"2024-05-28": {
					"avg": 199,
					"count": 1,
					"min": 199,
					"max": 199
				},
				"2024-05-30": {
					"avg": 351,
					"count": 3,
					"min": 260,
					"max": 523
				},
				"2024-05-31": {
					"avg": 199,
					"count": 1,
					"min": 199,
					"max": 199
				},
				"2024-06-01": {
					"avg": 154,
					"count": 1,
					"min": 154,
					"max": 154
				},
				"2024-06-02": {
					"avg": 163,
					"count": 1,
					"min": 163,
					"max": 163
				},
				"2024-06-04": {
					"avg": 288,
					"count": 1,
					"min": 288,
					"max": 288
				},
				"2024-06-05": {
					"avg": 154,
					"count": 1,
					"min": 154,
					"max": 154
				},
				"2024-06-06": {
					"avg": 174,
					"count": 2,
					"min": 150,
					"max": 197
				},
				"2024-06-07": {
					"avg": 156,
					"count": 4,
					"min": 154,
					"max": 163
				},
				"2024-06-08": {
					"avg": 140,
					"count": 1,
					"min": 140,
					"max": 140
				},
				"2024-06-09": {
					"avg": 191,
					"count": 3,
					"min": 162,
					"max": 247
				},
				"2024-06-10": {
					"avg": 172,
					"count": 4,
					"min": 75,
					"max": 277
				},
				"2024-06-11": {
					"avg": 228,
					"count": 1,
					"min": 228,
					"max": 228
				},
				"2024-06-14": {
					"avg": 193,
					"count": 2,
					"min": 149,
					"max": 237
				},
				"2024-06-15": {
					"avg": 182,
					"count": 3,
					"min": 155,
					"max": 197
				},
				"2024-06-16": {
					"avg": 192,
					"count": 1,
					"min": 192,
					"max": 192
				},
				"2024-06-17": {
					"avg": 182,
					"count": 2,
					"min": 140,
					"max": 223
				},
				"2024-06-18": {
					"avg": 200,
					"count": 1,
					"min": 200,
					"max": 200
				},
				"2024-06-19": {
					"avg": 75,
					"count": 1,
					"min": 75,
					"max": 75
				},
				"2024-06-20": {
					"avg": 1024,
					"count": 1,
					"min": 1024,
					"max": 1024
				},
				"2024-06-21": {
					"avg": 66,
					"count": 1,
					"min": 66,
					"max": 66
				},
				"2024-06-22": {
					"avg": 280,
					"count": 3,
					"min": 66,
					"max": 637
				},
				"2024-06-23": {
					"avg": 196,
					"count": 1,
					"min": 196,
					"max": 196
				},
				"2024-06-24": {
					"avg": 151,
					"count": 3,
					"min": 66,
					"max": 200
				},
				"2024-06-25": {
					"avg": 70,
					"count": 1,
					"min": 70,
					"max": 70
				},
				"2024-06-26": {
					"avg": 208,
					"count": 2,
					"min": 125,
					"max": 290
				},
				"2024-06-27": {
					"avg": 173,
					"count": 1,
					"min": 173,
					"max": 173
				},
				"2024-06-28": {
					"avg": 173,
					"count": 2,
					"min": 173,
					"max": 173
				},
				"2024-06-30": {
					"avg": 172,
					"count": 2,
					"min": 170,
					"max": 173
				},
				"2024-07-01": {
					"avg": 173,
					"count": 1,
					"min": 173,
					"max": 173
				},
				"2024-07-04": {
					"avg": 262,
					"count": 31,
					"min": 147,
					"max": 329
				},
				"2024-07-05": {
					"avg": 183,
					"count": 1,
					"min": 183,
					"max": 183
				},
				"2024-07-06": {
					"avg": 203,
					"count": 7,
					"min": 100,
					"max": 253
				},
				"2024-07-07": {
					"avg": 214,
					"count": 2,
					"min": 183,
					"max": 244
				},
				"2024-07-08": {
					"avg": 54,
					"count": 1,
					"min": 54,
					"max": 54
				},
				"2024-07-09": {
					"avg": 250,
					"count": 1,
					"min": 250,
					"max": 250
				},
				"2024-07-10": {
					"avg": 154,
					"count": 6,
					"min": 57,
					"max": 322
				},
				"2024-07-11": {
					"avg": 200,
					"count": 2,
					"min": 179,
					"max": 221
				},
				"2024-07-12": {
					"avg": 239,
					"count": 2,
					"min": 225,
					"max": 252
				},
				"2024-07-13": {
					"avg": 179,
					"count": 1,
					"min": 179,
					"max": 179
				},
				"2024-07-16": {
					"avg": 174,
					"count": 4,
					"min": 133,
					"max": 253
				},
				"2024-07-17": {
					"avg": 683,
					"count": 1,
					"min": 683,
					"max": 683
				},
				"2024-07-18": {
					"avg": 100,
					"count": 1,
					"min": 100,
					"max": 100
				},
				"2024-07-19": {
					"avg": 133,
					"count": 3,
					"min": 133,
					"max": 133
				},
				"2024-07-22": {
					"avg": 57,
					"count": 1,
					"min": 57,
					"max": 57
				},
				"2024-07-23": {
					"avg": 91,
					"count": 8,
					"min": 12,
					"max": 284
				},
				"2024-07-25": {
					"avg": 127,
					"count": 2,
					"min": 125,
					"max": 128
				},
				"2024-07-26": {
					"avg": 213,
					"count": 4,
					"min": 131,
					"max": 328
				},
				"2024-07-27": {
					"avg": 195,
					"count": 2,
					"min": 124,
					"max": 265
				},
				"2024-07-29": {
					"avg": 671,
					"count": 5,
					"min": 671,
					"max": 671
				},
				"2024-07-30": {
					"avg": 172,
					"count": 1,
					"min": 172,
					"max": 172
				},
				"2024-07-31": {
					"avg": 227,
					"count": 1,
					"min": 227,
					"max": 227
				},
				"2024-08-01": {
					"avg": 461,
					"count": 4,
					"min": 185,
					"max": 1149
				},
				"2024-08-02": {
					"avg": 227,
					"count": 1,
					"min": 227,
					"max": 227
				},
				"2024-08-04": {
					"avg": 197,
					"count": 9,
					"min": 153,
					"max": 307
				},
				"2024-08-05": {
					"avg": 168,
					"count": 3,
					"min": 155,
					"max": 174
				},
				"2024-08-06": {
					"avg": 224,
					"count": 3,
					"min": 58,
					"max": 307
				},
				"2024-08-09": {
					"avg": 152,
					"count": 2,
					"min": 130,
					"max": 173
				},
				"2024-08-10": {
					"avg": 221,
					"count": 4,
					"min": 209,
					"max": 258
				},
				"2024-08-11": {
					"avg": 209,
					"count": 1,
					"min": 209,
					"max": 209
				},
				"2024-08-12": {
					"avg": 307,
					"count": 1,
					"min": 307,
					"max": 307
				},
				"2024-08-14": {
					"avg": 473,
					"count": 2,
					"min": 275,
					"max": 670
				},
				"2024-08-15": {
					"avg": 209,
					"count": 1,
					"min": 209,
					"max": 209
				},
				"2024-08-16": {
					"avg": 190,
					"count": 1,
					"min": 190,
					"max": 190
				},
				"2024-08-17": {
					"avg": 148,
					"count": 2,
					"min": 105,
					"max": 190
				},
				"2024-08-18": {
					"avg": 107,
					"count": 4,
					"min": 58,
					"max": 167
				},
				"2024-08-20": {
					"avg": 149,
					"count": 1,
					"min": 149,
					"max": 149
				},
				"2024-08-22": {
					"avg": 188,
					"count": 3,
					"min": 145,
					"max": 209
				},
				"2024-08-23": {
					"avg": 254,
					"count": 3,
					"min": 209,
					"max": 276
				},
				"2024-08-24": {
					"avg": 157,
					"count": 5,
					"min": 154,
					"max": 159
				},
				"2024-08-25": {
					"avg": 239,
					"count": 1,
					"min": 239,
					"max": 239
				},
				"2024-08-26": {
					"avg": 1272,
					"count": 1,
					"min": 1272,
					"max": 1272
				},
				"2024-08-27": {
					"avg": 374,
					"count": 3,
					"min": 239,
					"max": 638
				},
				"2024-08-28": {
					"avg": 130,
					"count": 1,
					"min": 130,
					"max": 130
				},
				"2024-08-31": {
					"avg": 688,
					"count": 2,
					"min": 638,
					"max": 738
				},
				"2024-09-01": {
					"avg": 485,
					"count": 2,
					"min": 232,
					"max": 738
				},
				"2024-09-02": {
					"avg": 216,
					"count": 1,
					"min": 216,
					"max": 216
				},
				"2024-09-03": {
					"avg": 288,
					"count": 2,
					"min": 239,
					"max": 337
				},
				"2024-09-04": {
					"avg": 171,
					"count": 3,
					"min": 57,
					"max": 337
				},
				"2024-09-05": {
					"avg": 184,
					"count": 2,
					"min": 184,
					"max": 184
				},
				"2024-09-06": {
					"avg": 242,
					"count": 3,
					"min": 239,
					"max": 244
				},
				"2024-09-07": {
					"avg": 176,
					"count": 3,
					"min": 49,
					"max": 239
				},
				"2024-09-08": {
					"avg": 140,
					"count": 5,
					"min": 49,
					"max": 239
				},
				"2024-09-09": {
					"avg": 341,
					"count": 4,
					"min": 227,
					"max": 649
				},
				"2024-09-10": {
					"avg": 232,
					"count": 1,
					"min": 232,
					"max": 232
				},
				"2024-09-11": {
					"avg": 66,
					"count": 1,
					"min": 66,
					"max": 66
				},
				"2024-09-12": {
					"avg": 239,
					"count": 6,
					"min": 100,
					"max": 330
				},
				"2024-09-14": {
					"avg": 169,
					"count": 4,
					"min": 169,
					"max": 169
				},
				"2024-09-15": {
					"avg": 149,
					"count": 1,
					"min": 149,
					"max": 149
				},
				"2024-09-16": {
					"avg": 220,
					"count": 1,
					"min": 220,
					"max": 220
				},
				"2024-09-18": {
					"avg": 258,
					"count": 1,
					"min": 258,
					"max": 258
				},
				"2024-09-19": {
					"avg": 386,
					"count": 5,
					"min": 41,
					"max": 753
				},
				"2024-09-20": {
					"avg": 196,
					"count": 2,
					"min": 148,
					"max": 244
				},
				"2024-09-21": {
					"avg": 167,
					"count": 1,
					"min": 167,
					"max": 167
				},
				"2024-09-22": {
					"avg": 166,
					"count": 8,
					"min": 144,
					"max": 247
				},
				"2024-09-23": {
					"avg": 171,
					"count": 22,
					"min": 169,
					"max": 190
				}
			},
			"avg": 221,
			"avg7": 183,
			"avg28": 183
		},
		"normal-nearmint": {
			"history": {
				"2024-05-23": {
					"avg": 274,
					"count": 1,
					"min": 274,
					"max": 274
				},
				"2024-05-25": {
					"avg": 313,
					"count": 1,
					"min": 313,
					"max": 313
				},
				"2024-05-26": {
					"avg": 298,
					"count": 1,
					"min": 298,
					"max": 298
				},
				"2024-05-27": {
					"avg": 686,
					"count": 2,
					"min": 424,
					"max": 948
				},
				"2024-05-28": {
					"avg": 298,
					"count": 2,
					"min": 297,
					"max": 299
				},
				"2024-05-30": {
					"avg": 382,
					"count": 2,
					"min": 297,
					"max": 467
				},
				"2024-05-31": {
					"avg": 321,
					"count": 2,
					"min": 314,
					"max": 328
				},
				"2024-06-01": {
					"avg": 307,
					"count": 2,
					"min": 299,
					"max": 314
				},
				"2024-06-02": {
					"avg": 241,
					"count": 1,
					"min": 241,
					"max": 241
				},
				"2024-06-03": {
					"avg": 294,
					"count": 2,
					"min": 274,
					"max": 314
				},
				"2024-06-04": {
					"avg": 274,
					"count": 1,
					"min": 274,
					"max": 274
				},
				"2024-06-05": {
					"avg": 274,
					"count": 3,
					"min": 246,
					"max": 329
				},
				"2024-06-06": {
					"avg": 296,
					"count": 3,
					"min": 246,
					"max": 321
				},
				"2024-06-07": {
					"avg": 359,
					"count": 2,
					"min": 329,
					"max": 389
				},
				"2024-06-11": {
					"avg": 243,
					"count": 3,
					"min": 200,
					"max": 329
				},
				"2024-06-12": {
					"avg": 262,
					"count": 1,
					"min": 262,
					"max": 262
				},
				"2024-06-13": {
					"avg": 200,
					"count": 1,
					"min": 200,
					"max": 200
				},
				"2024-06-14": {
					"avg": 342,
					"count": 3,
					"min": 299,
					"max": 404
				},
				"2024-06-15": {
					"avg": 355,
					"count": 3,
					"min": 300,
					"max": 390
				},
				"2024-06-16": {
					"avg": 261,
					"count": 5,
					"min": 200,
					"max": 390
				},
				"2024-06-17": {
					"avg": 881,
					"count": 2,
					"min": 368,
					"max": 1394
				},
				"2024-06-18": {
					"avg": 296,
					"count": 1,
					"min": 296,
					"max": 296
				},
				"2024-06-19": {
					"avg": 297,
					"count": 3,
					"min": 296,
					"max": 297
				},
				"2024-06-20": {
					"avg": 327,
					"count": 4,
					"min": 218,
					"max": 398
				},
				"2024-06-21": {
					"avg": 162,
					"count": 2,
					"min": 101,
					"max": 223
				},
				"2024-06-22": {
					"avg": 327,
					"count": 3,
					"min": 297,
					"max": 348
				},
				"2024-06-23": {
					"avg": 342,
					"count": 9,
					"min": 218,
					"max": 749
				},
				"2024-06-24": {
					"avg": 369,
					"count": 1,
					"min": 369,
					"max": 369
				},
				"2024-06-25": {
					"avg": 342,
					"count": 2,
					"min": 336,
					"max": 348
				},
				"2024-06-27": {
					"avg": 196,
					"count": 2,
					"min": 39,
					"max": 353
				},
				"2024-06-28": {
					"avg": 220,
					"count": 1,
					"min": 220,
					"max": 220
				},
				"2024-06-29": {
					"avg": 280,
					"count": 4,
					"min": 274,
					"max": 297
				},
				"2024-06-30": {
					"avg": 300,
					"count": 5,
					"min": 212,
					"max": 563
				},
				"2024-07-01": {
					"avg": 323,
					"count": 2,
					"min": 297,
					"max": 348
				},
				"2024-07-03": {
					"avg": 220,
					"count": 1,
					"min": 220,
					"max": 220
				},
				"2024-07-04": {
					"avg": 289,
					"count": 4,
					"min": 210,
					"max": 398
				},
				"2024-07-05": {
					"avg": 342,
					"count": 2,
					"min": 335,
					"max": 349
				},
				"2024-07-06": {
					"avg": 297,
					"count": 3,
					"min": 217,
					"max": 337
				},
				"2024-07-07": {
					"avg": 96,
					"count": 1,
					"min": 96,
					"max": 96
				},
				"2024-07-08": {
					"avg": 129,
					"count": 3,
					"min": 96,
					"max": 196
				},
				"2024-07-09": {
					"avg": 527,
					"count": 3,
					"min": 296,
					"max": 948
				},
				"2024-07-11": {
					"avg": 347,
					"count": 1,
					"min": 347,
					"max": 347
				},
				"2024-07-12": {
					"avg": 295,
					"count": 1,
					"min": 295,
					"max": 295
				},
				"2024-07-14": {
					"avg": 858,
					"count": 5,
					"min": 200,
					"max": 2328
				},
				"2024-07-15": {
					"avg": 717,
					"count": 2,
					"min": 100,
					"max": 1334
				},
				"2024-07-16": {
					"avg": 374,
					"count": 1,
					"min": 374,
					"max": 374
				},
				"2024-07-17": {
					"avg": 227,
					"count": 1,
					"min": 227,
					"max": 227
				},
				"2024-07-18": {
					"avg": 355,
					"count": 1,
					"min": 355,
					"max": 355
				},
				"2024-07-19": {
					"avg": 589,
					"count": 1,
					"min": 589,
					"max": 589
				},
				"2024-07-20": {
					"avg": 353,
					"count": 7,
					"min": 99,
					"max": 973
				},
				"2024-07-22": {
					"avg": 362,
					"count": 5,
					"min": 226,
					"max": 528
				},
				"2024-07-23": {
					"avg": 173,
					"count": 1,
					"min": 173,
					"max": 173
				},
				"2024-07-24": {
					"avg": 332,
					"count": 2,
					"min": 329,
					"max": 334
				},
				"2024-07-25": {
					"avg": 358,
					"count": 2,
					"min": 351,
					"max": 364
				},
				"2024-07-26": {
					"avg": 352,
					"count": 1,
					"min": 352,
					"max": 352
				},
				"2024-07-27": {
					"avg": 199,
					"count": 4,
					"min": 101,
					"max": 367
				},
				"2024-07-28": {
					"avg": 58,
					"count": 1,
					"min": 58,
					"max": 58
				},
				"2024-07-29": {
					"avg": 223,
					"count": 2,
					"min": 220,
					"max": 226
				},
				"2024-07-30": {
					"avg": 302,
					"count": 1,
					"min": 302,
					"max": 302
				},
				"2024-07-31": {
					"avg": 349,
					"count": 2,
					"min": 349,
					"max": 349
				},
				"2024-08-01": {
					"avg": 273,
					"count": 4,
					"min": 218,
					"max": 426
				},
				"2024-08-03": {
					"avg": 298,
					"count": 3,
					"min": 197,
					"max": 349
				},
				"2024-08-06": {
					"avg": 472,
					"count": 2,
					"min": 196,
					"max": 748
				},
				"2024-08-08": {
					"avg": 226,
					"count": 1,
					"min": 226,
					"max": 226
				},
				"2024-08-09": {
					"avg": 210,
					"count": 2,
					"min": 210,
					"max": 210
				},
				"2024-08-10": {
					"avg": 265,
					"count": 2,
					"min": 202,
					"max": 327
				},
				"2024-08-11": {
					"avg": 299,
					"count": 2,
					"min": 298,
					"max": 299
				},
				"2024-08-12": {
					"avg": 418,
					"count": 1,
					"min": 418,
					"max": 418
				},
				"2024-08-13": {
					"avg": 334,
					"count": 1,
					"min": 334,
					"max": 334
				},
				"2024-08-14": {
					"avg": 499,
					"count": 3,
					"min": 299,
					"max": 848
				},
				"2024-08-15": {
					"avg": 299,
					"count": 1,
					"min": 299,
					"max": 299
				},
				"2024-08-16": {
					"avg": 302,
					"count": 5,
					"min": 302,
					"max": 302
				},
				"2024-08-17": {
					"avg": 299,
					"count": 1,
					"min": 299,
					"max": 299
				},
				"2024-08-18": {
					"avg": 265,
					"count": 2,
					"min": 231,
					"max": 299
				},
				"2024-08-19": {
					"avg": 310,
					"count": 4,
					"min": 119,
					"max": 426
				},
				"2024-08-20": {
					"avg": 234,
					"count": 2,
					"min": 119,
					"max": 349
				},
				"2024-08-21": {
					"avg": 252,
					"count": 6,
					"min": 119,
					"max": 367
				},
				"2024-08-22": {
					"avg": 353,
					"count": 3,
					"min": 246,
					"max": 447
				},
				"2024-08-23": {
					"avg": 246,
					"count": 1,
					"min": 246,
					"max": 246
				},
				"2024-08-24": {
					"avg": 199,
					"count": 3,
					"min": 119,
					"max": 359
				},
				"2024-08-25": {
					"avg": 247,
					"count": 1,
					"min": 247,
					"max": 247
				},
				"2024-08-26": {
					"avg": 364,
					"count": 3,
					"min": 347,
					"max": 399
				},
				"2024-08-28": {
					"avg": 295,
					"count": 1,
					"min": 295,
					"max": 295
				},
				"2024-08-29": {
					"avg": 198,
					"count": 5,
					"min": 186,
					"max": 246
				},
				"2024-08-30": {
					"avg": 280,
					"count": 2,
					"min": 246,
					"max": 313
				},
				"2024-08-31": {
					"avg": 296,
					"count": 3,
					"min": 186,
					"max": 399
				},
				"2024-09-01": {
					"avg": 257,
					"count": 2,
					"min": 186,
					"max": 328
				},
				"2024-09-02": {
					"avg": 220,
					"count": 2,
					"min": 218,
					"max": 221
				},
				"2024-09-03": {
					"avg": 221,
					"count": 1,
					"min": 221,
					"max": 221
				},
				"2024-09-04": {
					"avg": 301,
					"count": 5,
					"min": 118,
					"max": 399
				},
				"2024-09-05": {
					"avg": 223,
					"count": 2,
					"min": 200,
					"max": 246
				},
				"2024-09-06": {
					"avg": 180,
					"count": 2,
					"min": 180,
					"max": 180
				},
				"2024-09-07": {
					"avg": 301,
					"count": 3,
					"min": 299,
					"max": 302
				},
				"2024-09-08": {
					"avg": 278,
					"count": 1,
					"min": 278,
					"max": 278
				},
				"2024-09-09": {
					"avg": 425,
					"count": 2,
					"min": 175,
					"max": 674
				},
				"2024-09-10": {
					"avg": 242,
					"count": 2,
					"min": 185,
					"max": 299
				},
				"2024-09-11": {
					"avg": 185,
					"count": 1,
					"min": 185,
					"max": 185
				},
				"2024-09-12": {
					"avg": 182,
					"count": 3,
					"min": 179,
					"max": 185
				},
				"2024-09-13": {
					"avg": 312,
					"count": 1,
					"min": 312,
					"max": 312
				},
				"2024-09-14": {
					"avg": 200,
					"count": 4,
					"min": 200,
					"max": 200
				},
				"2024-09-15": {
					"avg": 832,
					"count": 4,
					"min": 190,
					"max": 2249
				},
				"2024-09-16": {
					"avg": 310,
					"count": 15,
					"min": 227,
					"max": 358
				},
				"2024-09-17": {
					"avg": 440,
					"count": 2,
					"min": 299,
					"max": 581
				},
				"2024-09-18": {
					"avg": 427,
					"count": 21,
					"min": 227,
					"max": 741
				},
				"2024-09-19": {
					"avg": 352,
					"count": 1,
					"min": 352,
					"max": 352
				},
				"2024-09-20": {
					"avg": 422,
					"count": 3,
					"min": 208,
					"max": 758
				},
				"2024-09-21": {
					"avg": 440,
					"count": 2,
					"min": 280,
					"max": 599
				},
				"2024-09-22": {
					"avg": 649,
					"count": 2,
					"min": 599,
					"max": 698
				}
			},
			"avg": 338,
			"avg7": -1,
			"avg28": -1
		},
		"normal-played": {
			"history": {
				"2024-05-24": {
					"avg": 69,
					"count": 1,
					"min": 69,
					"max": 69
				},
				"2024-05-26": {
					"avg": 125,
					"count": 1,
					"min": 125,
					"max": 125
				},
				"2024-05-27": {
					"avg": 209,
					"count": 1,
					"min": 209,
					"max": 209
				},
				"2024-05-29": {
					"avg": 619,
					"count": 1,
					"min": 619,
					"max": 619
				},
				"2024-05-31": {
					"avg": 177,
					"count": 1,
					"min": 177,
					"max": 177
				},
				"2024-06-03": {
					"avg": 142,
					"count": 2,
					"min": 62,
					"max": 221
				},
				"2024-06-04": {
					"avg": 188,
					"count": 1,
					"min": 188,
					"max": 188
				},
				"2024-06-06": {
					"avg": 197,
					"count": 1,
					"min": 197,
					"max": 197
				},
				"2024-06-07": {
					"avg": 223,
					"count": 9,
					"min": 159,
					"max": 266
				},
				"2024-06-08": {
					"avg": 144,
					"count": 1,
					"min": 144,
					"max": 144
				},
				"2024-06-09": {
					"avg": 93,
					"count": 1,
					"min": 93,
					"max": 93
				},
				"2024-06-10": {
					"avg": 75,
					"count": 1,
					"min": 75,
					"max": 75
				},
				"2024-06-12": {
					"avg": 198,
					"count": 1,
					"min": 198,
					"max": 198
				},
				"2024-06-15": {
					"avg": 130,
					"count": 2,
					"min": 60,
					"max": 200
				},
				"2024-06-17": {
					"avg": 121,
					"count": 2,
					"min": 60,
					"max": 182
				},
				"2024-06-18": {
					"avg": 530,
					"count": 1,
					"min": 530,
					"max": 530
				},
				"2024-06-20": {
					"avg": 100,
					"count": 1,
					"min": 100,
					"max": 100
				},
				"2024-06-22": {
					"avg": 175,
					"count": 1,
					"min": 175,
					"max": 175
				},
				"2024-06-23": {
					"avg": 69,
					"count": 1,
					"min": 69,
					"max": 69
				},
				"2024-06-24": {
					"avg": 66,
					"count": 1,
					"min": 66,
					"max": 66
				},
				"2024-06-25": {
					"avg": 64,
					"count": 1,
					"min": 64,
					"max": 64
				},
				"2024-06-26": {
					"avg": 1558,
					"count": 1,
					"min": 1558,
					"max": 1558
				},
				"2024-06-27": {
					"avg": 69,
					"count": 1,
					"min": 69,
					"max": 69
				},
				"2024-06-28": {
					"avg": 92,
					"count": 1,
					"min": 92,
					"max": 92
				},
				"2024-06-29": {
					"avg": 116,
					"count": 1,
					"min": 116,
					"max": 116
				},
				"2024-06-30": {
					"avg": 530,
					"count": 3,
					"min": 530,
					"max": 530
				},
				"2024-07-01": {
					"avg": 382,
					"count": 2,
					"min": 217,
					"max": 547
				},
				"2024-07-03": {
					"avg": 171,
					"count": 1,
					"min": 171,
					"max": 171
				},
				"2024-07-06": {
					"avg": 136,
					"count": 2,
					"min": 100,
					"max": 172
				},
				"2024-07-07": {
					"avg": 116,
					"count": 2,
					"min": 116,
					"max": 116
				},
				"2024-07-08": {
					"avg": 169,
					"count": 1,
					"min": 169,
					"max": 169
				},
				"2024-07-10": {
					"avg": 93,
					"count": 2,
					"min": 69,
					"max": 116
				},
				"2024-07-12": {
					"avg": 76,
					"count": 1,
					"min": 76,
					"max": 76
				},
				"2024-07-13": {
					"avg": 130,
					"count": 2,
					"min": 89,
					"max": 171
				},
				"2024-07-15": {
					"avg": 90,
					"count": 4,
					"min": 50,
					"max": 169
				},
				"2024-07-16": {
					"avg": 126,
					"count": 2,
					"min": 79,
					"max": 172
				},
				"2024-07-17": {
					"avg": 101,
					"count": 5,
					"min": 80,
					"max": 176
				},
				"2024-07-18": {
					"avg": 176,
					"count": 1,
					"min": 176,
					"max": 176
				},
				"2024-07-19": {
					"avg": 89,
					"count": 1,
					"min": 89,
					"max": 89
				},
				"2024-07-20": {
					"avg": 202,
					"count": 1,
					"min": 202,
					"max": 202
				},
				"2024-07-22": {
					"avg": 111,
					"count": 17,
					"min": 44,
					"max": 144
				},
				"2024-07-23": {
					"avg": 66,
					"count": 11,
					"min": 18,
					"max": 223
				},
				"2024-07-24": {
					"avg": 55,
					"count": 1,
					"min": 55,
					"max": 55
				},
				"2024-07-25": {
					"avg": 191,
					"count": 3,
					"min": 191,
					"max": 191
				},
				"2024-07-30": {
					"avg": 70,
					"count": 1,
					"min": 70,
					"max": 70
				},
				"2024-07-31": {
					"avg": 98,
					"count": 1,
					"min": 98,
					"max": 98
				},
				"2024-08-01": {
					"avg": 176,
					"count": 1,
					"min": 176,
					"max": 176
				},
				"2024-08-04": {
					"avg": 556,
					"count": 1,
					"min": 556,
					"max": 556
				},
				"2024-08-05": {
					"avg": 144,
					"count": 2,
					"min": 144,
					"max": 144
				},
				"2024-08-11": {
					"avg": 190,
					"count": 1,
					"min": 190,
					"max": 190
				},
				"2024-08-12": {
					"avg": 142,
					"count": 2,
					"min": 50,
					"max": 234
				},
				"2024-08-14": {
					"avg": 101,
					"count": 2,
					"min": 58,
					"max": 143
				},
				"2024-08-19": {
					"avg": 224,
					"count": 1,
					"min": 224,
					"max": 224
				},
				"2024-08-21": {
					"avg": 128,
					"count": 2,
					"min": 85,
					"max": 171
				},
				"2024-08-22": {
					"avg": 556,
					"count": 1,
					"min": 556,
					"max": 556
				},
				"2024-08-24": {
					"avg": 176,
					"count": 4,
					"min": 174,
					"max": 176
				},
				"2024-08-25": {
					"avg": 92,
					"count": 5,
					"min": 68,
					"max": 166
				},
				"2024-08-27": {
					"avg": 68,
					"count": 1,
					"min": 68,
					"max": 68
				},
				"2024-08-28": {
					"avg": 180,
					"count": 2,
					"min": 180,
					"max": 180
				},
				"2024-08-30": {
					"avg": 700,
					"count": 7,
					"min": 68,
					"max": 1181
				},
				"2024-08-31": {
					"avg": 172,
					"count": 1,
					"min": 172,
					"max": 172
				},
				"2024-09-03": {
					"avg": 257,
					"count": 3,
					"min": 164,
					"max": 304
				},
				"2024-09-06": {
					"avg": 116,
					"count": 4,
					"min": 59,
					"max": 172
				},
				"2024-09-07": {
					"avg": 172,
					"count": 2,
					"min": 172,
					"max": 172
				},
				"2024-09-08": {
					"avg": 78,
					"count": 1,
					"min": 78,
					"max": 78
				},
				"2024-09-09": {
					"avg": 179,
					"count": 1,
					"min": 179,
					"max": 179
				},
				"2024-09-12": {
					"avg": 172,
					"count": 1,
					"min": 172,
					"max": 172
				},
				"2024-09-14": {
					"avg": 80,
					"count": 1,
					"min": 80,
					"max": 80
				},
				"2024-09-15": {
					"avg": 45,
					"count": 1,
					"min": 45,
					"max": 45
				},
				"2024-09-16": {
					"avg": 98,
					"count": 1,
					"min": 98,
					"max": 98
				},
				"2024-09-17": {
					"avg": 63,
					"count": 1,
					"min": 63,
					"max": 63
				},
				"2024-09-18": {
					"avg": 68,
					"count": 1,
					"min": 68,
					"max": 68
				},
				"2024-09-20": {
					"avg": 190,
					"count": 2,
					"min": 150,
					"max": 229
				},
				"2024-09-21": {
					"avg": 128,
					"count": 2,
					"min": 68,
					"max": 188
				},
				"2024-09-23": {
					"avg": 90,
					"count": 3,
					"min": 63,
					"max": 144
				}
			},
			"avg": 185,
			"avg7": -1,
			"avg28": -1
		},
		"normal-poor": {
			"history": {
				"2024-05-23": {
					"avg": 40,
					"count": 1,
					"min": 40,
					"max": 40
				},
				"2024-06-18": {
					"avg": 29,
					"count": 1,
					"min": 29,
					"max": 29
				},
				"2024-06-19": {
					"avg": 42,
					"count": 1,
					"min": 42,
					"max": 42
				},
				"2024-06-20": {
					"avg": 157,
					"count": 1,
					"min": 157,
					"max": 157
				},
				"2024-06-22": {
					"avg": 137,
					"count": 1,
					"min": 137,
					"max": 137
				},
				"2024-06-25": {
					"avg": 142,
					"count": 1,
					"min": 142,
					"max": 142
				},
				"2024-06-27": {
					"avg": 119,
					"count": 1,
					"min": 119,
					"max": 119
				},
				"2024-06-29": {
					"avg": 29,
					"count": 1,
					"min": 29,
					"max": 29
				},
				"2024-07-02": {
					"avg": 147,
					"count": 1,
					"min": 147,
					"max": 147
				},
				"2024-07-04": {
					"avg": 185,
					"count": 3,
					"min": 164,
					"max": 227
				},
				"2024-07-06": {
					"avg": 134,
					"count": 3,
					"min": 134,
					"max": 134
				},
				"2024-07-12": {
					"avg": 160,
					"count": 1,
					"min": 160,
					"max": 160
				},
				"2024-07-13": {
					"avg": 52,
					"count": 6,
					"min": 39,
					"max": 114
				},
				"2024-07-15": {
					"avg": 161,
					"count": 2,
					"min": 160,
					"max": 162
				},
				"2024-07-26": {
					"avg": 156,
					"count": 1,
					"min": 156,
					"max": 156
				},
				"2024-08-12": {
					"avg": 128,
					"count": 1,
					"min": 128,
					"max": 128
				},
				"2024-08-16": {
					"avg": 143,
					"count": 11,
					"min": 134,
					"max": 219
				},
				"2024-08-18": {
					"avg": 184,
					"count": 1,
					"min": 184,
					"max": 184
				},
				"2024-08-21": {
					"avg": 39,
					"count": 1,
					"min": 39,
					"max": 39
				},
				"2024-08-23": {
					"avg": 73,
					"count": 1,
					"min": 73,
					"max": 73
				},
				"2024-08-31": {
					"avg": 73,
					"count": 1,
					"min": 73,
					"max": 73
				},
				"2024-09-05": {
					"avg": 162,
					"count": 1,
					"min": 162,
					"max": 162
				},
				"2024-09-07": {
					"avg": 39,
					"count": 1,
					"min": 39,
					"max": 39
				},
				"2024-09-14": {
					"avg": 152,
					"count": 1,
					"min": 152,
					"max": 152
				},
				"2024-09-15": {
					"avg": 163,
					"count": 1,
					"min": 163,
					"max": 163
				},
				"2024-09-18": {
					"avg": 39,
					"count": 1,
					"min": 39,
					"max": 39
				},
				"2024-09-23": {
					"avg": 39,
					"count": 4,
					"min": 39,
					"max": 39
				}
			},
			"avg": 111,
			"avg7": -1,
			"avg28": -1
		},
		"normal-used": {
			"history": {
				"2024-05-28": {
					"avg": 80,
					"count": 1,
					"min": 80,
					"max": 80
				},
				"2024-06-02": {
					"avg": 44,
					"count": 1,
					"min": 44,
					"max": 44
				},
				"2024-06-03": {
					"avg": 144,
					"count": 1,
					"min": 144,
					"max": 144
				},
				"2024-06-15": {
					"avg": 144,
					"count": 1,
					"min": 144,
					"max": 144
				},
				"2024-06-20": {
					"avg": 64,
					"count": 1,
					"min": 64,
					"max": 64
				},
				"2024-06-21": {
					"avg": 69,
					"count": 1,
					"min": 69,
					"max": 69
				},
				"2024-06-22": {
					"avg": 112,
					"count": 2,
					"min": 64,
					"max": 160
				},
				"2024-06-25": {
					"avg": 62,
					"count": 1,
					"min": 62,
					"max": 62
				},
				"2024-06-28": {
					"avg": 113,
					"count": 2,
					"min": 43,
					"max": 182
				},
				"2024-06-30": {
					"avg": 289,
					"count": 2,
					"min": 58,
					"max": 520
				},
				"2024-07-05": {
					"avg": 76,
					"count": 5,
					"min": 58,
					"max": 144
				},
				"2024-07-13": {
					"avg": 147,
					"count": 1,
					"min": 147,
					"max": 147
				},
				"2024-07-16": {
					"avg": 49,
					"count": 1,
					"min": 49,
					"max": 49
				},
				"2024-07-17": {
					"avg": 55,
					"count": 2,
					"min": 55,
					"max": 55
				},
				"2024-07-19": {
					"avg": 101,
					"count": 2,
					"min": 65,
					"max": 137
				},
				"2024-07-20": {
					"avg": 52,
					"count": 5,
					"min": 25,
					"max": 58
				},
				"2024-07-23": {
					"avg": 55,
					"count": 1,
					"min": 55,
					"max": 55
				},
				"2024-07-27": {
					"avg": 58,
					"count": 1,
					"min": 58,
					"max": 58
				},
				"2024-07-28": {
					"avg": 65,
					"count": 1,
					"min": 65,
					"max": 65
				},
				"2024-08-03": {
					"avg": 61,
					"count": 1,
					"min": 61,
					"max": 61
				},
				"2024-08-04": {
					"avg": 54,
					"count": 2,
					"min": 50,
					"max": 58
				},
				"2024-08-05": {
					"avg": 59,
					"count": 3,
					"min": 58,
					"max": 61
				},
				"2024-08-07": {
					"avg": 24,
					"count": 1,
					"min": 24,
					"max": 24
				},
				"2024-08-08": {
					"avg": 153,
					"count": 1,
					"min": 153,
					"max": 153
				},
				"2024-08-11": {
					"avg": 564,
					"count": 1,
					"min": 564,
					"max": 564
				},
				"2024-08-12": {
					"avg": 61,
					"count": 1,
					"min": 61,
					"max": 61
				},
				"2024-08-14": {
					"avg": 55,
					"count": 1,
					"min": 55,
					"max": 55
				},
				"2024-08-19": {
					"avg": 82,
					"count": 2,
					"min": 39,
					"max": 124
				},
				"2024-08-22": {
					"avg": 166,
					"count": 7,
					"min": 166,
					"max": 166
				},
				"2024-08-28": {
					"avg": 178,
					"count": 2,
					"min": 178,
					"max": 178
				},
				"2024-08-29": {
					"avg": 241,
					"count": 2,
					"min": 42,
					"max": 439
				},
				"2024-09-01": {
					"avg": 300,
					"count": 2,
					"min": 42,
					"max": 558
				},
				"2024-09-05": {
					"avg": 60,
					"count": 5,
					"min": 35,
					"max": 137
				},
				"2024-09-06": {
					"avg": 37,
					"count": 2,
					"min": 37,
					"max": 37
				},
				"2024-09-12": {
					"avg": 101,
					"count": 2,
					"min": 51,
					"max": 150
				},
				"2024-09-13": {
					"avg": 35,
					"count": 1,
					"min": 35,
					"max": 35
				},
				"2024-09-14": {
					"avg": 51,
					"count": 1,
					"min": 51,
					"max": 51
				},
				"2024-09-15": {
					"avg": 558,
					"count": 1,
					"min": 558,
					"max": 558
				},
				"2024-09-16": {
					"avg": 558,
					"count": 4,
					"min": 558,
					"max": 558
				},
				"2024-09-18": {
					"avg": 50,
					"count": 2,
					"min": 50,
					"max": 50
				}
			},
			"avg": 138,
			"avg7": -1,
			"avg28": -1
		}
	}
}