{
	"data": {
		"normal-good": {
			"history": {
				"2022-11-12": {
					"avg": 29,
					"count": 1
				},
				"2022-11-13": {
					"avg": 154,
					"count": 3
				},
				"2022-11-14": {
					"avg": 11,
					"count": 21
				},
				"2022-11-16": {
					"avg": 222,
					"count": 42
				},
				"2022-11-17": {
					"avg": 239,
					"count": 3
				},
				"2022-11-18": {
					"avg": 49,
					"count": 1
				},
				"2022-11-19": {
					"avg": 281,
					"count": 7,
					"min": 20,
					"max": 499
				},
				"2022-11-20": {
					"avg": 53,
					"count": 6,
					"min": 20,
					"max": 124
				},
				"2022-11-21": {
					"avg": 29,
					"count": 1,
					"min": 29,
					"max": 29
				},
				"2022-11-22": {
					"avg": 339,
					"count": 41,
					"min": 8,
					"max": 823
				},
				"2022-11-23": {
					"avg": 30,
					"count": 9,
					"min": 20,
					"max": 77
				},
				"2022-11-24": {
					"avg": 52,
					"count": 4,
					"min": 23,
					"max": 104
				},
				"2022-11-25": {
					"avg": 75,
					"count": 21,
					"min": 11,
					"max": 219
				},
				"2022-11-26": {
					"avg": 775,
					"count": 17,
					"min": 15,
					"max": 823
				},
				"2022-11-27": {
					"avg": 26,
					"count": 9,
					"min": 9,
					"max": 60
				},
				"2022-11-28": {
					"avg": 67,
					"count": 2,
					"min": 23,
					"max": 111
				},
				"2022-11-29": {
					"avg": 70,
					"count": 4,
					"min": 9,
					"max": 114
				},
				"2022-11-30": {
					"avg": 29,
					"count": 2,
					"min": 21,
					"max": 37
				},
				"2022-12-01": {
					"avg": 15,
					"count": 2,
					"min": 15,
					"max": 15
				},
				"2022-12-02": {
					"avg": 23,
					"count": 4,
					"min": 11,
					"max": 37
				},
				"2022-12-03": {
					"avg": 60,
					"count": 3,
					"min": 23,
					"max": 119
				},
				"2022-12-04": {
					"avg": 160,
					"count": 6,
					"min": 23,
					"max": 532
				},
				"2022-12-05": {
					"avg": 53,
					"count": 76,
					"min": 8,
					"max": 219
				},
				"2022-12-06": {
					"avg": 148,
					"count": 1,
					"min": 148,
					"max": 148
				},
				"2022-12-07": {
					"avg": 85,
					"count": 9,
					"min": 25,
					"max": 120
				},
				"2022-12-09": {
					"avg": 68,
					"count": 6,
					"min": 22,
					"max": 126
				},
				"2022-12-10": {
					"avg": 38,
					"count": 2,
					"min": 36,
					"max": 39
				},
				"2022-12-11": {
					"avg": 119,
					"count": 1,
					"min": 119,
					"max": 119
				},
				"2022-12-12": {
					"avg": 40,
					"count": 7,
					"min": 20,
					"max": 141
				},
				"2022-12-13": {
					"avg": 32,
					"count": 3,
					"min": 29,
					"max": 37
				},
				"2022-12-14": {
					"avg": 55,
					"count": 5,
					"min": 35,
					"max": 137
				},
				"2022-12-15": {
					"avg": 34,
					"count": 6,
					"min": 29,
					"max": 39
				},
				"2022-12-16": {
					"avg": 114,
					"count": 17,
					"min": 21,
					"max": 172
				},
				"2022-12-17": {
					"avg": 60,
					"count": 4,
					"min": 30,
					"max": 132
				},
				"2022-12-18": {
					"avg": 66,
					"count": 2,
					"min": 20,
					"max": 113
				},
				"2022-12-19": {
					"avg": 35,
					"count": 3,
					"min": 30,
					"max": 38
				},
				"2022-12-20": {
					"avg": 42,
					"count": 1,
					"min": 42,
					"max": 42
				},
				"2022-12-21": {
					"avg": 27,
					"count": 11,
					"min": 25,
					"max": 38
				},
				"2022-12-22": {
					"avg": 28,
					"count": 3,
					"min": 24,
					"max": 35
				},
				"2022-12-23": {
					"avg": 145,
					"count": 7,
					"min": 106,
					"max": 374
				},
				"2022-12-24": {
					"avg": 25,
					"count": 1,
					"min": 25,
					"max": 25
				},
				"2022-12-25": {
					"avg": 130,
					"count": 2,
					"min": 127,
					"max": 132
				},
				"2022-12-26": {
					"avg": 229,
					"count": 1,
					"min": 229,
					"max": 229
				},
				"2022-12-27": {
					"avg": 65,
					"count": 21,
					"min": 9,
					"max": 124
				},
				"2022-12-28": {
					"avg": 60,
					"count": 3,
					"min": 27,
					"max": 114
				},
				"2022-12-29": {
					"avg": 174,
					"count": 36,
					"min": 24,
					"max": 210
				},
				"2022-12-30": {
					"avg": 50,
					"count": 1,
					"min": 50,
					"max": 50
				},
				"2022-12-31": {
					"avg": 104,
					"count": 3,
					"min": 26,
					"max": 150
				},
				"2023-01-01": {
					"avg": 91,
					"count": 6,
					"min": 25,
					"max": 134
				},
				"2023-01-02": {
					"avg": 124,
					"count": 58,
					"min": 25,
					"max": 324
				},
				"2023-01-03": {
					"avg": 54,
					"count": 10,
					"min": 15,
					"max": 111
				},
				"2023-01-04": {
					"avg": 151,
					"count": 4,
					"min": 38,
					"max": 275
				},
				"2023-01-05": {
					"avg": 86,
					"count": 11,
					"min": 30,
					"max": 221
				},
				"2023-01-06": {
					"avg": 58,
					"count": 5,
					"min": 6,
					"max": 175
				},
				"2023-01-07": {
					"avg": 34,
					"count": 14,
					"min": 11,
					"max": 39
				},
				"2023-01-08": {
					"avg": 79,
					"count": 1,
					"min": 79,
					"max": 79
				},
				"2023-01-09": {
					"avg": 101,
					"count": 9,
					"min": 26,
					"max": 110
				},
				"2023-01-10": {
					"avg": 54,
					"count": 31,
					"min": 38,
					"max": 111
				},
				"2023-01-11": {
					"avg": 63,
					"count": 51,
					"min": 30,
					"max": 139
				},
				"2023-01-12": {
					"avg": 64,
					"count": 8,
					"min": 18,
					"max": 139
				},
				"2023-02-06": {
					"avg": 108,
					"count": 10,
					"min": 20,
					"max": 149
				},
				"2023-02-07": {
					"avg": 137,
					"count": 7,
					"min": 30,
					"max": 310
				},
				"2023-02-08": {
					"avg": 208,
					"count": 2,
					"min": 42,
					"max": 374
				},
				"2023-02-09": {
					"avg": 87,
					"count": 2,
					"min": 63,
					"max": 111
				},
				"2023-02-10": {
					"avg": 80,
					"count": 10,
					"min": 80,
					"max": 80
				},
				"2023-02-11": {
					"avg": 93,
					"count": 10,
					"min": 15,
					"max": 194
				},
				"2023-02-12": {
					"avg": 152,
					"count": 3,
					"min": 15,
					"max": 409
				},
				"2023-02-13": {
					"avg": 225,
					"count": 6,
					"min": 111,
					"max": 248
				},
				"2023-02-14": {
					"avg": 107,
					"count": 16,
					"min": 41,
					"max": 113
				},
				"2023-02-15": {
					"avg": 76,
					"count": 8,
					"min": 32,
					"max": 205
				},
				"2023-02-16": {
					"avg": 49,
					"count": 5,
					"min": 20,
					"max": 119
				},
				"2023-02-17": {
					"avg": 121,
					"count": 7,
					"min": 20,
					"max": 532
				},
				"2023-02-18": {
					"avg": 214,
					"count": 4,
					"min": 20,
					"max": 774
				},
				"2023-02-19": {
					"avg": 100,
					"count": 7,
					"min": 29,
					"max": 159
				},
				"2023-02-20": {
					"avg": 144,
					"count": 16,
					"min": 12,
					"max": 183
				},
				"2023-02-22": {
					"avg": 93,
					"count": 3,
					"min": 19,
					"max": 234
				},
				"2023-02-23": {
					"avg": 22,
					"count": 4,
					"min": 13,
					"max": 32
				},
				"2023-02-24": {
					"avg": 36,
					"count": 4,
					"min": 16,
					"max": 71
				},
				"2023-02-25": {
					"avg": 18,
					"count": 3,
					"min": 10,
					"max": 25
				},
				"2023-02-26": {
					"avg": 28,
					"count": 2,
					"min": 20,
					"max": 36
				},
				"2023-02-27": {
					"avg": 54,
					"count": 3,
					"min": 21,
					"max": 114
				},
				"2023-02-28": {
					"avg": 95,
					"count": 10,
					"min": 21,
					"max": 145
				},
				"2023-03-01": {
					"avg": 45,
					"count": 4,
					"min": 18,
					"max": 114
				},
				"2023-03-03": {
					"avg": 41,
					"count": 5,
					"min": 20,
					"max": 124
				},
				"2023-03-04": {
					"avg": 78,
					"count": 2,
					"min": 44,
					"max": 113
				},
				"2023-03-05": {
					"avg": 148,
					"count": 8,
					"min": 8,
					"max": 441
				},
				"2023-03-06": {
					"avg": 24,
					"count": 9,
					"min": 18,
					"max": 25
				},
				"2023-03-07": {
					"avg": 23,
					"count": 2,
					"min": 20,
					"max": 26
				},
				"2023-03-08": {
					"avg": 48,
					"count": 4,
					"min": 15,
					"max": 121
				},
				"2023-03-09": {
					"avg": 142,
					"count": 5,
					"min": 25,
					"max": 200
				},
				"2023-03-10": {
					"avg": 28,
					"count": 4,
					"min": 23,
					"max": 35
				},
				"2023-03-11": {
					"avg": 25,
					"count": 12,
					"min": 15,
					"max": 30
				},
				"2023-03-12": {
					"avg": 108,
					"count": 33,
					"min": 50,
					"max": 110
				},
				"2023-03-13": {
					"avg": 45,
					"count": 1,
					"min": 45,
					"max": 45
				},
				"2023-03-14": {
					"avg": 184,
					"count": 4,
					"min": 36,
					"max": 424
				},
				"2023-03-15": {
					"avg": 77,
					"count": 7,
					"min": 25,
					"max": 124
				},
				"2023-03-16": {
					"avg": 88,
					"count": 2,
					"min": 27,
					"max": 148
				},
				"2023-03-18": {
					"avg": 30,
					"count": 3,
					"min": 21,
					"max": 47
				},
				"2023-03-19": {
					"avg": 58,
					"count": 5,
					"min": 21,
					"max": 150
				},
				"2023-03-20": {
					"avg": 79,
					"count": 11,
					"min": 15,
					"max": 546
				},
				"2023-03-21": {
					"avg": 32,
					"count": 3,
					"min": 21,
					"max": 49
				},
				"2023-03-22": {
					"avg": 315,
					"count": 44,
					"min": 27,
					"max": 331
				},
				"2023-03-23": {
					"avg": 88,
					"count": 5,
					"min": 27,
					"max": 138
				},
				"2023-03-24": {
					"avg": 124,
					"count": 6,
					"min": 23,
					"max": 259
				},
				"2023-03-25": {
					"avg": 117,
					"count": 15,
					"min": 30,
					"max": 241
				},
				"2023-03-26": {
					"avg": 145,
					"count": 4,
					"min": 119,
					"max": 209
				},
				"2023-03-27": {
					"avg": 157,
					"count": 9,
					"min": 23,
					"max": 648
				},
				"2023-03-28": {
					"avg": 27,
					"count": 68,
					"min": 19,
					"max": 174
				},
				"2023-03-29": {
					"avg": 120,
					"count": 12,
					"min": 23,
					"max": 235
				},
				"2023-03-31": {
					"avg": 120,
					"count": 28,
					"min": 27,
					"max": 248
				},
				"2023-04-01": {
					"avg": 112,
					"count": 5,
					"min": 27,
					"max": 235
				},
				"2023-04-02": {
					"avg": 45,
					"count": 5,
					"min": 23,
					"max": 99
				},
				"2023-04-03": {
					"avg": 241,
					"count": 52,
					"min": 13,
					"max": 330
				},
				"2023-04-04": {
					"avg": 310,
					"count": 3,
					"min": 27,
					"max": 846
				},
				"2023-04-06": {
					"avg": 59,
					"count": 3,
					"min": 22,
					"max": 124
				},
				"2023-04-07": {
					"avg": 105,
					"count": 12,
					"min": 30,
					"max": 140
				},
				"2023-04-08": {
					"avg": 802,
					"count": 41,
					"min": 39,
					"max": 1043
				},
				"2023-04-09": {
					"avg": 61,
					"count": 8,
					"min": 17,
					"max": 120
				},
				"2023-04-10": {
					"avg": 120,
					"count": 7,
					"min": 23,
					"max": 449
				},
				"2023-04-11": {
					"avg": 53,
					"count": 4,
					"min": 18,
					"max": 79
				},
				"2023-04-12": {
					"avg": 83,
					"count": 2,
					"min": 25,
					"max": 140
				},
				"2023-04-13": {
					"avg": 68,
					"count": 6,
					"min": 33,
					"max": 119
				},
				"2023-04-14": {
					"avg": 433,
					"count": 5,
					"min": 67,
					"max": 524
				},
				"2023-04-15": {
					"avg": 23,
					"count": 20,
					"min": 10,
					"max": 235
				},
				"2023-04-16": {
					"avg": 240,
					"count": 3,
					"min": 33,
					"max": 562
				},
				"2023-04-17": {
					"avg": 70,
					"count": 2,
					"min": 30,
					"max": 110
				},
				"2023-04-18": {
					"avg": 196,
					"count": 10,
					"min": 20,
					"max": 215
				},
				"2023-04-19": {
					"avg": 129,
					"count": 2,
					"min": 33,
					"max": 225
				},
				"2023-04-20": {
					"avg": 88,
					"count": 3,
					"min": 33,
					"max": 119
				},
				"2023-04-21": {
					"avg": 23,
					"count": 11,
					"min": 10,
					"max": 148
				},
				"2023-04-22": {
					"avg": 37,
					"count": 18,
					"min": 21,
					"max": 99
				},
				"2023-04-23": {
					"avg": 525,
					"count": 4,
					"min": 13,
					"max": 2049
				},
				"2023-04-25": {
					"avg": 86,
					"count": 4,
					"min": 25,
					"max": 148
				},
				"2023-04-26": {
					"avg": 37,
					"count": 3,
					"min": 12,
					"max": 67
				},
				"2023-04-27": {
					"avg": 106,
					"count": 2,
					"min": 99,
					"max": 113
				},
				"2023-04-28": {
					"avg": 49,
					"count": 82,
					"min": 25,
					"max": 148
				},
				"2023-04-29": {
					"avg": 44,
					"count": 17,
					"min": 25,
					"max": 119
				},
				"2023-05-01": {
					"avg": 80,
					"count": 4,
					"min": 20,
					"max": 142
				},
				"2023-05-02": {
					"avg": 173,
					"count": 4,
					"min": 34,
					"max": 449
				},
				"2023-05-03": {
					"avg": 41,
					"count": 3,
					"min": 10,
					"max": 79
				},
				"2023-05-04": {
					"avg": 34,
					"count": 2,
					"min": 34,
					"max": 34
				},
				"2023-05-05": {
					"avg": 64,
					"count": 3,
					"min": 34,
					"max": 124
				},
				"2023-05-06": {
					"avg": 266,
					"count": 9,
					"min": 20,
					"max": 449
				},
				"2023-05-07": {
					"avg": 198,
					"count": 21,
					"min": 15,
					"max": 365
				},
				"2023-05-08": {
					"avg": 60,
					"count": 4,
					"min": 20,
					"max": 149
				},
				"2023-05-09": {
					"avg": 29,
					"count": 3,
					"min": 25,
					"max": 36
				},
				"2023-05-10": {
					"avg": 73,
					"count": 2,
					"min": 67,
					"max": 79
				},
				"2023-05-12": {
					"avg": 25,
					"count": 1,
					"min": 25,
					"max": 25
				},
				"2023-05-13": {
					"avg": 29,
					"count": 1,
					"min": 29,
					"max": 29
				},
				"2023-05-14": {
					"avg": 41,
					"count": 2,
					"min": 25,
					"max": 57
				},
				"2023-05-15": {
					"avg": 95,
					"count": 4,
					"min": 25,
					"max": 154
				},
				"2023-05-17": {
					"avg": 59,
					"count": 4,
					"min": 25,
					"max": 155
				},
				"2023-05-18": {
					"avg": 67,
					"count": 7,
					"min": 18,
					"max": 134
				},
				"2023-05-19": {
					"avg": 68,
					"count": 28,
					"min": 25,
					"max": 514
				},
				"2023-05-20": {
					"avg": 66,
					"count": 3,
					"min": 22,
					"max": 154
				},
				"2023-05-22": {
					"avg": 56,
					"count": 1,
					"min": 56,
					"max": 56
				},
				"2023-05-23": {
					"avg": 168,
					"count": 3,
					"min": 24,
					"max": 424
				},
				"2023-05-24": {
					"avg": 99,
					"count": 12,
					"min": 24,
					"max": 114
				},
				"2023-05-25": {
					"avg": 90,
					"count": 1,
					"min": 90,
					"max": 90
				},
				"2023-05-26": {
					"avg": 57,
					"count": 3,
					"min": 44,
					"max": 79
				},
				"2023-05-27": {
					"avg": 94,
					"count": 14,
					"min": 24,
					"max": 113
				},
				"2023-05-28": {
					"avg": 30,
					"count": 6,
					"min": 24,
					"max": 62
				},
				"2023-05-29": {
					"avg": 41,
					"count": 9,
					"min": 19,
					"max": 124
				},
				"2023-05-30": {
					"avg": 103,
					"count": 5,
					"min": 49,
					"max": 154
				},
				"2023-05-31": {
					"avg": 71,
					"count": 5,
					"min": 24,
					"max": 154
				},
				"2023-06-01": {
					"avg": 351,
					"count": 11,
					"min": 25,
					"max": 1144
				},
				"2023-06-02": {
					"avg": 78,
					"count": 2,
					"min": 15,
					"max": 141
				},
				"2023-06-03": {
					"avg": 66,
					"count": 2,
					"min": 24,
					"max": 108
				},
				"2023-06-04": {
					"avg": 39,
					"count": 11,
					"min": 35,
					"max": 79
				},
				"2023-06-05": {
					"avg": 382,
					"count": 3,
					"min": 49,
					"max": 649
				},
				"2023-06-06": {
					"avg": 94,
					"count": 2,
					"min": 56,
					"max": 131
				},
				"2023-06-07": {
					"avg": 74,
					"count": 3,
					"min": 24,
					"max": 144
				},
				"2023-06-08": {
					"avg": 58,
					"count": 4,
					"min": 29,
					"max": 131
				},
				"2023-06-09": {
					"avg": 24,
					"count": 1,
					"min": 24,
					"max": 24
				},
				"2023-06-10": {
					"avg": 450,
					"count": 1,
					"min": 450,
					"max": 450
				},
				"2023-06-11": {
					"avg": 29,
					"count": 1,
					"min": 29,
					"max": 29
				},
				"2023-06-12": {
					"avg": 116,
					"count": 5,
					"min": 18,
					"max": 449
				},
				"2023-06-13": {
					"avg": 341,
					"count": 2,
					"min": 29,
					"max": 653
				},
				"2023-06-14": {
					"avg": 38,
					"count": 2,
					"min": 29,
					"max": 47
				},
				"2023-06-15": {
					"avg": 49,
					"count": 3,
					"min": 24,
					"max": 100
				},
				"2023-06-16": {
					"avg": 136,
					"count": 5,
					"min": 29,
					"max": 163
				},
				"2023-06-17": {
					"avg": 32,
					"count": 4,
					"min": 24,
					"max": 56
				},
				"2023-06-18": {
					"avg": 42,
					"count": 19,
					"min": 24,
					"max": 100
				},
				"2023-06-19": {
					"avg": 115,
					"count": 40,
					"min": 29,
					"max": 129
				},
				"2023-06-20": {
					"avg": 49,
					"count": 4,
					"min": 24,
					"max": 100
				},
				"2023-06-21": {
					"avg": 27,
					"count": 2,
					"min": 24,
					"max": 29
				},
				"2023-06-22": {
					"avg": 124,
					"count": 9,
					"min": 24,
					"max": 399
				},
				"2023-06-23": {
					"avg": 154,
					"count": 7,
					"min": 24,
					"max": 441
				},
				"2023-06-24": {
					"avg": 85,
					"count": 7,
					"min": 24,
					"max": 225
				},
				"2023-06-26": {
					"avg": 117,
					"count": 6,
					"min": 110,
					"max": 131
				},
				"2023-06-28": {
					"avg": 56,
					"count": 1,
					"min": 56,
					"max": 56
				},
				"2023-06-29": {
					"avg": 44,
					"count": 5,
					"min": 10,
					"max": 160
				},
				"2023-06-30": {
					"avg": 197,
					"count": 32,
					"min": 23,
					"max": 428
				},
				"2023-07-01": {
					"avg": 34,
					"count": 3,
					"min": 23,
					"max": 56
				},
				"2023-07-02": {
					"avg": 98,
					"count": 2,
					"min": 56,
					"max": 139
				},
				"2023-07-03": {
					"avg": 43,
					"count": 8,
					"min": 23,
					"max": 120
				},
				"2023-07-04": {
					"avg": 56,
					"count": 4,
					"min": 23,
					"max": 113
				},
				"2023-07-05": {
					"avg": 125,
					"count": 11,
					"min": 23,
					"max": 399
				},
				"2023-07-06": {
					"avg": 42,
					"count": 36,
					"min": 23,
					"max": 73
				},
				"2023-07-07": {
					"avg": 116,
					"count": 15,
					"min": 26,
					"max": 176
				},
				"2023-07-08": {
					"avg": 67,
					"count": 4,
					"min": 20,
					"max": 120
				},
				"2023-07-09": {
					"avg": 33,
					"count": 6,
					"min": 26,
					"max": 61
				},
				"2023-07-10": {
					"avg": 64,
					"count": 4,
					"min": 30,
					"max": 119
				},
				"2023-07-11": {
					"avg": 28,
					"count": 4,
					"min": 15,
					"max": 51
				},
				"2023-07-12": {
					"avg": 145,
					"count": 7,
					"min": 18,
					"max": 415
				},
				"2023-07-13": {
					"avg": 204,
					"count": 45,
					"min": 25,
					"max": 514
				},
				"2023-07-14": {
					"avg": 107,
					"count": 6,
					"min": 12,
					"max": 408
				},
				"2023-07-15": {
					"avg": 51,
					"count": 3,
					"min": 10,
					"max": 113
				},
				"2023-07-16": {
					"avg": 86,
					"count": 8,
					"min": 6,
					"max": 150
				},
				"2023-07-17": {
					"avg": 179,
					"count": 17,
					"min": 11,
					"max": 408
				},
				"2023-07-18": {
					"avg": 34,
					"count": 34,
					"min": 10,
					"max": 141
				},
				"2023-07-19": {
					"avg": 32,
					"count": 107,
					"min": 17,
					"max": 656
				},
				"2023-07-20": {
					"avg": 46,
					"count": 6,
					"min": 25,
					"max": 151
				},
				"2023-07-21": {
					"avg": 336,
					"count": 20,
					"min": 25,
					"max": 426
				},
				"2023-07-22": {
					"avg": 46,
					"count": 12,
					"min": 18,
					"max": 115
				},
				"2023-07-23": {
					"avg": 29,
					"count": 15,
					"min": 15,
					"max": 123
				},
				"2023-07-24": {
					"avg": 29,
					"count": 2,
					"min": 29,
					"max": 29
				},
				"2023-07-25": {
					"avg": 177,
					"count": 17,
					"min": 16,
					"max": 408
				},
				"2023-07-26": {
					"avg": 124,
					"count": 9,
					"min": 110,
					"max": 169
				},
				"2023-07-27": {
					"avg": 22,
					"count": 1,
					"min": 22,
					"max": 22
				},
				"2023-07-28": {
					"avg": 25,
					"count": 4,
					"min": 25,
					"max": 25
				},
				"2023-07-29": {
					"avg": 531,
					"count": 28,
					"min": 26,
					"max": 826
				},
				"2023-07-30": {
					"avg": 275,
					"count": 6,
					"min": 10,
					"max": 1046
				},
				"2023-07-31": {
					"avg": 88,
					"count": 2,
					"min": 26,
					"max": 149
				},
				"2023-08-01": {
					"avg": 128,
					"count": 22,
					"min": 20,
					"max": 532
				},
				"2023-08-02": {
					"avg": 25,
					"count": 5,
					"min": 21,
					"max": 30
				},
				"2023-08-04": {
					"avg": 59,
					"count": 25,
					"min": 21,
					"max": 149
				},
				"2023-08-05": {
					"avg": 59,
					"count": 9,
					"min": 25,
					"max": 80
				},
				"2023-08-06": {
					"avg": 52,
					"count": 1,
					"min": 52,
					"max": 52
				},
				"2023-08-07": {
					"avg": 55,
					"count": 30,
					"min": 18,
					"max": 126
				},
				"2023-08-08": {
					"avg": 88,
					"count": 5,
					"min": 22,
					"max": 149
				},
				"2023-08-09": {
					"avg": 65,
					"count": 4,
					"min": 10,
					"max": 118
				},
				"2023-08-10": {
					"avg": 237,
					"count": 2,
					"min": 25,
					"max": 449
				},
				"2023-08-11": {
					"avg": 32,
					"count": 3,
					"min": 27,
					"max": 40
				},
				"2023-08-12": {
					"avg": 179,
					"count": 11,
					"min": 25,
					"max": 998
				},
				"2023-08-13": {
					"avg": 50,
					"count": 4,
					"min": 10,
					"max": 117
				},
				"2023-08-14": {
					"avg": 89,
					"count": 8,
					"min": 18,
					"max": 121
				},
				"2023-08-15": {
					"avg": 86,
					"count": 6,
					"min": 29,
					"max": 110
				},
				"2023-08-16": {
					"avg": 67,
					"count": 6,
					"min": 10,
					"max": 114
				},
				"2023-08-18": {
					"avg": 67,
					"count": 3,
					"min": 25,
					"max": 124
				},
				"2023-08-19": {
					"avg": 46,
					"count": 3,
					"min": 29,
					"max": 59
				},
				"2023-08-20": {
					"avg": 48,
					"count": 2,
					"min": 47,
					"max": 48
				},
				"2023-08-21": {
					"avg": 28,
					"count": 3,
					"min": 10,
					"max": 49
				},
				"2023-08-22": {
					"avg": 35,
					"count": 8,
					"min": 18,
					"max": 100
				},
				"2023-08-23": {
					"avg": 115,
					"count": 13,
					"min": 25,
					"max": 223
				},
				"2023-08-24": {
					"avg": 150,
					"count": 5,
					"min": 10,
					"max": 449
				},
				"2023-08-25": {
					"avg": 94,
					"count": 11,
					"min": 10,
					"max": 223
				},
				"2023-08-26": {
					"avg": 37,
					"count": 2,
					"min": 26,
					"max": 48
				},
				"2023-08-27": {
					"avg": 24,
					"count": 2,
					"min": 24,
					"max": 24
				},
				"2023-08-28": {
					"avg": 137,
					"count": 4,
					"min": 25,
					"max": 449
				},
				"2023-08-29": {
					"avg": 120,
					"count": 6,
					"min": 15,
					"max": 225
				},
				"2023-08-30": {
					"avg": 27,
					"count": 1,
					"min": 27,
					"max": 27
				},
				"2023-08-31": {
					"avg": 29,
					"count": 1,
					"min": 29,
					"max": 29
				},
				"2023-09-01": {
					"avg": 115,
					"count": 5,
					"min": 18,
					"max": 165
				},
				"2023-09-02": {
					"avg": 51,
					"count": 4,
					"min": 25,
					"max": 128
				},
				"2023-09-03": {
					"avg": 192,
					"count": 20,
					"min": 25,
					"max": 265
				},
				"2023-09-04": {
					"avg": 27,
					"count": 2,
					"min": 25,
					"max": 29
				},
				"2023-09-05": {
					"avg": 25,
					"count": 1,
					"min": 25,
					"max": 25
				},
				"2023-09-06": {
					"avg": 33,
					"count": 11,
					"min": 25,
					"max": 114
				},
				"2023-09-07": {
					"avg": 63,
					"count": 6,
					"min": 22,
					"max": 124
				},
				"2023-09-09": {
					"avg": 28,
					"count": 51,
					"min": 25,
					"max": 34
				},
				"2023-09-10": {
					"avg": 74,
					"count": 2,
					"min": 34,
					"max": 114
				},
				"2023-09-11": {
					"avg": 211,
					"count": 10,
					"min": 25,
					"max": 1740
				},
				"2023-09-14": {
					"avg": 79,
					"count": 5,
					"min": 20,
					"max": 114
				},
				"2023-09-15": {
					"avg": 117,
					"count": 2,
					"min": 114,
					"max": 119
				},
				"2023-09-16": {
					"avg": 485,
					"count": 41,
					"min": 20,
					"max": 509
				},
				"2023-09-17": {
					"avg": 25,
					"count": 2,
					"min": 24,
					"max": 25
				},
				"2023-09-18": {
					"avg": 94,
					"count": 4,
					"min": 20,
					"max": 124
				},
				"2023-09-19": {
					"avg": 36,
					"count": 3,
					"min": 25,
					"max": 49
				},
				"2023-09-20": {
					"avg": 25,
					"count": 2,
					"min": 15,
					"max": 35
				},
				"2023-09-21": {
					"avg": 155,
					"count": 7,
					"min": 25,
					"max": 230
				},
				"2023-09-22": {
					"avg": 130,
					"count": 2,
					"min": 25,
					"max": 234
				},
				"2023-09-23": {
					"avg": 135,
					"count": 7,
					"min": 19,
					"max": 214
				},
				"2023-09-24": {
					"avg": 71,
					"count": 10,
					"min": 18,
					"max": 124
				},
				"2023-09-25": {
					"avg": 22,
					"count": 5,
					"min": 15,
					"max": 27
				},
				"2023-09-26": {
					"avg": 162,
					"count": 5,
					"min": 27,
					"max": 449
				},
				"2023-09-27": {
					"avg": 104,
					"count": 7,
					"min": 35,
					"max": 137
				},
				"2023-09-28": {
					"avg": 90,
					"count": 36,
					"min": 27,
					"max": 126
				},
				"2023-09-29": {
					"avg": 91,
					"count": 5,
					"min": 29,
					"max": 107
				},
				"2023-09-30": {
					"avg": 109,
					"count": 34,
					"min": 17,
					"max": 449
				},
				"2023-10-01": {
					"avg": 83,
					"count": 4,
					"min": 25,
					"max": 147
				},
				"2023-10-02": {
					"avg": 113,
					"count": 1,
					"min": 113,
					"max": 113
				},
				"2023-10-03": {
					"avg": 251,
					"count": 2,
					"min": 52,
					"max": 449
				},
				"2023-10-04": {
					"avg": 97,
					"count": 5,
					"min": 10,
					"max": 219
				},
				"2023-10-05": {
					"avg": 49,
					"count": 1,
					"min": 49,
					"max": 49
				},
				"2023-10-06": {
					"avg": 167,
					"count": 12,
					"min": 87,
					"max": 513
				},
				"2023-10-07": {
					"avg": 77,
					"count": 2,
					"min": 20,
					"max": 134
				},
				"2023-10-08": {
					"avg": 26,
					"count": 4,
					"min": 20,
					"max": 30
				},
				"2023-10-09": {
					"avg": 108,
					"count": 14,
					"min": 92,
					"max": 114
				},
				"2023-10-10": {
					"avg": 126,
					"count": 3,
					"min": 30,
					"max": 225
				},
				"2023-10-11": {
					"avg": 76,
					"count": 6,
					"min": 21,
					"max": 128
				},
				"2023-10-12": {
					"avg": 26,
					"count": 2,
					"min": 25,
					"max": 26
				},
				"2023-10-13": {
					"avg": 145,
					"count": 5,
					"min": 10,
					"max": 337
				},
				"2023-10-14": {
					"avg": 299,
					"count": 4,
					"min": 24,
					"max": 524
				},
				"2023-10-15": {
					"avg": 74,
					"count": 3,
					"min": 35,
					"max": 148
				},
				"2023-10-16": {
					"avg": 134,
					"count": 1,
					"min": 134,
					"max": 134
				},
				"2023-10-17": {
					"avg": 79,
					"count": 2,
					"min": 25,
					"max": 133
				},
				"2023-10-18": {
					"avg": 132,
					"count": 10,
					"min": 49,
					"max": 157
				},
				"2023-10-19": {
					"avg": 92,
					"count": 64,
					"min": 26,
					"max": 226
				},
				"2023-10-20": {
					"avg": 177,
					"count": 14,
					"min": 110,
					"max": 234
				},
				"2023-10-21": {
					"avg": 18,
					"count": 3,
					"min": 15,
					"max": 23
				},
				"2023-10-22": {
					"avg": 42,
					"count": 2,
					"min": 25,
					"max": 59
				},
				"2023-10-23": {
					"avg": 95,
					"count": 2,
					"min": 35,
					"max": 154
				},
				"2023-10-24": {
					"avg": 311,
					"count": 6,
					"min": 35,
					"max": 513
				},
				"2023-10-25": {
					"avg": 74,
					"count": 7,
					"min": 15,
					"max": 420
				},
				"2023-10-26": {
					"avg": 66,
					"count": 3,
					"min": 25,
					"max": 144
				},
				"2023-10-27": {
					"avg": 27,
					"count": 6,
					"min": 15,
					"max": 41
				},
				"2023-10-28": {
					"avg": 87,
					"count": 2,
					"min": 47,
					"max": 126
				},
				"2023-10-29": {
					"avg": 125,
					"count": 5,
					"min": 25,
					"max": 178
				},
				"2023-10-30": {
					"avg": 81,
					"count": 5,
					"min": 25,
					"max": 198
				},
				"2023-10-31": {
					"avg": 74,
					"count": 5,
					"min": 19,
					"max": 133
				},
				"2023-11-01": {
					"avg": 281,
					"count": 2,
					"min": 113,
					"max": 449
				},
				"2023-11-02": {
					"avg": 42,
					"count": 2,
					"min": 42,
					"max": 42
				},
				"2023-11-03": {
					"avg": 50,
					"count": 4,
					"min": 23,
					"max": 108
				},
				"2023-11-04": {
					"avg": 112,
					"count": 7,
					"min": 22,
					"max": 178
				},
				"2023-11-05": {
					"avg": 66,
					"count": 4,
					"min": 21,
					"max": 108
				},
				"2023-11-06": {
					"avg": 101,
					"count": 7,
					"min": 22,
					"max": 178
				},
				"2023-11-08": {
					"avg": 178,
					"count": 1,
					"min": 178,
					"max": 178
				},
				"2023-11-09": {
					"avg": 140,
					"count": 3,
					"min": 42,
					"max": 248
				},
				"2023-11-10": {
					"avg": 164,
					"count": 1,
					"min": 164,
					"max": 164
				},
				"2023-11-11": {
					"avg": 63,
					"count": 3,
					"min": 22,
					"max": 123
				},
				"2023-11-12": {
					"avg": 68,
					"count": 2,
					"min": 21,
					"max": 114
				},
				"2023-11-13": {
					"avg": 92,
					"count": 5,
					"min": 44,
					"max": 104
				},
				"2023-11-14": {
					"avg": 76,
					"count": 5,
					"min": 19,
					"max": 148
				},
				"2023-11-15": {
					"avg": 89,
					"count": 3,
					"min": 49,
					"max": 118
				},
				"2023-11-16": {
					"avg": 20,
					"count": 1,
					"min": 20,
					"max": 20
				},
				"2023-11-17": {
					"avg": 30,
					"count": 9,
					"min": 20,
					"max": 42
				},
				"2023-11-18": {
					"avg": 141,
					"count": 1,
					"min": 141,
					"max": 141
				},
				"2023-11-19": {
					"avg": 42,
					"count": 1,
					"min": 42,
					"max": 42
				},
				"2023-11-20": {
					"avg": 41,
					"count": 8,
					"min": 22,
					"max": 131
				},
				"2023-11-21": {
					"avg": 69,
					"count": 20,
					"min": 20,
					"max": 573
				},
				"2023-11-22": {
					"avg": 193,
					"count": 1,
					"min": 193,
					"max": 193
				},
				"2023-11-23": {
					"avg": 20,
					"count": 1,
					"min": 20,
					"max": 20
				},
				"2023-11-24": {
					"avg": 114,
					"count": 58,
					"min": 42,
					"max": 197
				},
				"2023-11-25": {
					"avg": 114,
					"count": 2,
					"min": 104,
					"max": 123
				},
				"2023-11-26": {
					"avg": 192,
					"count": 7,
					"min": 41,
					"max": 723
				},
				"2023-11-27": {
					"avg": 126,
					"count": 2,
					"min": 114,
					"max": 138
				},
				"2024-05-15": {
					"avg": 137,
					"count": 1,
					"min": 137,
					"max": 137
				},
				"2024-05-16": {
					"avg": 15,
					"count": 4,
					"min": 13,
					"max": 21
				},
				"2024-05-17": {
					"avg": 217,
					"count": 53,
					"min": 10,
					"max": 516
				},
				"2024-05-18": {
					"avg": 141,
					"count": 74,
					"min": 13,
					"max": 242
				},
				"2024-05-19": {
					"avg": 39,
					"count": 2,
					"min": 39,
					"max": 39
				},
				"2024-05-20": {
					"avg": 281,
					"count": 9,
					"min": 25,
					"max": 537
				},
				"2024-05-21": {
					"avg": 24,
					"count": 6,
					"min": 12,
					"max": 50
				},
				"2024-05-22": {
					"avg": 39,
					"count": 14,
					"min": 17,
					"max": 142
				},
				"2024-05-23": {
					"avg": 202,
					"count": 6,
					"min": 128,
					"max": 296
				},
				"2024-05-24": {
					"avg": 255,
					"count": 17,
					"min": 17,
					"max": 532
				},
				"2024-05-26": {
					"avg": 122,
					"count": 4,
					"min": 45,
					"max": 157
				},
				"2024-05-27": {
					"avg": 172,
					"count": 1,
					"min": 172,
					"max": 172
				},
				"2024-05-28": {
					"avg": 128,
					"count": 1,
					"min": 128,
					"max": 128
				},
				"2024-05-29": {
					"avg": 198,
					"count": 3,
					"min": 80,
					"max": 408
				},
				"2024-05-30": {
					"avg": 196,
					"count": 4,
					"min": 13,
					"max": 608
				},
				"2024-05-31": {
					"avg": 137,
					"count": 3,
					"min": 137,
					"max": 137
				},
				"2024-06-01": {
					"avg": 135,
					"count": 2,
					"min": 135,
					"max": 135
				},
				"2024-06-02": {
					"avg": 12,
					"count": 1,
					"min": 12,
					"max": 12
				},
				"2024-06-03": {
					"avg": 52,
					"count": 9,
					"min": 12,
					"max": 101
				},
				"2024-06-04": {
					"avg": 142,
					"count": 2,
					"min": 139,
					"max": 145
				},
				"2024-06-07": {
					"avg": 28,
					"count": 7,
					"min": 10,
					"max": 132
				},
				"2024-06-08": {
					"avg": 125,
					"count": 4,
					"min": 125,
					"max": 125
				},
				"2024-06-09": {
					"avg": 137,
					"count": 1,
					"min": 137,
					"max": 137
				},
				"2024-06-10": {
					"avg": 24,
					"count": 5,
					"min": 20,
					"max": 25
				},
				"2024-06-11": {
					"avg": 76,
					"count": 2,
					"min": 25,
					"max": 126
				},
				"2024-06-12": {
					"avg": 21,
					"count": 4,
					"min": 21,
					"max": 21
				},
				"2024-06-14": {
					"avg": 121,
					"count": 1,
					"min": 121,
					"max": 121
				},
				"2024-06-15": {
					"avg": 152,
					"count": 1,
					"min": 152,
					"max": 152
				},
				"2024-06-16": {
					"avg": 137,
					"count": 1,
					"min": 137,
					"max": 137
				},
				"2024-06-17": {
					"avg": 118,
					"count": 11,
					"min": 117,
					"max": 118
				},
				"2024-06-18": {
					"avg": 145,
					"count": 3,
					"min": 140,
					"max": 152
				},
				"2024-06-19": {
					"avg": 55,
					"count": 8,
					"min": 55,
					"max": 55
				},
				"2024-06-20": {
					"avg": 21,
					"count": 1,
					"min": 21,
					"max": 21
				},
				"2024-06-21": {
					"avg": 222,
					"count": 10,
					"min": 222,
					"max": 222
				},
				"2024-06-22": {
					"avg": 223,
					"count": 3,
					"min": 19,
					"max": 457
				},
				"2024-06-23": {
					"avg": 146,
					"count": 1,
					"min": 146,
					"max": 146
				},
				"2024-06-24": {
					"avg": 40,
					"count": 3,
					"min": 40,
					"max": 40
				},
				"2024-06-26": {
					"avg": 118,
					"count": 3,
					"min": 109,
					"max": 137
				},
				"2024-06-27": {
					"avg": 35,
					"count": 23,
					"min": 21,
					"max": 39
				},
				"2024-06-28": {
					"avg": 58,
					"count": 1,
					"min": 58,
					"max": 58
				},
				"2024-06-29": {
					"avg": 27,
					"count": 1,
					"min": 27,
					"max": 27
				},
				"2024-06-30": {
					"avg": 140,
					"count": 1,
					"min": 140,
					"max": 140
				},
				"2024-07-02": {
					"avg": 39,
					"count": 3,
					"min": 39,
					"max": 39
				},
				"2024-07-03": {
					"avg": 27,
					"count": 2,
					"min": 27,
					"max": 27
				},
				"2024-07-04": {
					"avg": 79,
					"count": 23,
					"min": 35,
					"max": 147
				},
				"2024-07-05": {
					"avg": 153,
					"count": 3,
					"min": 117,
					"max": 224
				},
				"2024-07-08": {
					"avg": 234,
					"count": 6,
					"min": 13,
					"max": 278
				},
				"2024-07-09": {
					"avg": 88,
					"count": 2,
					"min": 23,
					"max": 152
				},
				"2024-07-10": {
					"avg": 114,
					"count": 3,
					"min": 114,
					"max": 114
				},
				"2024-07-11": {
					"avg": 511,
					"count": 1,
					"min": 511,
					"max": 511
				},
				"2024-07-12": {
					"avg": 28,
					"count": 2,
					"min": 25,
					"max": 31
				},
				"2024-07-13": {
					"avg": 24,
					"count": 1,
					"min": 24,
					"max": 24
				},
				"2024-07-14": {
					"avg": 126,
					"count": 1,
					"min": 126,
					"max": 126
				},
				"2024-07-15": {
					"avg": 62,
					"count": 1,
					"min": 62,
					"max": 62
				},
				"2024-07-16": {
					"avg": 69,
					"count": 3,
					"min": 24,
					"max": 146
				},
				"2024-07-17": {
					"avg": 17,
					"count": 1,
					"min": 17,
					"max": 17
				},
				"2024-07-18": {
					"avg": 238,
					"count": 2,
					"min": 17,
					"max": 459
				},
				"2024-07-19": {
					"avg": 24,
					"count": 2,
					"min": 24,
					"max": 24
				},
				"2024-07-20": {
					"avg": 37,
					"count": 2,
					"min": 25,
					"max": 49
				},
				"2024-07-22": {
					"avg": 273,
					"count": 4,
					"min": 18,
					"max": 507
				},
				"2024-07-23": {
					"avg": 107,
					"count": 1,
					"min": 107,
					"max": 107
				},
				"2024-07-25": {
					"avg": 25,
					"count": 2,
					"min": 25,
					"max": 25
				},
				"2024-07-26": {
					"avg": 155,
					"count": 8,
					"min": 155,
					"max": 155
				},
				"2024-07-27": {
					"avg": 138,
					"count": 2,
					"min": 120,
					"max": 156
				},
				"2024-07-30": {
					"avg": 30,
					"count": 1,
					"min": 30,
					"max": 30
				},
				"2024-07-31": {
					"avg": 123,
					"count": 3,
					"min": 109,
					"max": 152
				},
				"2024-08-01": {
					"avg": 651,
					"count": 1,
					"min": 651,
					"max": 651
				},
				"2024-08-02": {
					"avg": 152,
					"count": 2,
					"min": 152,
					"max": 152
				},
				"2024-08-03": {
					"avg": 21,
					"count": 1,
					"min": 21,
					"max": 21
				},
				"2024-08-04": {
					"avg": 67,
					"count": 8,
					"min": 22,
					"max": 143
				},
				"2024-08-05": {
					"avg": 29,
					"count": 1,
					"min": 29,
					"max": 29
				},
				"2024-08-06": {
					"avg": 25,
					"count": 3,
					"min": 25,
					"max": 25
				},
				"2024-08-10": {
					"avg": 50,
					"count": 1,
					"min": 50,
					"max": 50
				},
				"2024-08-11": {
					"avg": 109,
					"count": 1,
					"min": 109,
					"max": 109
				},
				"2024-08-14": {
					"avg": 148,
					"count": 3,
					"min": 148,
					"max": 148
				},
				"2024-08-16": {
					"avg": 140,
					"count": 1,
					"min": 140,
					"max": 140
				},
				"2024-08-17": {
					"avg": 40,
					"count": 1,
					"min": 40,
					"max": 40
				},
				"2024-08-18": {
					"avg": 661,
					"count": 3,
					"min": 661,
					"max": 661
				},
				"2024-08-20": {
					"avg": 137,
					"count": 22,
					"min": 132,
					"max": 142
				},
				"2024-08-22": {
					"avg": 67,
					"count": 3,
					"min": 21,
					"max": 154
				},
				"2024-08-24": {
					"avg": 142,
					"count": 7,
					"min": 142,
					"max": 142
				},
				"2024-08-25": {
					"avg": 125,
					"count": 1,
					"min": 125,
					"max": 125
				},
				"2024-08-26": {
					"avg": 87,
					"count": 2,
					"min": 49,
					"max": 125
				},
				"2024-08-27": {
					"avg": 99,
					"count": 1,
					"min": 99,
					"max": 99
				},
				"2024-08-28": {
					"avg": 141,
					"count": 3,
					"min": 137,
					"max": 142
				},
				"2024-08-30": {
					"avg": 85,
					"count": 2,
					"min": 28,
					"max": 142
				},
				"2024-09-01": {
					"avg": 135,
					"count": 5,
					"min": 25,
					"max": 558
				},
				"2024-09-03": {
					"avg": 1384,
					"count": 3,
					"min": 28,
					"max": 2061
				},
				"2024-09-04": {
					"avg": 91,
					"count": 14,
					"min": 21,
					"max": 150
				},
				"2024-09-06": {
					"avg": 279,
					"count": 1,
					"min": 279,
					"max": 279
				},
				"2024-09-07": {
					"avg": 49,
					"count": 1,
					"min": 49,
					"max": 49
				},
				"2024-09-08": {
					"avg": 36,
					"count": 3,
					"min": 28,
					"max": 49
				},
				"2024-09-09": {
					"avg": 137,
					"count": 3,
					"min": 110,
					"max": 152
				},
				"2024-09-15": {
					"avg": 24,
					"count": 1,
					"min": 24,
					"max": 24
				},
				"2024-09-16": {
					"avg": 30,
					"count": 70,
					"min": 30,
					"max": 30
				},
				"2024-09-18": {
					"avg": 27,
					"count": 6,
					"min": 25,
					"max": 28
				},
				"2024-09-19": {
					"avg": 220,
					"count": 1,
					"min": 220,
					"max": 220
				},
				"2024-09-20": {
					"avg": 140,
					"count": 5,
					"min": 25,
					"max": 211
				},
				"2024-09-21": {
					"avg": 224,
					"count": 6,
					"min": 224,
					"max": 224
				},
				"2024-09-22": {
					"avg": 168,
					"count": 1,
					"min": 168,
					"max": 168
				},
				"2024-09-23": {
					"avg": 26,
					"count": 2,
					"min": 22,
					"max": 30
				}
			},
			"avg": 126,
			"avg7": 156,
			"avg28": 156
		},
		"normal-nearmint": {
			"history": {
				"2024-05-23": {
					"avg": 114,
					"count": 6,
					"min": 102,
					"max": 172
				},
				"2024-05-24": {
					"avg": 251,
					"count": 2,
					"min": 50,
					"max": 452
				},
				"2024-05-25": {
					"avg": 42,
					"count": 5,
					"min": 36,
					"max": 58
				},
				"2024-05-27": {
					"avg": 238,
					"count": 1,
					"min": 238,
					"max": 238
				},
				"2024-05-28": {
					"avg": 39,
					"count": 1,
					"min": 39,
					"max": 39
				},
				"2024-05-29": {
					"avg": 19,
					"count": 1,
					"min": 19,
					"max": 19
				},
				"2024-05-30": {
					"avg": 138,
					"count": 1,
					"min": 138,
					"max": 138
				},
				"2024-05-31": {
					"avg": 412,
					"count": 5,
					"min": 37,
					"max": 1740
				},
				"2024-06-01": {
					"avg": 75,
					"count": 1,
					"min": 75,
					"max": 75
				},
				"2024-06-02": {
					"avg": 75,
					"count": 1,
					"min": 75,
					"max": 75
				},
				"2024-06-03": {
					"avg": 50,
					"count": 2,
					"min": 50,
					"max": 50
				},
				"2024-06-04": {
					"avg": 63,
					"count": 2,
					"min": 50,
					"max": 75
				},
				"2024-06-05": {
					"avg": 141,
					"count": 9,
					"min": 39,
					"max": 165
				},
				"2024-06-06": {
					"avg": 306,
					"count": 3,
					"min": 157,
					"max": 598
				},
				"2024-06-07": {
					"avg": 50,
					"count": 1,
					"min": 50,
					"max": 50
				},
				"2024-06-08": {
					"avg": 179,
					"count": 1,
					"min": 179,
					"max": 179
				},
				"2024-06-09": {
					"avg": 269,
					"count": 3,
					"min": 50,
					"max": 598
				},
				"2024-06-11": {
					"avg": 90,
					"count": 3,
					"min": 75,
					"max": 98
				},
				"2024-06-12": {
					"avg": 50,
					"count": 1,
					"min": 50,
					"max": 50
				},
				"2024-06-13": {
					"avg": 194,
					"count": 4,
					"min": 62,
					"max": 433
				},
				"2024-06-16": {
					"avg": 55,
					"count": 4,
					"min": 30,
					"max": 129
				},
				"2024-06-17": {
					"avg": 130,
					"count": 1,
					"min": 130,
					"max": 130
				},
				"2024-06-18": {
					"avg": 141,
					"count": 1,
					"min": 141,
					"max": 141
				},
				"2024-06-19": {
					"avg": 241,
					"count": 5,
					"min": 76,
					"max": 774
				},
				"2024-06-20": {
					"avg": 291,
					"count": 2,
					"min": 129,
					"max": 452
				},
				"2024-06-21": {
					"avg": 130,
					"count": 3,
					"min": 76,
					"max": 161
				},
				"2024-06-23": {
					"avg": 77,
					"count": 1,
					"min": 77,
					"max": 77
				},
				"2024-06-25": {
					"avg": 152,
					"count": 1,
					"min": 152,
					"max": 152
				},
				"2024-06-27": {
					"avg": 39,
					"count": 1,
					"min": 39,
					"max": 39
				},
				"2024-06-28": {
					"avg": 69,
					"count": 3,
					"min": 55,
					"max": 76
				},
				"2024-06-30": {
					"avg": 90,
					"count": 6,
					"min": 39,
					"max": 133
				},
				"2024-07-01": {
					"avg": 63,
					"count": 2,
					"min": 49,
					"max": 77
				},
				"2024-07-02": {
					"avg": 39,
					"count": 2,
					"min": 39,
					"max": 39
				},
				"2024-07-03": {
					"avg": 39,
					"count": 3,
					"min": 39,
					"max": 39
				},
				"2024-07-04": {
					"avg": 181,
					"count": 2,
					"min": 152,
					"max": 209
				},
				"2024-07-05": {
					"avg": 129,
					"count": 2,
					"min": 129,
					"max": 129
				},
				"2024-07-06": {
					"avg": 82,
					"count": 4,
					"min": 10,
					"max": 132
				},
				"2024-07-08": {
					"avg": 167,
					"count": 1,
					"min": 167,
					"max": 167
				},
				"2024-07-10": {
					"avg": 77,
					"count": 1,
					"min": 77,
					"max": 77
				},
				"2024-07-11": {
					"avg": 103,
					"count": 2,
					"min": 38,
					"max": 168
				},
				"2024-07-12": {
					"avg": 77,
					"count": 1,
					"min": 77,
					"max": 77
				},
				"2024-07-14": {
					"avg": 97,
					"count": 4,
					"min": 46,
					"max": 167
				},
				"2024-07-15": {
					"avg": 423,
					"count": 3,
					"min": 66,
					"max": 1074
				},
				"2024-07-17": {
					"avg": 132,
					"count": 14,
					"min": 129,
					"max": 171
				},
				"2024-07-18": {
					"avg": 167,
					"count": 2,
					"min": 158,
					"max": 176
				},
				"2024-07-19": {
					"avg": 145,
					"count": 1,
					"min": 145,
					"max": 145
				},
				"2024-07-20": {
					"avg": 39,
					"count": 4,
					"min": 31,
					"max": 49
				},
				"2024-07-21": {
					"avg": 156,
					"count": 2,
					"min": 145,
					"max": 167
				},
				"2024-07-22": {
					"avg": 161,
					"count": 2,
					"min": 145,
					"max": 177
				},
				"2024-07-23": {
					"avg": 44,
					"count": 2,
					"min": 29,
					"max": 59
				},
				"2024-07-24": {
					"avg": 148,
					"count": 7,
					"min": 146,
					"max": 158
				},
				"2024-07-25": {
					"avg": 144,
					"count": 3,
					"min": 140,
					"max": 151
				},
				"2024-07-27": {
					"avg": 72,
					"count": 2,
					"min": 43,
					"max": 100
				},
				"2024-07-28": {
					"avg": 77,
					"count": 1,
					"min": 77,
					"max": 77
				},
				"2024-07-29": {
					"avg": 48,
					"count": 1,
					"min": 48,
					"max": 48
				},
				"2024-07-30": {
					"avg": 151,
					"count": 1,
					"min": 151,
					"max": 151
				},
				"2024-07-31": {
					"avg": 194,
					"count": 1,
					"min": 194,
					"max": 194
				},
				"2024-08-03": {
					"avg": 77,
					"count": 1,
					"min": 77,
					"max": 77
				},
				"2024-08-04": {
					"avg": 74,
					"count": 6,
					"min": 38,
					"max": 198
				},
				"2024-08-06": {
					"avg": 89,
					"count": 3,
					"min": 48,
					"max": 157
				},
				"2024-08-07": {
					"avg": 69,
					"count": 2,
					"min": 60,
					"max": 77
				},
				"2024-08-09": {
					"avg": 132,
					"count": 3,
					"min": 99,
					"max": 197
				},
				"2024-08-10": {
					"avg": 173,
					"count": 1,
					"min": 173,
					"max": 173
				},
				"2024-08-11": {
					"avg": 59,
					"count": 1,
					"min": 59,
					"max": 59
				},
				"2024-08-12": {
					"avg": 51,
					"count": 1,
					"min": 51,
					"max": 51
				},
				"2024-08-13": {
					"avg": 167,
					"count": 1,
					"min": 167,
					"max": 167
				},
				"2024-08-14": {
					"avg": 245,
					"count": 3,
					"min": 59,
					"max": 598
				},
				"2024-08-15": {
					"avg": 91,
					"count": 3,
					"min": 40,
					"max": 154
				},
				"2024-08-16": {
					"avg": 137,
					"count": 1,
					"min": 137,
					"max": 137
				},
				"2024-08-17": {
					"avg": 108,
					"count": 5,
					"min": 50,
					"max": 193
				},
				"2024-08-18": {
					"avg": 50,
					"count": 1,
					"min": 50,
					"max": 50
				},
				"2024-08-19": {
					"avg": 90,
					"count": 3,
					"min": 50,
					"max": 152
				},
				"2024-08-20": {
					"avg": 119,
					"count": 2,
					"min": 77,
					"max": 161
				},
				"2024-08-21": {
					"avg": 106,
					"count": 5,
					"min": 63,
					"max": 159
				},
				"2024-08-22": {
					"avg": 181,
					"count": 3,
					"min": 124,
					"max": 248
				},
				"2024-08-24": {
					"avg": 74,
					"count": 9,
					"min": 50,
					"max": 77
				},
				"2024-08-26": {
					"avg": 303,
					"count": 4,
					"min": 60,
					"max": 874
				},
				"2024-08-27": {
					"avg": 199,
					"count": 1,
					"min": 199,
					"max": 199
				},
				"2024-08-28": {
					"avg": 515,
					"count": 4,
					"min": 56,
					"max": 1074
				},
				"2024-08-29": {
					"avg": 78,
					"count": 4,
					"min": 77,
					"max": 78
				},
				"2024-08-30": {
					"avg": 78,
					"count": 1,
					"min": 78,
					"max": 78
				},
				"2024-08-31": {
					"avg": 149,
					"count": 7,
					"min": 60,
					"max": 598
				},
				"2024-09-01": {
					"avg": 218,
					"count": 3,
					"min": 78,
					"max": 498
				},
				"2024-09-02": {
					"avg": 107,
					"count": 2,
					"min": 61,
					"max": 152
				},
				"2024-09-04": {
					"avg": 107,
					"count": 5,
					"min": 49,
					"max": 217
				},
				"2024-09-05": {
					"avg": 177,
					"count": 1,
					"min": 177,
					"max": 177
				},
				"2024-09-06": {
					"avg": 76,
					"count": 1,
					"min": 76,
					"max": 76
				},
				"2024-09-07": {
					"avg": 128,
					"count": 3,
					"min": 69,
					"max": 179
				},
				"2024-09-08": {
					"avg": 60,
					"count": 1,
					"min": 60,
					"max": 60
				},
				"2024-09-09": {
					"avg": 60,
					"count": 2,
					"min": 50,
					"max": 70
				},
				"2024-09-11": {
					"avg": 65,
					"count": 3,
					"min": 49,
					"max": 80
				},
				"2024-09-12": {
					"avg": 108,
					"count": 4,
					"min": 80,
					"max": 162
				},
				"2024-09-13": {
					"avg": 76,
					"count": 3,
					"min": 60,
					"max": 83
				},
				"2024-09-14": {
					"avg": 200,
					"count": 4,
					"min": 60,
					"max": 498
				},
				"2024-09-15": {
					"avg": 95,
					"count": 12,
					"min": 35,
					"max": 498
				},
				"2024-09-16": {
					"avg": 131,
					"count": 2,
					"min": 49,
					"max": 213
				},
				"2024-09-17": {
					"avg": 55,
					"count": 1,
					"min": 55,
					"max": 55
				},
				"2024-09-18": {
					"avg": 132,
					"count": 8,
					"min": 35,
					"max": 498
				},
				"2024-09-19": {
					"avg": 134,
					"count": 11,
					"min": 49,
					"max": 167
				},
				"2024-09-20": {
					"avg": 50,
					"count": 3,
					"min": 49,
					"max": 50
				},
				"2024-09-21": {
					"avg": 123,
					"count": 2,
					"min": 69,
					"max": 176
				},
				"2024-09-22": {
					"avg": 178,
					"count": 6,
					"min": 40,
					"max": 573
				}
			},
			"avg": 135,
			"avg7": -1,
			"avg28": -1
		},
		"normal-played": {
			"history": {
				"2024-05-23": {
					"avg": 127,
					"count": 2,
					"min": 126,
					"max": 127
				},
				"2024-05-24": {
					"avg": 529,
					"count": 7,
					"min": 529,
					"max": 529
				},
				"2024-05-27": {
					"avg": 127,
					"count": 2,
					"min": 125,
					"max": 128
				},
				"2024-05-29": {
					"avg": 50,
					"count": 1,
					"min": 50,
					"max": 50
				},
				"2024-05-30": {
					"avg": 441,
					"count": 1,
					"min": 441,
					"max": 441
				},
				"2024-06-02": {
					"avg": 127,
					"count": 1,
					"min": 127,
					"max": 127
				},
				"2024-06-05": {
					"avg": 55,
					"count": 2,
					"min": 20,
					"max": 90
				},
				"2024-06-06": {
					"avg": 76,
					"count": 2,
					"min": 25,
					"max": 126
				},
				"2024-06-07": {
					"avg": 134,
					"count": 5,
					"min": 10,
					"max": 214
				},
				"2024-06-08": {
					"avg": 167,
					"count": 3,
					"min": 141,
					"max": 219
				},
				"2024-06-09": {
					"avg": 195,
					"count": 2,
					"min": 20,
					"max": 369
				},
				"2024-06-11": {
					"avg": 20,
					"count": 1,
					"min": 20,
					"max": 20
				},
				"2024-06-13": {
					"avg": 29,
					"count": 1,
					"min": 29,
					"max": 29
				},
				"2024-06-15": {
					"avg": 264,
					"count": 4,
					"min": 138,
					"max": 524
				},
				"2024-06-16": {
					"avg": 20,
					"count": 1,
					"min": 20,
					"max": 20
				},
				"2024-06-18": {
					"avg": 20,
					"count": 2,
					"min": 20,
					"max": 20
				},
				"2024-06-20": {
					"avg": 132,
					"count": 1,
					"min": 132,
					"max": 132
				},
				"2024-06-21": {
					"avg": 76,
					"count": 8,
					"min": 25,
					"max": 132
				},
				"2024-06-22": {
					"avg": 114,
					"count": 2,
					"min": 114,
					"max": 114
				},
				"2024-06-23": {
					"avg": 223,
					"count": 1,
					"min": 223,
					"max": 223
				},
				"2024-06-24": {
					"avg": 287,
					"count": 2,
					"min": 30,
					"max": 544
				},
				"2024-06-25": {
					"avg": 214,
					"count": 1,
					"min": 214,
					"max": 214
				},
				"2024-06-26": {
					"avg": 130,
					"count": 3,
					"min": 127,
					"max": 132
				},
				"2024-06-27": {
					"avg": 29,
					"count": 2,
					"min": 23,
					"max": 35
				},
				"2024-06-28": {
					"avg": 524,
					"count": 1,
					"min": 524,
					"max": 524
				},
				"2024-06-30": {
					"avg": 20,
					"count": 1,
					"min": 20,
					"max": 20
				},
				"2024-07-01": {
					"avg": 24,
					"count": 1,
					"min": 24,
					"max": 24
				},
				"2024-07-02": {
					"avg": 21,
					"count": 1,
					"min": 21,
					"max": 21
				},
				"2024-07-03": {
					"avg": 25,
					"count": 1,
					"min": 25,
					"max": 25
				},
				"2024-07-05": {
					"avg": 25,
					"count": 1,
					"min": 25,
					"max": 25
				},
				"2024-07-06": {
					"avg": 20,
					"count": 1,
					"min": 20,
					"max": 20
				},
				"2024-07-07": {
					"avg": 24,
					"count": 2,
					"min": 24,
					"max": 24
				},
				"2024-07-08": {
					"avg": 26,
					"count": 12,
					"min": 10,
					"max": 29
				},
				"2024-07-09": {
					"avg": 21,
					"count": 1,
					"min": 21,
					"max": 21
				},
				"2024-07-10": {
					"avg": 21,
					"count": 1,
					"min": 21,
					"max": 21
				},
				"2024-07-11": {
					"avg": 21,
					"count": 1,
					"min": 21,
					"max": 21
				},
				"2024-07-12": {
					"avg": 37,
					"count": 15,
					"min": 21,
					"max": 138
				},
				"2024-07-13": {
					"avg": 67,
					"count": 5,
					"min": 16,
					"max": 149
				},
				"2024-07-14": {
					"avg": 16,
					"count": 1,
					"min": 16,
					"max": 16
				},
				"2024-07-16": {
					"avg": 142,
					"count": 1,
					"min": 142,
					"max": 142
				},
				"2024-07-19": {
					"avg": 16,
					"count": 6,
					"min": 16,
					"max": 16
				},
				"2024-07-20": {
					"avg": 24,
					"count": 2,
					"min": 24,
					"max": 24
				},
				"2024-07-21": {
					"avg": 177,
					"count": 1,
					"min": 177,
					"max": 177
				},
				"2024-07-23": {
					"avg": 94,
					"count": 5,
					"min": 14,
					"max": 114
				},
				"2024-07-24": {
					"avg": 114,
					"count": 11,
					"min": 114,
					"max": 114
				},
				"2024-07-25": {
					"avg": 77,
					"count": 2,
					"min": 15,
					"max": 138
				},
				"2024-07-28": {
					"avg": 21,
					"count": 1,
					"min": 21,
					"max": 21
				},
				"2024-07-30": {
					"avg": 25,
					"count": 2,
					"min": 10,
					"max": 39
				},
				"2024-07-31": {
					"avg": 132,
					"count": 1,
					"min": 132,
					"max": 132
				},
				"2024-08-01": {
					"avg": 20,
					"count": 1,
					"min": 20,
					"max": 20
				},
				"2024-08-04": {
					"avg": 43,
					"count": 7,
					"min": 21,
					"max": 109
				},
				"2024-08-09": {
					"avg": 85,
					"count": 2,
					"min": 20,
					"max": 149
				},
				"2024-08-10": {
					"avg": 183,
					"count": 2,
					"min": 149,
					"max": 217
				},
				"2024-08-11": {
					"avg": 459,
					"count": 1,
					"min": 459,
					"max": 459
				},
				"2024-08-13": {
					"avg": 148,
					"count": 1,
					"min": 148,
					"max": 148
				},
				"2024-08-14": {
					"avg": 81,
					"count": 2,
					"min": 29,
					"max": 133
				},
				"2024-08-15": {
					"avg": 149,
					"count": 5,
					"min": 132,
					"max": 153
				},
				"2024-08-16": {
					"avg": 12,
					"count": 1,
					"min": 12,
					"max": 12
				},
				"2024-08-17": {
					"avg": 147,
					"count": 5,
					"min": 146,
					"max": 149
				},
				"2024-08-18": {
					"avg": 93,
					"count": 13,
					"min": 21,
					"max": 137
				},
				"2024-08-20": {
					"avg": 321,
					"count": 2,
					"min": 132,
					"max": 509
				},
				"2024-08-23": {
					"avg": 26,
					"count": 3,
					"min": 25,
					"max": 29
				},
				"2024-08-24": {
					"avg": 111,
					"count": 4,
					"min": 18,
					"max": 142
				},
				"2024-08-25": {
					"avg": 29,
					"count": 2,
					"min": 18,
					"max": 39
				},
				"2024-08-26": {
					"avg": 570,
					"count": 2,
					"min": 104,
					"max": 1036
				},
				"2024-08-27": {
					"avg": 45,
					"count": 5,
					"min": 18,
					"max": 145
				},
				"2024-08-28": {
					"avg": 145,
					"count": 1,
					"min": 145,
					"max": 145
				},
				"2024-08-29": {
					"avg": 209,
					"count": 1,
					"min": 209,
					"max": 209
				},
				"2024-08-31": {
					"avg": 30,
					"count": 2,
					"min": 20,
					"max": 39
				},
				"2024-09-01": {
					"avg": 37,
					"count": 6,
					"min": 21,
					"max": 119
				},
				"2024-09-02": {
					"avg": 119,
					"count": 2,
					"min": 18,
					"max": 219
				},
				"2024-09-03": {
					"avg": 100,
					"count": 2,
					"min": 25,
					"max": 174
				},
				"2024-09-04": {
					"avg": 174,
					"count": 3,
					"min": 174,
					"max": 174
				},
				"2024-09-06": {
					"avg": 81,
					"count": 2,
					"min": 29,
					"max": 133
				},
				"2024-09-08": {
					"avg": 181,
					"count": 1,
					"min": 181,
					"max": 181
				},
				"2024-09-11": {
					"avg": 19,
					"count": 1,
					"min": 19,
					"max": 19
				},
				"2024-09-14": {
					"avg": 25,
					"count": 1,
					"min": 25,
					"max": 25
				},
				"2024-09-15": {
					"avg": 524,
					"count": 1,
					"min": 524,
					"max": 524
				},
				"2024-09-16": {
					"avg": 41,
					"count": 81,
					"min": 24,
					"max": 522
				},
				"2024-09-17": {
					"avg": 18,
					"count": 1,
					"min": 18,
					"max": 18
				},
				"2024-09-18": {
					"avg": 18,
					"count": 2,
					"min": 15,
					"max": 20
				},
				"2024-09-19": {
					"avg": 524,
					"count": 1,
					"min": 524,
					"max": 524
				},
				"2024-09-20": {
					"avg": 223,
					"count": 1,
					"min": 223,
					"max": 223
				},
				"2024-09-21": {
					"avg": 145,
					"count": 1,
					"min": 145,
					"max": 145
				},
				"2024-09-22": {
					"avg": 39,
					"count": 1,
					"min": 39,
					"max": 39
				},
				"2024-09-23": {
					"avg": 61,
					"count": 3,
					"min": 21,
					"max": 136
				}
			},
			"avg": 94,
			"avg7": -1,
			"avg28": -1
		},
		"normal-used": {
			"history": {
				"2024-05-24": {
					"avg": 25,
					"count": 1,
					"min": 25,
					"max": 25
				},
				"2024-05-25": {
					"avg": 109,
					"count": 5,
					"min": 109,
					"max": 109
				},
				"2024-05-27": {
					"avg": 30,
					"count": 1,
					"min": 30,
					"max": 30
				},
				"2024-06-03": {
					"avg": 109,
					"count": 4,
					"min": 109,
					"max": 109
				},
				"2024-06-10": {
					"avg": 14,
					"count": 1,
					"min": 14,
					"max": 14
				},
				"2024-06-16": {
					"avg": 15,
					"count": 1,
					"min": 15,
					"max": 15
				},
				"2024-06-18": {
					"avg": 500,
					"count": 1,
					"min": 500,
					"max": 500
				},
				"2024-06-19": {
					"avg": 124,
					"count": 1,
					"min": 124,
					"max": 124
				},
				"2024-06-22": {
					"avg": 130,
					"count": 1,
					"min": 130,
					"max": 130
				},
				"2024-06-24": {
					"avg": 79,
					"count": 2,
					"min": 20,
					"max": 137
				},
				"2024-06-25": {
					"avg": 23,
					"count": 1,
					"min": 23,
					"max": 23
				},
				"2024-06-27": {
					"avg": 500,
					"count": 1,
					"min": 500,
					"max": 500
				},
				"2024-06-28": {
					"avg": 19,
					"count": 5,
					"min": 19,
					"max": 19
				},
				"2024-07-02": {
					"avg": 109,
					"count": 1,
					"min": 109,
					"max": 109
				},
				"2024-07-04": {
					"avg": 12,
					"count": 4,
					"min": 12,
					"max": 12
				},
				"2024-07-06": {
					"avg": 30,
					"count": 4,
					"min": 15,
					"max": 75
				},
				"2024-07-07": {
					"avg": 134,
					"count": 4,
					"min": 134,
					"max": 134
				},
				"2024-07-09": {
					"avg": 10,
					"count": 1,
					"min": 10,
					"max": 10
				},
				"2024-07-10": {
					"avg": 15,
					"count": 1,
					"min": 15,
					"max": 15
				},
				"2024-07-13": {
					"avg": 12,
					"count": 3,
					"min": 12,
					"max": 12
				},
				"2024-07-15": {
					"avg": 73,
					"count": 1,
					"min": 73,
					"max": 73
				},
				"2024-07-16": {
					"avg": 529,
					"count": 1,
					"min": 529,
					"max": 529
				},
				"2024-07-20": {
					"avg": 12,
					"count": 3,
					"min": 12,
					"max": 12
				},
				"2024-07-21": {
					"avg": 30,
					"count": 1,
					"min": 30,
					"max": 30
				},
				"2024-07-22": {
					"avg": 14,
					"count": 1,
					"min": 14,
					"max": 14
				},
				"2024-07-25": {
					"avg": 16,
					"count": 1,
					"min": 16,
					"max": 16
				},
				"2024-07-26": {
					"avg": 13,
					"count": 1,
					"min": 13,
					"max": 13
				},
				"2024-07-27": {
					"avg": 12,
					"count": 3,
					"min": 12,
					"max": 12
				},
				"2024-08-04": {
					"avg": 12,
					"count": 1,
					"min": 12,
					"max": 12
				},
				"2024-08-05": {
					"avg": 12,
					"count": 1,
					"min": 12,
					"max": 12
				},
				"2024-08-07": {
					"avg": 17,
					"count": 2,
					"min": 17,
					"max": 17
				},
				"2024-08-16": {
					"avg": 55,
					"count": 6,
					"min": 13,
					"max": 137
				},
				"2024-08-18": {
					"avg": 17,
					"count": 4,
					"min": 17,
					"max": 17
				},
				"2024-08-19": {
					"avg": 20,
					"count": 1,
					"min": 20,
					"max": 20
				},
				"2024-08-25": {
					"avg": 25,
					"count": 1,
					"min": 25,
					"max": 25
				},
				"2024-08-26": {
					"avg": 137,
					"count": 1,
					"min": 137,
					"max": 137
				},
				"2024-08-31": {
					"avg": 10,
					"count": 2,
					"min": 10,
					"max": 10
				},
				"2024-09-05": {
					"avg": 148,
					"count": 2,
					"min": 148,
					"max": 148
				},
				"2024-09-06": {
					"avg": 338,
					"count": 2,
					"min": 141,
					"max": 534
				},
				"2024-09-08": {
					"avg": 25,
					"count": 1,
					"min": 25,
					"max": 25
				},
				"2024-09-16": {
					"avg": 512,
					"count": 1,
					"min": 512,
					"max": 512
				},
				"2024-09-18": {
					"avg": 57,
					"count": 3,
					"min": 15,
					"max": 142
				},
				"2024-09-23": {
					"avg": 21,
					"count": 3,
					"min": 17,
					"max": 23
				}
			},
			"avg": 77,
			"avg7": -1,
			"avg28": -1
		},
		"normal-poor": {
			"history": {
				"2024-06-14": {
					"avg": 6,
					"count": 1,
					"min": 6,
					"max": 6
				},
				"2024-06-16": {
					"avg": 20,
					"count": 1,
					"min": 20,
					"max": 20
				},
				"2024-06-19": {
					"avg": 11,
					"count": 1,
					"min": 11,
					"max": 11
				},
				"2024-06-20": {
					"avg": 30,
					"count": 5,
					"min": 6,
					"max": 127
				},
				"2024-06-25": {
					"avg": 52,
					"count": 3,
					"min": 10,
					"max": 127
				},
				"2024-06-28": {
					"avg": 15,
					"count": 1,
					"min": 15,
					"max": 15
				},
				"2024-06-29": {
					"avg": 48,
					"count": 3,
					"min": 6,
					"max": 132
				},
				"2024-07-01": {
					"avg": 414,
					"count": 1,
					"min": 414,
					"max": 414
				},
				"2024-07-04": {
					"avg": 10,
					"count": 4,
					"min": 10,
					"max": 10
				},
				"2024-07-10": {
					"avg": 8,
					"count": 2,
					"min": 5,
					"max": 10
				},
				"2024-07-13": {
					"avg": 909,
					"count": 1,
					"min": 909,
					"max": 909
				},
				"2024-07-14": {
					"avg": 97,
					"count": 4,
					"min": 67,
					"max": 127
				},
				"2024-07-15": {
					"avg": 67,
					"count": 1,
					"min": 67,
					"max": 67
				},
				"2024-07-20": {
					"avg": 9,
					"count": 1,
					"min": 9,
					"max": 9
				},
				"2024-07-23": {
					"avg": 104,
					"count": 10,
					"min": 104,
					"max": 106
				},
				"2024-07-25": {
					"avg": 75,
					"count": 2,
					"min": 12,
					"max": 137
				},
				"2024-07-31": {
					"avg": 18,
					"count": 1,
					"min": 18,
					"max": 18
				},
				"2024-08-01": {
					"avg": 208,
					"count": 1,
					"min": 208,
					"max": 208
				},
				"2024-08-02": {
					"avg": 10,
					"count": 1,
					"min": 10,
					"max": 10
				},
				"2024-08-05": {
					"avg": 142,
					"count": 1,
					"min": 142,
					"max": 142
				},
				"2024-08-09": {
					"avg": 10,
					"count": 1,
					"min": 10,
					"max": 10
				},
				"2024-08-12": {
					"avg": 8,
					"count": 1,
					"min": 8,
					"max": 8
				},
				"2024-08-16": {
					"avg": 70,
					"count": 4,
					"min": 8,
					"max": 132
				},
				"2024-08-18": {
					"avg": 132,
					"count": 1,
					"min": 132,
					"max": 132
				},
				"2024-08-20": {
					"avg": 133,
					"count": 1,
					"min": 133,
					"max": 133
				},
				"2024-08-23": {
					"avg": 137,
					"count": 1,
					"min": 137,
					"max": 137
				},
				"2024-09-04": {
					"avg": 11,
					"count": 1,
					"min": 11,
					"max": 11
				},
				"2024-09-05": {
					"avg": 77,
					"count": 3,
					"min": 12,
					"max": 207
				},
				"2024-09-06": {
					"avg": 9,
					"count": 1,
					"min": 9,
					"max": 9
				},
				"2024-09-07": {
					"avg": 25,
					"count": 1,
					"min": 25,
					"max": 25
				},
				"2024-09-12": {
					"avg": 137,
					"count": 1,
					"min": 137,
					"max": 137
				},
				"2024-09-14": {
					"avg": 11,
					"count": 1,
					"min": 11,
					"max": 11
				},
				"2024-09-21": {
					"avg": 114,
					"count": 1,
					"min": 114,
					"max": 114
				}
			},
			"avg": 82,
			"avg7": -1,
			"avg28": -1
		}
	}
}