{
	"data": {
		"normal-good": {
			"history": {
				"2022-11-12": {
					"avg": 65,
					"count": 3
				},
				"2022-11-13": {
					"avg": 154,
					"count": 2
				},
				"2022-11-14": {
					"avg": 18,
					"count": 25
				},
				"2022-11-16": {
					"avg": 66,
					"count": 22
				},
				"2022-11-17": {
					"avg": 29,
					"count": 1
				},
				"2022-11-20": {
					"avg": 168,
					"count": 6,
					"min": 18,
					"max": 818
				},
				"2022-11-21": {
					"avg": 28,
					"count": 2,
					"min": 27,
					"max": 29
				},
				"2022-11-22": {
					"avg": 285,
					"count": 37,
					"min": 6,
					"max": 818
				},
				"2022-11-23": {
					"avg": 18,
					"count": 2,
					"min": 16,
					"max": 19
				},
				"2022-11-24": {
					"avg": 22,
					"count": 2,
					"min": 19,
					"max": 24
				},
				"2022-11-25": {
					"avg": 87,
					"count": 24,
					"min": 15,
					"max": 225
				},
				"2022-11-27": {
					"avg": 20,
					"count": 7,
					"min": 16,
					"max": 24
				},
				"2022-11-28": {
					"avg": 113,
					"count": 1,
					"min": 113,
					"max": 113
				},
				"2022-11-29": {
					"avg": 44,
					"count": 5,
					"min": 9,
					"max": 168
				},
				"2022-11-30": {
					"avg": 50,
					"count": 3,
					"min": 16,
					"max": 114
				},
				"2022-12-01": {
					"avg": 17,
					"count": 1,
					"min": 17,
					"max": 17
				},
				"2022-12-02": {
					"avg": 66,
					"count": 2,
					"min": 17,
					"max": 114
				},
				"2022-12-03": {
					"avg": 20,
					"count": 1,
					"min": 20,
					"max": 20
				},
				"2022-12-04": {
					"avg": 36,
					"count": 5,
					"min": 16,
					"max": 110
				},
				"2022-12-05": {
					"avg": 57,
					"count": 7,
					"min": 16,
					"max": 110
				},
				"2022-12-06": {
					"avg": 18,
					"count": 20,
					"min": 18,
					"max": 18
				},
				"2022-12-07": {
					"avg": 91,
					"count": 9,
					"min": 17,
					"max": 113
				},
				"2022-12-09": {
					"avg": 23,
					"count": 6,
					"min": 15,
					"max": 30
				},
				"2022-12-10": {
					"avg": 53,
					"count": 6,
					"min": 18,
					"max": 107
				},
				"2022-12-11": {
					"avg": 24,
					"count": 1,
					"min": 24,
					"max": 24
				},
				"2022-12-12": {
					"avg": 101,
					"count": 4,
					"min": 29,
					"max": 141
				},
				"2022-12-15": {
					"avg": 80,
					"count": 4,
					"min": 25,
					"max": 137
				},
				"2022-12-16": {
					"avg": 87,
					"count": 14,
					"min": 16,
					"max": 116
				},
				"2022-12-17": {
					"avg": 29,
					"count": 2,
					"min": 29,
					"max": 29
				},
				"2022-12-18": {
					"avg": 29,
					"count": 1,
					"min": 29,
					"max": 29
				},
				"2022-12-19": {
					"avg": 272,
					"count": 30,
					"min": 272,
					"max": 272
				},
				"2022-12-23": {
					"avg": 97,
					"count": 7,
					"min": 29,
					"max": 110
				},
				"2022-12-24": {
					"avg": 22,
					"count": 1,
					"min": 22,
					"max": 22
				},
				"2022-12-25": {
					"avg": 127,
					"count": 1,
					"min": 127,
					"max": 127
				},
				"2022-12-27": {
					"avg": 64,
					"count": 15,
					"min": 9,
					"max": 384
				},
				"2022-12-28": {
					"avg": 81,
					"count": 3,
					"min": 16,
					"max": 119
				},
				"2022-12-29": {
					"avg": 494,
					"count": 33,
					"min": 25,
					"max": 532
				},
				"2022-12-30": {
					"avg": 167,
					"count": 5,
					"min": 30,
					"max": 515
				},
				"2023-01-01": {
					"avg": 70,
					"count": 6,
					"min": 18,
					"max": 128
				},
				"2023-01-02": {
					"avg": 123,
					"count": 128,
					"min": 15,
					"max": 519
				},
				"2023-01-03": {
					"avg": 52,
					"count": 4,
					"min": 20,
					"max": 128
				},
				"2023-01-04": {
					"avg": 115,
					"count": 1,
					"min": 115,
					"max": 115
				},
				"2023-01-05": {
					"avg": 98,
					"count": 6,
					"min": 30,
					"max": 130
				},
				"2023-01-06": {
					"avg": 25,
					"count": 4,
					"min": 20,
					"max": 38
				},
				"2023-01-07": {
					"avg": 47,
					"count": 4,
					"min": 10,
					"max": 139
				},
				"2023-01-08": {
					"avg": 33,
					"count": 1,
					"min": 33,
					"max": 33
				},
				"2023-01-09": {
					"avg": 110,
					"count": 9,
					"min": 108,
					"max": 119
				},
				"2023-01-10": {
					"avg": 76,
					"count": 3,
					"min": 13,
					"max": 107
				},
				"2023-01-11": {
					"avg": 125,
					"count": 19,
					"min": 20,
					"max": 219
				},
				"2023-01-12": {
					"avg": 350,
					"count": 13,
					"min": 29,
					"max": 521
				},
				"2023-02-06": {
					"avg": 102,
					"count": 6,
					"min": 19,
					"max": 119
				},
				"2023-02-07": {
					"avg": 47,
					"count": 2,
					"min": 18,
					"max": 75
				},
				"2023-02-08": {
					"avg": 199,
					"count": 2,
					"min": 24,
					"max": 374
				},
				"2023-02-09": {
					"avg": 24,
					"count": 2,
					"min": 24,
					"max": 24
				},
				"2023-02-10": {
					"avg": 79,
					"count": 15,
					"min": 79,
					"max": 79
				},
				"2023-02-11": {
					"avg": 38,
					"count": 6,
					"min": 10,
					"max": 179
				},
				"2023-02-12": {
					"avg": 101,
					"count": 2,
					"min": 30,
					"max": 173
				},
				"2023-02-13": {
					"avg": 95,
					"count": 9,
					"min": 29,
					"max": 103
				},
				"2023-02-14": {
					"avg": 97,
					"count": 3,
					"min": 68,
					"max": 113
				},
				"2023-02-15": {
					"avg": 117,
					"count": 7,
					"min": 34,
					"max": 179
				},
				"2023-02-16": {
					"avg": 110,
					"count": 1,
					"min": 110,
					"max": 110
				},
				"2023-02-17": {
					"avg": 278,
					"count": 2,
					"min": 36,
					"max": 519
				},
				"2023-02-18": {
					"avg": 141,
					"count": 3,
					"min": 124,
					"max": 172
				},
				"2023-02-19": {
					"avg": 68,
					"count": 2,
					"min": 31,
					"max": 105
				},
				"2023-02-20": {
					"avg": 115,
					"count": 9,
					"min": 32,
					"max": 173
				},
				"2023-02-21": {
					"avg": 25,
					"count": 3,
					"min": 25,
					"max": 25
				},
				"2023-02-22": {
					"avg": 14,
					"count": 2,
					"min": 5,
					"max": 24
				},
				"2023-02-23": {
					"avg": 84,
					"count": 4,
					"min": 19,
					"max": 158
				},
				"2023-02-24": {
					"avg": 89,
					"count": 3,
					"min": 33,
					"max": 128
				},
				"2023-02-25": {
					"avg": 156,
					"count": 20,
					"min": 19,
					"max": 523
				},
				"2023-02-26": {
					"avg": 164,
					"count": 4,
					"min": 5,
					"max": 310
				},
				"2023-02-27": {
					"avg": 119,
					"count": 2,
					"min": 108,
					"max": 130
				},
				"2023-02-28": {
					"avg": 107,
					"count": 26,
					"min": 16,
					"max": 145
				},
				"2023-03-01": {
					"avg": 82,
					"count": 6,
					"min": 19,
					"max": 120
				},
				"2023-03-02": {
					"avg": 20,
					"count": 2,
					"min": 15,
					"max": 25
				},
				"2023-03-03": {
					"avg": 65,
					"count": 2,
					"min": 15,
					"max": 114
				},
				"2023-03-04": {
					"avg": 144,
					"count": 1,
					"min": 144,
					"max": 144
				},
				"2023-03-05": {
					"avg": 116,
					"count": 10,
					"min": 8,
					"max": 200
				},
				"2023-03-06": {
					"avg": 27,
					"count": 6,
					"min": 16,
					"max": 40
				},
				"2023-03-07": {
					"avg": 388,
					"count": 10,
					"min": 19,
					"max": 516
				},
				"2023-03-08": {
					"avg": 36,
					"count": 1,
					"min": 36,
					"max": 36
				},
				"2023-03-09": {
					"avg": 88,
					"count": 11,
					"min": 15,
					"max": 113
				},
				"2023-03-10": {
					"avg": 42,
					"count": 19,
					"min": 36,
					"max": 44
				},
				"2023-03-11": {
					"avg": 237,
					"count": 2,
					"min": 50,
					"max": 424
				},
				"2023-03-12": {
					"avg": 113,
					"count": 33,
					"min": 11,
					"max": 119
				},
				"2023-03-13": {
					"avg": 101,
					"count": 3,
					"min": 36,
					"max": 134
				},
				"2023-03-14": {
					"avg": 120,
					"count": 2,
					"min": 116,
					"max": 124
				},
				"2023-03-15": {
					"avg": 68,
					"count": 7,
					"min": 36,
					"max": 111
				},
				"2023-03-16": {
					"avg": 111,
					"count": 1,
					"min": 111,
					"max": 111
				},
				"2023-03-17": {
					"avg": 89,
					"count": 2,
					"min": 69,
					"max": 108
				},
				"2023-03-18": {
					"avg": 51,
					"count": 3,
					"min": 16,
					"max": 108
				},
				"2023-03-19": {
					"avg": 141,
					"count": 3,
					"min": 37,
					"max": 242
				},
				"2023-03-20": {
					"avg": 341,
					"count": 7,
					"min": 38,
					"max": 536
				},
				"2023-03-22": {
					"avg": 325,
					"count": 58,
					"min": 113,
					"max": 343
				},
				"2023-03-23": {
					"avg": 108,
					"count": 7,
					"min": 15,
					"max": 132
				},
				"2023-03-24": {
					"avg": 114,
					"count": 6,
					"min": 21,
					"max": 198
				},
				"2023-03-25": {
					"avg": 84,
					"count": 3,
					"min": 25,
					"max": 113
				},
				"2023-03-26": {
					"avg": 79,
					"count": 4,
					"min": 16,
					"max": 114
				},
				"2023-03-27": {
					"avg": 198,
					"count": 9,
					"min": 15,
					"max": 720
				},
				"2023-03-28": {
					"avg": 30,
					"count": 41,
					"min": 20,
					"max": 124
				},
				"2023-03-29": {
					"avg": 116,
					"count": 2,
					"min": 113,
					"max": 119
				},
				"2023-03-31": {
					"avg": 107,
					"count": 5,
					"min": 43,
					"max": 145
				},
				"2023-04-01": {
					"avg": 87,
					"count": 2,
					"min": 49,
					"max": 124
				},
				"2023-04-02": {
					"avg": 113,
					"count": 3,
					"min": 113,
					"max": 113
				},
				"2023-04-03": {
					"avg": 292,
					"count": 17,
					"min": 69,
					"max": 318
				},
				"2023-04-04": {
					"avg": 286,
					"count": 3,
					"min": 16,
					"max": 821
				},
				"2023-04-05": {
					"avg": 149,
					"count": 1,
					"min": 149,
					"max": 149
				},
				"2023-04-06": {
					"avg": 135,
					"count": 6,
					"min": 20,
					"max": 385
				},
				"2023-04-07": {
					"avg": 89,
					"count": 7,
					"min": 45,
					"max": 107
				},
				"2023-04-08": {
					"avg": 338,
					"count": 5,
					"min": 209,
					"max": 544
				},
				"2023-04-09": {
					"avg": 21,
					"count": 7,
					"min": 15,
					"max": 49
				},
				"2023-04-11": {
					"avg": 49,
					"count": 1,
					"min": 49,
					"max": 49
				},
				"2023-04-12": {
					"avg": 657,
					"count": 2,
					"min": 15,
					"max": 1299
				},
				"2023-04-13": {
					"avg": 75,
					"count": 1,
					"min": 75,
					"max": 75
				},
				"2023-04-14": {
					"avg": 100,
					"count": 2,
					"min": 45,
					"max": 154
				},
				"2023-04-15": {
					"avg": 16,
					"count": 21,
					"min": 10,
					"max": 113
				},
				"2023-04-16": {
					"avg": 551,
					"count": 1,
					"min": 551,
					"max": 551
				},
				"2023-04-17": {
					"avg": 21,
					"count": 1,
					"min": 21,
					"max": 21
				},
				"2023-04-18": {
					"avg": 524,
					"count": 1,
					"min": 524,
					"max": 524
				},
				"2023-04-19": {
					"avg": 544,
					"count": 1,
					"min": 544,
					"max": 544
				},
				"2023-04-20": {
					"avg": 76,
					"count": 2,
					"min": 44,
					"max": 107
				},
				"2023-04-21": {
					"avg": 10,
					"count": 13,
					"min": 10,
					"max": 15
				},
				"2023-04-22": {
					"avg": 23,
					"count": 17,
					"min": 16,
					"max": 75
				},
				"2023-04-23": {
					"avg": 19,
					"count": 3,
					"min": 11,
					"max": 24
				},
				"2023-04-25": {
					"avg": 85,
					"count": 2,
					"min": 45,
					"max": 124
				},
				"2023-04-26": {
					"avg": 17,
					"count": 2,
					"min": 11,
					"max": 23
				},
				"2023-04-27": {
					"avg": 24,
					"count": 2,
					"min": 18,
					"max": 29
				},
				"2023-04-28": {
					"avg": 38,
					"count": 140,
					"min": 18,
					"max": 149
				},
				"2023-04-29": {
					"avg": 33,
					"count": 3,
					"min": 25,
					"max": 49
				},
				"2023-04-30": {
					"avg": 204,
					"count": 2,
					"min": 25,
					"max": 383
				},
				"2023-05-01": {
					"avg": 163,
					"count": 3,
					"min": 20,
					"max": 424
				},
				"2023-05-03": {
					"avg": 49,
					"count": 2,
					"min": 49,
					"max": 49
				},
				"2023-05-04": {
					"avg": 25,
					"count": 1,
					"min": 25,
					"max": 25
				},
				"2023-05-06": {
					"avg": 362,
					"count": 6,
					"min": 49,
					"max": 424
				},
				"2023-05-07": {
					"avg": 90,
					"count": 21,
					"min": 63,
					"max": 140
				},
				"2023-05-08": {
					"avg": 44,
					"count": 3,
					"min": 25,
					"max": 59
				},
				"2023-05-10": {
					"avg": 49,
					"count": 1,
					"min": 49,
					"max": 49
				},
				"2023-05-12": {
					"avg": 87,
					"count": 2,
					"min": 25,
					"max": 148
				},
				"2023-05-13": {
					"avg": 23,
					"count": 2,
					"min": 20,
					"max": 25
				},
				"2023-05-14": {
					"avg": 26,
					"count": 1,
					"min": 26,
					"max": 26
				},
				"2023-05-15": {
					"avg": 85,
					"count": 3,
					"min": 25,
					"max": 200
				},
				"2023-05-16": {
					"avg": 108,
					"count": 15,
					"min": 29,
					"max": 128
				},
				"2023-05-17": {
					"avg": 79,
					"count": 2,
					"min": 29,
					"max": 129
				},
				"2023-05-18": {
					"avg": 29,
					"count": 3,
					"min": 29,
					"max": 29
				},
				"2023-05-19": {
					"avg": 72,
					"count": 35,
					"min": 25,
					"max": 533
				},
				"2023-05-20": {
					"avg": 128,
					"count": 1,
					"min": 128,
					"max": 128
				},
				"2023-05-21": {
					"avg": 118,
					"count": 2,
					"min": 111,
					"max": 124
				},
				"2023-05-23": {
					"avg": 16,
					"count": 1,
					"min": 16,
					"max": 16
				},
				"2023-05-24": {
					"avg": 110,
					"count": 10,
					"min": 110,
					"max": 111
				},
				"2023-05-25": {
					"avg": 116,
					"count": 1,
					"min": 116,
					"max": 116
				},
				"2023-05-26": {
					"avg": 102,
					"count": 3,
					"min": 49,
					"max": 158
				},
				"2023-05-27": {
					"avg": 99,
					"count": 11,
					"min": 20,
					"max": 108
				},
				"2023-05-28": {
					"avg": 48,
					"count": 1,
					"min": 48,
					"max": 48
				},
				"2023-05-29": {
					"avg": 42,
					"count": 11,
					"min": 20,
					"max": 165
				},
				"2023-05-30": {
					"avg": 74,
					"count": 4,
					"min": 29,
					"max": 89
				},
				"2023-05-31": {
					"avg": 30,
					"count": 1,
					"min": 30,
					"max": 30
				},
				"2023-06-01": {
					"avg": 31,
					"count": 45,
					"min": 30,
					"max": 49
				},
				"2023-06-02": {
					"avg": 152,
					"count": 3,
					"min": 10,
					"max": 404
				},
				"2023-06-03": {
					"avg": 108,
					"count": 1,
					"min": 108,
					"max": 108
				},
				"2023-06-04": {
					"avg": 35,
					"count": 1,
					"min": 35,
					"max": 35
				},
				"2023-06-05": {
					"avg": 107,
					"count": 1,
					"min": 107,
					"max": 107
				},
				"2023-06-06": {
					"avg": 124,
					"count": 1,
					"min": 124,
					"max": 124
				},
				"2023-06-08": {
					"avg": 88,
					"count": 2,
					"min": 42,
					"max": 134
				},
				"2023-06-09": {
					"avg": 23,
					"count": 1,
					"min": 23,
					"max": 23
				},
				"2023-06-10": {
					"avg": 423,
					"count": 1,
					"min": 423,
					"max": 423
				},
				"2023-06-11": {
					"avg": 77,
					"count": 2,
					"min": 24,
					"max": 130
				},
				"2023-06-12": {
					"avg": 66,
					"count": 3,
					"min": 20,
					"max": 103
				},
				"2023-06-13": {
					"avg": 110,
					"count": 1,
					"min": 110,
					"max": 110
				},
				"2023-06-14": {
					"avg": 17,
					"count": 3,
					"min": 10,
					"max": 20
				},
				"2023-06-15": {
					"avg": 23,
					"count": 2,
					"min": 23,
					"max": 23
				},
				"2023-06-16": {
					"avg": 59,
					"count": 2,
					"min": 49,
					"max": 69
				},
				"2023-06-17": {
					"avg": 35,
					"count": 9,
					"min": 24,
					"max": 124
				},
				"2023-06-18": {
					"avg": 27,
					"count": 19,
					"min": 26,
					"max": 51
				},
				"2023-06-19": {
					"avg": 100,
					"count": 46,
					"min": 23,
					"max": 225
				},
				"2023-06-20": {
					"avg": 75,
					"count": 1,
					"min": 75,
					"max": 75
				},
				"2023-06-21": {
					"avg": 424,
					"count": 1,
					"min": 424,
					"max": 424
				},
				"2023-06-22": {
					"avg": 102,
					"count": 9,
					"min": 16,
					"max": 148
				},
				"2023-06-23": {
					"avg": 73,
					"count": 5,
					"min": 23,
					"max": 124
				},
				"2023-06-24": {
					"avg": 115,
					"count": 5,
					"min": 69,
					"max": 146
				},
				"2023-06-26": {
					"avg": 159,
					"count": 6,
					"min": 106,
					"max": 424
				},
				"2023-06-28": {
					"avg": 61,
					"count": 2,
					"min": 16,
					"max": 106
				},
				"2023-06-29": {
					"avg": 42,
					"count": 2,
					"min": 16,
					"max": 69
				},
				"2023-06-30": {
					"avg": 81,
					"count": 5,
					"min": 23,
					"max": 124
				},
				"2023-07-01": {
					"avg": 66,
					"count": 4,
					"min": 11,
					"max": 110
				},
				"2023-07-02": {
					"avg": 104,
					"count": 2,
					"min": 69,
					"max": 139
				},
				"2023-07-03": {
					"avg": 64,
					"count": 6,
					"min": 23,
					"max": 123
				},
				"2023-07-04": {
					"avg": 69,
					"count": 29,
					"min": 20,
					"max": 138
				},
				"2023-07-05": {
					"avg": 116,
					"count": 9,
					"min": 9,
					"max": 424
				},
				"2023-07-06": {
					"avg": 103,
					"count": 62,
					"min": 19,
					"max": 416
				},
				"2023-07-07": {
					"avg": 113,
					"count": 10,
					"min": 105,
					"max": 129
				},
				"2023-07-08": {
					"avg": 59,
					"count": 2,
					"min": 49,
					"max": 69
				},
				"2023-07-09": {
					"avg": 62,
					"count": 3,
					"min": 50,
					"max": 69
				},
				"2023-07-10": {
					"avg": 74,
					"count": 3,
					"min": 49,
					"max": 124
				},
				"2023-07-11": {
					"avg": 32,
					"count": 2,
					"min": 23,
					"max": 40
				},
				"2023-07-12": {
					"avg": 107,
					"count": 7,
					"min": 15,
					"max": 449
				},
				"2023-07-13": {
					"avg": 94,
					"count": 2,
					"min": 40,
					"max": 148
				},
				"2023-07-14": {
					"avg": 72,
					"count": 4,
					"min": 13,
					"max": 148
				},
				"2023-07-15": {
					"avg": 72,
					"count": 2,
					"min": 19,
					"max": 124
				},
				"2023-07-16": {
					"avg": 20,
					"count": 5,
					"min": 9,
					"max": 50
				},
				"2023-07-17": {
					"avg": 166,
					"count": 14,
					"min": 8,
					"max": 412
				},
				"2023-07-18": {
					"avg": 94,
					"count": 7,
					"min": 10,
					"max": 149
				},
				"2023-07-19": {
					"avg": 39,
					"count": 92,
					"min": 20,
					"max": 668
				},
				"2023-07-20": {
					"avg": 80,
					"count": 2,
					"min": 30,
					"max": 129
				},
				"2023-07-21": {
					"avg": 50,
					"count": 8,
					"min": 18,
					"max": 100
				},
				"2023-07-22": {
					"avg": 35,
					"count": 6,
					"min": 10,
					"max": 107
				},
				"2023-07-23": {
					"avg": 28,
					"count": 2,
					"min": 18,
					"max": 37
				},
				"2023-07-24": {
					"avg": 142,
					"count": 2,
					"min": 69,
					"max": 214
				},
				"2023-07-25": {
					"avg": 96,
					"count": 18,
					"min": 8,
					"max": 424
				},
				"2023-07-26": {
					"avg": 57,
					"count": 28,
					"min": 8,
					"max": 124
				},
				"2023-07-28": {
					"avg": 41,
					"count": 5,
					"min": 25,
					"max": 104
				},
				"2023-07-29": {
					"avg": 630,
					"count": 16,
					"min": 8,
					"max": 823
				},
				"2023-07-30": {
					"avg": 509,
					"count": 3,
					"min": 97,
					"max": 1022
				},
				"2023-07-31": {
					"avg": 61,
					"count": 4,
					"min": 10,
					"max": 174
				},
				"2023-08-01": {
					"avg": 134,
					"count": 9,
					"min": 69,
					"max": 424
				},
				"2023-08-03": {
					"avg": 126,
					"count": 1,
					"min": 126,
					"max": 126
				},
				"2023-08-04": {
					"avg": 40,
					"count": 7,
					"min": 9,
					"max": 108
				},
				"2023-08-05": {
					"avg": 39,
					"count": 2,
					"min": 23,
					"max": 54
				},
				"2023-08-06": {
					"avg": 42,
					"count": 3,
					"min": 25,
					"max": 52
				},
				"2023-08-07": {
					"avg": 114,
					"count": 48,
					"min": 15,
					"max": 515
				},
				"2023-08-08": {
					"avg": 82,
					"count": 5,
					"min": 18,
					"max": 115
				},
				"2023-08-09": {
					"avg": 58,
					"count": 3,
					"min": 10,
					"max": 113
				},
				"2023-08-10": {
					"avg": 58,
					"count": 41,
					"min": 25,
					"max": 424
				},
				"2023-08-11": {
					"avg": 175,
					"count": 3,
					"min": 26,
					"max": 424
				},
				"2023-08-12": {
					"avg": 64,
					"count": 2,
					"min": 52,
					"max": 75
				},
				"2023-08-13": {
					"avg": 75,
					"count": 1,
					"min": 75,
					"max": 75
				},
				"2023-08-14": {
					"avg": 79,
					"count": 8,
					"min": 12,
					"max": 139
				},
				"2023-08-15": {
					"avg": 91,
					"count": 4,
					"min": 35,
					"max": 110
				},
				"2023-08-16": {
					"avg": 96,
					"count": 4,
					"min": 52,
					"max": 114
				},
				"2023-08-17": {
					"avg": 73,
					"count": 1,
					"min": 73,
					"max": 73
				},
				"2023-08-18": {
					"avg": 404,
					"count": 4,
					"min": 75,
					"max": 974
				},
				"2023-08-19": {
					"avg": 238,
					"count": 2,
					"min": 51,
					"max": 424
				},
				"2023-08-20": {
					"avg": 208,
					"count": 3,
					"min": 75,
					"max": 424
				},
				"2023-08-21": {
					"avg": 66,
					"count": 3,
					"min": 49,
					"max": 75
				},
				"2023-08-22": {
					"avg": 300,
					"count": 10,
					"min": 75,
					"max": 424
				},
				"2023-08-23": {
					"avg": 63,
					"count": 2,
					"min": 50,
					"max": 75
				},
				"2023-08-24": {
					"avg": 638,
					"count": 4,
					"min": 110,
					"max": 2049
				},
				"2023-08-25": {
					"avg": 70,
					"count": 13,
					"min": 15,
					"max": 126
				},
				"2023-08-26": {
					"avg": 75,
					"count": 1,
					"min": 75,
					"max": 75
				},
				"2023-08-27": {
					"avg": 104,
					"count": 14,
					"min": 10,
					"max": 111
				},
				"2023-08-28": {
					"avg": 139,
					"count": 4,
					"min": 22,
					"max": 424
				},
				"2023-08-29": {
					"avg": 75,
					"count": 1,
					"min": 75,
					"max": 75
				},
				"2023-08-30": {
					"avg": 27,
					"count": 1,
					"min": 27,
					"max": 27
				},
				"2023-08-31": {
					"avg": 75,
					"count": 1,
					"min": 75,
					"max": 75
				},
				"2023-09-01": {
					"avg": 35,
					"count": 2,
					"min": 35,
					"max": 35
				},
				"2023-09-02": {
					"avg": 67,
					"count": 11,
					"min": 20,
					"max": 139
				},
				"2023-09-03": {
					"avg": 164,
					"count": 10,
					"min": 15,
					"max": 208
				},
				"2023-09-04": {
					"avg": 25,
					"count": 1,
					"min": 25,
					"max": 25
				},
				"2023-09-05": {
					"avg": 84,
					"count": 2,
					"min": 25,
					"max": 142
				},
				"2023-09-06": {
					"avg": 68,
					"count": 4,
					"min": 23,
					"max": 124
				},
				"2023-09-07": {
					"avg": 272,
					"count": 3,
					"min": 25,
					"max": 750
				},
				"2023-09-08": {
					"avg": 449,
					"count": 2,
					"min": 124,
					"max": 774
				},
				"2023-09-09": {
					"avg": 24,
					"count": 32,
					"min": 22,
					"max": 36
				},
				"2023-09-10": {
					"avg": 30,
					"count": 3,
					"min": 18,
					"max": 36
				},
				"2023-09-11": {
					"avg": 109,
					"count": 6,
					"min": 25,
					"max": 398
				},
				"2023-09-12": {
					"avg": 20,
					"count": 1,
					"min": 20,
					"max": 20
				},
				"2023-09-13": {
					"avg": 25,
					"count": 1,
					"min": 25,
					"max": 25
				},
				"2023-09-14": {
					"avg": 76,
					"count": 3,
					"min": 10,
					"max": 111
				},
				"2023-09-15": {
					"avg": 131,
					"count": 4,
					"min": 107,
					"max": 149
				},
				"2023-09-16": {
					"avg": 2016,
					"count": 1,
					"min": 2016,
					"max": 2016
				},
				"2023-09-18": {
					"avg": 87,
					"count": 2,
					"min": 49,
					"max": 124
				},
				"2023-09-19": {
					"avg": 82,
					"count": 2,
					"min": 25,
					"max": 139
				},
				"2023-09-20": {
					"avg": 102,
					"count": 2,
					"min": 79,
					"max": 124
				},
				"2023-09-21": {
					"avg": 81,
					"count": 5,
					"min": 16,
					"max": 124
				},
				"2023-09-22": {
					"avg": 62,
					"count": 4,
					"min": 49,
					"max": 75
				},
				"2023-09-23": {
					"avg": 143,
					"count": 2,
					"min": 47,
					"max": 239
				},
				"2023-09-24": {
					"avg": 124,
					"count": 5,
					"min": 18,
					"max": 424
				},
				"2023-09-25": {
					"avg": 91,
					"count": 3,
					"min": 49,
					"max": 121
				},
				"2023-09-26": {
					"avg": 72,
					"count": 5,
					"min": 21,
					"max": 107
				},
				"2023-09-27": {
					"avg": 54,
					"count": 3,
					"min": 15,
					"max": 105
				},
				"2023-09-29": {
					"avg": 27,
					"count": 1,
					"min": 27,
					"max": 27
				},
				"2023-09-30": {
					"avg": 116,
					"count": 11,
					"min": 50,
					"max": 424
				},
				"2023-10-01": {
					"avg": 62,
					"count": 3,
					"min": 17,
					"max": 147
				},
				"2023-10-02": {
					"avg": 43,
					"count": 3,
					"min": 13,
					"max": 90
				},
				"2023-10-03": {
					"avg": 265,
					"count": 2,
					"min": 106,
					"max": 424
				},
				"2023-10-04": {
					"avg": 96,
					"count": 7,
					"min": 15,
					"max": 327
				},
				"2023-10-05": {
					"avg": 24,
					"count": 9,
					"min": 24,
					"max": 24
				},
				"2023-10-06": {
					"avg": 176,
					"count": 4,
					"min": 87,
					"max": 424
				},
				"2023-10-07": {
					"avg": 31,
					"count": 14,
					"min": 20,
					"max": 123
				},
				"2023-10-08": {
					"avg": 89,
					"count": 2,
					"min": 30,
					"max": 148
				},
				"2023-10-09": {
					"avg": 104,
					"count": 10,
					"min": 87,
					"max": 108
				},
				"2023-10-10": {
					"avg": 40,
					"count": 6,
					"min": 17,
					"max": 102
				},
				"2023-10-11": {
					"avg": 60,
					"count": 4,
					"min": 18,
					"max": 102
				},
				"2023-10-12": {
					"avg": 38,
					"count": 6,
					"min": 20,
					"max": 75
				},
				"2023-10-13": {
					"avg": 96,
					"count": 4,
					"min": 49,
					"max": 118
				},
				"2023-10-14": {
					"avg": 46,
					"count": 2,
					"min": 46,
					"max": 46
				},
				"2023-10-15": {
					"avg": 366,
					"count": 3,
					"min": 44,
					"max": 1005
				},
				"2023-10-16": {
					"avg": 272,
					"count": 1,
					"min": 272,
					"max": 272
				},
				"2023-10-17": {
					"avg": 95,
					"count": 2,
					"min": 46,
					"max": 144
				},
				"2023-10-18": {
					"avg": 134,
					"count": 12,
					"min": 134,
					"max": 134
				},
				"2023-10-19": {
					"avg": 52,
					"count": 68,
					"min": 15,
					"max": 424
				},
				"2023-10-20": {
					"avg": 114,
					"count": 25,
					"min": 20,
					"max": 179
				},
				"2023-10-21": {
					"avg": 859,
					"count": 2,
					"min": 20,
					"max": 1698
				},
				"2023-10-22": {
					"avg": 74,
					"count": 3,
					"min": 45,
					"max": 129
				},
				"2023-10-23": {
					"avg": 82,
					"count": 3,
					"min": 46,
					"max": 154
				},
				"2023-10-24": {
					"avg": 113,
					"count": 3,
					"min": 25,
					"max": 173
				},
				"2023-10-25": {
					"avg": 76,
					"count": 2,
					"min": 46,
					"max": 105
				},
				"2023-10-26": {
					"avg": 116,
					"count": 2,
					"min": 110,
					"max": 121
				},
				"2023-10-27": {
					"avg": 37,
					"count": 3,
					"min": 15,
					"max": 49
				},
				"2023-10-28": {
					"avg": 93,
					"count": 16,
					"min": 12,
					"max": 142
				},
				"2023-10-29": {
					"avg": 57,
					"count": 4,
					"min": 22,
					"max": 110
				},
				"2023-10-30": {
					"avg": 78,
					"count": 3,
					"min": 49,
					"max": 110
				},
				"2023-10-31": {
					"avg": 75,
					"count": 4,
					"min": 74,
					"max": 75
				},
				"2023-11-01": {
					"avg": 265,
					"count": 2,
					"min": 105,
					"max": 424
				},
				"2023-11-02": {
					"avg": 62,
					"count": 2,
					"min": 49,
					"max": 75
				},
				"2023-11-03": {
					"avg": 293,
					"count": 2,
					"min": 75,
					"max": 511
				},
				"2023-11-04": {
					"avg": 110,
					"count": 1,
					"min": 110,
					"max": 110
				},
				"2023-11-05": {
					"avg": 48,
					"count": 5,
					"min": 13,
					"max": 110
				},
				"2023-11-06": {
					"avg": 129,
					"count": 1,
					"min": 129,
					"max": 129
				},
				"2023-11-09": {
					"avg": 132,
					"count": 4,
					"min": 25,
					"max": 278
				},
				"2023-11-11": {
					"avg": 271,
					"count": 2,
					"min": 22,
					"max": 519
				},
				"2023-11-12": {
					"avg": 49,
					"count": 3,
					"min": 17,
					"max": 105
				},
				"2023-11-13": {
					"avg": 64,
					"count": 3,
					"min": 59,
					"max": 75
				},
				"2023-11-14": {
					"avg": 18,
					"count": 2,
					"min": 18,
					"max": 18
				},
				"2023-11-16": {
					"avg": 23,
					"count": 3,
					"min": 19,
					"max": 25
				},
				"2023-11-17": {
					"avg": 44,
					"count": 5,
					"min": 20,
					"max": 60
				},
				"2023-11-18": {
					"avg": 59,
					"count": 2,
					"min": 59,
					"max": 59
				},
				"2023-11-19": {
					"avg": 148,
					"count": 1,
					"min": 148,
					"max": 148
				},
				"2023-11-20": {
					"avg": 79,
					"count": 2,
					"min": 53,
					"max": 104
				},
				"2023-11-21": {
					"avg": 62,
					"count": 7,
					"min": 17,
					"max": 129
				},
				"2023-11-23": {
					"avg": 49,
					"count": 1,
					"min": 49,
					"max": 49
				},
				"2023-11-24": {
					"avg": 232,
					"count": 37,
					"min": 16,
					"max": 505
				},
				"2023-11-25": {
					"avg": 108,
					"count": 2,
					"min": 75,
					"max": 141
				},
				"2023-11-26": {
					"avg": 91,
					"count": 6,
					"min": 50,
					"max": 105
				},
				"2023-11-27": {
					"avg": 122,
					"count": 2,
					"min": 100,
					"max": 144
				},
				"2024-05-17": {
					"avg": 116,
					"count": 66,
					"min": 10,
					"max": 412
				},
				"2024-05-18": {
					"avg": 154,
					"count": 24,
					"min": 15,
					"max": 516
				},
				"2024-05-19": {
					"avg": 41,
					"count": 3,
					"min": 25,
					"max": 49
				},
				"2024-05-20": {
					"avg": 45,
					"count": 3,
					"min": 35,
					"max": 50
				},
				"2024-05-22": {
					"avg": 28,
					"count": 11,
					"min": 15,
					"max": 130
				},
				"2024-05-23": {
					"avg": 293,
					"count": 4,
					"min": 290,
					"max": 295
				},
				"2024-05-24": {
					"avg": 466,
					"count": 8,
					"min": 15,
					"max": 530
				},
				"2024-05-26": {
					"avg": 107,
					"count": 1,
					"min": 107,
					"max": 107
				},
				"2024-05-27": {
					"avg": 107,
					"count": 1,
					"min": 107,
					"max": 107
				},
				"2024-05-30": {
					"avg": 130,
					"count": 5,
					"min": 11,
					"max": 336
				},
				"2024-05-31": {
					"avg": 137,
					"count": 1,
					"min": 137,
					"max": 137
				},
				"2024-06-01": {
					"avg": 147,
					"count": 1,
					"min": 147,
					"max": 147
				},
				"2024-06-02": {
					"avg": 10,
					"count": 1,
					"min": 10,
					"max": 10
				},
				"2024-06-03": {
					"avg": 197,
					"count": 4,
					"min": 132,
					"max": 219
				},
				"2024-06-04": {
					"avg": 127,
					"count": 3,
					"min": 121,
					"max": 137
				},
				"2024-06-05": {
					"avg": 100,
					"count": 1,
					"min": 100,
					"max": 100
				},
				"2024-06-06": {
					"avg": 24,
					"count": 1,
					"min": 24,
					"max": 24
				},
				"2024-06-07": {
					"avg": 65,
					"count": 3,
					"min": 15,
					"max": 160
				},
				"2024-06-11": {
					"avg": 69,
					"count": 2,
					"min": 18,
					"max": 119
				},
				"2024-06-12": {
					"avg": 40,
					"count": 1,
					"min": 40,
					"max": 40
				},
				"2024-06-15": {
					"avg": 145,
					"count": 2,
					"min": 137,
					"max": 152
				},
				"2024-06-16": {
					"avg": 130,
					"count": 1,
					"min": 130,
					"max": 130
				},
				"2024-06-17": {
					"avg": 124,
					"count": 12,
					"min": 123,
					"max": 124
				},
				"2024-06-18": {
					"avg": 86,
					"count": 2,
					"min": 20,
					"max": 152
				},
				"2024-06-20": {
					"avg": 279,
					"count": 2,
					"min": 100,
					"max": 458
				},
				"2024-06-21": {
					"avg": 126,
					"count": 3,
					"min": 126,
					"max": 126
				},
				"2024-06-22": {
					"avg": 283,
					"count": 2,
					"min": 120,
					"max": 445
				},
				"2024-06-23": {
					"avg": 22,
					"count": 1,
					"min": 22,
					"max": 22
				},
				"2024-06-24": {
					"avg": 558,
					"count": 1,
					"min": 558,
					"max": 558
				},
				"2024-06-26": {
					"avg": 85,
					"count": 5,
					"min": 15,
					"max": 103
				},
				"2024-06-27": {
					"avg": 21,
					"count": 5,
					"min": 3,
					"max": 25
				},
				"2024-06-28": {
					"avg": 143,
					"count": 1,
					"min": 143,
					"max": 143
				},
				"2024-06-29": {
					"avg": 32,
					"count": 4,
					"min": 32,
					"max": 32
				},
				"2024-06-30": {
					"avg": 126,
					"count": 1,
					"min": 126,
					"max": 126
				},
				"2024-07-01": {
					"avg": 152,
					"count": 1,
					"min": 152,
					"max": 152
				},
				"2024-07-04": {
					"avg": 70,
					"count": 31,
					"min": 32,
					"max": 160
				},
				"2024-07-07": {
					"avg": 100,
					"count": 1,
					"min": 100,
					"max": 100
				},
				"2024-07-08": {
					"avg": 325,
					"count": 9,
					"min": 12,
					"max": 458
				},
				"2024-07-09": {
					"avg": 34,
					"count": 13,
					"min": 20,
					"max": 160
				},
				"2024-07-10": {
					"avg": 76,
					"count": 2,
					"min": 25,
					"max": 126
				},
				"2024-07-11": {
					"avg": 529,
					"count": 1,
					"min": 529,
					"max": 529
				},
				"2024-07-12": {
					"avg": 25,
					"count": 1,
					"min": 25,
					"max": 25
				},
				"2024-07-13": {
					"avg": 37,
					"count": 1,
					"min": 37,
					"max": 37
				},
				"2024-07-14": {
					"avg": 23,
					"count": 2,
					"min": 23,
					"max": 23
				},
				"2024-07-16": {
					"avg": 37,
					"count": 1,
					"min": 37,
					"max": 37
				},
				"2024-07-17": {
					"avg": 148,
					"count": 1,
					"min": 148,
					"max": 148
				},
				"2024-07-18": {
					"avg": 15,
					"count": 1,
					"min": 15,
					"max": 15
				},
				"2024-07-21": {
					"avg": 109,
					"count": 2,
					"min": 40,
					"max": 177
				},
				"2024-07-22": {
					"avg": 143,
					"count": 4,
					"min": 20,
					"max": 511
				},
				"2024-07-24": {
					"avg": 145,
					"count": 1,
					"min": 145,
					"max": 145
				},
				"2024-07-26": {
					"avg": 180,
					"count": 4,
					"min": 169,
					"max": 214
				},
				"2024-07-30": {
					"avg": 148,
					"count": 3,
					"min": 138,
					"max": 157
				},
				"2024-07-31": {
					"avg": 95,
					"count": 6,
					"min": 25,
					"max": 109
				},
				"2024-08-01": {
					"avg": 1029,
					"count": 1,
					"min": 1029,
					"max": 1029
				},
				"2024-08-02": {
					"avg": 49,
					"count": 1,
					"min": 49,
					"max": 49
				},
				"2024-08-04": {
					"avg": 56,
					"count": 6,
					"min": 22,
					"max": 114
				},
				"2024-08-06": {
					"avg": 25,
					"count": 1,
					"min": 25,
					"max": 25
				},
				"2024-08-07": {
					"avg": 128,
					"count": 1,
					"min": 128,
					"max": 128
				},
				"2024-08-08": {
					"avg": 40,
					"count": 1,
					"min": 40,
					"max": 40
				},
				"2024-08-10": {
					"avg": 27,
					"count": 3,
					"min": 27,
					"max": 27
				},
				"2024-08-12": {
					"avg": 214,
					"count": 1,
					"min": 214,
					"max": 214
				},
				"2024-08-14": {
					"avg": 29,
					"count": 1,
					"min": 29,
					"max": 29
				},
				"2024-08-15": {
					"avg": 141,
					"count": 1,
					"min": 141,
					"max": 141
				},
				"2024-08-16": {
					"avg": 21,
					"count": 2,
					"min": 19,
					"max": 22
				},
				"2024-08-17": {
					"avg": 27,
					"count": 2,
					"min": 26,
					"max": 27
				},
				"2024-08-18": {
					"avg": 37,
					"count": 1,
					"min": 37,
					"max": 37
				},
				"2024-08-20": {
					"avg": 141,
					"count": 8,
					"min": 141,
					"max": 141
				},
				"2024-08-24": {
					"avg": 144,
					"count": 11,
					"min": 142,
					"max": 161
				},
				"2024-08-25": {
					"avg": 24,
					"count": 1,
					"min": 24,
					"max": 24
				},
				"2024-08-26": {
					"avg": 19,
					"count": 1,
					"min": 19,
					"max": 19
				},
				"2024-08-27": {
					"avg": 147,
					"count": 1,
					"min": 147,
					"max": 147
				},
				"2024-08-28": {
					"avg": 119,
					"count": 5,
					"min": 113,
					"max": 141
				},
				"2024-08-29": {
					"avg": 141,
					"count": 1,
					"min": 141,
					"max": 141
				},
				"2024-08-31": {
					"avg": 15,
					"count": 1,
					"min": 15,
					"max": 15
				},
				"2024-09-01": {
					"avg": 194,
					"count": 3,
					"min": 25,
					"max": 530
				},
				"2024-09-04": {
					"avg": 103,
					"count": 9,
					"min": 19,
					"max": 144
				},
				"2024-09-05": {
					"avg": 26,
					"count": 1,
					"min": 26,
					"max": 26
				},
				"2024-09-06": {
					"avg": 57,
					"count": 3,
					"min": 14,
					"max": 142
				},
				"2024-09-08": {
					"avg": 86,
					"count": 2,
					"min": 24,
					"max": 148
				},
				"2024-09-09": {
					"avg": 152,
					"count": 1,
					"min": 152,
					"max": 152
				},
				"2024-09-10": {
					"avg": 149,
					"count": 1,
					"min": 149,
					"max": 149
				},
				"2024-09-13": {
					"avg": 25,
					"count": 1,
					"min": 25,
					"max": 25
				},
				"2024-09-15": {
					"avg": 277,
					"count": 2,
					"min": 24,
					"max": 530
				},
				"2024-09-16": {
					"avg": 41,
					"count": 87,
					"min": 35,
					"max": 530
				},
				"2024-09-18": {
					"avg": 32,
					"count": 32,
					"min": 16,
					"max": 137
				},
				"2024-09-19": {
					"avg": 229,
					"count": 1,
					"min": 229,
					"max": 229
				},
				"2024-09-20": {
					"avg": 173,
					"count": 2,
					"min": 25,
					"max": 321
				},
				"2024-09-22": {
					"avg": 25,
					"count": 1,
					"min": 25,
					"max": 25
				},
				"2024-09-23": {
					"avg": 92,
					"count": 2,
					"min": 35,
					"max": 149
				}
			},
			"avg": 111,
			"avg7": 111,
			"avg28": 111
		},
		"normal-played": {
			"history": {
				"2024-05-27": {
					"avg": 130,
					"count": 1,
					"min": 130,
					"max": 130
				},
				"2024-05-29": {
					"avg": 234,
					"count": 2,
					"min": 73,
					"max": 394
				},
				"2024-05-30": {
					"avg": 10,
					"count": 1,
					"min": 10,
					"max": 10
				},
				"2024-06-01": {
					"avg": 19,
					"count": 1,
					"min": 19,
					"max": 19
				},
				"2024-06-02": {
					"avg": 130,
					"count": 1,
					"min": 130,
					"max": 130
				},
				"2024-06-04": {
					"avg": 116,
					"count": 1,
					"min": 116,
					"max": 116
				},
				"2024-06-06": {
					"avg": 151,
					"count": 1,
					"min": 151,
					"max": 151
				},
				"2024-06-07": {
					"avg": 132,
					"count": 8,
					"min": 132,
					"max": 132
				},
				"2024-06-16": {
					"avg": 16,
					"count": 1,
					"min": 16,
					"max": 16
				},
				"2024-06-21": {
					"avg": 17,
					"count": 2,
					"min": 17,
					"max": 17
				},
				"2024-06-22": {
					"avg": 130,
					"count": 4,
					"min": 130,
					"max": 130
				},
				"2024-06-24": {
					"avg": 13,
					"count": 2,
					"min": 10,
					"max": 15
				},
				"2024-06-25": {
					"avg": 71,
					"count": 2,
					"min": 10,
					"max": 132
				},
				"2024-06-26": {
					"avg": 351,
					"count": 1,
					"min": 351,
					"max": 351
				},
				"2024-06-27": {
					"avg": 19,
					"count": 5,
					"min": 19,
					"max": 19
				},
				"2024-07-04": {
					"avg": 139,
					"count": 1,
					"min": 139,
					"max": 139
				},
				"2024-07-05": {
					"avg": 81,
					"count": 2,
					"min": 20,
					"max": 142
				},
				"2024-07-07": {
					"avg": 15,
					"count": 2,
					"min": 10,
					"max": 20
				},
				"2024-07-08": {
					"avg": 19,
					"count": 10,
					"min": 10,
					"max": 27
				},
				"2024-07-10": {
					"avg": 114,
					"count": 4,
					"min": 114,
					"max": 114
				},
				"2024-07-12": {
					"avg": 19,
					"count": 5,
					"min": 16,
					"max": 32
				},
				"2024-07-15": {
					"avg": 20,
					"count": 1,
					"min": 20,
					"max": 20
				},
				"2024-07-16": {
					"avg": 25,
					"count": 1,
					"min": 25,
					"max": 25
				},
				"2024-07-17": {
					"avg": 16,
					"count": 1,
					"min": 16,
					"max": 16
				},
				"2024-07-18": {
					"avg": 108,
					"count": 2,
					"min": 108,
					"max": 108
				},
				"2024-07-19": {
					"avg": 20,
					"count": 7,
					"min": 20,
					"max": 20
				},
				"2024-07-20": {
					"avg": 20,
					"count": 1,
					"min": 20,
					"max": 20
				},
				"2024-07-23": {
					"avg": 111,
					"count": 5,
					"min": 105,
					"max": 137
				},
				"2024-07-24": {
					"avg": 114,
					"count": 17,
					"min": 114,
					"max": 114
				},
				"2024-07-25": {
					"avg": 144,
					"count": 1,
					"min": 144,
					"max": 144
				},
				"2024-07-30": {
					"avg": 25,
					"count": 1,
					"min": 25,
					"max": 25
				},
				"2024-07-31": {
					"avg": 132,
					"count": 1,
					"min": 132,
					"max": 132
				},
				"2024-08-04": {
					"avg": 102,
					"count": 3,
					"min": 15,
					"max": 152
				},
				"2024-08-05": {
					"avg": 116,
					"count": 5,
					"min": 116,
					"max": 116
				},
				"2024-08-06": {
					"avg": 20,
					"count": 2,
					"min": 20,
					"max": 20
				},
				"2024-08-07": {
					"avg": 15,
					"count": 4,
					"min": 15,
					"max": 15
				},
				"2024-08-16": {
					"avg": 137,
					"count": 1,
					"min": 137,
					"max": 137
				},
				"2024-08-18": {
					"avg": 413,
					"count": 4,
					"min": 17,
					"max": 544
				},
				"2024-08-20": {
					"avg": 319,
					"count": 2,
					"min": 137,
					"max": 500
				},
				"2024-08-21": {
					"avg": 19,
					"count": 1,
					"min": 19,
					"max": 19
				},
				"2024-08-22": {
					"avg": 17,
					"count": 1,
					"min": 17,
					"max": 17
				},
				"2024-08-23": {
					"avg": 22,
					"count": 2,
					"min": 19,
					"max": 25
				},
				"2024-08-24": {
					"avg": 142,
					"count": 10,
					"min": 142,
					"max": 142
				},
				"2024-08-25": {
					"avg": 16,
					"count": 1,
					"min": 16,
					"max": 16
				},
				"2024-08-27": {
					"avg": 20,
					"count": 1,
					"min": 20,
					"max": 20
				},
				"2024-08-31": {
					"avg": 124,
					"count": 2,
					"min": 114,
					"max": 134
				},
				"2024-09-01": {
					"avg": 17,
					"count": 1,
					"min": 17,
					"max": 17
				},
				"2024-09-03": {
					"avg": 132,
					"count": 1,
					"min": 132,
					"max": 132
				},
				"2024-09-04": {
					"avg": 143,
					"count": 1,
					"min": 143,
					"max": 143
				},
				"2024-09-08": {
					"avg": 237,
					"count": 3,
					"min": 16,
					"max": 516
				},
				"2024-09-12": {
					"avg": 84,
					"count": 2,
					"min": 15,
					"max": 152
				},
				"2024-09-16": {
					"avg": 27,
					"count": 79,
					"min": 25,
					"max": 130
				},
				"2024-09-18": {
					"avg": 47,
					"count": 3,
					"min": 5,
					"max": 114
				},
				"2024-09-21": {
					"avg": 137,
					"count": 1,
					"min": 137,
					"max": 137
				},
				"2024-09-23": {
					"avg": 25,
					"count": 1,
					"min": 25,
					"max": 25
				}
			},
			"avg": 72,
			"avg7": -1,
			"avg28": -1
		},
		"normal-nearmint": {
			"history": {
				"2024-05-25": {
					"avg": 37,
					"count": 3,
					"min": 20,
					"max": 49
				},
				"2024-05-26": {
					"avg": 171,
					"count": 1,
					"min": 171,
					"max": 171
				},
				"2024-05-27": {
					"avg": 448,
					"count": 1,
					"min": 448,
					"max": 448
				},
				"2024-05-29": {
					"avg": 102,
					"count": 10,
					"min": 19,
					"max": 141
				},
				"2024-05-31": {
					"avg": 381,
					"count": 5,
					"min": 33,
					"max": 1760
				},
				"2024-06-02": {
					"avg": 19,
					"count": 1,
					"min": 19,
					"max": 19
				},
				"2024-06-03": {
					"avg": 50,
					"count": 1,
					"min": 50,
					"max": 50
				},
				"2024-06-05": {
					"avg": 85,
					"count": 3,
					"min": 41,
					"max": 172
				},
				"2024-06-06": {
					"avg": 227,
					"count": 3,
					"min": 41,
					"max": 598
				},
				"2024-06-08": {
					"avg": 189,
					"count": 1,
					"min": 189,
					"max": 189
				},
				"2024-06-09": {
					"avg": 324,
					"count": 2,
					"min": 50,
					"max": 598
				},
				"2024-06-11": {
					"avg": 83,
					"count": 3,
					"min": 33,
					"max": 168
				},
				"2024-06-13": {
					"avg": 144,
					"count": 2,
					"min": 142,
					"max": 145
				},
				"2024-06-14": {
					"avg": 142,
					"count": 1,
					"min": 142,
					"max": 142
				},
				"2024-06-15": {
					"avg": 249,
					"count": 1,
					"min": 249,
					"max": 249
				},
				"2024-06-16": {
					"avg": 61,
					"count": 4,
					"min": 30,
					"max": 152
				},
				"2024-06-17": {
					"avg": 91,
					"count": 2,
					"min": 30,
					"max": 152
				},
				"2024-06-18": {
					"avg": 142,
					"count": 1,
					"min": 142,
					"max": 142
				},
				"2024-06-19": {
					"avg": 39,
					"count": 1,
					"min": 39,
					"max": 39
				},
				"2024-06-20": {
					"avg": 165,
					"count": 2,
					"min": 158,
					"max": 171
				},
				"2024-06-21": {
					"avg": 124,
					"count": 1,
					"min": 124,
					"max": 124
				},
				"2024-06-22": {
					"avg": 20,
					"count": 1,
					"min": 20,
					"max": 20
				},
				"2024-06-23": {
					"avg": 44,
					"count": 1,
					"min": 44,
					"max": 44
				},
				"2024-06-26": {
					"avg": 50,
					"count": 1,
					"min": 50,
					"max": 50
				},
				"2024-06-28": {
					"avg": 40,
					"count": 1,
					"min": 40,
					"max": 40
				},
				"2024-06-29": {
					"avg": 49,
					"count": 1,
					"min": 49,
					"max": 49
				},
				"2024-06-30": {
					"avg": 104,
					"count": 2,
					"min": 67,
					"max": 140
				},
				"2024-07-01": {
					"avg": 38,
					"count": 2,
					"min": 38,
					"max": 38
				},
				"2024-07-02": {
					"avg": 39,
					"count": 1,
					"min": 39,
					"max": 39
				},
				"2024-07-03": {
					"avg": 157,
					"count": 2,
					"min": 147,
					"max": 167
				},
				"2024-07-05": {
					"avg": 157,
					"count": 1,
					"min": 157,
					"max": 157
				},
				"2024-07-06": {
					"avg": 137,
					"count": 2,
					"min": 119,
					"max": 155
				},
				"2024-07-07": {
					"avg": 19,
					"count": 1,
					"min": 19,
					"max": 19
				},
				"2024-07-08": {
					"avg": 166,
					"count": 1,
					"min": 166,
					"max": 166
				},
				"2024-07-11": {
					"avg": 111,
					"count": 3,
					"min": 36,
					"max": 157
				},
				"2024-07-12": {
					"avg": 67,
					"count": 1,
					"min": 67,
					"max": 67
				},
				"2024-07-13": {
					"avg": 45,
					"count": 1,
					"min": 45,
					"max": 45
				},
				"2024-07-14": {
					"avg": 84,
					"count": 5,
					"min": 36,
					"max": 166
				},
				"2024-07-15": {
					"avg": 602,
					"count": 2,
					"min": 139,
					"max": 1064
				},
				"2024-07-18": {
					"avg": 119,
					"count": 1,
					"min": 119,
					"max": 119
				},
				"2024-07-19": {
					"avg": 133,
					"count": 1,
					"min": 133,
					"max": 133
				},
				"2024-07-20": {
					"avg": 73,
					"count": 5,
					"min": 35,
					"max": 168
				},
				"2024-07-21": {
					"avg": 150,
					"count": 2,
					"min": 133,
					"max": 166
				},
				"2024-07-22": {
					"avg": 92,
					"count": 2,
					"min": 49,
					"max": 135
				},
				"2024-07-23": {
					"avg": 29,
					"count": 1,
					"min": 29,
					"max": 29
				},
				"2024-07-24": {
					"avg": 146,
					"count": 5,
					"min": 146,
					"max": 146
				},
				"2024-07-25": {
					"avg": 62,
					"count": 11,
					"min": 45,
					"max": 142
				},
				"2024-07-27": {
					"avg": 255,
					"count": 3,
					"min": 41,
					"max": 598
				},
				"2024-07-29": {
					"avg": 224,
					"count": 1,
					"min": 224,
					"max": 224
				},
				"2024-07-30": {
					"avg": 90,
					"count": 2,
					"min": 40,
					"max": 139
				},
				"2024-08-01": {
					"avg": 42,
					"count": 1,
					"min": 42,
					"max": 42
				},
				"2024-08-02": {
					"avg": 58,
					"count": 1,
					"min": 58,
					"max": 58
				},
				"2024-08-03": {
					"avg": 64,
					"count": 3,
					"min": 58,
					"max": 67
				},
				"2024-08-04": {
					"avg": 52,
					"count": 2,
					"min": 45,
					"max": 59
				},
				"2024-08-05": {
					"avg": 138,
					"count": 7,
					"min": 29,
					"max": 156
				},
				"2024-08-06": {
					"avg": 157,
					"count": 1,
					"min": 157,
					"max": 157
				},
				"2024-08-10": {
					"avg": 162,
					"count": 1,
					"min": 162,
					"max": 162
				},
				"2024-08-12": {
					"avg": 167,
					"count": 1,
					"min": 167,
					"max": 167
				},
				"2024-08-14": {
					"avg": 598,
					"count": 1,
					"min": 598,
					"max": 598
				},
				"2024-08-15": {
					"avg": 42,
					"count": 1,
					"min": 42,
					"max": 42
				},
				"2024-08-16": {
					"avg": 304,
					"count": 3,
					"min": 140,
					"max": 598
				},
				"2024-08-17": {
					"avg": 239,
					"count": 3,
					"min": 59,
					"max": 598
				},
				"2024-08-19": {
					"avg": 54,
					"count": 2,
					"min": 50,
					"max": 58
				},
				"2024-08-20": {
					"avg": 121,
					"count": 1,
					"min": 121,
					"max": 121
				},
				"2024-08-21": {
					"avg": 110,
					"count": 3,
					"min": 67,
					"max": 134
				},
				"2024-08-22": {
					"avg": 114,
					"count": 2,
					"min": 114,
					"max": 114
				},
				"2024-08-23": {
					"avg": 98,
					"count": 2,
					"min": 67,
					"max": 129
				},
				"2024-08-24": {
					"avg": 65,
					"count": 7,
					"min": 49,
					"max": 67
				},
				"2024-08-27": {
					"avg": 383,
					"count": 2,
					"min": 167,
					"max": 598
				},
				"2024-08-28": {
					"avg": 1064,
					"count": 1,
					"min": 1064,
					"max": 1064
				},
				"2024-08-29": {
					"avg": 40,
					"count": 2,
					"min": 40,
					"max": 40
				},
				"2024-08-31": {
					"avg": 102,
					"count": 2,
					"min": 40,
					"max": 163
				},
				"2024-09-01": {
					"avg": 193,
					"count": 3,
					"min": 40,
					"max": 498
				},
				"2024-09-02": {
					"avg": 122,
					"count": 3,
					"min": 40,
					"max": 163
				},
				"2024-09-03": {
					"avg": 1096,
					"count": 2,
					"min": 129,
					"max": 2062
				},
				"2024-09-04": {
					"avg": 66,
					"count": 1,
					"min": 66,
					"max": 66
				},
				"2024-09-05": {
					"avg": 49,
					"count": 2,
					"min": 49,
					"max": 49
				},
				"2024-09-06": {
					"avg": 45,
					"count": 2,
					"min": 40,
					"max": 50
				},
				"2024-09-07": {
					"avg": 85,
					"count": 2,
					"min": 40,
					"max": 129
				},
				"2024-09-08": {
					"avg": 54,
					"count": 2,
					"min": 49,
					"max": 59
				},
				"2024-09-09": {
					"avg": 49,
					"count": 1,
					"min": 49,
					"max": 49
				},
				"2024-09-11": {
					"avg": 50,
					"count": 1,
					"min": 50,
					"max": 50
				},
				"2024-09-12": {
					"avg": 90,
					"count": 2,
					"min": 50,
					"max": 129
				},
				"2024-09-13": {
					"avg": 50,
					"count": 1,
					"min": 50,
					"max": 50
				},
				"2024-09-14": {
					"avg": 498,
					"count": 1,
					"min": 498,
					"max": 498
				},
				"2024-09-16": {
					"avg": 54,
					"count": 2,
					"min": 48,
					"max": 59
				},
				"2024-09-17": {
					"avg": 55,
					"count": 2,
					"min": 50,
					"max": 59
				},
				"2024-09-18": {
					"avg": 53,
					"count": 3,
					"min": 50,
					"max": 59
				},
				"2024-09-19": {
					"avg": 173,
					"count": 2,
					"min": 67,
					"max": 278
				},
				"2024-09-20": {
					"avg": 39,
					"count": 1,
					"min": 39,
					"max": 39
				},
				"2024-09-21": {
					"avg": 53,
					"count": 1,
					"min": 53,
					"max": 53
				},
				"2024-09-22": {
					"avg": 228,
					"count": 4,
					"min": 39,
					"max": 549
				}
			},
			"avg": 144,
			"avg7": -1,
			"avg28": -1
		},
		"normal-used": {
			"history": {
				"2024-05-25": {
					"avg": 106,
					"count": 9,
					"min": 106,
					"max": 106
				},
				"2024-05-26": {
					"avg": 119,
					"count": 1,
					"min": 119,
					"max": 119
				},
				"2024-05-30": {
					"avg": 25,
					"count": 2,
					"min": 25,
					"max": 25
				},
				"2024-06-02": {
					"avg": 13,
					"count": 1,
					"min": 13,
					"max": 13
				},
				"2024-06-08": {
					"avg": 25,
					"count": 1,
					"min": 25,
					"max": 25
				},
				"2024-06-09": {
					"avg": 12,
					"count": 1,
					"min": 12,
					"max": 12
				},
				"2024-06-16": {
					"avg": 17,
					"count": 1,
					"min": 17,
					"max": 17
				},
				"2024-06-21": {
					"avg": 10,
					"count": 1,
					"min": 10,
					"max": 10
				},
				"2024-06-22": {
					"avg": 125,
					"count": 1,
					"min": 125,
					"max": 125
				},
				"2024-06-25": {
					"avg": 15,
					"count": 1,
					"min": 15,
					"max": 15
				},
				"2024-07-01": {
					"avg": 10,
					"count": 1,
					"min": 10,
					"max": 10
				},
				"2024-07-04": {
					"avg": 30,
					"count": 6,
					"min": 10,
					"max": 129
				},
				"2024-07-05": {
					"avg": 25,
					"count": 1,
					"min": 25,
					"max": 25
				},
				"2024-07-06": {
					"avg": 15,
					"count": 1,
					"min": 15,
					"max": 15
				},
				"2024-07-07": {
					"avg": 10,
					"count": 1,
					"min": 10,
					"max": 10
				},
				"2024-07-09": {
					"avg": 10,
					"count": 1,
					"min": 10,
					"max": 10
				},
				"2024-07-12": {
					"avg": 6,
					"count": 1,
					"min": 6,
					"max": 6
				},
				"2024-07-13": {
					"avg": 10,
					"count": 1,
					"min": 10,
					"max": 10
				},
				"2024-07-18": {
					"avg": 105,
					"count": 1,
					"min": 105,
					"max": 105
				},
				"2024-07-22": {
					"avg": 10,
					"count": 1,
					"min": 10,
					"max": 10
				},
				"2024-07-23": {
					"avg": 102,
					"count": 6,
					"min": 102,
					"max": 102
				},
				"2024-07-26": {
					"avg": 16,
					"count": 1,
					"min": 16,
					"max": 16
				},
				"2024-08-02": {
					"avg": 13,
					"count": 1,
					"min": 13,
					"max": 13
				},
				"2024-08-05": {
					"avg": 13,
					"count": 1,
					"min": 13,
					"max": 13
				},
				"2024-08-09": {
					"avg": 413,
					"count": 3,
					"min": 413,
					"max": 413
				},
				"2024-08-11": {
					"avg": 137,
					"count": 1,
					"min": 137,
					"max": 137
				},
				"2024-08-12": {
					"avg": 10,
					"count": 1,
					"min": 10,
					"max": 10
				},
				"2024-08-13": {
					"avg": 13,
					"count": 1,
					"min": 13,
					"max": 13
				},
				"2024-08-16": {
					"avg": 134,
					"count": 5,
					"min": 134,
					"max": 134
				},
				"2024-08-23": {
					"avg": 137,
					"count": 1,
					"min": 137,
					"max": 137
				},
				"2024-08-27": {
					"avg": 12,
					"count": 1,
					"min": 12,
					"max": 12
				},
				"2024-08-28": {
					"avg": 12,
					"count": 1,
					"min": 12,
					"max": 12
				},
				"2024-08-31": {
					"avg": 17,
					"count": 2,
					"min": 10,
					"max": 23
				},
				"2024-09-02": {
					"avg": 9,
					"count": 1,
					"min": 9,
					"max": 9
				},
				"2024-09-06": {
					"avg": 529,
					"count": 1,
					"min": 529,
					"max": 529
				},
				"2024-09-11": {
					"avg": 11,
					"count": 1,
					"min": 11,
					"max": 11
				},
				"2024-09-22": {
					"avg": 7,
					"count": 1,
					"min": 7,
					"max": 7
				},
				"2024-09-23": {
					"avg": 24,
					"count": 2,
					"min": 24,
					"max": 24
				}
			},
			"avg": 81,
			"avg7": -1,
			"avg28": -1
		},
		"normal-poor": {
			"history": {
				"2024-05-23": {
					"avg": 132,
					"count": 1,
					"min": 132,
					"max": 132
				},
				"2024-05-30": {
					"avg": 15,
					"count": 1,
					"min": 15,
					"max": 15
				},
				"2024-06-14": {
					"avg": 5,
					"count": 1,
					"min": 5,
					"max": 5
				},
				"2024-06-19": {
					"avg": 14,
					"count": 1,
					"min": 14,
					"max": 14
				},
				"2024-06-20": {
					"avg": 8,
					"count": 6,
					"min": 5,
					"max": 14
				},
				"2024-06-25": {
					"avg": 126,
					"count": 1,
					"min": 126,
					"max": 126
				},
				"2024-06-28": {
					"avg": 13,
					"count": 1,
					"min": 13,
					"max": 13
				},
				"2024-07-02": {
					"avg": 147,
					"count": 1,
					"min": 147,
					"max": 147
				},
				"2024-07-10": {
					"avg": 12,
					"count": 2,
					"min": 10,
					"max": 13
				},
				"2024-07-11": {
					"avg": 13,
					"count": 3,
					"min": 13,
					"max": 13
				},
				"2024-07-15": {
					"avg": 201,
					"count": 1,
					"min": 201,
					"max": 201
				},
				"2024-07-17": {
					"avg": 10,
					"count": 2,
					"min": 10,
					"max": 10
				},
				"2024-07-23": {
					"avg": 84,
					"count": 5,
					"min": 10,
					"max": 103
				},
				"2024-07-25": {
					"avg": 22,
					"count": 1,
					"min": 22,
					"max": 22
				},
				"2024-07-28": {
					"avg": 131,
					"count": 1,
					"min": 131,
					"max": 131
				},
				"2024-08-09": {
					"avg": 413,
					"count": 1,
					"min": 413,
					"max": 413
				},
				"2024-08-11": {
					"avg": 10,
					"count": 1,
					"min": 10,
					"max": 10
				},
				"2024-08-16": {
					"avg": 128,
					"count": 3,
					"min": 127,
					"max": 131
				},
				"2024-09-05": {
					"avg": 104,
					"count": 5,
					"min": 104,
					"max": 104
				},
				"2024-09-06": {
					"avg": 93,
					"count": 9,
					"min": 5,
					"max": 104
				},
				"2024-09-11": {
					"avg": 6,
					"count": 1,
					"min": 6,
					"max": 6
				},
				"2024-09-12": {
					"avg": 15,
					"count": 1,
					"min": 15,
					"max": 15
				},
				"2024-09-15": {
					"avg": 186,
					"count": 3,
					"min": 22,
					"max": 514
				}
			},
			"avg": 79,
			"avg7": -1,
			"avg28": -1
		}
	}
}