{
	"data": {
		"normal-good": {
			"history": {
				"2022-11-12": {
					"avg": 70,
					"count": 2
				},
				"2022-11-13": {
					"avg": 70,
					"count": 6
				},
				"2022-11-14": {
					"avg": 85,
					"count": 7
				},
				"2022-11-16": {
					"avg": 135,
					"count": 25
				},
				"2022-11-17": {
					"avg": 208,
					"count": 3
				},
				"2022-11-18": {
					"avg": 24,
					"count": 1
				},
				"2022-11-19": {
					"avg": 256,
					"count": 2,
					"min": 9,
					"max": 503
				},
				"2022-11-20": {
					"avg": 89,
					"count": 4,
					"min": 24,
					"max": 173
				},
				"2022-11-21": {
					"avg": 49,
					"count": 1,
					"min": 49,
					"max": 49
				},
				"2022-11-22": {
					"avg": 431,
					"count": 44,
					"min": 24,
					"max": 832
				},
				"2022-11-23": {
					"avg": 24,
					"count": 1,
					"min": 24,
					"max": 24
				},
				"2022-11-24": {
					"avg": 29,
					"count": 2,
					"min": 24,
					"max": 33
				},
				"2022-11-25": {
					"avg": 72,
					"count": 18,
					"min": 15,
					"max": 239
				},
				"2022-11-26": {
					"avg": 832,
					"count": 16,
					"min": 832,
					"max": 832
				},
				"2022-11-27": {
					"avg": 22,
					"count": 5,
					"min": 19,
					"max": 24
				},
				"2022-11-28": {
					"avg": 59,
					"count": 3,
					"min": 26,
					"max": 114
				},
				"2022-11-29": {
					"avg": 76,
					"count": 6,
					"min": 19,
					"max": 139
				},
				"2022-11-30": {
					"avg": 22,
					"count": 2,
					"min": 19,
					"max": 24
				},
				"2022-12-01": {
					"avg": 19,
					"count": 1,
					"min": 19,
					"max": 19
				},
				"2022-12-02": {
					"avg": 21,
					"count": 2,
					"min": 19,
					"max": 23
				},
				"2022-12-03": {
					"avg": 96,
					"count": 3,
					"min": 38,
					"max": 125
				},
				"2022-12-04": {
					"avg": 46,
					"count": 4,
					"min": 8,
					"max": 114
				},
				"2022-12-05": {
					"avg": 84,
					"count": 32,
					"min": 9,
					"max": 223
				},
				"2022-12-06": {
					"avg": 63,
					"count": 5,
					"min": 17,
					"max": 241
				},
				"2022-12-07": {
					"avg": 105,
					"count": 8,
					"min": 33,
					"max": 119
				},
				"2022-12-09": {
					"avg": 36,
					"count": 5,
					"min": 33,
					"max": 45
				},
				"2022-12-10": {
					"avg": 35,
					"count": 3,
					"min": 22,
					"max": 49
				},
				"2022-12-11": {
					"avg": 37,
					"count": 3,
					"min": 35,
					"max": 38
				},
				"2022-12-12": {
					"avg": 85,
					"count": 2,
					"min": 34,
					"max": 135
				},
				"2022-12-13": {
					"avg": 19,
					"count": 1,
					"min": 19,
					"max": 19
				},
				"2022-12-15": {
					"avg": 67,
					"count": 4,
					"min": 40,
					"max": 139
				},
				"2022-12-16": {
					"avg": 106,
					"count": 13,
					"min": 23,
					"max": 221
				},
				"2022-12-17": {
					"avg": 70,
					"count": 3,
					"min": 23,
					"max": 139
				},
				"2022-12-18": {
					"avg": 149,
					"count": 3,
					"min": 123,
					"max": 200
				},
				"2022-12-19": {
					"avg": 35,
					"count": 1,
					"min": 35,
					"max": 35
				},
				"2022-12-22": {
					"avg": 130,
					"count": 2,
					"min": 41,
					"max": 219
				},
				"2022-12-23": {
					"avg": 90,
					"count": 7,
					"min": 23,
					"max": 115
				},
				"2022-12-24": {
					"avg": 30,
					"count": 1,
					"min": 30,
					"max": 30
				},
				"2022-12-25": {
					"avg": 64,
					"count": 2,
					"min": 53,
					"max": 75
				},
				"2022-12-26": {
					"avg": 139,
					"count": 1,
					"min": 139,
					"max": 139
				},
				"2022-12-27": {
					"avg": 61,
					"count": 4,
					"min": 20,
					"max": 74
				},
				"2022-12-28": {
					"avg": 64,
					"count": 3,
					"min": 30,
					"max": 124
				},
				"2022-12-29": {
					"avg": 110,
					"count": 2,
					"min": 75,
					"max": 144
				},
				"2022-12-30": {
					"avg": 134,
					"count": 3,
					"min": 114,
					"max": 148
				},
				"2022-12-31": {
					"avg": 71,
					"count": 3,
					"min": 25,
					"max": 139
				},
				"2023-01-01": {
					"avg": 63,
					"count": 3,
					"min": 30,
					"max": 115
				},
				"2023-01-02": {
					"avg": 65,
					"count": 50,
					"min": 20,
					"max": 303
				},
				"2023-01-03": {
					"avg": 95,
					"count": 8,
					"min": 21,
					"max": 324
				},
				"2023-01-04": {
					"avg": 22,
					"count": 3,
					"min": 17,
					"max": 33
				},
				"2023-01-05": {
					"avg": 96,
					"count": 7,
					"min": 20,
					"max": 226
				},
				"2023-01-06": {
					"avg": 151,
					"count": 6,
					"min": 5,
					"max": 324
				},
				"2023-01-07": {
					"avg": 26,
					"count": 4,
					"min": 15,
					"max": 34
				},
				"2023-01-08": {
					"avg": 21,
					"count": 2,
					"min": 18,
					"max": 24
				},
				"2023-01-09": {
					"avg": 92,
					"count": 3,
					"min": 44,
					"max": 116
				},
				"2023-01-10": {
					"avg": 25,
					"count": 4,
					"min": 19,
					"max": 27
				},
				"2023-01-11": {
					"avg": 112,
					"count": 18,
					"min": 19,
					"max": 128
				},
				"2023-01-12": {
					"avg": 66,
					"count": 6,
					"min": 29,
					"max": 134
				},
				"2023-02-06": {
					"avg": 109,
					"count": 6,
					"min": 31,
					"max": 124
				},
				"2023-02-07": {
					"avg": 62,
					"count": 7,
					"min": 17,
					"max": 90
				},
				"2023-02-08": {
					"avg": 272,
					"count": 2,
					"min": 170,
					"max": 374
				},
				"2023-02-09": {
					"avg": 24,
					"count": 12,
					"min": 16,
					"max": 108
				},
				"2023-02-10": {
					"avg": 81,
					"count": 6,
					"min": 79,
					"max": 82
				},
				"2023-02-11": {
					"avg": 129,
					"count": 6,
					"min": 99,
					"max": 216
				},
				"2023-02-12": {
					"avg": 119,
					"count": 2,
					"min": 39,
					"max": 199
				},
				"2023-02-13": {
					"avg": 40,
					"count": 1,
					"min": 40,
					"max": 40
				},
				"2023-02-14": {
					"avg": 111,
					"count": 2,
					"min": 23,
					"max": 199
				},
				"2023-02-15": {
					"avg": 57,
					"count": 3,
					"min": 52,
					"max": 68
				},
				"2023-02-16": {
					"avg": 24,
					"count": 1,
					"min": 24,
					"max": 24
				},
				"2023-02-17": {
					"avg": 169,
					"count": 5,
					"min": 23,
					"max": 324
				},
				"2023-02-18": {
					"avg": 126,
					"count": 6,
					"min": 27,
					"max": 154
				},
				"2023-02-19": {
					"avg": 128,
					"count": 3,
					"min": 29,
					"max": 217
				},
				"2023-02-20": {
					"avg": 120,
					"count": 7,
					"min": 116,
					"max": 124
				},
				"2023-02-21": {
					"avg": 124,
					"count": 1,
					"min": 124,
					"max": 124
				},
				"2023-02-22": {
					"avg": 20,
					"count": 28,
					"min": 19,
					"max": 21
				},
				"2023-02-23": {
					"avg": 31,
					"count": 5,
					"min": 23,
					"max": 44
				},
				"2023-02-24": {
					"avg": 33,
					"count": 32,
					"min": 23,
					"max": 51
				},
				"2023-02-25": {
					"avg": 99,
					"count": 5,
					"min": 33,
					"max": 140
				},
				"2023-02-26": {
					"avg": 148,
					"count": 5,
					"min": 51,
					"max": 314
				},
				"2023-02-27": {
					"avg": 97,
					"count": 2,
					"min": 49,
					"max": 145
				},
				"2023-02-28": {
					"avg": 53,
					"count": 4,
					"min": 33,
					"max": 100
				},
				"2023-03-01": {
					"avg": 40,
					"count": 2,
					"min": 33,
					"max": 46
				},
				"2023-03-02": {
					"avg": 25,
					"count": 4,
					"min": 15,
					"max": 45
				},
				"2023-03-03": {
					"avg": 54,
					"count": 5,
					"min": 23,
					"max": 125
				},
				"2023-03-04": {
					"avg": 124,
					"count": 1,
					"min": 124,
					"max": 124
				},
				"2023-03-05": {
					"avg": 36,
					"count": 2,
					"min": 27,
					"max": 44
				},
				"2023-03-06": {
					"avg": 70,
					"count": 20,
					"min": 25,
					"max": 201
				},
				"2023-03-07": {
					"avg": 261,
					"count": 5,
					"min": 41,
					"max": 533
				},
				"2023-03-08": {
					"avg": 46,
					"count": 1,
					"min": 46,
					"max": 46
				},
				"2023-03-09": {
					"avg": 69,
					"count": 3,
					"min": 25,
					"max": 140
				},
				"2023-03-10": {
					"avg": 37,
					"count": 2,
					"min": 27,
					"max": 47
				},
				"2023-03-11": {
					"avg": 27,
					"count": 12,
					"min": 25,
					"max": 51
				},
				"2023-03-12": {
					"avg": 93,
					"count": 2,
					"min": 34,
					"max": 151
				},
				"2023-03-13": {
					"avg": 47,
					"count": 1,
					"min": 47,
					"max": 47
				},
				"2023-03-14": {
					"avg": 86,
					"count": 2,
					"min": 44,
					"max": 127
				},
				"2023-03-15": {
					"avg": 93,
					"count": 6,
					"min": 45,
					"max": 134
				},
				"2023-03-16": {
					"avg": 135,
					"count": 3,
					"min": 47,
					"max": 234
				},
				"2023-03-18": {
					"avg": 33,
					"count": 1,
					"min": 33,
					"max": 33
				},
				"2023-03-19": {
					"avg": 70,
					"count": 3,
					"min": 45,
					"max": 119
				},
				"2023-03-20": {
					"avg": 178,
					"count": 5,
					"min": 33,
					"max": 546
				},
				"2023-03-21": {
					"avg": 38,
					"count": 8,
					"min": 24,
					"max": 134
				},
				"2023-03-22": {
					"avg": 230,
					"count": 32,
					"min": 33,
					"max": 339
				},
				"2023-03-23": {
					"avg": 95,
					"count": 3,
					"min": 33,
					"max": 128
				},
				"2023-03-24": {
					"avg": 55,
					"count": 3,
					"min": 19,
					"max": 119
				},
				"2023-03-26": {
					"avg": 94,
					"count": 5,
					"min": 33,
					"max": 149
				},
				"2023-03-27": {
					"avg": 199,
					"count": 13,
					"min": 23,
					"max": 717
				},
				"2023-03-28": {
					"avg": 39,
					"count": 13,
					"min": 20,
					"max": 124
				},
				"2023-03-29": {
					"avg": 115,
					"count": 3,
					"min": 23,
					"max": 208
				},
				"2023-03-31": {
					"avg": 65,
					"count": 4,
					"min": 15,
					"max": 124
				},
				"2023-04-01": {
					"avg": 135,
					"count": 2,
					"min": 121,
					"max": 149
				},
				"2023-04-02": {
					"avg": 82,
					"count": 7,
					"min": 24,
					"max": 151
				},
				"2023-04-03": {
					"avg": 165,
					"count": 11,
					"min": 41,
					"max": 450
				},
				"2023-04-04": {
					"avg": 328,
					"count": 3,
					"min": 36,
					"max": 830
				},
				"2023-04-06": {
					"avg": 51,
					"count": 2,
					"min": 51,
					"max": 51
				},
				"2023-04-07": {
					"avg": 62,
					"count": 3,
					"min": 36,
					"max": 113
				},
				"2023-04-08": {
					"avg": 118,
					"count": 37,
					"min": 33,
					"max": 124
				},
				"2023-04-09": {
					"avg": 92,
					"count": 2,
					"min": 73,
					"max": 110
				},
				"2023-04-10": {
					"avg": 104,
					"count": 3,
					"min": 49,
					"max": 149
				},
				"2023-04-11": {
					"avg": 35,
					"count": 3,
					"min": 32,
					"max": 36
				},
				"2023-04-13": {
					"avg": 176,
					"count": 3,
					"min": 35,
					"max": 449
				},
				"2023-04-14": {
					"avg": 117,
					"count": 4,
					"min": 22,
					"max": 174
				},
				"2023-04-15": {
					"avg": 21,
					"count": 43,
					"min": 10,
					"max": 231
				},
				"2023-04-16": {
					"avg": 177,
					"count": 5,
					"min": 37,
					"max": 573
				},
				"2023-04-17": {
					"avg": 102,
					"count": 4,
					"min": 38,
					"max": 126
				},
				"2023-04-18": {
					"avg": 129,
					"count": 5,
					"min": 20,
					"max": 524
				},
				"2023-04-19": {
					"avg": 225,
					"count": 1,
					"min": 225,
					"max": 225
				},
				"2023-04-20": {
					"avg": 105,
					"count": 2,
					"min": 99,
					"max": 110
				},
				"2023-04-21": {
					"avg": 29,
					"count": 1,
					"min": 29,
					"max": 29
				},
				"2023-04-22": {
					"avg": 69,
					"count": 14,
					"min": 25,
					"max": 305
				},
				"2023-04-23": {
					"avg": 19,
					"count": 2,
					"min": 12,
					"max": 25
				},
				"2023-04-25": {
					"avg": 104,
					"count": 2,
					"min": 69,
					"max": 139
				},
				"2023-04-27": {
					"avg": 69,
					"count": 1,
					"min": 69,
					"max": 69
				},
				"2023-04-28": {
					"avg": 118,
					"count": 16,
					"min": 35,
					"max": 145
				},
				"2023-04-29": {
					"avg": 78,
					"count": 3,
					"min": 36,
					"max": 149
				},
				"2023-05-01": {
					"avg": 45,
					"count": 3,
					"min": 20,
					"max": 66
				},
				"2023-05-02": {
					"avg": 140,
					"count": 1,
					"min": 140,
					"max": 140
				},
				"2023-05-03": {
					"avg": 41,
					"count": 2,
					"min": 33,
					"max": 49
				},
				"2023-05-04": {
					"avg": 45,
					"count": 1,
					"min": 45,
					"max": 45
				},
				"2023-05-05": {
					"avg": 54,
					"count": 3,
					"min": 32,
					"max": 82
				},
				"2023-05-06": {
					"avg": 348,
					"count": 8,
					"min": 40,
					"max": 449
				},
				"2023-05-07": {
					"avg": 169,
					"count": 20,
					"min": 20,
					"max": 416
				},
				"2023-05-08": {
					"avg": 50,
					"count": 3,
					"min": 35,
					"max": 65
				},
				"2023-05-09": {
					"avg": 56,
					"count": 1,
					"min": 56,
					"max": 56
				},
				"2023-05-12": {
					"avg": 38,
					"count": 1,
					"min": 38,
					"max": 38
				},
				"2023-05-13": {
					"avg": 34,
					"count": 2,
					"min": 30,
					"max": 38
				},
				"2023-05-14": {
					"avg": 25,
					"count": 1,
					"min": 25,
					"max": 25
				},
				"2023-05-15": {
					"avg": 87,
					"count": 2,
					"min": 25,
					"max": 148
				},
				"2023-05-16": {
					"avg": 30,
					"count": 2,
					"min": 30,
					"max": 30
				},
				"2023-05-18": {
					"avg": 40,
					"count": 2,
					"min": 30,
					"max": 49
				},
				"2023-05-19": {
					"avg": 86,
					"count": 20,
					"min": 27,
					"max": 408
				},
				"2023-05-20": {
					"avg": 63,
					"count": 1,
					"min": 63,
					"max": 63
				},
				"2023-05-21": {
					"avg": 116,
					"count": 1,
					"min": 116,
					"max": 116
				},
				"2023-05-24": {
					"avg": 122,
					"count": 11,
					"min": 25,
					"max": 250
				},
				"2023-05-25": {
					"avg": 25,
					"count": 2,
					"min": 25,
					"max": 25
				},
				"2023-05-26": {
					"avg": 451,
					"count": 2,
					"min": 59,
					"max": 844
				},
				"2023-05-27": {
					"avg": 86,
					"count": 11,
					"min": 19,
					"max": 121
				},
				"2023-05-28": {
					"avg": 169,
					"count": 3,
					"min": 49,
					"max": 408
				},
				"2023-05-29": {
					"avg": 102,
					"count": 17,
					"min": 23,
					"max": 149
				},
				"2023-05-30": {
					"avg": 87,
					"count": 2,
					"min": 50,
					"max": 124
				},
				"2023-05-31": {
					"avg": 87,
					"count": 2,
					"min": 25,
					"max": 149
				},
				"2023-06-01": {
					"avg": 25,
					"count": 22,
					"min": 25,
					"max": 25
				},
				"2023-06-02": {
					"avg": 38,
					"count": 2,
					"min": 25,
					"max": 51
				},
				"2023-06-03": {
					"avg": 53,
					"count": 3,
					"min": 23,
					"max": 111
				},
				"2023-06-05": {
					"avg": 145,
					"count": 1,
					"min": 145,
					"max": 145
				},
				"2023-06-06": {
					"avg": 124,
					"count": 1,
					"min": 124,
					"max": 124
				},
				"2023-06-07": {
					"avg": 47,
					"count": 2,
					"min": 47,
					"max": 47
				},
				"2023-06-08": {
					"avg": 101,
					"count": 4,
					"min": 31,
					"max": 198
				},
				"2023-06-09": {
					"avg": 25,
					"count": 1,
					"min": 25,
					"max": 25
				},
				"2023-06-10": {
					"avg": 144,
					"count": 4,
					"min": 20,
					"max": 441
				},
				"2023-06-11": {
					"avg": 150,
					"count": 6,
					"min": 30,
					"max": 449
				},
				"2023-06-12": {
					"avg": 39,
					"count": 2,
					"min": 30,
					"max": 47
				},
				"2023-06-14": {
					"avg": 32,
					"count": 3,
					"min": 31,
					"max": 33
				},
				"2023-06-15": {
					"avg": 27,
					"count": 2,
					"min": 23,
					"max": 30
				},
				"2023-06-17": {
					"avg": 32,
					"count": 2,
					"min": 30,
					"max": 33
				},
				"2023-06-18": {
					"avg": 28,
					"count": 80,
					"min": 25,
					"max": 100
				},
				"2023-06-19": {
					"avg": 95,
					"count": 5,
					"min": 33,
					"max": 134
				},
				"2023-06-20": {
					"avg": 32,
					"count": 3,
					"min": 31,
					"max": 33
				},
				"2023-06-21": {
					"avg": 41,
					"count": 1,
					"min": 41,
					"max": 41
				},
				"2023-06-22": {
					"avg": 131,
					"count": 8,
					"min": 21,
					"max": 399
				},
				"2023-06-23": {
					"avg": 43,
					"count": 2,
					"min": 36,
					"max": 49
				},
				"2023-06-24": {
					"avg": 142,
					"count": 5,
					"min": 36,
					"max": 408
				},
				"2023-06-25": {
					"avg": 110,
					"count": 1,
					"min": 110,
					"max": 110
				},
				"2023-06-26": {
					"avg": 105,
					"count": 8,
					"min": 33,
					"max": 153
				},
				"2023-06-27": {
					"avg": 18,
					"count": 1,
					"min": 18,
					"max": 18
				},
				"2023-06-29": {
					"avg": 49,
					"count": 6,
					"min": 11,
					"max": 148
				},
				"2023-06-30": {
					"avg": 82,
					"count": 5,
					"min": 33,
					"max": 117
				},
				"2023-07-01": {
					"avg": 298,
					"count": 13,
					"min": 25,
					"max": 420
				},
				"2023-07-02": {
					"avg": 86,
					"count": 2,
					"min": 23,
					"max": 149
				},
				"2023-07-03": {
					"avg": 220,
					"count": 6,
					"min": 33,
					"max": 651
				},
				"2023-07-04": {
					"avg": 106,
					"count": 10,
					"min": 34,
					"max": 138
				},
				"2023-07-05": {
					"avg": 133,
					"count": 6,
					"min": 51,
					"max": 284
				},
				"2023-07-06": {
					"avg": 158,
					"count": 29,
					"min": 25,
					"max": 424
				},
				"2023-07-07": {
					"avg": 146,
					"count": 18,
					"min": 23,
					"max": 450
				},
				"2023-07-08": {
					"avg": 133,
					"count": 6,
					"min": 23,
					"max": 484
				},
				"2023-07-09": {
					"avg": 36,
					"count": 4,
					"min": 23,
					"max": 69
				},
				"2023-07-10": {
					"avg": 194,
					"count": 3,
					"min": 30,
					"max": 408
				},
				"2023-07-12": {
					"avg": 36,
					"count": 5,
					"min": 18,
					"max": 53
				},
				"2023-07-14": {
					"avg": 40,
					"count": 8,
					"min": 15,
					"max": 129
				},
				"2023-07-15": {
					"avg": 89,
					"count": 3,
					"min": 34,
					"max": 132
				},
				"2023-07-16": {
					"avg": 18,
					"count": 3,
					"min": 8,
					"max": 34
				},
				"2023-07-17": {
					"avg": 101,
					"count": 15,
					"min": 15,
					"max": 408
				},
				"2023-07-18": {
					"avg": 129,
					"count": 4,
					"min": 124,
					"max": 145
				},
				"2023-07-19": {
					"avg": 79,
					"count": 31,
					"min": 21,
					"max": 1650
				},
				"2023-07-20": {
					"avg": 93,
					"count": 2,
					"min": 32,
					"max": 153
				},
				"2023-07-21": {
					"avg": 54,
					"count": 9,
					"min": 30,
					"max": 146
				},
				"2023-07-23": {
					"avg": 30,
					"count": 1,
					"min": 30,
					"max": 30
				},
				"2023-07-24": {
					"avg": 52,
					"count": 2,
					"min": 30,
					"max": 73
				},
				"2023-07-25": {
					"avg": 86,
					"count": 21,
					"min": 18,
					"max": 149
				},
				"2023-07-26": {
					"avg": 38,
					"count": 34,
					"min": 18,
					"max": 117
				},
				"2023-07-28": {
					"avg": 25,
					"count": 4,
					"min": 25,
					"max": 25
				},
				"2023-07-29": {
					"avg": 112,
					"count": 9,
					"min": 31,
					"max": 250
				},
				"2023-07-30": {
					"avg": 562,
					"count": 4,
					"min": 40,
					"max": 1051
				},
				"2023-07-31": {
					"avg": 45,
					"count": 2,
					"min": 40,
					"max": 49
				},
				"2023-08-01": {
					"avg": 167,
					"count": 9,
					"min": 94,
					"max": 550
				},
				"2023-08-02": {
					"avg": 32,
					"count": 2,
					"min": 31,
					"max": 32
				},
				"2023-08-03": {
					"avg": 74,
					"count": 2,
					"min": 32,
					"max": 115
				},
				"2023-08-04": {
					"avg": 81,
					"count": 8,
					"min": 11,
					"max": 153
				},
				"2023-08-05": {
					"avg": 44,
					"count": 1,
					"min": 44,
					"max": 44
				},
				"2023-08-06": {
					"avg": 198,
					"count": 7,
					"min": 21,
					"max": 408
				},
				"2023-08-07": {
					"avg": 199,
					"count": 12,
					"min": 20,
					"max": 520
				},
				"2023-08-08": {
					"avg": 37,
					"count": 2,
					"min": 30,
					"max": 44
				},
				"2023-08-09": {
					"avg": 117,
					"count": 2,
					"min": 115,
					"max": 118
				},
				"2023-08-10": {
					"avg": 111,
					"count": 8,
					"min": 44,
					"max": 219
				},
				"2023-08-11": {
					"avg": 74,
					"count": 5,
					"min": 44,
					"max": 149
				},
				"2023-08-12": {
					"avg": 106,
					"count": 4,
					"min": 44,
					"max": 143
				},
				"2023-08-13": {
					"avg": 44,
					"count": 1,
					"min": 44,
					"max": 44
				},
				"2023-08-14": {
					"avg": 92,
					"count": 9,
					"min": 18,
					"max": 124
				},
				"2023-08-15": {
					"avg": 84,
					"count": 5,
					"min": 44,
					"max": 110
				},
				"2023-08-16": {
					"avg": 72,
					"count": 4,
					"min": 17,
					"max": 120
				},
				"2023-08-18": {
					"avg": 367,
					"count": 4,
					"min": 25,
					"max": 998
				},
				"2023-08-19": {
					"avg": 46,
					"count": 3,
					"min": 44,
					"max": 47
				},
				"2023-08-20": {
					"avg": 163,
					"count": 4,
					"min": 44,
					"max": 449
				},
				"2023-08-21": {
					"avg": 56,
					"count": 4,
					"min": 25,
					"max": 149
				},
				"2023-08-22": {
					"avg": 117,
					"count": 2,
					"min": 117,
					"max": 117
				},
				"2023-08-23": {
					"avg": 153,
					"count": 1,
					"min": 153,
					"max": 153
				},
				"2023-08-24": {
					"avg": 109,
					"count": 3,
					"min": 10,
					"max": 198
				},
				"2023-08-25": {
					"avg": 90,
					"count": 11,
					"min": 10,
					"max": 120
				},
				"2023-08-26": {
					"avg": 40,
					"count": 3,
					"min": 26,
					"max": 48
				},
				"2023-08-27": {
					"avg": 129,
					"count": 6,
					"min": 15,
					"max": 449
				},
				"2023-08-28": {
					"avg": 166,
					"count": 4,
					"min": 31,
					"max": 449
				},
				"2023-08-29": {
					"avg": 24,
					"count": 4,
					"min": 10,
					"max": 37
				},
				"2023-08-30": {
					"avg": 20,
					"count": 1,
					"min": 20,
					"max": 20
				},
				"2023-09-01": {
					"avg": 101,
					"count": 3,
					"min": 76,
					"max": 113
				},
				"2023-09-02": {
					"avg": 31,
					"count": 1,
					"min": 31,
					"max": 31
				},
				"2023-09-03": {
					"avg": 188,
					"count": 13,
					"min": 25,
					"max": 449
				},
				"2023-09-04": {
					"avg": 56,
					"count": 3,
					"min": 25,
					"max": 117
				},
				"2023-09-05": {
					"avg": 26,
					"count": 4,
					"min": 25,
					"max": 30
				},
				"2023-09-06": {
					"avg": 68,
					"count": 7,
					"min": 25,
					"max": 124
				},
				"2023-09-07": {
					"avg": 40,
					"count": 2,
					"min": 30,
					"max": 49
				},
				"2023-09-09": {
					"avg": 134,
					"count": 54,
					"min": 29,
					"max": 175
				},
				"2023-09-10": {
					"avg": 114,
					"count": 1,
					"min": 114,
					"max": 114
				},
				"2023-09-11": {
					"avg": 298,
					"count": 7,
					"min": 30,
					"max": 1750
				},
				"2023-09-13": {
					"avg": 113,
					"count": 1,
					"min": 113,
					"max": 113
				},
				"2023-09-14": {
					"avg": 75,
					"count": 4,
					"min": 25,
					"max": 124
				},
				"2023-09-15": {
					"avg": 207,
					"count": 4,
					"min": 111,
					"max": 449
				},
				"2023-09-16": {
					"avg": 341,
					"count": 7,
					"min": 17,
					"max": 2024
				},
				"2023-09-17": {
					"avg": 53,
					"count": 4,
					"min": 30,
					"max": 107
				},
				"2023-09-18": {
					"avg": 29,
					"count": 1,
					"min": 29,
					"max": 29
				},
				"2023-09-19": {
					"avg": 56,
					"count": 4,
					"min": 25,
					"max": 139
				},
				"2023-09-20": {
					"avg": 55,
					"count": 3,
					"min": 13,
					"max": 124
				},
				"2023-09-21": {
					"avg": 69,
					"count": 5,
					"min": 26,
					"max": 234
				},
				"2023-09-22": {
					"avg": 82,
					"count": 4,
					"min": 29,
					"max": 239
				},
				"2023-09-23": {
					"avg": 212,
					"count": 1,
					"min": 212,
					"max": 212
				},
				"2023-09-24": {
					"avg": 70,
					"count": 4,
					"min": 18,
					"max": 138
				},
				"2023-09-25": {
					"avg": 20,
					"count": 3,
					"min": 20,
					"max": 20
				},
				"2023-09-26": {
					"avg": 79,
					"count": 5,
					"min": 29,
					"max": 119
				},
				"2023-09-27": {
					"avg": 36,
					"count": 2,
					"min": 33,
					"max": 38
				},
				"2023-09-28": {
					"avg": 110,
					"count": 8,
					"min": 17,
					"max": 379
				},
				"2023-09-29": {
					"avg": 101,
					"count": 9,
					"min": 34,
					"max": 114
				},
				"2023-09-30": {
					"avg": 156,
					"count": 16,
					"min": 110,
					"max": 449
				},
				"2023-10-01": {
					"avg": 101,
					"count": 3,
					"min": 27,
					"max": 148
				},
				"2023-10-03": {
					"avg": 287,
					"count": 2,
					"min": 124,
					"max": 449
				},
				"2023-10-04": {
					"avg": 49,
					"count": 8,
					"min": 18,
					"max": 149
				},
				"2023-10-05": {
					"avg": 43,
					"count": 3,
					"min": 19,
					"max": 71
				},
				"2023-10-06": {
					"avg": 154,
					"count": 4,
					"min": 87,
					"max": 284
				},
				"2023-10-07": {
					"avg": 59,
					"count": 1,
					"min": 59,
					"max": 59
				},
				"2023-10-08": {
					"avg": 79,
					"count": 6,
					"min": 15,
					"max": 143
				},
				"2023-10-09": {
					"avg": 110,
					"count": 11,
					"min": 104,
					"max": 114
				},
				"2023-10-10": {
					"avg": 81,
					"count": 5,
					"min": 18,
					"max": 138
				},
				"2023-10-11": {
					"avg": 89,
					"count": 2,
					"min": 52,
					"max": 126
				},
				"2023-10-12": {
					"avg": 65,
					"count": 3,
					"min": 25,
					"max": 139
				},
				"2023-10-13": {
					"avg": 15,
					"count": 3,
					"min": 10,
					"max": 20
				},
				"2023-10-14": {
					"avg": 129,
					"count": 1,
					"min": 129,
					"max": 129
				},
				"2023-10-15": {
					"avg": 81,
					"count": 2,
					"min": 52,
					"max": 110
				},
				"2023-10-16": {
					"avg": 141,
					"count": 3,
					"min": 30,
					"max": 281
				},
				"2023-10-17": {
					"avg": 46,
					"count": 3,
					"min": 30,
					"max": 60
				},
				"2023-10-18": {
					"avg": 145,
					"count": 9,
					"min": 144,
					"max": 157
				},
				"2023-10-19": {
					"avg": 36,
					"count": 8,
					"min": 21,
					"max": 124
				},
				"2023-10-20": {
					"avg": 117,
					"count": 7,
					"min": 44,
					"max": 174
				},
				"2023-10-21": {
					"avg": 18,
					"count": 2,
					"min": 2,
					"max": 33
				},
				"2023-10-22": {
					"avg": 33,
					"count": 1,
					"min": 33,
					"max": 33
				},
				"2023-10-23": {
					"avg": 41,
					"count": 1,
					"min": 41,
					"max": 41
				},
				"2023-10-24": {
					"avg": 53,
					"count": 3,
					"min": 16,
					"max": 118
				},
				"2023-10-25": {
					"avg": 184,
					"count": 6,
					"min": 33,
					"max": 445
				},
				"2023-10-26": {
					"avg": 125,
					"count": 3,
					"min": 110,
					"max": 152
				},
				"2023-10-27": {
					"avg": 30,
					"count": 2,
					"min": 11,
					"max": 49
				},
				"2023-10-28": {
					"avg": 95,
					"count": 5,
					"min": 42,
					"max": 127
				},
				"2023-10-29": {
					"avg": 85,
					"count": 2,
					"min": 33,
					"max": 137
				},
				"2023-10-30": {
					"avg": 207,
					"count": 1,
					"min": 207,
					"max": 207
				},
				"2023-10-31": {
					"avg": 41,
					"count": 2,
					"min": 33,
					"max": 49
				},
				"2023-11-01": {
					"avg": 152,
					"count": 4,
					"min": 21,
					"max": 449
				},
				"2023-11-02": {
					"avg": 36,
					"count": 1,
					"min": 36,
					"max": 36
				},
				"2023-11-03": {
					"avg": 105,
					"count": 10,
					"min": 33,
					"max": 148
				},
				"2023-11-04": {
					"avg": 97,
					"count": 11,
					"min": 16,
					"max": 148
				},
				"2023-11-05": {
					"avg": 32,
					"count": 2,
					"min": 31,
					"max": 33
				},
				"2023-11-06": {
					"avg": 73,
					"count": 2,
					"min": 32,
					"max": 113
				},
				"2023-11-09": {
					"avg": 133,
					"count": 6,
					"min": 114,
					"max": 229
				},
				"2023-11-10": {
					"avg": 32,
					"count": 2,
					"min": 32,
					"max": 32
				},
				"2023-11-11": {
					"avg": 98,
					"count": 4,
					"min": 50,
					"max": 114
				},
				"2023-11-12": {
					"avg": 149,
					"count": 1,
					"min": 149,
					"max": 149
				},
				"2023-11-13": {
					"avg": 89,
					"count": 7,
					"min": 30,
					"max": 111
				},
				"2023-11-14": {
					"avg": 37,
					"count": 3,
					"min": 29,
					"max": 49
				},
				"2023-11-16": {
					"avg": 24,
					"count": 3,
					"min": 19,
					"max": 27
				},
				"2023-11-17": {
					"avg": 67,
					"count": 6,
					"min": 25,
					"max": 137
				},
				"2023-11-18": {
					"avg": 240,
					"count": 3,
					"min": 32,
					"max": 546
				},
				"2023-11-20": {
					"avg": 59,
					"count": 2,
					"min": 19,
					"max": 99
				},
				"2023-11-21": {
					"avg": 152,
					"count": 15,
					"min": 100,
					"max": 608
				},
				"2023-11-23": {
					"avg": 16,
					"count": 1,
					"min": 16,
					"max": 16
				},
				"2023-11-24": {
					"avg": 176,
					"count": 41,
					"min": 26,
					"max": 511
				},
				"2023-11-25": {
					"avg": 89,
					"count": 3,
					"min": 26,
					"max": 124
				},
				"2023-11-26": {
					"avg": 61,
					"count": 3,
					"min": 19,
					"max": 113
				},
				"2023-11-27": {
					"avg": 92,
					"count": 3,
					"min": 40,
					"max": 118
				},
				"2024-05-15": {
					"avg": 25,
					"count": 1,
					"min": 25,
					"max": 25
				},
				"2024-05-17": {
					"avg": 91,
					"count": 60,
					"min": 15,
					"max": 295
				},
				"2024-05-18": {
					"avg": 212,
					"count": 28,
					"min": 20,
					"max": 520
				},
				"2024-05-19": {
					"avg": 49,
					"count": 1,
					"min": 49,
					"max": 49
				},
				"2024-05-20": {
					"avg": 131,
					"count": 6,
					"min": 50,
					"max": 147
				},
				"2024-05-21": {
					"avg": 35,
					"count": 1,
					"min": 35,
					"max": 35
				},
				"2024-05-22": {
					"avg": 72,
					"count": 5,
					"min": 30,
					"max": 135
				},
				"2024-05-23": {
					"avg": 151,
					"count": 2,
					"min": 149,
					"max": 152
				},
				"2024-05-24": {
					"avg": 78,
					"count": 3,
					"min": 36,
					"max": 147
				},
				"2024-05-25": {
					"avg": 71,
					"count": 4,
					"min": 28,
					"max": 175
				},
				"2024-05-26": {
					"avg": 30,
					"count": 1,
					"min": 30,
					"max": 30
				},
				"2024-05-27": {
					"avg": 45,
					"count": 1,
					"min": 45,
					"max": 45
				},
				"2024-05-28": {
					"avg": 150,
					"count": 1,
					"min": 150,
					"max": 150
				},
				"2024-05-29": {
					"avg": 202,
					"count": 7,
					"min": 19,
					"max": 608
				},
				"2024-05-30": {
					"avg": 113,
					"count": 7,
					"min": 23,
					"max": 608
				},
				"2024-06-01": {
					"avg": 80,
					"count": 2,
					"min": 35,
					"max": 124
				},
				"2024-06-03": {
					"avg": 113,
					"count": 1,
					"min": 113,
					"max": 113
				},
				"2024-06-04": {
					"avg": 291,
					"count": 9,
					"min": 126,
					"max": 541
				},
				"2024-06-05": {
					"avg": 78,
					"count": 2,
					"min": 50,
					"max": 105
				},
				"2024-06-07": {
					"avg": 37,
					"count": 3,
					"min": 24,
					"max": 44
				},
				"2024-06-09": {
					"avg": 152,
					"count": 6,
					"min": 152,
					"max": 152
				},
				"2024-06-10": {
					"avg": 29,
					"count": 1,
					"min": 29,
					"max": 29
				},
				"2024-06-11": {
					"avg": 143,
					"count": 1,
					"min": 143,
					"max": 143
				},
				"2024-06-12": {
					"avg": 40,
					"count": 2,
					"min": 39,
					"max": 40
				},
				"2024-06-13": {
					"avg": 39,
					"count": 1,
					"min": 39,
					"max": 39
				},
				"2024-06-15": {
					"avg": 152,
					"count": 1,
					"min": 152,
					"max": 152
				},
				"2024-06-16": {
					"avg": 146,
					"count": 1,
					"min": 146,
					"max": 146
				},
				"2024-06-17": {
					"avg": 124,
					"count": 6,
					"min": 124,
					"max": 124
				},
				"2024-06-19": {
					"avg": 138,
					"count": 2,
					"min": 124,
					"max": 152
				},
				"2024-06-20": {
					"avg": 122,
					"count": 2,
					"min": 99,
					"max": 145
				},
				"2024-06-21": {
					"avg": 24,
					"count": 1,
					"min": 24,
					"max": 24
				},
				"2024-06-24": {
					"avg": 36,
					"count": 4,
					"min": 24,
					"max": 40
				},
				"2024-06-27": {
					"avg": 132,
					"count": 2,
					"min": 35,
					"max": 228
				},
				"2024-06-29": {
					"avg": 36,
					"count": 1,
					"min": 36,
					"max": 36
				},
				"2024-06-30": {
					"avg": 88,
					"count": 2,
					"min": 28,
					"max": 147
				},
				"2024-07-01": {
					"avg": 463,
					"count": 1,
					"min": 463,
					"max": 463
				},
				"2024-07-04": {
					"avg": 50,
					"count": 8,
					"min": 24,
					"max": 144
				},
				"2024-07-06": {
					"avg": 39,
					"count": 1,
					"min": 39,
					"max": 39
				},
				"2024-07-07": {
					"avg": 134,
					"count": 2,
					"min": 115,
					"max": 152
				},
				"2024-07-08": {
					"avg": 22,
					"count": 2,
					"min": 22,
					"max": 22
				},
				"2024-07-09": {
					"avg": 123,
					"count": 1,
					"min": 123,
					"max": 123
				},
				"2024-07-10": {
					"avg": 105,
					"count": 4,
					"min": 25,
					"max": 131
				},
				"2024-07-11": {
					"avg": 149,
					"count": 2,
					"min": 25,
					"max": 273
				},
				"2024-07-12": {
					"avg": 25,
					"count": 1,
					"min": 25,
					"max": 25
				},
				"2024-07-13": {
					"avg": 23,
					"count": 1,
					"min": 23,
					"max": 23
				},
				"2024-07-14": {
					"avg": 60,
					"count": 4,
					"min": 34,
					"max": 135
				},
				"2024-07-16": {
					"avg": 34,
					"count": 2,
					"min": 34,
					"max": 34
				},
				"2024-07-18": {
					"avg": 30,
					"count": 1,
					"min": 30,
					"max": 30
				},
				"2024-07-19": {
					"avg": 34,
					"count": 3,
					"min": 34,
					"max": 34
				},
				"2024-07-20": {
					"avg": 32,
					"count": 3,
					"min": 30,
					"max": 35
				},
				"2024-07-22": {
					"avg": 92,
					"count": 7,
					"min": 10,
					"max": 509
				},
				"2024-07-23": {
					"avg": 114,
					"count": 2,
					"min": 114,
					"max": 114
				},
				"2024-07-24": {
					"avg": 43,
					"count": 1,
					"min": 43,
					"max": 43
				},
				"2024-07-25": {
					"avg": 137,
					"count": 1,
					"min": 137,
					"max": 137
				},
				"2024-07-26": {
					"avg": 30,
					"count": 1,
					"min": 30,
					"max": 30
				},
				"2024-07-27": {
					"avg": 155,
					"count": 1,
					"min": 155,
					"max": 155
				},
				"2024-07-28": {
					"avg": 39,
					"count": 1,
					"min": 39,
					"max": 39
				},
				"2024-07-29": {
					"avg": 224,
					"count": 1,
					"min": 224,
					"max": 224
				},
				"2024-07-30": {
					"avg": 46,
					"count": 4,
					"min": 44,
					"max": 50
				},
				"2024-07-31": {
					"avg": 108,
					"count": 5,
					"min": 106,
					"max": 109
				},
				"2024-08-01": {
					"avg": 651,
					"count": 1,
					"min": 651,
					"max": 651
				},
				"2024-08-04": {
					"avg": 53,
					"count": 7,
					"min": 22,
					"max": 109
				},
				"2024-08-06": {
					"avg": 26,
					"count": 8,
					"min": 25,
					"max": 28
				},
				"2024-08-07": {
					"avg": 157,
					"count": 1,
					"min": 157,
					"max": 157
				},
				"2024-08-10": {
					"avg": 30,
					"count": 4,
					"min": 28,
					"max": 35
				},
				"2024-08-12": {
					"avg": 229,
					"count": 1,
					"min": 229,
					"max": 229
				},
				"2024-08-14": {
					"avg": 35,
					"count": 1,
					"min": 35,
					"max": 35
				},
				"2024-08-15": {
					"avg": 25,
					"count": 2,
					"min": 14,
					"max": 35
				},
				"2024-08-16": {
					"avg": 154,
					"count": 1,
					"min": 154,
					"max": 154
				},
				"2024-08-17": {
					"avg": 103,
					"count": 2,
					"min": 35,
					"max": 171
				},
				"2024-08-18": {
					"avg": 117,
					"count": 4,
					"min": 29,
					"max": 146
				},
				"2024-08-19": {
					"avg": 93,
					"count": 2,
					"min": 30,
					"max": 155
				},
				"2024-08-20": {
					"avg": 161,
					"count": 1,
					"min": 161,
					"max": 161
				},
				"2024-08-24": {
					"avg": 137,
					"count": 6,
					"min": 99,
					"max": 144
				},
				"2024-08-25": {
					"avg": 34,
					"count": 2,
					"min": 32,
					"max": 36
				},
				"2024-08-27": {
					"avg": 79,
					"count": 4,
					"min": 29,
					"max": 224
				},
				"2024-08-31": {
					"avg": 142,
					"count": 1,
					"min": 142,
					"max": 142
				},
				"2024-09-01": {
					"avg": 57,
					"count": 4,
					"min": 28,
					"max": 142
				},
				"2024-09-02": {
					"avg": 120,
					"count": 4,
					"min": 29,
					"max": 154
				},
				"2024-09-03": {
					"avg": 2061,
					"count": 1,
					"min": 2061,
					"max": 2061
				},
				"2024-09-04": {
					"avg": 114,
					"count": 8,
					"min": 28,
					"max": 155
				},
				"2024-09-06": {
					"avg": 221,
					"count": 6,
					"min": 142,
					"max": 563
				},
				"2024-09-08": {
					"avg": 59,
					"count": 5,
					"min": 29,
					"max": 156
				},
				"2024-09-09": {
					"avg": 97,
					"count": 2,
					"min": 51,
					"max": 142
				},
				"2024-09-11": {
					"avg": 35,
					"count": 2,
					"min": 29,
					"max": 40
				},
				"2024-09-12": {
					"avg": 29,
					"count": 1,
					"min": 29,
					"max": 29
				},
				"2024-09-15": {
					"avg": 535,
					"count": 1,
					"min": 535,
					"max": 535
				},
				"2024-09-16": {
					"avg": 29,
					"count": 1,
					"min": 29,
					"max": 29
				},
				"2024-09-18": {
					"avg": 29,
					"count": 3,
					"min": 28,
					"max": 30
				},
				"2024-09-20": {
					"avg": 149,
					"count": 3,
					"min": 29,
					"max": 209
				},
				"2024-09-21": {
					"avg": 148,
					"count": 1,
					"min": 148,
					"max": 148
				},
				"2024-09-22": {
					"avg": 36,
					"count": 6,
					"min": 29,
					"max": 53
				},
				"2024-09-23": {
					"avg": 47,
					"count": 59,
					"min": 45,
					"max": 136
				}
			},
			"avg": 111,
			"avg7": 124,
			"avg28": 124
		},
		"normal-played": {
			"history": {
				"2024-05-24": {
					"avg": 534,
					"count": 7,
					"min": 534,
					"max": 534
				},
				"2024-05-25": {
					"avg": 109,
					"count": 1,
					"min": 109,
					"max": 109
				},
				"2024-05-27": {
					"avg": 142,
					"count": 2,
					"min": 142,
					"max": 142
				},
				"2024-05-29": {
					"avg": 239,
					"count": 2,
					"min": 83,
					"max": 394
				},
				"2024-05-31": {
					"avg": 86,
					"count": 2,
					"min": 25,
					"max": 147
				},
				"2024-06-03": {
					"avg": 83,
					"count": 6,
					"min": 11,
					"max": 119
				},
				"2024-06-04": {
					"avg": 111,
					"count": 1,
					"min": 111,
					"max": 111
				},
				"2024-06-06": {
					"avg": 151,
					"count": 1,
					"min": 151,
					"max": 151
				},
				"2024-06-07": {
					"avg": 111,
					"count": 9,
					"min": 21,
					"max": 139
				},
				"2024-06-10": {
					"avg": 99,
					"count": 1,
					"min": 99,
					"max": 99
				},
				"2024-06-15": {
					"avg": 180,
					"count": 1,
					"min": 180,
					"max": 180
				},
				"2024-06-17": {
					"avg": 132,
					"count": 1,
					"min": 132,
					"max": 132
				},
				"2024-06-18": {
					"avg": 85,
					"count": 2,
					"min": 24,
					"max": 146
				},
				"2024-06-22": {
					"avg": 132,
					"count": 3,
					"min": 132,
					"max": 132
				},
				"2024-06-23": {
					"avg": 233,
					"count": 1,
					"min": 233,
					"max": 233
				},
				"2024-06-24": {
					"avg": 20,
					"count": 1,
					"min": 20,
					"max": 20
				},
				"2024-06-25": {
					"avg": 178,
					"count": 2,
					"min": 142,
					"max": 214
				},
				"2024-06-26": {
					"avg": 1511,
					"count": 1,
					"min": 1511,
					"max": 1511
				},
				"2024-06-27": {
					"avg": 63,
					"count": 3,
					"min": 25,
					"max": 138
				},
				"2024-06-30": {
					"avg": 11,
					"count": 3,
					"min": 11,
					"max": 11
				},
				"2024-07-05": {
					"avg": 30,
					"count": 2,
					"min": 25,
					"max": 34
				},
				"2024-07-07": {
					"avg": 24,
					"count": 1,
					"min": 24,
					"max": 24
				},
				"2024-07-08": {
					"avg": 30,
					"count": 4,
					"min": 21,
					"max": 33
				},
				"2024-07-10": {
					"avg": 182,
					"count": 1,
					"min": 182,
					"max": 182
				},
				"2024-07-11": {
					"avg": 124,
					"count": 1,
					"min": 124,
					"max": 124
				},
				"2024-07-12": {
					"avg": 24,
					"count": 5,
					"min": 24,
					"max": 24
				},
				"2024-07-13": {
					"avg": 134,
					"count": 2,
					"min": 110,
					"max": 157
				},
				"2024-07-14": {
					"avg": 23,
					"count": 1,
					"min": 23,
					"max": 23
				},
				"2024-07-16": {
					"avg": 37,
					"count": 1,
					"min": 37,
					"max": 37
				},
				"2024-07-17": {
					"avg": 129,
					"count": 1,
					"min": 129,
					"max": 129
				},
				"2024-07-18": {
					"avg": 112,
					"count": 2,
					"min": 112,
					"max": 112
				},
				"2024-07-19": {
					"avg": 23,
					"count": 4,
					"min": 23,
					"max": 23
				},
				"2024-07-23": {
					"avg": 109,
					"count": 3,
					"min": 109,
					"max": 109
				},
				"2024-07-24": {
					"avg": 119,
					"count": 2,
					"min": 119,
					"max": 119
				},
				"2024-07-28": {
					"avg": 30,
					"count": 2,
					"min": 23,
					"max": 37
				},
				"2024-07-30": {
					"avg": 25,
					"count": 1,
					"min": 25,
					"max": 25
				},
				"2024-07-31": {
					"avg": 24,
					"count": 3,
					"min": 24,
					"max": 24
				},
				"2024-08-01": {
					"avg": 20,
					"count": 3,
					"min": 20,
					"max": 20
				},
				"2024-08-04": {
					"avg": 69,
					"count": 3,
					"min": 24,
					"max": 157
				},
				"2024-08-05": {
					"avg": 24,
					"count": 1,
					"min": 24,
					"max": 24
				},
				"2024-08-06": {
					"avg": 22,
					"count": 1,
					"min": 22,
					"max": 22
				},
				"2024-08-11": {
					"avg": 22,
					"count": 1,
					"min": 22,
					"max": 22
				},
				"2024-08-12": {
					"avg": 212,
					"count": 1,
					"min": 212,
					"max": 212
				},
				"2024-08-14": {
					"avg": 29,
					"count": 1,
					"min": 29,
					"max": 29
				},
				"2024-08-16": {
					"avg": 96,
					"count": 5,
					"min": 45,
					"max": 139
				},
				"2024-08-17": {
					"avg": 182,
					"count": 2,
					"min": 149,
					"max": 214
				},
				"2024-08-18": {
					"avg": 194,
					"count": 2,
					"min": 194,
					"max": 194
				},
				"2024-08-23": {
					"avg": 25,
					"count": 1,
					"min": 25,
					"max": 25
				},
				"2024-08-24": {
					"avg": 119,
					"count": 5,
					"min": 19,
					"max": 144
				},
				"2024-08-25": {
					"avg": 20,
					"count": 1,
					"min": 20,
					"max": 20
				},
				"2024-08-27": {
					"avg": 185,
					"count": 2,
					"min": 146,
					"max": 224
				},
				"2024-08-28": {
					"avg": 146,
					"count": 1,
					"min": 146,
					"max": 146
				},
				"2024-08-29": {
					"avg": 157,
					"count": 1,
					"min": 157,
					"max": 157
				},
				"2024-08-31": {
					"avg": 24,
					"count": 3,
					"min": 15,
					"max": 34
				},
				"2024-09-01": {
					"avg": 147,
					"count": 4,
					"min": 22,
					"max": 524
				},
				"2024-09-04": {
					"avg": 157,
					"count": 1,
					"min": 157,
					"max": 157
				},
				"2024-09-06": {
					"avg": 22,
					"count": 1,
					"min": 22,
					"max": 22
				},
				"2024-09-07": {
					"avg": 35,
					"count": 1,
					"min": 35,
					"max": 35
				},
				"2024-09-08": {
					"avg": 18,
					"count": 1,
					"min": 18,
					"max": 18
				},
				"2024-09-10": {
					"avg": 25,
					"count": 1,
					"min": 25,
					"max": 25
				},
				"2024-09-12": {
					"avg": 152,
					"count": 1,
					"min": 152,
					"max": 152
				},
				"2024-09-14": {
					"avg": 119,
					"count": 4,
					"min": 29,
					"max": 149
				},
				"2024-09-16": {
					"avg": 58,
					"count": 34,
					"min": 29,
					"max": 524
				},
				"2024-09-19": {
					"avg": 22,
					"count": 1,
					"min": 22,
					"max": 22
				},
				"2024-09-21": {
					"avg": 149,
					"count": 1,
					"min": 149,
					"max": 149
				}
			},
			"avg": 111,
			"avg7": -1,
			"avg28": -1
		},
		"normal-nearmint": {
			"history": {
				"2024-05-24": {
					"avg": 195,
					"count": 2,
					"min": 119,
					"max": 270
				},
				"2024-05-25": {
					"avg": 56,
					"count": 1,
					"min": 56,
					"max": 56
				},
				"2024-05-27": {
					"avg": 448,
					"count": 1,
					"min": 448,
					"max": 448
				},
				"2024-05-29": {
					"avg": 150,
					"count": 9,
					"min": 142,
					"max": 165
				},
				"2024-05-30": {
					"avg": 142,
					"count": 1,
					"min": 142,
					"max": 142
				},
				"2024-05-31": {
					"avg": 670,
					"count": 3,
					"min": 36,
					"max": 1750
				},
				"2024-06-01": {
					"avg": 174,
					"count": 1,
					"min": 174,
					"max": 174
				},
				"2024-06-03": {
					"avg": 111,
					"count": 3,
					"min": 29,
					"max": 152
				},
				"2024-06-04": {
					"avg": 172,
					"count": 1,
					"min": 172,
					"max": 172
				},
				"2024-06-05": {
					"avg": 140,
					"count": 2,
					"min": 100,
					"max": 179
				},
				"2024-06-06": {
					"avg": 272,
					"count": 3,
					"min": 49,
					"max": 598
				},
				"2024-06-07": {
					"avg": 163,
					"count": 2,
					"min": 157,
					"max": 169
				},
				"2024-06-08": {
					"avg": 134,
					"count": 1,
					"min": 134,
					"max": 134
				},
				"2024-06-09": {
					"avg": 598,
					"count": 1,
					"min": 598,
					"max": 598
				},
				"2024-06-10": {
					"avg": 568,
					"count": 1,
					"min": 568,
					"max": 568
				},
				"2024-06-11": {
					"avg": 178,
					"count": 3,
					"min": 150,
					"max": 214
				},
				"2024-06-12": {
					"avg": 50,
					"count": 1,
					"min": 50,
					"max": 50
				},
				"2024-06-13": {
					"avg": 152,
					"count": 1,
					"min": 152,
					"max": 152
				},
				"2024-06-16": {
					"avg": 175,
					"count": 2,
					"min": 129,
					"max": 221
				},
				"2024-06-17": {
					"avg": 155,
					"count": 2,
					"min": 141,
					"max": 168
				},
				"2024-06-18": {
					"avg": 86,
					"count": 8,
					"min": 47,
					"max": 152
				},
				"2024-06-19": {
					"avg": 67,
					"count": 1,
					"min": 67,
					"max": 67
				},
				"2024-06-20": {
					"avg": 152,
					"count": 3,
					"min": 129,
					"max": 198
				},
				"2024-06-21": {
					"avg": 39,
					"count": 1,
					"min": 39,
					"max": 39
				},
				"2024-06-22": {
					"avg": 64,
					"count": 2,
					"min": 60,
					"max": 67
				},
				"2024-06-24": {
					"avg": 109,
					"count": 2,
					"min": 50,
					"max": 168
				},
				"2024-06-28": {
					"avg": 168,
					"count": 1,
					"min": 168,
					"max": 168
				},
				"2024-06-29": {
					"avg": 44,
					"count": 2,
					"min": 39,
					"max": 49
				},
				"2024-06-30": {
					"avg": 67,
					"count": 1,
					"min": 67,
					"max": 67
				},
				"2024-07-01": {
					"avg": 79,
					"count": 2,
					"min": 47,
					"max": 110
				},
				"2024-07-02": {
					"avg": 197,
					"count": 1,
					"min": 197,
					"max": 197
				},
				"2024-07-03": {
					"avg": 157,
					"count": 1,
					"min": 157,
					"max": 157
				},
				"2024-07-05": {
					"avg": 152,
					"count": 1,
					"min": 152,
					"max": 152
				},
				"2024-07-06": {
					"avg": 55,
					"count": 2,
					"min": 42,
					"max": 67
				},
				"2024-07-08": {
					"avg": 89,
					"count": 2,
					"min": 28,
					"max": 150
				},
				"2024-07-09": {
					"avg": 28,
					"count": 1,
					"min": 28,
					"max": 28
				},
				"2024-07-10": {
					"avg": 168,
					"count": 1,
					"min": 168,
					"max": 168
				},
				"2024-07-11": {
					"avg": 46,
					"count": 1,
					"min": 46,
					"max": 46
				},
				"2024-07-12": {
					"avg": 67,
					"count": 1,
					"min": 67,
					"max": 67
				},
				"2024-07-13": {
					"avg": 108,
					"count": 2,
					"min": 67,
					"max": 149
				},
				"2024-07-14": {
					"avg": 138,
					"count": 2,
					"min": 99,
					"max": 177
				},
				"2024-07-15": {
					"avg": 597,
					"count": 2,
					"min": 129,
					"max": 1064
				},
				"2024-07-17": {
					"avg": 129,
					"count": 2,
					"min": 129,
					"max": 129
				},
				"2024-07-18": {
					"avg": 105,
					"count": 2,
					"min": 42,
					"max": 168
				},
				"2024-07-19": {
					"avg": 224,
					"count": 1,
					"min": 224,
					"max": 224
				},
				"2024-07-20": {
					"avg": 49,
					"count": 5,
					"min": 45,
					"max": 50
				},
				"2024-07-21": {
					"avg": 363,
					"count": 3,
					"min": 67,
					"max": 866
				},
				"2024-07-22": {
					"avg": 167,
					"count": 2,
					"min": 156,
					"max": 177
				},
				"2024-07-23": {
					"avg": 38,
					"count": 1,
					"min": 38,
					"max": 38
				},
				"2024-07-24": {
					"avg": 49,
					"count": 1,
					"min": 49,
					"max": 49
				},
				"2024-07-25": {
					"avg": 148,
					"count": 4,
					"min": 50,
					"max": 220
				},
				"2024-07-26": {
					"avg": 167,
					"count": 7,
					"min": 156,
					"max": 229
				},
				"2024-07-27": {
					"avg": 47,
					"count": 1,
					"min": 47,
					"max": 47
				},
				"2024-07-28": {
					"avg": 30,
					"count": 1,
					"min": 30,
					"max": 30
				},
				"2024-07-30": {
					"avg": 73,
					"count": 3,
					"min": 30,
					"max": 148
				},
				"2024-07-31": {
					"avg": 42,
					"count": 1,
					"min": 42,
					"max": 42
				},
				"2024-08-02": {
					"avg": 168,
					"count": 12,
					"min": 168,
					"max": 168
				},
				"2024-08-03": {
					"avg": 152,
					"count": 1,
					"min": 152,
					"max": 152
				},
				"2024-08-04": {
					"avg": 61,
					"count": 4,
					"min": 44,
					"max": 99
				},
				"2024-08-05": {
					"avg": 165,
					"count": 3,
					"min": 165,
					"max": 165
				},
				"2024-08-06": {
					"avg": 168,
					"count": 4,
					"min": 150,
					"max": 199
				},
				"2024-08-07": {
					"avg": 156,
					"count": 1,
					"min": 156,
					"max": 156
				},
				"2024-08-08": {
					"avg": 866,
					"count": 1,
					"min": 866,
					"max": 866
				},
				"2024-08-09": {
					"avg": 197,
					"count": 1,
					"min": 197,
					"max": 197
				},
				"2024-08-10": {
					"avg": 176,
					"count": 11,
					"min": 173,
					"max": 176
				},
				"2024-08-11": {
					"avg": 56,
					"count": 1,
					"min": 56,
					"max": 56
				},
				"2024-08-12": {
					"avg": 104,
					"count": 3,
					"min": 56,
					"max": 200
				},
				"2024-08-13": {
					"avg": 69,
					"count": 1,
					"min": 69,
					"max": 69
				},
				"2024-08-16": {
					"avg": 303,
					"count": 3,
					"min": 135,
					"max": 598
				},
				"2024-08-17": {
					"avg": 349,
					"count": 2,
					"min": 99,
					"max": 598
				},
				"2024-08-18": {
					"avg": 215,
					"count": 4,
					"min": 99,
					"max": 421
				},
				"2024-08-19": {
					"avg": 176,
					"count": 4,
					"min": 50,
					"max": 339
				},
				"2024-08-20": {
					"avg": 112,
					"count": 2,
					"min": 67,
					"max": 157
				},
				"2024-08-21": {
					"avg": 64,
					"count": 2,
					"min": 60,
					"max": 67
				},
				"2024-08-22": {
					"avg": 124,
					"count": 4,
					"min": 61,
					"max": 177
				},
				"2024-08-23": {
					"avg": 98,
					"count": 2,
					"min": 61,
					"max": 134
				},
				"2024-08-24": {
					"avg": 59,
					"count": 2,
					"min": 50,
					"max": 67
				},
				"2024-08-25": {
					"avg": 157,
					"count": 1,
					"min": 157,
					"max": 157
				},
				"2024-08-26": {
					"avg": 187,
					"count": 2,
					"min": 176,
					"max": 197
				},
				"2024-08-27": {
					"avg": 399,
					"count": 2,
					"min": 199,
					"max": 598
				},
				"2024-08-28": {
					"avg": 765,
					"count": 1,
					"min": 765,
					"max": 765
				},
				"2024-08-29": {
					"avg": 98,
					"count": 2,
					"min": 48,
					"max": 147
				},
				"2024-08-31": {
					"avg": 48,
					"count": 2,
					"min": 48,
					"max": 48
				},
				"2024-09-01": {
					"avg": 273,
					"count": 2,
					"min": 48,
					"max": 498
				},
				"2024-09-02": {
					"avg": 48,
					"count": 1,
					"min": 48,
					"max": 48
				},
				"2024-09-03": {
					"avg": 147,
					"count": 1,
					"min": 147,
					"max": 147
				},
				"2024-09-04": {
					"avg": 147,
					"count": 3,
					"min": 147,
					"max": 147
				},
				"2024-09-05": {
					"avg": 48,
					"count": 1,
					"min": 48,
					"max": 48
				},
				"2024-09-06": {
					"avg": 49,
					"count": 1,
					"min": 49,
					"max": 49
				},
				"2024-09-07": {
					"avg": 114,
					"count": 2,
					"min": 48,
					"max": 179
				},
				"2024-09-08": {
					"avg": 67,
					"count": 1,
					"min": 67,
					"max": 67
				},
				"2024-09-09": {
					"avg": 62,
					"count": 1,
					"min": 62,
					"max": 62
				},
				"2024-09-10": {
					"avg": 60,
					"count": 1,
					"min": 60,
					"max": 60
				},
				"2024-09-11": {
					"avg": 56,
					"count": 2,
					"min": 52,
					"max": 60
				},
				"2024-09-12": {
					"avg": 143,
					"count": 2,
					"min": 110,
					"max": 175
				},
				"2024-09-14": {
					"avg": 55,
					"count": 1,
					"min": 55,
					"max": 55
				},
				"2024-09-15": {
					"avg": 190,
					"count": 5,
					"min": 49,
					"max": 498
				},
				"2024-09-17": {
					"avg": 444,
					"count": 1,
					"min": 444,
					"max": 444
				},
				"2024-09-18": {
					"avg": 98,
					"count": 6,
					"min": 50,
					"max": 176
				},
				"2024-09-19": {
					"avg": 84,
					"count": 12,
					"min": 60,
					"max": 264
				},
				"2024-09-20": {
					"avg": 77,
					"count": 2,
					"min": 54,
					"max": 99
				},
				"2024-09-21": {
					"avg": 54,
					"count": 1,
					"min": 54,
					"max": 54
				},
				"2024-09-22": {
					"avg": 241,
					"count": 4,
					"min": 49,
					"max": 568
				}
			},
			"avg": 160,
			"avg7": -1,
			"avg28": -1
		},
		"normal-used": {
			"history": {
				"2024-05-25": {
					"avg": 78,
					"count": 2,
					"min": 17,
					"max": 139
				},
				"2024-05-30": {
					"avg": 133,
					"count": 1,
					"min": 133,
					"max": 133
				},
				"2024-06-03": {
					"avg": 62,
					"count": 2,
					"min": 10,
					"max": 114
				},
				"2024-06-09": {
					"avg": 10,
					"count": 1,
					"min": 10,
					"max": 10
				},
				"2024-06-10": {
					"avg": 17,
					"count": 3,
					"min": 17,
					"max": 17
				},
				"2024-06-16": {
					"avg": 17,
					"count": 1,
					"min": 17,
					"max": 17
				},
				"2024-06-17": {
					"avg": 12,
					"count": 1,
					"min": 12,
					"max": 12
				},
				"2024-06-22": {
					"avg": 123,
					"count": 1,
					"min": 123,
					"max": 123
				},
				"2024-06-25": {
					"avg": 12,
					"count": 1,
					"min": 12,
					"max": 12
				},
				"2024-06-28": {
					"avg": 17,
					"count": 1,
					"min": 17,
					"max": 17
				},
				"2024-07-01": {
					"avg": 12,
					"count": 1,
					"min": 12,
					"max": 12
				},
				"2024-07-04": {
					"avg": 15,
					"count": 2,
					"min": 12,
					"max": 17
				},
				"2024-07-06": {
					"avg": 16,
					"count": 1,
					"min": 16,
					"max": 16
				},
				"2024-07-11": {
					"avg": 502,
					"count": 1,
					"min": 502,
					"max": 502
				},
				"2024-07-13": {
					"avg": 135,
					"count": 3,
					"min": 105,
					"max": 150
				},
				"2024-07-15": {
					"avg": 1,
					"count": 1,
					"min": 1,
					"max": 1
				},
				"2024-07-19": {
					"avg": 34,
					"count": 1,
					"min": 34,
					"max": 34
				},
				"2024-07-20": {
					"avg": 12,
					"count": 2,
					"min": 12,
					"max": 12
				},
				"2024-07-23": {
					"avg": 139,
					"count": 1,
					"min": 139,
					"max": 139
				},
				"2024-07-24": {
					"avg": 17,
					"count": 1,
					"min": 17,
					"max": 17
				},
				"2024-07-25": {
					"avg": 79,
					"count": 2,
					"min": 34,
					"max": 123
				},
				"2024-07-26": {
					"avg": 12,
					"count": 6,
					"min": 12,
					"max": 12
				},
				"2024-08-01": {
					"avg": 34,
					"count": 1,
					"min": 34,
					"max": 34
				},
				"2024-08-10": {
					"avg": 17,
					"count": 1,
					"min": 17,
					"max": 17
				},
				"2024-08-11": {
					"avg": 17,
					"count": 1,
					"min": 17,
					"max": 17
				},
				"2024-08-16": {
					"avg": 126,
					"count": 4,
					"min": 112,
					"max": 140
				},
				"2024-08-23": {
					"avg": 34,
					"count": 1,
					"min": 34,
					"max": 34
				},
				"2024-09-05": {
					"avg": 150,
					"count": 2,
					"min": 150,
					"max": 150
				},
				"2024-09-06": {
					"avg": 115,
					"count": 4,
					"min": 15,
					"max": 150
				},
				"2024-09-08": {
					"avg": 512,
					"count": 1,
					"min": 512,
					"max": 512
				},
				"2024-09-10": {
					"avg": 34,
					"count": 1,
					"min": 34,
					"max": 34
				},
				"2024-09-13": {
					"avg": 529,
					"count": 1,
					"min": 529,
					"max": 529
				},
				"2024-09-18": {
					"avg": 143,
					"count": 1,
					"min": 143,
					"max": 143
				},
				"2024-09-23": {
					"avg": 25,
					"count": 4,
					"min": 25,
					"max": 25
				}
			},
			"avg": 82,
			"avg7": -1,
			"avg28": -1
		},
		"normal-poor": {
			"history": {
				"2024-05-24": {
					"avg": 25,
					"count": 1,
					"min": 25,
					"max": 25
				},
				"2024-05-30": {
					"avg": 138,
					"count": 1,
					"min": 138,
					"max": 138
				},
				"2024-06-12": {
					"avg": 6,
					"count": 1,
					"min": 6,
					"max": 6
				},
				"2024-06-14": {
					"avg": 6,
					"count": 1,
					"min": 6,
					"max": 6
				},
				"2024-06-15": {
					"avg": 6,
					"count": 5,
					"min": 6,
					"max": 6
				},
				"2024-06-19": {
					"avg": 13,
					"count": 1,
					"min": 13,
					"max": 13
				},
				"2024-06-20": {
					"avg": 13,
					"count": 1,
					"min": 13,
					"max": 13
				},
				"2024-06-22": {
					"avg": 109,
					"count": 2,
					"min": 109,
					"max": 109
				},
				"2024-06-27": {
					"avg": 13,
					"count": 1,
					"min": 13,
					"max": 13
				},
				"2024-06-28": {
					"avg": 13,
					"count": 1,
					"min": 13,
					"max": 13
				},
				"2024-06-29": {
					"avg": 161,
					"count": 1,
					"min": 161,
					"max": 161
				},
				"2024-07-03": {
					"avg": 13,
					"count": 4,
					"min": 13,
					"max": 13
				},
				"2024-07-08": {
					"avg": 10,
					"count": 1,
					"min": 10,
					"max": 10
				},
				"2024-07-09": {
					"avg": 126,
					"count": 1,
					"min": 126,
					"max": 126
				},
				"2024-07-10": {
					"avg": 13,
					"count": 1,
					"min": 13,
					"max": 13
				},
				"2024-07-15": {
					"avg": 208,
					"count": 1,
					"min": 208,
					"max": 208
				},
				"2024-07-16": {
					"avg": 22,
					"count": 1,
					"min": 22,
					"max": 22
				},
				"2024-07-23": {
					"avg": 98,
					"count": 10,
					"min": 12,
					"max": 109
				},
				"2024-07-30": {
					"avg": 139,
					"count": 1,
					"min": 139,
					"max": 139
				},
				"2024-08-02": {
					"avg": 13,
					"count": 1,
					"min": 13,
					"max": 13
				},
				"2024-08-03": {
					"avg": 12,
					"count": 1,
					"min": 12,
					"max": 12
				},
				"2024-08-05": {
					"avg": 114,
					"count": 5,
					"min": 13,
					"max": 139
				},
				"2024-08-07": {
					"avg": 15,
					"count": 2,
					"min": 15,
					"max": 15
				},
				"2024-08-08": {
					"avg": 100,
					"count": 1,
					"min": 100,
					"max": 100
				},
				"2024-08-11": {
					"avg": 12,
					"count": 1,
					"min": 12,
					"max": 12
				},
				"2024-08-16": {
					"avg": 139,
					"count": 3,
					"min": 8,
					"max": 261
				},
				"2024-08-23": {
					"avg": 139,
					"count": 1,
					"min": 139,
					"max": 139
				},
				"2024-09-05": {
					"avg": 12,
					"count": 3,
					"min": 12,
					"max": 12
				},
				"2024-09-06": {
					"avg": 66,
					"count": 4,
					"min": 11,
					"max": 118
				},
				"2024-09-14": {
					"avg": 25,
					"count": 1,
					"min": 25,
					"max": 25
				},
				"2024-09-16": {
					"avg": 113,
					"count": 1,
					"min": 113,
					"max": 113
				},
				"2024-09-20": {
					"avg": 353,
					"count": 1,
					"min": 353,
					"max": 353
				}
			},
			"avg": 70,
			"avg7": -1,
			"avg28": -1
		}
	}
}