{
	"data": {
		"holo-good": {
			"history": {
				"2022-11-12": {
					"avg": 412,
					"count": 7
				},
				"2022-11-13": {
					"avg": 523,
					"count": 5
				},
				"2022-11-14": {
					"avg": 698,
					"count": 1
				},
				"2022-11-15": {
					"avg": 1127,
					"count": 7
				},
				"2022-11-16": {
					"avg": 1699,
					"count": 6
				},
				"2022-11-17": {
					"avg": 758,
					"count": 4
				},
				"2022-11-19": {
					"avg": 198,
					"count": 2,
					"min": 97,
					"max": 299
				},
				"2022-11-20": {
					"avg": 423,
					"count": 3,
					"min": 95,
					"max": 598
				},
				"2022-11-21": {
					"avg": 1027,
					"count": 4,
					"min": 598,
					"max": 1357
				},
				"2022-11-22": {
					"avg": 599,
					"count": 1,
					"min": 599,
					"max": 599
				},
				"2022-11-23": {
					"avg": 1253,
					"count": 6,
					"min": 326,
					"max": 2499
				},
				"2022-11-24": {
					"avg": 378,
					"count": 1,
					"min": 378,
					"max": 378
				},
				"2022-11-25": {
					"avg": 427,
					"count": 25,
					"min": 97,
					"max": 1312
				},
				"2022-11-26": {
					"avg": 443,
					"count": 3,
					"min": 387,
					"max": 555
				},
				"2022-11-27": {
					"avg": 338,
					"count": 3,
					"min": 230,
					"max": 555
				},
				"2022-11-28": {
					"avg": 523,
					"count": 9,
					"min": 196,
					"max": 1599
				},
				"2022-11-29": {
					"avg": 600,
					"count": 12,
					"min": 300,
					"max": 1350
				},
				"2022-11-30": {
					"avg": 518,
					"count": 13,
					"min": 299,
					"max": 555
				},
				"2022-12-01": {
					"avg": 373,
					"count": 4,
					"min": 347,
					"max": 400
				},
				"2022-12-02": {
					"avg": 287,
					"count": 10,
					"min": 135,
					"max": 449
				},
				"2022-12-03": {
					"avg": 1042,
					"count": 4,
					"min": 400,
					"max": 2498
				},
				"2022-12-04": {
					"avg": 517,
					"count": 5,
					"min": 400,
					"max": 793
				},
				"2022-12-05": {
					"avg": 925,
					"count": 4,
					"min": 233,
					"max": 2499
				},
				"2022-12-06": {
					"avg": 257,
					"count": 2,
					"min": 257,
					"max": 257
				},
				"2022-12-07": {
					"avg": 613,
					"count": 10,
					"min": 400,
					"max": 1687
				},
				"2022-12-09": {
					"avg": 400,
					"count": 14,
					"min": 200,
					"max": 839
				},
				"2022-12-10": {
					"avg": 563,
					"count": 3,
					"min": 197,
					"max": 898
				},
				"2022-12-11": {
					"avg": 1138,
					"count": 4,
					"min": 462,
					"max": 2325
				},
				"2022-12-12": {
					"avg": 510,
					"count": 3,
					"min": 432,
					"max": 599
				},
				"2022-12-13": {
					"avg": 549,
					"count": 3,
					"min": 200,
					"max": 847
				},
				"2022-12-14": {
					"avg": 455,
					"count": 3,
					"min": 379,
					"max": 590
				},
				"2022-12-15": {
					"avg": 1040,
					"count": 2,
					"min": 580,
					"max": 1499
				},
				"2022-12-16": {
					"avg": 431,
					"count": 28,
					"min": 191,
					"max": 1356
				},
				"2022-12-17": {
					"avg": 315,
					"count": 3,
					"min": 149,
					"max": 400
				},
				"2022-12-18": {
					"avg": 419,
					"count": 2,
					"min": 240,
					"max": 598
				},
				"2022-12-19": {
					"avg": 496,
					"count": 4,
					"min": 438,
					"max": 657
				},
				"2022-12-20": {
					"avg": 447,
					"count": 6,
					"min": 175,
					"max": 998
				},
				"2022-12-21": {
					"avg": 641,
					"count": 3,
					"min": 292,
					"max": 1299
				},
				"2022-12-22": {
					"avg": 707,
					"count": 13,
					"min": 334,
					"max": 1805
				},
				"2022-12-23": {
					"avg": 302,
					"count": 11,
					"min": 135,
					"max": 599
				},
				"2022-12-24": {
					"avg": 389,
					"count": 8,
					"min": 297,
					"max": 699
				},
				"2022-12-25": {
					"avg": 352,
					"count": 4,
					"min": 299,
					"max": 391
				},
				"2022-12-26": {
					"avg": 1278,
					"count": 4,
					"min": 499,
					"max": 1904
				},
				"2022-12-27": {
					"avg": 2419,
					"count": 1,
					"min": 2419,
					"max": 2419
				},
				"2022-12-28": {
					"avg": 729,
					"count": 7,
					"min": 144,
					"max": 1355
				},
				"2022-12-29": {
					"avg": 537,
					"count": 13,
					"min": 97,
					"max": 1698
				},
				"2022-12-30": {
					"avg": 579,
					"count": 8,
					"min": 200,
					"max": 797
				},
				"2022-12-31": {
					"avg": 526,
					"count": 13,
					"min": 258,
					"max": 1049
				},
				"2023-01-01": {
					"avg": 1292,
					"count": 4,
					"min": 274,
					"max": 2998
				},
				"2023-01-02": {
					"avg": 658,
					"count": 5,
					"min": 199,
					"max": 1499
				},
				"2023-01-03": {
					"avg": 618,
					"count": 11,
					"min": 294,
					"max": 1299
				},
				"2023-01-04": {
					"avg": 526,
					"count": 5,
					"min": 259,
					"max": 711
				},
				"2023-01-05": {
					"avg": 607,
					"count": 11,
					"min": 248,
					"max": 2499
				},
				"2023-01-06": {
					"avg": 607,
					"count": 7,
					"min": 374,
					"max": 1145
				},
				"2023-01-07": {
					"avg": 758,
					"count": 16,
					"min": 225,
					"max": 1737
				},
				"2023-01-08": {
					"avg": 667,
					"count": 11,
					"min": 198,
					"max": 1843
				},
				"2023-01-09": {
					"avg": 316,
					"count": 4,
					"min": 199,
					"max": 439
				},
				"2023-01-10": {
					"avg": 340,
					"count": 6,
					"min": 298,
					"max": 475
				},
				"2023-01-11": {
					"avg": 533,
					"count": 5,
					"min": 373,
					"max": 774
				},
				"2023-01-12": {
					"avg": 800,
					"count": 11,
					"min": 399,
					"max": 1798
				},
				"2023-02-06": {
					"avg": 1057,
					"count": 2,
					"min": 199,
					"max": 1915
				},
				"2023-02-07": {
					"avg": 1189,
					"count": 9,
					"min": 495,
					"max": 1995
				},
				"2023-02-08": {
					"avg": 1097,
					"count": 7,
					"min": 179,
					"max": 2175
				},
				"2023-02-09": {
					"avg": 871,
					"count": 7,
					"min": 348,
					"max": 2171
				},
				"2023-02-10": {
					"avg": 831,
					"count": 6,
					"min": 334,
					"max": 1697
				},
				"2023-02-11": {
					"avg": 816,
					"count": 11,
					"min": 209,
					"max": 2624
				},
				"2023-02-12": {
					"avg": 842,
					"count": 3,
					"min": 730,
					"max": 998
				},
				"2023-02-13": {
					"avg": 765,
					"count": 3,
					"min": 499,
					"max": 998
				},
				"2023-02-14": {
					"avg": 339,
					"count": 2,
					"min": 179,
					"max": 499
				},
				"2023-02-15": {
					"avg": 850,
					"count": 2,
					"min": 700,
					"max": 999
				},
				"2023-02-16": {
					"avg": 1040,
					"count": 12,
					"min": 334,
					"max": 1598
				},
				"2023-02-17": {
					"avg": 1690,
					"count": 3,
					"min": 1524,
					"max": 1999
				},
				"2023-02-18": {
					"avg": 1165,
					"count": 3,
					"min": 695,
					"max": 1999
				},
				"2023-02-19": {
					"avg": 543,
					"count": 4,
					"min": 334,
					"max": 805
				},
				"2023-02-20": {
					"avg": 1451,
					"count": 14,
					"min": 334,
					"max": 2199
				},
				"2023-02-21": {
					"avg": 329,
					"count": 2,
					"min": 328,
					"max": 329
				},
				"2023-02-22": {
					"avg": 1102,
					"count": 7,
					"min": 297,
					"max": 2624
				},
				"2023-02-23": {
					"avg": 435,
					"count": 10,
					"min": 199,
					"max": 799
				},
				"2023-02-24": {
					"avg": 548,
					"count": 6,
					"min": 239,
					"max": 960
				},
				"2023-02-25": {
					"avg": 935,
					"count": 5,
					"min": 698,
					"max": 994
				},
				"2023-02-26": {
					"avg": 553,
					"count": 6,
					"min": 253,
					"max": 900
				},
				"2023-02-27": {
					"avg": 561,
					"count": 12,
					"min": 244,
					"max": 989
				},
				"2023-02-28": {
					"avg": 1087,
					"count": 5,
					"min": 640,
					"max": 2499
				},
				"2023-03-01": {
					"avg": 532,
					"count": 3,
					"min": 397,
					"max": 800
				},
				"2023-03-02": {
					"avg": 958,
					"count": 10,
					"min": 353,
					"max": 1348
				},
				"2023-03-03": {
					"avg": 742,
					"count": 8,
					"min": 350,
					"max": 2499
				},
				"2023-03-04": {
					"avg": 2624,
					"count": 1,
					"min": 2624,
					"max": 2624
				},
				"2023-03-05": {
					"avg": 913,
					"count": 2,
					"min": 827,
					"max": 999
				},
				"2023-03-06": {
					"avg": 832,
					"count": 3,
					"min": 149,
					"max": 2099
				},
				"2023-03-07": {
					"avg": 1112,
					"count": 4,
					"min": 346,
					"max": 2848
				},
				"2023-03-08": {
					"avg": 964,
					"count": 5,
					"min": 179,
					"max": 2246
				},
				"2023-03-09": {
					"avg": 598,
					"count": 1,
					"min": 598,
					"max": 598
				},
				"2023-03-10": {
					"avg": 1255,
					"count": 12,
					"min": 383,
					"max": 2624
				},
				"2023-03-11": {
					"avg": 992,
					"count": 3,
					"min": 100,
					"max": 2598
				},
				"2023-03-12": {
					"avg": 759,
					"count": 6,
					"min": 278,
					"max": 2241
				},
				"2023-03-13": {
					"avg": 440,
					"count": 4,
					"min": 299,
					"max": 609
				},
				"2023-03-14": {
					"avg": 756,
					"count": 6,
					"min": 322,
					"max": 1398
				},
				"2023-03-15": {
					"avg": 643,
					"count": 7,
					"min": 324,
					"max": 1000
				},
				"2023-03-16": {
					"avg": 441,
					"count": 3,
					"min": 354,
					"max": 484
				},
				"2023-03-17": {
					"avg": 400,
					"count": 6,
					"min": 325,
					"max": 519
				},
				"2023-03-18": {
					"avg": 1411,
					"count": 2,
					"min": 674,
					"max": 2149
				},
				"2023-03-19": {
					"avg": 894,
					"count": 4,
					"min": 499,
					"max": 1649
				},
				"2023-03-20": {
					"avg": 1409,
					"count": 4,
					"min": 324,
					"max": 2633
				},
				"2023-03-21": {
					"avg": 999,
					"count": 1,
					"min": 999,
					"max": 999
				},
				"2023-03-22": {
					"avg": 516,
					"count": 11,
					"min": 300,
					"max": 979
				},
				"2023-03-23": {
					"avg": 440,
					"count": 5,
					"min": 300,
					"max": 629
				},
				"2023-03-24": {
					"avg": 1544,
					"count": 17,
					"min": 300,
					"max": 2438
				},
				"2023-03-25": {
					"avg": 638,
					"count": 3,
					"min": 523,
					"max": 839
				},
				"2023-03-26": {
					"avg": 1833,
					"count": 3,
					"min": 599,
					"max": 2548
				},
				"2023-03-27": {
					"avg": 718,
					"count": 5,
					"min": 250,
					"max": 995
				},
				"2023-03-28": {
					"avg": 440,
					"count": 8,
					"min": 254,
					"max": 990
				},
				"2023-03-29": {
					"avg": 412,
					"count": 2,
					"min": 350,
					"max": 474
				},
				"2023-03-31": {
					"avg": 436,
					"count": 5,
					"min": 213,
					"max": 729
				},
				"2023-04-01": {
					"avg": 805,
					"count": 6,
					"min": 508,
					"max": 994
				},
				"2023-04-02": {
					"avg": 262,
					"count": 4,
					"min": 225,
					"max": 374
				},
				"2023-04-03": {
					"avg": 1387,
					"count": 4,
					"min": 250,
					"max": 2500
				},
				"2023-04-04": {
					"avg": 1222,
					"count": 12,
					"min": 349,
					"max": 2295
				},
				"2023-04-05": {
					"avg": 2151,
					"count": 8,
					"min": 499,
					"max": 2699
				},
				"2023-04-06": {
					"avg": 645,
					"count": 6,
					"min": 376,
					"max": 994
				},
				"2023-04-07": {
					"avg": 474,
					"count": 8,
					"min": 298,
					"max": 1094
				},
				"2023-04-08": {
					"avg": 526,
					"count": 4,
					"min": 298,
					"max": 793
				},
				"2023-04-09": {
					"avg": 475,
					"count": 5,
					"min": 395,
					"max": 497
				},
				"2023-04-10": {
					"avg": 1865,
					"count": 8,
					"min": 349,
					"max": 2499
				},
				"2023-04-11": {
					"avg": 899,
					"count": 6,
					"min": 492,
					"max": 1174
				},
				"2023-04-12": {
					"avg": 1247,
					"count": 2,
					"min": 744,
					"max": 1749
				},
				"2023-04-13": {
					"avg": 1200,
					"count": 2,
					"min": 500,
					"max": 1899
				},
				"2023-04-14": {
					"avg": 848,
					"count": 7,
					"min": 200,
					"max": 1999
				},
				"2023-04-15": {
					"avg": 429,
					"count": 5,
					"min": 225,
					"max": 810
				},
				"2023-04-16": {
					"avg": 815,
					"count": 2,
					"min": 798,
					"max": 832
				},
				"2023-04-17": {
					"avg": 1323,
					"count": 8,
					"min": 356,
					"max": 2499
				},
				"2023-04-18": {
					"avg": 1541,
					"count": 4,
					"min": 217,
					"max": 2498
				},
				"2023-04-19": {
					"avg": 781,
					"count": 4,
					"min": 217,
					"max": 1287
				},
				"2023-04-20": {
					"avg": 1774,
					"count": 6,
					"min": 331,
					"max": 2937
				},
				"2023-04-21": {
					"avg": 729,
					"count": 4,
					"min": 395,
					"max": 1199
				},
				"2023-04-22": {
					"avg": 486,
					"count": 8,
					"min": 195,
					"max": 1503
				},
				"2023-04-23": {
					"avg": 522,
					"count": 5,
					"min": 298,
					"max": 819
				},
				"2023-04-25": {
					"avg": 388,
					"count": 2,
					"min": 376,
					"max": 400
				},
				"2023-04-26": {
					"avg": 999,
					"count": 3,
					"min": 400,
					"max": 1998
				},
				"2023-04-27": {
					"avg": 836,
					"count": 7,
					"min": 294,
					"max": 1620
				},
				"2023-04-28": {
					"avg": 553,
					"count": 11,
					"min": 325,
					"max": 750
				},
				"2023-04-29": {
					"avg": 1717,
					"count": 2,
					"min": 836,
					"max": 2599
				},
				"2023-04-30": {
					"avg": 705,
					"count": 6,
					"min": 275,
					"max": 2539
				},
				"2023-05-01": {
					"avg": 1040,
					"count": 3,
					"min": 349,
					"max": 1950
				},
				"2023-05-02": {
					"avg": 815,
					"count": 1,
					"min": 815,
					"max": 815
				},
				"2023-05-03": {
					"avg": 765,
					"count": 5,
					"min": 328,
					"max": 2199
				},
				"2023-05-04": {
					"avg": 672,
					"count": 7,
					"min": 400,
					"max": 832
				},
				"2023-05-05": {
					"avg": 685,
					"count": 6,
					"min": 175,
					"max": 949
				},
				"2023-05-06": {
					"avg": 616,
					"count": 1,
					"min": 616,
					"max": 616
				},
				"2023-05-07": {
					"avg": 479,
					"count": 25,
					"min": 195,
					"max": 1272
				},
				"2023-05-08": {
					"avg": 509,
					"count": 8,
					"min": 246,
					"max": 1272
				},
				"2023-05-10": {
					"avg": 422,
					"count": 2,
					"min": 246,
					"max": 599
				},
				"2023-05-11": {
					"avg": 1751,
					"count": 4,
					"min": 99,
					"max": 2499
				},
				"2023-05-12": {
					"avg": 441,
					"count": 8,
					"min": 244,
					"max": 572
				},
				"2023-05-13": {
					"avg": 470,
					"count": 1,
					"min": 470,
					"max": 470
				},
				"2023-05-14": {
					"avg": 460,
					"count": 2,
					"min": 250,
					"max": 669
				},
				"2023-05-15": {
					"avg": 748,
					"count": 5,
					"min": 345,
					"max": 1999
				},
				"2023-05-16": {
					"avg": 687,
					"count": 4,
					"min": 599,
					"max": 737
				},
				"2023-05-17": {
					"avg": 714,
					"count": 6,
					"min": 376,
					"max": 1400
				},
				"2023-05-18": {
					"avg": 596,
					"count": 9,
					"min": 376,
					"max": 1200
				},
				"2023-05-19": {
					"avg": 810,
					"count": 9,
					"min": 500,
					"max": 1587
				},
				"2023-05-20": {
					"avg": 656,
					"count": 2,
					"min": 644,
					"max": 667
				},
				"2023-05-21": {
					"avg": 410,
					"count": 5,
					"min": 278,
					"max": 599
				},
				"2023-05-22": {
					"avg": 657,
					"count": 10,
					"min": 349,
					"max": 802
				},
				"2023-05-23": {
					"avg": 615,
					"count": 4,
					"min": 500,
					"max": 799
				},
				"2023-05-24": {
					"avg": 1217,
					"count": 20,
					"min": 474,
					"max": 2499
				},
				"2023-05-25": {
					"avg": 467,
					"count": 10,
					"min": 230,
					"max": 1998
				},
				"2023-05-26": {
					"avg": 821,
					"count": 3,
					"min": 414,
					"max": 1249
				},
				"2023-05-27": {
					"avg": 357,
					"count": 14,
					"min": 239,
					"max": 520
				},
				"2023-05-28": {
					"avg": 978,
					"count": 4,
					"min": 376,
					"max": 1998
				},
				"2023-05-29": {
					"avg": 538,
					"count": 4,
					"min": 223,
					"max": 987
				},
				"2023-05-30": {
					"avg": 665,
					"count": 5,
					"min": 225,
					"max": 1997
				},
				"2023-05-31": {
					"avg": 649,
					"count": 6,
					"min": 225,
					"max": 1998
				},
				"2023-06-01": {
					"avg": 1004,
					"count": 14,
					"min": 299,
					"max": 2098
				},
				"2023-06-02": {
					"avg": 1436,
					"count": 8,
					"min": 246,
					"max": 2499
				},
				"2023-06-03": {
					"avg": 585,
					"count": 2,
					"min": 421,
					"max": 748
				},
				"2023-06-04": {
					"avg": 807,
					"count": 5,
					"min": 248,
					"max": 2298
				},
				"2023-06-05": {
					"avg": 891,
					"count": 21,
					"min": 240,
					"max": 2398
				},
				"2023-06-06": {
					"avg": 1195,
					"count": 12,
					"min": 340,
					"max": 2874
				},
				"2023-06-07": {
					"avg": 1630,
					"count": 10,
					"min": 225,
					"max": 2874
				},
				"2023-06-08": {
					"avg": 401,
					"count": 8,
					"min": 290,
					"max": 549
				},
				"2023-06-09": {
					"avg": 578,
					"count": 15,
					"min": 212,
					"max": 2099
				},
				"2023-06-10": {
					"avg": 350,
					"count": 2,
					"min": 300,
					"max": 399
				},
				"2023-06-12": {
					"avg": 898,
					"count": 11,
					"min": 250,
					"max": 2094
				},
				"2023-06-13": {
					"avg": 711,
					"count": 2,
					"min": 673,
					"max": 748
				},
				"2023-06-14": {
					"avg": 919,
					"count": 10,
					"min": 246,
					"max": 2700
				},
				"2023-06-15": {
					"avg": 333,
					"count": 5,
					"min": 225,
					"max": 470
				},
				"2023-06-16": {
					"avg": 439,
					"count": 5,
					"min": 248,
					"max": 710
				},
				"2023-06-17": {
					"avg": 300,
					"count": 5,
					"min": 254,
					"max": 324
				},
				"2023-06-18": {
					"avg": 618,
					"count": 35,
					"min": 240,
					"max": 1799
				},
				"2023-06-19": {
					"avg": 712,
					"count": 12,
					"min": 447,
					"max": 799
				},
				"2023-06-20": {
					"avg": 956,
					"count": 1,
					"min": 956,
					"max": 956
				},
				"2023-06-21": {
					"avg": 1137,
					"count": 15,
					"min": 225,
					"max": 2499
				},
				"2023-06-22": {
					"avg": 1242,
					"count": 9,
					"min": 350,
					"max": 2517
				},
				"2023-06-23": {
					"avg": 1261,
					"count": 3,
					"min": 424,
					"max": 2299
				},
				"2023-06-24": {
					"avg": 972,
					"count": 3,
					"min": 499,
					"max": 1899
				},
				"2023-06-25": {
					"avg": 437,
					"count": 2,
					"min": 374,
					"max": 499
				},
				"2023-06-26": {
					"avg": 1129,
					"count": 21,
					"min": 250,
					"max": 3498
				},
				"2023-06-27": {
					"avg": 1495,
					"count": 1,
					"min": 1495,
					"max": 1495
				},
				"2023-06-28": {
					"avg": 499,
					"count": 1,
					"min": 499,
					"max": 499
				},
				"2023-06-29": {
					"avg": 1491,
					"count": 11,
					"min": 499,
					"max": 2998
				},
				"2023-06-30": {
					"avg": 1742,
					"count": 6,
					"min": 250,
					"max": 2499
				},
				"2023-07-01": {
					"avg": 1697,
					"count": 9,
					"min": 250,
					"max": 3374
				},
				"2023-07-02": {
					"avg": 755,
					"count": 4,
					"min": 305,
					"max": 1524
				},
				"2023-07-03": {
					"avg": 836,
					"count": 7,
					"min": 250,
					"max": 2099
				},
				"2023-07-04": {
					"avg": 643,
					"count": 9,
					"min": 349,
					"max": 1191
				},
				"2023-07-05": {
					"avg": 1223,
					"count": 10,
					"min": 399,
					"max": 3849
				},
				"2023-07-06": {
					"avg": 1562,
					"count": 3,
					"min": 324,
					"max": 2764
				},
				"2023-07-07": {
					"avg": 667,
					"count": 6,
					"min": 499,
					"max": 934
				},
				"2023-07-08": {
					"avg": 944,
					"count": 10,
					"min": 513,
					"max": 2795
				},
				"2023-07-09": {
					"avg": 1045,
					"count": 2,
					"min": 882,
					"max": 1208
				},
				"2023-07-10": {
					"avg": 706,
					"count": 11,
					"min": 320,
					"max": 2353
				},
				"2023-07-11": {
					"avg": 1104,
					"count": 8,
					"min": 399,
					"max": 2938
				},
				"2023-07-12": {
					"avg": 2024,
					"count": 2,
					"min": 1949,
					"max": 2099
				},
				"2023-07-13": {
					"avg": 429,
					"count": 10,
					"min": 349,
					"max": 860
				},
				"2023-07-14": {
					"avg": 940,
					"count": 2,
					"min": 294,
					"max": 1587
				},
				"2023-07-15": {
					"avg": 688,
					"count": 6,
					"min": 299,
					"max": 1059
				},
				"2023-07-16": {
					"avg": 659,
					"count": 4,
					"min": 450,
					"max": 1209
				},
				"2023-07-17": {
					"avg": 476,
					"count": 15,
					"min": 225,
					"max": 1900
				},
				"2023-07-18": {
					"avg": 376,
					"count": 9,
					"min": 248,
					"max": 584
				},
				"2023-07-19": {
					"avg": 359,
					"count": 3,
					"min": 285,
					"max": 499
				},
				"2023-07-20": {
					"avg": 1049,
					"count": 5,
					"min": 593,
					"max": 1999
				},
				"2023-07-21": {
					"avg": 607,
					"count": 3,
					"min": 582,
					"max": 645
				},
				"2023-07-22": {
					"avg": 640,
					"count": 6,
					"min": 333,
					"max": 1089
				},
				"2023-07-23": {
					"avg": 544,
					"count": 7,
					"min": 324,
					"max": 744
				},
				"2023-07-24": {
					"avg": 673,
					"count": 6,
					"min": 645,
					"max": 748
				},
				"2023-07-25": {
					"avg": 340,
					"count": 12,
					"min": 195,
					"max": 643
				},
				"2023-07-26": {
					"avg": 703,
					"count": 14,
					"min": 270,
					"max": 1144
				},
				"2023-07-27": {
					"avg": 383,
					"count": 7,
					"min": 276,
					"max": 679
				},
				"2023-07-28": {
					"avg": 433,
					"count": 2,
					"min": 308,
					"max": 558
				},
				"2023-07-29": {
					"avg": 699,
					"count": 2,
					"min": 698,
					"max": 700
				},
				"2023-07-30": {
					"avg": 719,
					"count": 2,
					"min": 678,
					"max": 759
				},
				"2023-07-31": {
					"avg": 534,
					"count": 9,
					"min": 239,
					"max": 822
				},
				"2023-08-01": {
					"avg": 1118,
					"count": 1,
					"min": 1118,
					"max": 1118
				},
				"2023-08-02": {
					"avg": 671,
					"count": 7,
					"min": 250,
					"max": 2099
				},
				"2023-08-03": {
					"avg": 880,
					"count": 6,
					"min": 250,
					"max": 2500
				},
				"2023-08-04": {
					"avg": 563,
					"count": 7,
					"min": 238,
					"max": 1549
				},
				"2023-08-05": {
					"avg": 676,
					"count": 5,
					"min": 196,
					"max": 1395
				},
				"2023-08-06": {
					"avg": 1220,
					"count": 7,
					"min": 349,
					"max": 2349
				},
				"2023-08-07": {
					"avg": 1079,
					"count": 4,
					"min": 549,
					"max": 2350
				},
				"2023-08-08": {
					"avg": 503,
					"count": 14,
					"min": 150,
					"max": 798
				},
				"2023-08-09": {
					"avg": 852,
					"count": 6,
					"min": 248,
					"max": 2499
				},
				"2023-08-10": {
					"avg": 461,
					"count": 12,
					"min": 231,
					"max": 750
				},
				"2023-08-11": {
					"avg": 833,
					"count": 3,
					"min": 584,
					"max": 1200
				},
				"2023-08-12": {
					"avg": 820,
					"count": 10,
					"min": 248,
					"max": 1119
				},
				"2023-08-13": {
					"avg": 541,
					"count": 16,
					"min": 248,
					"max": 1299
				},
				"2023-08-14": {
					"avg": 381,
					"count": 10,
					"min": 240,
					"max": 802
				},
				"2023-08-15": {
					"avg": 563,
					"count": 2,
					"min": 290,
					"max": 835
				},
				"2023-08-16": {
					"avg": 662,
					"count": 8,
					"min": 501,
					"max": 717
				},
				"2023-08-17": {
					"avg": 410,
					"count": 8,
					"min": 347,
					"max": 509
				},
				"2023-08-18": {
					"avg": 817,
					"count": 5,
					"min": 225,
					"max": 1998
				},
				"2023-08-19": {
					"avg": 471,
					"count": 3,
					"min": 255,
					"max": 783
				},
				"2023-08-20": {
					"avg": 809,
					"count": 6,
					"min": 240,
					"max": 1696
				},
				"2023-08-22": {
					"avg": 568,
					"count": 1,
					"min": 568,
					"max": 568
				},
				"2023-08-23": {
					"avg": 936,
					"count": 4,
					"min": 250,
					"max": 1799
				},
				"2023-08-24": {
					"avg": 981,
					"count": 7,
					"min": 468,
					"max": 1799
				},
				"2023-08-25": {
					"avg": 545,
					"count": 15,
					"min": 446,
					"max": 850
				},
				"2023-08-26": {
					"avg": 599,
					"count": 5,
					"min": 549,
					"max": 794
				},
				"2023-08-27": {
					"avg": 855,
					"count": 7,
					"min": 253,
					"max": 1730
				},
				"2023-08-28": {
					"avg": 315,
					"count": 5,
					"min": 250,
					"max": 404
				},
				"2023-08-29": {
					"avg": 659,
					"count": 4,
					"min": 248,
					"max": 995
				},
				"2023-08-30": {
					"avg": 523,
					"count": 3,
					"min": 235,
					"max": 820
				},
				"2023-08-31": {
					"avg": 1148,
					"count": 7,
					"min": 449,
					"max": 2040
				},
				"2023-09-01": {
					"avg": 866,
					"count": 9,
					"min": 290,
					"max": 3399
				},
				"2023-09-02": {
					"avg": 719,
					"count": 5,
					"min": 299,
					"max": 1349
				},
				"2023-09-03": {
					"avg": 725,
					"count": 1,
					"min": 725,
					"max": 725
				},
				"2023-09-04": {
					"avg": 854,
					"count": 3,
					"min": 230,
					"max": 1665
				},
				"2023-09-05": {
					"avg": 925,
					"count": 5,
					"min": 275,
					"max": 1665
				},
				"2023-09-06": {
					"avg": 494,
					"count": 3,
					"min": 400,
					"max": 599
				},
				"2023-09-07": {
					"avg": 691,
					"count": 7,
					"min": 324,
					"max": 1701
				},
				"2023-09-08": {
					"avg": 526,
					"count": 22,
					"min": 229,
					"max": 1650
				},
				"2023-09-09": {
					"avg": 827,
					"count": 9,
					"min": 462,
					"max": 1499
				},
				"2023-09-10": {
					"avg": 863,
					"count": 11,
					"min": 275,
					"max": 2000
				},
				"2023-09-11": {
					"avg": 682,
					"count": 3,
					"min": 329,
					"max": 1218
				},
				"2023-09-12": {
					"avg": 663,
					"count": 8,
					"min": 497,
					"max": 831
				},
				"2023-09-13": {
					"avg": 896,
					"count": 7,
					"min": 598,
					"max": 1574
				},
				"2023-09-14": {
					"avg": 409,
					"count": 6,
					"min": 225,
					"max": 741
				},
				"2023-09-15": {
					"avg": 614,
					"count": 11,
					"min": 227,
					"max": 2508
				},
				"2023-09-16": {
					"avg": 986,
					"count": 3,
					"min": 677,
					"max": 1488
				},
				"2023-09-17": {
					"avg": 451,
					"count": 23,
					"min": 238,
					"max": 770
				},
				"2023-09-18": {
					"avg": 464,
					"count": 2,
					"min": 329,
					"max": 599
				},
				"2023-09-19": {
					"avg": 467,
					"count": 4,
					"min": 199,
					"max": 872
				},
				"2023-09-20": {
					"avg": 497,
					"count": 8,
					"min": 497,
					"max": 497
				},
				"2023-09-21": {
					"avg": 599,
					"count": 1,
					"min": 599,
					"max": 599
				},
				"2023-09-22": {
					"avg": 971,
					"count": 6,
					"min": 605,
					"max": 2499
				},
				"2023-09-23": {
					"avg": 572,
					"count": 2,
					"min": 496,
					"max": 648
				},
				"2023-09-24": {
					"avg": 866,
					"count": 7,
					"min": 449,
					"max": 1270
				},
				"2023-09-25": {
					"avg": 566,
					"count": 6,
					"min": 350,
					"max": 1197
				},
				"2023-09-26": {
					"avg": 508,
					"count": 8,
					"min": 247,
					"max": 808
				},
				"2023-09-27": {
					"avg": 799,
					"count": 1,
					"min": 799,
					"max": 799
				},
				"2023-09-28": {
					"avg": 602,
					"count": 10,
					"min": 349,
					"max": 898
				},
				"2023-09-29": {
					"avg": 628,
					"count": 3,
					"min": 544,
					"max": 774
				},
				"2023-09-30": {
					"avg": 940,
					"count": 7,
					"min": 200,
					"max": 2636
				},
				"2023-10-01": {
					"avg": 510,
					"count": 2,
					"min": 199,
					"max": 820
				},
				"2023-10-02": {
					"avg": 485,
					"count": 13,
					"min": 149,
					"max": 890
				},
				"2023-10-03": {
					"avg": 487,
					"count": 5,
					"min": 324,
					"max": 695
				},
				"2023-10-04": {
					"avg": 532,
					"count": 3,
					"min": 198,
					"max": 1197
				},
				"2023-10-05": {
					"avg": 546,
					"count": 3,
					"min": 351,
					"max": 799
				},
				"2023-10-06": {
					"avg": 585,
					"count": 19,
					"min": 198,
					"max": 1197
				},
				"2023-10-07": {
					"avg": 899,
					"count": 4,
					"min": 799,
					"max": 999
				},
				"2023-10-08": {
					"avg": 722,
					"count": 5,
					"min": 487,
					"max": 874
				},
				"2023-10-09": {
					"avg": 391,
					"count": 20,
					"min": 178,
					"max": 728
				},
				"2023-10-10": {
					"avg": 489,
					"count": 2,
					"min": 279,
					"max": 699
				},
				"2023-10-11": {
					"avg": 1061,
					"count": 5,
					"min": 467,
					"max": 1849
				},
				"2023-10-12": {
					"avg": 642,
					"count": 3,
					"min": 499,
					"max": 729
				},
				"2023-10-13": {
					"avg": 655,
					"count": 17,
					"min": 200,
					"max": 981
				},
				"2023-10-14": {
					"avg": 463,
					"count": 5,
					"min": 299,
					"max": 825
				},
				"2023-10-15": {
					"avg": 510,
					"count": 9,
					"min": 298,
					"max": 1369
				},
				"2023-10-16": {
					"avg": 592,
					"count": 7,
					"min": 502,
					"max": 759
				},
				"2023-10-17": {
					"avg": 592,
					"count": 4,
					"min": 310,
					"max": 1008
				},
				"2023-10-18": {
					"avg": 835,
					"count": 3,
					"min": 598,
					"max": 1110
				},
				"2023-10-19": {
					"avg": 380,
					"count": 5,
					"min": 151,
					"max": 599
				},
				"2023-10-20": {
					"avg": 416,
					"count": 5,
					"min": 151,
					"max": 577
				},
				"2023-10-21": {
					"avg": 823,
					"count": 4,
					"min": 560,
					"max": 1499
				},
				"2023-10-22": {
					"avg": 435,
					"count": 4,
					"min": 280,
					"max": 879
				},
				"2023-10-23": {
					"avg": 899,
					"count": 4,
					"min": 519,
					"max": 1743
				},
				"2023-10-24": {
					"avg": 554,
					"count": 3,
					"min": 240,
					"max": 874
				},
				"2023-10-25": {
					"avg": 1032,
					"count": 9,
					"min": 700,
					"max": 1196
				},
				"2023-10-26": {
					"avg": 378,
					"count": 1,
					"min": 378,
					"max": 378
				},
				"2023-10-27": {
					"avg": 509,
					"count": 7,
					"min": 299,
					"max": 598
				},
				"2023-10-28": {
					"avg": 517,
					"count": 11,
					"min": 201,
					"max": 995
				},
				"2023-10-29": {
					"avg": 644,
					"count": 8,
					"min": 294,
					"max": 1444
				},
				"2023-10-30": {
					"avg": 611,
					"count": 6,
					"min": 450,
					"max": 1030
				},
				"2023-10-31": {
					"avg": 608,
					"count": 8,
					"min": 248,
					"max": 1000
				},
				"2023-11-01": {
					"avg": 514,
					"count": 12,
					"min": 294,
					"max": 1170
				},
				"2023-11-02": {
					"avg": 442,
					"count": 5,
					"min": 149,
					"max": 1000
				},
				"2023-11-03": {
					"avg": 774,
					"count": 3,
					"min": 578,
					"max": 1098
				},
				"2023-11-04": {
					"avg": 546,
					"count": 11,
					"min": 287,
					"max": 1258
				},
				"2023-11-05": {
					"avg": 745,
					"count": 5,
					"min": 591,
					"max": 1000
				},
				"2023-11-06": {
					"avg": 794,
					"count": 9,
					"min": 549,
					"max": 1199
				},
				"2023-11-07": {
					"avg": 505,
					"count": 5,
					"min": 192,
					"max": 594
				},
				"2023-11-08": {
					"avg": 892,
					"count": 3,
					"min": 499,
					"max": 1519
				},
				"2023-11-09": {
					"avg": 513,
					"count": 3,
					"min": 455,
					"max": 630
				},
				"2023-11-10": {
					"avg": 449,
					"count": 3,
					"min": 330,
					"max": 660
				},
				"2023-11-11": {
					"avg": 703,
					"count": 6,
					"min": 275,
					"max": 1400
				},
				"2023-11-12": {
					"avg": 671,
					"count": 5,
					"min": 549,
					"max": 1107
				},
				"2023-11-13": {
					"avg": 1030,
					"count": 5,
					"min": 275,
					"max": 1499
				},
				"2023-11-14": {
					"avg": 932,
					"count": 14,
					"min": 397,
					"max": 1894
				},
				"2023-11-15": {
					"avg": 656,
					"count": 4,
					"min": 463,
					"max": 1113
				},
				"2023-11-16": {
					"avg": 382,
					"count": 6,
					"min": 225,
					"max": 598
				},
				"2023-11-17": {
					"avg": 678,
					"count": 5,
					"min": 299,
					"max": 1107
				},
				"2023-11-18": {
					"avg": 398,
					"count": 4,
					"min": 250,
					"max": 594
				},
				"2023-11-20": {
					"avg": 771,
					"count": 8,
					"min": 500,
					"max": 1107
				},
				"2023-11-21": {
					"avg": 432,
					"count": 12,
					"min": 159,
					"max": 920
				},
				"2023-11-22": {
					"avg": 479,
					"count": 9,
					"min": 240,
					"max": 1099
				},
				"2023-11-23": {
					"avg": 509,
					"count": 10,
					"min": 270,
					"max": 1497
				},
				"2023-11-24": {
					"avg": 509,
					"count": 45,
					"min": 200,
					"max": 1312
				},
				"2023-11-25": {
					"avg": 586,
					"count": 11,
					"min": 283,
					"max": 782
				},
				"2023-11-26": {
					"avg": 570,
					"count": 14,
					"min": 185,
					"max": 2634
				},
				"2023-11-27": {
					"avg": 486,
					"count": 2,
					"min": 397,
					"max": 575
				},
				"2024-05-15": {
					"avg": 541,
					"count": 1,
					"min": 541,
					"max": 541
				},
				"2024-05-16": {
					"avg": 431,
					"count": 4,
					"min": 282,
					"max": 513
				},
				"2024-05-17": {
					"avg": 576,
					"count": 45,
					"min": 299,
					"max": 1274
				},
				"2024-05-18": {
					"avg": 741,
					"count": 25,
					"min": 195,
					"max": 1608
				},
				"2024-05-19": {
					"avg": 1114,
					"count": 3,
					"min": 528,
					"max": 1418
				},
				"2024-05-20": {
					"avg": 888,
					"count": 4,
					"min": 857,
					"max": 979
				},
				"2024-05-21": {
					"avg": 620,
					"count": 4,
					"min": 612,
					"max": 645
				},
				"2024-05-22": {
					"avg": 1067,
					"count": 5,
					"min": 615,
					"max": 1997
				},
				"2024-05-23": {
					"avg": 896,
					"count": 4,
					"min": 422,
					"max": 1608
				},
				"2024-05-24": {
					"avg": 946,
					"count": 1,
					"min": 946,
					"max": 946
				},
				"2024-05-27": {
					"avg": 749,
					"count": 2,
					"min": 748,
					"max": 750
				},
				"2024-05-29": {
					"avg": 1220,
					"count": 2,
					"min": 1082,
					"max": 1357
				},
				"2024-05-30": {
					"avg": 760,
					"count": 1,
					"min": 760,
					"max": 760
				},
				"2024-05-31": {
					"avg": 745,
					"count": 1,
					"min": 745,
					"max": 745
				},
				"2024-06-01": {
					"avg": 899,
					"count": 1,
					"min": 899,
					"max": 899
				},
				"2024-06-03": {
					"avg": 785,
					"count": 2,
					"min": 745,
					"max": 824
				},
				"2024-06-04": {
					"avg": 859,
					"count": 3,
					"min": 798,
					"max": 980
				},
				"2024-06-05": {
					"avg": 805,
					"count": 1,
					"min": 805,
					"max": 805
				},
				"2024-06-06": {
					"avg": 721,
					"count": 3,
					"min": 700,
					"max": 749
				},
				"2024-06-10": {
					"avg": 799,
					"count": 1,
					"min": 799,
					"max": 799
				},
				"2024-06-11": {
					"avg": 851,
					"count": 9,
					"min": 716,
					"max": 1058
				},
				"2024-06-13": {
					"avg": 928,
					"count": 1,
					"min": 928,
					"max": 928
				},
				"2024-06-14": {
					"avg": 674,
					"count": 2,
					"min": 674,
					"max": 674
				},
				"2024-06-15": {
					"avg": 675,
					"count": 1,
					"min": 675,
					"max": 675
				},
				"2024-06-16": {
					"avg": 658,
					"count": 3,
					"min": 625,
					"max": 675
				},
				"2024-06-17": {
					"avg": 675,
					"count": 1,
					"min": 675,
					"max": 675
				},
				"2024-06-18": {
					"avg": 1195,
					"count": 4,
					"min": 996,
					"max": 1788
				},
				"2024-06-19": {
					"avg": 791,
					"count": 1,
					"min": 791,
					"max": 791
				},
				"2024-06-20": {
					"avg": 1198,
					"count": 13,
					"min": 663,
					"max": 1796
				},
				"2024-06-21": {
					"avg": 977,
					"count": 3,
					"min": 742,
					"max": 1274
				},
				"2024-06-23": {
					"avg": 1183,
					"count": 3,
					"min": 774,
					"max": 1387
				},
				"2024-06-24": {
					"avg": 1022,
					"count": 12,
					"min": 698,
					"max": 1289
				},
				"2024-06-25": {
					"avg": 737,
					"count": 2,
					"min": 695,
					"max": 778
				},
				"2024-06-26": {
					"avg": 794,
					"count": 1,
					"min": 794,
					"max": 794
				},
				"2024-06-27": {
					"avg": 1302,
					"count": 1,
					"min": 1302,
					"max": 1302
				},
				"2024-06-28": {
					"avg": 976,
					"count": 1,
					"min": 976,
					"max": 976
				},
				"2024-06-29": {
					"avg": 799,
					"count": 1,
					"min": 799,
					"max": 799
				},
				"2024-06-30": {
					"avg": 899,
					"count": 1,
					"min": 899,
					"max": 899
				},
				"2024-07-03": {
					"avg": 904,
					"count": 1,
					"min": 904,
					"max": 904
				},
				"2024-07-04": {
					"avg": 1014,
					"count": 7,
					"min": 698,
					"max": 1403
				},
				"2024-07-05": {
					"avg": 1896,
					"count": 1,
					"min": 1896,
					"max": 1896
				},
				"2024-07-06": {
					"avg": 1397,
					"count": 1,
					"min": 1397,
					"max": 1397
				},
				"2024-07-07": {
					"avg": 787,
					"count": 2,
					"min": 775,
					"max": 799
				},
				"2024-07-08": {
					"avg": 780,
					"count": 1,
					"min": 780,
					"max": 780
				},
				"2024-07-09": {
					"avg": 780,
					"count": 2,
					"min": 780,
					"max": 780
				},
				"2024-07-10": {
					"avg": 1013,
					"count": 4,
					"min": 507,
					"max": 1397
				},
				"2024-07-11": {
					"avg": 735,
					"count": 3,
					"min": 645,
					"max": 809
				},
				"2024-07-12": {
					"avg": 925,
					"count": 1,
					"min": 925,
					"max": 925
				},
				"2024-07-13": {
					"avg": 725,
					"count": 1,
					"min": 725,
					"max": 725
				},
				"2024-07-14": {
					"avg": 744,
					"count": 1,
					"min": 744,
					"max": 744
				},
				"2024-07-15": {
					"avg": 818,
					"count": 7,
					"min": 745,
					"max": 1094
				},
				"2024-07-16": {
					"avg": 792,
					"count": 2,
					"min": 775,
					"max": 809
				},
				"2024-07-17": {
					"avg": 848,
					"count": 2,
					"min": 845,
					"max": 851
				},
				"2024-07-18": {
					"avg": 785,
					"count": 3,
					"min": 516,
					"max": 1199
				},
				"2024-07-19": {
					"avg": 719,
					"count": 2,
					"min": 639,
					"max": 799
				},
				"2024-07-20": {
					"avg": 697,
					"count": 10,
					"min": 600,
					"max": 1198
				},
				"2024-07-21": {
					"avg": 797,
					"count": 1,
					"min": 797,
					"max": 797
				},
				"2024-07-23": {
					"avg": 1314,
					"count": 2,
					"min": 1199,
					"max": 1429
				},
				"2024-07-24": {
					"avg": 749,
					"count": 1,
					"min": 749,
					"max": 749
				},
				"2024-07-25": {
					"avg": 694,
					"count": 2,
					"min": 673,
					"max": 715
				},
				"2024-07-26": {
					"avg": 884,
					"count": 3,
					"min": 673,
					"max": 1199
				},
				"2024-07-28": {
					"avg": 727,
					"count": 2,
					"min": 672,
					"max": 782
				},
				"2024-07-29": {
					"avg": 1165,
					"count": 3,
					"min": 673,
					"max": 1698
				},
				"2024-07-30": {
					"avg": 805,
					"count": 1,
					"min": 805,
					"max": 805
				},
				"2024-07-31": {
					"avg": 910,
					"count": 4,
					"min": 673,
					"max": 1299
				},
				"2024-08-01": {
					"avg": 1799,
					"count": 2,
					"min": 1299,
					"max": 2298
				},
				"2024-08-02": {
					"avg": 1158,
					"count": 5,
					"min": 790,
					"max": 1499
				},
				"2024-08-03": {
					"avg": 1108,
					"count": 6,
					"min": 674,
					"max": 1299
				},
				"2024-08-04": {
					"avg": 726,
					"count": 4,
					"min": 674,
					"max": 780
				},
				"2024-08-06": {
					"avg": 791,
					"count": 2,
					"min": 782,
					"max": 799
				},
				"2024-08-07": {
					"avg": 1012,
					"count": 2,
					"min": 994,
					"max": 1030
				},
				"2024-08-08": {
					"avg": 689,
					"count": 2,
					"min": 674,
					"max": 703
				},
				"2024-08-09": {
					"avg": 809,
					"count": 1,
					"min": 809,
					"max": 809
				},
				"2024-08-11": {
					"avg": 736,
					"count": 6,
					"min": 674,
					"max": 809
				},
				"2024-08-13": {
					"avg": 682,
					"count": 2,
					"min": 682,
					"max": 682
				},
				"2024-08-15": {
					"avg": 673,
					"count": 1,
					"min": 673,
					"max": 673
				},
				"2024-08-16": {
					"avg": 1103,
					"count": 3,
					"min": 672,
					"max": 1815
				},
				"2024-08-17": {
					"avg": 1410,
					"count": 3,
					"min": 1199,
					"max": 1715
				},
				"2024-08-18": {
					"avg": 1316,
					"count": 1,
					"min": 1316,
					"max": 1316
				},
				"2024-08-19": {
					"avg": 991,
					"count": 3,
					"min": 759,
					"max": 1316
				},
				"2024-08-20": {
					"avg": 698,
					"count": 2,
					"min": 548,
					"max": 848
				},
				"2024-08-21": {
					"avg": 781,
					"count": 5,
					"min": 727,
					"max": 997
				},
				"2024-08-22": {
					"avg": 711,
					"count": 2,
					"min": 673,
					"max": 749
				},
				"2024-08-23": {
					"avg": 824,
					"count": 5,
					"min": 673,
					"max": 1316
				},
				"2024-08-25": {
					"avg": 1390,
					"count": 4,
					"min": 1316,
					"max": 1414
				},
				"2024-08-26": {
					"avg": 1316,
					"count": 1,
					"min": 1316,
					"max": 1316
				},
				"2024-08-27": {
					"avg": 1053,
					"count": 2,
					"min": 790,
					"max": 1316
				},
				"2024-08-28": {
					"avg": 673,
					"count": 1,
					"min": 673,
					"max": 673
				},
				"2024-08-29": {
					"avg": 883,
					"count": 3,
					"min": 749,
					"max": 1003
				},
				"2024-08-30": {
					"avg": 747,
					"count": 2,
					"min": 745,
					"max": 749
				},
				"2024-08-31": {
					"avg": 745,
					"count": 1,
					"min": 745,
					"max": 745
				},
				"2024-09-01": {
					"avg": 748,
					"count": 2,
					"min": 748,
					"max": 748
				},
				"2024-09-02": {
					"avg": 714,
					"count": 3,
					"min": 665,
					"max": 813
				},
				"2024-09-03": {
					"avg": 820,
					"count": 2,
					"min": 813,
					"max": 826
				},
				"2024-09-04": {
					"avg": 746,
					"count": 2,
					"min": 746,
					"max": 746
				},
				"2024-09-05": {
					"avg": 823,
					"count": 9,
					"min": 746,
					"max": 899
				},
				"2024-09-06": {
					"avg": 1316,
					"count": 1,
					"min": 1316,
					"max": 1316
				},
				"2024-09-07": {
					"avg": 1316,
					"count": 1,
					"min": 1316,
					"max": 1316
				},
				"2024-09-08": {
					"avg": 755,
					"count": 1,
					"min": 755,
					"max": 755
				},
				"2024-09-09": {
					"avg": 1137,
					"count": 3,
					"min": 989,
					"max": 1316
				},
				"2024-09-11": {
					"avg": 931,
					"count": 6,
					"min": 699,
					"max": 1933
				},
				"2024-09-12": {
					"avg": 819,
					"count": 8,
					"min": 698,
					"max": 938
				},
				"2024-09-13": {
					"avg": 748,
					"count": 1,
					"min": 748,
					"max": 748
				},
				"2024-09-14": {
					"avg": 947,
					"count": 5,
					"min": 748,
					"max": 1169
				},
				"2024-09-15": {
					"avg": 976,
					"count": 3,
					"min": 797,
					"max": 1334
				},
				"2024-09-16": {
					"avg": 1869,
					"count": 2,
					"min": 901,
					"max": 2837
				},
				"2024-09-18": {
					"avg": 788,
					"count": 8,
					"min": 748,
					"max": 904
				},
				"2024-09-19": {
					"avg": 1141,
					"count": 2,
					"min": 898,
					"max": 1384
				},
				"2024-09-20": {
					"avg": 896,
					"count": 5,
					"min": 745,
					"max": 1434
				},
				"2024-09-21": {
					"avg": 876,
					"count": 2,
					"min": 854,
					"max": 898
				},
				"2024-09-22": {
					"avg": 1483,
					"count": 2,
					"min": 1434,
					"max": 1532
				}
			},
			"avg": 748,
			"avg7": 675,
			"avg28": 675
		},
		"holo-played": {
			"history": {
				"2024-05-23": {
					"avg": 615,
					"count": 1,
					"min": 615,
					"max": 615
				},
				"2024-05-24": {
					"avg": 560,
					"count": 5,
					"min": 450,
					"max": 612
				},
				"2024-05-25": {
					"avg": 489,
					"count": 1,
					"min": 489,
					"max": 489
				},
				"2024-05-26": {
					"avg": 501,
					"count": 3,
					"min": 479,
					"max": 522
				},
				"2024-05-27": {
					"avg": 450,
					"count": 1,
					"min": 450,
					"max": 450
				},
				"2024-05-28": {
					"avg": 503,
					"count": 1,
					"min": 503,
					"max": 503
				},
				"2024-05-29": {
					"avg": 1294,
					"count": 1,
					"min": 1294,
					"max": 1294
				},
				"2024-05-30": {
					"avg": 456,
					"count": 4,
					"min": 350,
					"max": 500
				},
				"2024-05-31": {
					"avg": 500,
					"count": 1,
					"min": 500,
					"max": 500
				},
				"2024-06-01": {
					"avg": 500,
					"count": 1,
					"min": 500,
					"max": 500
				},
				"2024-06-02": {
					"avg": 612,
					"count": 2,
					"min": 612,
					"max": 612
				},
				"2024-06-03": {
					"avg": 500,
					"count": 4,
					"min": 500,
					"max": 500
				},
				"2024-06-04": {
					"avg": 564,
					"count": 3,
					"min": 378,
					"max": 699
				},
				"2024-06-06": {
					"avg": 375,
					"count": 1,
					"min": 375,
					"max": 375
				},
				"2024-06-07": {
					"avg": 512,
					"count": 8,
					"min": 471,
					"max": 577
				},
				"2024-06-08": {
					"avg": 729,
					"count": 1,
					"min": 729,
					"max": 729
				},
				"2024-06-09": {
					"avg": 619,
					"count": 1,
					"min": 619,
					"max": 619
				},
				"2024-06-10": {
					"avg": 782,
					"count": 8,
					"min": 500,
					"max": 1065
				},
				"2024-06-12": {
					"avg": 813,
					"count": 4,
					"min": 532,
					"max": 1049
				},
				"2024-06-14": {
					"avg": 504,
					"count": 1,
					"min": 504,
					"max": 504
				},
				"2024-06-17": {
					"avg": 504,
					"count": 2,
					"min": 504,
					"max": 504
				},
				"2024-06-18": {
					"avg": 555,
					"count": 5,
					"min": 377,
					"max": 699
				},
				"2024-06-19": {
					"avg": 511,
					"count": 2,
					"min": 400,
					"max": 621
				},
				"2024-06-22": {
					"avg": 624,
					"count": 7,
					"min": 368,
					"max": 755
				},
				"2024-06-24": {
					"avg": 467,
					"count": 1,
					"min": 467,
					"max": 467
				},
				"2024-06-25": {
					"avg": 362,
					"count": 3,
					"min": 297,
					"max": 492
				},
				"2024-06-26": {
					"avg": 476,
					"count": 3,
					"min": 468,
					"max": 492
				},
				"2024-06-27": {
					"avg": 484,
					"count": 4,
					"min": 401,
					"max": 529
				},
				"2024-06-30": {
					"avg": 487,
					"count": 1,
					"min": 487,
					"max": 487
				},
				"2024-07-01": {
					"avg": 441,
					"count": 5,
					"min": 365,
					"max": 487
				},
				"2024-07-02": {
					"avg": 481,
					"count": 3,
					"min": 407,
					"max": 534
				},
				"2024-07-03": {
					"avg": 488,
					"count": 1,
					"min": 488,
					"max": 488
				},
				"2024-07-04": {
					"avg": 453,
					"count": 2,
					"min": 406,
					"max": 499
				},
				"2024-07-07": {
					"avg": 527,
					"count": 7,
					"min": 403,
					"max": 915
				},
				"2024-07-08": {
					"avg": 503,
					"count": 3,
					"min": 500,
					"max": 505
				},
				"2024-07-10": {
					"avg": 531,
					"count": 6,
					"min": 368,
					"max": 621
				},
				"2024-07-11": {
					"avg": 476,
					"count": 2,
					"min": 428,
					"max": 524
				},
				"2024-07-12": {
					"avg": 494,
					"count": 1,
					"min": 494,
					"max": 494
				},
				"2024-07-13": {
					"avg": 490,
					"count": 4,
					"min": 489,
					"max": 494
				},
				"2024-07-14": {
					"avg": 500,
					"count": 5,
					"min": 500,
					"max": 500
				},
				"2024-07-16": {
					"avg": 469,
					"count": 3,
					"min": 448,
					"max": 511
				},
				"2024-07-17": {
					"avg": 548,
					"count": 12,
					"min": 500,
					"max": 750
				},
				"2024-07-18": {
					"avg": 494,
					"count": 6,
					"min": 494,
					"max": 494
				},
				"2024-07-19": {
					"avg": 500,
					"count": 2,
					"min": 500,
					"max": 500
				},
				"2024-07-20": {
					"avg": 500,
					"count": 1,
					"min": 500,
					"max": 500
				},
				"2024-07-22": {
					"avg": 550,
					"count": 2,
					"min": 500,
					"max": 599
				},
				"2024-07-23": {
					"avg": 518,
					"count": 10,
					"min": 498,
					"max": 598
				},
				"2024-07-24": {
					"avg": 475,
					"count": 3,
					"min": 475,
					"max": 475
				},
				"2024-07-25": {
					"avg": 541,
					"count": 4,
					"min": 500,
					"max": 619
				},
				"2024-07-26": {
					"avg": 900,
					"count": 1,
					"min": 900,
					"max": 900
				},
				"2024-07-27": {
					"avg": 569,
					"count": 3,
					"min": 485,
					"max": 629
				},
				"2024-07-28": {
					"avg": 720,
					"count": 3,
					"min": 484,
					"max": 1103
				},
				"2024-07-30": {
					"avg": 705,
					"count": 1,
					"min": 705,
					"max": 705
				},
				"2024-07-31": {
					"avg": 487,
					"count": 1,
					"min": 487,
					"max": 487
				},
				"2024-08-01": {
					"avg": 624,
					"count": 4,
					"min": 499,
					"max": 994
				},
				"2024-08-02": {
					"avg": 497,
					"count": 1,
					"min": 497,
					"max": 497
				},
				"2024-08-04": {
					"avg": 514,
					"count": 4,
					"min": 500,
					"max": 527
				},
				"2024-08-06": {
					"avg": 597,
					"count": 2,
					"min": 595,
					"max": 599
				},
				"2024-08-08": {
					"avg": 998,
					"count": 1,
					"min": 998,
					"max": 998
				},
				"2024-08-09": {
					"avg": 624,
					"count": 4,
					"min": 498,
					"max": 997
				},
				"2024-08-10": {
					"avg": 899,
					"count": 1,
					"min": 899,
					"max": 899
				},
				"2024-08-11": {
					"avg": 575,
					"count": 16,
					"min": 499,
					"max": 740
				},
				"2024-08-12": {
					"avg": 604,
					"count": 2,
					"min": 514,
					"max": 693
				},
				"2024-08-13": {
					"avg": 527,
					"count": 1,
					"min": 527,
					"max": 527
				},
				"2024-08-14": {
					"avg": 502,
					"count": 8,
					"min": 400,
					"max": 527
				},
				"2024-08-16": {
					"avg": 413,
					"count": 6,
					"min": 321,
					"max": 540
				},
				"2024-08-17": {
					"avg": 525,
					"count": 3,
					"min": 456,
					"max": 567
				},
				"2024-08-18": {
					"avg": 553,
					"count": 3,
					"min": 524,
					"max": 568
				},
				"2024-08-19": {
					"avg": 546,
					"count": 3,
					"min": 536,
					"max": 565
				},
				"2024-08-20": {
					"avg": 1049,
					"count": 2,
					"min": 1049,
					"max": 1049
				},
				"2024-08-21": {
					"avg": 582,
					"count": 3,
					"min": 524,
					"max": 672
				},
				"2024-08-23": {
					"avg": 686,
					"count": 2,
					"min": 420,
					"max": 951
				},
				"2024-08-24": {
					"avg": 475,
					"count": 3,
					"min": 398,
					"max": 586
				},
				"2024-08-25": {
					"avg": 511,
					"count": 4,
					"min": 420,
					"max": 550
				},
				"2024-08-26": {
					"avg": 679,
					"count": 3,
					"min": 526,
					"max": 942
				},
				"2024-08-29": {
					"avg": 443,
					"count": 4,
					"min": 419,
					"max": 464
				},
				"2024-08-31": {
					"avg": 516,
					"count": 20,
					"min": 444,
					"max": 520
				},
				"2024-09-01": {
					"avg": 526,
					"count": 2,
					"min": 526,
					"max": 526
				},
				"2024-09-02": {
					"avg": 397,
					"count": 2,
					"min": 195,
					"max": 598
				},
				"2024-09-03": {
					"avg": 518,
					"count": 1,
					"min": 518,
					"max": 518
				},
				"2024-09-04": {
					"avg": 614,
					"count": 6,
					"min": 538,
					"max": 651
				},
				"2024-09-05": {
					"avg": 488,
					"count": 5,
					"min": 422,
					"max": 622
				},
				"2024-09-07": {
					"avg": 506,
					"count": 1,
					"min": 506,
					"max": 506
				},
				"2024-09-08": {
					"avg": 642,
					"count": 5,
					"min": 520,
					"max": 849
				},
				"2024-09-09": {
					"avg": 477,
					"count": 5,
					"min": 422,
					"max": 698
				},
				"2024-09-10": {
					"avg": 951,
					"count": 2,
					"min": 580,
					"max": 1321
				},
				"2024-09-11": {
					"avg": 584,
					"count": 9,
					"min": 509,
					"max": 761
				},
				"2024-09-12": {
					"avg": 455,
					"count": 7,
					"min": 422,
					"max": 500
				},
				"2024-09-13": {
					"avg": 757,
					"count": 4,
					"min": 512,
					"max": 1421
				},
				"2024-09-14": {
					"avg": 484,
					"count": 3,
					"min": 402,
					"max": 550
				},
				"2024-09-15": {
					"avg": 493,
					"count": 4,
					"min": 422,
					"max": 547
				},
				"2024-09-16": {
					"avg": 461,
					"count": 3,
					"min": 422,
					"max": 540
				},
				"2024-09-17": {
					"avg": 420,
					"count": 1,
					"min": 420,
					"max": 420
				},
				"2024-09-18": {
					"avg": 472,
					"count": 5,
					"min": 422,
					"max": 547
				},
				"2024-09-20": {
					"avg": 572,
					"count": 3,
					"min": 476,
					"max": 693
				},
				"2024-09-23": {
					"avg": 574,
					"count": 4,
					"min": 462,
					"max": 799
				}
			},
			"avg": 550,
			"avg7": -1,
			"avg28": -1
		},
		"holo-used": {
			"history": {
				"2024-05-24": {
					"avg": 579,
					"count": 1,
					"min": 579,
					"max": 579
				},
				"2024-05-25": {
					"avg": 366,
					"count": 2,
					"min": 356,
					"max": 375
				},
				"2024-05-26": {
					"avg": 342,
					"count": 1,
					"min": 342,
					"max": 342
				},
				"2024-05-27": {
					"avg": 363,
					"count": 3,
					"min": 334,
					"max": 422
				},
				"2024-05-29": {
					"avg": 422,
					"count": 1,
					"min": 422,
					"max": 422
				},
				"2024-05-31": {
					"avg": 299,
					"count": 4,
					"min": 299,
					"max": 299
				},
				"2024-06-01": {
					"avg": 687,
					"count": 2,
					"min": 521,
					"max": 852
				},
				"2024-06-04": {
					"avg": 332,
					"count": 3,
					"min": 298,
					"max": 399
				},
				"2024-06-06": {
					"avg": 298,
					"count": 1,
					"min": 298,
					"max": 298
				},
				"2024-06-07": {
					"avg": 397,
					"count": 1,
					"min": 397,
					"max": 397
				},
				"2024-06-11": {
					"avg": 424,
					"count": 1,
					"min": 424,
					"max": 424
				},
				"2024-06-12": {
					"avg": 441,
					"count": 2,
					"min": 441,
					"max": 441
				},
				"2024-06-14": {
					"avg": 346,
					"count": 1,
					"min": 346,
					"max": 346
				},
				"2024-06-15": {
					"avg": 418,
					"count": 3,
					"min": 417,
					"max": 420
				},
				"2024-06-17": {
					"avg": 417,
					"count": 3,
					"min": 406,
					"max": 422
				},
				"2024-06-18": {
					"avg": 295,
					"count": 1,
					"min": 295,
					"max": 295
				},
				"2024-06-19": {
					"avg": 400,
					"count": 3,
					"min": 349,
					"max": 497
				},
				"2024-06-20": {
					"avg": 349,
					"count": 1,
					"min": 349,
					"max": 349
				},
				"2024-06-21": {
					"avg": 333,
					"count": 4,
					"min": 295,
					"max": 347
				},
				"2024-06-22": {
					"avg": 394,
					"count": 1,
					"min": 394,
					"max": 394
				},
				"2024-06-25": {
					"avg": 413,
					"count": 4,
					"min": 412,
					"max": 416
				},
				"2024-06-26": {
					"avg": 300,
					"count": 4,
					"min": 300,
					"max": 300
				},
				"2024-06-30": {
					"avg": 314,
					"count": 2,
					"min": 279,
					"max": 349
				},
				"2024-07-03": {
					"avg": 333,
					"count": 1,
					"min": 333,
					"max": 333
				},
				"2024-07-05": {
					"avg": 399,
					"count": 1,
					"min": 399,
					"max": 399
				},
				"2024-07-06": {
					"avg": 349,
					"count": 1,
					"min": 349,
					"max": 349
				},
				"2024-07-07": {
					"avg": 430,
					"count": 4,
					"min": 372,
					"max": 497
				},
				"2024-07-08": {
					"avg": 497,
					"count": 2,
					"min": 497,
					"max": 497
				},
				"2024-07-09": {
					"avg": 397,
					"count": 6,
					"min": 349,
					"max": 469
				},
				"2024-07-10": {
					"avg": 649,
					"count": 5,
					"min": 250,
					"max": 749
				},
				"2024-07-12": {
					"avg": 200,
					"count": 1,
					"min": 200,
					"max": 200
				},
				"2024-07-13": {
					"avg": 334,
					"count": 5,
					"min": 299,
					"max": 399
				},
				"2024-07-14": {
					"avg": 1037,
					"count": 5,
					"min": 322,
					"max": 2331
				},
				"2024-07-15": {
					"avg": 522,
					"count": 2,
					"min": 345,
					"max": 699
				},
				"2024-07-16": {
					"avg": 182,
					"count": 2,
					"min": 51,
					"max": 312
				},
				"2024-07-17": {
					"avg": 495,
					"count": 4,
					"min": 245,
					"max": 578
				},
				"2024-07-18": {
					"avg": 328,
					"count": 17,
					"min": 240,
					"max": 334
				},
				"2024-07-19": {
					"avg": 344,
					"count": 2,
					"min": 344,
					"max": 344
				},
				"2024-07-20": {
					"avg": 407,
					"count": 2,
					"min": 314,
					"max": 500
				},
				"2024-07-22": {
					"avg": 272,
					"count": 4,
					"min": 198,
					"max": 296
				},
				"2024-07-23": {
					"avg": 332,
					"count": 5,
					"min": 299,
					"max": 369
				},
				"2024-07-24": {
					"avg": 347,
					"count": 4,
					"min": 267,
					"max": 447
				},
				"2024-07-25": {
					"avg": 306,
					"count": 3,
					"min": 249,
					"max": 368
				},
				"2024-07-26": {
					"avg": 419,
					"count": 3,
					"min": 399,
					"max": 429
				},
				"2024-07-30": {
					"avg": 509,
					"count": 2,
					"min": 469,
					"max": 549
				},
				"2024-07-31": {
					"avg": 590,
					"count": 3,
					"min": 273,
					"max": 749
				},
				"2024-08-01": {
					"avg": 399,
					"count": 1,
					"min": 399,
					"max": 399
				},
				"2024-08-02": {
					"avg": 365,
					"count": 2,
					"min": 348,
					"max": 382
				},
				"2024-08-03": {
					"avg": 285,
					"count": 2,
					"min": 285,
					"max": 285
				},
				"2024-08-05": {
					"avg": 368,
					"count": 6,
					"min": 265,
					"max": 399
				},
				"2024-08-08": {
					"avg": 368,
					"count": 6,
					"min": 331,
					"max": 379
				},
				"2024-08-09": {
					"avg": 373,
					"count": 1,
					"min": 373,
					"max": 373
				},
				"2024-08-11": {
					"avg": 335,
					"count": 2,
					"min": 294,
					"max": 376
				},
				"2024-08-12": {
					"avg": 354,
					"count": 1,
					"min": 354,
					"max": 354
				},
				"2024-08-13": {
					"avg": 326,
					"count": 2,
					"min": 255,
					"max": 397
				},
				"2024-08-14": {
					"avg": 336,
					"count": 1,
					"min": 336,
					"max": 336
				},
				"2024-08-15": {
					"avg": 435,
					"count": 2,
					"min": 293,
					"max": 577
				},
				"2024-08-16": {
					"avg": 401,
					"count": 2,
					"min": 369,
					"max": 432
				},
				"2024-08-17": {
					"avg": 271,
					"count": 1,
					"min": 271,
					"max": 271
				},
				"2024-08-20": {
					"avg": 534,
					"count": 10,
					"min": 494,
					"max": 693
				},
				"2024-08-21": {
					"avg": 502,
					"count": 1,
					"min": 502,
					"max": 502
				},
				"2024-08-23": {
					"avg": 548,
					"count": 2,
					"min": 327,
					"max": 769
				},
				"2024-08-24": {
					"avg": 359,
					"count": 3,
					"min": 270,
					"max": 407
				},
				"2024-08-27": {
					"avg": 935,
					"count": 2,
					"min": 375,
					"max": 1494
				},
				"2024-08-30": {
					"avg": 373,
					"count": 12,
					"min": 278,
					"max": 413
				},
				"2024-08-31": {
					"avg": 306,
					"count": 2,
					"min": 306,
					"max": 306
				},
				"2024-09-01": {
					"avg": 899,
					"count": 1,
					"min": 899,
					"max": 899
				},
				"2024-09-02": {
					"avg": 362,
					"count": 4,
					"min": 324,
					"max": 375
				},
				"2024-09-05": {
					"avg": 562,
					"count": 4,
					"min": 378,
					"max": 1006
				},
				"2024-09-06": {
					"avg": 513,
					"count": 2,
					"min": 494,
					"max": 532
				},
				"2024-09-09": {
					"avg": 578,
					"count": 2,
					"min": 578,
					"max": 578
				},
				"2024-09-11": {
					"avg": 463,
					"count": 1,
					"min": 463,
					"max": 463
				},
				"2024-09-12": {
					"avg": 549,
					"count": 3,
					"min": 246,
					"max": 700
				},
				"2024-09-15": {
					"avg": 246,
					"count": 2,
					"min": 246,
					"max": 246
				},
				"2024-09-17": {
					"avg": 399,
					"count": 1,
					"min": 399,
					"max": 399
				},
				"2024-09-18": {
					"avg": 311,
					"count": 2,
					"min": 248,
					"max": 373
				},
				"2024-09-19": {
					"avg": 248,
					"count": 1,
					"min": 248,
					"max": 248
				},
				"2024-09-20": {
					"avg": 348,
					"count": 1,
					"min": 348,
					"max": 348
				},
				"2024-09-21": {
					"avg": 363,
					"count": 1,
					"min": 363,
					"max": 363
				},
				"2024-09-22": {
					"avg": 301,
					"count": 1,
					"min": 301,
					"max": 301
				},
				"2024-09-23": {
					"avg": 713,
					"count": 3,
					"min": 713,
					"max": 713
				}
			},
			"avg": 421,
			"avg7": -1,
			"avg28": -1
		},
		"holo-nearmint": {
			"history": {
				"2024-05-24": {
					"avg": 1149,
					"count": 1,
					"min": 1149,
					"max": 1149
				},
				"2024-05-26": {
					"avg": 1199,
					"count": 2,
					"min": 1098,
					"max": 1300
				},
				"2024-05-29": {
					"avg": 1449,
					"count": 2,
					"min": 1092,
					"max": 1805
				},
				"2024-06-03": {
					"avg": 1089,
					"count": 1,
					"min": 1089,
					"max": 1089
				},
				"2024-06-04": {
					"avg": 1089,
					"count": 1,
					"min": 1089,
					"max": 1089
				},
				"2024-06-05": {
					"avg": 1255,
					"count": 2,
					"min": 1090,
					"max": 1420
				},
				"2024-06-06": {
					"avg": 1133,
					"count": 2,
					"min": 967,
					"max": 1299
				},
				"2024-06-10": {
					"avg": 1015,
					"count": 2,
					"min": 950,
					"max": 1079
				},
				"2024-06-12": {
					"avg": 1090,
					"count": 1,
					"min": 1090,
					"max": 1090
				},
				"2024-06-15": {
					"avg": 1254,
					"count": 2,
					"min": 1216,
					"max": 1291
				},
				"2024-06-17": {
					"avg": 1285,
					"count": 2,
					"min": 1227,
					"max": 1343
				},
				"2024-06-18": {
					"avg": 1299,
					"count": 1,
					"min": 1299,
					"max": 1299
				},
				"2024-06-19": {
					"avg": 1136,
					"count": 2,
					"min": 1100,
					"max": 1172
				},
				"2024-06-20": {
					"avg": 1172,
					"count": 1,
					"min": 1172,
					"max": 1172
				},
				"2024-06-22": {
					"avg": 1048,
					"count": 2,
					"min": 1047,
					"max": 1048
				},
				"2024-06-25": {
					"avg": 1495,
					"count": 1,
					"min": 1495,
					"max": 1495
				},
				"2024-06-26": {
					"avg": 1115,
					"count": 1,
					"min": 1115,
					"max": 1115
				},
				"2024-06-27": {
					"avg": 1287,
					"count": 6,
					"min": 1099,
					"max": 1610
				},
				"2024-06-29": {
					"avg": 1350,
					"count": 1,
					"min": 1350,
					"max": 1350
				},
				"2024-07-01": {
					"avg": 1224,
					"count": 1,
					"min": 1224,
					"max": 1224
				},
				"2024-07-02": {
					"avg": 999,
					"count": 1,
					"min": 999,
					"max": 999
				},
				"2024-07-03": {
					"avg": 1587,
					"count": 1,
					"min": 1587,
					"max": 1587
				},
				"2024-07-04": {
					"avg": 1753,
					"count": 1,
					"min": 1753,
					"max": 1753
				},
				"2024-07-05": {
					"avg": 1224,
					"count": 1,
					"min": 1224,
					"max": 1224
				},
				"2024-07-10": {
					"avg": 1200,
					"count": 1,
					"min": 1200,
					"max": 1200
				},
				"2024-07-11": {
					"avg": 1298,
					"count": 1,
					"min": 1298,
					"max": 1298
				},
				"2024-07-12": {
					"avg": 1200,
					"count": 1,
					"min": 1200,
					"max": 1200
				},
				"2024-07-16": {
					"avg": 1498,
					"count": 3,
					"min": 1200,
					"max": 1669
				},
				"2024-07-19": {
					"avg": 1224,
					"count": 1,
					"min": 1224,
					"max": 1224
				},
				"2024-07-21": {
					"avg": 1336,
					"count": 1,
					"min": 1336,
					"max": 1336
				},
				"2024-07-22": {
					"avg": 1625,
					"count": 1,
					"min": 1625,
					"max": 1625
				},
				"2024-07-24": {
					"avg": 1219,
					"count": 1,
					"min": 1219,
					"max": 1219
				},
				"2024-07-25": {
					"avg": 1186,
					"count": 1,
					"min": 1186,
					"max": 1186
				},
				"2024-07-26": {
					"avg": 1229,
					"count": 1,
					"min": 1229,
					"max": 1229
				},
				"2024-07-28": {
					"avg": 1741,
					"count": 2,
					"min": 1625,
					"max": 1856
				},
				"2024-07-30": {
					"avg": 2250,
					"count": 3,
					"min": 1625,
					"max": 2998
				},
				"2024-08-01": {
					"avg": 1181,
					"count": 1,
					"min": 1181,
					"max": 1181
				},
				"2024-08-02": {
					"avg": 1182,
					"count": 1,
					"min": 1182,
					"max": 1182
				},
				"2024-08-03": {
					"avg": 1134,
					"count": 2,
					"min": 1087,
					"max": 1181
				},
				"2024-08-04": {
					"avg": 1399,
					"count": 1,
					"min": 1399,
					"max": 1399
				},
				"2024-08-05": {
					"avg": 1252,
					"count": 2,
					"min": 1181,
					"max": 1322
				},
				"2024-08-07": {
					"avg": 1369,
					"count": 1,
					"min": 1369,
					"max": 1369
				},
				"2024-08-08": {
					"avg": 2175,
					"count": 1,
					"min": 2175,
					"max": 2175
				},
				"2024-08-09": {
					"avg": 1180,
					"count": 1,
					"min": 1180,
					"max": 1180
				},
				"2024-08-10": {
					"avg": 1180,
					"count": 1,
					"min": 1180,
					"max": 1180
				},
				"2024-08-12": {
					"avg": 1498,
					"count": 1,
					"min": 1498,
					"max": 1498
				},
				"2024-08-15": {
					"avg": 1199,
					"count": 1,
					"min": 1199,
					"max": 1199
				},
				"2024-08-17": {
					"avg": 1199,
					"count": 1,
					"min": 1199,
					"max": 1199
				},
				"2024-08-18": {
					"avg": 1334,
					"count": 2,
					"min": 1169,
					"max": 1498
				},
				"2024-08-20": {
					"avg": 1090,
					"count": 1,
					"min": 1090,
					"max": 1090
				},
				"2024-08-21": {
					"avg": 1181,
					"count": 1,
					"min": 1181,
					"max": 1181
				},
				"2024-08-23": {
					"avg": 1181,
					"count": 1,
					"min": 1181,
					"max": 1181
				},
				"2024-08-25": {
					"avg": 1399,
					"count": 1,
					"min": 1399,
					"max": 1399
				},
				"2024-08-26": {
					"avg": 1145,
					"count": 1,
					"min": 1145,
					"max": 1145
				},
				"2024-08-27": {
					"avg": 1125,
					"count": 2,
					"min": 1125,
					"max": 1125
				},
				"2024-08-29": {
					"avg": 1153,
					"count": 2,
					"min": 1125,
					"max": 1181
				},
				"2024-08-30": {
					"avg": 1099,
					"count": 1,
					"min": 1099,
					"max": 1099
				},
				"2024-08-31": {
					"avg": 1099,
					"count": 1,
					"min": 1099,
					"max": 1099
				},
				"2024-09-01": {
					"avg": 1099,
					"count": 1,
					"min": 1099,
					"max": 1099
				},
				"2024-09-02": {
					"avg": 1099,
					"count": 1,
					"min": 1099,
					"max": 1099
				},
				"2024-09-03": {
					"avg": 1136,
					"count": 2,
					"min": 1125,
					"max": 1147
				},
				"2024-09-04": {
					"avg": 1221,
					"count": 1,
					"min": 1221,
					"max": 1221
				},
				"2024-09-10": {
					"avg": 1275,
					"count": 1,
					"min": 1275,
					"max": 1275
				},
				"2024-09-11": {
					"avg": 1273,
					"count": 1,
					"min": 1273,
					"max": 1273
				},
				"2024-09-13": {
					"avg": 1208,
					"count": 1,
					"min": 1208,
					"max": 1208
				},
				"2024-09-14": {
					"avg": 1399,
					"count": 1,
					"min": 1399,
					"max": 1399
				},
				"2024-09-15": {
					"avg": 1225,
					"count": 1,
					"min": 1225,
					"max": 1225
				},
				"2024-09-16": {
					"avg": 1269,
					"count": 1,
					"min": 1269,
					"max": 1269
				},
				"2024-09-18": {
					"avg": 1429,
					"count": 1,
					"min": 1429,
					"max": 1429
				},
				"2024-09-19": {
					"avg": 1408,
					"count": 1,
					"min": 1408,
					"max": 1408
				},
				"2024-09-21": {
					"avg": 1418,
					"count": 1,
					"min": 1418,
					"max": 1418
				},
				"2024-09-22": {
					"avg": 1399,
					"count": 1,
					"min": 1399,
					"max": 1399
				}
			},
			"avg": 1298,
			"avg7": -1,
			"avg28": -1
		},
		"holo-poor": {
			"history": {
				"2024-05-24": {
					"avg": 300,
					"count": 1,
					"min": 300,
					"max": 300
				},
				"2024-05-26": {
					"avg": 419,
					"count": 1,
					"min": 419,
					"max": 419
				},
				"2024-05-31": {
					"avg": 275,
					"count": 11,
					"min": 275,
					"max": 275
				},
				"2024-06-01": {
					"avg": 276,
					"count": 1,
					"min": 276,
					"max": 276
				},
				"2024-06-06": {
					"avg": 339,
					"count": 4,
					"min": 301,
					"max": 368
				},
				"2024-06-07": {
					"avg": 195,
					"count": 1,
					"min": 195,
					"max": 195
				},
				"2024-06-08": {
					"avg": 369,
					"count": 1,
					"min": 369,
					"max": 369
				},
				"2024-06-12": {
					"avg": 277,
					"count": 1,
					"min": 277,
					"max": 277
				},
				"2024-06-15": {
					"avg": 419,
					"count": 2,
					"min": 417,
					"max": 421
				},
				"2024-06-19": {
					"avg": 370,
					"count": 1,
					"min": 370,
					"max": 370
				},
				"2024-06-20": {
					"avg": 295,
					"count": 1,
					"min": 295,
					"max": 295
				},
				"2024-06-21": {
					"avg": 347,
					"count": 1,
					"min": 347,
					"max": 347
				},
				"2024-06-22": {
					"avg": 423,
					"count": 1,
					"min": 423,
					"max": 423
				},
				"2024-06-23": {
					"avg": 290,
					"count": 2,
					"min": 277,
					"max": 302
				},
				"2024-06-24": {
					"avg": 195,
					"count": 1,
					"min": 195,
					"max": 195
				},
				"2024-06-25": {
					"avg": 383,
					"count": 3,
					"min": 372,
					"max": 400
				},
				"2024-06-27": {
					"avg": 327,
					"count": 3,
					"min": 298,
					"max": 385
				},
				"2024-06-28": {
					"avg": 270,
					"count": 1,
					"min": 270,
					"max": 270
				},
				"2024-06-29": {
					"avg": 498,
					"count": 1,
					"min": 498,
					"max": 498
				},
				"2024-06-30": {
					"avg": 314,
					"count": 2,
					"min": 249,
					"max": 378
				},
				"2024-07-01": {
					"avg": 593,
					"count": 2,
					"min": 249,
					"max": 936
				},
				"2024-07-03": {
					"avg": 311,
					"count": 2,
					"min": 225,
					"max": 397
				},
				"2024-07-04": {
					"avg": 417,
					"count": 1,
					"min": 417,
					"max": 417
				},
				"2024-07-07": {
					"avg": 642,
					"count": 2,
					"min": 347,
					"max": 936
				},
				"2024-07-08": {
					"avg": 350,
					"count": 1,
					"min": 350,
					"max": 350
				},
				"2024-07-09": {
					"avg": 391,
					"count": 5,
					"min": 324,
					"max": 422
				},
				"2024-07-13": {
					"avg": 222,
					"count": 1,
					"min": 222,
					"max": 222
				},
				"2024-07-14": {
					"avg": 419,
					"count": 1,
					"min": 419,
					"max": 419
				},
				"2024-07-16": {
					"avg": 326,
					"count": 2,
					"min": 298,
					"max": 354
				},
				"2024-07-18": {
					"avg": 244,
					"count": 6,
					"min": 200,
					"max": 289
				},
				"2024-07-22": {
					"avg": 276,
					"count": 1,
					"min": 276,
					"max": 276
				},
				"2024-07-23": {
					"avg": 348,
					"count": 8,
					"min": 195,
					"max": 429
				},
				"2024-07-26": {
					"avg": 419,
					"count": 5,
					"min": 419,
					"max": 419
				},
				"2024-07-28": {
					"avg": 277,
					"count": 1,
					"min": 277,
					"max": 277
				},
				"2024-07-31": {
					"avg": 280,
					"count": 1,
					"min": 280,
					"max": 280
				},
				"2024-08-01": {
					"avg": 398,
					"count": 1,
					"min": 398,
					"max": 398
				},
				"2024-08-03": {
					"avg": 299,
					"count": 1,
					"min": 299,
					"max": 299
				},
				"2024-08-05": {
					"avg": 293,
					"count": 3,
					"min": 200,
					"max": 414
				},
				"2024-08-08": {
					"avg": 344,
					"count": 3,
					"min": 299,
					"max": 373
				},
				"2024-08-10": {
					"avg": 277,
					"count": 1,
					"min": 277,
					"max": 277
				},
				"2024-08-13": {
					"avg": 248,
					"count": 1,
					"min": 248,
					"max": 248
				},
				"2024-08-15": {
					"avg": 198,
					"count": 1,
					"min": 198,
					"max": 198
				},
				"2024-08-16": {
					"avg": 370,
					"count": 5,
					"min": 341,
					"max": 408
				},
				"2024-08-18": {
					"avg": 254,
					"count": 1,
					"min": 254,
					"max": 254
				},
				"2024-08-20": {
					"avg": 733,
					"count": 1,
					"min": 733,
					"max": 733
				},
				"2024-08-21": {
					"avg": 381,
					"count": 1,
					"min": 381,
					"max": 381
				},
				"2024-08-23": {
					"avg": 351,
					"count": 6,
					"min": 322,
					"max": 388
				},
				"2024-08-25": {
					"avg": 458,
					"count": 2,
					"min": 458,
					"max": 458
				},
				"2024-08-28": {
					"avg": 249,
					"count": 2,
					"min": 247,
					"max": 250
				},
				"2024-08-29": {
					"avg": 587,
					"count": 1,
					"min": 587,
					"max": 587
				},
				"2024-08-30": {
					"avg": 497,
					"count": 3,
					"min": 374,
					"max": 743
				},
				"2024-08-31": {
					"avg": 250,
					"count": 1,
					"min": 250,
					"max": 250
				},
				"2024-09-01": {
					"avg": 229,
					"count": 1,
					"min": 229,
					"max": 229
				},
				"2024-09-02": {
					"avg": 287,
					"count": 2,
					"min": 235,
					"max": 339
				},
				"2024-09-03": {
					"avg": 331,
					"count": 5,
					"min": 264,
					"max": 369
				},
				"2024-09-05": {
					"avg": 379,
					"count": 6,
					"min": 346,
					"max": 500
				},
				"2024-09-07": {
					"avg": 350,
					"count": 26,
					"min": 350,
					"max": 350
				},
				"2024-09-08": {
					"avg": 570,
					"count": 2,
					"min": 235,
					"max": 905
				},
				"2024-09-11": {
					"avg": 347,
					"count": 20,
					"min": 299,
					"max": 350
				},
				"2024-09-12": {
					"avg": 269,
					"count": 4,
					"min": 200,
					"max": 347
				},
				"2024-09-13": {
					"avg": 350,
					"count": 1,
					"min": 350,
					"max": 350
				},
				"2024-09-15": {
					"avg": 306,
					"count": 4,
					"min": 224,
					"max": 398
				},
				"2024-09-16": {
					"avg": 351,
					"count": 1,
					"min": 351,
					"max": 351
				},
				"2024-09-17": {
					"avg": 372,
					"count": 1,
					"min": 372,
					"max": 372
				},
				"2024-09-20": {
					"avg": 311,
					"count": 3,
					"min": 230,
					"max": 352
				},
				"2024-09-22": {
					"avg": 371,
					"count": 1,
					"min": 371,
					"max": 371
				}
			},
			"avg": 348,
			"avg7": -1,
			"avg28": -1
		}
	}
}