{
	"data": {
		"normal-good": {
			"history": {
				"2022-11-13": {
					"avg": 57,
					"count": 4
				},
				"2022-11-14": {
					"avg": 31,
					"count": 11
				},
				"2022-11-15": {
					"avg": 82,
					"count": 3
				},
				"2022-11-16": {
					"avg": 73,
					"count": 12
				},
				"2022-11-17": {
					"avg": 26,
					"count": 3
				},
				"2022-11-18": {
					"avg": 24,
					"count": 1
				},
				"2022-11-19": {
					"avg": 100,
					"count": 6,
					"min": 24,
					"max": 478
				},
				"2022-11-20": {
					"avg": 290,
					"count": 8,
					"min": 24,
					"max": 534
				},
				"2022-11-21": {
					"avg": 73,
					"count": 1,
					"min": 73,
					"max": 73
				},
				"2022-11-22": {
					"avg": 25,
					"count": 1,
					"min": 25,
					"max": 25
				},
				"2022-11-23": {
					"avg": 67,
					"count": 2,
					"min": 24,
					"max": 110
				},
				"2022-11-25": {
					"avg": 43,
					"count": 9,
					"min": 9,
					"max": 106
				},
				"2022-11-26": {
					"avg": 20,
					"count": 1,
					"min": 20,
					"max": 20
				},
				"2022-11-27": {
					"avg": 106,
					"count": 1,
					"min": 106,
					"max": 106
				},
				"2022-11-28": {
					"avg": 72,
					"count": 5,
					"min": 18,
					"max": 110
				},
				"2022-11-29": {
					"avg": 37,
					"count": 4,
					"min": 9,
					"max": 110
				},
				"2022-11-30": {
					"avg": 23,
					"count": 1,
					"min": 23,
					"max": 23
				},
				"2022-12-01": {
					"avg": 20,
					"count": 4,
					"min": 20,
					"max": 20
				},
				"2022-12-02": {
					"avg": 55,
					"count": 13,
					"min": 18,
					"max": 120
				},
				"2022-12-03": {
					"avg": 57,
					"count": 7,
					"min": 20,
					"max": 106
				},
				"2022-12-04": {
					"avg": 122,
					"count": 5,
					"min": 106,
					"max": 128
				},
				"2022-12-05": {
					"avg": 110,
					"count": 2,
					"min": 110,
					"max": 110
				},
				"2022-12-06": {
					"avg": 115,
					"count": 1,
					"min": 115,
					"max": 115
				},
				"2022-12-07": {
					"avg": 86,
					"count": 9,
					"min": 22,
					"max": 119
				},
				"2022-12-09": {
					"avg": 23,
					"count": 1,
					"min": 23,
					"max": 23
				},
				"2022-12-10": {
					"avg": 67,
					"count": 4,
					"min": 18,
					"max": 114
				},
				"2022-12-11": {
					"avg": 23,
					"count": 1,
					"min": 23,
					"max": 23
				},
				"2022-12-12": {
					"avg": 105,
					"count": 2,
					"min": 105,
					"max": 105
				},
				"2022-12-13": {
					"avg": 65,
					"count": 2,
					"min": 23,
					"max": 106
				},
				"2022-12-14": {
					"avg": 118,
					"count": 17,
					"min": 105,
					"max": 123
				},
				"2022-12-15": {
					"avg": 49,
					"count": 1,
					"min": 49,
					"max": 49
				},
				"2022-12-16": {
					"avg": 91,
					"count": 6,
					"min": 27,
					"max": 139
				},
				"2022-12-17": {
					"avg": 39,
					"count": 7,
					"min": 22,
					"max": 128
				},
				"2022-12-18": {
					"avg": 102,
					"count": 16,
					"min": 25,
					"max": 154
				},
				"2022-12-19": {
					"avg": 37,
					"count": 32,
					"min": 33,
					"max": 105
				},
				"2022-12-20": {
					"avg": 109,
					"count": 12,
					"min": 104,
					"max": 155
				},
				"2022-12-21": {
					"avg": 10,
					"count": 1,
					"min": 10,
					"max": 10
				},
				"2022-12-22": {
					"avg": 124,
					"count": 3,
					"min": 25,
					"max": 227
				},
				"2022-12-23": {
					"avg": 49,
					"count": 1,
					"min": 49,
					"max": 49
				},
				"2022-12-24": {
					"avg": 68,
					"count": 2,
					"min": 25,
					"max": 110
				},
				"2022-12-25": {
					"avg": 49,
					"count": 1,
					"min": 49,
					"max": 49
				},
				"2022-12-26": {
					"avg": 35,
					"count": 1,
					"min": 35,
					"max": 35
				},
				"2022-12-27": {
					"avg": 258,
					"count": 3,
					"min": 118,
					"max": 532
				},
				"2022-12-28": {
					"avg": 96,
					"count": 12,
					"min": 85,
					"max": 138
				},
				"2022-12-29": {
					"avg": 20,
					"count": 1,
					"min": 20,
					"max": 20
				},
				"2022-12-30": {
					"avg": 82,
					"count": 2,
					"min": 50,
					"max": 113
				},
				"2022-12-31": {
					"avg": 310,
					"count": 6,
					"min": 113,
					"max": 408
				},
				"2023-01-01": {
					"avg": 689,
					"count": 13,
					"min": 49,
					"max": 1636
				},
				"2023-01-02": {
					"avg": 72,
					"count": 7,
					"min": 20,
					"max": 191
				},
				"2023-01-03": {
					"avg": 58,
					"count": 3,
					"min": 15,
					"max": 110
				},
				"2023-01-05": {
					"avg": 116,
					"count": 4,
					"min": 25,
					"max": 223
				},
				"2023-01-06": {
					"avg": 106,
					"count": 11,
					"min": 25,
					"max": 124
				},
				"2023-01-07": {
					"avg": 24,
					"count": 4,
					"min": 20,
					"max": 34
				},
				"2023-01-09": {
					"avg": 111,
					"count": 11,
					"min": 110,
					"max": 123
				},
				"2023-01-10": {
					"avg": 89,
					"count": 8,
					"min": 89,
					"max": 89
				},
				"2023-01-12": {
					"avg": 144,
					"count": 2,
					"min": 139,
					"max": 148
				},
				"2023-02-07": {
					"avg": 108,
					"count": 3,
					"min": 25,
					"max": 149
				},
				"2023-02-08": {
					"avg": 186,
					"count": 2,
					"min": 23,
					"max": 349
				},
				"2023-02-09": {
					"avg": 32,
					"count": 2,
					"min": 17,
					"max": 47
				},
				"2023-02-11": {
					"avg": 119,
					"count": 6,
					"min": 119,
					"max": 119
				},
				"2023-02-12": {
					"avg": 35,
					"count": 2,
					"min": 30,
					"max": 40
				},
				"2023-02-13": {
					"avg": 49,
					"count": 1,
					"min": 49,
					"max": 49
				},
				"2023-02-14": {
					"avg": 75,
					"count": 2,
					"min": 25,
					"max": 124
				},
				"2023-02-15": {
					"avg": 123,
					"count": 2,
					"min": 123,
					"max": 123
				},
				"2023-02-16": {
					"avg": 33,
					"count": 2,
					"min": 33,
					"max": 33
				},
				"2023-02-17": {
					"avg": 181,
					"count": 3,
					"min": 121,
					"max": 299
				},
				"2023-02-18": {
					"avg": 75,
					"count": 2,
					"min": 26,
					"max": 124
				},
				"2023-02-19": {
					"avg": 114,
					"count": 1,
					"min": 114,
					"max": 114
				},
				"2023-02-20": {
					"avg": 117,
					"count": 8,
					"min": 113,
					"max": 119
				},
				"2023-02-21": {
					"avg": 104,
					"count": 6,
					"min": 10,
					"max": 175
				},
				"2023-02-22": {
					"avg": 40,
					"count": 3,
					"min": 10,
					"max": 100
				},
				"2023-02-23": {
					"avg": 70,
					"count": 6,
					"min": 15,
					"max": 123
				},
				"2023-02-24": {
					"avg": 139,
					"count": 35,
					"min": 33,
					"max": 247
				},
				"2023-02-25": {
					"avg": 29,
					"count": 1,
					"min": 29,
					"max": 29
				},
				"2023-02-26": {
					"avg": 185,
					"count": 11,
					"min": 15,
					"max": 444
				},
				"2023-02-27": {
					"avg": 44,
					"count": 9,
					"min": 15,
					"max": 122
				},
				"2023-02-28": {
					"avg": 134,
					"count": 4,
					"min": 10,
					"max": 349
				},
				"2023-03-01": {
					"avg": 50,
					"count": 1,
					"min": 50,
					"max": 50
				},
				"2023-03-02": {
					"avg": 98,
					"count": 5,
					"min": 15,
					"max": 145
				},
				"2023-03-03": {
					"avg": 111,
					"count": 25,
					"min": 20,
					"max": 141
				},
				"2023-03-04": {
					"avg": 69,
					"count": 7,
					"min": 22,
					"max": 147
				},
				"2023-03-05": {
					"avg": 53,
					"count": 3,
					"min": 21,
					"max": 116
				},
				"2023-03-06": {
					"avg": 49,
					"count": 3,
					"min": 49,
					"max": 49
				},
				"2023-03-07": {
					"avg": 35,
					"count": 8,
					"min": 15,
					"max": 121
				},
				"2023-03-08": {
					"avg": 44,
					"count": 1,
					"min": 44,
					"max": 44
				},
				"2023-03-09": {
					"avg": 119,
					"count": 4,
					"min": 119,
					"max": 119
				},
				"2023-03-10": {
					"avg": 97,
					"count": 3,
					"min": 25,
					"max": 144
				},
				"2023-03-12": {
					"avg": 91,
					"count": 4,
					"min": 37,
					"max": 138
				},
				"2023-03-13": {
					"avg": 65,
					"count": 16,
					"min": 22,
					"max": 124
				},
				"2023-03-14": {
					"avg": 63,
					"count": 7,
					"min": 22,
					"max": 191
				},
				"2023-03-15": {
					"avg": 169,
					"count": 7,
					"min": 8,
					"max": 528
				},
				"2023-03-16": {
					"avg": 138,
					"count": 1,
					"min": 138,
					"max": 138
				},
				"2023-03-17": {
					"avg": 113,
					"count": 5,
					"min": 24,
					"max": 171
				},
				"2023-03-18": {
					"avg": 140,
					"count": 1,
					"min": 140,
					"max": 140
				},
				"2023-03-19": {
					"avg": 375,
					"count": 4,
					"min": 364,
					"max": 378
				},
				"2023-03-20": {
					"avg": 322,
					"count": 8,
					"min": 16,
					"max": 1684
				},
				"2023-03-21": {
					"avg": 142,
					"count": 1,
					"min": 142,
					"max": 142
				},
				"2023-03-22": {
					"avg": 328,
					"count": 53,
					"min": 328,
					"max": 328
				},
				"2023-03-23": {
					"avg": 88,
					"count": 3,
					"min": 24,
					"max": 121
				},
				"2023-03-24": {
					"avg": 205,
					"count": 4,
					"min": 17,
					"max": 523
				},
				"2023-03-25": {
					"avg": 208,
					"count": 3,
					"min": 25,
					"max": 549
				},
				"2023-03-26": {
					"avg": 120,
					"count": 3,
					"min": 119,
					"max": 123
				},
				"2023-03-27": {
					"avg": 50,
					"count": 16,
					"min": 20,
					"max": 123
				},
				"2023-03-28": {
					"avg": 104,
					"count": 3,
					"min": 20,
					"max": 148
				},
				"2023-03-29": {
					"avg": 68,
					"count": 2,
					"min": 17,
					"max": 119
				},
				"2023-03-31": {
					"avg": 44,
					"count": 1,
					"min": 44,
					"max": 44
				},
				"2023-04-01": {
					"avg": 46,
					"count": 5,
					"min": 25,
					"max": 121
				},
				"2023-04-02": {
					"avg": 158,
					"count": 9,
					"min": 26,
					"max": 174
				},
				"2023-04-03": {
					"avg": 244,
					"count": 2,
					"min": 89,
					"max": 399
				},
				"2023-04-04": {
					"avg": 124,
					"count": 1,
					"min": 124,
					"max": 124
				},
				"2023-04-05": {
					"avg": 164,
					"count": 5,
					"min": 49,
					"max": 399
				},
				"2023-04-06": {
					"avg": 47,
					"count": 1,
					"min": 47,
					"max": 47
				},
				"2023-04-07": {
					"avg": 60,
					"count": 3,
					"min": 26,
					"max": 111
				},
				"2023-04-08": {
					"avg": 134,
					"count": 1,
					"min": 134,
					"max": 134
				},
				"2023-04-09": {
					"avg": 32,
					"count": 4,
					"min": 20,
					"max": 39
				},
				"2023-04-10": {
					"avg": 264,
					"count": 2,
					"min": 129,
					"max": 399
				},
				"2023-04-11": {
					"avg": 31,
					"count": 3,
					"min": 27,
					"max": 39
				},
				"2023-04-13": {
					"avg": 49,
					"count": 4,
					"min": 26,
					"max": 119
				},
				"2023-04-14": {
					"avg": 52,
					"count": 4,
					"min": 23,
					"max": 138
				},
				"2023-04-15": {
					"avg": 24,
					"count": 10,
					"min": 10,
					"max": 110
				},
				"2023-04-16": {
					"avg": 336,
					"count": 2,
					"min": 121,
					"max": 551
				},
				"2023-04-17": {
					"avg": 20,
					"count": 2,
					"min": 20,
					"max": 20
				},
				"2023-04-18": {
					"avg": 118,
					"count": 7,
					"min": 20,
					"max": 524
				},
				"2023-04-19": {
					"avg": 143,
					"count": 1,
					"min": 143,
					"max": 143
				},
				"2023-04-20": {
					"avg": 43,
					"count": 6,
					"min": 11,
					"max": 107
				},
				"2023-04-22": {
					"avg": 99,
					"count": 10,
					"min": 25,
					"max": 535
				},
				"2023-04-23": {
					"avg": 89,
					"count": 1,
					"min": 89,
					"max": 89
				},
				"2023-04-25": {
					"avg": 50,
					"count": 1,
					"min": 50,
					"max": 50
				},
				"2023-04-26": {
					"avg": 39,
					"count": 4,
					"min": 39,
					"max": 39
				},
				"2023-04-27": {
					"avg": 204,
					"count": 14,
					"min": 41,
					"max": 444
				},
				"2023-04-28": {
					"avg": 86,
					"count": 3,
					"min": 37,
					"max": 110
				},
				"2023-04-29": {
					"avg": 149,
					"count": 1,
					"min": 149,
					"max": 149
				},
				"2023-04-30": {
					"avg": 89,
					"count": 12,
					"min": 89,
					"max": 89
				},
				"2023-05-01": {
					"avg": 21,
					"count": 5,
					"min": 15,
					"max": 27
				},
				"2023-05-02": {
					"avg": 69,
					"count": 4,
					"min": 12,
					"max": 138
				},
				"2023-05-03": {
					"avg": 15,
					"count": 1,
					"min": 15,
					"max": 15
				},
				"2023-05-05": {
					"avg": 50,
					"count": 1,
					"min": 50,
					"max": 50
				},
				"2023-05-06": {
					"avg": 213,
					"count": 11,
					"min": 24,
					"max": 399
				},
				"2023-05-07": {
					"avg": 18,
					"count": 12,
					"min": 18,
					"max": 21
				},
				"2023-05-08": {
					"avg": 144,
					"count": 1,
					"min": 144,
					"max": 144
				},
				"2023-05-09": {
					"avg": 73,
					"count": 2,
					"min": 11,
					"max": 134
				},
				"2023-05-10": {
					"avg": 143,
					"count": 1,
					"min": 143,
					"max": 143
				},
				"2023-05-11": {
					"avg": 141,
					"count": 4,
					"min": 123,
					"max": 148
				},
				"2023-05-12": {
					"avg": 55,
					"count": 6,
					"min": 25,
					"max": 114
				},
				"2023-05-13": {
					"avg": 82,
					"count": 4,
					"min": 25,
					"max": 139
				},
				"2023-05-15": {
					"avg": 72,
					"count": 2,
					"min": 20,
					"max": 124
				},
				"2023-05-16": {
					"avg": 124,
					"count": 1,
					"min": 124,
					"max": 124
				},
				"2023-05-17": {
					"avg": 112,
					"count": 4,
					"min": 25,
					"max": 158
				},
				"2023-05-18": {
					"avg": 114,
					"count": 4,
					"min": 44,
					"max": 144
				},
				"2023-05-19": {
					"avg": 139,
					"count": 1,
					"min": 139,
					"max": 139
				},
				"2023-05-20": {
					"avg": 35,
					"count": 11,
					"min": 25,
					"max": 139
				},
				"2023-05-21": {
					"avg": 154,
					"count": 8,
					"min": 154,
					"max": 154
				},
				"2023-05-22": {
					"avg": 948,
					"count": 1,
					"min": 948,
					"max": 948
				},
				"2023-05-23": {
					"avg": 96,
					"count": 5,
					"min": 15,
					"max": 134
				},
				"2023-05-24": {
					"avg": 35,
					"count": 1,
					"min": 35,
					"max": 35
				},
				"2023-05-25": {
					"avg": 124,
					"count": 1,
					"min": 124,
					"max": 124
				},
				"2023-05-26": {
					"avg": 158,
					"count": 1,
					"min": 158,
					"max": 158
				},
				"2023-05-28": {
					"avg": 25,
					"count": 6,
					"min": 25,
					"max": 25
				},
				"2023-05-29": {
					"avg": 73,
					"count": 3,
					"min": 26,
					"max": 145
				},
				"2023-05-30": {
					"avg": 83,
					"count": 2,
					"min": 42,
					"max": 124
				},
				"2023-05-31": {
					"avg": 63,
					"count": 3,
					"min": 25,
					"max": 138
				},
				"2023-06-01": {
					"avg": 141,
					"count": 25,
					"min": 25,
					"max": 424
				},
				"2023-06-03": {
					"avg": 132,
					"count": 1,
					"min": 132,
					"max": 132
				},
				"2023-06-04": {
					"avg": 85,
					"count": 9,
					"min": 42,
					"max": 429
				},
				"2023-06-05": {
					"avg": 76,
					"count": 1,
					"min": 76,
					"max": 76
				},
				"2023-06-06": {
					"avg": 24,
					"count": 13,
					"min": 24,
					"max": 26
				},
				"2023-06-08": {
					"avg": 25,
					"count": 1,
					"min": 25,
					"max": 25
				},
				"2023-06-09": {
					"avg": 30,
					"count": 1,
					"min": 30,
					"max": 30
				},
				"2023-06-10": {
					"avg": 277,
					"count": 2,
					"min": 124,
					"max": 429
				},
				"2023-06-11": {
					"avg": 110,
					"count": 6,
					"min": 110,
					"max": 110
				},
				"2023-06-12": {
					"avg": 183,
					"count": 3,
					"min": 67,
					"max": 416
				},
				"2023-06-15": {
					"avg": 19,
					"count": 3,
					"min": 16,
					"max": 24
				},
				"2023-06-16": {
					"avg": 123,
					"count": 5,
					"min": 114,
					"max": 142
				},
				"2023-06-17": {
					"avg": 72,
					"count": 11,
					"min": 16,
					"max": 126
				},
				"2023-06-18": {
					"avg": 143,
					"count": 157,
					"min": 24,
					"max": 154
				},
				"2023-06-19": {
					"avg": 154,
					"count": 9,
					"min": 119,
					"max": 221
				},
				"2023-06-20": {
					"avg": 104,
					"count": 4,
					"min": 21,
					"max": 145
				},
				"2023-06-21": {
					"avg": 33,
					"count": 5,
					"min": 20,
					"max": 52
				},
				"2023-06-22": {
					"avg": 285,
					"count": 2,
					"min": 170,
					"max": 399
				},
				"2023-06-23": {
					"avg": 437,
					"count": 1,
					"min": 437,
					"max": 437
				},
				"2023-06-24": {
					"avg": 86,
					"count": 6,
					"min": 37,
					"max": 148
				},
				"2023-06-25": {
					"avg": 117,
					"count": 3,
					"min": 117,
					"max": 117
				},
				"2023-06-26": {
					"avg": 101,
					"count": 4,
					"min": 29,
					"max": 139
				},
				"2023-06-27": {
					"avg": 30,
					"count": 1,
					"min": 30,
					"max": 30
				},
				"2023-06-28": {
					"avg": 34,
					"count": 2,
					"min": 30,
					"max": 38
				},
				"2023-06-29": {
					"avg": 63,
					"count": 7,
					"min": 21,
					"max": 137
				},
				"2023-06-30": {
					"avg": 59,
					"count": 3,
					"min": 33,
					"max": 111
				},
				"2023-07-01": {
					"avg": 30,
					"count": 1,
					"min": 30,
					"max": 30
				},
				"2023-07-02": {
					"avg": 77,
					"count": 2,
					"min": 30,
					"max": 124
				},
				"2023-07-03": {
					"avg": 25,
					"count": 1,
					"min": 25,
					"max": 25
				},
				"2023-07-04": {
					"avg": 62,
					"count": 2,
					"min": 21,
					"max": 103
				},
				"2023-07-05": {
					"avg": 87,
					"count": 11,
					"min": 30,
					"max": 124
				},
				"2023-07-06": {
					"avg": 62,
					"count": 4,
					"min": 30,
					"max": 73
				},
				"2023-07-07": {
					"avg": 145,
					"count": 8,
					"min": 39,
					"max": 435
				},
				"2023-07-08": {
					"avg": 84,
					"count": 9,
					"min": 20,
					"max": 140
				},
				"2023-07-09": {
					"avg": 66,
					"count": 5,
					"min": 38,
					"max": 122
				},
				"2023-07-10": {
					"avg": 106,
					"count": 4,
					"min": 67,
					"max": 125
				},
				"2023-07-11": {
					"avg": 27,
					"count": 7,
					"min": 25,
					"max": 30
				},
				"2023-07-12": {
					"avg": 30,
					"count": 6,
					"min": 25,
					"max": 36
				},
				"2023-07-14": {
					"avg": 129,
					"count": 4,
					"min": 117,
					"max": 150
				},
				"2023-07-15": {
					"avg": 83,
					"count": 12,
					"min": 83,
					"max": 83
				},
				"2023-07-16": {
					"avg": 260,
					"count": 10,
					"min": 11,
					"max": 519
				},
				"2023-07-17": {
					"avg": 112,
					"count": 13,
					"min": 27,
					"max": 216
				},
				"2023-07-18": {
					"avg": 37,
					"count": 46,
					"min": 22,
					"max": 399
				},
				"2023-07-19": {
					"avg": 108,
					"count": 4,
					"min": 27,
					"max": 139
				},
				"2023-07-20": {
					"avg": 24,
					"count": 7,
					"min": 22,
					"max": 27
				},
				"2023-07-21": {
					"avg": 55,
					"count": 4,
					"min": 25,
					"max": 132
				},
				"2023-07-22": {
					"avg": 71,
					"count": 8,
					"min": 25,
					"max": 115
				},
				"2023-07-23": {
					"avg": 29,
					"count": 10,
					"min": 18,
					"max": 121
				},
				"2023-07-24": {
					"avg": 115,
					"count": 9,
					"min": 18,
					"max": 378
				},
				"2023-07-25": {
					"avg": 94,
					"count": 12,
					"min": 25,
					"max": 160
				},
				"2023-07-26": {
					"avg": 126,
					"count": 17,
					"min": 119,
					"max": 126
				},
				"2023-07-27": {
					"avg": 31,
					"count": 17,
					"min": 25,
					"max": 122
				},
				"2023-07-29": {
					"avg": 52,
					"count": 4,
					"min": 25,
					"max": 119
				},
				"2023-07-30": {
					"avg": 150,
					"count": 3,
					"min": 25,
					"max": 399
				},
				"2023-07-31": {
					"avg": 31,
					"count": 1,
					"min": 31,
					"max": 31
				},
				"2023-08-01": {
					"avg": 100,
					"count": 6,
					"min": 25,
					"max": 378
				},
				"2023-08-02": {
					"avg": 110,
					"count": 4,
					"min": 67,
					"max": 124
				},
				"2023-08-03": {
					"avg": 102,
					"count": 6,
					"min": 18,
					"max": 399
				},
				"2023-08-04": {
					"avg": 120,
					"count": 7,
					"min": 83,
					"max": 132
				},
				"2023-08-05": {
					"avg": 38,
					"count": 1,
					"min": 38,
					"max": 38
				},
				"2023-08-06": {
					"avg": 378,
					"count": 1,
					"min": 378,
					"max": 378
				},
				"2023-08-07": {
					"avg": 44,
					"count": 6,
					"min": 24,
					"max": 137
				},
				"2023-08-08": {
					"avg": 26,
					"count": 2,
					"min": 20,
					"max": 31
				},
				"2023-08-09": {
					"avg": 23,
					"count": 13,
					"min": 18,
					"max": 50
				},
				"2023-08-10": {
					"avg": 98,
					"count": 22,
					"min": 15,
					"max": 216
				},
				"2023-08-11": {
					"avg": 42,
					"count": 7,
					"min": 24,
					"max": 76
				},
				"2023-08-12": {
					"avg": 24,
					"count": 2,
					"min": 24,
					"max": 24
				},
				"2023-08-13": {
					"avg": 24,
					"count": 1,
					"min": 24,
					"max": 24
				},
				"2023-08-14": {
					"avg": 39,
					"count": 11,
					"min": 24,
					"max": 119
				},
				"2023-08-15": {
					"avg": 29,
					"count": 5,
					"min": 29,
					"max": 29
				},
				"2023-08-16": {
					"avg": 112,
					"count": 3,
					"min": 80,
					"max": 139
				},
				"2023-08-17": {
					"avg": 74,
					"count": 11,
					"min": 18,
					"max": 126
				},
				"2023-08-18": {
					"avg": 215,
					"count": 4,
					"min": 133,
					"max": 399
				},
				"2023-08-19": {
					"avg": 204,
					"count": 2,
					"min": 26,
					"max": 381
				},
				"2023-08-20": {
					"avg": 62,
					"count": 11,
					"min": 23,
					"max": 76
				},
				"2023-08-21": {
					"avg": 132,
					"count": 9,
					"min": 30,
					"max": 399
				},
				"2023-08-22": {
					"avg": 88,
					"count": 9,
					"min": 83,
					"max": 124
				},
				"2023-08-23": {
					"avg": 44,
					"count": 4,
					"min": 20,
					"max": 117
				},
				"2023-08-24": {
					"avg": 127,
					"count": 3,
					"min": 127,
					"max": 127
				},
				"2023-08-25": {
					"avg": 93,
					"count": 3,
					"min": 30,
					"max": 126
				},
				"2023-08-26": {
					"avg": 94,
					"count": 4,
					"min": 36,
					"max": 114
				},
				"2023-08-27": {
					"avg": 107,
					"count": 8,
					"min": 32,
					"max": 138
				},
				"2023-08-28": {
					"avg": 121,
					"count": 1,
					"min": 121,
					"max": 121
				},
				"2023-08-29": {
					"avg": 68,
					"count": 8,
					"min": 12,
					"max": 124
				},
				"2023-08-30": {
					"avg": 28,
					"count": 2,
					"min": 22,
					"max": 35
				},
				"2023-08-31": {
					"avg": 337,
					"count": 5,
					"min": 141,
					"max": 399
				},
				"2023-09-01": {
					"avg": 426,
					"count": 3,
					"min": 17,
					"max": 1037
				},
				"2023-09-02": {
					"avg": 67,
					"count": 6,
					"min": 33,
					"max": 135
				},
				"2023-09-03": {
					"avg": 29,
					"count": 1,
					"min": 29,
					"max": 29
				},
				"2023-09-04": {
					"avg": 64,
					"count": 3,
					"min": 30,
					"max": 121
				},
				"2023-09-05": {
					"avg": 34,
					"count": 10,
					"min": 25,
					"max": 119
				},
				"2023-09-06": {
					"avg": 59,
					"count": 3,
					"min": 25,
					"max": 121
				},
				"2023-09-07": {
					"avg": 119,
					"count": 8,
					"min": 25,
					"max": 756
				},
				"2023-09-08": {
					"avg": 214,
					"count": 4,
					"min": 27,
					"max": 774
				},
				"2023-09-09": {
					"avg": 26,
					"count": 2,
					"min": 25,
					"max": 27
				},
				"2023-09-10": {
					"avg": 117,
					"count": 8,
					"min": 17,
					"max": 509
				},
				"2023-09-11": {
					"avg": 307,
					"count": 9,
					"min": 25,
					"max": 1715
				},
				"2023-09-12": {
					"avg": 43,
					"count": 18,
					"min": 18,
					"max": 138
				},
				"2023-09-13": {
					"avg": 29,
					"count": 1,
					"min": 29,
					"max": 29
				},
				"2023-09-14": {
					"avg": 102,
					"count": 6,
					"min": 26,
					"max": 125
				},
				"2023-09-15": {
					"avg": 111,
					"count": 6,
					"min": 50,
					"max": 124
				},
				"2023-09-16": {
					"avg": 516,
					"count": 5,
					"min": 134,
					"max": 2046
				},
				"2023-09-17": {
					"avg": 78,
					"count": 4,
					"min": 22,
					"max": 132
				},
				"2023-09-19": {
					"avg": 73,
					"count": 4,
					"min": 26,
					"max": 120
				},
				"2023-09-20": {
					"avg": 202,
					"count": 3,
					"min": 26,
					"max": 549
				},
				"2023-09-22": {
					"avg": 61,
					"count": 3,
					"min": 27,
					"max": 124
				},
				"2023-09-24": {
					"avg": 144,
					"count": 13,
					"min": 25,
					"max": 241
				},
				"2023-09-26": {
					"avg": 49,
					"count": 4,
					"min": 26,
					"max": 110
				},
				"2023-09-27": {
					"avg": 60,
					"count": 3,
					"min": 25,
					"max": 123
				},
				"2023-09-28": {
					"avg": 95,
					"count": 6,
					"min": 26,
					"max": 131
				},
				"2023-09-29": {
					"avg": 213,
					"count": 4,
					"min": 111,
					"max": 520
				},
				"2023-09-30": {
					"avg": 1114,
					"count": 16,
					"min": 30,
					"max": 1548
				},
				"2023-10-01": {
					"avg": 128,
					"count": 1,
					"min": 128,
					"max": 128
				},
				"2023-10-02": {
					"avg": 99,
					"count": 3,
					"min": 40,
					"max": 128
				},
				"2023-10-03": {
					"avg": 738,
					"count": 16,
					"min": 113,
					"max": 2037
				},
				"2023-10-04": {
					"avg": 94,
					"count": 8,
					"min": 76,
					"max": 139
				},
				"2023-10-05": {
					"avg": 21,
					"count": 2,
					"min": 21,
					"max": 21
				},
				"2023-10-06": {
					"avg": 107,
					"count": 9,
					"min": 17,
					"max": 191
				},
				"2023-10-07": {
					"avg": 34,
					"count": 11,
					"min": 24,
					"max": 121
				},
				"2023-10-08": {
					"avg": 105,
					"count": 13,
					"min": 20,
					"max": 139
				},
				"2023-10-10": {
					"avg": 94,
					"count": 3,
					"min": 29,
					"max": 131
				},
				"2023-10-11": {
					"avg": 89,
					"count": 5,
					"min": 23,
					"max": 155
				},
				"2023-10-13": {
					"avg": 82,
					"count": 20,
					"min": 23,
					"max": 127
				},
				"2023-10-14": {
					"avg": 74,
					"count": 2,
					"min": 23,
					"max": 124
				},
				"2023-10-15": {
					"avg": 40,
					"count": 1,
					"min": 40,
					"max": 40
				},
				"2023-10-16": {
					"avg": 228,
					"count": 12,
					"min": 27,
					"max": 246
				},
				"2023-10-17": {
					"avg": 133,
					"count": 8,
					"min": 119,
					"max": 149
				},
				"2023-10-18": {
					"avg": 144,
					"count": 6,
					"min": 144,
					"max": 144
				},
				"2023-10-19": {
					"avg": 32,
					"count": 71,
					"min": 25,
					"max": 124
				},
				"2023-10-20": {
					"avg": 212,
					"count": 9,
					"min": 43,
					"max": 233
				},
				"2023-10-21": {
					"avg": 324,
					"count": 5,
					"min": 23,
					"max": 399
				},
				"2023-10-22": {
					"avg": 122,
					"count": 2,
					"min": 106,
					"max": 137
				},
				"2023-10-23": {
					"avg": 24,
					"count": 2,
					"min": 23,
					"max": 25
				},
				"2023-10-24": {
					"avg": 147,
					"count": 1,
					"min": 147,
					"max": 147
				},
				"2023-10-26": {
					"avg": 109,
					"count": 4,
					"min": 26,
					"max": 147
				},
				"2023-10-27": {
					"avg": 367,
					"count": 4,
					"min": 23,
					"max": 523
				},
				"2023-10-28": {
					"avg": 46,
					"count": 1,
					"min": 46,
					"max": 46
				},
				"2023-10-29": {
					"avg": 231,
					"count": 5,
					"min": 33,
					"max": 652
				},
				"2023-10-30": {
					"avg": 123,
					"count": 6,
					"min": 114,
					"max": 137
				},
				"2023-10-31": {
					"avg": 130,
					"count": 2,
					"min": 130,
					"max": 130
				},
				"2023-11-01": {
					"avg": 128,
					"count": 7,
					"min": 119,
					"max": 147
				},
				"2023-11-02": {
					"avg": 23,
					"count": 2,
					"min": 23,
					"max": 23
				},
				"2023-11-03": {
					"avg": 183,
					"count": 8,
					"min": 25,
					"max": 523
				},
				"2023-11-04": {
					"avg": 61,
					"count": 2,
					"min": 23,
					"max": 99
				},
				"2023-11-05": {
					"avg": 378,
					"count": 8,
					"min": 122,
					"max": 529
				},
				"2023-11-06": {
					"avg": 102,
					"count": 6,
					"min": 30,
					"max": 137
				},
				"2023-11-07": {
					"avg": 57,
					"count": 18,
					"min": 25,
					"max": 144
				},
				"2023-11-08": {
					"avg": 125,
					"count": 1,
					"min": 125,
					"max": 125
				},
				"2023-11-09": {
					"avg": 238,
					"count": 1,
					"min": 238,
					"max": 238
				},
				"2023-11-10": {
					"avg": 25,
					"count": 2,
					"min": 25,
					"max": 25
				},
				"2023-11-12": {
					"avg": 125,
					"count": 2,
					"min": 119,
					"max": 131
				},
				"2023-11-13": {
					"avg": 74,
					"count": 8,
					"min": 23,
					"max": 124
				},
				"2023-11-14": {
					"avg": 63,
					"count": 8,
					"min": 23,
					"max": 213
				},
				"2023-11-15": {
					"avg": 523,
					"count": 2,
					"min": 523,
					"max": 523
				},
				"2023-11-16": {
					"avg": 23,
					"count": 3,
					"min": 19,
					"max": 25
				},
				"2023-11-17": {
					"avg": 34,
					"count": 5,
					"min": 22,
					"max": 53
				},
				"2023-11-18": {
					"avg": 42,
					"count": 3,
					"min": 18,
					"max": 85
				},
				"2023-11-19": {
					"avg": 126,
					"count": 7,
					"min": 108,
					"max": 164
				},
				"2023-11-20": {
					"avg": 61,
					"count": 10,
					"min": 23,
					"max": 71
				},
				"2023-11-21": {
					"avg": 139,
					"count": 18,
					"min": 23,
					"max": 523
				},
				"2023-11-22": {
					"avg": 105,
					"count": 6,
					"min": 73,
					"max": 176
				},
				"2023-11-24": {
					"avg": 88,
					"count": 19,
					"min": 18,
					"max": 126
				},
				"2023-11-25": {
					"avg": 109,
					"count": 4,
					"min": 25,
					"max": 156
				},
				"2023-11-26": {
					"avg": 90,
					"count": 7,
					"min": 29,
					"max": 139
				},
				"2023-11-27": {
					"avg": 255,
					"count": 3,
					"min": 63,
					"max": 524
				},
				"2024-05-17": {
					"avg": 122,
					"count": 18,
					"min": 17,
					"max": 270
				},
				"2024-05-18": {
					"avg": 196,
					"count": 3,
					"min": 165,
					"max": 241
				},
				"2024-05-19": {
					"avg": 49,
					"count": 1,
					"min": 49,
					"max": 49
				},
				"2024-05-20": {
					"avg": 374,
					"count": 3,
					"min": 50,
					"max": 1023
				},
				"2024-05-21": {
					"avg": 93,
					"count": 7,
					"min": 25,
					"max": 166
				},
				"2024-05-22": {
					"avg": 112,
					"count": 14,
					"min": 47,
					"max": 139
				},
				"2024-05-23": {
					"avg": 164,
					"count": 4,
					"min": 154,
					"max": 191
				},
				"2024-05-24": {
					"avg": 147,
					"count": 1,
					"min": 147,
					"max": 147
				},
				"2024-05-26": {
					"avg": 524,
					"count": 8,
					"min": 524,
					"max": 524
				},
				"2024-05-27": {
					"avg": 151,
					"count": 2,
					"min": 150,
					"max": 152
				},
				"2024-05-30": {
					"avg": 338,
					"count": 2,
					"min": 130,
					"max": 545
				},
				"2024-05-31": {
					"avg": 105,
					"count": 3,
					"min": 21,
					"max": 147
				},
				"2024-06-02": {
					"avg": 222,
					"count": 1,
					"min": 222,
					"max": 222
				},
				"2024-06-04": {
					"avg": 122,
					"count": 6,
					"min": 121,
					"max": 124
				},
				"2024-06-05": {
					"avg": 173,
					"count": 2,
					"min": 147,
					"max": 199
				},
				"2024-06-07": {
					"avg": 232,
					"count": 1,
					"min": 232,
					"max": 232
				},
				"2024-06-08": {
					"avg": 113,
					"count": 6,
					"min": 25,
					"max": 145
				},
				"2024-06-09": {
					"avg": 147,
					"count": 4,
					"min": 147,
					"max": 147
				},
				"2024-06-12": {
					"avg": 158,
					"count": 3,
					"min": 30,
					"max": 222
				},
				"2024-06-14": {
					"avg": 33,
					"count": 1,
					"min": 33,
					"max": 33
				},
				"2024-06-15": {
					"avg": 46,
					"count": 7,
					"min": 26,
					"max": 152
				},
				"2024-06-16": {
					"avg": 84,
					"count": 2,
					"min": 20,
					"max": 147
				},
				"2024-06-17": {
					"avg": 142,
					"count": 1,
					"min": 142,
					"max": 142
				},
				"2024-06-20": {
					"avg": 742,
					"count": 8,
					"min": 40,
					"max": 1022
				},
				"2024-06-21": {
					"avg": 74,
					"count": 10,
					"min": 37,
					"max": 99
				},
				"2024-06-22": {
					"avg": 138,
					"count": 1,
					"min": 138,
					"max": 138
				},
				"2024-06-23": {
					"avg": 32,
					"count": 1,
					"min": 32,
					"max": 32
				},
				"2024-06-25": {
					"avg": 39,
					"count": 1,
					"min": 39,
					"max": 39
				},
				"2024-06-29": {
					"avg": 123,
					"count": 3,
					"min": 28,
					"max": 170
				},
				"2024-06-30": {
					"avg": 27,
					"count": 31,
					"min": 19,
					"max": 124
				},
				"2024-07-01": {
					"avg": 29,
					"count": 1,
					"min": 29,
					"max": 29
				},
				"2024-07-02": {
					"avg": 114,
					"count": 6,
					"min": 30,
					"max": 192
				},
				"2024-07-04": {
					"avg": 86,
					"count": 15,
					"min": 37,
					"max": 169
				},
				"2024-07-05": {
					"avg": 66,
					"count": 13,
					"min": 43,
					"max": 142
				},
				"2024-07-06": {
					"avg": 153,
					"count": 13,
					"min": 129,
					"max": 169
				},
				"2024-07-07": {
					"avg": 70,
					"count": 14,
					"min": 43,
					"max": 154
				},
				"2024-07-08": {
					"avg": 205,
					"count": 4,
					"min": 119,
					"max": 279
				},
				"2024-07-09": {
					"avg": 119,
					"count": 1,
					"min": 119,
					"max": 119
				},
				"2024-07-10": {
					"avg": 133,
					"count": 1,
					"min": 133,
					"max": 133
				},
				"2024-07-11": {
					"avg": 121,
					"count": 3,
					"min": 44,
					"max": 160
				},
				"2024-07-14": {
					"avg": 133,
					"count": 5,
					"min": 129,
					"max": 147
				},
				"2024-07-15": {
					"avg": 44,
					"count": 6,
					"min": 12,
					"max": 129
				},
				"2024-07-16": {
					"avg": 42,
					"count": 1,
					"min": 42,
					"max": 42
				},
				"2024-07-17": {
					"avg": 413,
					"count": 7,
					"min": 413,
					"max": 413
				},
				"2024-07-18": {
					"avg": 42,
					"count": 1,
					"min": 42,
					"max": 42
				},
				"2024-07-22": {
					"avg": 9,
					"count": 1,
					"min": 9,
					"max": 9
				},
				"2024-07-24": {
					"avg": 128,
					"count": 2,
					"min": 128,
					"max": 128
				},
				"2024-07-26": {
					"avg": 148,
					"count": 6,
					"min": 148,
					"max": 148
				},
				"2024-07-28": {
					"avg": 132,
					"count": 7,
					"min": 27,
					"max": 152
				},
				"2024-07-29": {
					"avg": 30,
					"count": 3,
					"min": 30,
					"max": 30
				},
				"2024-07-30": {
					"avg": 118,
					"count": 4,
					"min": 26,
					"max": 155
				},
				"2024-07-31": {
					"avg": 100,
					"count": 1,
					"min": 100,
					"max": 100
				},
				"2024-08-01": {
					"avg": 596,
					"count": 2,
					"min": 170,
					"max": 1022
				},
				"2024-08-03": {
					"avg": 108,
					"count": 1,
					"min": 108,
					"max": 108
				},
				"2024-08-04": {
					"avg": 120,
					"count": 3,
					"min": 99,
					"max": 152
				},
				"2024-08-05": {
					"avg": 214,
					"count": 1,
					"min": 214,
					"max": 214
				},
				"2024-08-07": {
					"avg": 131,
					"count": 1,
					"min": 131,
					"max": 131
				},
				"2024-08-09": {
					"avg": 146,
					"count": 7,
					"min": 142,
					"max": 152
				},
				"2024-08-10": {
					"avg": 123,
					"count": 4,
					"min": 26,
					"max": 155
				},
				"2024-08-12": {
					"avg": 159,
					"count": 5,
					"min": 136,
					"max": 193
				},
				"2024-08-14": {
					"avg": 273,
					"count": 3,
					"min": 142,
					"max": 522
				},
				"2024-08-16": {
					"avg": 183,
					"count": 2,
					"min": 156,
					"max": 209
				},
				"2024-08-17": {
					"avg": 152,
					"count": 4,
					"min": 152,
					"max": 152
				},
				"2024-08-18": {
					"avg": 149,
					"count": 1,
					"min": 149,
					"max": 149
				},
				"2024-08-19": {
					"avg": 28,
					"count": 1,
					"min": 28,
					"max": 28
				},
				"2024-08-20": {
					"avg": 131,
					"count": 3,
					"min": 131,
					"max": 131
				},
				"2024-08-23": {
					"avg": 147,
					"count": 4,
					"min": 147,
					"max": 147
				},
				"2024-08-24": {
					"avg": 145,
					"count": 3,
					"min": 142,
					"max": 151
				},
				"2024-08-28": {
					"avg": 205,
					"count": 4,
					"min": 177,
					"max": 214
				},
				"2024-08-29": {
					"avg": 25,
					"count": 3,
					"min": 25,
					"max": 25
				},
				"2024-08-30": {
					"avg": 25,
					"count": 1,
					"min": 25,
					"max": 25
				},
				"2024-08-31": {
					"avg": 85,
					"count": 2,
					"min": 25,
					"max": 145
				},
				"2024-09-01": {
					"avg": 27,
					"count": 1,
					"min": 27,
					"max": 27
				},
				"2024-09-02": {
					"avg": 31,
					"count": 4,
					"min": 25,
					"max": 50
				},
				"2024-09-03": {
					"avg": 25,
					"count": 1,
					"min": 25,
					"max": 25
				},
				"2024-09-04": {
					"avg": 32,
					"count": 1,
					"min": 32,
					"max": 32
				},
				"2024-09-06": {
					"avg": 237,
					"count": 3,
					"min": 9,
					"max": 564
				},
				"2024-09-08": {
					"avg": 193,
					"count": 1,
					"min": 193,
					"max": 193
				},
				"2024-09-09": {
					"avg": 152,
					"count": 1,
					"min": 152,
					"max": 152
				},
				"2024-09-10": {
					"avg": 67,
					"count": 1,
					"min": 67,
					"max": 67
				},
				"2024-09-12": {
					"avg": 137,
					"count": 14,
					"min": 125,
					"max": 208
				},
				"2024-09-13": {
					"avg": 135,
					"count": 1,
					"min": 135,
					"max": 135
				},
				"2024-09-14": {
					"avg": 35,
					"count": 8,
					"min": 35,
					"max": 35
				},
				"2024-09-15": {
					"avg": 32,
					"count": 2,
					"min": 28,
					"max": 35
				},
				"2024-09-18": {
					"avg": 23,
					"count": 1,
					"min": 23,
					"max": 23
				},
				"2024-09-19": {
					"avg": 452,
					"count": 3,
					"min": 229,
					"max": 564
				},
				"2024-09-20": {
					"avg": 125,
					"count": 18,
					"min": 30,
					"max": 131
				},
				"2024-09-22": {
					"avg": 193,
					"count": 1,
					"min": 193,
					"max": 193
				},
				"2024-09-23": {
					"avg": 35,
					"count": 41,
					"min": 28,
					"max": 35
				}
			},
			"avg": 126,
			"avg7": 134,
			"avg28": 134
		},
		"normal-played": {
			"history": {
				"2024-05-27": {
					"avg": 145,
					"count": 1,
					"min": 145,
					"max": 145
				},
				"2024-05-30": {
					"avg": 29,
					"count": 3,
					"min": 14,
					"max": 37
				},
				"2024-05-31": {
					"avg": 151,
					"count": 11,
					"min": 20,
					"max": 1022
				},
				"2024-06-01": {
					"avg": 135,
					"count": 3,
					"min": 122,
					"max": 142
				},
				"2024-06-02": {
					"avg": 142,
					"count": 1,
					"min": 142,
					"max": 142
				},
				"2024-06-03": {
					"avg": 119,
					"count": 5,
					"min": 119,
					"max": 119
				},
				"2024-06-04": {
					"avg": 147,
					"count": 2,
					"min": 147,
					"max": 147
				},
				"2024-06-05": {
					"avg": 169,
					"count": 3,
					"min": 142,
					"max": 224
				},
				"2024-06-06": {
					"avg": 25,
					"count": 1,
					"min": 25,
					"max": 25
				},
				"2024-06-08": {
					"avg": 224,
					"count": 4,
					"min": 224,
					"max": 224
				},
				"2024-06-09": {
					"avg": 224,
					"count": 1,
					"min": 224,
					"max": 224
				},
				"2024-06-10": {
					"avg": 134,
					"count": 5,
					"min": 37,
					"max": 158
				},
				"2024-06-11": {
					"avg": 451,
					"count": 2,
					"min": 451,
					"max": 451
				},
				"2024-06-12": {
					"avg": 184,
					"count": 4,
					"min": 184,
					"max": 184
				},
				"2024-06-14": {
					"avg": 20,
					"count": 1,
					"min": 20,
					"max": 20
				},
				"2024-06-15": {
					"avg": 69,
					"count": 2,
					"min": 19,
					"max": 119
				},
				"2024-06-17": {
					"avg": 142,
					"count": 1,
					"min": 142,
					"max": 142
				},
				"2024-06-22": {
					"avg": 147,
					"count": 1,
					"min": 147,
					"max": 147
				},
				"2024-06-24": {
					"avg": 116,
					"count": 4,
					"min": 37,
					"max": 142
				},
				"2024-06-26": {
					"avg": 137,
					"count": 6,
					"min": 137,
					"max": 137
				},
				"2024-06-27": {
					"avg": 73,
					"count": 9,
					"min": 20,
					"max": 499
				},
				"2024-06-28": {
					"avg": 19,
					"count": 5,
					"min": 17,
					"max": 20
				},
				"2024-06-29": {
					"avg": 147,
					"count": 18,
					"min": 20,
					"max": 325
				},
				"2024-07-01": {
					"avg": 29,
					"count": 4,
					"min": 29,
					"max": 29
				},
				"2024-07-05": {
					"avg": 22,
					"count": 5,
					"min": 22,
					"max": 22
				},
				"2024-07-06": {
					"avg": 146,
					"count": 3,
					"min": 146,
					"max": 146
				},
				"2024-07-07": {
					"avg": 68,
					"count": 9,
					"min": 29,
					"max": 184
				},
				"2024-07-10": {
					"avg": 147,
					"count": 7,
					"min": 101,
					"max": 224
				},
				"2024-07-12": {
					"avg": 23,
					"count": 1,
					"min": 23,
					"max": 23
				},
				"2024-07-13": {
					"avg": 24,
					"count": 1,
					"min": 24,
					"max": 24
				},
				"2024-07-14": {
					"avg": 139,
					"count": 1,
					"min": 139,
					"max": 139
				},
				"2024-07-15": {
					"avg": 146,
					"count": 12,
					"min": 146,
					"max": 146
				},
				"2024-07-17": {
					"avg": 264,
					"count": 9,
					"min": 141,
					"max": 413
				},
				"2024-07-18": {
					"avg": 23,
					"count": 1,
					"min": 23,
					"max": 23
				},
				"2024-07-19": {
					"avg": 120,
					"count": 8,
					"min": 107,
					"max": 135
				},
				"2024-07-22": {
					"avg": 66,
					"count": 3,
					"min": 22,
					"max": 152
				},
				"2024-07-23": {
					"avg": 125,
					"count": 2,
					"min": 107,
					"max": 142
				},
				"2024-07-24": {
					"avg": 128,
					"count": 1,
					"min": 128,
					"max": 128
				},
				"2024-07-25": {
					"avg": 157,
					"count": 4,
					"min": 152,
					"max": 162
				},
				"2024-07-26": {
					"avg": 143,
					"count": 2,
					"min": 143,
					"max": 143
				},
				"2024-07-27": {
					"avg": 150,
					"count": 1,
					"min": 150,
					"max": 150
				},
				"2024-07-31": {
					"avg": 25,
					"count": 1,
					"min": 25,
					"max": 25
				},
				"2024-08-02": {
					"avg": 23,
					"count": 1,
					"min": 23,
					"max": 23
				},
				"2024-08-03": {
					"avg": 25,
					"count": 1,
					"min": 25,
					"max": 25
				},
				"2024-08-04": {
					"avg": 109,
					"count": 1,
					"min": 109,
					"max": 109
				},
				"2024-08-07": {
					"avg": 153,
					"count": 3,
					"min": 148,
					"max": 156
				},
				"2024-08-11": {
					"avg": 152,
					"count": 4,
					"min": 122,
					"max": 162
				},
				"2024-08-13": {
					"avg": 29,
					"count": 4,
					"min": 29,
					"max": 29
				},
				"2024-08-14": {
					"avg": 121,
					"count": 18,
					"min": 15,
					"max": 150
				},
				"2024-08-15": {
					"avg": 109,
					"count": 6,
					"min": 21,
					"max": 152
				},
				"2024-08-16": {
					"avg": 139,
					"count": 6,
					"min": 120,
					"max": 142
				},
				"2024-08-17": {
					"avg": 15,
					"count": 1,
					"min": 15,
					"max": 15
				},
				"2024-08-19": {
					"avg": 85,
					"count": 8,
					"min": 29,
					"max": 142
				},
				"2024-08-20": {
					"avg": 76,
					"count": 2,
					"min": 21,
					"max": 130
				},
				"2024-08-21": {
					"avg": 142,
					"count": 1,
					"min": 142,
					"max": 142
				},
				"2024-08-23": {
					"avg": 25,
					"count": 3,
					"min": 25,
					"max": 25
				},
				"2024-08-24": {
					"avg": 7,
					"count": 1,
					"min": 7,
					"max": 7
				},
				"2024-08-25": {
					"avg": 100,
					"count": 16,
					"min": 29,
					"max": 147
				},
				"2024-08-26": {
					"avg": 28,
					"count": 4,
					"min": 25,
					"max": 37
				},
				"2024-08-29": {
					"avg": 142,
					"count": 1,
					"min": 142,
					"max": 142
				},
				"2024-08-31": {
					"avg": 152,
					"count": 3,
					"min": 152,
					"max": 152
				},
				"2024-09-03": {
					"avg": 184,
					"count": 1,
					"min": 184,
					"max": 184
				},
				"2024-09-05": {
					"avg": 50,
					"count": 4,
					"min": 50,
					"max": 50
				},
				"2024-09-06": {
					"avg": 79,
					"count": 2,
					"min": 25,
					"max": 132
				},
				"2024-09-07": {
					"avg": 197,
					"count": 4,
					"min": 124,
					"max": 270
				},
				"2024-09-08": {
					"avg": 10,
					"count": 1,
					"min": 10,
					"max": 10
				},
				"2024-09-16": {
					"avg": 25,
					"count": 4,
					"min": 25,
					"max": 25
				},
				"2024-09-20": {
					"avg": 39,
					"count": 2,
					"min": 39,
					"max": 39
				}
			},
			"avg": 117,
			"avg7": -1,
			"avg28": -1
		},
		"normal-nearmint": {
			"history": {
				"2024-05-23": {
					"avg": 138,
					"count": 4,
					"min": 136,
					"max": 139
				},
				"2024-05-24": {
					"avg": 539,
					"count": 1,
					"min": 539,
					"max": 539
				},
				"2024-05-25": {
					"avg": 50,
					"count": 1,
					"min": 50,
					"max": 50
				},
				"2024-05-29": {
					"avg": 117,
					"count": 5,
					"min": 19,
					"max": 141
				},
				"2024-05-31": {
					"avg": 1474,
					"count": 3,
					"min": 41,
					"max": 2665
				},
				"2024-06-01": {
					"avg": 41,
					"count": 6,
					"min": 41,
					"max": 41
				},
				"2024-06-02": {
					"avg": 111,
					"count": 4,
					"min": 13,
					"max": 239
				},
				"2024-06-03": {
					"avg": 120,
					"count": 4,
					"min": 13,
					"max": 169
				},
				"2024-06-04": {
					"avg": 161,
					"count": 5,
					"min": 158,
					"max": 164
				},
				"2024-06-05": {
					"avg": 158,
					"count": 2,
					"min": 50,
					"max": 266
				},
				"2024-06-06": {
					"avg": 324,
					"count": 2,
					"min": 49,
					"max": 599
				},
				"2024-06-09": {
					"avg": 599,
					"count": 1,
					"min": 599,
					"max": 599
				},
				"2024-06-10": {
					"avg": 132,
					"count": 17,
					"min": 50,
					"max": 557
				},
				"2024-06-11": {
					"avg": 499,
					"count": 1,
					"min": 499,
					"max": 499
				},
				"2024-06-14": {
					"avg": 164,
					"count": 1,
					"min": 164,
					"max": 164
				},
				"2024-06-16": {
					"avg": 47,
					"count": 1,
					"min": 47,
					"max": 47
				},
				"2024-06-17": {
					"avg": 113,
					"count": 2,
					"min": 57,
					"max": 168
				},
				"2024-06-20": {
					"avg": 149,
					"count": 2,
					"min": 139,
					"max": 159
				},
				"2024-06-21": {
					"avg": 108,
					"count": 6,
					"min": 57,
					"max": 266
				},
				"2024-06-23": {
					"avg": 179,
					"count": 1,
					"min": 179,
					"max": 179
				},
				"2024-06-24": {
					"avg": 150,
					"count": 4,
					"min": 140,
					"max": 178
				},
				"2024-06-29": {
					"avg": 184,
					"count": 5,
					"min": 184,
					"max": 184
				},
				"2024-06-30": {
					"avg": 95,
					"count": 2,
					"min": 57,
					"max": 133
				},
				"2024-07-02": {
					"avg": 52,
					"count": 1,
					"min": 52,
					"max": 52
				},
				"2024-07-03": {
					"avg": 57,
					"count": 4,
					"min": 57,
					"max": 57
				},
				"2024-07-05": {
					"avg": 81,
					"count": 7,
					"min": 57,
					"max": 224
				},
				"2024-07-06": {
					"avg": 113,
					"count": 1,
					"min": 113,
					"max": 113
				},
				"2024-07-08": {
					"avg": 234,
					"count": 1,
					"min": 234,
					"max": 234
				},
				"2024-07-09": {
					"avg": 139,
					"count": 3,
					"min": 139,
					"max": 139
				},
				"2024-07-10": {
					"avg": 47,
					"count": 6,
					"min": 25,
					"max": 154
				},
				"2024-07-12": {
					"avg": 25,
					"count": 1,
					"min": 25,
					"max": 25
				},
				"2024-07-13": {
					"avg": 164,
					"count": 1,
					"min": 164,
					"max": 164
				},
				"2024-07-14": {
					"avg": 121,
					"count": 2,
					"min": 60,
					"max": 181
				},
				"2024-07-15": {
					"avg": 14,
					"count": 1,
					"min": 14,
					"max": 14
				},
				"2024-07-19": {
					"avg": 121,
					"count": 2,
					"min": 100,
					"max": 141
				},
				"2024-07-20": {
					"avg": 78,
					"count": 3,
					"min": 25,
					"max": 141
				},
				"2024-07-21": {
					"avg": 95,
					"count": 9,
					"min": 40,
					"max": 141
				},
				"2024-07-22": {
					"avg": 126,
					"count": 3,
					"min": 57,
					"max": 181
				},
				"2024-07-23": {
					"avg": 134,
					"count": 4,
					"min": 113,
					"max": 141
				},
				"2024-07-24": {
					"avg": 177,
					"count": 1,
					"min": 177,
					"max": 177
				},
				"2024-07-25": {
					"avg": 128,
					"count": 3,
					"min": 66,
					"max": 177
				},
				"2024-07-28": {
					"avg": 30,
					"count": 1,
					"min": 30,
					"max": 30
				},
				"2024-07-29": {
					"avg": 471,
					"count": 7,
					"min": 30,
					"max": 545
				},
				"2024-07-30": {
					"avg": 141,
					"count": 1,
					"min": 141,
					"max": 141
				},
				"2024-08-01": {
					"avg": 157,
					"count": 1,
					"min": 157,
					"max": 157
				},
				"2024-08-04": {
					"avg": 129,
					"count": 2,
					"min": 44,
					"max": 214
				},
				"2024-08-06": {
					"avg": 382,
					"count": 2,
					"min": 164,
					"max": 599
				},
				"2024-08-07": {
					"avg": 198,
					"count": 1,
					"min": 198,
					"max": 198
				},
				"2024-08-09": {
					"avg": 40,
					"count": 2,
					"min": 35,
					"max": 44
				},
				"2024-08-11": {
					"avg": 163,
					"count": 1,
					"min": 163,
					"max": 163
				},
				"2024-08-13": {
					"avg": 148,
					"count": 2,
					"min": 129,
					"max": 167
				},
				"2024-08-16": {
					"avg": 129,
					"count": 1,
					"min": 129,
					"max": 129
				},
				"2024-08-17": {
					"avg": 227,
					"count": 3,
					"min": 40,
					"max": 599
				},
				"2024-08-18": {
					"avg": 266,
					"count": 1,
					"min": 266,
					"max": 266
				},
				"2024-08-19": {
					"avg": 171,
					"count": 1,
					"min": 171,
					"max": 171
				},
				"2024-08-20": {
					"avg": 143,
					"count": 8,
					"min": 125,
					"max": 198
				},
				"2024-08-21": {
					"avg": 167,
					"count": 1,
					"min": 167,
					"max": 167
				},
				"2024-08-22": {
					"avg": 125,
					"count": 2,
					"min": 125,
					"max": 125
				},
				"2024-08-24": {
					"avg": 82,
					"count": 3,
					"min": 39,
					"max": 149
				},
				"2024-08-25": {
					"avg": 104,
					"count": 2,
					"min": 40,
					"max": 167
				},
				"2024-08-26": {
					"avg": 191,
					"count": 2,
					"min": 184,
					"max": 198
				},
				"2024-08-27": {
					"avg": 327,
					"count": 2,
					"min": 55,
					"max": 599
				},
				"2024-08-29": {
					"avg": 45,
					"count": 1,
					"min": 45,
					"max": 45
				},
				"2024-08-31": {
					"avg": 100,
					"count": 3,
					"min": 59,
					"max": 183
				},
				"2024-09-01": {
					"avg": 45,
					"count": 2,
					"min": 45,
					"max": 45
				},
				"2024-09-02": {
					"avg": 83,
					"count": 3,
					"min": 45,
					"max": 157
				},
				"2024-09-03": {
					"avg": 158,
					"count": 1,
					"min": 158,
					"max": 158
				},
				"2024-09-04": {
					"avg": 513,
					"count": 2,
					"min": 513,
					"max": 513
				},
				"2024-09-05": {
					"avg": 45,
					"count": 1,
					"min": 45,
					"max": 45
				},
				"2024-09-06": {
					"avg": 109,
					"count": 2,
					"min": 45,
					"max": 172
				},
				"2024-09-07": {
					"avg": 101,
					"count": 3,
					"min": 45,
					"max": 179
				},
				"2024-09-08": {
					"avg": 59,
					"count": 1,
					"min": 59,
					"max": 59
				},
				"2024-09-11": {
					"avg": 133,
					"count": 2,
					"min": 55,
					"max": 210
				},
				"2024-09-12": {
					"avg": 79,
					"count": 1,
					"min": 79,
					"max": 79
				},
				"2024-09-13": {
					"avg": 157,
					"count": 1,
					"min": 157,
					"max": 157
				},
				"2024-09-14": {
					"avg": 119,
					"count": 4,
					"min": 47,
					"max": 270
				},
				"2024-09-15": {
					"avg": 50,
					"count": 10,
					"min": 45,
					"max": 55
				},
				"2024-09-16": {
					"avg": 130,
					"count": 22,
					"min": 55,
					"max": 173
				},
				"2024-09-17": {
					"avg": 55,
					"count": 1,
					"min": 55,
					"max": 55
				},
				"2024-09-18": {
					"avg": 95,
					"count": 3,
					"min": 45,
					"max": 184
				},
				"2024-09-19": {
					"avg": 321,
					"count": 9,
					"min": 57,
					"max": 599
				},
				"2024-09-20": {
					"avg": 49,
					"count": 1,
					"min": 49,
					"max": 49
				},
				"2024-09-21": {
					"avg": 89,
					"count": 3,
					"min": 49,
					"max": 157
				},
				"2024-09-22": {
					"avg": 196,
					"count": 4,
					"min": 30,
					"max": 547
				}
			},
			"avg": 161,
			"avg7": -1,
			"avg28": -1
		},
		"normal-used": {
			"history": {
				"2024-05-23": {
					"avg": 66,
					"count": 5,
					"min": 38,
					"max": 73
				},
				"2024-05-25": {
					"avg": 515,
					"count": 1,
					"min": 515,
					"max": 515
				},
				"2024-05-29": {
					"avg": 379,
					"count": 1,
					"min": 379,
					"max": 379
				},
				"2024-06-08": {
					"avg": 10,
					"count": 1,
					"min": 10,
					"max": 10
				},
				"2024-06-10": {
					"avg": 93,
					"count": 5,
					"min": 24,
					"max": 139
				},
				"2024-06-11": {
					"avg": 25,
					"count": 1,
					"min": 25,
					"max": 25
				},
				"2024-06-12": {
					"avg": 30,
					"count": 1,
					"min": 30,
					"max": 30
				},
				"2024-06-14": {
					"avg": 10,
					"count": 1,
					"min": 10,
					"max": 10
				},
				"2024-06-15": {
					"avg": 36,
					"count": 4,
					"min": 10,
					"max": 114
				},
				"2024-06-18": {
					"avg": 20,
					"count": 1,
					"min": 20,
					"max": 20
				},
				"2024-06-22": {
					"avg": 143,
					"count": 3,
					"min": 135,
					"max": 147
				},
				"2024-06-24": {
					"avg": 529,
					"count": 1,
					"min": 529,
					"max": 529
				},
				"2024-06-29": {
					"avg": 10,
					"count": 3,
					"min": 10,
					"max": 10
				},
				"2024-06-30": {
					"avg": 10,
					"count": 1,
					"min": 10,
					"max": 10
				},
				"2024-07-01": {
					"avg": 10,
					"count": 1,
					"min": 10,
					"max": 10
				},
				"2024-07-04": {
					"avg": 42,
					"count": 4,
					"min": 10,
					"max": 137
				},
				"2024-07-05": {
					"avg": 20,
					"count": 4,
					"min": 20,
					"max": 20
				},
				"2024-07-07": {
					"avg": 10,
					"count": 1,
					"min": 10,
					"max": 10
				},
				"2024-07-10": {
					"avg": 181,
					"count": 2,
					"min": 181,
					"max": 181
				},
				"2024-07-11": {
					"avg": 24,
					"count": 4,
					"min": 20,
					"max": 28
				},
				"2024-07-13": {
					"avg": 80,
					"count": 10,
					"min": 19,
					"max": 142
				},
				"2024-07-15": {
					"avg": 208,
					"count": 1,
					"min": 208,
					"max": 208
				},
				"2024-07-17": {
					"avg": 413,
					"count": 6,
					"min": 413,
					"max": 413
				},
				"2024-07-22": {
					"avg": 172,
					"count": 2,
					"min": 172,
					"max": 172
				},
				"2024-07-26": {
					"avg": 132,
					"count": 1,
					"min": 132,
					"max": 132
				},
				"2024-08-01": {
					"avg": 22,
					"count": 1,
					"min": 22,
					"max": 22
				},
				"2024-08-03": {
					"avg": 20,
					"count": 4,
					"min": 20,
					"max": 20
				},
				"2024-08-10": {
					"avg": 25,
					"count": 2,
					"min": 15,
					"max": 35
				},
				"2024-08-14": {
					"avg": 518,
					"count": 1,
					"min": 518,
					"max": 518
				},
				"2024-08-17": {
					"avg": 20,
					"count": 2,
					"min": 20,
					"max": 20
				},
				"2024-08-19": {
					"avg": 20,
					"count": 1,
					"min": 20,
					"max": 20
				},
				"2024-08-22": {
					"avg": 132,
					"count": 4,
					"min": 132,
					"max": 132
				},
				"2024-08-23": {
					"avg": 152,
					"count": 1,
					"min": 152,
					"max": 152
				},
				"2024-08-24": {
					"avg": 138,
					"count": 5,
					"min": 132,
					"max": 147
				},
				"2024-08-25": {
					"avg": 101,
					"count": 14,
					"min": 25,
					"max": 132
				},
				"2024-08-26": {
					"avg": 152,
					"count": 1,
					"min": 152,
					"max": 152
				},
				"2024-09-02": {
					"avg": 134,
					"count": 1,
					"min": 134,
					"max": 134
				},
				"2024-09-05": {
					"avg": 119,
					"count": 4,
					"min": 104,
					"max": 134
				},
				"2024-09-07": {
					"avg": 81,
					"count": 4,
					"min": 19,
					"max": 142
				},
				"2024-09-11": {
					"avg": 144,
					"count": 1,
					"min": 144,
					"max": 144
				},
				"2024-09-12": {
					"avg": 121,
					"count": 1,
					"min": 121,
					"max": 121
				},
				"2024-09-17": {
					"avg": 24,
					"count": 1,
					"min": 24,
					"max": 24
				},
				"2024-09-18": {
					"avg": 207,
					"count": 1,
					"min": 207,
					"max": 207
				},
				"2024-09-19": {
					"avg": 151,
					"count": 4,
					"min": 151,
					"max": 151
				}
			},
			"avg": 113,
			"avg7": -1,
			"avg28": -1
		},
		"normal-poor": {
			"history": {
				"2024-06-09": {
					"avg": 132,
					"count": 2,
					"min": 132,
					"max": 132
				},
				"2024-06-12": {
					"avg": 5,
					"count": 1,
					"min": 5,
					"max": 5
				},
				"2024-06-14": {
					"avg": 5,
					"count": 1,
					"min": 5,
					"max": 5
				},
				"2024-06-16": {
					"avg": 109,
					"count": 1,
					"min": 109,
					"max": 109
				},
				"2024-06-20": {
					"avg": 127,
					"count": 2,
					"min": 127,
					"max": 127
				},
				"2024-06-22": {
					"avg": 109,
					"count": 4,
					"min": 109,
					"max": 109
				},
				"2024-07-01": {
					"avg": 69,
					"count": 7,
					"min": 11,
					"max": 414
				},
				"2024-07-04": {
					"avg": 117,
					"count": 3,
					"min": 117,
					"max": 117
				},
				"2024-07-08": {
					"avg": 1519,
					"count": 1,
					"min": 1519,
					"max": 1519
				},
				"2024-07-10": {
					"avg": 17,
					"count": 1,
					"min": 17,
					"max": 17
				},
				"2024-07-11": {
					"avg": 26,
					"count": 5,
					"min": 26,
					"max": 26
				},
				"2024-07-18": {
					"avg": 10,
					"count": 1,
					"min": 10,
					"max": 10
				},
				"2024-07-25": {
					"avg": 17,
					"count": 1,
					"min": 17,
					"max": 17
				},
				"2024-07-26": {
					"avg": 18,
					"count": 1,
					"min": 18,
					"max": 18
				},
				"2024-08-01": {
					"avg": 15,
					"count": 1,
					"min": 15,
					"max": 15
				},
				"2024-08-03": {
					"avg": 137,
					"count": 1,
					"min": 137,
					"max": 137
				},
				"2024-08-04": {
					"avg": 15,
					"count": 1,
					"min": 15,
					"max": 15
				},
				"2024-08-06": {
					"avg": 137,
					"count": 1,
					"min": 137,
					"max": 137
				},
				"2024-08-17": {
					"avg": 11,
					"count": 5,
					"min": 11,
					"max": 11
				},
				"2024-08-21": {
					"avg": 139,
					"count": 4,
					"min": 137,
					"max": 141
				},
				"2024-08-23": {
					"avg": 132,
					"count": 4,
					"min": 132,
					"max": 132
				},
				"2024-09-05": {
					"avg": 132,
					"count": 1,
					"min": 132,
					"max": 132
				},
				"2024-09-11": {
					"avg": 132,
					"count": 1,
					"min": 132,
					"max": 132
				},
				"2024-09-20": {
					"avg": 250,
					"count": 1,
					"min": 250,
					"max": 250
				}
			},
			"avg": 109,
			"avg7": -1,
			"avg28": -1
		}
	}
}