{
	"data": {
		"normal-good": {
			"history": {
				"2022-11-12": {
					"avg": 124,
					"count": 6
				},
				"2022-11-13": {
					"avg": 80,
					"count": 3
				},
				"2022-11-14": {
					"avg": 150,
					"count": 9
				},
				"2022-11-15": {
					"avg": 37,
					"count": 1
				},
				"2022-11-16": {
					"avg": 49,
					"count": 25
				},
				"2022-11-17": {
					"avg": 34,
					"count": 2
				},
				"2022-11-18": {
					"avg": 107,
					"count": 9
				},
				"2022-11-19": {
					"avg": 42,
					"count": 4,
					"min": 19,
					"max": 49
				},
				"2022-11-20": {
					"avg": 51,
					"count": 4,
					"min": 19,
					"max": 116
				},
				"2022-11-21": {
					"avg": 82,
					"count": 2,
					"min": 54,
					"max": 110
				},
				"2022-11-22": {
					"avg": 18,
					"count": 1,
					"min": 18,
					"max": 18
				},
				"2022-11-23": {
					"avg": 72,
					"count": 2,
					"min": 22,
					"max": 122
				},
				"2022-11-24": {
					"avg": 31,
					"count": 1,
					"min": 31,
					"max": 31
				},
				"2022-11-25": {
					"avg": 48,
					"count": 8,
					"min": 19,
					"max": 148
				},
				"2022-11-26": {
					"avg": 19,
					"count": 1,
					"min": 19,
					"max": 19
				},
				"2022-11-27": {
					"avg": 60,
					"count": 2,
					"min": 10,
					"max": 110
				},
				"2022-11-28": {
					"avg": 115,
					"count": 7,
					"min": 19,
					"max": 528
				},
				"2022-11-29": {
					"avg": 42,
					"count": 4,
					"min": 19,
					"max": 56
				},
				"2022-12-01": {
					"avg": 19,
					"count": 1,
					"min": 19,
					"max": 19
				},
				"2022-12-02": {
					"avg": 135,
					"count": 12,
					"min": 19,
					"max": 699
				},
				"2022-12-03": {
					"avg": 98,
					"count": 8,
					"min": 46,
					"max": 105
				},
				"2022-12-04": {
					"avg": 73,
					"count": 2,
					"min": 40,
					"max": 105
				},
				"2022-12-06": {
					"avg": 20,
					"count": 1,
					"min": 20,
					"max": 20
				},
				"2022-12-07": {
					"avg": 70,
					"count": 8,
					"min": 25,
					"max": 110
				},
				"2022-12-09": {
					"avg": 40,
					"count": 1,
					"min": 40,
					"max": 40
				},
				"2022-12-10": {
					"avg": 30,
					"count": 3,
					"min": 21,
					"max": 49
				},
				"2022-12-12": {
					"avg": 162,
					"count": 2,
					"min": 103,
					"max": 221
				},
				"2022-12-13": {
					"avg": 47,
					"count": 4,
					"min": 19,
					"max": 104
				},
				"2022-12-14": {
					"avg": 154,
					"count": 8,
					"min": 25,
					"max": 248
				},
				"2022-12-15": {
					"avg": 49,
					"count": 2,
					"min": 49,
					"max": 49
				},
				"2022-12-16": {
					"avg": 80,
					"count": 5,
					"min": 20,
					"max": 146
				},
				"2022-12-17": {
					"avg": 49,
					"count": 1,
					"min": 49,
					"max": 49
				},
				"2022-12-18": {
					"avg": 130,
					"count": 1,
					"min": 130,
					"max": 130
				},
				"2022-12-19": {
					"avg": 118,
					"count": 1,
					"min": 118,
					"max": 118
				},
				"2022-12-20": {
					"avg": 123,
					"count": 4,
					"min": 105,
					"max": 160
				},
				"2022-12-21": {
					"avg": 29,
					"count": 1,
					"min": 29,
					"max": 29
				},
				"2022-12-22": {
					"avg": 79,
					"count": 6,
					"min": 29,
					"max": 251
				},
				"2022-12-23": {
					"avg": 31,
					"count": 1,
					"min": 31,
					"max": 31
				},
				"2022-12-24": {
					"avg": 49,
					"count": 1,
					"min": 49,
					"max": 49
				},
				"2022-12-25": {
					"avg": 49,
					"count": 2,
					"min": 49,
					"max": 49
				},
				"2022-12-26": {
					"avg": 132,
					"count": 8,
					"min": 132,
					"max": 132
				},
				"2022-12-27": {
					"avg": 49,
					"count": 1,
					"min": 49,
					"max": 49
				},
				"2022-12-28": {
					"avg": 75,
					"count": 12,
					"min": 50,
					"max": 127
				},
				"2022-12-29": {
					"avg": 36,
					"count": 9,
					"min": 23,
					"max": 138
				},
				"2022-12-30": {
					"avg": 82,
					"count": 2,
					"min": 50,
					"max": 114
				},
				"2022-12-31": {
					"avg": 387,
					"count": 3,
					"min": 387,
					"max": 387
				},
				"2023-01-01": {
					"avg": 850,
					"count": 8,
					"min": 20,
					"max": 1636
				},
				"2023-01-02": {
					"avg": 100,
					"count": 5,
					"min": 40,
					"max": 225
				},
				"2023-01-03": {
					"avg": 31,
					"count": 9,
					"min": 18,
					"max": 124
				},
				"2023-01-04": {
					"avg": 84,
					"count": 3,
					"min": 49,
					"max": 154
				},
				"2023-01-05": {
					"avg": 118,
					"count": 3,
					"min": 114,
					"max": 124
				},
				"2023-01-06": {
					"avg": 130,
					"count": 6,
					"min": 121,
					"max": 154
				},
				"2023-01-07": {
					"avg": 66,
					"count": 46,
					"min": 19,
					"max": 149
				},
				"2023-01-08": {
					"avg": 67,
					"count": 2,
					"min": 10,
					"max": 124
				},
				"2023-01-09": {
					"avg": 125,
					"count": 1,
					"min": 125,
					"max": 125
				},
				"2023-01-10": {
					"avg": 30,
					"count": 1,
					"min": 30,
					"max": 30
				},
				"2023-01-11": {
					"avg": 59,
					"count": 25,
					"min": 30,
					"max": 399
				},
				"2023-01-12": {
					"avg": 350,
					"count": 1,
					"min": 350,
					"max": 350
				},
				"2023-02-06": {
					"avg": 349,
					"count": 1,
					"min": 349,
					"max": 349
				},
				"2023-02-07": {
					"avg": 32,
					"count": 2,
					"min": 26,
					"max": 37
				},
				"2023-02-08": {
					"avg": 168,
					"count": 3,
					"min": 37,
					"max": 399
				},
				"2023-02-09": {
					"avg": 282,
					"count": 2,
					"min": 15,
					"max": 548
				},
				"2023-02-11": {
					"avg": 15,
					"count": 1,
					"min": 15,
					"max": 15
				},
				"2023-02-14": {
					"avg": 46,
					"count": 1,
					"min": 46,
					"max": 46
				},
				"2023-02-15": {
					"avg": 113,
					"count": 3,
					"min": 113,
					"max": 113
				},
				"2023-02-16": {
					"avg": 28,
					"count": 2,
					"min": 26,
					"max": 29
				},
				"2023-02-17": {
					"avg": 97,
					"count": 2,
					"min": 65,
					"max": 128
				},
				"2023-02-18": {
					"avg": 124,
					"count": 1,
					"min": 124,
					"max": 124
				},
				"2023-02-20": {
					"avg": 75,
					"count": 2,
					"min": 37,
					"max": 113
				},
				"2023-02-21": {
					"avg": 149,
					"count": 2,
					"min": 113,
					"max": 184
				},
				"2023-02-22": {
					"avg": 252,
					"count": 1,
					"min": 252,
					"max": 252
				},
				"2023-02-23": {
					"avg": 100,
					"count": 6,
					"min": 50,
					"max": 125
				},
				"2023-02-24": {
					"avg": 20,
					"count": 1,
					"min": 20,
					"max": 20
				},
				"2023-02-27": {
					"avg": 129,
					"count": 5,
					"min": 124,
					"max": 136
				},
				"2023-02-28": {
					"avg": 113,
					"count": 3,
					"min": 46,
					"max": 195
				},
				"2023-03-01": {
					"avg": 274,
					"count": 2,
					"min": 149,
					"max": 399
				},
				"2023-03-02": {
					"avg": 183,
					"count": 3,
					"min": 160,
					"max": 229
				},
				"2023-03-03": {
					"avg": 86,
					"count": 8,
					"min": 20,
					"max": 124
				},
				"2023-03-04": {
					"avg": 87,
					"count": 2,
					"min": 20,
					"max": 153
				},
				"2023-03-05": {
					"avg": 115,
					"count": 8,
					"min": 40,
					"max": 160
				},
				"2023-03-06": {
					"avg": 129,
					"count": 1,
					"min": 129,
					"max": 129
				},
				"2023-03-07": {
					"avg": 30,
					"count": 1,
					"min": 30,
					"max": 30
				},
				"2023-03-08": {
					"avg": 46,
					"count": 1,
					"min": 46,
					"max": 46
				},
				"2023-03-09": {
					"avg": 230,
					"count": 24,
					"min": 122,
					"max": 251
				},
				"2023-03-10": {
					"avg": 38,
					"count": 21,
					"min": 12,
					"max": 154
				},
				"2023-03-12": {
					"avg": 128,
					"count": 6,
					"min": 16,
					"max": 548
				},
				"2023-03-13": {
					"avg": 104,
					"count": 4,
					"min": 47,
					"max": 129
				},
				"2023-03-14": {
					"avg": 30,
					"count": 3,
					"min": 30,
					"max": 30
				},
				"2023-03-15": {
					"avg": 142,
					"count": 12,
					"min": 2,
					"max": 548
				},
				"2023-03-16": {
					"avg": 114,
					"count": 1,
					"min": 114,
					"max": 114
				},
				"2023-03-17": {
					"avg": 112,
					"count": 6,
					"min": 99,
					"max": 119
				},
				"2023-03-18": {
					"avg": 126,
					"count": 2,
					"min": 126,
					"max": 126
				},
				"2023-03-19": {
					"avg": 149,
					"count": 1,
					"min": 149,
					"max": 149
				},
				"2023-03-20": {
					"avg": 162,
					"count": 7,
					"min": 27,
					"max": 546
				},
				"2023-03-21": {
					"avg": 114,
					"count": 1,
					"min": 114,
					"max": 114
				},
				"2023-03-22": {
					"avg": 10,
					"count": 1,
					"min": 10,
					"max": 10
				},
				"2023-03-23": {
					"avg": 38,
					"count": 3,
					"min": 24,
					"max": 47
				},
				"2023-03-24": {
					"avg": 119,
					"count": 1,
					"min": 119,
					"max": 119
				},
				"2023-03-25": {
					"avg": 37,
					"count": 4,
					"min": 16,
					"max": 99
				},
				"2023-03-26": {
					"avg": 123,
					"count": 4,
					"min": 114,
					"max": 134
				},
				"2023-03-27": {
					"avg": 23,
					"count": 1,
					"min": 23,
					"max": 23
				},
				"2023-03-28": {
					"avg": 94,
					"count": 3,
					"min": 16,
					"max": 149
				},
				"2023-03-29": {
					"avg": 85,
					"count": 5,
					"min": 16,
					"max": 216
				},
				"2023-03-31": {
					"avg": 83,
					"count": 4,
					"min": 49,
					"max": 117
				},
				"2023-04-01": {
					"avg": 63,
					"count": 6,
					"min": 24,
					"max": 119
				},
				"2023-04-02": {
					"avg": 29,
					"count": 1,
					"min": 29,
					"max": 29
				},
				"2023-04-03": {
					"avg": 61,
					"count": 2,
					"min": 22,
					"max": 99
				},
				"2023-04-04": {
					"avg": 445,
					"count": 2,
					"min": 33,
					"max": 857
				},
				"2023-04-06": {
					"avg": 104,
					"count": 6,
					"min": 30,
					"max": 119
				},
				"2023-04-07": {
					"avg": 53,
					"count": 1,
					"min": 53,
					"max": 53
				},
				"2023-04-08": {
					"avg": 29,
					"count": 1,
					"min": 29,
					"max": 29
				},
				"2023-04-09": {
					"avg": 49,
					"count": 1,
					"min": 49,
					"max": 49
				},
				"2023-04-10": {
					"avg": 449,
					"count": 1,
					"min": 449,
					"max": 449
				},
				"2023-04-11": {
					"avg": 49,
					"count": 1,
					"min": 49,
					"max": 49
				},
				"2023-04-13": {
					"avg": 86,
					"count": 1,
					"min": 86,
					"max": 86
				},
				"2023-04-14": {
					"avg": 42,
					"count": 2,
					"min": 20,
					"max": 63
				},
				"2023-04-15": {
					"avg": 12,
					"count": 22,
					"min": 10,
					"max": 53
				},
				"2023-04-16": {
					"avg": 551,
					"count": 1,
					"min": 551,
					"max": 551
				},
				"2023-04-17": {
					"avg": 23,
					"count": 2,
					"min": 9,
					"max": 37
				},
				"2023-04-18": {
					"avg": 145,
					"count": 5,
					"min": 29,
					"max": 375
				},
				"2023-04-20": {
					"avg": 65,
					"count": 4,
					"min": 29,
					"max": 134
				},
				"2023-04-21": {
					"avg": 146,
					"count": 1,
					"min": 146,
					"max": 146
				},
				"2023-04-22": {
					"avg": 204,
					"count": 9,
					"min": 140,
					"max": 449
				},
				"2023-04-23": {
					"avg": 767,
					"count": 3,
					"min": 11,
					"max": 2041
				},
				"2023-04-25": {
					"avg": 114,
					"count": 1,
					"min": 114,
					"max": 114
				},
				"2023-04-27": {
					"avg": 117,
					"count": 8,
					"min": 99,
					"max": 144
				},
				"2023-04-28": {
					"avg": 139,
					"count": 17,
					"min": 20,
					"max": 276
				},
				"2023-04-29": {
					"avg": 137,
					"count": 3,
					"min": 124,
					"max": 154
				},
				"2023-04-30": {
					"avg": 250,
					"count": 1,
					"min": 250,
					"max": 250
				},
				"2023-05-02": {
					"avg": 121,
					"count": 3,
					"min": 110,
					"max": 144
				},
				"2023-05-03": {
					"avg": 18,
					"count": 2,
					"min": 15,
					"max": 21
				},
				"2023-05-06": {
					"avg": 215,
					"count": 12,
					"min": 20,
					"max": 449
				},
				"2023-05-07": {
					"avg": 15,
					"count": 1,
					"min": 15,
					"max": 15
				},
				"2023-05-08": {
					"avg": 69,
					"count": 6,
					"min": 15,
					"max": 174
				},
				"2023-05-09": {
					"avg": 299,
					"count": 2,
					"min": 149,
					"max": 449
				},
				"2023-05-12": {
					"avg": 27,
					"count": 2,
					"min": 27,
					"max": 27
				},
				"2023-05-13": {
					"avg": 77,
					"count": 5,
					"min": 25,
					"max": 145
				},
				"2023-05-15": {
					"avg": 119,
					"count": 1,
					"min": 119,
					"max": 119
				},
				"2023-05-17": {
					"avg": 32,
					"count": 1,
					"min": 32,
					"max": 32
				},
				"2023-05-18": {
					"avg": 148,
					"count": 1,
					"min": 148,
					"max": 148
				},
				"2023-05-19": {
					"avg": 149,
					"count": 1,
					"min": 149,
					"max": 149
				},
				"2023-05-20": {
					"avg": 148,
					"count": 1,
					"min": 148,
					"max": 148
				},
				"2023-05-21": {
					"avg": 184,
					"count": 8,
					"min": 184,
					"max": 184
				},
				"2023-05-22": {
					"avg": 998,
					"count": 1,
					"min": 998,
					"max": 998
				},
				"2023-05-23": {
					"avg": 104,
					"count": 6,
					"min": 25,
					"max": 151
				},
				"2023-05-24": {
					"avg": 100,
					"count": 4,
					"min": 32,
					"max": 131
				},
				"2023-05-25": {
					"avg": 94,
					"count": 1,
					"min": 94,
					"max": 94
				},
				"2023-05-27": {
					"avg": 99,
					"count": 1,
					"min": 99,
					"max": 99
				},
				"2023-05-28": {
					"avg": 49,
					"count": 1,
					"min": 49,
					"max": 49
				},
				"2023-05-29": {
					"avg": 43,
					"count": 3,
					"min": 19,
					"max": 59
				},
				"2023-05-30": {
					"avg": 124,
					"count": 5,
					"min": 30,
					"max": 198
				},
				"2023-05-31": {
					"avg": 49,
					"count": 4,
					"min": 15,
					"max": 148
				},
				"2023-06-01": {
					"avg": 50,
					"count": 23,
					"min": 32,
					"max": 437
				},
				"2023-06-02": {
					"avg": 165,
					"count": 3,
					"min": 32,
					"max": 404
				},
				"2023-06-03": {
					"avg": 123,
					"count": 1,
					"min": 123,
					"max": 123
				},
				"2023-06-04": {
					"avg": 88,
					"count": 10,
					"min": 49,
					"max": 437
				},
				"2023-06-05": {
					"avg": 106,
					"count": 5,
					"min": 75,
					"max": 114
				},
				"2023-06-06": {
					"avg": 36,
					"count": 9,
					"min": 25,
					"max": 37
				},
				"2023-06-07": {
					"avg": 19,
					"count": 1,
					"min": 19,
					"max": 19
				},
				"2023-06-08": {
					"avg": 54,
					"count": 4,
					"min": 19,
					"max": 123
				},
				"2023-06-09": {
					"avg": 30,
					"count": 1,
					"min": 30,
					"max": 30
				},
				"2023-06-10": {
					"avg": 437,
					"count": 1,
					"min": 437,
					"max": 437
				},
				"2023-06-11": {
					"avg": 94,
					"count": 1,
					"min": 94,
					"max": 94
				},
				"2023-06-12": {
					"avg": 217,
					"count": 4,
					"min": 18,
					"max": 416
				},
				"2023-06-13": {
					"avg": 75,
					"count": 2,
					"min": 25,
					"max": 124
				},
				"2023-06-15": {
					"avg": 28,
					"count": 2,
					"min": 19,
					"max": 36
				},
				"2023-06-16": {
					"avg": 119,
					"count": 1,
					"min": 119,
					"max": 119
				},
				"2023-06-17": {
					"avg": 73,
					"count": 5,
					"min": 19,
					"max": 130
				},
				"2023-06-18": {
					"avg": 118,
					"count": 3,
					"min": 94,
					"max": 135
				},
				"2023-06-19": {
					"avg": 101,
					"count": 5,
					"min": 56,
					"max": 134
				},
				"2023-06-21": {
					"avg": 34,
					"count": 1,
					"min": 34,
					"max": 34
				},
				"2023-06-22": {
					"avg": 88,
					"count": 3,
					"min": 49,
					"max": 107
				},
				"2023-06-23": {
					"avg": 243,
					"count": 2,
					"min": 35,
					"max": 450
				},
				"2023-06-24": {
					"avg": 86,
					"count": 2,
					"min": 49,
					"max": 123
				},
				"2023-06-25": {
					"avg": 25,
					"count": 1,
					"min": 25,
					"max": 25
				},
				"2023-06-26": {
					"avg": 219,
					"count": 2,
					"min": 31,
					"max": 408
				},
				"2023-06-27": {
					"avg": 33,
					"count": 1,
					"min": 33,
					"max": 33
				},
				"2023-06-28": {
					"avg": 40,
					"count": 2,
					"min": 32,
					"max": 48
				},
				"2023-06-29": {
					"avg": 97,
					"count": 6,
					"min": 33,
					"max": 125
				},
				"2023-06-30": {
					"avg": 127,
					"count": 2,
					"min": 110,
					"max": 145
				},
				"2023-07-01": {
					"avg": 117,
					"count": 2,
					"min": 110,
					"max": 124
				},
				"2023-07-02": {
					"avg": 133,
					"count": 1,
					"min": 133,
					"max": 133
				},
				"2023-07-03": {
					"avg": 50,
					"count": 3,
					"min": 34,
					"max": 58
				},
				"2023-07-04": {
					"avg": 73,
					"count": 2,
					"min": 34,
					"max": 112
				},
				"2023-07-05": {
					"avg": 169,
					"count": 10,
					"min": 110,
					"max": 274
				},
				"2023-07-06": {
					"avg": 85,
					"count": 1,
					"min": 85,
					"max": 85
				},
				"2023-07-07": {
					"avg": 333,
					"count": 3,
					"min": 130,
					"max": 435
				},
				"2023-07-08": {
					"avg": 79,
					"count": 6,
					"min": 20,
					"max": 133
				},
				"2023-07-09": {
					"avg": 83,
					"count": 8,
					"min": 30,
					"max": 118
				},
				"2023-07-10": {
					"avg": 117,
					"count": 4,
					"min": 75,
					"max": 131
				},
				"2023-07-11": {
					"avg": 73,
					"count": 11,
					"min": 31,
					"max": 221
				},
				"2023-07-12": {
					"avg": 27,
					"count": 6,
					"min": 19,
					"max": 44
				},
				"2023-07-13": {
					"avg": 75,
					"count": 3,
					"min": 56,
					"max": 110
				},
				"2023-07-14": {
					"avg": 120,
					"count": 2,
					"min": 111,
					"max": 129
				},
				"2023-07-15": {
					"avg": 94,
					"count": 8,
					"min": 94,
					"max": 94
				},
				"2023-07-16": {
					"avg": 509,
					"count": 4,
					"min": 509,
					"max": 509
				},
				"2023-07-17": {
					"avg": 119,
					"count": 15,
					"min": 22,
					"max": 416
				},
				"2023-07-18": {
					"avg": 133,
					"count": 5,
					"min": 25,
					"max": 449
				},
				"2023-07-19": {
					"avg": 84,
					"count": 4,
					"min": 25,
					"max": 142
				},
				"2023-07-20": {
					"avg": 45,
					"count": 6,
					"min": 22,
					"max": 148
				},
				"2023-07-21": {
					"avg": 28,
					"count": 7,
					"min": 25,
					"max": 44
				},
				"2023-07-22": {
					"avg": 85,
					"count": 6,
					"min": 25,
					"max": 124
				},
				"2023-07-23": {
					"avg": 83,
					"count": 7,
					"min": 18,
					"max": 333
				},
				"2023-07-24": {
					"avg": 120,
					"count": 6,
					"min": 25,
					"max": 408
				},
				"2023-07-25": {
					"avg": 182,
					"count": 8,
					"min": 26,
					"max": 449
				},
				"2023-07-26": {
					"avg": 57,
					"count": 3,
					"min": 30,
					"max": 111
				},
				"2023-07-27": {
					"avg": 32,
					"count": 10,
					"min": 20,
					"max": 111
				},
				"2023-07-29": {
					"avg": 42,
					"count": 2,
					"min": 38,
					"max": 45
				},
				"2023-07-30": {
					"avg": 388,
					"count": 3,
					"min": 20,
					"max": 1025
				},
				"2023-07-31": {
					"avg": 148,
					"count": 1,
					"min": 148,
					"max": 148
				},
				"2023-08-01": {
					"avg": 266,
					"count": 2,
					"min": 123,
					"max": 408
				},
				"2023-08-02": {
					"avg": 96,
					"count": 6,
					"min": 25,
					"max": 119
				},
				"2023-08-03": {
					"avg": 135,
					"count": 2,
					"min": 130,
					"max": 140
				},
				"2023-08-04": {
					"avg": 44,
					"count": 10,
					"min": 20,
					"max": 148
				},
				"2023-08-05": {
					"avg": 29,
					"count": 2,
					"min": 29,
					"max": 29
				},
				"2023-08-06": {
					"avg": 260,
					"count": 2,
					"min": 111,
					"max": 408
				},
				"2023-08-07": {
					"avg": 96,
					"count": 3,
					"min": 29,
					"max": 147
				},
				"2023-08-09": {
					"avg": 31,
					"count": 9,
					"min": 19,
					"max": 129
				},
				"2023-08-10": {
					"avg": 46,
					"count": 36,
					"min": 25,
					"max": 217
				},
				"2023-08-11": {
					"avg": 74,
					"count": 2,
					"min": 29,
					"max": 119
				},
				"2023-08-12": {
					"avg": 127,
					"count": 2,
					"min": 29,
					"max": 225
				},
				"2023-08-13": {
					"avg": 26,
					"count": 2,
					"min": 23,
					"max": 29
				},
				"2023-08-14": {
					"avg": 103,
					"count": 12,
					"min": 29,
					"max": 198
				},
				"2023-08-15": {
					"avg": 78,
					"count": 2,
					"min": 43,
					"max": 114
				},
				"2023-08-16": {
					"avg": 83,
					"count": 3,
					"min": 16,
					"max": 148
				},
				"2023-08-17": {
					"avg": 131,
					"count": 2,
					"min": 119,
					"max": 143
				},
				"2023-08-18": {
					"avg": 110,
					"count": 3,
					"min": 31,
					"max": 165
				},
				"2023-08-19": {
					"avg": 408,
					"count": 1,
					"min": 408,
					"max": 408
				},
				"2023-08-20": {
					"avg": 68,
					"count": 2,
					"min": 20,
					"max": 115
				},
				"2023-08-21": {
					"avg": 221,
					"count": 4,
					"min": 131,
					"max": 449
				},
				"2023-08-22": {
					"avg": 98,
					"count": 13,
					"min": 94,
					"max": 149
				},
				"2023-08-23": {
					"avg": 33,
					"count": 2,
					"min": 30,
					"max": 36
				},
				"2023-08-25": {
					"avg": 408,
					"count": 1,
					"min": 408,
					"max": 408
				},
				"2023-08-26": {
					"avg": 102,
					"count": 7,
					"min": 41,
					"max": 212
				},
				"2023-08-27": {
					"avg": 126,
					"count": 6,
					"min": 48,
					"max": 153
				},
				"2023-08-28": {
					"avg": 76,
					"count": 2,
					"min": 31,
					"max": 121
				},
				"2023-08-29": {
					"avg": 122,
					"count": 1,
					"min": 122,
					"max": 122
				},
				"2023-08-30": {
					"avg": 39,
					"count": 4,
					"min": 36,
					"max": 47
				},
				"2023-08-31": {
					"avg": 77,
					"count": 10,
					"min": 36,
					"max": 148
				},
				"2023-09-01": {
					"avg": 18,
					"count": 1,
					"min": 18,
					"max": 18
				},
				"2023-09-02": {
					"avg": 65,
					"count": 15,
					"min": 39,
					"max": 149
				},
				"2023-09-03": {
					"avg": 31,
					"count": 1,
					"min": 31,
					"max": 31
				},
				"2023-09-04": {
					"avg": 28,
					"count": 2,
					"min": 25,
					"max": 31
				},
				"2023-09-05": {
					"avg": 85,
					"count": 6,
					"min": 26,
					"max": 114
				},
				"2023-09-06": {
					"avg": 30,
					"count": 14,
					"min": 25,
					"max": 33
				},
				"2023-09-07": {
					"avg": 251,
					"count": 5,
					"min": 25,
					"max": 774
				},
				"2023-09-08": {
					"avg": 274,
					"count": 3,
					"min": 24,
					"max": 774
				},
				"2023-09-09": {
					"avg": 30,
					"count": 2,
					"min": 25,
					"max": 35
				},
				"2023-09-10": {
					"avg": 174,
					"count": 2,
					"min": 114,
					"max": 234
				},
				"2023-09-11": {
					"avg": 78,
					"count": 6,
					"min": 25,
					"max": 129
				},
				"2023-09-12": {
					"avg": 28,
					"count": 4,
					"min": 25,
					"max": 32
				},
				"2023-09-13": {
					"avg": 119,
					"count": 1,
					"min": 119,
					"max": 119
				},
				"2023-09-14": {
					"avg": 30,
					"count": 1,
					"min": 30,
					"max": 30
				},
				"2023-09-15": {
					"avg": 97,
					"count": 13,
					"min": 20,
					"max": 198
				},
				"2023-09-16": {
					"avg": 2024,
					"count": 1,
					"min": 2024,
					"max": 2024
				},
				"2023-09-17": {
					"avg": 354,
					"count": 3,
					"min": 30,
					"max": 516
				},
				"2023-09-18": {
					"avg": 25,
					"count": 1,
					"min": 25,
					"max": 25
				},
				"2023-09-19": {
					"avg": 116,
					"count": 8,
					"min": 37,
					"max": 531
				},
				"2023-09-20": {
					"avg": 35,
					"count": 2,
					"min": 31,
					"max": 39
				},
				"2023-09-22": {
					"avg": 39,
					"count": 3,
					"min": 30,
					"max": 49
				},
				"2023-09-23": {
					"avg": 39,
					"count": 1,
					"min": 39,
					"max": 39
				},
				"2023-09-24": {
					"avg": 188,
					"count": 10,
					"min": 30,
					"max": 219
				},
				"2023-09-26": {
					"avg": 61,
					"count": 3,
					"min": 30,
					"max": 114
				},
				"2023-09-27": {
					"avg": 78,
					"count": 4,
					"min": 39,
					"max": 124
				},
				"2023-09-28": {
					"avg": 56,
					"count": 5,
					"min": 33,
					"max": 120
				},
				"2023-09-29": {
					"avg": 114,
					"count": 6,
					"min": 19,
					"max": 551
				},
				"2023-09-30": {
					"avg": 1397,
					"count": 8,
					"min": 111,
					"max": 2036
				},
				"2023-10-01": {
					"avg": 32,
					"count": 2,
					"min": 30,
					"max": 34
				},
				"2023-10-02": {
					"avg": 105,
					"count": 8,
					"min": 48,
					"max": 124
				},
				"2023-10-03": {
					"avg": 172,
					"count": 3,
					"min": 34,
					"max": 449
				},
				"2023-10-04": {
					"avg": 67,
					"count": 7,
					"min": 15,
					"max": 138
				},
				"2023-10-05": {
					"avg": 32,
					"count": 1,
					"min": 32,
					"max": 32
				},
				"2023-10-06": {
					"avg": 191,
					"count": 8,
					"min": 25,
					"max": 548
				},
				"2023-10-07": {
					"avg": 74,
					"count": 8,
					"min": 10,
					"max": 127
				},
				"2023-10-08": {
					"avg": 78,
					"count": 13,
					"min": 25,
					"max": 233
				},
				"2023-10-09": {
					"avg": 1066,
					"count": 2,
					"min": 119,
					"max": 2013
				},
				"2023-10-10": {
					"avg": 163,
					"count": 4,
					"min": 48,
					"max": 246
				},
				"2023-10-11": {
					"avg": 49,
					"count": 10,
					"min": 26,
					"max": 142
				},
				"2023-10-13": {
					"avg": 122,
					"count": 1,
					"min": 122,
					"max": 122
				},
				"2023-10-14": {
					"avg": 124,
					"count": 2,
					"min": 124,
					"max": 124
				},
				"2023-10-15": {
					"avg": 50,
					"count": 1,
					"min": 50,
					"max": 50
				},
				"2023-10-16": {
					"avg": 257,
					"count": 5,
					"min": 164,
					"max": 413
				},
				"2023-10-17": {
					"avg": 97,
					"count": 2,
					"min": 48,
					"max": 145
				},
				"2023-10-18": {
					"avg": 127,
					"count": 2,
					"min": 127,
					"max": 127
				},
				"2023-10-19": {
					"avg": 37,
					"count": 52,
					"min": 25,
					"max": 85
				},
				"2023-10-20": {
					"avg": 76,
					"count": 17,
					"min": 45,
					"max": 180
				},
				"2023-10-21": {
					"avg": 371,
					"count": 7,
					"min": 148,
					"max": 408
				},
				"2023-10-22": {
					"avg": 145,
					"count": 1,
					"min": 145,
					"max": 145
				},
				"2023-10-23": {
					"avg": 204,
					"count": 1,
					"min": 204,
					"max": 204
				},
				"2023-10-24": {
					"avg": 177,
					"count": 2,
					"min": 157,
					"max": 197
				},
				"2023-10-25": {
					"avg": 445,
					"count": 1,
					"min": 445,
					"max": 445
				},
				"2023-10-26": {
					"avg": 110,
					"count": 4,
					"min": 29,
					"max": 148
				},
				"2023-10-27": {
					"avg": 154,
					"count": 6,
					"min": 49,
					"max": 408
				},
				"2023-10-28": {
					"avg": 25,
					"count": 3,
					"min": 15,
					"max": 44
				},
				"2023-10-29": {
					"avg": 281,
					"count": 6,
					"min": 137,
					"max": 670
				},
				"2023-10-30": {
					"avg": 105,
					"count": 9,
					"min": 23,
					"max": 145
				},
				"2023-10-31": {
					"avg": 34,
					"count": 1,
					"min": 34,
					"max": 34
				},
				"2023-11-01": {
					"avg": 107,
					"count": 6,
					"min": 15,
					"max": 144
				},
				"2023-11-02": {
					"avg": 100,
					"count": 8,
					"min": 23,
					"max": 128
				},
				"2023-11-03": {
					"avg": 224,
					"count": 2,
					"min": 208,
					"max": 239
				},
				"2023-11-04": {
					"avg": 208,
					"count": 5,
					"min": 124,
					"max": 546
				},
				"2023-11-05": {
					"avg": 129,
					"count": 6,
					"min": 129,
					"max": 129
				},
				"2023-11-06": {
					"avg": 120,
					"count": 2,
					"min": 110,
					"max": 129
				},
				"2023-11-07": {
					"avg": 29,
					"count": 7,
					"min": 23,
					"max": 30
				},
				"2023-11-08": {
					"avg": 204,
					"count": 1,
					"min": 204,
					"max": 204
				},
				"2023-11-09": {
					"avg": 67,
					"count": 3,
					"min": 11,
					"max": 159
				},
				"2023-11-11": {
					"avg": 28,
					"count": 2,
					"min": 23,
					"max": 33
				},
				"2023-11-12": {
					"avg": 110,
					"count": 1,
					"min": 110,
					"max": 110
				},
				"2023-11-13": {
					"avg": 83,
					"count": 16,
					"min": 22,
					"max": 408
				},
				"2023-11-14": {
					"avg": 36,
					"count": 4,
					"min": 31,
					"max": 40
				},
				"2023-11-15": {
					"avg": 138,
					"count": 2,
					"min": 119,
					"max": 157
				},
				"2023-11-16": {
					"avg": 149,
					"count": 1,
					"min": 149,
					"max": 149
				},
				"2023-11-17": {
					"avg": 90,
					"count": 6,
					"min": 73,
					"max": 124
				},
				"2023-11-18": {
					"avg": 546,
					"count": 1,
					"min": 546,
					"max": 546
				},
				"2023-11-19": {
					"avg": 112,
					"count": 3,
					"min": 23,
					"max": 189
				},
				"2023-11-20": {
					"avg": 523,
					"count": 2,
					"min": 523,
					"max": 523
				},
				"2023-11-21": {
					"avg": 201,
					"count": 5,
					"min": 120,
					"max": 523
				},
				"2023-11-22": {
					"avg": 111,
					"count": 2,
					"min": 33,
					"max": 189
				},
				"2023-11-23": {
					"avg": 82,
					"count": 7,
					"min": 23,
					"max": 231
				},
				"2023-11-24": {
					"avg": 143,
					"count": 19,
					"min": 23,
					"max": 514
				},
				"2023-11-25": {
					"avg": 52,
					"count": 5,
					"min": 21,
					"max": 128
				},
				"2023-11-26": {
					"avg": 62,
					"count": 3,
					"min": 20,
					"max": 137
				},
				"2023-11-27": {
					"avg": 284,
					"count": 2,
					"min": 44,
					"max": 524
				},
				"2024-05-16": {
					"avg": 136,
					"count": 7,
					"min": 29,
					"max": 246
				},
				"2024-05-17": {
					"avg": 125,
					"count": 15,
					"min": 29,
					"max": 273
				},
				"2024-05-18": {
					"avg": 249,
					"count": 7,
					"min": 195,
					"max": 262
				},
				"2024-05-19": {
					"avg": 99,
					"count": 14,
					"min": 20,
					"max": 541
				},
				"2024-05-20": {
					"avg": 319,
					"count": 4,
					"min": 50,
					"max": 1023
				},
				"2024-05-21": {
					"avg": 79,
					"count": 6,
					"min": 29,
					"max": 139
				},
				"2024-05-22": {
					"avg": 130,
					"count": 3,
					"min": 127,
					"max": 136
				},
				"2024-05-23": {
					"avg": 151,
					"count": 1,
					"min": 151,
					"max": 151
				},
				"2024-05-25": {
					"avg": 100,
					"count": 1,
					"min": 100,
					"max": 100
				},
				"2024-05-27": {
					"avg": 127,
					"count": 4,
					"min": 114,
					"max": 139
				},
				"2024-05-28": {
					"avg": 49,
					"count": 1,
					"min": 49,
					"max": 49
				},
				"2024-05-29": {
					"avg": 408,
					"count": 1,
					"min": 408,
					"max": 408
				},
				"2024-05-30": {
					"avg": 282,
					"count": 3,
					"min": 150,
					"max": 545
				},
				"2024-05-31": {
					"avg": 55,
					"count": 4,
					"min": 20,
					"max": 147
				},
				"2024-06-01": {
					"avg": 184,
					"count": 4,
					"min": 184,
					"max": 184
				},
				"2024-06-02": {
					"avg": 154,
					"count": 1,
					"min": 154,
					"max": 154
				},
				"2024-06-03": {
					"avg": 24,
					"count": 2,
					"min": 24,
					"max": 24
				},
				"2024-06-06": {
					"avg": 23,
					"count": 1,
					"min": 23,
					"max": 23
				},
				"2024-06-07": {
					"avg": 228,
					"count": 1,
					"min": 228,
					"max": 228
				},
				"2024-06-11": {
					"avg": 134,
					"count": 2,
					"min": 131,
					"max": 137
				},
				"2024-06-12": {
					"avg": 31,
					"count": 1,
					"min": 31,
					"max": 31
				},
				"2024-06-15": {
					"avg": 15,
					"count": 1,
					"min": 15,
					"max": 15
				},
				"2024-06-16": {
					"avg": 137,
					"count": 1,
					"min": 137,
					"max": 137
				},
				"2024-06-17": {
					"avg": 137,
					"count": 12,
					"min": 119,
					"max": 165
				},
				"2024-06-18": {
					"avg": 152,
					"count": 1,
					"min": 152,
					"max": 152
				},
				"2024-06-20": {
					"avg": 891,
					"count": 9,
					"min": 156,
					"max": 1043
				},
				"2024-06-21": {
					"avg": 71,
					"count": 21,
					"min": 31,
					"max": 73
				},
				"2024-06-24": {
					"avg": 270,
					"count": 3,
					"min": 126,
					"max": 558
				},
				"2024-06-25": {
					"avg": 155,
					"count": 5,
					"min": 128,
					"max": 161
				},
				"2024-06-26": {
					"avg": 114,
					"count": 2,
					"min": 114,
					"max": 114
				},
				"2024-06-27": {
					"avg": 21,
					"count": 1,
					"min": 21,
					"max": 21
				},
				"2024-06-28": {
					"avg": 89,
					"count": 2,
					"min": 28,
					"max": 149
				},
				"2024-06-29": {
					"avg": 71,
					"count": 2,
					"min": 28,
					"max": 114
				},
				"2024-06-30": {
					"avg": 116,
					"count": 3,
					"min": 73,
					"max": 149
				},
				"2024-07-01": {
					"avg": 458,
					"count": 1,
					"min": 458,
					"max": 458
				},
				"2024-07-02": {
					"avg": 129,
					"count": 5,
					"min": 39,
					"max": 188
				},
				"2024-07-03": {
					"avg": 30,
					"count": 3,
					"min": 30,
					"max": 30
				},
				"2024-07-04": {
					"avg": 32,
					"count": 4,
					"min": 30,
					"max": 35
				},
				"2024-07-05": {
					"avg": 160,
					"count": 11,
					"min": 157,
					"max": 165
				},
				"2024-07-06": {
					"avg": 124,
					"count": 1,
					"min": 124,
					"max": 124
				},
				"2024-07-07": {
					"avg": 175,
					"count": 1,
					"min": 175,
					"max": 175
				},
				"2024-07-08": {
					"avg": 181,
					"count": 2,
					"min": 137,
					"max": 224
				},
				"2024-07-09": {
					"avg": 50,
					"count": 1,
					"min": 50,
					"max": 50
				},
				"2024-07-10": {
					"avg": 124,
					"count": 4,
					"min": 124,
					"max": 124
				},
				"2024-07-11": {
					"avg": 46,
					"count": 2,
					"min": 32,
					"max": 59
				},
				"2024-07-13": {
					"avg": 142,
					"count": 1,
					"min": 142,
					"max": 142
				},
				"2024-07-14": {
					"avg": 33,
					"count": 1,
					"min": 33,
					"max": 33
				},
				"2024-07-15": {
					"avg": 138,
					"count": 5,
					"min": 124,
					"max": 193
				},
				"2024-07-16": {
					"avg": 25,
					"count": 1,
					"min": 25,
					"max": 25
				},
				"2024-07-19": {
					"avg": 89,
					"count": 5,
					"min": 31,
					"max": 153
				},
				"2024-07-20": {
					"avg": 91,
					"count": 4,
					"min": 23,
					"max": 159
				},
				"2024-07-22": {
					"avg": 15,
					"count": 1,
					"min": 15,
					"max": 15
				},
				"2024-07-23": {
					"avg": 142,
					"count": 1,
					"min": 142,
					"max": 142
				},
				"2024-07-27": {
					"avg": 142,
					"count": 1,
					"min": 142,
					"max": 142
				},
				"2024-07-28": {
					"avg": 153,
					"count": 2,
					"min": 152,
					"max": 153
				},
				"2024-07-29": {
					"avg": 142,
					"count": 1,
					"min": 142,
					"max": 142
				},
				"2024-07-31": {
					"avg": 167,
					"count": 1,
					"min": 167,
					"max": 167
				},
				"2024-08-01": {
					"avg": 1022,
					"count": 1,
					"min": 1022,
					"max": 1022
				},
				"2024-08-02": {
					"avg": 157,
					"count": 4,
					"min": 157,
					"max": 157
				},
				"2024-08-03": {
					"avg": 52,
					"count": 3,
					"min": 21,
					"max": 114
				},
				"2024-08-04": {
					"avg": 170,
					"count": 9,
					"min": 152,
					"max": 224
				},
				"2024-08-09": {
					"avg": 154,
					"count": 7,
					"min": 152,
					"max": 154
				},
				"2024-08-10": {
					"avg": 29,
					"count": 1,
					"min": 29,
					"max": 29
				},
				"2024-08-13": {
					"avg": 86,
					"count": 2,
					"min": 73,
					"max": 99
				},
				"2024-08-14": {
					"avg": 201,
					"count": 8,
					"min": 154,
					"max": 522
				},
				"2024-08-15": {
					"avg": 156,
					"count": 1,
					"min": 156,
					"max": 156
				},
				"2024-08-16": {
					"avg": 25,
					"count": 1,
					"min": 25,
					"max": 25
				},
				"2024-08-17": {
					"avg": 79,
					"count": 2,
					"min": 23,
					"max": 135
				},
				"2024-08-18": {
					"avg": 147,
					"count": 1,
					"min": 147,
					"max": 147
				},
				"2024-08-19": {
					"avg": 150,
					"count": 1,
					"min": 150,
					"max": 150
				},
				"2024-08-20": {
					"avg": 215,
					"count": 1,
					"min": 215,
					"max": 215
				},
				"2024-08-24": {
					"avg": 150,
					"count": 1,
					"min": 150,
					"max": 150
				},
				"2024-08-25": {
					"avg": 128,
					"count": 6,
					"min": 50,
					"max": 154
				},
				"2024-08-26": {
					"avg": 157,
					"count": 1,
					"min": 157,
					"max": 157
				},
				"2024-08-27": {
					"avg": 251,
					"count": 2,
					"min": 44,
					"max": 458
				},
				"2024-08-29": {
					"avg": 30,
					"count": 5,
					"min": 30,
					"max": 30
				},
				"2024-08-30": {
					"avg": 30,
					"count": 2,
					"min": 29,
					"max": 30
				},
				"2024-09-01": {
					"avg": 30,
					"count": 1,
					"min": 30,
					"max": 30
				},
				"2024-09-02": {
					"avg": 125,
					"count": 8,
					"min": 30,
					"max": 157
				},
				"2024-09-03": {
					"avg": 39,
					"count": 1,
					"min": 39,
					"max": 39
				},
				"2024-09-05": {
					"avg": 458,
					"count": 1,
					"min": 458,
					"max": 458
				},
				"2024-09-06": {
					"avg": 286,
					"count": 2,
					"min": 14,
					"max": 558
				},
				"2024-09-07": {
					"avg": 142,
					"count": 9,
					"min": 142,
					"max": 142
				},
				"2024-09-08": {
					"avg": 33,
					"count": 2,
					"min": 33,
					"max": 33
				},
				"2024-09-09": {
					"avg": 142,
					"count": 1,
					"min": 142,
					"max": 142
				},
				"2024-09-10": {
					"avg": 146,
					"count": 4,
					"min": 142,
					"max": 147
				},
				"2024-09-11": {
					"avg": 32,
					"count": 1,
					"min": 32,
					"max": 32
				},
				"2024-09-12": {
					"avg": 137,
					"count": 7,
					"min": 73,
					"max": 148
				},
				"2024-09-13": {
					"avg": 141,
					"count": 1,
					"min": 141,
					"max": 141
				},
				"2024-09-14": {
					"avg": 50,
					"count": 4,
					"min": 50,
					"max": 50
				},
				"2024-09-15": {
					"avg": 24,
					"count": 3,
					"min": 24,
					"max": 24
				},
				"2024-09-16": {
					"avg": 31,
					"count": 1,
					"min": 31,
					"max": 31
				},
				"2024-09-18": {
					"avg": 34,
					"count": 1,
					"min": 34,
					"max": 34
				},
				"2024-09-19": {
					"avg": 420,
					"count": 3,
					"min": 143,
					"max": 558
				},
				"2024-09-20": {
					"avg": 47,
					"count": 1,
					"min": 47,
					"max": 47
				},
				"2024-09-22": {
					"avg": 222,
					"count": 3,
					"min": 31,
					"max": 458
				},
				"2024-09-23": {
					"avg": 59,
					"count": 50,
					"min": 30,
					"max": 137
				}
			},
			"avg": 122,
			"avg7": 144,
			"avg28": 144
		},
		"normal-poor": {
			"history": {
				"2024-05-28": {
					"avg": 215,
					"count": 2,
					"min": 215,
					"max": 215
				},
				"2024-06-02": {
					"avg": 141,
					"count": 1,
					"min": 141,
					"max": 141
				},
				"2024-06-15": {
					"avg": 141,
					"count": 1,
					"min": 141,
					"max": 141
				},
				"2024-06-22": {
					"avg": 121,
					"count": 4,
					"min": 109,
					"max": 132
				},
				"2024-06-28": {
					"avg": 505,
					"count": 1,
					"min": 505,
					"max": 505
				},
				"2024-07-01": {
					"avg": 49,
					"count": 4,
					"min": 19,
					"max": 140
				},
				"2024-07-09": {
					"avg": 118,
					"count": 2,
					"min": 118,
					"max": 118
				},
				"2024-07-13": {
					"avg": 917,
					"count": 1,
					"min": 917,
					"max": 917
				},
				"2024-07-15": {
					"avg": 203,
					"count": 1,
					"min": 203,
					"max": 203
				},
				"2024-07-18": {
					"avg": 15,
					"count": 1,
					"min": 15,
					"max": 15
				},
				"2024-08-02": {
					"avg": 113,
					"count": 1,
					"min": 113,
					"max": 113
				},
				"2024-08-03": {
					"avg": 142,
					"count": 2,
					"min": 142,
					"max": 142
				},
				"2024-08-05": {
					"avg": 18,
					"count": 1,
					"min": 18,
					"max": 18
				},
				"2024-08-07": {
					"avg": 29,
					"count": 1,
					"min": 29,
					"max": 29
				},
				"2024-08-11": {
					"avg": 19,
					"count": 1,
					"min": 19,
					"max": 19
				},
				"2024-08-13": {
					"avg": 142,
					"count": 2,
					"min": 142,
					"max": 142
				},
				"2024-08-20": {
					"avg": 149,
					"count": 1,
					"min": 149,
					"max": 149
				},
				"2024-08-23": {
					"avg": 132,
					"count": 1,
					"min": 132,
					"max": 132
				},
				"2024-09-11": {
					"avg": 146,
					"count": 1,
					"min": 146,
					"max": 146
				},
				"2024-09-13": {
					"avg": 137,
					"count": 1,
					"min": 137,
					"max": 137
				},
				"2024-09-15": {
					"avg": 24,
					"count": 6,
					"min": 24,
					"max": 24
				}
			},
			"avg": 131,
			"avg7": -1,
			"avg28": -1
		},
		"normal-nearmint": {
			"history": {
				"2024-05-23": {
					"avg": 123,
					"count": 1,
					"min": 123,
					"max": 123
				},
				"2024-05-24": {
					"avg": 37,
					"count": 1,
					"min": 37,
					"max": 37
				},
				"2024-05-26": {
					"avg": 158,
					"count": 9,
					"min": 50,
					"max": 172
				},
				"2024-05-27": {
					"avg": 172,
					"count": 1,
					"min": 172,
					"max": 172
				},
				"2024-05-29": {
					"avg": 94,
					"count": 3,
					"min": 23,
					"max": 147
				},
				"2024-05-30": {
					"avg": 160,
					"count": 1,
					"min": 160,
					"max": 160
				},
				"2024-05-31": {
					"avg": 130,
					"count": 2,
					"min": 41,
					"max": 219
				},
				"2024-06-01": {
					"avg": 168,
					"count": 1,
					"min": 168,
					"max": 168
				},
				"2024-06-02": {
					"avg": 111,
					"count": 3,
					"min": 22,
					"max": 290
				},
				"2024-06-03": {
					"avg": 147,
					"count": 2,
					"min": 145,
					"max": 148
				},
				"2024-06-04": {
					"avg": 168,
					"count": 1,
					"min": 168,
					"max": 168
				},
				"2024-06-05": {
					"avg": 261,
					"count": 1,
					"min": 261,
					"max": 261
				},
				"2024-06-06": {
					"avg": 205,
					"count": 8,
					"min": 46,
					"max": 598
				},
				"2024-06-07": {
					"avg": 299,
					"count": 2,
					"min": 50,
					"max": 548
				},
				"2024-06-09": {
					"avg": 598,
					"count": 1,
					"min": 598,
					"max": 598
				},
				"2024-06-10": {
					"avg": 50,
					"count": 11,
					"min": 50,
					"max": 50
				},
				"2024-06-11": {
					"avg": 386,
					"count": 2,
					"min": 386,
					"max": 386
				},
				"2024-06-13": {
					"avg": 52,
					"count": 1,
					"min": 52,
					"max": 52
				},
				"2024-06-14": {
					"avg": 134,
					"count": 2,
					"min": 122,
					"max": 145
				},
				"2024-06-15": {
					"avg": 129,
					"count": 1,
					"min": 129,
					"max": 129
				},
				"2024-06-19": {
					"avg": 129,
					"count": 1,
					"min": 129,
					"max": 129
				},
				"2024-06-20": {
					"avg": 145,
					"count": 1,
					"min": 145,
					"max": 145
				},
				"2024-06-21": {
					"avg": 136,
					"count": 7,
					"min": 110,
					"max": 261
				},
				"2024-06-22": {
					"avg": 98,
					"count": 2,
					"min": 97,
					"max": 99
				},
				"2024-06-23": {
					"avg": 97,
					"count": 1,
					"min": 97,
					"max": 97
				},
				"2024-06-24": {
					"avg": 119,
					"count": 1,
					"min": 119,
					"max": 119
				},
				"2024-06-25": {
					"avg": 168,
					"count": 1,
					"min": 168,
					"max": 168
				},
				"2024-06-26": {
					"avg": 1091,
					"count": 4,
					"min": 122,
					"max": 2061
				},
				"2024-06-29": {
					"avg": 198,
					"count": 2,
					"min": 198,
					"max": 198
				},
				"2024-06-30": {
					"avg": 143,
					"count": 1,
					"min": 143,
					"max": 143
				},
				"2024-07-02": {
					"avg": 39,
					"count": 3,
					"min": 39,
					"max": 39
				},
				"2024-07-03": {
					"avg": 39,
					"count": 4,
					"min": 39,
					"max": 39
				},
				"2024-07-06": {
					"avg": 20,
					"count": 1,
					"min": 20,
					"max": 20
				},
				"2024-07-08": {
					"avg": 119,
					"count": 1,
					"min": 119,
					"max": 119
				},
				"2024-07-09": {
					"avg": 162,
					"count": 2,
					"min": 147,
					"max": 177
				},
				"2024-07-10": {
					"avg": 25,
					"count": 4,
					"min": 25,
					"max": 25
				},
				"2024-07-13": {
					"avg": 171,
					"count": 1,
					"min": 171,
					"max": 171
				},
				"2024-07-14": {
					"avg": 177,
					"count": 1,
					"min": 177,
					"max": 177
				},
				"2024-07-16": {
					"avg": 194,
					"count": 1,
					"min": 194,
					"max": 194
				},
				"2024-07-18": {
					"avg": 100,
					"count": 1,
					"min": 100,
					"max": 100
				},
				"2024-07-19": {
					"avg": 142,
					"count": 1,
					"min": 142,
					"max": 142
				},
				"2024-07-20": {
					"avg": 96,
					"count": 2,
					"min": 95,
					"max": 97
				},
				"2024-07-21": {
					"avg": 66,
					"count": 5,
					"min": 49,
					"max": 129
				},
				"2024-07-22": {
					"avg": 122,
					"count": 2,
					"min": 97,
					"max": 146
				},
				"2024-07-23": {
					"avg": 296,
					"count": 5,
					"min": 146,
					"max": 894
				},
				"2024-07-25": {
					"avg": 106,
					"count": 3,
					"min": 49,
					"max": 148
				},
				"2024-07-26": {
					"avg": 248,
					"count": 1,
					"min": 248,
					"max": 248
				},
				"2024-07-28": {
					"avg": 44,
					"count": 2,
					"min": 30,
					"max": 57
				},
				"2024-07-29": {
					"avg": 47,
					"count": 6,
					"min": 30,
					"max": 129
				},
				"2024-08-01": {
					"avg": 140,
					"count": 3,
					"min": 97,
					"max": 177
				},
				"2024-08-04": {
					"avg": 57,
					"count": 1,
					"min": 57,
					"max": 57
				},
				"2024-08-05": {
					"avg": 214,
					"count": 1,
					"min": 214,
					"max": 214
				},
				"2024-08-06": {
					"avg": 148,
					"count": 2,
					"min": 146,
					"max": 150
				},
				"2024-08-07": {
					"avg": 41,
					"count": 1,
					"min": 41,
					"max": 41
				},
				"2024-08-08": {
					"avg": 896,
					"count": 1,
					"min": 896,
					"max": 896
				},
				"2024-08-09": {
					"avg": 55,
					"count": 2,
					"min": 55,
					"max": 55
				},
				"2024-08-10": {
					"avg": 214,
					"count": 1,
					"min": 214,
					"max": 214
				},
				"2024-08-11": {
					"avg": 151,
					"count": 1,
					"min": 151,
					"max": 151
				},
				"2024-08-12": {
					"avg": 137,
					"count": 2,
					"min": 97,
					"max": 177
				},
				"2024-08-16": {
					"avg": 160,
					"count": 2,
					"min": 147,
					"max": 172
				},
				"2024-08-17": {
					"avg": 79,
					"count": 4,
					"min": 41,
					"max": 177
				},
				"2024-08-19": {
					"avg": 141,
					"count": 1,
					"min": 141,
					"max": 141
				},
				"2024-08-20": {
					"avg": 118,
					"count": 1,
					"min": 118,
					"max": 118
				},
				"2024-08-21": {
					"avg": 123,
					"count": 2,
					"min": 97,
					"max": 149
				},
				"2024-08-22": {
					"avg": 124,
					"count": 2,
					"min": 124,
					"max": 124
				},
				"2024-08-24": {
					"avg": 97,
					"count": 2,
					"min": 97,
					"max": 97
				},
				"2024-08-26": {
					"avg": 58,
					"count": 2,
					"min": 46,
					"max": 69
				},
				"2024-08-27": {
					"avg": 399,
					"count": 2,
					"min": 199,
					"max": 598
				},
				"2024-08-28": {
					"avg": 598,
					"count": 1,
					"min": 598,
					"max": 598
				},
				"2024-08-29": {
					"avg": 44,
					"count": 1,
					"min": 44,
					"max": 44
				},
				"2024-08-30": {
					"avg": 261,
					"count": 1,
					"min": 261,
					"max": 261
				},
				"2024-08-31": {
					"avg": 147,
					"count": 2,
					"min": 137,
					"max": 157
				},
				"2024-09-01": {
					"avg": 127,
					"count": 2,
					"min": 44,
					"max": 209
				},
				"2024-09-03": {
					"avg": 24,
					"count": 2,
					"min": 24,
					"max": 24
				},
				"2024-09-04": {
					"avg": 137,
					"count": 3,
					"min": 118,
					"max": 146
				},
				"2024-09-06": {
					"avg": 108,
					"count": 2,
					"min": 44,
					"max": 171
				},
				"2024-09-07": {
					"avg": 133,
					"count": 5,
					"min": 44,
					"max": 197
				},
				"2024-09-11": {
					"avg": 65,
					"count": 1,
					"min": 65,
					"max": 65
				},
				"2024-09-12": {
					"avg": 87,
					"count": 2,
					"min": 44,
					"max": 129
				},
				"2024-09-13": {
					"avg": 103,
					"count": 2,
					"min": 60,
					"max": 146
				},
				"2024-09-14": {
					"avg": 340,
					"count": 3,
					"min": 53,
					"max": 894
				},
				"2024-09-15": {
					"avg": 110,
					"count": 2,
					"min": 44,
					"max": 176
				},
				"2024-09-17": {
					"avg": 72,
					"count": 2,
					"min": 46,
					"max": 97
				},
				"2024-09-18": {
					"avg": 195,
					"count": 2,
					"min": 171,
					"max": 219
				},
				"2024-09-19": {
					"avg": 261,
					"count": 1,
					"min": 261,
					"max": 261
				},
				"2024-09-20": {
					"avg": 53,
					"count": 12,
					"min": 49,
					"max": 69
				},
				"2024-09-21": {
					"avg": 50,
					"count": 1,
					"min": 50,
					"max": 50
				},
				"2024-09-22": {
					"avg": 146,
					"count": 1,
					"min": 146,
					"max": 146
				}
			},
			"avg": 154,
			"avg7": -1,
			"avg28": -1
		},
		"normal-played": {
			"history": {
				"2024-05-27": {
					"avg": 131,
					"count": 1,
					"min": 131,
					"max": 131
				},
				"2024-05-30": {
					"avg": 30,
					"count": 1,
					"min": 30,
					"max": 30
				},
				"2024-05-31": {
					"avg": 82,
					"count": 12,
					"min": 20,
					"max": 131
				},
				"2024-06-01": {
					"avg": 137,
					"count": 4,
					"min": 137,
					"max": 137
				},
				"2024-06-05": {
					"avg": 10,
					"count": 1,
					"min": 10,
					"max": 10
				},
				"2024-06-06": {
					"avg": 114,
					"count": 1,
					"min": 114,
					"max": 114
				},
				"2024-06-09": {
					"avg": 221,
					"count": 1,
					"min": 221,
					"max": 221
				},
				"2024-06-11": {
					"avg": 235,
					"count": 2,
					"min": 25,
					"max": 444
				},
				"2024-06-15": {
					"avg": 103,
					"count": 2,
					"min": 24,
					"max": 181
				},
				"2024-06-16": {
					"avg": 126,
					"count": 2,
					"min": 114,
					"max": 137
				},
				"2024-06-19": {
					"avg": 24,
					"count": 1,
					"min": 24,
					"max": 24
				},
				"2024-06-22": {
					"avg": 137,
					"count": 2,
					"min": 137,
					"max": 137
				},
				"2024-06-24": {
					"avg": 24,
					"count": 1,
					"min": 24,
					"max": 24
				},
				"2024-06-26": {
					"avg": 15,
					"count": 1,
					"min": 15,
					"max": 15
				},
				"2024-06-27": {
					"avg": 39,
					"count": 12,
					"min": 39,
					"max": 39
				},
				"2024-06-28": {
					"avg": 136,
					"count": 2,
					"min": 127,
					"max": 144
				},
				"2024-06-29": {
					"avg": 20,
					"count": 1,
					"min": 20,
					"max": 20
				},
				"2024-07-01": {
					"avg": 105,
					"count": 16,
					"min": 20,
					"max": 325
				},
				"2024-07-02": {
					"avg": 142,
					"count": 10,
					"min": 142,
					"max": 142
				},
				"2024-07-03": {
					"avg": 37,
					"count": 1,
					"min": 37,
					"max": 37
				},
				"2024-07-04": {
					"avg": 51,
					"count": 4,
					"min": 20,
					"max": 143
				},
				"2024-07-05": {
					"avg": 181,
					"count": 1,
					"min": 181,
					"max": 181
				},
				"2024-07-07": {
					"avg": 216,
					"count": 6,
					"min": 33,
					"max": 524
				},
				"2024-07-08": {
					"avg": 53,
					"count": 5,
					"min": 25,
					"max": 115
				},
				"2024-07-10": {
					"avg": 78,
					"count": 2,
					"min": 24,
					"max": 131
				},
				"2024-07-11": {
					"avg": 43,
					"count": 5,
					"min": 33,
					"max": 49
				},
				"2024-07-12": {
					"avg": 114,
					"count": 5,
					"min": 32,
					"max": 147
				},
				"2024-07-13": {
					"avg": 27,
					"count": 2,
					"min": 22,
					"max": 32
				},
				"2024-07-15": {
					"avg": 46,
					"count": 2,
					"min": 8,
					"max": 84
				},
				"2024-07-16": {
					"avg": 32,
					"count": 1,
					"min": 32,
					"max": 32
				},
				"2024-07-19": {
					"avg": 131,
					"count": 2,
					"min": 107,
					"max": 154
				},
				"2024-07-20": {
					"avg": 67,
					"count": 6,
					"min": 25,
					"max": 127
				},
				"2024-07-30": {
					"avg": 30,
					"count": 1,
					"min": 30,
					"max": 30
				},
				"2024-08-01": {
					"avg": 25,
					"count": 1,
					"min": 25,
					"max": 25
				},
				"2024-08-04": {
					"avg": 155,
					"count": 1,
					"min": 155,
					"max": 155
				},
				"2024-08-11": {
					"avg": 110,
					"count": 5,
					"min": 27,
					"max": 166
				},
				"2024-08-13": {
					"avg": 49,
					"count": 1,
					"min": 49,
					"max": 49
				},
				"2024-08-14": {
					"avg": 48,
					"count": 4,
					"min": 18,
					"max": 137
				},
				"2024-08-16": {
					"avg": 149,
					"count": 3,
					"min": 142,
					"max": 154
				},
				"2024-08-17": {
					"avg": 25,
					"count": 3,
					"min": 25,
					"max": 25
				},
				"2024-08-20": {
					"avg": 79,
					"count": 2,
					"min": 25,
					"max": 132
				},
				"2024-08-21": {
					"avg": 138,
					"count": 1,
					"min": 138,
					"max": 138
				},
				"2024-08-22": {
					"avg": 162,
					"count": 1,
					"min": 162,
					"max": 162
				},
				"2024-08-23": {
					"avg": 18,
					"count": 1,
					"min": 18,
					"max": 18
				},
				"2024-08-24": {
					"avg": 44,
					"count": 12,
					"min": 30,
					"max": 155
				},
				"2024-08-25": {
					"avg": 94,
					"count": 2,
					"min": 50,
					"max": 137
				},
				"2024-08-26": {
					"avg": 136,
					"count": 1,
					"min": 136,
					"max": 136
				},
				"2024-08-27": {
					"avg": 19,
					"count": 1,
					"min": 19,
					"max": 19
				},
				"2024-08-29": {
					"avg": 25,
					"count": 2,
					"min": 24,
					"max": 25
				},
				"2024-08-30": {
					"avg": 24,
					"count": 1,
					"min": 24,
					"max": 24
				},
				"2024-09-03": {
					"avg": 184,
					"count": 1,
					"min": 184,
					"max": 184
				},
				"2024-09-04": {
					"avg": 25,
					"count": 1,
					"min": 25,
					"max": 25
				},
				"2024-09-05": {
					"avg": 114,
					"count": 1,
					"min": 114,
					"max": 114
				},
				"2024-09-06": {
					"avg": 132,
					"count": 1,
					"min": 132,
					"max": 132
				},
				"2024-09-10": {
					"avg": 147,
					"count": 1,
					"min": 147,
					"max": 147
				},
				"2024-09-13": {
					"avg": 118,
					"count": 4,
					"min": 22,
					"max": 150
				},
				"2024-09-15": {
					"avg": 24,
					"count": 2,
					"min": 22,
					"max": 25
				},
				"2024-09-16": {
					"avg": 35,
					"count": 2,
					"min": 35,
					"max": 35
				},
				"2024-09-17": {
					"avg": 99,
					"count": 1,
					"min": 99,
					"max": 99
				},
				"2024-09-19": {
					"avg": 229,
					"count": 1,
					"min": 229,
					"max": 229
				},
				"2024-09-20": {
					"avg": 152,
					"count": 3,
					"min": 152,
					"max": 152
				}
			},
			"avg": 90,
			"avg7": -1,
			"avg28": -1
		},
		"normal-used": {
			"history": {
				"2024-06-10": {
					"avg": 21,
					"count": 2,
					"min": 21,
					"max": 21
				},
				"2024-06-15": {
					"avg": 112,
					"count": 1,
					"min": 112,
					"max": 112
				},
				"2024-06-20": {
					"avg": 21,
					"count": 2,
					"min": 21,
					"max": 21
				},
				"2024-06-22": {
					"avg": 34,
					"count": 3,
					"min": 34,
					"max": 34
				},
				"2024-06-29": {
					"avg": 26,
					"count": 3,
					"min": 26,
					"max": 26
				},
				"2024-06-30": {
					"avg": 11,
					"count": 9,
					"min": 10,
					"max": 22
				},
				"2024-07-07": {
					"avg": 21,
					"count": 1,
					"min": 21,
					"max": 21
				},
				"2024-07-10": {
					"avg": 119,
					"count": 4,
					"min": 119,
					"max": 119
				},
				"2024-07-13": {
					"avg": 84,
					"count": 8,
					"min": 24,
					"max": 144
				},
				"2024-07-21": {
					"avg": 24,
					"count": 4,
					"min": 24,
					"max": 24
				},
				"2024-07-22": {
					"avg": 75,
					"count": 1,
					"min": 75,
					"max": 75
				},
				"2024-08-02": {
					"avg": 128,
					"count": 1,
					"min": 128,
					"max": 128
				},
				"2024-08-05": {
					"avg": 75,
					"count": 3,
					"min": 75,
					"max": 75
				},
				"2024-08-06": {
					"avg": 137,
					"count": 2,
					"min": 137,
					"max": 137
				},
				"2024-08-11": {
					"avg": 21,
					"count": 1,
					"min": 21,
					"max": 21
				},
				"2024-08-13": {
					"avg": 148,
					"count": 3,
					"min": 148,
					"max": 148
				},
				"2024-08-14": {
					"avg": 520,
					"count": 1,
					"min": 520,
					"max": 520
				},
				"2024-08-17": {
					"avg": 25,
					"count": 1,
					"min": 25,
					"max": 25
				},
				"2024-08-23": {
					"avg": 138,
					"count": 1,
					"min": 138,
					"max": 138
				},
				"2024-08-24": {
					"avg": 70,
					"count": 2,
					"min": 20,
					"max": 119
				},
				"2024-08-25": {
					"avg": 138,
					"count": 4,
					"min": 138,
					"max": 138
				},
				"2024-08-30": {
					"avg": 22,
					"count": 1,
					"min": 22,
					"max": 22
				},
				"2024-08-31": {
					"avg": 141,
					"count": 1,
					"min": 141,
					"max": 141
				},
				"2024-09-02": {
					"avg": 210,
					"count": 1,
					"min": 210,
					"max": 210
				},
				"2024-09-05": {
					"avg": 142,
					"count": 4,
					"min": 142,
					"max": 142
				},
				"2024-09-07": {
					"avg": 152,
					"count": 1,
					"min": 152,
					"max": 152
				},
				"2024-09-12": {
					"avg": 123,
					"count": 1,
					"min": 123,
					"max": 123
				},
				"2024-09-13": {
					"avg": 149,
					"count": 2,
					"min": 149,
					"max": 149
				},
				"2024-09-17": {
					"avg": 25,
					"count": 1,
					"min": 25,
					"max": 25
				}
			},
			"avg": 84,
			"avg7": -1,
			"avg28": -1
		}
	}
}