{
	"data": {
		"normal-good": {
			"history": {
				"2022-11-12": {
					"avg": 110,
					"count": 23
				},
				"2022-11-13": {
					"avg": 40,
					"count": 6
				},
				"2022-11-14": {
					"avg": 108,
					"count": 42
				},
				"2022-11-15": {
					"avg": 328,
					"count": 1
				},
				"2022-11-16": {
					"avg": 101,
					"count": 12
				},
				"2022-11-18": {
					"avg": 117,
					"count": 1
				},
				"2022-11-19": {
					"avg": 159,
					"count": 4,
					"min": 15,
					"max": 476
				},
				"2022-11-20": {
					"avg": 64,
					"count": 1,
					"min": 64,
					"max": 64
				},
				"2022-11-21": {
					"avg": 118,
					"count": 2,
					"min": 118,
					"max": 118
				},
				"2022-11-22": {
					"avg": 12,
					"count": 54,
					"min": 11,
					"max": 13
				},
				"2022-11-23": {
					"avg": 15,
					"count": 1,
					"min": 15,
					"max": 15
				},
				"2022-11-24": {
					"avg": 24,
					"count": 2,
					"min": 19,
					"max": 29
				},
				"2022-11-25": {
					"avg": 67,
					"count": 7,
					"min": 2,
					"max": 110
				},
				"2022-11-26": {
					"avg": 96,
					"count": 11,
					"min": 15,
					"max": 113
				},
				"2022-11-27": {
					"avg": 110,
					"count": 1,
					"min": 110,
					"max": 110
				},
				"2022-11-28": {
					"avg": 117,
					"count": 7,
					"min": 110,
					"max": 118
				},
				"2022-11-29": {
					"avg": 54,
					"count": 3,
					"min": 15,
					"max": 118
				},
				"2022-12-01": {
					"avg": 113,
					"count": 1,
					"min": 113,
					"max": 113
				},
				"2022-12-02": {
					"avg": 16,
					"count": 4,
					"min": 12,
					"max": 20
				},
				"2022-12-03": {
					"avg": 100,
					"count": 21,
					"min": 20,
					"max": 104
				},
				"2022-12-04": {
					"avg": 87,
					"count": 2,
					"min": 64,
					"max": 110
				},
				"2022-12-05": {
					"avg": 115,
					"count": 10,
					"min": 115,
					"max": 115
				},
				"2022-12-07": {
					"avg": 110,
					"count": 4,
					"min": 110,
					"max": 110
				},
				"2022-12-09": {
					"avg": 14,
					"count": 35,
					"min": 10,
					"max": 19
				},
				"2022-12-10": {
					"avg": 102,
					"count": 13,
					"min": 10,
					"max": 118
				},
				"2022-12-11": {
					"avg": 115,
					"count": 9,
					"min": 115,
					"max": 115
				},
				"2022-12-12": {
					"avg": 36,
					"count": 2,
					"min": 27,
					"max": 45
				},
				"2022-12-13": {
					"avg": 15,
					"count": 2,
					"min": 9,
					"max": 21
				},
				"2022-12-14": {
					"avg": 94,
					"count": 14,
					"min": 16,
					"max": 108
				},
				"2022-12-15": {
					"avg": 76,
					"count": 5,
					"min": 25,
					"max": 110
				},
				"2022-12-16": {
					"avg": 115,
					"count": 14,
					"min": 13,
					"max": 124
				},
				"2022-12-17": {
					"avg": 118,
					"count": 1,
					"min": 118,
					"max": 118
				},
				"2022-12-18": {
					"avg": 368,
					"count": 16,
					"min": 12,
					"max": 412
				},
				"2022-12-19": {
					"avg": 328,
					"count": 4,
					"min": 328,
					"max": 328
				},
				"2022-12-20": {
					"avg": 90,
					"count": 15,
					"min": 13,
					"max": 102
				},
				"2022-12-21": {
					"avg": 25,
					"count": 1,
					"min": 25,
					"max": 25
				},
				"2022-12-23": {
					"avg": 25,
					"count": 1,
					"min": 25,
					"max": 25
				},
				"2022-12-24": {
					"avg": 16,
					"count": 2,
					"min": 16,
					"max": 16
				},
				"2022-12-25": {
					"avg": 112,
					"count": 14,
					"min": 29,
					"max": 118
				},
				"2022-12-27": {
					"avg": 42,
					"count": 71,
					"min": 18,
					"max": 120
				},
				"2022-12-28": {
					"avg": 423,
					"count": 53,
					"min": 114,
					"max": 513
				},
				"2022-12-29": {
					"avg": 488,
					"count": 30,
					"min": 19,
					"max": 532
				},
				"2022-12-30": {
					"avg": 121,
					"count": 3,
					"min": 119,
					"max": 124
				},
				"2022-12-31": {
					"avg": 64,
					"count": 14,
					"min": 64,
					"max": 64
				},
				"2023-01-01": {
					"avg": 133,
					"count": 42,
					"min": 12,
					"max": 1585
				},
				"2023-01-02": {
					"avg": 32,
					"count": 35,
					"min": 20,
					"max": 179
				},
				"2023-01-03": {
					"avg": 84,
					"count": 3,
					"min": 15,
					"max": 119
				},
				"2023-01-04": {
					"avg": 72,
					"count": 4,
					"min": 24,
					"max": 125
				},
				"2023-01-05": {
					"avg": 59,
					"count": 5,
					"min": 15,
					"max": 128
				},
				"2023-01-06": {
					"avg": 115,
					"count": 40,
					"min": 15,
					"max": 153
				},
				"2023-01-07": {
					"avg": 110,
					"count": 3,
					"min": 110,
					"max": 110
				},
				"2023-01-08": {
					"avg": 122,
					"count": 1,
					"min": 122,
					"max": 122
				},
				"2023-01-09": {
					"avg": 27,
					"count": 8,
					"min": 15,
					"max": 110
				},
				"2023-01-10": {
					"avg": 65,
					"count": 2,
					"min": 15,
					"max": 114
				},
				"2023-01-11": {
					"avg": 25,
					"count": 1,
					"min": 25,
					"max": 25
				},
				"2023-01-12": {
					"avg": 67,
					"count": 13,
					"min": 18,
					"max": 219
				},
				"2023-02-06": {
					"avg": 76,
					"count": 72,
					"min": 16,
					"max": 140
				},
				"2023-02-07": {
					"avg": 68,
					"count": 18,
					"min": 25,
					"max": 119
				},
				"2023-02-08": {
					"avg": 116,
					"count": 16,
					"min": 102,
					"max": 328
				},
				"2023-02-09": {
					"avg": 54,
					"count": 3,
					"min": 15,
					"max": 117
				},
				"2023-02-10": {
					"avg": 8,
					"count": 2,
					"min": 8,
					"max": 8
				},
				"2023-02-11": {
					"avg": 123,
					"count": 4,
					"min": 123,
					"max": 123
				},
				"2023-02-12": {
					"avg": 1,
					"count": 1,
					"min": 1,
					"max": 1
				},
				"2023-02-13": {
					"avg": 25,
					"count": 1,
					"min": 25,
					"max": 25
				},
				"2023-02-14": {
					"avg": 104,
					"count": 12,
					"min": 23,
					"max": 119
				},
				"2023-02-16": {
					"avg": 10,
					"count": 1,
					"min": 10,
					"max": 10
				},
				"2023-02-17": {
					"avg": 124,
					"count": 16,
					"min": 113,
					"max": 278
				},
				"2023-02-18": {
					"avg": 132,
					"count": 12,
					"min": 25,
					"max": 149
				},
				"2023-02-19": {
					"avg": 128,
					"count": 1,
					"min": 128,
					"max": 128
				},
				"2023-02-20": {
					"avg": 125,
					"count": 18,
					"min": 102,
					"max": 149
				},
				"2023-02-21": {
					"avg": 153,
					"count": 64,
					"min": 2,
					"max": 226
				},
				"2023-02-22": {
					"avg": 123,
					"count": 1,
					"min": 123,
					"max": 123
				},
				"2023-02-23": {
					"avg": 123,
					"count": 2,
					"min": 104,
					"max": 141
				},
				"2023-02-24": {
					"avg": 10,
					"count": 1,
					"min": 10,
					"max": 10
				},
				"2023-02-25": {
					"avg": 75,
					"count": 5,
					"min": 2,
					"max": 118
				},
				"2023-02-26": {
					"avg": 33,
					"count": 16,
					"min": 20,
					"max": 142
				},
				"2023-02-27": {
					"avg": 65,
					"count": 3,
					"min": 25,
					"max": 142
				},
				"2023-02-28": {
					"avg": 137,
					"count": 27,
					"min": 5,
					"max": 238
				},
				"2023-03-01": {
					"avg": 21,
					"count": 36,
					"min": 19,
					"max": 23
				},
				"2023-03-02": {
					"avg": 70,
					"count": 3,
					"min": 15,
					"max": 179
				},
				"2023-03-03": {
					"avg": 86,
					"count": 3,
					"min": 10,
					"max": 134
				},
				"2023-03-04": {
					"avg": 27,
					"count": 22,
					"min": 15,
					"max": 150
				},
				"2023-03-05": {
					"avg": 266,
					"count": 4,
					"min": 10,
					"max": 351
				},
				"2023-03-06": {
					"avg": 159,
					"count": 22,
					"min": 124,
					"max": 202
				},
				"2023-03-08": {
					"avg": 50,
					"count": 1,
					"min": 50,
					"max": 50
				},
				"2023-03-09": {
					"avg": 151,
					"count": 11,
					"min": 116,
					"max": 154
				},
				"2023-03-10": {
					"avg": 64,
					"count": 25,
					"min": 10,
					"max": 66
				},
				"2023-03-11": {
					"avg": 806,
					"count": 7,
					"min": 10,
					"max": 1824
				},
				"2023-03-12": {
					"avg": 107,
					"count": 2,
					"min": 25,
					"max": 189
				},
				"2023-03-13": {
					"avg": 123,
					"count": 15,
					"min": 118,
					"max": 128
				},
				"2023-03-14": {
					"avg": 116,
					"count": 1,
					"min": 116,
					"max": 116
				},
				"2023-03-15": {
					"avg": 110,
					"count": 1,
					"min": 110,
					"max": 110
				},
				"2023-03-16": {
					"avg": 116,
					"count": 1,
					"min": 116,
					"max": 116
				},
				"2023-03-17": {
					"avg": 103,
					"count": 5,
					"min": 25,
					"max": 122
				},
				"2023-03-19": {
					"avg": 25,
					"count": 1,
					"min": 25,
					"max": 25
				},
				"2023-03-20": {
					"avg": 57,
					"count": 14,
					"min": 10,
					"max": 399
				},
				"2023-03-22": {
					"avg": 66,
					"count": 26,
					"min": 10,
					"max": 110
				},
				"2023-03-23": {
					"avg": 112,
					"count": 4,
					"min": 13,
					"max": 145
				},
				"2023-03-25": {
					"avg": 25,
					"count": 2,
					"min": 25,
					"max": 25
				},
				"2023-03-26": {
					"avg": 105,
					"count": 4,
					"min": 18,
					"max": 174
				},
				"2023-03-27": {
					"avg": 133,
					"count": 13,
					"min": 49,
					"max": 674
				},
				"2023-03-28": {
					"avg": 60,
					"count": 2,
					"min": 5,
					"max": 114
				},
				"2023-03-29": {
					"avg": 215,
					"count": 3,
					"min": 15,
					"max": 523
				},
				"2023-03-31": {
					"avg": 15,
					"count": 1,
					"min": 15,
					"max": 15
				},
				"2023-04-02": {
					"avg": 15,
					"count": 14,
					"min": 15,
					"max": 15
				},
				"2023-04-03": {
					"avg": 14,
					"count": 71,
					"min": 10,
					"max": 15
				},
				"2023-04-04": {
					"avg": 96,
					"count": 22,
					"min": 15,
					"max": 116
				},
				"2023-04-05": {
					"avg": 129,
					"count": 12,
					"min": 15,
					"max": 378
				},
				"2023-04-06": {
					"avg": 68,
					"count": 10,
					"min": 15,
					"max": 114
				},
				"2023-04-07": {
					"avg": 97,
					"count": 1,
					"min": 97,
					"max": 97
				},
				"2023-04-08": {
					"avg": 17,
					"count": 1,
					"min": 17,
					"max": 17
				},
				"2023-04-09": {
					"avg": 51,
					"count": 19,
					"min": 25,
					"max": 150
				},
				"2023-04-10": {
					"avg": 196,
					"count": 22,
					"min": 25,
					"max": 209
				},
				"2023-04-11": {
					"avg": 25,
					"count": 1,
					"min": 25,
					"max": 25
				},
				"2023-04-13": {
					"avg": 110,
					"count": 1,
					"min": 110,
					"max": 110
				},
				"2023-04-14": {
					"avg": 124,
					"count": 1,
					"min": 124,
					"max": 124
				},
				"2023-04-15": {
					"avg": 57,
					"count": 11,
					"min": 10,
					"max": 110
				},
				"2023-04-16": {
					"avg": 541,
					"count": 1,
					"min": 541,
					"max": 541
				},
				"2023-04-17": {
					"avg": 67,
					"count": 2,
					"min": 15,
					"max": 119
				},
				"2023-04-18": {
					"avg": 39,
					"count": 1,
					"min": 39,
					"max": 39
				},
				"2023-04-19": {
					"avg": 17,
					"count": 1,
					"min": 17,
					"max": 17
				},
				"2023-04-20": {
					"avg": 61,
					"count": 2,
					"min": 15,
					"max": 107
				},
				"2023-04-21": {
					"avg": 119,
					"count": 2,
					"min": 119,
					"max": 119
				},
				"2023-04-22": {
					"avg": 96,
					"count": 62,
					"min": 17,
					"max": 212
				},
				"2023-04-25": {
					"avg": 148,
					"count": 2,
					"min": 124,
					"max": 172
				},
				"2023-04-27": {
					"avg": 98,
					"count": 22,
					"min": 26,
					"max": 114
				},
				"2023-04-28": {
					"avg": 102,
					"count": 16,
					"min": 25,
					"max": 107
				},
				"2023-04-29": {
					"avg": 77,
					"count": 2,
					"min": 25,
					"max": 128
				},
				"2023-04-30": {
					"avg": 19,
					"count": 14,
					"min": 18,
					"max": 25
				},
				"2023-05-01": {
					"avg": 20,
					"count": 1,
					"min": 20,
					"max": 20
				},
				"2023-05-02": {
					"avg": 504,
					"count": 43,
					"min": 106,
					"max": 818
				},
				"2023-05-03": {
					"avg": 160,
					"count": 1,
					"min": 160,
					"max": 160
				},
				"2023-05-04": {
					"avg": 124,
					"count": 2,
					"min": 124,
					"max": 124
				},
				"2023-05-05": {
					"avg": 98,
					"count": 32,
					"min": 15,
					"max": 107
				},
				"2023-05-06": {
					"avg": 305,
					"count": 7,
					"min": 20,
					"max": 399
				},
				"2023-05-07": {
					"avg": 62,
					"count": 13,
					"min": 10,
					"max": 66
				},
				"2023-05-08": {
					"avg": 21,
					"count": 17,
					"min": 8,
					"max": 25
				},
				"2023-05-09": {
					"avg": 149,
					"count": 27,
					"min": 133,
					"max": 154
				},
				"2023-05-10": {
					"avg": 34,
					"count": 46,
					"min": 25,
					"max": 110
				},
				"2023-05-11": {
					"avg": 13,
					"count": 1,
					"min": 13,
					"max": 13
				},
				"2023-05-12": {
					"avg": 25,
					"count": 8,
					"min": 25,
					"max": 25
				},
				"2023-05-13": {
					"avg": 12,
					"count": 8,
					"min": 10,
					"max": 25
				},
				"2023-05-15": {
					"avg": 118,
					"count": 11,
					"min": 118,
					"max": 118
				},
				"2023-05-16": {
					"avg": 324,
					"count": 20,
					"min": 324,
					"max": 324
				},
				"2023-05-18": {
					"avg": 54,
					"count": 10,
					"min": 25,
					"max": 123
				},
				"2023-05-19": {
					"avg": 117,
					"count": 4,
					"min": 102,
					"max": 160
				},
				"2023-05-20": {
					"avg": 63,
					"count": 2,
					"min": 2,
					"max": 123
				},
				"2023-05-22": {
					"avg": 126,
					"count": 8,
					"min": 8,
					"max": 948
				},
				"2023-05-23": {
					"avg": 201,
					"count": 10,
					"min": 201,
					"max": 201
				},
				"2023-05-24": {
					"avg": 307,
					"count": 11,
					"min": 212,
					"max": 316
				},
				"2023-05-26": {
					"avg": 55,
					"count": 18,
					"min": 9,
					"max": 102
				},
				"2023-05-27": {
					"avg": 399,
					"count": 1,
					"min": 399,
					"max": 399
				},
				"2023-05-28": {
					"avg": 25,
					"count": 1,
					"min": 25,
					"max": 25
				},
				"2023-05-29": {
					"avg": 17,
					"count": 2,
					"min": 9,
					"max": 25
				},
				"2023-05-30": {
					"avg": 24,
					"count": 23,
					"min": 12,
					"max": 25
				},
				"2023-05-31": {
					"avg": 52,
					"count": 3,
					"min": 9,
					"max": 123
				},
				"2023-06-01": {
					"avg": 25,
					"count": 108,
					"min": 25,
					"max": 25
				},
				"2023-06-03": {
					"avg": 117,
					"count": 1,
					"min": 117,
					"max": 117
				},
				"2023-06-04": {
					"avg": 26,
					"count": 1,
					"min": 26,
					"max": 26
				},
				"2023-06-05": {
					"avg": 106,
					"count": 8,
					"min": 106,
					"max": 106
				},
				"2023-06-08": {
					"avg": 76,
					"count": 2,
					"min": 26,
					"max": 125
				},
				"2023-06-09": {
					"avg": 122,
					"count": 8,
					"min": 122,
					"max": 122
				},
				"2023-06-10": {
					"avg": 114,
					"count": 1,
					"min": 114,
					"max": 114
				},
				"2023-06-11": {
					"avg": 16,
					"count": 14,
					"min": 15,
					"max": 25
				},
				"2023-06-12": {
					"avg": 403,
					"count": 12,
					"min": 403,
					"max": 403
				},
				"2023-06-13": {
					"avg": 407,
					"count": 3,
					"min": 407,
					"max": 407
				},
				"2023-06-14": {
					"avg": 93,
					"count": 27,
					"min": 8,
					"max": 123
				},
				"2023-06-15": {
					"avg": 17,
					"count": 18,
					"min": 13,
					"max": 88
				},
				"2023-06-16": {
					"avg": 11,
					"count": 3,
					"min": 9,
					"max": 15
				},
				"2023-06-17": {
					"avg": 15,
					"count": 1,
					"min": 15,
					"max": 15
				},
				"2023-06-18": {
					"avg": 95,
					"count": 128,
					"min": 13,
					"max": 133
				},
				"2023-06-19": {
					"avg": 113,
					"count": 111,
					"min": 107,
					"max": 127
				},
				"2023-06-20": {
					"avg": 40,
					"count": 4,
					"min": 9,
					"max": 118
				},
				"2023-06-21": {
					"avg": 124,
					"count": 1,
					"min": 124,
					"max": 124
				},
				"2023-06-22": {
					"avg": 174,
					"count": 1,
					"min": 174,
					"max": 174
				},
				"2023-06-24": {
					"avg": 120,
					"count": 2,
					"min": 120,
					"max": 120
				},
				"2023-06-25": {
					"avg": 149,
					"count": 11,
					"min": 20,
					"max": 162
				},
				"2023-06-26": {
					"avg": 178,
					"count": 1,
					"min": 178,
					"max": 178
				},
				"2023-06-27": {
					"avg": 14,
					"count": 2,
					"min": 12,
					"max": 15
				},
				"2023-06-28": {
					"avg": 31,
					"count": 10,
					"min": 21,
					"max": 124
				},
				"2023-06-29": {
					"avg": 11,
					"count": 3,
					"min": 8,
					"max": 12
				},
				"2023-06-30": {
					"avg": 25,
					"count": 15,
					"min": 25,
					"max": 25
				},
				"2023-07-02": {
					"avg": 211,
					"count": 10,
					"min": 211,
					"max": 211
				},
				"2023-07-03": {
					"avg": 88,
					"count": 13,
					"min": 4,
					"max": 103
				},
				"2023-07-04": {
					"avg": 61,
					"count": 2,
					"min": 12,
					"max": 110
				},
				"2023-07-05": {
					"avg": 67,
					"count": 12,
					"min": 15,
					"max": 221
				},
				"2023-07-06": {
					"avg": 66,
					"count": 14,
					"min": 22,
					"max": 113
				},
				"2023-07-07": {
					"avg": 98,
					"count": 6,
					"min": 86,
					"max": 130
				},
				"2023-07-08": {
					"avg": 117,
					"count": 2,
					"min": 110,
					"max": 124
				},
				"2023-07-09": {
					"avg": 44,
					"count": 3,
					"min": 12,
					"max": 107
				},
				"2023-07-10": {
					"avg": 124,
					"count": 1,
					"min": 124,
					"max": 124
				},
				"2023-07-11": {
					"avg": 269,
					"count": 28,
					"min": 203,
					"max": 435
				},
				"2023-07-12": {
					"avg": 73,
					"count": 2,
					"min": 24,
					"max": 122
				},
				"2023-07-13": {
					"avg": 60,
					"count": 13,
					"min": 40,
					"max": 62
				},
				"2023-07-14": {
					"avg": 113,
					"count": 7,
					"min": 110,
					"max": 128
				},
				"2023-07-16": {
					"avg": 110,
					"count": 5,
					"min": 110,
					"max": 111
				},
				"2023-07-17": {
					"avg": 107,
					"count": 47,
					"min": 60,
					"max": 407
				},
				"2023-07-18": {
					"avg": 96,
					"count": 58,
					"min": 11,
					"max": 211
				},
				"2023-07-19": {
					"avg": 80,
					"count": 5,
					"min": 11,
					"max": 124
				},
				"2023-07-20": {
					"avg": 20,
					"count": 1,
					"min": 20,
					"max": 20
				},
				"2023-07-21": {
					"avg": 23,
					"count": 3,
					"min": 22,
					"max": 26
				},
				"2023-07-23": {
					"avg": 44,
					"count": 4,
					"min": 4,
					"max": 125
				},
				"2023-07-24": {
					"avg": 99,
					"count": 21,
					"min": 4,
					"max": 124
				},
				"2023-07-25": {
					"avg": 114,
					"count": 57,
					"min": 10,
					"max": 179
				},
				"2023-07-26": {
					"avg": 71,
					"count": 2,
					"min": 26,
					"max": 115
				},
				"2023-07-27": {
					"avg": 30,
					"count": 29,
					"min": 20,
					"max": 119
				},
				"2023-07-29": {
					"avg": 37,
					"count": 13,
					"min": 20,
					"max": 115
				},
				"2023-07-30": {
					"avg": 107,
					"count": 21,
					"min": 8,
					"max": 1019
				},
				"2023-07-31": {
					"avg": 18,
					"count": 2,
					"min": 15,
					"max": 20
				},
				"2023-08-01": {
					"avg": 110,
					"count": 2,
					"min": 105,
					"max": 115
				},
				"2023-08-02": {
					"avg": 18,
					"count": 2,
					"min": 16,
					"max": 20
				},
				"2023-08-03": {
					"avg": 80,
					"count": 2,
					"min": 12,
					"max": 148
				},
				"2023-08-04": {
					"avg": 82,
					"count": 4,
					"min": 20,
					"max": 119
				},
				"2023-08-05": {
					"avg": 165,
					"count": 1,
					"min": 165,
					"max": 165
				},
				"2023-08-06": {
					"avg": 1577,
					"count": 8,
					"min": 100,
					"max": 2019
				},
				"2023-08-07": {
					"avg": 70,
					"count": 2,
					"min": 26,
					"max": 114
				},
				"2023-08-08": {
					"avg": 94,
					"count": 2,
					"min": 80,
					"max": 108
				},
				"2023-08-09": {
					"avg": 134,
					"count": 1,
					"min": 134,
					"max": 134
				},
				"2023-08-10": {
					"avg": 101,
					"count": 22,
					"min": 20,
					"max": 210
				},
				"2023-08-11": {
					"avg": 24,
					"count": 2,
					"min": 12,
					"max": 36
				},
				"2023-08-12": {
					"avg": 113,
					"count": 13,
					"min": 70,
					"max": 117
				},
				"2023-08-13": {
					"avg": 30,
					"count": 64,
					"min": 12,
					"max": 36
				},
				"2023-08-14": {
					"avg": 88,
					"count": 4,
					"min": 20,
					"max": 115
				},
				"2023-08-15": {
					"avg": 20,
					"count": 1,
					"min": 20,
					"max": 20
				},
				"2023-08-16": {
					"avg": 109,
					"count": 23,
					"min": 29,
					"max": 125
				},
				"2023-08-17": {
					"avg": 115,
					"count": 2,
					"min": 115,
					"max": 115
				},
				"2023-08-18": {
					"avg": 124,
					"count": 1,
					"min": 124,
					"max": 124
				},
				"2023-08-19": {
					"avg": 50,
					"count": 11,
					"min": 15,
					"max": 399
				},
				"2023-08-20": {
					"avg": 20,
					"count": 1,
					"min": 20,
					"max": 20
				},
				"2023-08-21": {
					"avg": 100,
					"count": 13,
					"min": 22,
					"max": 107
				},
				"2023-08-22": {
					"avg": 95,
					"count": 6,
					"min": 22,
					"max": 110
				},
				"2023-08-23": {
					"avg": 421,
					"count": 6,
					"min": 421,
					"max": 421
				},
				"2023-08-24": {
					"avg": 129,
					"count": 10,
					"min": 129,
					"max": 129
				},
				"2023-08-25": {
					"avg": 121,
					"count": 2,
					"min": 119,
					"max": 124
				},
				"2023-08-27": {
					"avg": 310,
					"count": 5,
					"min": 111,
					"max": 600
				},
				"2023-08-28": {
					"avg": 131,
					"count": 13,
					"min": 23,
					"max": 399
				},
				"2023-08-29": {
					"avg": 115,
					"count": 15,
					"min": 115,
					"max": 115
				},
				"2023-08-30": {
					"avg": 48,
					"count": 3,
					"min": 9,
					"max": 106
				},
				"2023-08-31": {
					"avg": 119,
					"count": 2,
					"min": 119,
					"max": 119
				},
				"2023-09-01": {
					"avg": 28,
					"count": 2,
					"min": 25,
					"max": 31
				},
				"2023-09-02": {
					"avg": 29,
					"count": 33,
					"min": 11,
					"max": 124
				},
				"2023-09-03": {
					"avg": 293,
					"count": 15,
					"min": 124,
					"max": 378
				},
				"2023-09-04": {
					"avg": 54,
					"count": 3,
					"min": 21,
					"max": 117
				},
				"2023-09-06": {
					"avg": 34,
					"count": 4,
					"min": 25,
					"max": 62
				},
				"2023-09-07": {
					"avg": 205,
					"count": 4,
					"min": 25,
					"max": 744
				},
				"2023-09-08": {
					"avg": 444,
					"count": 2,
					"min": 114,
					"max": 774
				},
				"2023-09-09": {
					"avg": 70,
					"count": 7,
					"min": 2,
					"max": 110
				},
				"2023-09-10": {
					"avg": 375,
					"count": 9,
					"min": 68,
					"max": 512
				},
				"2023-09-11": {
					"avg": 295,
					"count": 9,
					"min": 12,
					"max": 1710
				},
				"2023-09-12": {
					"avg": 86,
					"count": 3,
					"min": 17,
					"max": 120
				},
				"2023-09-13": {
					"avg": 23,
					"count": 1,
					"min": 23,
					"max": 23
				},
				"2023-09-14": {
					"avg": 105,
					"count": 14,
					"min": 101,
					"max": 115
				},
				"2023-09-15": {
					"avg": 129,
					"count": 21,
					"min": 114,
					"max": 133
				},
				"2023-09-16": {
					"avg": 1065,
					"count": 2,
					"min": 114,
					"max": 2016
				},
				"2023-09-17": {
					"avg": 77,
					"count": 2,
					"min": 29,
					"max": 126
				},
				"2023-09-18": {
					"avg": 114,
					"count": 1,
					"min": 114,
					"max": 114
				},
				"2023-09-19": {
					"avg": 26,
					"count": 3,
					"min": 25,
					"max": 27
				},
				"2023-09-20": {
					"avg": 25,
					"count": 3,
					"min": 25,
					"max": 25
				},
				"2023-09-21": {
					"avg": 22,
					"count": 2,
					"min": 18,
					"max": 25
				},
				"2023-09-22": {
					"avg": 25,
					"count": 22,
					"min": 20,
					"max": 124
				},
				"2023-09-23": {
					"avg": 114,
					"count": 43,
					"min": 110,
					"max": 116
				},
				"2023-09-24": {
					"avg": 186,
					"count": 23,
					"min": 20,
					"max": 209
				},
				"2023-09-25": {
					"avg": 18,
					"count": 20,
					"min": 18,
					"max": 18
				},
				"2023-09-26": {
					"avg": 86,
					"count": 3,
					"min": 20,
					"max": 124
				},
				"2023-09-27": {
					"avg": 145,
					"count": 3,
					"min": 10,
					"max": 399
				},
				"2023-09-28": {
					"avg": 95,
					"count": 4,
					"min": 21,
					"max": 129
				},
				"2023-09-29": {
					"avg": 22,
					"count": 1,
					"min": 22,
					"max": 22
				},
				"2023-09-30": {
					"avg": 1140,
					"count": 52,
					"min": 20,
					"max": 2016
				},
				"2023-10-01": {
					"avg": 110,
					"count": 1,
					"min": 110,
					"max": 110
				},
				"2023-10-02": {
					"avg": 20,
					"count": 25,
					"min": 20,
					"max": 20
				},
				"2023-10-03": {
					"avg": 487,
					"count": 34,
					"min": 15,
					"max": 2023
				},
				"2023-10-04": {
					"avg": 174,
					"count": 34,
					"min": 24,
					"max": 238
				},
				"2023-10-06": {
					"avg": 179,
					"count": 1,
					"min": 179,
					"max": 179
				},
				"2023-10-07": {
					"avg": 86,
					"count": 14,
					"min": 10,
					"max": 117
				},
				"2023-10-08": {
					"avg": 65,
					"count": 26,
					"min": 11,
					"max": 128
				},
				"2023-10-09": {
					"avg": 110,
					"count": 1,
					"min": 110,
					"max": 110
				},
				"2023-10-10": {
					"avg": 83,
					"count": 2,
					"min": 49,
					"max": 117
				},
				"2023-10-11": {
					"avg": 80,
					"count": 2,
					"min": 30,
					"max": 129
				},
				"2023-10-12": {
					"avg": 262,
					"count": 2,
					"min": 124,
					"max": 399
				},
				"2023-10-13": {
					"avg": 71,
					"count": 2,
					"min": 16,
					"max": 126
				},
				"2023-10-14": {
					"avg": 15,
					"count": 8,
					"min": 15,
					"max": 15
				},
				"2023-10-15": {
					"avg": 132,
					"count": 2,
					"min": 30,
					"max": 234
				},
				"2023-10-16": {
					"avg": 117,
					"count": 22,
					"min": 117,
					"max": 117
				},
				"2023-10-17": {
					"avg": 100,
					"count": 13,
					"min": 16,
					"max": 126
				},
				"2023-10-18": {
					"avg": 115,
					"count": 1,
					"min": 115,
					"max": 115
				},
				"2023-10-19": {
					"avg": 92,
					"count": 242,
					"min": 15,
					"max": 413
				},
				"2023-10-20": {
					"avg": 34,
					"count": 40,
					"min": 15,
					"max": 128
				},
				"2023-10-21": {
					"avg": 49,
					"count": 1,
					"min": 49,
					"max": 49
				},
				"2023-10-22": {
					"avg": 15,
					"count": 1,
					"min": 15,
					"max": 15
				},
				"2023-10-24": {
					"avg": 323,
					"count": 28,
					"min": 15,
					"max": 509
				},
				"2023-10-25": {
					"avg": 93,
					"count": 15,
					"min": 15,
					"max": 110
				},
				"2023-10-26": {
					"avg": 125,
					"count": 2,
					"min": 110,
					"max": 139
				},
				"2023-10-27": {
					"avg": 123,
					"count": 12,
					"min": 123,
					"max": 123
				},
				"2023-10-28": {
					"avg": 39,
					"count": 1,
					"min": 39,
					"max": 39
				},
				"2023-10-29": {
					"avg": 16,
					"count": 2,
					"min": 12,
					"max": 20
				},
				"2023-10-30": {
					"avg": 38,
					"count": 34,
					"min": 12,
					"max": 119
				},
				"2023-10-31": {
					"avg": 89,
					"count": 2,
					"min": 49,
					"max": 128
				},
				"2023-11-01": {
					"avg": 113,
					"count": 14,
					"min": 110,
					"max": 147
				},
				"2023-11-02": {
					"avg": 29,
					"count": 2,
					"min": 20,
					"max": 37
				},
				"2023-11-03": {
					"avg": 184,
					"count": 2,
					"min": 149,
					"max": 219
				},
				"2023-11-04": {
					"avg": 37,
					"count": 39,
					"min": 20,
					"max": 115
				},
				"2023-11-05": {
					"avg": 76,
					"count": 28,
					"min": 12,
					"max": 124
				},
				"2023-11-06": {
					"avg": 175,
					"count": 2,
					"min": 124,
					"max": 226
				},
				"2023-11-08": {
					"avg": 141,
					"count": 2,
					"min": 120,
					"max": 162
				},
				"2023-11-09": {
					"avg": 26,
					"count": 9,
					"min": 12,
					"max": 117
				},
				"2023-11-10": {
					"avg": 106,
					"count": 65,
					"min": 18,
					"max": 169
				},
				"2023-11-11": {
					"avg": 72,
					"count": 2,
					"min": 20,
					"max": 124
				},
				"2023-11-12": {
					"avg": 134,
					"count": 10,
					"min": 25,
					"max": 147
				},
				"2023-11-13": {
					"avg": 72,
					"count": 13,
					"min": 66,
					"max": 149
				},
				"2023-11-14": {
					"avg": 97,
					"count": 14,
					"min": 16,
					"max": 147
				},
				"2023-11-16": {
					"avg": 106,
					"count": 5,
					"min": 17,
					"max": 164
				},
				"2023-11-17": {
					"avg": 17,
					"count": 1,
					"min": 17,
					"max": 17
				},
				"2023-11-18": {
					"avg": 20,
					"count": 2,
					"min": 20,
					"max": 20
				},
				"2023-11-19": {
					"avg": 106,
					"count": 45,
					"min": 25,
					"max": 164
				},
				"2023-11-20": {
					"avg": 41,
					"count": 18,
					"min": 25,
					"max": 124
				},
				"2023-11-21": {
					"avg": 115,
					"count": 13,
					"min": 113,
					"max": 125
				},
				"2023-11-22": {
					"avg": 25,
					"count": 2,
					"min": 24,
					"max": 25
				},
				"2023-11-23": {
					"avg": 118,
					"count": 18,
					"min": 23,
					"max": 521
				},
				"2023-11-24": {
					"avg": 113,
					"count": 32,
					"min": 25,
					"max": 188
				},
				"2023-11-25": {
					"avg": 49,
					"count": 3,
					"min": 16,
					"max": 111
				},
				"2023-11-26": {
					"avg": 117,
					"count": 31,
					"min": 16,
					"max": 129
				},
				"2023-11-27": {
					"avg": 84,
					"count": 10,
					"min": 69,
					"max": 151
				},
				"2024-05-17": {
					"avg": 326,
					"count": 275,
					"min": 24,
					"max": 515
				},
				"2024-05-18": {
					"avg": 165,
					"count": 18,
					"min": 147,
					"max": 166
				},
				"2024-05-19": {
					"avg": 536,
					"count": 1,
					"min": 536,
					"max": 536
				},
				"2024-05-20": {
					"avg": 118,
					"count": 16,
					"min": 50,
					"max": 172
				},
				"2024-05-21": {
					"avg": 138,
					"count": 2,
					"min": 137,
					"max": 138
				},
				"2024-05-22": {
					"avg": 147,
					"count": 1,
					"min": 147,
					"max": 147
				},
				"2024-05-26": {
					"avg": 508,
					"count": 1,
					"min": 508,
					"max": 508
				},
				"2024-05-27": {
					"avg": 20,
					"count": 1,
					"min": 20,
					"max": 20
				},
				"2024-05-29": {
					"avg": 394,
					"count": 1,
					"min": 394,
					"max": 394
				},
				"2024-05-31": {
					"avg": 184,
					"count": 2,
					"min": 142,
					"max": 225
				},
				"2024-06-01": {
					"avg": 24,
					"count": 9,
					"min": 9,
					"max": 28
				},
				"2024-06-02": {
					"avg": 165,
					"count": 1,
					"min": 165,
					"max": 165
				},
				"2024-06-03": {
					"avg": 150,
					"count": 5,
					"min": 150,
					"max": 150
				},
				"2024-06-05": {
					"avg": 138,
					"count": 1,
					"min": 138,
					"max": 138
				},
				"2024-06-07": {
					"avg": 140,
					"count": 4,
					"min": 140,
					"max": 140
				},
				"2024-06-08": {
					"avg": 109,
					"count": 26,
					"min": 109,
					"max": 109
				},
				"2024-06-09": {
					"avg": 139,
					"count": 5,
					"min": 128,
					"max": 142
				},
				"2024-06-10": {
					"avg": 16,
					"count": 1,
					"min": 16,
					"max": 16
				},
				"2024-06-11": {
					"avg": 503,
					"count": 11,
					"min": 444,
					"max": 508
				},
				"2024-06-12": {
					"avg": 20,
					"count": 4,
					"min": 16,
					"max": 28
				},
				"2024-06-13": {
					"avg": 140,
					"count": 1,
					"min": 140,
					"max": 140
				},
				"2024-06-15": {
					"avg": 137,
					"count": 1,
					"min": 137,
					"max": 137
				},
				"2024-06-16": {
					"avg": 142,
					"count": 1,
					"min": 142,
					"max": 142
				},
				"2024-06-17": {
					"avg": 119,
					"count": 4,
					"min": 115,
					"max": 124
				},
				"2024-06-19": {
					"avg": 28,
					"count": 25,
					"min": 28,
					"max": 28
				},
				"2024-06-21": {
					"avg": 17,
					"count": 1,
					"min": 17,
					"max": 17
				},
				"2024-06-25": {
					"avg": 78,
					"count": 2,
					"min": 16,
					"max": 139
				},
				"2024-06-26": {
					"avg": 25,
					"count": 20,
					"min": 25,
					"max": 25
				},
				"2024-06-27": {
					"avg": 18,
					"count": 5,
					"min": 18,
					"max": 18
				},
				"2024-06-28": {
					"avg": 147,
					"count": 1,
					"min": 147,
					"max": 147
				},
				"2024-06-30": {
					"avg": 35,
					"count": 2,
					"min": 35,
					"max": 35
				},
				"2024-07-02": {
					"avg": 39,
					"count": 1,
					"min": 39,
					"max": 39
				},
				"2024-07-04": {
					"avg": 87,
					"count": 11,
					"min": 25,
					"max": 137
				},
				"2024-07-08": {
					"avg": 34,
					"count": 20,
					"min": 22,
					"max": 268
				},
				"2024-07-09": {
					"avg": 53,
					"count": 16,
					"min": 22,
					"max": 503
				},
				"2024-07-10": {
					"avg": 143,
					"count": 3,
					"min": 143,
					"max": 143
				},
				"2024-07-12": {
					"avg": 21,
					"count": 39,
					"min": 21,
					"max": 21
				},
				"2024-07-13": {
					"avg": 122,
					"count": 3,
					"min": 90,
					"max": 142
				},
				"2024-07-15": {
					"avg": 81,
					"count": 2,
					"min": 33,
					"max": 129
				},
				"2024-07-16": {
					"avg": 183,
					"count": 5,
					"min": 25,
					"max": 222
				},
				"2024-07-19": {
					"avg": 100,
					"count": 13,
					"min": 33,
					"max": 105
				},
				"2024-07-20": {
					"avg": 50,
					"count": 7,
					"min": 35,
					"max": 133
				},
				"2024-07-21": {
					"avg": 28,
					"count": 1,
					"min": 28,
					"max": 28
				},
				"2024-07-23": {
					"avg": 154,
					"count": 7,
					"min": 24,
					"max": 523
				},
				"2024-07-24": {
					"avg": 100,
					"count": 3,
					"min": 25,
					"max": 140
				},
				"2024-07-25": {
					"avg": 104,
					"count": 32,
					"min": 35,
					"max": 133
				},
				"2024-07-26": {
					"avg": 25,
					"count": 5,
					"min": 25,
					"max": 25
				},
				"2024-07-27": {
					"avg": 20,
					"count": 20,
					"min": 20,
					"max": 20
				},
				"2024-07-28": {
					"avg": 166,
					"count": 20,
					"min": 166,
					"max": 166
				},
				"2024-07-29": {
					"avg": 22,
					"count": 18,
					"min": 22,
					"max": 22
				},
				"2024-07-30": {
					"avg": 137,
					"count": 1,
					"min": 137,
					"max": 137
				},
				"2024-08-01": {
					"avg": 147,
					"count": 79,
					"min": 122,
					"max": 639
				},
				"2024-08-02": {
					"avg": 148,
					"count": 20,
					"min": 142,
					"max": 165
				},
				"2024-08-05": {
					"avg": 130,
					"count": 18,
					"min": 130,
					"max": 135
				},
				"2024-08-09": {
					"avg": 39,
					"count": 9,
					"min": 25,
					"max": 146
				},
				"2024-08-10": {
					"avg": 35,
					"count": 1,
					"min": 35,
					"max": 35
				},
				"2024-08-11": {
					"avg": 104,
					"count": 20,
					"min": 19,
					"max": 146
				},
				"2024-08-13": {
					"avg": 22,
					"count": 20,
					"min": 22,
					"max": 22
				},
				"2024-08-14": {
					"avg": 78,
					"count": 25,
					"min": 11,
					"max": 147
				},
				"2024-08-16": {
					"avg": 148,
					"count": 19,
					"min": 14,
					"max": 544
				},
				"2024-08-17": {
					"avg": 92,
					"count": 2,
					"min": 35,
					"max": 148
				},
				"2024-08-18": {
					"avg": 146,
					"count": 1,
					"min": 146,
					"max": 146
				},
				"2024-08-19": {
					"avg": 25,
					"count": 1,
					"min": 25,
					"max": 25
				},
				"2024-08-20": {
					"avg": 132,
					"count": 11,
					"min": 21,
					"max": 143
				},
				"2024-08-22": {
					"avg": 21,
					"count": 10,
					"min": 21,
					"max": 21
				},
				"2024-08-24": {
					"avg": 152,
					"count": 3,
					"min": 152,
					"max": 152
				},
				"2024-08-26": {
					"avg": 136,
					"count": 11,
					"min": 16,
					"max": 152
				},
				"2024-08-27": {
					"avg": 35,
					"count": 3,
					"min": 24,
					"max": 40
				},
				"2024-08-28": {
					"avg": 16,
					"count": 1,
					"min": 16,
					"max": 16
				},
				"2024-08-29": {
					"avg": 22,
					"count": 1,
					"min": 22,
					"max": 22
				},
				"2024-09-01": {
					"avg": 25,
					"count": 2,
					"min": 25,
					"max": 25
				},
				"2024-09-05": {
					"avg": 179,
					"count": 8,
					"min": 179,
					"max": 179
				},
				"2024-09-08": {
					"avg": 142,
					"count": 1,
					"min": 142,
					"max": 142
				},
				"2024-09-09": {
					"avg": 133,
					"count": 1,
					"min": 133,
					"max": 133
				},
				"2024-09-10": {
					"avg": 22,
					"count": 23,
					"min": 22,
					"max": 22
				},
				"2024-09-11": {
					"avg": 410,
					"count": 3,
					"min": 143,
					"max": 544
				},
				"2024-09-12": {
					"avg": 30,
					"count": 21,
					"min": 22,
					"max": 152
				},
				"2024-09-14": {
					"avg": 53,
					"count": 22,
					"min": 25,
					"max": 535
				},
				"2024-09-16": {
					"avg": 124,
					"count": 15,
					"min": 19,
					"max": 141
				},
				"2024-09-17": {
					"avg": 24,
					"count": 1,
					"min": 24,
					"max": 24
				},
				"2024-09-20": {
					"avg": 54,
					"count": 3,
					"min": 25,
					"max": 110
				}
			},
			"avg": 132,
			"avg7": 305,
			"avg28": 305
		},
		"normal-played": {
			"history": {
				"2024-05-23": {
					"avg": 514,
					"count": 3,
					"min": 514,
					"max": 514
				},
				"2024-05-27": {
					"avg": 122,
					"count": 12,
					"min": 5,
					"max": 138
				},
				"2024-05-29": {
					"avg": 25,
					"count": 4,
					"min": 25,
					"max": 25
				},
				"2024-05-30": {
					"avg": 24,
					"count": 2,
					"min": 13,
					"max": 35
				},
				"2024-05-31": {
					"avg": 127,
					"count": 1,
					"min": 127,
					"max": 127
				},
				"2024-06-02": {
					"avg": 134,
					"count": 24,
					"min": 113,
					"max": 158
				},
				"2024-06-03": {
					"avg": 95,
					"count": 8,
					"min": 10,
					"max": 146
				},
				"2024-06-04": {
					"avg": 93,
					"count": 11,
					"min": 17,
					"max": 137
				},
				"2024-06-05": {
					"avg": 132,
					"count": 1,
					"min": 132,
					"max": 132
				},
				"2024-06-06": {
					"avg": 136,
					"count": 3,
					"min": 136,
					"max": 136
				},
				"2024-06-07": {
					"avg": 14,
					"count": 5,
					"min": 14,
					"max": 14
				},
				"2024-06-08": {
					"avg": 215,
					"count": 12,
					"min": 215,
					"max": 215
				},
				"2024-06-10": {
					"avg": 25,
					"count": 17,
					"min": 25,
					"max": 25
				},
				"2024-06-11": {
					"avg": 128,
					"count": 4,
					"min": 114,
					"max": 132
				},
				"2024-06-13": {
					"avg": 135,
					"count": 5,
					"min": 135,
					"max": 135
				},
				"2024-06-15": {
					"avg": 123,
					"count": 15,
					"min": 112,
					"max": 137
				},
				"2024-06-16": {
					"avg": 135,
					"count": 6,
					"min": 135,
					"max": 135
				},
				"2024-06-18": {
					"avg": 132,
					"count": 1,
					"min": 132,
					"max": 132
				},
				"2024-06-19": {
					"avg": 132,
					"count": 1,
					"min": 132,
					"max": 132
				},
				"2024-06-21": {
					"avg": 75,
					"count": 15,
					"min": 15,
					"max": 132
				},
				"2024-06-23": {
					"avg": 135,
					"count": 10,
					"min": 135,
					"max": 135
				},
				"2024-06-24": {
					"avg": 25,
					"count": 1,
					"min": 25,
					"max": 25
				},
				"2024-06-25": {
					"avg": 24,
					"count": 1,
					"min": 24,
					"max": 24
				},
				"2024-06-27": {
					"avg": 16,
					"count": 5,
					"min": 16,
					"max": 16
				},
				"2024-06-28": {
					"avg": 127,
					"count": 1,
					"min": 127,
					"max": 127
				},
				"2024-06-29": {
					"avg": 308,
					"count": 12,
					"min": 308,
					"max": 308
				},
				"2024-07-03": {
					"avg": 11,
					"count": 1,
					"min": 11,
					"max": 11
				},
				"2024-07-05": {
					"avg": 24,
					"count": 10,
					"min": 24,
					"max": 24
				},
				"2024-07-06": {
					"avg": 409,
					"count": 1,
					"min": 409,
					"max": 409
				},
				"2024-07-07": {
					"avg": 175,
					"count": 15,
					"min": 175,
					"max": 175
				},
				"2024-07-08": {
					"avg": 15,
					"count": 1,
					"min": 15,
					"max": 15
				},
				"2024-07-10": {
					"avg": 143,
					"count": 20,
					"min": 126,
					"max": 215
				},
				"2024-07-12": {
					"avg": 13,
					"count": 3,
					"min": 4,
					"max": 20
				},
				"2024-07-13": {
					"avg": 15,
					"count": 1,
					"min": 15,
					"max": 15
				},
				"2024-07-14": {
					"avg": 15,
					"count": 1,
					"min": 15,
					"max": 15
				},
				"2024-07-15": {
					"avg": 127,
					"count": 12,
					"min": 35,
					"max": 136
				},
				"2024-07-17": {
					"avg": 14,
					"count": 13,
					"min": 14,
					"max": 14
				},
				"2024-07-19": {
					"avg": 141,
					"count": 1,
					"min": 141,
					"max": 141
				},
				"2024-07-20": {
					"avg": 130,
					"count": 17,
					"min": 24,
					"max": 163
				},
				"2024-07-22": {
					"avg": 130,
					"count": 3,
					"min": 130,
					"max": 130
				},
				"2024-07-26": {
					"avg": 141,
					"count": 10,
					"min": 141,
					"max": 141
				},
				"2024-07-31": {
					"avg": 35,
					"count": 3,
					"min": 35,
					"max": 35
				},
				"2024-08-02": {
					"avg": 513,
					"count": 4,
					"min": 513,
					"max": 513
				},
				"2024-08-03": {
					"avg": 189,
					"count": 8,
					"min": 189,
					"max": 189
				},
				"2024-08-04": {
					"avg": 75,
					"count": 2,
					"min": 13,
					"max": 137
				},
				"2024-08-08": {
					"avg": 140,
					"count": 2,
					"min": 140,
					"max": 140
				},
				"2024-08-09": {
					"avg": 17,
					"count": 20,
					"min": 15,
					"max": 17
				},
				"2024-08-11": {
					"avg": 110,
					"count": 17,
					"min": 15,
					"max": 154
				},
				"2024-08-12": {
					"avg": 104,
					"count": 3,
					"min": 35,
					"max": 139
				},
				"2024-08-14": {
					"avg": 150,
					"count": 24,
					"min": 10,
					"max": 574
				},
				"2024-08-15": {
					"avg": 13,
					"count": 1,
					"min": 13,
					"max": 13
				},
				"2024-08-16": {
					"avg": 113,
					"count": 1,
					"min": 113,
					"max": 113
				},
				"2024-08-18": {
					"avg": 40,
					"count": 11,
					"min": 17,
					"max": 140
				},
				"2024-08-19": {
					"avg": 141,
					"count": 1,
					"min": 141,
					"max": 141
				},
				"2024-08-20": {
					"avg": 130,
					"count": 1,
					"min": 130,
					"max": 130
				},
				"2024-08-21": {
					"avg": 130,
					"count": 1,
					"min": 130,
					"max": 130
				},
				"2024-08-22": {
					"avg": 10,
					"count": 4,
					"min": 10,
					"max": 10
				},
				"2024-08-25": {
					"avg": 137,
					"count": 28,
					"min": 137,
					"max": 137
				},
				"2024-08-26": {
					"avg": 48,
					"count": 5,
					"min": 22,
					"max": 149
				},
				"2024-08-27": {
					"avg": 46,
					"count": 18,
					"min": 11,
					"max": 138
				},
				"2024-08-28": {
					"avg": 11,
					"count": 2,
					"min": 11,
					"max": 11
				},
				"2024-08-31": {
					"avg": 132,
					"count": 1,
					"min": 132,
					"max": 132
				},
				"2024-09-01": {
					"avg": 10,
					"count": 1,
					"min": 10,
					"max": 10
				},
				"2024-09-02": {
					"avg": 146,
					"count": 16,
					"min": 146,
					"max": 146
				},
				"2024-09-04": {
					"avg": 138,
					"count": 7,
					"min": 138,
					"max": 138
				},
				"2024-09-06": {
					"avg": 137,
					"count": 1,
					"min": 137,
					"max": 137
				},
				"2024-09-08": {
					"avg": 179,
					"count": 1,
					"min": 179,
					"max": 179
				},
				"2024-09-10": {
					"avg": 136,
					"count": 1,
					"min": 136,
					"max": 136
				},
				"2024-09-21": {
					"avg": 142,
					"count": 7,
					"min": 142,
					"max": 142
				},
				"2024-09-23": {
					"avg": 336,
					"count": 4,
					"min": 336,
					"max": 336
				}
			},
			"avg": 118,
			"avg7": -1,
			"avg28": -1
		},
		"normal-nearmint": {
			"history": {
				"2024-05-25": {
					"avg": 50,
					"count": 1,
					"min": 50,
					"max": 50
				},
				"2024-05-26": {
					"avg": 147,
					"count": 1,
					"min": 147,
					"max": 147
				},
				"2024-05-27": {
					"avg": 38,
					"count": 8,
					"min": 38,
					"max": 38
				},
				"2024-05-29": {
					"avg": 85,
					"count": 3,
					"min": 50,
					"max": 102
				},
				"2024-05-31": {
					"avg": 1039,
					"count": 7,
					"min": 34,
					"max": 1710
				},
				"2024-06-02": {
					"avg": 131,
					"count": 31,
					"min": 12,
					"max": 223
				},
				"2024-06-03": {
					"avg": 68,
					"count": 3,
					"min": 12,
					"max": 157
				},
				"2024-06-06": {
					"avg": 157,
					"count": 1,
					"min": 157,
					"max": 157
				},
				"2024-06-08": {
					"avg": 134,
					"count": 10,
					"min": 134,
					"max": 134
				},
				"2024-06-09": {
					"avg": 337,
					"count": 2,
					"min": 100,
					"max": 574
				},
				"2024-06-10": {
					"avg": 136,
					"count": 10,
					"min": 136,
					"max": 136
				},
				"2024-06-11": {
					"avg": 536,
					"count": 2,
					"min": 536,
					"max": 536
				},
				"2024-06-12": {
					"avg": 211,
					"count": 13,
					"min": 50,
					"max": 224
				},
				"2024-06-13": {
					"avg": 196,
					"count": 2,
					"min": 142,
					"max": 249
				},
				"2024-06-14": {
					"avg": 147,
					"count": 1,
					"min": 147,
					"max": 147
				},
				"2024-06-15": {
					"avg": 229,
					"count": 2,
					"min": 157,
					"max": 300
				},
				"2024-06-17": {
					"avg": 136,
					"count": 2,
					"min": 119,
					"max": 152
				},
				"2024-06-18": {
					"avg": 94,
					"count": 2,
					"min": 35,
					"max": 152
				},
				"2024-06-20": {
					"avg": 146,
					"count": 1,
					"min": 146,
					"max": 146
				},
				"2024-06-21": {
					"avg": 119,
					"count": 12,
					"min": 119,
					"max": 119
				},
				"2024-06-26": {
					"avg": 35,
					"count": 1,
					"min": 35,
					"max": 35
				},
				"2024-06-28": {
					"avg": 47,
					"count": 1,
					"min": 47,
					"max": 47
				},
				"2024-06-29": {
					"avg": 169,
					"count": 1,
					"min": 169,
					"max": 169
				},
				"2024-07-01": {
					"avg": 156,
					"count": 10,
					"min": 20,
					"max": 182
				},
				"2024-07-02": {
					"avg": 119,
					"count": 14,
					"min": 119,
					"max": 119
				},
				"2024-07-03": {
					"avg": 137,
					"count": 1,
					"min": 137,
					"max": 137
				},
				"2024-07-05": {
					"avg": 151,
					"count": 3,
					"min": 134,
					"max": 173
				},
				"2024-07-07": {
					"avg": 137,
					"count": 1,
					"min": 137,
					"max": 137
				},
				"2024-07-10": {
					"avg": 106,
					"count": 2,
					"min": 20,
					"max": 192
				},
				"2024-07-11": {
					"avg": 95,
					"count": 2,
					"min": 47,
					"max": 142
				},
				"2024-07-12": {
					"avg": 47,
					"count": 8,
					"min": 47,
					"max": 47
				},
				"2024-07-13": {
					"avg": 141,
					"count": 2,
					"min": 140,
					"max": 142
				},
				"2024-07-14": {
					"avg": 23,
					"count": 15,
					"min": 20,
					"max": 35
				},
				"2024-07-15": {
					"avg": 137,
					"count": 15,
					"min": 137,
					"max": 137
				},
				"2024-07-19": {
					"avg": 514,
					"count": 1,
					"min": 514,
					"max": 514
				},
				"2024-07-20": {
					"avg": 30,
					"count": 44,
					"min": 20,
					"max": 222
				},
				"2024-07-22": {
					"avg": 121,
					"count": 3,
					"min": 47,
					"max": 173
				},
				"2024-07-25": {
					"avg": 121,
					"count": 1,
					"min": 121,
					"max": 121
				},
				"2024-07-26": {
					"avg": 155,
					"count": 7,
					"min": 142,
					"max": 231
				},
				"2024-07-27": {
					"avg": 158,
					"count": 2,
					"min": 142,
					"max": 174
				},
				"2024-07-28": {
					"avg": 30,
					"count": 1,
					"min": 30,
					"max": 30
				},
				"2024-07-29": {
					"avg": 30,
					"count": 1,
					"min": 30,
					"max": 30
				},
				"2024-07-30": {
					"avg": 173,
					"count": 3,
					"min": 173,
					"max": 173
				},
				"2024-07-31": {
					"avg": 142,
					"count": 4,
					"min": 142,
					"max": 142
				},
				"2024-08-01": {
					"avg": 74,
					"count": 3,
					"min": 31,
					"max": 157
				},
				"2024-08-02": {
					"avg": 158,
					"count": 1,
					"min": 158,
					"max": 158
				},
				"2024-08-04": {
					"avg": 44,
					"count": 1,
					"min": 44,
					"max": 44
				},
				"2024-08-06": {
					"avg": 121,
					"count": 2,
					"min": 121,
					"max": 121
				},
				"2024-08-08": {
					"avg": 574,
					"count": 1,
					"min": 574,
					"max": 574
				},
				"2024-08-09": {
					"avg": 35,
					"count": 1,
					"min": 35,
					"max": 35
				},
				"2024-08-13": {
					"avg": 162,
					"count": 1,
					"min": 162,
					"max": 162
				},
				"2024-08-14": {
					"avg": 113,
					"count": 12,
					"min": 113,
					"max": 113
				},
				"2024-08-15": {
					"avg": 99,
					"count": 2,
					"min": 36,
					"max": 162
				},
				"2024-08-16": {
					"avg": 114,
					"count": 1,
					"min": 114,
					"max": 114
				},
				"2024-08-17": {
					"avg": 151,
					"count": 8,
					"min": 148,
					"max": 173
				},
				"2024-08-19": {
					"avg": 245,
					"count": 3,
					"min": 124,
					"max": 306
				},
				"2024-08-21": {
					"avg": 37,
					"count": 16,
					"min": 31,
					"max": 124
				},
				"2024-08-23": {
					"avg": 306,
					"count": 1,
					"min": 306,
					"max": 306
				},
				"2024-08-24": {
					"avg": 157,
					"count": 2,
					"min": 157,
					"max": 157
				},
				"2024-08-26": {
					"avg": 157,
					"count": 1,
					"min": 157,
					"max": 157
				},
				"2024-08-27": {
					"avg": 574,
					"count": 1,
					"min": 574,
					"max": 574
				},
				"2024-08-28": {
					"avg": 441,
					"count": 2,
					"min": 148,
					"max": 734
				},
				"2024-08-29": {
					"avg": 253,
					"count": 2,
					"min": 32,
					"max": 474
				},
				"2024-08-31": {
					"avg": 150,
					"count": 2,
					"min": 142,
					"max": 157
				},
				"2024-09-01": {
					"avg": 40,
					"count": 2,
					"min": 32,
					"max": 47
				},
				"2024-09-03": {
					"avg": 148,
					"count": 3,
					"min": 129,
					"max": 157
				},
				"2024-09-04": {
					"avg": 138,
					"count": 3,
					"min": 130,
					"max": 142
				},
				"2024-09-05": {
					"avg": 147,
					"count": 1,
					"min": 147,
					"max": 147
				},
				"2024-09-06": {
					"avg": 159,
					"count": 1,
					"min": 159,
					"max": 159
				},
				"2024-09-07": {
					"avg": 96,
					"count": 3,
					"min": 30,
					"max": 134
				},
				"2024-09-08": {
					"avg": 75,
					"count": 28,
					"min": 49,
					"max": 153
				},
				"2024-09-09": {
					"avg": 254,
					"count": 2,
					"min": 33,
					"max": 474
				},
				"2024-09-10": {
					"avg": 134,
					"count": 4,
					"min": 133,
					"max": 134
				},
				"2024-09-12": {
					"avg": 34,
					"count": 12,
					"min": 26,
					"max": 129
				},
				"2024-09-13": {
					"avg": 134,
					"count": 1,
					"min": 134,
					"max": 134
				},
				"2024-09-14": {
					"avg": 114,
					"count": 3,
					"min": 30,
					"max": 270
				},
				"2024-09-15": {
					"avg": 283,
					"count": 2,
					"min": 32,
					"max": 534
				},
				"2024-09-17": {
					"avg": 593,
					"count": 2,
					"min": 157,
					"max": 1029
				},
				"2024-09-18": {
					"avg": 95,
					"count": 3,
					"min": 30,
					"max": 207
				},
				"2024-09-19": {
					"avg": 396,
					"count": 2,
					"min": 218,
					"max": 574
				},
				"2024-09-20": {
					"avg": 33,
					"count": 1,
					"min": 33,
					"max": 33
				},
				"2024-09-22": {
					"avg": 186,
					"count": 33,
					"min": 30,
					"max": 218
				}
			},
			"avg": 137,
			"avg7": -1,
			"avg28": -1
		},
		"normal-poor": {
			"history": {
				"2024-06-16": {
					"avg": 9,
					"count": 8,
					"min": 9,
					"max": 9
				},
				"2024-06-20": {
					"avg": 127,
					"count": 10,
					"min": 127,
					"max": 127
				},
				"2024-06-22": {
					"avg": 104,
					"count": 1,
					"min": 104,
					"max": 104
				},
				"2024-06-28": {
					"avg": 48,
					"count": 8,
					"min": 9,
					"max": 110
				},
				"2024-06-30": {
					"avg": 133,
					"count": 1,
					"min": 133,
					"max": 133
				},
				"2024-07-01": {
					"avg": 18,
					"count": 16,
					"min": 18,
					"max": 18
				},
				"2024-07-05": {
					"avg": 12,
					"count": 1,
					"min": 12,
					"max": 12
				},
				"2024-07-06": {
					"avg": 132,
					"count": 25,
					"min": 132,
					"max": 132
				},
				"2024-07-07": {
					"avg": 132,
					"count": 1,
					"min": 132,
					"max": 132
				},
				"2024-07-10": {
					"avg": 132,
					"count": 6,
					"min": 132,
					"max": 132
				},
				"2024-07-14": {
					"avg": 10,
					"count": 1,
					"min": 10,
					"max": 10
				},
				"2024-07-16": {
					"avg": 18,
					"count": 15,
					"min": 18,
					"max": 18
				},
				"2024-07-29": {
					"avg": 208,
					"count": 10,
					"min": 208,
					"max": 208
				},
				"2024-08-06": {
					"avg": 137,
					"count": 1,
					"min": 137,
					"max": 137
				},
				"2024-08-10": {
					"avg": 137,
					"count": 1,
					"min": 137,
					"max": 137
				},
				"2024-08-14": {
					"avg": 137,
					"count": 7,
					"min": 137,
					"max": 137
				},
				"2024-08-15": {
					"avg": 138,
					"count": 6,
					"min": 138,
					"max": 138
				},
				"2024-08-19": {
					"avg": 25,
					"count": 1,
					"min": 25,
					"max": 25
				},
				"2024-08-23": {
					"avg": 18,
					"count": 1,
					"min": 18,
					"max": 18
				},
				"2024-08-28": {
					"avg": 8,
					"count": 10,
					"min": 8,
					"max": 8
				},
				"2024-09-03": {
					"avg": 135,
					"count": 2,
					"min": 135,
					"max": 135
				},
				"2024-09-08": {
					"avg": 20,
					"count": 1,
					"min": 20,
					"max": 20
				},
				"2024-09-11": {
					"avg": 183,
					"count": 6,
					"min": 138,
					"max": 410
				},
				"2024-09-15": {
					"avg": 266,
					"count": 2,
					"min": 18,
					"max": 514
				},
				"2024-09-22": {
					"avg": 7,
					"count": 1,
					"min": 7,
					"max": 7
				}
			},
			"avg": 91,
			"avg7": -1,
			"avg28": -1
		},
		"normal-used": {
			"history": {
				"2024-06-03": {
					"avg": 62,
					"count": 3,
					"min": 62,
					"max": 62
				},
				"2024-06-09": {
					"avg": 142,
					"count": 11,
					"min": 135,
					"max": 213
				},
				"2024-06-25": {
					"avg": 15,
					"count": 37,
					"min": 15,
					"max": 15
				},
				"2024-07-03": {
					"avg": 13,
					"count": 1,
					"min": 13,
					"max": 13
				},
				"2024-07-04": {
					"avg": 15,
					"count": 6,
					"min": 15,
					"max": 15
				},
				"2024-07-05": {
					"avg": 25,
					"count": 1,
					"min": 25,
					"max": 25
				},
				"2024-07-10": {
					"avg": 122,
					"count": 8,
					"min": 122,
					"max": 122
				},
				"2024-07-11": {
					"avg": 62,
					"count": 4,
					"min": 62,
					"max": 62
				},
				"2024-07-14": {
					"avg": 13,
					"count": 1,
					"min": 13,
					"max": 13
				},
				"2024-07-18": {
					"avg": 77,
					"count": 2,
					"min": 14,
					"max": 139
				},
				"2024-07-20": {
					"avg": 16,
					"count": 3,
					"min": 16,
					"max": 16
				},
				"2024-07-25": {
					"avg": 143,
					"count": 10,
					"min": 143,
					"max": 143
				},
				"2024-08-02": {
					"avg": 139,
					"count": 1,
					"min": 139,
					"max": 139
				},
				"2024-08-07": {
					"avg": 320,
					"count": 1,
					"min": 320,
					"max": 320
				},
				"2024-08-09": {
					"avg": 413,
					"count": 12,
					"min": 413,
					"max": 413
				},
				"2024-08-10": {
					"avg": 62,
					"count": 4,
					"min": 62,
					"max": 62
				},
				"2024-08-12": {
					"avg": 142,
					"count": 1,
					"min": 142,
					"max": 142
				},
				"2024-08-14": {
					"avg": 513,
					"count": 1,
					"min": 513,
					"max": 513
				},
				"2024-08-15": {
					"avg": 188,
					"count": 2,
					"min": 188,
					"max": 188
				},
				"2024-08-22": {
					"avg": 23,
					"count": 25,
					"min": 23,
					"max": 23
				},
				"2024-08-24": {
					"avg": 142,
					"count": 1,
					"min": 142,
					"max": 142
				},
				"2024-08-25": {
					"avg": 15,
					"count": 1,
					"min": 15,
					"max": 15
				},
				"2024-09-05": {
					"avg": 140,
					"count": 5,
					"min": 140,
					"max": 140
				},
				"2024-09-06": {
					"avg": 522,
					"count": 1,
					"min": 522,
					"max": 522
				},
				"2024-09-10": {
					"avg": 23,
					"count": 1,
					"min": 23,
					"max": 23
				},
				"2024-09-11": {
					"avg": 14,
					"count": 1,
					"min": 14,
					"max": 14
				},
				"2024-09-14": {
					"avg": 14,
					"count": 3,
					"min": 14,
					"max": 14
				},
				"2024-09-18": {
					"avg": 425,
					"count": 1,
					"min": 425,
					"max": 425
				},
				"2024-09-20": {
					"avg": 320,
					"count": 1,
					"min": 320,
					"max": 320
				}
			},
			"avg": 99,
			"avg7": -1,
			"avg28": -1
		}
	}
}