{
	"data": {
		"holo-good": {
			"history": {
				"2023-01-06": {
					"avg": 35,
					"count": 1,
					"min": 35,
					"max": 35
				},
				"2023-02-17": {
					"avg": 347,
					"count": 1,
					"min": 347,
					"max": 347
				},
				"2023-04-26": {
					"avg": 199,
					"count": 1,
					"min": 199,
					"max": 199
				},
				"2023-05-30": {
					"avg": 100,
					"count": 1,
					"min": 100,
					"max": 100
				},
				"2023-06-01": {
					"avg": 278,
					"count": 1,
					"min": 278,
					"max": 278
				},
				"2023-09-29": {
					"avg": 377,
					"count": 1,
					"min": 377,
					"max": 377
				},
				"2023-10-13": {
					"avg": 471,
					"count": 1,
					"min": 471,
					"max": 471
				},
				"2023-10-25": {
					"avg": 131,
					"count": 1,
					"min": 131,
					"max": 131
				},
				"2023-11-03": {
					"avg": 35,
					"count": 1,
					"min": 35,
					"max": 35
				},
				"2023-11-05": {
					"avg": 200,
					"count": 1,
					"min": 200,
					"max": 200
				},
				"2023-11-10": {
					"avg": 175,
					"count": 1,
					"min": 175,
					"max": 175
				},
				"2024-08-10": {
					"avg": 312,
					"count": 2,
					"min": 279,
					"max": 344
				},
				"2024-08-22": {
					"avg": 209,
					"count": 1,
					"min": 209,
					"max": 209
				},
				"2024-09-07": {
					"avg": 300,
					"count": 1,
					"min": 300,
					"max": 300
				}
			},
			"avg": 232,
			"avg7": 137,
			"avg28": 135
		},
		"holo-nearmint": {
			"history": {
				"2024-05-28": {
					"avg": 337,
					"count": 2,
					"min": 335,
					"max": 339
				},
				"2024-08-20": {
					"avg": 444,
					"count": 1,
					"min": 444,
					"max": 444
				},
				"2024-08-30": {
					"avg": 321,
					"count": 1,
					"min": 321,
					"max": 321
				},
				"2024-09-06": {
					"avg": 321,
					"count": 1,
					"min": 321,
					"max": 321
				}
			},
			"avg": 352,
			"avg7": -1,
			"avg28": -1
		},
		"holo-poor": {
			"history": {
				"2024-06-11": {
					"avg": 94,
					"count": 1,
					"min": 94,
					"max": 94
				},
				"2024-06-19": {
					"avg": 65,
					"count": 1,
					"min": 65,
					"max": 65
				},
				"2024-07-05": {
					"avg": 137,
					"count": 1,
					"min": 137,
					"max": 137
				},
				"2024-09-17": {
					"avg": 65,
					"count": 1,
					"min": 65,
					"max": 65
				}
			},
			"avg": 90,
			"avg7": -1,
			"avg28": -1
		},
		"holo-played": {
			"history": {
				"2024-06-11": {
					"avg": 100,
					"count": 1,
					"min": 100,
					"max": 100
				},
				"2024-06-15": {
					"avg": 111,
					"count": 1,
					"min": 111,
					"max": 111
				},
				"2024-08-05": {
					"avg": 253,
					"count": 1,
					"min": 253,
					"max": 253
				}
			},
			"avg": 155,
			"avg7": -1,
			"avg28": -1
		}
	}
}