{
	"data": {
		"normal-good": {
			"history": {
				"2022-12-10": {
					"avg": 29,
					"count": 1,
					"min": 29,
					"max": 29
				},
				"2022-12-11": {
					"avg": 159,
					"count": 1,
					"min": 159,
					"max": 159
				},
				"2022-12-14": {
					"avg": 10,
					"count": 1,
					"min": 10,
					"max": 10
				},
				"2022-12-16": {
					"avg": 30,
					"count": 2,
					"min": 29,
					"max": 30
				},
				"2022-12-18": {
					"avg": 36,
					"count": 1,
					"min": 36,
					"max": 36
				},
				"2022-12-26": {
					"avg": 46,
					"count": 1,
					"min": 46,
					"max": 46
				},
				"2022-12-27": {
					"avg": 29,
					"count": 1,
					"min": 29,
					"max": 29
				},
				"2022-12-28": {
					"avg": 175,
					"count": 3,
					"min": 29,
					"max": 299
				},
				"2022-12-29": {
					"avg": 32,
					"count": 2,
					"min": 32,
					"max": 32
				},
				"2022-12-30": {
					"avg": 79,
					"count": 2,
					"min": 29,
					"max": 129
				},
				"2022-12-31": {
					"avg": 29,
					"count": 1,
					"min": 29,
					"max": 29
				},
				"2023-01-01": {
					"avg": 88,
					"count": 2,
					"min": 46,
					"max": 129
				},
				"2023-01-04": {
					"avg": 31,
					"count": 3,
					"min": 31,
					"max": 31
				},
				"2023-01-05": {
					"avg": 76,
					"count": 2,
					"min": 35,
					"max": 117
				},
				"2023-01-06": {
					"avg": 32,
					"count": 3,
					"min": 32,
					"max": 33
				},
				"2023-01-08": {
					"avg": 124,
					"count": 1,
					"min": 124,
					"max": 124
				},
				"2023-01-12": {
					"avg": 33,
					"count": 1,
					"min": 33,
					"max": 33
				},
				"2023-02-06": {
					"avg": 119,
					"count": 1,
					"min": 119,
					"max": 119
				},
				"2023-02-16": {
					"avg": 35,
					"count": 1,
					"min": 35,
					"max": 35
				},
				"2023-02-18": {
					"avg": 39,
					"count": 1,
					"min": 39,
					"max": 39
				},
				"2023-02-22": {
					"avg": 119,
					"count": 1,
					"min": 119,
					"max": 119
				},
				"2023-03-03": {
					"avg": 50,
					"count": 1,
					"min": 50,
					"max": 50
				},
				"2023-03-13": {
					"avg": 49,
					"count": 1,
					"min": 49,
					"max": 49
				},
				"2023-03-16": {
					"avg": 33,
					"count": 1,
					"min": 33,
					"max": 33
				},
				"2023-03-17": {
					"avg": 129,
					"count": 1,
					"min": 129,
					"max": 129
				},
				"2023-03-19": {
					"avg": 32,
					"count": 1,
					"min": 32,
					"max": 32
				},
				"2023-03-21": {
					"avg": 31,
					"count": 1,
					"min": 31,
					"max": 31
				},
				"2023-03-24": {
					"avg": 31,
					"count": 1,
					"min": 31,
					"max": 31
				},
				"2023-03-25": {
					"avg": 29,
					"count": 2,
					"min": 25,
					"max": 32
				},
				"2023-03-27": {
					"avg": 31,
					"count": 1,
					"min": 31,
					"max": 31
				},
				"2023-03-28": {
					"avg": 80,
					"count": 1,
					"min": 80,
					"max": 80
				},
				"2023-03-29": {
					"avg": 116,
					"count": 2,
					"min": 116,
					"max": 116
				},
				"2023-04-02": {
					"avg": 30,
					"count": 1,
					"min": 30,
					"max": 30
				},
				"2023-04-03": {
					"avg": 41,
					"count": 2,
					"min": 32,
					"max": 50
				},
				"2023-04-09": {
					"avg": 32,
					"count": 3,
					"min": 31,
					"max": 35
				},
				"2023-04-10": {
					"avg": 39,
					"count": 48,
					"min": 39,
					"max": 39
				},
				"2023-04-11": {
					"avg": 30,
					"count": 3,
					"min": 25,
					"max": 33
				},
				"2023-04-12": {
					"avg": 129,
					"count": 1,
					"min": 129,
					"max": 129
				},
				"2023-04-16": {
					"avg": 116,
					"count": 1,
					"min": 116,
					"max": 116
				},
				"2023-04-17": {
					"avg": 31,
					"count": 1,
					"min": 31,
					"max": 31
				},
				"2023-04-18": {
					"avg": 29,
					"count": 4,
					"min": 29,
					"max": 29
				},
				"2023-04-25": {
					"avg": 33,
					"count": 1,
					"min": 33,
					"max": 33
				},
				"2023-04-26": {
					"avg": 84,
					"count": 2,
					"min": 49,
					"max": 119
				},
				"2023-04-30": {
					"avg": 29,
					"count": 4,
					"min": 29,
					"max": 29
				},
				"2023-05-02": {
					"avg": 134,
					"count": 1,
					"min": 134,
					"max": 134
				},
				"2023-05-04": {
					"avg": 24,
					"count": 2,
					"min": 16,
					"max": 31
				},
				"2023-05-07": {
					"avg": 32,
					"count": 1,
					"min": 32,
					"max": 32
				},
				"2023-05-11": {
					"avg": 28,
					"count": 2,
					"min": 25,
					"max": 30
				},
				"2023-05-12": {
					"avg": 30,
					"count": 19,
					"min": 25,
					"max": 116
				},
				"2023-05-15": {
					"avg": 29,
					"count": 1,
					"min": 29,
					"max": 29
				},
				"2023-05-16": {
					"avg": 129,
					"count": 1,
					"min": 129,
					"max": 129
				},
				"2023-05-22": {
					"avg": 124,
					"count": 1,
					"min": 124,
					"max": 124
				},
				"2023-05-23": {
					"avg": 530,
					"count": 1,
					"min": 530,
					"max": 530
				},
				"2023-05-25": {
					"avg": 29,
					"count": 2,
					"min": 25,
					"max": 33
				},
				"2023-05-27": {
					"avg": 134,
					"count": 1,
					"min": 134,
					"max": 134
				},
				"2023-05-28": {
					"avg": 50,
					"count": 1,
					"min": 50,
					"max": 50
				},
				"2023-05-31": {
					"avg": 76,
					"count": 2,
					"min": 35,
					"max": 118
				},
				"2023-06-10": {
					"avg": 141,
					"count": 5,
					"min": 31,
					"max": 217
				},
				"2023-06-24": {
					"avg": 129,
					"count": 1,
					"min": 129,
					"max": 129
				},
				"2023-06-27": {
					"avg": 30,
					"count": 1,
					"min": 30,
					"max": 30
				},
				"2023-07-01": {
					"avg": 30,
					"count": 1,
					"min": 30,
					"max": 30
				},
				"2023-07-20": {
					"avg": 29,
					"count": 1,
					"min": 29,
					"max": 29
				},
				"2023-07-21": {
					"avg": 29,
					"count": 1,
					"min": 29,
					"max": 29
				},
				"2023-07-22": {
					"avg": 49,
					"count": 1,
					"min": 49,
					"max": 49
				},
				"2023-08-04": {
					"avg": 27,
					"count": 1,
					"min": 27,
					"max": 27
				},
				"2023-08-21": {
					"avg": 89,
					"count": 2,
					"min": 29,
					"max": 148
				},
				"2023-09-14": {
					"avg": 25,
					"count": 1,
					"min": 25,
					"max": 25
				},
				"2023-09-16": {
					"avg": 127,
					"count": 1,
					"min": 127,
					"max": 127
				},
				"2023-09-21": {
					"avg": 25,
					"count": 1,
					"min": 25,
					"max": 25
				},
				"2023-09-22": {
					"avg": 27,
					"count": 1,
					"min": 27,
					"max": 27
				},
				"2023-09-25": {
					"avg": 29,
					"count": 1,
					"min": 29,
					"max": 29
				},
				"2023-09-26": {
					"avg": 28,
					"count": 2,
					"min": 27,
					"max": 29
				},
				"2023-09-28": {
					"avg": 126,
					"count": 1,
					"min": 126,
					"max": 126
				},
				"2023-09-30": {
					"avg": 29,
					"count": 1,
					"min": 29,
					"max": 29
				},
				"2023-10-01": {
					"avg": 33,
					"count": 3,
					"min": 32,
					"max": 35
				},
				"2023-10-02": {
					"avg": 115,
					"count": 1,
					"min": 115,
					"max": 115
				},
				"2023-10-03": {
					"avg": 29,
					"count": 1,
					"min": 29,
					"max": 29
				},
				"2023-10-04": {
					"avg": 49,
					"count": 1,
					"min": 49,
					"max": 49
				},
				"2023-10-07": {
					"avg": 27,
					"count": 1,
					"min": 27,
					"max": 27
				},
				"2023-10-10": {
					"avg": 124,
					"count": 1,
					"min": 124,
					"max": 124
				},
				"2023-10-13": {
					"avg": 121,
					"count": 2,
					"min": 119,
					"max": 124
				},
				"2023-10-19": {
					"avg": 29,
					"count": 2,
					"min": 29,
					"max": 29
				},
				"2023-10-20": {
					"avg": 30,
					"count": 13,
					"min": 30,
					"max": 30
				},
				"2023-10-24": {
					"avg": 128,
					"count": 1,
					"min": 128,
					"max": 128
				},
				"2023-10-26": {
					"avg": 31,
					"count": 2,
					"min": 27,
					"max": 34
				},
				"2023-10-31": {
					"avg": 25,
					"count": 1,
					"min": 25,
					"max": 25
				},
				"2023-11-02": {
					"avg": 26,
					"count": 12,
					"min": 25,
					"max": 27
				},
				"2023-11-09": {
					"avg": 27,
					"count": 1,
					"min": 27,
					"max": 27
				},
				"2023-11-11": {
					"avg": 27,
					"count": 1,
					"min": 27,
					"max": 27
				},
				"2023-11-15": {
					"avg": 27,
					"count": 1,
					"min": 27,
					"max": 27
				},
				"2023-11-17": {
					"avg": 117,
					"count": 1,
					"min": 117,
					"max": 117
				},
				"2023-11-19": {
					"avg": 528,
					"count": 1,
					"min": 528,
					"max": 528
				},
				"2023-11-21": {
					"avg": 354,
					"count": 1,
					"min": 354,
					"max": 354
				},
				"2023-11-24": {
					"avg": 31,
					"count": 1,
					"min": 31,
					"max": 31
				},
				"2023-11-25": {
					"avg": 117,
					"count": 1,
					"min": 117,
					"max": 117
				},
				"2023-11-26": {
					"avg": 80,
					"count": 2,
					"min": 33,
					"max": 126
				},
				"2023-11-27": {
					"avg": 28,
					"count": 2,
					"min": 27,
					"max": 29
				},
				"2024-05-17": {
					"avg": 26,
					"count": 1,
					"min": 26,
					"max": 26
				},
				"2024-05-18": {
					"avg": 132,
					"count": 1,
					"min": 132,
					"max": 132
				},
				"2024-05-22": {
					"avg": 156,
					"count": 2,
					"min": 141,
					"max": 171
				},
				"2024-05-30": {
					"avg": 25,
					"count": 1,
					"min": 25,
					"max": 25
				},
				"2024-05-31": {
					"avg": 26,
					"count": 1,
					"min": 26,
					"max": 26
				},
				"2024-06-02": {
					"avg": 26,
					"count": 1,
					"min": 26,
					"max": 26
				},
				"2024-06-03": {
					"avg": 166,
					"count": 1,
					"min": 166,
					"max": 166
				},
				"2024-06-08": {
					"avg": 29,
					"count": 1,
					"min": 29,
					"max": 29
				},
				"2024-06-16": {
					"avg": 20,
					"count": 1,
					"min": 20,
					"max": 20
				},
				"2024-06-19": {
					"avg": 20,
					"count": 1,
					"min": 20,
					"max": 20
				},
				"2024-06-24": {
					"avg": 120,
					"count": 1,
					"min": 120,
					"max": 120
				},
				"2024-07-10": {
					"avg": 142,
					"count": 11,
					"min": 142,
					"max": 142
				},
				"2024-07-12": {
					"avg": 169,
					"count": 4,
					"min": 30,
					"max": 215
				},
				"2024-07-16": {
					"avg": 27,
					"count": 8,
					"min": 26,
					"max": 29
				},
				"2024-07-17": {
					"avg": 22,
					"count": 1,
					"min": 22,
					"max": 22
				},
				"2024-07-24": {
					"avg": 14,
					"count": 1,
					"min": 14,
					"max": 14
				},
				"2024-08-01": {
					"avg": 190,
					"count": 1,
					"min": 190,
					"max": 190
				},
				"2024-08-03": {
					"avg": 20,
					"count": 1,
					"min": 20,
					"max": 20
				},
				"2024-08-06": {
					"avg": 20,
					"count": 1,
					"min": 20,
					"max": 20
				},
				"2024-08-07": {
					"avg": 17,
					"count": 2,
					"min": 14,
					"max": 20
				},
				"2024-08-10": {
					"avg": 24,
					"count": 1,
					"min": 24,
					"max": 24
				},
				"2024-08-20": {
					"avg": 147,
					"count": 1,
					"min": 147,
					"max": 147
				},
				"2024-08-21": {
					"avg": 31,
					"count": 2,
					"min": 20,
					"max": 42
				},
				"2024-08-24": {
					"avg": 43,
					"count": 1,
					"min": 43,
					"max": 43
				},
				"2024-08-27": {
					"avg": 23,
					"count": 1,
					"min": 23,
					"max": 23
				},
				"2024-09-06": {
					"avg": 25,
					"count": 2,
					"min": 23,
					"max": 27
				},
				"2024-09-10": {
					"avg": 43,
					"count": 1,
					"min": 43,
					"max": 43
				},
				"2024-09-12": {
					"avg": 24,
					"count": 1,
					"min": 24,
					"max": 24
				},
				"2024-09-14": {
					"avg": 61,
					"count": 2,
					"min": 23,
					"max": 99
				},
				"2024-09-16": {
					"avg": 147,
					"count": 1,
					"min": 147,
					"max": 147
				},
				"2024-09-17": {
					"avg": 99,
					"count": 1,
					"min": 99,
					"max": 99
				},
				"2024-09-19": {
					"avg": 543,
					"count": 1,
					"min": 543,
					"max": 543
				}
			},
			"avg": 62,
			"avg7": 118,
			"avg28": 118
		},
		"holo-good": {
			"history": {
				"2022-12-15": {
					"avg": 125,
					"count": 1,
					"min": 125,
					"max": 125
				},
				"2022-12-16": {
					"avg": 163,
					"count": 3,
					"min": 100,
					"max": 194
				},
				"2022-12-20": {
					"avg": 120,
					"count": 4,
					"min": 105,
					"max": 125
				},
				"2022-12-24": {
					"avg": 125,
					"count": 1,
					"min": 125,
					"max": 125
				},
				"2022-12-27": {
					"avg": 198,
					"count": 1,
					"min": 198,
					"max": 198
				},
				"2022-12-28": {
					"avg": 345,
					"count": 2,
					"min": 142,
					"max": 548
				},
				"2022-12-29": {
					"avg": 123,
					"count": 2,
					"min": 123,
					"max": 123
				},
				"2022-12-30": {
					"avg": 199,
					"count": 1,
					"min": 199,
					"max": 199
				},
				"2022-12-31": {
					"avg": 119,
					"count": 1,
					"min": 119,
					"max": 119
				},
				"2023-01-02": {
					"avg": 225,
					"count": 1,
					"min": 225,
					"max": 225
				},
				"2023-01-03": {
					"avg": 235,
					"count": 2,
					"min": 170,
					"max": 299
				},
				"2023-01-08": {
					"avg": 198,
					"count": 1,
					"min": 198,
					"max": 198
				},
				"2023-01-11": {
					"avg": 237,
					"count": 2,
					"min": 237,
					"max": 237
				},
				"2023-02-06": {
					"avg": 219,
					"count": 1,
					"min": 219,
					"max": 219
				},
				"2023-02-16": {
					"avg": 174,
					"count": 1,
					"min": 174,
					"max": 174
				},
				"2023-02-18": {
					"avg": 415,
					"count": 3,
					"min": 99,
					"max": 598
				},
				"2023-03-02": {
					"avg": 90,
					"count": 1,
					"min": 90,
					"max": 90
				},
				"2023-03-13": {
					"avg": 100,
					"count": 1,
					"min": 100,
					"max": 100
				},
				"2023-03-15": {
					"avg": 97,
					"count": 1,
					"min": 97,
					"max": 97
				},
				"2023-03-16": {
					"avg": 96,
					"count": 1,
					"min": 96,
					"max": 96
				},
				"2023-03-17": {
					"avg": 196,
					"count": 1,
					"min": 196,
					"max": 196
				},
				"2023-03-18": {
					"avg": 148,
					"count": 1,
					"min": 148,
					"max": 148
				},
				"2023-03-21": {
					"avg": 192,
					"count": 4,
					"min": 93,
					"max": 241
				},
				"2023-03-23": {
					"avg": 198,
					"count": 1,
					"min": 198,
					"max": 198
				},
				"2023-03-26": {
					"avg": 161,
					"count": 2,
					"min": 98,
					"max": 223
				},
				"2023-03-27": {
					"avg": 162,
					"count": 2,
					"min": 125,
					"max": 198
				},
				"2023-03-28": {
					"avg": 100,
					"count": 1,
					"min": 100,
					"max": 100
				},
				"2023-04-01": {
					"avg": 199,
					"count": 4,
					"min": 130,
					"max": 237
				},
				"2023-04-02": {
					"avg": 404,
					"count": 1,
					"min": 404,
					"max": 404
				},
				"2023-04-06": {
					"avg": 235,
					"count": 1,
					"min": 235,
					"max": 235
				},
				"2023-04-09": {
					"avg": 100,
					"count": 1,
					"min": 100,
					"max": 100
				},
				"2023-04-11": {
					"avg": 138,
					"count": 1,
					"min": 138,
					"max": 138
				},
				"2023-04-12": {
					"avg": 122,
					"count": 1,
					"min": 122,
					"max": 122
				},
				"2023-04-16": {
					"avg": 86,
					"count": 1,
					"min": 86,
					"max": 86
				},
				"2023-04-17": {
					"avg": 187,
					"count": 1,
					"min": 187,
					"max": 187
				},
				"2023-04-22": {
					"avg": 155,
					"count": 2,
					"min": 130,
					"max": 179
				},
				"2023-04-25": {
					"avg": 178,
					"count": 1,
					"min": 178,
					"max": 178
				},
				"2023-04-26": {
					"avg": 198,
					"count": 1,
					"min": 198,
					"max": 198
				},
				"2023-04-27": {
					"avg": 204,
					"count": 2,
					"min": 199,
					"max": 208
				},
				"2023-04-29": {
					"avg": 202,
					"count": 3,
					"min": 194,
					"max": 208
				},
				"2023-05-02": {
					"avg": 129,
					"count": 2,
					"min": 79,
					"max": 179
				},
				"2023-05-04": {
					"avg": 177,
					"count": 1,
					"min": 177,
					"max": 177
				},
				"2023-05-05": {
					"avg": 77,
					"count": 1,
					"min": 77,
					"max": 77
				},
				"2023-05-11": {
					"avg": 119,
					"count": 1,
					"min": 119,
					"max": 119
				},
				"2023-05-13": {
					"avg": 78,
					"count": 1,
					"min": 78,
					"max": 78
				},
				"2023-05-14": {
					"avg": 443,
					"count": 1,
					"min": 443,
					"max": 443
				},
				"2023-05-15": {
					"avg": 185,
					"count": 2,
					"min": 174,
					"max": 195
				},
				"2023-05-16": {
					"avg": 194,
					"count": 1,
					"min": 194,
					"max": 194
				},
				"2023-05-31": {
					"avg": 195,
					"count": 1,
					"min": 195,
					"max": 195
				},
				"2023-06-01": {
					"avg": 198,
					"count": 1,
					"min": 198,
					"max": 198
				},
				"2023-06-02": {
					"avg": 199,
					"count": 1,
					"min": 199,
					"max": 199
				},
				"2023-06-27": {
					"avg": 96,
					"count": 1,
					"min": 96,
					"max": 96
				},
				"2023-07-08": {
					"avg": 144,
					"count": 1,
					"min": 144,
					"max": 144
				},
				"2023-07-20": {
					"avg": 93,
					"count": 1,
					"min": 93,
					"max": 93
				},
				"2023-07-21": {
					"avg": 131,
					"count": 2,
					"min": 93,
					"max": 169
				},
				"2023-08-21": {
					"avg": 175,
					"count": 1,
					"min": 175,
					"max": 175
				},
				"2023-09-16": {
					"avg": 551,
					"count": 1,
					"min": 551,
					"max": 551
				},
				"2023-09-23": {
					"avg": 50,
					"count": 1,
					"min": 50,
					"max": 50
				},
				"2023-09-27": {
					"avg": 318,
					"count": 1,
					"min": 318,
					"max": 318
				},
				"2023-09-29": {
					"avg": 598,
					"count": 1,
					"min": 598,
					"max": 598
				},
				"2023-10-01": {
					"avg": 53,
					"count": 1,
					"min": 53,
					"max": 53
				},
				"2023-10-03": {
					"avg": 198,
					"count": 1,
					"min": 198,
					"max": 198
				},
				"2023-10-04": {
					"avg": 79,
					"count": 1,
					"min": 79,
					"max": 79
				},
				"2023-10-07": {
					"avg": 199,
					"count": 1,
					"min": 199,
					"max": 199
				},
				"2023-10-09": {
					"avg": 163,
					"count": 1,
					"min": 163,
					"max": 163
				},
				"2023-10-10": {
					"avg": 179,
					"count": 2,
					"min": 160,
					"max": 198
				},
				"2023-10-19": {
					"avg": 102,
					"count": 1,
					"min": 102,
					"max": 102
				},
				"2023-10-22": {
					"avg": 91,
					"count": 1,
					"min": 91,
					"max": 91
				},
				"2023-10-23": {
					"avg": 164,
					"count": 1,
					"min": 164,
					"max": 164
				},
				"2023-10-26": {
					"avg": 138,
					"count": 2,
					"min": 78,
					"max": 198
				},
				"2023-11-01": {
					"avg": 115,
					"count": 2,
					"min": 69,
					"max": 160
				},
				"2023-11-05": {
					"avg": 89,
					"count": 1,
					"min": 89,
					"max": 89
				},
				"2023-11-08": {
					"avg": 309,
					"count": 1,
					"min": 309,
					"max": 309
				},
				"2023-11-11": {
					"avg": 77,
					"count": 1,
					"min": 77,
					"max": 77
				},
				"2023-11-19": {
					"avg": 65,
					"count": 2,
					"min": 50,
					"max": 79
				},
				"2023-11-24": {
					"avg": 158,
					"count": 6,
					"min": 124,
					"max": 210
				},
				"2023-11-25": {
					"avg": 385,
					"count": 1,
					"min": 385,
					"max": 385
				},
				"2024-05-16": {
					"avg": 219,
					"count": 1,
					"min": 219,
					"max": 219
				},
				"2024-05-18": {
					"avg": 35,
					"count": 1,
					"min": 35,
					"max": 35
				},
				"2024-05-22": {
					"avg": 84,
					"count": 1,
					"min": 84,
					"max": 84
				},
				"2024-05-23": {
					"avg": 98,
					"count": 1,
					"min": 98,
					"max": 98
				},
				"2024-06-12": {
					"avg": 78,
					"count": 1,
					"min": 78,
					"max": 78
				},
				"2024-06-14": {
					"avg": 78,
					"count": 2,
					"min": 78,
					"max": 78
				},
				"2024-07-15": {
					"avg": 133,
					"count": 1,
					"min": 133,
					"max": 133
				},
				"2024-07-23": {
					"avg": 81,
					"count": 1,
					"min": 81,
					"max": 81
				},
				"2024-08-09": {
					"avg": 100,
					"count": 1,
					"min": 100,
					"max": 100
				},
				"2024-08-13": {
					"avg": 627,
					"count": 1,
					"min": 627,
					"max": 627
				},
				"2024-09-02": {
					"avg": 85,
					"count": 1,
					"min": 85,
					"max": 85
				},
				"2024-09-21": {
					"avg": 181,
					"count": 1,
					"min": 181,
					"max": 181
				}
			},
			"avg": 178,
			"avg7": 113,
			"avg28": 113
		},
		"normal-nearmint": {
			"history": {
				"2024-05-24": {
					"avg": 91,
					"count": 3,
					"min": 19,
					"max": 224
				},
				"2024-05-26": {
					"avg": 136,
					"count": 1,
					"min": 136,
					"max": 136
				},
				"2024-05-28": {
					"avg": 21,
					"count": 2,
					"min": 19,
					"max": 22
				},
				"2024-05-31": {
					"avg": 191,
					"count": 3,
					"min": 20,
					"max": 532
				},
				"2024-06-02": {
					"avg": 20,
					"count": 2,
					"min": 20,
					"max": 20
				},
				"2024-06-04": {
					"avg": 84,
					"count": 2,
					"min": 21,
					"max": 147
				},
				"2024-06-05": {
					"avg": 134,
					"count": 1,
					"min": 134,
					"max": 134
				},
				"2024-06-08": {
					"avg": 25,
					"count": 1,
					"min": 25,
					"max": 25
				},
				"2024-06-12": {
					"avg": 27,
					"count": 1,
					"min": 27,
					"max": 27
				},
				"2024-06-14": {
					"avg": 132,
					"count": 2,
					"min": 132,
					"max": 132
				},
				"2024-06-17": {
					"avg": 22,
					"count": 1,
					"min": 22,
					"max": 22
				},
				"2024-06-21": {
					"avg": 143,
					"count": 1,
					"min": 143,
					"max": 143
				},
				"2024-06-23": {
					"avg": 28,
					"count": 1,
					"min": 28,
					"max": 28
				},
				"2024-06-26": {
					"avg": 135,
					"count": 1,
					"min": 135,
					"max": 135
				},
				"2024-06-27": {
					"avg": 189,
					"count": 7,
					"min": 141,
					"max": 209
				},
				"2024-06-28": {
					"avg": 20,
					"count": 1,
					"min": 20,
					"max": 20
				},
				"2024-07-01": {
					"avg": 21,
					"count": 14,
					"min": 21,
					"max": 22
				},
				"2024-07-02": {
					"avg": 265,
					"count": 2,
					"min": 27,
					"max": 503
				},
				"2024-07-03": {
					"avg": 25,
					"count": 3,
					"min": 20,
					"max": 27
				},
				"2024-07-05": {
					"avg": 143,
					"count": 1,
					"min": 143,
					"max": 143
				},
				"2024-07-08": {
					"avg": 110,
					"count": 1,
					"min": 110,
					"max": 110
				},
				"2024-07-09": {
					"avg": 266,
					"count": 2,
					"min": 83,
					"max": 448
				},
				"2024-07-10": {
					"avg": 146,
					"count": 1,
					"min": 146,
					"max": 146
				},
				"2024-07-13": {
					"avg": 65,
					"count": 3,
					"min": 21,
					"max": 142
				},
				"2024-07-14": {
					"avg": 155,
					"count": 1,
					"min": 155,
					"max": 155
				},
				"2024-07-16": {
					"avg": 155,
					"count": 1,
					"min": 155,
					"max": 155
				},
				"2024-07-18": {
					"avg": 146,
					"count": 1,
					"min": 146,
					"max": 146
				},
				"2024-07-19": {
					"avg": 23,
					"count": 1,
					"min": 23,
					"max": 23
				},
				"2024-07-25": {
					"avg": 21,
					"count": 1,
					"min": 21,
					"max": 21
				},
				"2024-07-27": {
					"avg": 33,
					"count": 1,
					"min": 33,
					"max": 33
				},
				"2024-07-28": {
					"avg": 19,
					"count": 1,
					"min": 19,
					"max": 19
				},
				"2024-08-04": {
					"avg": 16,
					"count": 1,
					"min": 16,
					"max": 16
				},
				"2024-08-05": {
					"avg": 21,
					"count": 1,
					"min": 21,
					"max": 21
				},
				"2024-08-06": {
					"avg": 16,
					"count": 1,
					"min": 16,
					"max": 16
				},
				"2024-08-09": {
					"avg": 135,
					"count": 1,
					"min": 135,
					"max": 135
				},
				"2024-08-10": {
					"avg": 27,
					"count": 1,
					"min": 27,
					"max": 27
				},
				"2024-08-11": {
					"avg": 20,
					"count": 1,
					"min": 20,
					"max": 20
				},
				"2024-08-12": {
					"avg": 20,
					"count": 2,
					"min": 19,
					"max": 21
				},
				"2024-08-14": {
					"avg": 115,
					"count": 1,
					"min": 115,
					"max": 115
				},
				"2024-08-15": {
					"avg": 21,
					"count": 2,
					"min": 21,
					"max": 21
				},
				"2024-08-19": {
					"avg": 77,
					"count": 2,
					"min": 23,
					"max": 130
				},
				"2024-08-22": {
					"avg": 21,
					"count": 1,
					"min": 21,
					"max": 21
				},
				"2024-08-24": {
					"avg": 40,
					"count": 1,
					"min": 40,
					"max": 40
				},
				"2024-08-25": {
					"avg": 362,
					"count": 2,
					"min": 205,
					"max": 518
				},
				"2024-08-26": {
					"avg": 16,
					"count": 1,
					"min": 16,
					"max": 16
				},
				"2024-08-27": {
					"avg": 35,
					"count": 1,
					"min": 35,
					"max": 35
				},
				"2024-08-28": {
					"avg": 25,
					"count": 1,
					"min": 25,
					"max": 25
				},
				"2024-08-30": {
					"avg": 22,
					"count": 1,
					"min": 22,
					"max": 22
				},
				"2024-08-31": {
					"avg": 12,
					"count": 1,
					"min": 12,
					"max": 12
				},
				"2024-09-01": {
					"avg": 73,
					"count": 3,
					"min": 29,
					"max": 126
				},
				"2024-09-02": {
					"avg": 94,
					"count": 2,
					"min": 25,
					"max": 162
				},
				"2024-09-07": {
					"avg": 143,
					"count": 2,
					"min": 138,
					"max": 147
				},
				"2024-09-09": {
					"avg": 22,
					"count": 1,
					"min": 22,
					"max": 22
				},
				"2024-09-10": {
					"avg": 21,
					"count": 1,
					"min": 21,
					"max": 21
				},
				"2024-09-13": {
					"avg": 152,
					"count": 1,
					"min": 152,
					"max": 152
				},
				"2024-09-14": {
					"avg": 448,
					"count": 1,
					"min": 448,
					"max": 448
				},
				"2024-09-16": {
					"avg": 23,
					"count": 1,
					"min": 23,
					"max": 23
				},
				"2024-09-17": {
					"avg": 78,
					"count": 4,
					"min": 8,
					"max": 147
				},
				"2024-09-18": {
					"avg": 8,
					"count": 1,
					"min": 8,
					"max": 8
				},
				"2024-09-19": {
					"avg": 21,
					"count": 1,
					"min": 21,
					"max": 21
				},
				"2024-09-20": {
					"avg": 147,
					"count": 1,
					"min": 147,
					"max": 147
				}
			},
			"avg": 88,
			"avg7": -1,
			"avg28": -1
		},
		"holo-nearmint": {
			"history": {
				"2024-05-24": {
					"avg": 428,
					"count": 2,
					"min": 157,
					"max": 699
				},
				"2024-05-28": {
					"avg": 183,
					"count": 1,
					"min": 183,
					"max": 183
				},
				"2024-05-30": {
					"avg": 60,
					"count": 2,
					"min": 49,
					"max": 70
				},
				"2024-05-31": {
					"avg": 133,
					"count": 2,
					"min": 70,
					"max": 195
				},
				"2024-06-01": {
					"avg": 49,
					"count": 1,
					"min": 49,
					"max": 49
				},
				"2024-06-02": {
					"avg": 110,
					"count": 2,
					"min": 69,
					"max": 150
				},
				"2024-06-03": {
					"avg": 75,
					"count": 1,
					"min": 75,
					"max": 75
				},
				"2024-06-06": {
					"avg": 148,
					"count": 4,
					"min": 99,
					"max": 168
				},
				"2024-06-07": {
					"avg": 86,
					"count": 1,
					"min": 86,
					"max": 86
				},
				"2024-06-09": {
					"avg": 49,
					"count": 1,
					"min": 49,
					"max": 49
				},
				"2024-06-10": {
					"avg": 60,
					"count": 1,
					"min": 60,
					"max": 60
				},
				"2024-06-12": {
					"avg": 71,
					"count": 1,
					"min": 71,
					"max": 71
				},
				"2024-06-13": {
					"avg": 151,
					"count": 2,
					"min": 151,
					"max": 151
				},
				"2024-06-14": {
					"avg": 76,
					"count": 1,
					"min": 76,
					"max": 76
				},
				"2024-06-15": {
					"avg": 195,
					"count": 1,
					"min": 195,
					"max": 195
				},
				"2024-06-19": {
					"avg": 114,
					"count": 4,
					"min": 100,
					"max": 119
				},
				"2024-06-23": {
					"avg": 48,
					"count": 1,
					"min": 48,
					"max": 48
				},
				"2024-06-27": {
					"avg": 175,
					"count": 1,
					"min": 175,
					"max": 175
				},
				"2024-06-28": {
					"avg": 212,
					"count": 2,
					"min": 75,
					"max": 349
				},
				"2024-06-30": {
					"avg": 151,
					"count": 1,
					"min": 151,
					"max": 151
				},
				"2024-07-03": {
					"avg": 149,
					"count": 2,
					"min": 149,
					"max": 149
				},
				"2024-07-05": {
					"avg": 149,
					"count": 2,
					"min": 29,
					"max": 268
				},
				"2024-07-06": {
					"avg": 156,
					"count": 2,
					"min": 98,
					"max": 214
				},
				"2024-07-09": {
					"avg": 373,
					"count": 2,
					"min": 98,
					"max": 648
				},
				"2024-07-10": {
					"avg": 200,
					"count": 1,
					"min": 200,
					"max": 200
				},
				"2024-07-12": {
					"avg": 203,
					"count": 3,
					"min": 74,
					"max": 268
				},
				"2024-07-13": {
					"avg": 123,
					"count": 2,
					"min": 74,
					"max": 171
				},
				"2024-07-14": {
					"avg": 149,
					"count": 1,
					"min": 149,
					"max": 149
				},
				"2024-07-20": {
					"avg": 122,
					"count": 3,
					"min": 99,
					"max": 169
				},
				"2024-07-25": {
					"avg": 76,
					"count": 1,
					"min": 76,
					"max": 76
				},
				"2024-07-30": {
					"avg": 56,
					"count": 4,
					"min": 49,
					"max": 75
				},
				"2024-07-31": {
					"avg": 748,
					"count": 1,
					"min": 748,
					"max": 748
				},
				"2024-08-01": {
					"avg": 82,
					"count": 3,
					"min": 46,
					"max": 99
				},
				"2024-08-04": {
					"avg": 50,
					"count": 1,
					"min": 50,
					"max": 50
				},
				"2024-08-06": {
					"avg": 197,
					"count": 1,
					"min": 197,
					"max": 197
				},
				"2024-08-09": {
					"avg": 124,
					"count": 4,
					"min": 48,
					"max": 149
				},
				"2024-08-10": {
					"avg": 48,
					"count": 5,
					"min": 48,
					"max": 48
				},
				"2024-08-11": {
					"avg": 138,
					"count": 2,
					"min": 100,
					"max": 176
				},
				"2024-08-12": {
					"avg": 122,
					"count": 2,
					"min": 98,
					"max": 146
				},
				"2024-08-16": {
					"avg": 173,
					"count": 1,
					"min": 173,
					"max": 173
				},
				"2024-08-17": {
					"avg": 148,
					"count": 1,
					"min": 148,
					"max": 148
				},
				"2024-08-18": {
					"avg": 49,
					"count": 1,
					"min": 49,
					"max": 49
				},
				"2024-08-19": {
					"avg": 87,
					"count": 1,
					"min": 87,
					"max": 87
				},
				"2024-08-20": {
					"avg": 135,
					"count": 4,
					"min": 80,
					"max": 225
				},
				"2024-08-23": {
					"avg": 145,
					"count": 1,
					"min": 145,
					"max": 145
				},
				"2024-08-26": {
					"avg": 98,
					"count": 1,
					"min": 98,
					"max": 98
				},
				"2024-08-28": {
					"avg": 29,
					"count": 1,
					"min": 29,
					"max": 29
				},
				"2024-08-29": {
					"avg": 131,
					"count": 2,
					"min": 88,
					"max": 173
				},
				"2024-09-02": {
					"avg": 147,
					"count": 44,
					"min": 97,
					"max": 299
				},
				"2024-09-07": {
					"avg": 40,
					"count": 1,
					"min": 40,
					"max": 40
				},
				"2024-09-10": {
					"avg": 139,
					"count": 1,
					"min": 139,
					"max": 139
				},
				"2024-09-11": {
					"avg": 73,
					"count": 1,
					"min": 73,
					"max": 73
				},
				"2024-09-12": {
					"avg": 530,
					"count": 1,
					"min": 530,
					"max": 530
				},
				"2024-09-13": {
					"avg": 138,
					"count": 5,
					"min": 74,
					"max": 226
				},
				"2024-09-14": {
					"avg": 499,
					"count": 6,
					"min": 40,
					"max": 591
				},
				"2024-09-17": {
					"avg": 179,
					"count": 1,
					"min": 179,
					"max": 179
				},
				"2024-09-18": {
					"avg": 74,
					"count": 1,
					"min": 74,
					"max": 74
				},
				"2024-09-20": {
					"avg": 129,
					"count": 3,
					"min": 92,
					"max": 196
				},
				"2024-09-21": {
					"avg": 74,
					"count": 1,
					"min": 74,
					"max": 74
				},
				"2024-09-22": {
					"avg": 153,
					"count": 1,
					"min": 153,
					"max": 153
				}
			},
			"avg": 156,
			"avg7": -1,
			"avg28": -1
		},
		"holo-used": {
			"history": {
				"2024-08-29": {
					"avg": 140,
					"count": 1,
					"min": 140,
					"max": 140
				}
			},
			"avg": 140,
			"avg7": -1,
			"avg28": -1
		},
		"holo-played": {
			"history": {
				"2024-06-24": {
					"avg": 181,
					"count": 1,
					"min": 181,
					"max": 181
				},
				"2024-07-12": {
					"avg": 60,
					"count": 1,
					"min": 60,
					"max": 60
				},
				"2024-08-20": {
					"avg": 249,
					"count": 1,
					"min": 249,
					"max": 249
				}
			},
			"avg": 163,
			"avg7": -1,
			"avg28": -1
		},
		"holo-poor": {
			"history": {
				"2024-08-08": {
					"avg": 244,
					"count": 1,
					"min": 244,
					"max": 244
				}
			},
			"avg": 244,
			"avg7": -1,
			"avg28": -1
		}
	}
}