{
	"data": {
		"normal-good": {
			"history": {
				"2022-12-10": {
					"avg": 25,
					"count": 1,
					"min": 25,
					"max": 25
				},
				"2022-12-11": {
					"avg": 154,
					"count": 1,
					"min": 154,
					"max": 154
				},
				"2022-12-16": {
					"avg": 74,
					"count": 2,
					"min": 26,
					"max": 121
				},
				"2022-12-18": {
					"avg": 40,
					"count": 1,
					"min": 40,
					"max": 40
				},
				"2022-12-23": {
					"avg": 27,
					"count": 1,
					"min": 27,
					"max": 27
				},
				"2022-12-26": {
					"avg": 34,
					"count": 1,
					"min": 34,
					"max": 34
				},
				"2022-12-28": {
					"avg": 1539,
					"count": 1,
					"min": 1539,
					"max": 1539
				},
				"2022-12-30": {
					"avg": 120,
					"count": 1,
					"min": 120,
					"max": 120
				},
				"2022-12-31": {
					"avg": 119,
					"count": 1,
					"min": 119,
					"max": 119
				},
				"2023-01-02": {
					"avg": 34,
					"count": 1,
					"min": 34,
					"max": 34
				},
				"2023-01-03": {
					"avg": 26,
					"count": 1,
					"min": 26,
					"max": 26
				},
				"2023-01-04": {
					"avg": 26,
					"count": 2,
					"min": 26,
					"max": 26
				},
				"2023-01-05": {
					"avg": 55,
					"count": 3,
					"min": 25,
					"max": 110
				},
				"2023-01-06": {
					"avg": 26,
					"count": 1,
					"min": 26,
					"max": 26
				},
				"2023-01-08": {
					"avg": 82,
					"count": 2,
					"min": 40,
					"max": 124
				},
				"2023-01-12": {
					"avg": 26,
					"count": 1,
					"min": 26,
					"max": 26
				},
				"2023-02-06": {
					"avg": 119,
					"count": 1,
					"min": 119,
					"max": 119
				},
				"2023-02-16": {
					"avg": 30,
					"count": 1,
					"min": 30,
					"max": 30
				},
				"2023-02-18": {
					"avg": 299,
					"count": 1,
					"min": 299,
					"max": 299
				},
				"2023-02-22": {
					"avg": 119,
					"count": 1,
					"min": 119,
					"max": 119
				},
				"2023-03-02": {
					"avg": 30,
					"count": 1,
					"min": 30,
					"max": 30
				},
				"2023-03-03": {
					"avg": 89,
					"count": 2,
					"min": 50,
					"max": 127
				},
				"2023-03-13": {
					"avg": 49,
					"count": 1,
					"min": 49,
					"max": 49
				},
				"2023-03-16": {
					"avg": 119,
					"count": 1,
					"min": 119,
					"max": 119
				},
				"2023-03-17": {
					"avg": 30,
					"count": 1,
					"min": 30,
					"max": 30
				},
				"2023-03-19": {
					"avg": 29,
					"count": 1,
					"min": 29,
					"max": 29
				},
				"2023-03-23": {
					"avg": 121,
					"count": 1,
					"min": 121,
					"max": 121
				},
				"2023-03-25": {
					"avg": 31,
					"count": 1,
					"min": 31,
					"max": 31
				},
				"2023-03-26": {
					"avg": 40,
					"count": 2,
					"min": 30,
					"max": 50
				},
				"2023-04-03": {
					"avg": 50,
					"count": 1,
					"min": 50,
					"max": 50
				},
				"2023-04-09": {
					"avg": 32,
					"count": 3,
					"min": 31,
					"max": 33
				},
				"2023-04-11": {
					"avg": 30,
					"count": 2,
					"min": 30,
					"max": 30
				},
				"2023-04-15": {
					"avg": 29,
					"count": 1,
					"min": 29,
					"max": 29
				},
				"2023-04-16": {
					"avg": 108,
					"count": 1,
					"min": 108,
					"max": 108
				},
				"2023-04-18": {
					"avg": 22,
					"count": 4,
					"min": 22,
					"max": 22
				},
				"2023-04-21": {
					"avg": 29,
					"count": 1,
					"min": 29,
					"max": 29
				},
				"2023-04-23": {
					"avg": 32,
					"count": 2,
					"min": 31,
					"max": 33
				},
				"2023-04-25": {
					"avg": 30,
					"count": 1,
					"min": 30,
					"max": 30
				},
				"2023-04-26": {
					"avg": 119,
					"count": 1,
					"min": 119,
					"max": 119
				},
				"2023-04-27": {
					"avg": 51,
					"count": 3,
					"min": 22,
					"max": 108
				},
				"2023-05-04": {
					"avg": 75,
					"count": 2,
					"min": 33,
					"max": 118
				},
				"2023-05-07": {
					"avg": 25,
					"count": 1,
					"min": 25,
					"max": 25
				},
				"2023-05-08": {
					"avg": 23,
					"count": 1,
					"min": 23,
					"max": 23
				},
				"2023-05-11": {
					"avg": 70,
					"count": 2,
					"min": 21,
					"max": 119
				},
				"2023-05-12": {
					"avg": 108,
					"count": 1,
					"min": 108,
					"max": 108
				},
				"2023-05-13": {
					"avg": 124,
					"count": 1,
					"min": 124,
					"max": 124
				},
				"2023-05-14": {
					"avg": 21,
					"count": 1,
					"min": 21,
					"max": 21
				},
				"2023-05-15": {
					"avg": 21,
					"count": 1,
					"min": 21,
					"max": 21
				},
				"2023-05-23": {
					"avg": 25,
					"count": 1,
					"min": 25,
					"max": 25
				},
				"2023-05-25": {
					"avg": 54,
					"count": 1,
					"min": 54,
					"max": 54
				},
				"2023-05-26": {
					"avg": 30,
					"count": 1,
					"min": 30,
					"max": 30
				},
				"2023-05-28": {
					"avg": 107,
					"count": 1,
					"min": 107,
					"max": 107
				},
				"2023-05-31": {
					"avg": 77,
					"count": 2,
					"min": 35,
					"max": 119
				},
				"2023-06-01": {
					"avg": 26,
					"count": 1,
					"min": 26,
					"max": 26
				},
				"2023-06-02": {
					"avg": 120,
					"count": 1,
					"min": 120,
					"max": 120
				},
				"2023-06-10": {
					"avg": 209,
					"count": 2,
					"min": 209,
					"max": 209
				},
				"2023-06-24": {
					"avg": 129,
					"count": 1,
					"min": 129,
					"max": 129
				},
				"2023-06-27": {
					"avg": 26,
					"count": 1,
					"min": 26,
					"max": 26
				},
				"2023-07-01": {
					"avg": 10,
					"count": 3,
					"min": 10,
					"max": 10
				},
				"2023-07-20": {
					"avg": 22,
					"count": 1,
					"min": 22,
					"max": 22
				},
				"2023-07-21": {
					"avg": 20,
					"count": 2,
					"min": 15,
					"max": 25
				},
				"2023-08-21": {
					"avg": 29,
					"count": 2,
					"min": 24,
					"max": 34
				},
				"2023-09-16": {
					"avg": 420,
					"count": 1,
					"min": 420,
					"max": 420
				},
				"2023-09-25": {
					"avg": 120,
					"count": 1,
					"min": 120,
					"max": 120
				},
				"2023-09-26": {
					"avg": 57,
					"count": 3,
					"min": 25,
					"max": 120
				},
				"2023-09-28": {
					"avg": 120,
					"count": 1,
					"min": 120,
					"max": 120
				},
				"2023-10-01": {
					"avg": 27,
					"count": 4,
					"min": 20,
					"max": 29
				},
				"2023-10-02": {
					"avg": 113,
					"count": 2,
					"min": 113,
					"max": 113
				},
				"2023-10-03": {
					"avg": 120,
					"count": 1,
					"min": 120,
					"max": 120
				},
				"2023-10-07": {
					"avg": 21,
					"count": 1,
					"min": 21,
					"max": 21
				},
				"2023-10-10": {
					"avg": 25,
					"count": 1,
					"min": 25,
					"max": 25
				},
				"2023-10-13": {
					"avg": 119,
					"count": 2,
					"min": 119,
					"max": 119
				},
				"2023-10-17": {
					"avg": 19,
					"count": 2,
					"min": 13,
					"max": 25
				},
				"2023-10-20": {
					"avg": 25,
					"count": 7,
					"min": 25,
					"max": 25
				},
				"2023-10-24": {
					"avg": 123,
					"count": 1,
					"min": 123,
					"max": 123
				},
				"2023-10-26": {
					"avg": 21,
					"count": 1,
					"min": 21,
					"max": 21
				},
				"2023-10-28": {
					"avg": 219,
					"count": 1,
					"min": 219,
					"max": 219
				},
				"2023-10-31": {
					"avg": 25,
					"count": 1,
					"min": 25,
					"max": 25
				},
				"2023-11-02": {
					"avg": 25,
					"count": 16,
					"min": 25,
					"max": 25
				},
				"2023-11-05": {
					"avg": 101,
					"count": 1,
					"min": 101,
					"max": 101
				},
				"2023-11-09": {
					"avg": 121,
					"count": 1,
					"min": 121,
					"max": 121
				},
				"2023-11-11": {
					"avg": 119,
					"count": 1,
					"min": 119,
					"max": 119
				},
				"2023-11-17": {
					"avg": 113,
					"count": 1,
					"min": 113,
					"max": 113
				},
				"2023-11-19": {
					"avg": 524,
					"count": 1,
					"min": 524,
					"max": 524
				},
				"2023-11-24": {
					"avg": 136,
					"count": 2,
					"min": 128,
					"max": 144
				},
				"2023-11-25": {
					"avg": 561,
					"count": 2,
					"min": 113,
					"max": 1009
				},
				"2023-11-26": {
					"avg": 87,
					"count": 3,
					"min": 25,
					"max": 118
				},
				"2023-11-27": {
					"avg": 24,
					"count": 1,
					"min": 24,
					"max": 24
				},
				"2024-05-17": {
					"avg": 130,
					"count": 2,
					"min": 119,
					"max": 141
				},
				"2024-05-22": {
					"avg": 88,
					"count": 2,
					"min": 34,
					"max": 141
				},
				"2024-06-10": {
					"avg": 139,
					"count": 1,
					"min": 139,
					"max": 139
				},
				"2024-06-24": {
					"avg": 120,
					"count": 1,
					"min": 120,
					"max": 120
				},
				"2024-07-10": {
					"avg": 25,
					"count": 1,
					"min": 25,
					"max": 25
				},
				"2024-07-14": {
					"avg": 25,
					"count": 1,
					"min": 25,
					"max": 25
				},
				"2024-08-05": {
					"avg": 50,
					"count": 1,
					"min": 50,
					"max": 50
				},
				"2024-08-06": {
					"avg": 20,
					"count": 1,
					"min": 20,
					"max": 20
				},
				"2024-08-10": {
					"avg": 28,
					"count": 1,
					"min": 28,
					"max": 28
				},
				"2024-08-13": {
					"avg": 543,
					"count": 1,
					"min": 543,
					"max": 543
				},
				"2024-09-02": {
					"avg": 20,
					"count": 1,
					"min": 20,
					"max": 20
				},
				"2024-09-16": {
					"avg": 20,
					"count": 1,
					"min": 20,
					"max": 20
				},
				"2024-09-20": {
					"avg": 20,
					"count": 1,
					"min": 20,
					"max": 20
				}
			},
			"avg": 83,
			"avg7": 109,
			"avg28": 109
		},
		"holo-good": {
			"history": {
				"2022-12-15": {
					"avg": 173,
					"count": 2,
					"min": 168,
					"max": 177
				},
				"2022-12-16": {
					"avg": 166,
					"count": 1,
					"min": 166,
					"max": 166
				},
				"2022-12-20": {
					"avg": 149,
					"count": 1,
					"min": 149,
					"max": 149
				},
				"2022-12-27": {
					"avg": 77,
					"count": 1,
					"min": 77,
					"max": 77
				},
				"2022-12-28": {
					"avg": 621,
					"count": 3,
					"min": 88,
					"max": 1639
				},
				"2022-12-29": {
					"avg": 88,
					"count": 1,
					"min": 88,
					"max": 88
				},
				"2022-12-30": {
					"avg": 199,
					"count": 1,
					"min": 199,
					"max": 199
				},
				"2022-12-31": {
					"avg": 168,
					"count": 1,
					"min": 168,
					"max": 168
				},
				"2023-01-01": {
					"avg": 111,
					"count": 1,
					"min": 111,
					"max": 111
				},
				"2023-01-03": {
					"avg": 59,
					"count": 2,
					"min": 59,
					"max": 59
				},
				"2023-01-05": {
					"avg": 59,
					"count": 1,
					"min": 59,
					"max": 59
				},
				"2023-01-06": {
					"avg": 206,
					"count": 1,
					"min": 206,
					"max": 206
				},
				"2023-01-08": {
					"avg": 168,
					"count": 1,
					"min": 168,
					"max": 168
				},
				"2023-01-11": {
					"avg": 153,
					"count": 3,
					"min": 60,
					"max": 202
				},
				"2023-02-14": {
					"avg": 74,
					"count": 1,
					"min": 74,
					"max": 74
				},
				"2023-02-18": {
					"avg": 299,
					"count": 4,
					"min": 49,
					"max": 499
				},
				"2023-03-02": {
					"avg": 199,
					"count": 1,
					"min": 199,
					"max": 199
				},
				"2023-03-07": {
					"avg": 66,
					"count": 1,
					"min": 66,
					"max": 66
				},
				"2023-03-13": {
					"avg": 149,
					"count": 1,
					"min": 149,
					"max": 149
				},
				"2023-03-15": {
					"avg": 163,
					"count": 1,
					"min": 163,
					"max": 163
				},
				"2023-03-17": {
					"avg": 147,
					"count": 1,
					"min": 147,
					"max": 147
				},
				"2023-03-21": {
					"avg": 89,
					"count": 5,
					"min": 64,
					"max": 185
				},
				"2023-03-23": {
					"avg": 114,
					"count": 2,
					"min": 64,
					"max": 163
				},
				"2023-03-25": {
					"avg": 60,
					"count": 1,
					"min": 60,
					"max": 60
				},
				"2023-03-27": {
					"avg": 134,
					"count": 2,
					"min": 71,
					"max": 197
				},
				"2023-04-02": {
					"avg": 186,
					"count": 2,
					"min": 101,
					"max": 271
				},
				"2023-04-03": {
					"avg": 69,
					"count": 1,
					"min": 69,
					"max": 69
				},
				"2023-04-09": {
					"avg": 102,
					"count": 2,
					"min": 75,
					"max": 129
				},
				"2023-04-11": {
					"avg": 101,
					"count": 1,
					"min": 101,
					"max": 101
				},
				"2023-04-16": {
					"avg": 64,
					"count": 1,
					"min": 64,
					"max": 64
				},
				"2023-04-18": {
					"avg": 64,
					"count": 1,
					"min": 64,
					"max": 64
				},
				"2023-04-21": {
					"avg": 164,
					"count": 1,
					"min": 164,
					"max": 164
				},
				"2023-04-22": {
					"avg": 170,
					"count": 1,
					"min": 170,
					"max": 170
				},
				"2023-04-27": {
					"avg": 176,
					"count": 1,
					"min": 176,
					"max": 176
				},
				"2023-04-29": {
					"avg": 146,
					"count": 3,
					"min": 99,
					"max": 176
				},
				"2023-05-02": {
					"avg": 129,
					"count": 1,
					"min": 129,
					"max": 129
				},
				"2023-05-04": {
					"avg": 164,
					"count": 1,
					"min": 164,
					"max": 164
				},
				"2023-05-12": {
					"avg": 177,
					"count": 1,
					"min": 177,
					"max": 177
				},
				"2023-05-14": {
					"avg": 430,
					"count": 1,
					"min": 430,
					"max": 430
				},
				"2023-05-15": {
					"avg": 94,
					"count": 1,
					"min": 94,
					"max": 94
				},
				"2023-05-16": {
					"avg": 181,
					"count": 1,
					"min": 181,
					"max": 181
				},
				"2023-05-23": {
					"avg": 82,
					"count": 2,
					"min": 79,
					"max": 85
				},
				"2023-05-25": {
					"avg": 101,
					"count": 1,
					"min": 101,
					"max": 101
				},
				"2023-05-28": {
					"avg": 140,
					"count": 1,
					"min": 140,
					"max": 140
				},
				"2023-05-31": {
					"avg": 85,
					"count": 1,
					"min": 85,
					"max": 85
				},
				"2023-06-10": {
					"avg": 75,
					"count": 1,
					"min": 75,
					"max": 75
				},
				"2023-06-27": {
					"avg": 49,
					"count": 1,
					"min": 49,
					"max": 49
				},
				"2023-07-07": {
					"avg": 66,
					"count": 1,
					"min": 66,
					"max": 66
				},
				"2023-07-08": {
					"avg": 63,
					"count": 1,
					"min": 63,
					"max": 63
				},
				"2023-07-20": {
					"avg": 54,
					"count": 1,
					"min": 54,
					"max": 54
				},
				"2023-07-21": {
					"avg": 65,
					"count": 2,
					"min": 54,
					"max": 75
				},
				"2023-08-21": {
					"avg": 68,
					"count": 1,
					"min": 68,
					"max": 68
				},
				"2023-08-24": {
					"avg": 129,
					"count": 1,
					"min": 129,
					"max": 129
				},
				"2023-09-18": {
					"avg": 157,
					"count": 5,
					"min": 149,
					"max": 188
				},
				"2023-09-23": {
					"avg": 30,
					"count": 1,
					"min": 30,
					"max": 30
				},
				"2023-09-26": {
					"avg": 70,
					"count": 1,
					"min": 70,
					"max": 70
				},
				"2023-09-27": {
					"avg": 2095,
					"count": 1,
					"min": 2095,
					"max": 2095
				},
				"2023-09-29": {
					"avg": 270,
					"count": 2,
					"min": 40,
					"max": 499
				},
				"2023-10-01": {
					"avg": 46,
					"count": 4,
					"min": 37,
					"max": 49
				},
				"2023-10-03": {
					"avg": 154,
					"count": 1,
					"min": 154,
					"max": 154
				},
				"2023-10-04": {
					"avg": 49,
					"count": 1,
					"min": 49,
					"max": 49
				},
				"2023-10-09": {
					"avg": 139,
					"count": 1,
					"min": 139,
					"max": 139
				},
				"2023-10-10": {
					"avg": 99,
					"count": 2,
					"min": 49,
					"max": 148
				},
				"2023-10-19": {
					"avg": 474,
					"count": 1,
					"min": 474,
					"max": 474
				},
				"2023-10-20": {
					"avg": 51,
					"count": 2,
					"min": 49,
					"max": 53
				},
				"2023-10-22": {
					"avg": 53,
					"count": 1,
					"min": 53,
					"max": 53
				},
				"2023-10-25": {
					"avg": 48,
					"count": 1,
					"min": 48,
					"max": 48
				},
				"2023-10-26": {
					"avg": 131,
					"count": 2,
					"min": 45,
					"max": 216
				},
				"2023-10-28": {
					"avg": 261,
					"count": 2,
					"min": 48,
					"max": 474
				},
				"2023-11-01": {
					"avg": 30,
					"count": 1,
					"min": 30,
					"max": 30
				},
				"2023-11-05": {
					"avg": 136,
					"count": 1,
					"min": 136,
					"max": 136
				},
				"2023-11-10": {
					"avg": 40,
					"count": 1,
					"min": 40,
					"max": 40
				},
				"2023-11-11": {
					"avg": 150,
					"count": 1,
					"min": 150,
					"max": 150
				},
				"2023-11-19": {
					"avg": 55,
					"count": 3,
					"min": 49,
					"max": 65
				},
				"2023-11-20": {
					"avg": 70,
					"count": 1,
					"min": 70,
					"max": 70
				},
				"2023-11-24": {
					"avg": 293,
					"count": 2,
					"min": 57,
					"max": 528
				},
				"2023-11-25": {
					"avg": 282,
					"count": 2,
					"min": 128,
					"max": 435
				},
				"2023-11-26": {
					"avg": 73,
					"count": 3,
					"min": 35,
					"max": 150
				},
				"2024-05-17": {
					"avg": 124,
					"count": 2,
					"min": 59,
					"max": 190
				},
				"2024-05-18": {
					"avg": 152,
					"count": 2,
					"min": 150,
					"max": 154
				},
				"2024-05-20": {
					"avg": 60,
					"count": 1,
					"min": 60,
					"max": 60
				},
				"2024-05-22": {
					"avg": 449,
					"count": 1,
					"min": 449,
					"max": 449
				},
				"2024-05-23": {
					"avg": 70,
					"count": 1,
					"min": 70,
					"max": 70
				},
				"2024-06-03": {
					"avg": 50,
					"count": 1,
					"min": 50,
					"max": 50
				},
				"2024-06-04": {
					"avg": 144,
					"count": 1,
					"min": 144,
					"max": 144
				},
				"2024-06-18": {
					"avg": 132,
					"count": 1,
					"min": 132,
					"max": 132
				},
				"2024-06-23": {
					"avg": 147,
					"count": 1,
					"min": 147,
					"max": 147
				},
				"2024-06-24": {
					"avg": 125,
					"count": 1,
					"min": 125,
					"max": 125
				},
				"2024-07-02": {
					"avg": 152,
					"count": 1,
					"min": 152,
					"max": 152
				},
				"2024-07-05": {
					"avg": 152,
					"count": 1,
					"min": 152,
					"max": 152
				},
				"2024-08-07": {
					"avg": 50,
					"count": 1,
					"min": 50,
					"max": 50
				},
				"2024-09-17": {
					"avg": 158,
					"count": 1,
					"min": 158,
					"max": 158
				},
				"2024-09-21": {
					"avg": 151,
					"count": 1,
					"min": 151,
					"max": 151
				}
			},
			"avg": 159,
			"avg7": 177,
			"avg28": 177
		},
		"normal-nearmint": {
			"history": {
				"2024-05-24": {
					"avg": 137,
					"count": 1,
					"min": 137,
					"max": 137
				},
				"2024-05-25": {
					"avg": 25,
					"count": 1,
					"min": 25,
					"max": 25
				},
				"2024-05-28": {
					"avg": 140,
					"count": 1,
					"min": 140,
					"max": 140
				},
				"2024-05-31": {
					"avg": 140,
					"count": 2,
					"min": 137,
					"max": 142
				},
				"2024-06-04": {
					"avg": 27,
					"count": 1,
					"min": 27,
					"max": 27
				},
				"2024-06-05": {
					"avg": 141,
					"count": 1,
					"min": 141,
					"max": 141
				},
				"2024-06-09": {
					"avg": 29,
					"count": 1,
					"min": 29,
					"max": 29
				},
				"2024-06-10": {
					"avg": 28,
					"count": 1,
					"min": 28,
					"max": 28
				},
				"2024-06-11": {
					"avg": 131,
					"count": 3,
					"min": 115,
					"max": 139
				},
				"2024-06-12": {
					"avg": 94,
					"count": 2,
					"min": 29,
					"max": 159
				},
				"2024-06-14": {
					"avg": 110,
					"count": 10,
					"min": 25,
					"max": 138
				},
				"2024-06-15": {
					"avg": 139,
					"count": 1,
					"min": 139,
					"max": 139
				},
				"2024-06-17": {
					"avg": 28,
					"count": 1,
					"min": 28,
					"max": 28
				},
				"2024-06-19": {
					"avg": 30,
					"count": 1,
					"min": 30,
					"max": 30
				},
				"2024-06-21": {
					"avg": 144,
					"count": 1,
					"min": 144,
					"max": 144
				},
				"2024-06-27": {
					"avg": 200,
					"count": 5,
					"min": 143,
					"max": 214
				},
				"2024-06-28": {
					"avg": 50,
					"count": 1,
					"min": 50,
					"max": 50
				},
				"2024-07-05": {
					"avg": 144,
					"count": 1,
					"min": 144,
					"max": 144
				},
				"2024-07-06": {
					"avg": 26,
					"count": 2,
					"min": 17,
					"max": 34
				},
				"2024-07-07": {
					"avg": 115,
					"count": 1,
					"min": 115,
					"max": 115
				},
				"2024-07-08": {
					"avg": 116,
					"count": 1,
					"min": 116,
					"max": 116
				},
				"2024-07-09": {
					"avg": 233,
					"count": 2,
					"min": 18,
					"max": 448
				},
				"2024-07-10": {
					"avg": 144,
					"count": 1,
					"min": 144,
					"max": 144
				},
				"2024-07-13": {
					"avg": 143,
					"count": 1,
					"min": 143,
					"max": 143
				},
				"2024-07-15": {
					"avg": 327,
					"count": 2,
					"min": 144,
					"max": 510
				},
				"2024-07-16": {
					"avg": 120,
					"count": 8,
					"min": 115,
					"max": 144
				},
				"2024-07-17": {
					"avg": 274,
					"count": 2,
					"min": 26,
					"max": 521
				},
				"2024-07-19": {
					"avg": 122,
					"count": 1,
					"min": 122,
					"max": 122
				},
				"2024-07-23": {
					"avg": 149,
					"count": 1,
					"min": 149,
					"max": 149
				},
				"2024-07-27": {
					"avg": 33,
					"count": 1,
					"min": 33,
					"max": 33
				},
				"2024-07-31": {
					"avg": 54,
					"count": 4,
					"min": 19,
					"max": 155
				},
				"2024-08-03": {
					"avg": 59,
					"count": 3,
					"min": 13,
					"max": 150
				},
				"2024-08-04": {
					"avg": 18,
					"count": 1,
					"min": 18,
					"max": 18
				},
				"2024-08-07": {
					"avg": 50,
					"count": 1,
					"min": 50,
					"max": 50
				},
				"2024-08-08": {
					"avg": 141,
					"count": 1,
					"min": 141,
					"max": 141
				},
				"2024-08-14": {
					"avg": 510,
					"count": 2,
					"min": 510,
					"max": 510
				},
				"2024-08-15": {
					"avg": 149,
					"count": 1,
					"min": 149,
					"max": 149
				},
				"2024-08-19": {
					"avg": 23,
					"count": 1,
					"min": 23,
					"max": 23
				},
				"2024-08-20": {
					"avg": 141,
					"count": 1,
					"min": 141,
					"max": 141
				},
				"2024-08-24": {
					"avg": 22,
					"count": 1,
					"min": 22,
					"max": 22
				},
				"2024-08-25": {
					"avg": 210,
					"count": 1,
					"min": 210,
					"max": 210
				},
				"2024-08-26": {
					"avg": 23,
					"count": 1,
					"min": 23,
					"max": 23
				},
				"2024-08-27": {
					"avg": 87,
					"count": 2,
					"min": 30,
					"max": 144
				},
				"2024-08-30": {
					"avg": 21,
					"count": 1,
					"min": 21,
					"max": 21
				},
				"2024-08-31": {
					"avg": 23,
					"count": 1,
					"min": 23,
					"max": 23
				},
				"2024-09-02": {
					"avg": 25,
					"count": 1,
					"min": 25,
					"max": 25
				},
				"2024-09-03": {
					"avg": 25,
					"count": 1,
					"min": 25,
					"max": 25
				},
				"2024-09-05": {
					"avg": 32,
					"count": 1,
					"min": 32,
					"max": 32
				},
				"2024-09-06": {
					"avg": 13,
					"count": 1,
					"min": 13,
					"max": 13
				},
				"2024-09-07": {
					"avg": 137,
					"count": 1,
					"min": 137,
					"max": 137
				},
				"2024-09-08": {
					"avg": 145,
					"count": 2,
					"min": 137,
					"max": 152
				},
				"2024-09-09": {
					"avg": 21,
					"count": 1,
					"min": 21,
					"max": 21
				},
				"2024-09-10": {
					"avg": 146,
					"count": 2,
					"min": 145,
					"max": 147
				},
				"2024-09-11": {
					"avg": 50,
					"count": 1,
					"min": 50,
					"max": 50
				},
				"2024-09-12": {
					"avg": 359,
					"count": 2,
					"min": 209,
					"max": 508
				},
				"2024-09-14": {
					"avg": 448,
					"count": 1,
					"min": 448,
					"max": 448
				},
				"2024-09-16": {
					"avg": 23,
					"count": 1,
					"min": 23,
					"max": 23
				},
				"2024-09-17": {
					"avg": 143,
					"count": 2,
					"min": 139,
					"max": 147
				},
				"2024-09-20": {
					"avg": 147,
					"count": 1,
					"min": 147,
					"max": 147
				}
			},
			"avg": 127,
			"avg7": -1,
			"avg28": -1
		},
		"holo-nearmint": {
			"history": {
				"2024-05-24": {
					"avg": 129,
					"count": 1,
					"min": 129,
					"max": 129
				},
				"2024-05-28": {
					"avg": 149,
					"count": 1,
					"min": 149,
					"max": 149
				},
				"2024-05-31": {
					"avg": 152,
					"count": 1,
					"min": 152,
					"max": 152
				},
				"2024-06-01": {
					"avg": 52,
					"count": 1,
					"min": 52,
					"max": 52
				},
				"2024-06-02": {
					"avg": 156,
					"count": 1,
					"min": 156,
					"max": 156
				},
				"2024-06-07": {
					"avg": 97,
					"count": 2,
					"min": 72,
					"max": 121
				},
				"2024-06-11": {
					"avg": 111,
					"count": 2,
					"min": 70,
					"max": 152
				},
				"2024-06-12": {
					"avg": 154,
					"count": 1,
					"min": 154,
					"max": 154
				},
				"2024-06-13": {
					"avg": 152,
					"count": 1,
					"min": 152,
					"max": 152
				},
				"2024-06-19": {
					"avg": 138,
					"count": 5,
					"min": 119,
					"max": 176
				},
				"2024-06-27": {
					"avg": 152,
					"count": 1,
					"min": 152,
					"max": 152
				},
				"2024-06-28": {
					"avg": 70,
					"count": 1,
					"min": 70,
					"max": 70
				},
				"2024-06-30": {
					"avg": 40,
					"count": 1,
					"min": 40,
					"max": 40
				},
				"2024-07-03": {
					"avg": 62,
					"count": 1,
					"min": 62,
					"max": 62
				},
				"2024-07-04": {
					"avg": 598,
					"count": 1,
					"min": 598,
					"max": 598
				},
				"2024-07-06": {
					"avg": 209,
					"count": 1,
					"min": 209,
					"max": 209
				},
				"2024-07-07": {
					"avg": 174,
					"count": 1,
					"min": 174,
					"max": 174
				},
				"2024-07-09": {
					"avg": 498,
					"count": 1,
					"min": 498,
					"max": 498
				},
				"2024-07-10": {
					"avg": 177,
					"count": 1,
					"min": 177,
					"max": 177
				},
				"2024-07-13": {
					"avg": 166,
					"count": 1,
					"min": 166,
					"max": 166
				},
				"2024-07-20": {
					"avg": 143,
					"count": 1,
					"min": 143,
					"max": 143
				},
				"2024-07-22": {
					"avg": 100,
					"count": 1,
					"min": 100,
					"max": 100
				},
				"2024-07-24": {
					"avg": 143,
					"count": 1,
					"min": 143,
					"max": 143
				},
				"2024-07-30": {
					"avg": 37,
					"count": 1,
					"min": 37,
					"max": 37
				},
				"2024-08-01": {
					"avg": 77,
					"count": 3,
					"min": 33,
					"max": 99
				},
				"2024-08-09": {
					"avg": 105,
					"count": 3,
					"min": 46,
					"max": 170
				},
				"2024-08-10": {
					"avg": 46,
					"count": 4,
					"min": 46,
					"max": 46
				},
				"2024-08-18": {
					"avg": 35,
					"count": 1,
					"min": 35,
					"max": 35
				},
				"2024-08-20": {
					"avg": 58,
					"count": 1,
					"min": 58,
					"max": 58
				},
				"2024-08-22": {
					"avg": 179,
					"count": 1,
					"min": 179,
					"max": 179
				},
				"2024-08-24": {
					"avg": 100,
					"count": 1,
					"min": 100,
					"max": 100
				},
				"2024-08-25": {
					"avg": 558,
					"count": 1,
					"min": 558,
					"max": 558
				},
				"2024-08-26": {
					"avg": 134,
					"count": 1,
					"min": 134,
					"max": 134
				},
				"2024-08-29": {
					"avg": 190,
					"count": 1,
					"min": 190,
					"max": 190
				},
				"2024-09-02": {
					"avg": 174,
					"count": 24,
					"min": 57,
					"max": 256
				},
				"2024-09-07": {
					"avg": 50,
					"count": 1,
					"min": 50,
					"max": 50
				},
				"2024-09-08": {
					"avg": 57,
					"count": 1,
					"min": 57,
					"max": 57
				},
				"2024-09-10": {
					"avg": 152,
					"count": 1,
					"min": 152,
					"max": 152
				},
				"2024-09-13": {
					"avg": 124,
					"count": 3,
					"min": 124,
					"max": 124
				},
				"2024-09-16": {
					"avg": 49,
					"count": 1,
					"min": 49,
					"max": 49
				},
				"2024-09-18": {
					"avg": 44,
					"count": 1,
					"min": 44,
					"max": 44
				},
				"2024-09-20": {
					"avg": 167,
					"count": 1,
					"min": 167,
					"max": 167
				},
				"2024-09-23": {
					"avg": 49,
					"count": 1,
					"min": 49,
					"max": 49
				}
			},
			"avg": 145,
			"avg7": -1,
			"avg28": -1
		},
		"normal-played": {
			"history": {
				"2024-05-30": {
					"avg": 25,
					"count": 1,
					"min": 25,
					"max": 25
				},
				"2024-09-23": {
					"avg": 28,
					"count": 1,
					"min": 28,
					"max": 28
				}
			},
			"avg": 27,
			"avg7": -1,
			"avg28": -1
		},
		"holo-played": {
			"history": {
				"2024-06-25": {
					"avg": 194,
					"count": 1,
					"min": 194,
					"max": 194
				},
				"2024-07-23": {
					"avg": 39,
					"count": 1,
					"min": 39,
					"max": 39
				},
				"2024-08-08": {
					"avg": 49,
					"count": 1,
					"min": 49,
					"max": 49
				},
				"2024-08-19": {
					"avg": 125,
					"count": 1,
					"min": 125,
					"max": 125
				},
				"2024-09-02": {
					"avg": 194,
					"count": 1,
					"min": 194,
					"max": 194
				}
			},
			"avg": 120,
			"avg7": -1,
			"avg28": -1
		},
		"holo-poor": {
			"history": {
				"2024-08-29": {
					"avg": 30,
					"count": 1,
					"min": 30,
					"max": 30
				}
			},
			"avg": 30,
			"avg7": -1,
			"avg28": -1
		},
		"normal-used": {
			"history": {
				"2024-07-15": {
					"avg": 32,
					"count": 1,
					"min": 32,
					"max": 32
				}
			},
			"avg": 32,
			"avg7": -1,
			"avg28": -1
		}
	}
}