{
	"data": {
		"normal-good": {
			"history": {
				"2022-12-10": {
					"avg": 48,
					"count": 1,
					"min": 48,
					"max": 48
				},
				"2022-12-11": {
					"avg": 165,
					"count": 1,
					"min": 165,
					"max": 165
				},
				"2022-12-13": {
					"avg": 47,
					"count": 1,
					"min": 47,
					"max": 47
				},
				"2022-12-15": {
					"avg": 74,
					"count": 1,
					"min": 74,
					"max": 74
				},
				"2022-12-16": {
					"avg": 80,
					"count": 3,
					"min": 46,
					"max": 148
				},
				"2022-12-18": {
					"avg": 64,
					"count": 1,
					"min": 64,
					"max": 64
				},
				"2022-12-20": {
					"avg": 48,
					"count": 1,
					"min": 48,
					"max": 48
				},
				"2022-12-22": {
					"avg": 147,
					"count": 1,
					"min": 147,
					"max": 147
				},
				"2022-12-26": {
					"avg": 50,
					"count": 1,
					"min": 50,
					"max": 50
				},
				"2022-12-28": {
					"avg": 1554,
					"count": 1,
					"min": 1554,
					"max": 1554
				},
				"2022-12-30": {
					"avg": 148,
					"count": 1,
					"min": 148,
					"max": 148
				},
				"2022-12-31": {
					"avg": 129,
					"count": 1,
					"min": 129,
					"max": 129
				},
				"2023-01-01": {
					"avg": 50,
					"count": 1,
					"min": 50,
					"max": 50
				},
				"2023-01-02": {
					"avg": 70,
					"count": 1,
					"min": 70,
					"max": 70
				},
				"2023-01-04": {
					"avg": 66,
					"count": 3,
					"min": 26,
					"max": 124
				},
				"2023-01-05": {
					"avg": 59,
					"count": 3,
					"min": 47,
					"max": 79
				},
				"2023-01-08": {
					"avg": 89,
					"count": 2,
					"min": 49,
					"max": 129
				},
				"2023-01-11": {
					"avg": 126,
					"count": 1,
					"min": 126,
					"max": 126
				},
				"2023-02-06": {
					"avg": 102,
					"count": 2,
					"min": 79,
					"max": 124
				},
				"2023-02-12": {
					"avg": 79,
					"count": 3,
					"min": 52,
					"max": 128
				},
				"2023-02-16": {
					"avg": 75,
					"count": 3,
					"min": 47,
					"max": 129
				},
				"2023-02-18": {
					"avg": 124,
					"count": 2,
					"min": 50,
					"max": 198
				},
				"2023-02-22": {
					"avg": 79,
					"count": 1,
					"min": 79,
					"max": 79
				},
				"2023-03-03": {
					"avg": 95,
					"count": 2,
					"min": 50,
					"max": 139
				},
				"2023-03-13": {
					"avg": 339,
					"count": 2,
					"min": 79,
					"max": 599
				},
				"2023-03-15": {
					"avg": 124,
					"count": 1,
					"min": 124,
					"max": 124
				},
				"2023-03-16": {
					"avg": 52,
					"count": 2,
					"min": 52,
					"max": 52
				},
				"2023-03-17": {
					"avg": 345,
					"count": 1,
					"min": 345,
					"max": 345
				},
				"2023-03-19": {
					"avg": 50,
					"count": 1,
					"min": 50,
					"max": 50
				},
				"2023-03-25": {
					"avg": 53,
					"count": 1,
					"min": 53,
					"max": 53
				},
				"2023-03-29": {
					"avg": 68,
					"count": 8,
					"min": 48,
					"max": 124
				},
				"2023-04-02": {
					"avg": 48,
					"count": 1,
					"min": 48,
					"max": 48
				},
				"2023-04-03": {
					"avg": 50,
					"count": 2,
					"min": 49,
					"max": 50
				},
				"2023-04-06": {
					"avg": 49,
					"count": 1,
					"min": 49,
					"max": 49
				},
				"2023-04-08": {
					"avg": 151,
					"count": 1,
					"min": 151,
					"max": 151
				},
				"2023-04-09": {
					"avg": 53,
					"count": 2,
					"min": 46,
					"max": 60
				},
				"2023-04-11": {
					"avg": 81,
					"count": 3,
					"min": 46,
					"max": 146
				},
				"2023-04-16": {
					"avg": 156,
					"count": 3,
					"min": 46,
					"max": 375
				},
				"2023-04-17": {
					"avg": 540,
					"count": 1,
					"min": 540,
					"max": 540
				},
				"2023-04-18": {
					"avg": 49,
					"count": 5,
					"min": 49,
					"max": 51
				},
				"2023-04-20": {
					"avg": 49,
					"count": 1,
					"min": 49,
					"max": 49
				},
				"2023-04-26": {
					"avg": 129,
					"count": 1,
					"min": 129,
					"max": 129
				},
				"2023-04-30": {
					"avg": 50,
					"count": 1,
					"min": 50,
					"max": 50
				},
				"2023-05-01": {
					"avg": 46,
					"count": 1,
					"min": 46,
					"max": 46
				},
				"2023-05-02": {
					"avg": 149,
					"count": 2,
					"min": 119,
					"max": 179
				},
				"2023-05-04": {
					"avg": 19,
					"count": 1,
					"min": 19,
					"max": 19
				},
				"2023-05-05": {
					"avg": 47,
					"count": 1,
					"min": 47,
					"max": 47
				},
				"2023-05-07": {
					"avg": 77,
					"count": 2,
					"min": 25,
					"max": 129
				},
				"2023-05-09": {
					"avg": 76,
					"count": 2,
					"min": 12,
					"max": 140
				},
				"2023-05-11": {
					"avg": 25,
					"count": 2,
					"min": 10,
					"max": 40
				},
				"2023-05-12": {
					"avg": 118,
					"count": 1,
					"min": 118,
					"max": 118
				},
				"2023-05-14": {
					"avg": 100,
					"count": 1,
					"min": 100,
					"max": 100
				},
				"2023-05-15": {
					"avg": 40,
					"count": 1,
					"min": 40,
					"max": 40
				},
				"2023-05-16": {
					"avg": 149,
					"count": 1,
					"min": 149,
					"max": 149
				},
				"2023-05-23": {
					"avg": 45,
					"count": 1,
					"min": 45,
					"max": 45
				},
				"2023-05-25": {
					"avg": 47,
					"count": 2,
					"min": 41,
					"max": 52
				},
				"2023-05-26": {
					"avg": 52,
					"count": 1,
					"min": 52,
					"max": 52
				},
				"2023-05-27": {
					"avg": 38,
					"count": 1,
					"min": 38,
					"max": 38
				},
				"2023-05-31": {
					"avg": 80,
					"count": 2,
					"min": 49,
					"max": 110
				},
				"2023-06-10": {
					"avg": 129,
					"count": 2,
					"min": 129,
					"max": 129
				},
				"2023-06-24": {
					"avg": 124,
					"count": 1,
					"min": 124,
					"max": 124
				},
				"2023-06-27": {
					"avg": 38,
					"count": 1,
					"min": 38,
					"max": 38
				},
				"2023-07-01": {
					"avg": 19,
					"count": 4,
					"min": 19,
					"max": 19
				},
				"2023-07-20": {
					"avg": 138,
					"count": 1,
					"min": 138,
					"max": 138
				},
				"2023-07-21": {
					"avg": 40,
					"count": 1,
					"min": 40,
					"max": 40
				},
				"2023-08-04": {
					"avg": 124,
					"count": 1,
					"min": 124,
					"max": 124
				},
				"2023-08-21": {
					"avg": 69,
					"count": 2,
					"min": 39,
					"max": 99
				},
				"2023-09-14": {
					"avg": 137,
					"count": 1,
					"min": 137,
					"max": 137
				},
				"2023-09-16": {
					"avg": 440,
					"count": 1,
					"min": 440,
					"max": 440
				},
				"2023-09-18": {
					"avg": 54,
					"count": 1,
					"min": 54,
					"max": 54
				},
				"2023-09-21": {
					"avg": 37,
					"count": 1,
					"min": 37,
					"max": 37
				},
				"2023-09-25": {
					"avg": 93,
					"count": 2,
					"min": 38,
					"max": 148
				},
				"2023-09-26": {
					"avg": 59,
					"count": 4,
					"min": 38,
					"max": 122
				},
				"2023-09-28": {
					"avg": 134,
					"count": 1,
					"min": 134,
					"max": 134
				},
				"2023-09-30": {
					"avg": 134,
					"count": 1,
					"min": 134,
					"max": 134
				},
				"2023-10-01": {
					"avg": 37,
					"count": 4,
					"min": 20,
					"max": 43
				},
				"2023-10-03": {
					"avg": 205,
					"count": 2,
					"min": 39,
					"max": 370
				},
				"2023-10-04": {
					"avg": 49,
					"count": 1,
					"min": 49,
					"max": 49
				},
				"2023-10-07": {
					"avg": 36,
					"count": 1,
					"min": 36,
					"max": 36
				},
				"2023-10-10": {
					"avg": 84,
					"count": 2,
					"min": 45,
					"max": 122
				},
				"2023-10-12": {
					"avg": 122,
					"count": 1,
					"min": 122,
					"max": 122
				},
				"2023-10-13": {
					"avg": 82,
					"count": 2,
					"min": 40,
					"max": 123
				},
				"2023-10-20": {
					"avg": 42,
					"count": 11,
					"min": 42,
					"max": 42
				},
				"2023-10-21": {
					"avg": 40,
					"count": 1,
					"min": 40,
					"max": 40
				},
				"2023-10-22": {
					"avg": 240,
					"count": 2,
					"min": 40,
					"max": 440
				},
				"2023-10-24": {
					"avg": 123,
					"count": 1,
					"min": 123,
					"max": 123
				},
				"2023-10-26": {
					"avg": 31,
					"count": 1,
					"min": 31,
					"max": 31
				},
				"2023-10-27": {
					"avg": 40,
					"count": 2,
					"min": 39,
					"max": 40
				},
				"2023-10-31": {
					"avg": 25,
					"count": 2,
					"min": 25,
					"max": 25
				},
				"2023-11-02": {
					"avg": 38,
					"count": 15,
					"min": 31,
					"max": 42
				},
				"2023-11-03": {
					"avg": 24,
					"count": 1,
					"min": 24,
					"max": 24
				},
				"2023-11-08": {
					"avg": 503,
					"count": 1,
					"min": 503,
					"max": 503
				},
				"2023-11-09": {
					"avg": 31,
					"count": 2,
					"min": 24,
					"max": 37
				},
				"2023-11-17": {
					"avg": 45,
					"count": 1,
					"min": 45,
					"max": 45
				},
				"2023-11-19": {
					"avg": 282,
					"count": 2,
					"min": 25,
					"max": 539
				},
				"2023-11-22": {
					"avg": 509,
					"count": 1,
					"min": 509,
					"max": 509
				},
				"2023-11-24": {
					"avg": 73,
					"count": 2,
					"min": 24,
					"max": 122
				},
				"2023-11-26": {
					"avg": 63,
					"count": 3,
					"min": 24,
					"max": 123
				},
				"2023-11-27": {
					"avg": 79,
					"count": 2,
					"min": 24,
					"max": 134
				},
				"2024-05-16": {
					"avg": 69,
					"count": 1,
					"min": 69,
					"max": 69
				},
				"2024-05-17": {
					"avg": 283,
					"count": 2,
					"min": 31,
					"max": 534
				},
				"2024-05-19": {
					"avg": 34,
					"count": 1,
					"min": 34,
					"max": 34
				},
				"2024-05-22": {
					"avg": 89,
					"count": 2,
					"min": 30,
					"max": 147
				},
				"2024-06-05": {
					"avg": 229,
					"count": 1,
					"min": 229,
					"max": 229
				},
				"2024-06-12": {
					"avg": 34,
					"count": 1,
					"min": 34,
					"max": 34
				},
				"2024-06-18": {
					"avg": 132,
					"count": 1,
					"min": 132,
					"max": 132
				},
				"2024-06-20": {
					"avg": 35,
					"count": 1,
					"min": 35,
					"max": 35
				},
				"2024-06-24": {
					"avg": 147,
					"count": 1,
					"min": 147,
					"max": 147
				},
				"2024-07-02": {
					"avg": 503,
					"count": 1,
					"min": 503,
					"max": 503
				},
				"2024-07-07": {
					"avg": 26,
					"count": 1,
					"min": 26,
					"max": 26
				},
				"2024-07-10": {
					"avg": 2032,
					"count": 1,
					"min": 2032,
					"max": 2032
				},
				"2024-08-03": {
					"avg": 22,
					"count": 1,
					"min": 22,
					"max": 22
				},
				"2024-08-06": {
					"avg": 22,
					"count": 1,
					"min": 22,
					"max": 22
				},
				"2024-08-07": {
					"avg": 50,
					"count": 1,
					"min": 50,
					"max": 50
				},
				"2024-09-06": {
					"avg": 155,
					"count": 3,
					"min": 155,
					"max": 155
				}
			},
			"avg": 108,
			"avg7": 141,
			"avg28": 141
		},
		"holo-good": {
			"history": {
				"2022-12-10": {
					"avg": 395,
					"count": 1,
					"min": 395,
					"max": 395
				},
				"2022-12-15": {
					"avg": 250,
					"count": 1,
					"min": 250,
					"max": 250
				},
				"2022-12-16": {
					"avg": 210,
					"count": 1,
					"min": 210,
					"max": 210
				},
				"2022-12-18": {
					"avg": 190,
					"count": 1,
					"min": 190,
					"max": 190
				},
				"2022-12-24": {
					"avg": 189,
					"count": 1,
					"min": 189,
					"max": 189
				},
				"2022-12-27": {
					"avg": 190,
					"count": 1,
					"min": 190,
					"max": 190
				},
				"2022-12-28": {
					"avg": 392,
					"count": 7,
					"min": 289,
					"max": 898
				},
				"2022-12-31": {
					"avg": 190,
					"count": 1,
					"min": 190,
					"max": 190
				},
				"2023-01-02": {
					"avg": 289,
					"count": 1,
					"min": 289,
					"max": 289
				},
				"2023-01-03": {
					"avg": 236,
					"count": 1,
					"min": 236,
					"max": 236
				},
				"2023-01-05": {
					"avg": 260,
					"count": 1,
					"min": 260,
					"max": 260
				},
				"2023-01-08": {
					"avg": 190,
					"count": 1,
					"min": 190,
					"max": 190
				},
				"2023-01-11": {
					"avg": 190,
					"count": 2,
					"min": 190,
					"max": 190
				},
				"2023-02-12": {
					"avg": 180,
					"count": 1,
					"min": 180,
					"max": 180
				},
				"2023-02-16": {
					"avg": 201,
					"count": 1,
					"min": 201,
					"max": 201
				},
				"2023-02-18": {
					"avg": 393,
					"count": 3,
					"min": 295,
					"max": 588
				},
				"2023-02-22": {
					"avg": 294,
					"count": 2,
					"min": 294,
					"max": 294
				},
				"2023-03-02": {
					"avg": 278,
					"count": 1,
					"min": 278,
					"max": 278
				},
				"2023-03-13": {
					"avg": 287,
					"count": 1,
					"min": 287,
					"max": 287
				},
				"2023-03-15": {
					"avg": 254,
					"count": 1,
					"min": 254,
					"max": 254
				},
				"2023-03-16": {
					"avg": 228,
					"count": 1,
					"min": 228,
					"max": 228
				},
				"2023-03-17": {
					"avg": 248,
					"count": 1,
					"min": 248,
					"max": 248
				},
				"2023-03-21": {
					"avg": 290,
					"count": 4,
					"min": 251,
					"max": 328
				},
				"2023-03-25": {
					"avg": 225,
					"count": 1,
					"min": 225,
					"max": 225
				},
				"2023-03-26": {
					"avg": 246,
					"count": 2,
					"min": 225,
					"max": 267
				},
				"2023-03-27": {
					"avg": 715,
					"count": 2,
					"min": 715,
					"max": 715
				},
				"2023-03-28": {
					"avg": 150,
					"count": 1,
					"min": 150,
					"max": 150
				},
				"2023-03-29": {
					"avg": 278,
					"count": 1,
					"min": 278,
					"max": 278
				},
				"2023-04-01": {
					"avg": 203,
					"count": 1,
					"min": 203,
					"max": 203
				},
				"2023-04-02": {
					"avg": 487,
					"count": 1,
					"min": 487,
					"max": 487
				},
				"2023-04-03": {
					"avg": 180,
					"count": 1,
					"min": 180,
					"max": 180
				},
				"2023-04-09": {
					"avg": 175,
					"count": 1,
					"min": 175,
					"max": 175
				},
				"2023-04-13": {
					"avg": 199,
					"count": 1,
					"min": 199,
					"max": 199
				},
				"2023-04-14": {
					"avg": 203,
					"count": 1,
					"min": 203,
					"max": 203
				},
				"2023-04-16": {
					"avg": 150,
					"count": 2,
					"min": 150,
					"max": 150
				},
				"2023-04-17": {
					"avg": 257,
					"count": 2,
					"min": 150,
					"max": 364
				},
				"2023-04-18": {
					"avg": 199,
					"count": 2,
					"min": 150,
					"max": 248
				},
				"2023-04-21": {
					"avg": 150,
					"count": 1,
					"min": 150,
					"max": 150
				},
				"2023-04-22": {
					"avg": 229,
					"count": 1,
					"min": 229,
					"max": 229
				},
				"2023-04-25": {
					"avg": 287,
					"count": 1,
					"min": 287,
					"max": 287
				},
				"2023-04-27": {
					"avg": 254,
					"count": 2,
					"min": 229,
					"max": 279
				},
				"2023-04-29": {
					"avg": 287,
					"count": 2,
					"min": 276,
					"max": 298
				},
				"2023-05-02": {
					"avg": 199,
					"count": 1,
					"min": 199,
					"max": 199
				},
				"2023-05-04": {
					"avg": 208,
					"count": 1,
					"min": 208,
					"max": 208
				},
				"2023-05-11": {
					"avg": 240,
					"count": 1,
					"min": 240,
					"max": 240
				},
				"2023-05-15": {
					"avg": 284,
					"count": 1,
					"min": 284,
					"max": 284
				},
				"2023-05-31": {
					"avg": 236,
					"count": 2,
					"min": 231,
					"max": 241
				},
				"2023-06-26": {
					"avg": 150,
					"count": 1,
					"min": 150,
					"max": 150
				},
				"2023-07-01": {
					"avg": 282,
					"count": 1,
					"min": 282,
					"max": 282
				},
				"2023-07-07": {
					"avg": 320,
					"count": 1,
					"min": 320,
					"max": 320
				},
				"2023-07-08": {
					"avg": 229,
					"count": 1,
					"min": 229,
					"max": 229
				},
				"2023-07-20": {
					"avg": 173,
					"count": 1,
					"min": 173,
					"max": 173
				},
				"2023-07-21": {
					"avg": 219,
					"count": 1,
					"min": 219,
					"max": 219
				},
				"2023-07-22": {
					"avg": 273,
					"count": 1,
					"min": 273,
					"max": 273
				},
				"2023-08-21": {
					"avg": 190,
					"count": 2,
					"min": 173,
					"max": 207
				},
				"2023-08-24": {
					"avg": 1675,
					"count": 2,
					"min": 1675,
					"max": 1675
				},
				"2023-09-16": {
					"avg": 583,
					"count": 1,
					"min": 583,
					"max": 583
				},
				"2023-09-18": {
					"avg": 302,
					"count": 5,
					"min": 291,
					"max": 324
				},
				"2023-09-19": {
					"avg": 292,
					"count": 1,
					"min": 292,
					"max": 292
				},
				"2023-09-21": {
					"avg": 225,
					"count": 1,
					"min": 225,
					"max": 225
				},
				"2023-09-23": {
					"avg": 194,
					"count": 1,
					"min": 194,
					"max": 194
				},
				"2023-09-26": {
					"avg": 169,
					"count": 9,
					"min": 149,
					"max": 275
				},
				"2023-09-27": {
					"avg": 333,
					"count": 1,
					"min": 333,
					"max": 333
				},
				"2023-09-29": {
					"avg": 1098,
					"count": 2,
					"min": 1098,
					"max": 1098
				},
				"2023-09-30": {
					"avg": 302,
					"count": 1,
					"min": 302,
					"max": 302
				},
				"2023-10-01": {
					"avg": 223,
					"count": 4,
					"min": 204,
					"max": 258
				},
				"2023-10-03": {
					"avg": 276,
					"count": 1,
					"min": 276,
					"max": 276
				},
				"2023-10-09": {
					"avg": 100,
					"count": 1,
					"min": 100,
					"max": 100
				},
				"2023-10-10": {
					"avg": 204,
					"count": 2,
					"min": 183,
					"max": 225
				},
				"2023-10-13": {
					"avg": 225,
					"count": 1,
					"min": 225,
					"max": 225
				},
				"2023-10-19": {
					"avg": 2224,
					"count": 1,
					"min": 2224,
					"max": 2224
				},
				"2023-10-20": {
					"avg": 163,
					"count": 1,
					"min": 163,
					"max": 163
				},
				"2023-10-22": {
					"avg": 189,
					"count": 1,
					"min": 189,
					"max": 189
				},
				"2023-10-25": {
					"avg": 159,
					"count": 1,
					"min": 159,
					"max": 159
				},
				"2023-10-26": {
					"avg": 159,
					"count": 1,
					"min": 159,
					"max": 159
				},
				"2023-10-28": {
					"avg": 126,
					"count": 1,
					"min": 126,
					"max": 126
				},
				"2023-11-01": {
					"avg": 145,
					"count": 1,
					"min": 145,
					"max": 145
				},
				"2023-11-05": {
					"avg": 219,
					"count": 1,
					"min": 219,
					"max": 219
				},
				"2023-11-10": {
					"avg": 186,
					"count": 2,
					"min": 114,
					"max": 258
				},
				"2023-11-11": {
					"avg": 214,
					"count": 1,
					"min": 214,
					"max": 214
				},
				"2023-11-19": {
					"avg": 135,
					"count": 2,
					"min": 120,
					"max": 150
				},
				"2023-11-20": {
					"avg": 151,
					"count": 1,
					"min": 151,
					"max": 151
				},
				"2023-11-22": {
					"avg": 188,
					"count": 1,
					"min": 188,
					"max": 188
				},
				"2023-11-24": {
					"avg": 323,
					"count": 3,
					"min": 126,
					"max": 628
				},
				"2023-11-25": {
					"avg": 350,
					"count": 2,
					"min": 267,
					"max": 432
				},
				"2023-11-26": {
					"avg": 277,
					"count": 1,
					"min": 277,
					"max": 277
				},
				"2024-05-16": {
					"avg": 208,
					"count": 2,
					"min": 208,
					"max": 208
				},
				"2024-05-18": {
					"avg": 95,
					"count": 1,
					"min": 95,
					"max": 95
				},
				"2024-05-20": {
					"avg": 99,
					"count": 1,
					"min": 99,
					"max": 99
				},
				"2024-05-23": {
					"avg": 99,
					"count": 1,
					"min": 99,
					"max": 99
				},
				"2024-06-05": {
					"avg": 289,
					"count": 1,
					"min": 289,
					"max": 289
				},
				"2024-06-14": {
					"avg": 125,
					"count": 2,
					"min": 125,
					"max": 125
				},
				"2024-07-02": {
					"avg": 313,
					"count": 1,
					"min": 313,
					"max": 313
				},
				"2024-07-16": {
					"avg": 100,
					"count": 1,
					"min": 100,
					"max": 100
				},
				"2024-07-23": {
					"avg": 123,
					"count": 1,
					"min": 123,
					"max": 123
				},
				"2024-07-31": {
					"avg": 170,
					"count": 3,
					"min": 170,
					"max": 170
				},
				"2024-08-06": {
					"avg": 275,
					"count": 2,
					"min": 225,
					"max": 324
				},
				"2024-08-12": {
					"avg": 175,
					"count": 1,
					"min": 175,
					"max": 175
				},
				"2024-09-13": {
					"avg": 145,
					"count": 2,
					"min": 125,
					"max": 165
				},
				"2024-09-17": {
					"avg": 270,
					"count": 1,
					"min": 270,
					"max": 270
				}
			},
			"avg": 286,
			"avg7": 153,
			"avg28": 153
		},
		"holo-nearmint": {
			"history": {
				"2024-05-28": {
					"avg": 95,
					"count": 3,
					"min": 94,
					"max": 95
				},
				"2024-05-30": {
					"avg": 225,
					"count": 2,
					"min": 155,
					"max": 294
				},
				"2024-05-31": {
					"avg": 216,
					"count": 1,
					"min": 216,
					"max": 216
				},
				"2024-06-01": {
					"avg": 99,
					"count": 1,
					"min": 99,
					"max": 99
				},
				"2024-06-02": {
					"avg": 150,
					"count": 1,
					"min": 150,
					"max": 150
				},
				"2024-06-03": {
					"avg": 1294,
					"count": 3,
					"min": 1294,
					"max": 1294
				},
				"2024-06-04": {
					"avg": 149,
					"count": 1,
					"min": 149,
					"max": 149
				},
				"2024-06-05": {
					"avg": 156,
					"count": 1,
					"min": 156,
					"max": 156
				},
				"2024-06-06": {
					"avg": 206,
					"count": 6,
					"min": 138,
					"max": 241
				},
				"2024-06-07": {
					"avg": 176,
					"count": 1,
					"min": 176,
					"max": 176
				},
				"2024-06-09": {
					"avg": 274,
					"count": 1,
					"min": 274,
					"max": 274
				},
				"2024-06-12": {
					"avg": 153,
					"count": 1,
					"min": 153,
					"max": 153
				},
				"2024-06-15": {
					"avg": 242,
					"count": 1,
					"min": 242,
					"max": 242
				},
				"2024-06-16": {
					"avg": 299,
					"count": 1,
					"min": 299,
					"max": 299
				},
				"2024-06-19": {
					"avg": 150,
					"count": 1,
					"min": 150,
					"max": 150
				},
				"2024-06-23": {
					"avg": 152,
					"count": 1,
					"min": 152,
					"max": 152
				},
				"2024-06-27": {
					"avg": 242,
					"count": 1,
					"min": 242,
					"max": 242
				},
				"2024-06-28": {
					"avg": 199,
					"count": 1,
					"min": 199,
					"max": 199
				},
				"2024-06-30": {
					"avg": 196,
					"count": 2,
					"min": 150,
					"max": 242
				},
				"2024-07-01": {
					"avg": 157,
					"count": 1,
					"min": 157,
					"max": 157
				},
				"2024-07-03": {
					"avg": 262,
					"count": 2,
					"min": 175,
					"max": 348
				},
				"2024-07-06": {
					"avg": 199,
					"count": 1,
					"min": 199,
					"max": 199
				},
				"2024-07-07": {
					"avg": 230,
					"count": 3,
					"min": 224,
					"max": 242
				},
				"2024-07-09": {
					"avg": 624,
					"count": 2,
					"min": 199,
					"max": 1048
				},
				"2024-07-10": {
					"avg": 283,
					"count": 1,
					"min": 283,
					"max": 283
				},
				"2024-07-11": {
					"avg": 199,
					"count": 5,
					"min": 199,
					"max": 199
				},
				"2024-07-16": {
					"avg": 120,
					"count": 1,
					"min": 120,
					"max": 120
				},
				"2024-07-17": {
					"avg": 219,
					"count": 1,
					"min": 219,
					"max": 219
				},
				"2024-07-20": {
					"avg": 138,
					"count": 1,
					"min": 138,
					"max": 138
				},
				"2024-07-24": {
					"avg": 219,
					"count": 1,
					"min": 219,
					"max": 219
				},
				"2024-07-25": {
					"avg": 121,
					"count": 1,
					"min": 121,
					"max": 121
				},
				"2024-07-28": {
					"avg": 176,
					"count": 1,
					"min": 176,
					"max": 176
				},
				"2024-07-29": {
					"avg": 176,
					"count": 1,
					"min": 176,
					"max": 176
				},
				"2024-07-30": {
					"avg": 178,
					"count": 2,
					"min": 178,
					"max": 178
				},
				"2024-07-31": {
					"avg": 609,
					"count": 2,
					"min": 219,
					"max": 998
				},
				"2024-08-01": {
					"avg": 189,
					"count": 3,
					"min": 168,
					"max": 199
				},
				"2024-08-06": {
					"avg": 199,
					"count": 1,
					"min": 199,
					"max": 199
				},
				"2024-08-08": {
					"avg": 178,
					"count": 1,
					"min": 178,
					"max": 178
				},
				"2024-08-09": {
					"avg": 206,
					"count": 4,
					"min": 159,
					"max": 270
				},
				"2024-08-11": {
					"avg": 190,
					"count": 1,
					"min": 190,
					"max": 190
				},
				"2024-08-12": {
					"avg": 193,
					"count": 2,
					"min": 166,
					"max": 219
				},
				"2024-08-13": {
					"avg": 738,
					"count": 1,
					"min": 738,
					"max": 738
				},
				"2024-08-14": {
					"avg": 570,
					"count": 1,
					"min": 570,
					"max": 570
				},
				"2024-08-16": {
					"avg": 302,
					"count": 1,
					"min": 302,
					"max": 302
				},
				"2024-08-20": {
					"avg": 173,
					"count": 1,
					"min": 173,
					"max": 173
				},
				"2024-08-25": {
					"avg": 674,
					"count": 1,
					"min": 674,
					"max": 674
				},
				"2024-08-27": {
					"avg": 315,
					"count": 1,
					"min": 315,
					"max": 315
				},
				"2024-08-28": {
					"avg": 199,
					"count": 1,
					"min": 199,
					"max": 199
				},
				"2024-08-29": {
					"avg": 535,
					"count": 1,
					"min": 535,
					"max": 535
				},
				"2024-08-31": {
					"avg": 147,
					"count": 1,
					"min": 147,
					"max": 147
				},
				"2024-09-01": {
					"avg": 209,
					"count": 2,
					"min": 111,
					"max": 307
				},
				"2024-09-02": {
					"avg": 211,
					"count": 23,
					"min": 110,
					"max": 297
				},
				"2024-09-06": {
					"avg": 283,
					"count": 1,
					"min": 283,
					"max": 283
				},
				"2024-09-07": {
					"avg": 156,
					"count": 1,
					"min": 156,
					"max": 156
				},
				"2024-09-10": {
					"avg": 275,
					"count": 1,
					"min": 275,
					"max": 275
				},
				"2024-09-12": {
					"avg": 278,
					"count": 1,
					"min": 278,
					"max": 278
				},
				"2024-09-14": {
					"avg": 417,
					"count": 2,
					"min": 151,
					"max": 683
				},
				"2024-09-16": {
					"avg": 292,
					"count": 2,
					"min": 272,
					"max": 312
				},
				"2024-09-18": {
					"avg": 153,
					"count": 2,
					"min": 149,
					"max": 156
				},
				"2024-09-20": {
					"avg": 194,
					"count": 5,
					"min": 166,
					"max": 275
				}
			},
			"avg": 262,
			"avg7": -1,
			"avg28": -1
		},
		"normal-nearmint": {
			"history": {
				"2024-05-23": {
					"avg": 139,
					"count": 1,
					"min": 139,
					"max": 139
				},
				"2024-05-26": {
					"avg": 50,
					"count": 1,
					"min": 50,
					"max": 50
				},
				"2024-05-28": {
					"avg": 83,
					"count": 2,
					"min": 29,
					"max": 136
				},
				"2024-05-31": {
					"avg": 280,
					"count": 2,
					"min": 30,
					"max": 530
				},
				"2024-06-01": {
					"avg": 25,
					"count": 1,
					"min": 25,
					"max": 25
				},
				"2024-06-02": {
					"avg": 30,
					"count": 2,
					"min": 29,
					"max": 30
				},
				"2024-06-04": {
					"avg": 148,
					"count": 2,
					"min": 129,
					"max": 167
				},
				"2024-06-07": {
					"avg": 152,
					"count": 1,
					"min": 152,
					"max": 152
				},
				"2024-06-10": {
					"avg": 31,
					"count": 1,
					"min": 31,
					"max": 31
				},
				"2024-06-12": {
					"avg": 41,
					"count": 1,
					"min": 41,
					"max": 41
				},
				"2024-06-14": {
					"avg": 137,
					"count": 1,
					"min": 137,
					"max": 137
				},
				"2024-06-17": {
					"avg": 137,
					"count": 1,
					"min": 137,
					"max": 137
				},
				"2024-06-19": {
					"avg": 15,
					"count": 1,
					"min": 15,
					"max": 15
				},
				"2024-06-22": {
					"avg": 225,
					"count": 1,
					"min": 225,
					"max": 225
				},
				"2024-06-23": {
					"avg": 82,
					"count": 2,
					"min": 32,
					"max": 132
				},
				"2024-06-27": {
					"avg": 191,
					"count": 9,
					"min": 45,
					"max": 209
				},
				"2024-06-28": {
					"avg": 127,
					"count": 1,
					"min": 127,
					"max": 127
				},
				"2024-07-02": {
					"avg": 150,
					"count": 4,
					"min": 150,
					"max": 150
				},
				"2024-07-03": {
					"avg": 25,
					"count": 1,
					"min": 25,
					"max": 25
				},
				"2024-07-07": {
					"avg": 49,
					"count": 1,
					"min": 49,
					"max": 49
				},
				"2024-07-08": {
					"avg": 327,
					"count": 2,
					"min": 155,
					"max": 498
				},
				"2024-07-09": {
					"avg": 206,
					"count": 3,
					"min": 30,
					"max": 498
				},
				"2024-07-10": {
					"avg": 155,
					"count": 1,
					"min": 155,
					"max": 155
				},
				"2024-07-13": {
					"avg": 30,
					"count": 1,
					"min": 30,
					"max": 30
				},
				"2024-07-16": {
					"avg": 57,
					"count": 8,
					"min": 30,
					"max": 148
				},
				"2024-07-18": {
					"avg": 25,
					"count": 40,
					"min": 25,
					"max": 25
				},
				"2024-07-22": {
					"avg": 30,
					"count": 1,
					"min": 30,
					"max": 30
				},
				"2024-07-23": {
					"avg": 33,
					"count": 1,
					"min": 33,
					"max": 33
				},
				"2024-07-25": {
					"avg": 30,
					"count": 1,
					"min": 30,
					"max": 30
				},
				"2024-07-26": {
					"avg": 539,
					"count": 1,
					"min": 539,
					"max": 539
				},
				"2024-07-28": {
					"avg": 140,
					"count": 11,
					"min": 20,
					"max": 152
				},
				"2024-07-29": {
					"avg": 99,
					"count": 2,
					"min": 49,
					"max": 149
				},
				"2024-07-30": {
					"avg": 27,
					"count": 8,
					"min": 25,
					"max": 30
				},
				"2024-07-31": {
					"avg": 100,
					"count": 2,
					"min": 50,
					"max": 149
				},
				"2024-08-01": {
					"avg": 30,
					"count": 1,
					"min": 30,
					"max": 30
				},
				"2024-08-04": {
					"avg": 116,
					"count": 2,
					"min": 26,
					"max": 205
				},
				"2024-08-05": {
					"avg": 29,
					"count": 1,
					"min": 29,
					"max": 29
				},
				"2024-08-06": {
					"avg": 517,
					"count": 1,
					"min": 517,
					"max": 517
				},
				"2024-08-09": {
					"avg": 109,
					"count": 2,
					"min": 109,
					"max": 109
				},
				"2024-08-10": {
					"avg": 34,
					"count": 2,
					"min": 24,
					"max": 43
				},
				"2024-08-11": {
					"avg": 129,
					"count": 1,
					"min": 129,
					"max": 129
				},
				"2024-08-14": {
					"avg": 33,
					"count": 1,
					"min": 33,
					"max": 33
				},
				"2024-08-15": {
					"avg": 30,
					"count": 1,
					"min": 30,
					"max": 30
				},
				"2024-08-19": {
					"avg": 46,
					"count": 5,
					"min": 30,
					"max": 109
				},
				"2024-08-20": {
					"avg": 101,
					"count": 3,
					"min": 35,
					"max": 137
				},
				"2024-08-21": {
					"avg": 33,
					"count": 1,
					"min": 33,
					"max": 33
				},
				"2024-08-23": {
					"avg": 32,
					"count": 1,
					"min": 32,
					"max": 32
				},
				"2024-08-24": {
					"avg": 54,
					"count": 2,
					"min": 32,
					"max": 75
				},
				"2024-08-25": {
					"avg": 32,
					"count": 1,
					"min": 32,
					"max": 32
				},
				"2024-08-28": {
					"avg": 112,
					"count": 6,
					"min": 25,
					"max": 147
				},
				"2024-08-29": {
					"avg": 32,
					"count": 1,
					"min": 32,
					"max": 32
				},
				"2024-08-30": {
					"avg": 33,
					"count": 1,
					"min": 33,
					"max": 33
				},
				"2024-09-02": {
					"avg": 76,
					"count": 3,
					"min": 30,
					"max": 162
				},
				"2024-09-05": {
					"avg": 29,
					"count": 2,
					"min": 25,
					"max": 32
				},
				"2024-09-06": {
					"avg": 152,
					"count": 1,
					"min": 152,
					"max": 152
				},
				"2024-09-07": {
					"avg": 147,
					"count": 2,
					"min": 147,
					"max": 147
				},
				"2024-09-08": {
					"avg": 200,
					"count": 2,
					"min": 200,
					"max": 200
				},
				"2024-09-09": {
					"avg": 142,
					"count": 1,
					"min": 142,
					"max": 142
				},
				"2024-09-12": {
					"avg": 135,
					"count": 1,
					"min": 135,
					"max": 135
				},
				"2024-09-13": {
					"avg": 30,
					"count": 1,
					"min": 30,
					"max": 30
				},
				"2024-09-14": {
					"avg": 498,
					"count": 1,
					"min": 498,
					"max": 498
				},
				"2024-09-15": {
					"avg": 34,
					"count": 1,
					"min": 34,
					"max": 34
				},
				"2024-09-16": {
					"avg": 123,
					"count": 2,
					"min": 100,
					"max": 146
				},
				"2024-09-17": {
					"avg": 76,
					"count": 3,
					"min": 33,
					"max": 159
				},
				"2024-09-18": {
					"avg": 34,
					"count": 1,
					"min": 34,
					"max": 34
				},
				"2024-09-20": {
					"avg": 136,
					"count": 3,
					"min": 103,
					"max": 157
				}
			},
			"avg": 92,
			"avg7": -1,
			"avg28": -1
		},
		"holo-played": {
			"history": {
				"2024-05-24": {
					"avg": 202,
					"count": 1,
					"min": 202,
					"max": 202
				},
				"2024-06-24": {
					"avg": 219,
					"count": 1,
					"min": 219,
					"max": 219
				},
				"2024-08-08": {
					"avg": 116,
					"count": 2,
					"min": 116,
					"max": 116
				}
			},
			"avg": 163,
			"avg7": -1,
			"avg28": -1
		},
		"holo-used": {
			"history": {
				"2024-09-01": {
					"avg": 74,
					"count": 1,
					"min": 74,
					"max": 74
				}
			},
			"avg": 74,
			"avg7": -1,
			"avg28": -1
		}
	}
}