{
	"data": {
		"holo-good": {
			"history": {
				"2022-12-15": {
					"avg": 74,
					"count": 1,
					"min": 74,
					"max": 74
				},
				"2022-12-16": {
					"avg": 102,
					"count": 1,
					"min": 102,
					"max": 102
				},
				"2022-12-25": {
					"avg": 104,
					"count": 1,
					"min": 104,
					"max": 104
				},
				"2023-01-08": {
					"avg": 147,
					"count": 1,
					"min": 147,
					"max": 147
				},
				"2023-02-06": {
					"avg": 301,
					"count": 1,
					"min": 301,
					"max": 301
				},
				"2023-02-12": {
					"avg": 127,
					"count": 1,
					"min": 127,
					"max": 127
				},
				"2023-04-13": {
					"avg": 45,
					"count": 1,
					"min": 45,
					"max": 45
				},
				"2023-05-04": {
					"avg": 158,
					"count": 1,
					"min": 158,
					"max": 158
				},
				"2023-05-10": {
					"avg": 60,
					"count": 1,
					"min": 60,
					"max": 60
				},
				"2023-05-16": {
					"avg": 325,
					"count": 1,
					"min": 325,
					"max": 325
				},
				"2023-05-24": {
					"avg": 156,
					"count": 1,
					"min": 156,
					"max": 156
				},
				"2023-06-12": {
					"avg": 190,
					"count": 1,
					"min": 190,
					"max": 190
				},
				"2023-06-30": {
					"avg": 83,
					"count": 1,
					"min": 83,
					"max": 83
				},
				"2023-07-03": {
					"avg": 100,
					"count": 1,
					"min": 100,
					"max": 100
				},
				"2023-07-31": {
					"avg": 71,
					"count": 1,
					"min": 71,
					"max": 71
				},
				"2023-08-24": {
					"avg": 198,
					"count": 1,
					"min": 198,
					"max": 198
				},
				"2023-08-29": {
					"avg": 80,
					"count": 1,
					"min": 80,
					"max": 80
				},
				"2023-09-03": {
					"avg": 122,
					"count": 1,
					"min": 122,
					"max": 122
				},
				"2023-09-16": {
					"avg": 201,
					"count": 1,
					"min": 201,
					"max": 201
				},
				"2023-09-18": {
					"avg": 258,
					"count": 1,
					"min": 258,
					"max": 258
				},
				"2023-09-29": {
					"avg": 264,
					"count": 1,
					"min": 264,
					"max": 264
				},
				"2023-10-02": {
					"avg": 299,
					"count": 1,
					"min": 299,
					"max": 299
				},
				"2023-10-04": {
					"avg": 29,
					"count": 1,
					"min": 29,
					"max": 29
				},
				"2023-10-11": {
					"avg": 129,
					"count": 1,
					"min": 129,
					"max": 129
				},
				"2023-10-14": {
					"avg": 65,
					"count": 1,
					"min": 65,
					"max": 65
				},
				"2023-10-20": {
					"avg": 175,
					"count": 1,
					"min": 175,
					"max": 175
				},
				"2023-10-31": {
					"avg": 145,
					"count": 1,
					"min": 145,
					"max": 145
				},
				"2023-11-12": {
					"avg": 259,
					"count": 1,
					"min": 259,
					"max": 259
				},
				"2023-11-18": {
					"avg": 270,
					"count": 1,
					"min": 270,
					"max": 270
				},
				"2023-11-22": {
					"avg": 29,
					"count": 1,
					"min": 29,
					"max": 29
				},
				"2023-11-26": {
					"avg": 258,
					"count": 1,
					"min": 258,
					"max": 258
				},
				"2023-11-27": {
					"avg": 180,
					"count": 2,
					"min": 127,
					"max": 233
				},
				"2024-05-16": {
					"avg": 163,
					"count": 1,
					"min": 163,
					"max": 163
				},
				"2024-05-17": {
					"avg": 165,
					"count": 1,
					"min": 165,
					"max": 165
				},
				"2024-06-25": {
					"avg": 299,
					"count": 1,
					"min": 299,
					"max": 299
				},
				"2024-08-03": {
					"avg": 232,
					"count": 1,
					"min": 232,
					"max": 232
				},
				"2024-08-13": {
					"avg": 172,
					"count": 1,
					"min": 172,
					"max": 172
				},
				"2024-09-04": {
					"avg": 223,
					"count": 1,
					"min": 223,
					"max": 223
				},
				"2024-09-20": {
					"avg": 127,
					"count": 1,
					"min": 127,
					"max": 127
				}
			},
			"avg": 164,
			"avg7": 164,
			"avg28": 164
		},
		"holo-nearmint": {
			"history": {
				"2024-05-24": {
					"avg": 648,
					"count": 1,
					"min": 648,
					"max": 648
				},
				"2024-05-28": {
					"avg": 282,
					"count": 1,
					"min": 282,
					"max": 282
				},
				"2024-05-30": {
					"avg": 283,
					"count": 2,
					"min": 282,
					"max": 284
				},
				"2024-06-09": {
					"avg": 873,
					"count": 1,
					"min": 873,
					"max": 873
				},
				"2024-06-18": {
					"avg": 414,
					"count": 5,
					"min": 180,
					"max": 649
				},
				"2024-07-01": {
					"avg": 285,
					"count": 1,
					"min": 285,
					"max": 285
				},
				"2024-07-05": {
					"avg": 285,
					"count": 1,
					"min": 285,
					"max": 285
				},
				"2024-08-14": {
					"avg": 175,
					"count": 1,
					"min": 175,
					"max": 175
				},
				"2024-08-21": {
					"avg": 292,
					"count": 1,
					"min": 292,
					"max": 292
				},
				"2024-08-23": {
					"avg": 298,
					"count": 1,
					"min": 298,
					"max": 298
				},
				"2024-09-06": {
					"avg": 165,
					"count": 1,
					"min": 165,
					"max": 165
				}
			},
			"avg": 371,
			"avg7": -1,
			"avg28": -1
		},
		"holo-played": {
			"history": {
				"2024-06-19": {
					"avg": 201,
					"count": 1,
					"min": 201,
					"max": 201
				},
				"2024-06-27": {
					"avg": 214,
					"count": 1,
					"min": 214,
					"max": 214
				},
				"2024-08-21": {
					"avg": 98,
					"count": 1,
					"min": 98,
					"max": 98
				},
				"2024-09-16": {
					"avg": 149,
					"count": 1,
					"min": 149,
					"max": 149
				}
			},
			"avg": 166,
			"avg7": -1,
			"avg28": -1
		},
		"holo-used": {
			"history": {
				"2024-07-01": {
					"avg": 52,
					"count": 1,
					"min": 52,
					"max": 52
				},
				"2024-09-14": {
					"avg": 25,
					"count": 1,
					"min": 25,
					"max": 25
				}
			},
			"avg": 39,
			"avg7": -1,
			"avg28": -1
		},
		"holo-poor": {
			"history": {
				"2024-06-11": {
					"avg": 150,
					"count": 1,
					"min": 150,
					"max": 150
				},
				"2024-07-31": {
					"avg": 50,
					"count": 1,
					"min": 50,
					"max": 50
				}
			},
			"avg": 100,
			"avg7": -1,
			"avg28": -1
		}
	}
}