{
	"data": {
		"holo-good": {
			"history": {
				"2022-12-16": {
					"avg": 235,
					"count": 1,
					"min": 235,
					"max": 235
				},
				"2023-02-06": {
					"avg": 250,
					"count": 1,
					"min": 250,
					"max": 250
				},
				"2023-02-07": {
					"avg": 48,
					"count": 1,
					"min": 48,
					"max": 48
				},
				"2023-02-12": {
					"avg": 134,
					"count": 1,
					"min": 134,
					"max": 134
				},
				"2023-04-09": {
					"avg": 243,
					"count": 1,
					"min": 243,
					"max": 243
				},
				"2023-04-20": {
					"avg": 35,
					"count": 1,
					"min": 35,
					"max": 35
				},
				"2023-05-04": {
					"avg": 255,
					"count": 1,
					"min": 255,
					"max": 255
				},
				"2023-05-06": {
					"avg": 69,
					"count": 1,
					"min": 69,
					"max": 69
				},
				"2023-05-07": {
					"avg": 179,
					"count": 1,
					"min": 179,
					"max": 179
				},
				"2023-05-10": {
					"avg": 70,
					"count": 1,
					"min": 70,
					"max": 70
				},
				"2023-05-24": {
					"avg": 250,
					"count": 1,
					"min": 250,
					"max": 250
				},
				"2023-06-02": {
					"avg": 297,
					"count": 2,
					"min": 297,
					"max": 297
				},
				"2023-06-30": {
					"avg": 150,
					"count": 1,
					"min": 150,
					"max": 150
				},
				"2023-07-03": {
					"avg": 228,
					"count": 2,
					"min": 76,
					"max": 379
				},
				"2023-07-15": {
					"avg": 274,
					"count": 1,
					"min": 274,
					"max": 274
				},
				"2023-07-21": {
					"avg": 247,
					"count": 1,
					"min": 247,
					"max": 247
				},
				"2023-08-24": {
					"avg": 71,
					"count": 1,
					"min": 71,
					"max": 71
				},
				"2023-08-29": {
					"avg": 170,
					"count": 1,
					"min": 170,
					"max": 170
				},
				"2023-09-03": {
					"avg": 50,
					"count": 1,
					"min": 50,
					"max": 50
				},
				"2023-09-11": {
					"avg": 57,
					"count": 2,
					"min": 50,
					"max": 65
				},
				"2023-09-14": {
					"avg": 279,
					"count": 1,
					"min": 279,
					"max": 279
				},
				"2023-09-18": {
					"avg": 258,
					"count": 1,
					"min": 258,
					"max": 258
				},
				"2023-09-29": {
					"avg": 164,
					"count": 1,
					"min": 164,
					"max": 164
				},
				"2023-10-02": {
					"avg": 132,
					"count": 1,
					"min": 132,
					"max": 132
				},
				"2023-10-11": {
					"avg": 139,
					"count": 1,
					"min": 139,
					"max": 139
				},
				"2023-10-13": {
					"avg": 238,
					"count": 1,
					"min": 238,
					"max": 238
				},
				"2023-10-19": {
					"avg": 252,
					"count": 1,
					"min": 252,
					"max": 252
				},
				"2023-10-31": {
					"avg": 90,
					"count": 1,
					"min": 90,
					"max": 90
				},
				"2023-11-05": {
					"avg": 50,
					"count": 1,
					"min": 50,
					"max": 50
				},
				"2023-11-09": {
					"avg": 132,
					"count": 1,
					"min": 132,
					"max": 132
				},
				"2023-11-12": {
					"avg": 158,
					"count": 1,
					"min": 158,
					"max": 158
				},
				"2023-11-22": {
					"avg": 134,
					"count": 1,
					"min": 134,
					"max": 134
				},
				"2023-11-24": {
					"avg": 248,
					"count": 2,
					"min": 232,
					"max": 264
				},
				"2023-11-26": {
					"avg": 256,
					"count": 1,
					"min": 256,
					"max": 256
				},
				"2024-05-16": {
					"avg": 167,
					"count": 1,
					"min": 167,
					"max": 167
				},
				"2024-05-17": {
					"avg": 200,
					"count": 1,
					"min": 200,
					"max": 200
				},
				"2024-06-01": {
					"avg": 80,
					"count": 1,
					"min": 80,
					"max": 80
				},
				"2024-06-18": {
					"avg": 215,
					"count": 2,
					"min": 202,
					"max": 227
				},
				"2024-07-03": {
					"avg": 179,
					"count": 1,
					"min": 179,
					"max": 179
				},
				"2024-07-16": {
					"avg": 89,
					"count": 1,
					"min": 89,
					"max": 89
				},
				"2024-08-03": {
					"avg": 216,
					"count": 1,
					"min": 216,
					"max": 216
				},
				"2024-08-04": {
					"avg": 228,
					"count": 1,
					"min": 228,
					"max": 228
				},
				"2024-08-20": {
					"avg": 99,
					"count": 1,
					"min": 99,
					"max": 99
				},
				"2024-09-16": {
					"avg": 74,
					"count": 2,
					"min": 68,
					"max": 80
				}
			},
			"avg": 170,
			"avg7": 184,
			"avg28": 184
		},
		"holo-nearmint": {
			"history": {
				"2024-05-24": {
					"avg": 798,
					"count": 1,
					"min": 798,
					"max": 798
				},
				"2024-05-28": {
					"avg": 279,
					"count": 1,
					"min": 279,
					"max": 279
				},
				"2024-05-30": {
					"avg": 279,
					"count": 1,
					"min": 279,
					"max": 279
				},
				"2024-06-02": {
					"avg": 200,
					"count": 1,
					"min": 200,
					"max": 200
				},
				"2024-06-18": {
					"avg": 235,
					"count": 7,
					"min": 175,
					"max": 321
				},
				"2024-07-01": {
					"avg": 297,
					"count": 1,
					"min": 297,
					"max": 297
				},
				"2024-07-05": {
					"avg": 300,
					"count": 1,
					"min": 300,
					"max": 300
				},
				"2024-08-23": {
					"avg": 301,
					"count": 1,
					"min": 301,
					"max": 301
				},
				"2024-08-27": {
					"avg": 180,
					"count": 1,
					"min": 180,
					"max": 180
				},
				"2024-09-18": {
					"avg": 199,
					"count": 1,
					"min": 199,
					"max": 199
				}
			},
			"avg": 280,
			"avg7": -1,
			"avg28": -1
		},
		"holo-played": {
			"history": {
				"2024-06-19": {
					"avg": 207,
					"count": 1,
					"min": 207,
					"max": 207
				},
				"2024-06-29": {
					"avg": 222,
					"count": 1,
					"min": 222,
					"max": 222
				},
				"2024-08-27": {
					"avg": 87,
					"count": 1,
					"min": 87,
					"max": 87
				},
				"2024-09-19": {
					"avg": 625,
					"count": 1,
					"min": 625,
					"max": 625
				}
			},
			"avg": 285,
			"avg7": -1,
			"avg28": -1
		},
		"holo-used": {
			"history": {
				"2024-08-13": {
					"avg": 57,
					"count": 1,
					"min": 57,
					"max": 57
				},
				"2024-09-14": {
					"avg": 57,
					"count": 1,
					"min": 57,
					"max": 57
				}
			},
			"avg": 57,
			"avg7": -1,
			"avg28": -1
		},
		"holo-poor": {
			"history": {
				"2024-06-11": {
					"avg": 128,
					"count": 1,
					"min": 128,
					"max": 128
				},
				"2024-07-07": {
					"avg": 46,
					"count": 1,
					"min": 46,
					"max": 46
				},
				"2024-08-28": {
					"avg": 40,
					"count": 1,
					"min": 40,
					"max": 40
				},
				"2024-08-29": {
					"avg": 167,
					"count": 1,
					"min": 167,
					"max": 167
				}
			},
			"avg": 95,
			"avg7": -1,
			"avg28": -1
		}
	}
}