{
	"data": {
		"holo-good": {
			"history": {
				"2022-12-13": {
					"avg": 388,
					"count": 1,
					"min": 388,
					"max": 388
				},
				"2022-12-16": {
					"avg": 198,
					"count": 1,
					"min": 198,
					"max": 198
				},
				"2022-12-22": {
					"avg": 187,
					"count": 1,
					"min": 187,
					"max": 187
				},
				"2022-12-25": {
					"avg": 491,
					"count": 1,
					"min": 491,
					"max": 491
				},
				"2023-01-11": {
					"avg": 274,
					"count": 1,
					"min": 274,
					"max": 274
				},
				"2023-02-07": {
					"avg": 145,
					"count": 1,
					"min": 145,
					"max": 145
				},
				"2023-02-12": {
					"avg": 222,
					"count": 2,
					"min": 145,
					"max": 298
				},
				"2023-02-18": {
					"avg": 424,
					"count": 1,
					"min": 424,
					"max": 424
				},
				"2023-04-02": {
					"avg": 220,
					"count": 2,
					"min": 45,
					"max": 394
				},
				"2023-04-20": {
					"avg": 81,
					"count": 1,
					"min": 81,
					"max": 81
				},
				"2023-05-04": {
					"avg": 246,
					"count": 2,
					"min": 218,
					"max": 274
				},
				"2023-05-06": {
					"avg": 299,
					"count": 2,
					"min": 219,
					"max": 379
				},
				"2023-05-24": {
					"avg": 275,
					"count": 1,
					"min": 275,
					"max": 275
				},
				"2023-05-29": {
					"avg": 223,
					"count": 1,
					"min": 223,
					"max": 223
				},
				"2023-07-03": {
					"avg": 220,
					"count": 2,
					"min": 148,
					"max": 292
				},
				"2023-07-21": {
					"avg": 337,
					"count": 1,
					"min": 337,
					"max": 337
				},
				"2023-07-22": {
					"avg": 191,
					"count": 1,
					"min": 191,
					"max": 191
				},
				"2023-08-12": {
					"avg": 363,
					"count": 1,
					"min": 363,
					"max": 363
				},
				"2023-08-24": {
					"avg": 148,
					"count": 1,
					"min": 148,
					"max": 148
				},
				"2023-08-29": {
					"avg": 190,
					"count": 1,
					"min": 190,
					"max": 190
				},
				"2023-09-11": {
					"avg": 170,
					"count": 1,
					"min": 170,
					"max": 170
				},
				"2023-09-18": {
					"avg": 265,
					"count": 2,
					"min": 78,
					"max": 451
				},
				"2023-09-29": {
					"avg": 451,
					"count": 1,
					"min": 451,
					"max": 451
				},
				"2023-10-02": {
					"avg": 120,
					"count": 1,
					"min": 120,
					"max": 120
				},
				"2023-10-04": {
					"avg": 428,
					"count": 1,
					"min": 428,
					"max": 428
				},
				"2023-10-20": {
					"avg": 459,
					"count": 1,
					"min": 459,
					"max": 459
				},
				"2023-10-31": {
					"avg": 170,
					"count": 1,
					"min": 170,
					"max": 170
				},
				"2023-11-05": {
					"avg": 69,
					"count": 1,
					"min": 69,
					"max": 69
				},
				"2023-11-10": {
					"avg": 362,
					"count": 1,
					"min": 362,
					"max": 362
				},
				"2023-11-12": {
					"avg": 363,
					"count": 1,
					"min": 363,
					"max": 363
				},
				"2023-11-20": {
					"avg": 170,
					"count": 1,
					"min": 170,
					"max": 170
				},
				"2023-11-23": {
					"avg": 462,
					"count": 1,
					"min": 462,
					"max": 462
				},
				"2023-11-26": {
					"avg": 447,
					"count": 1,
					"min": 447,
					"max": 447
				},
				"2023-11-27": {
					"avg": 207,
					"count": 2,
					"min": 41,
					"max": 373
				},
				"2024-05-16": {
					"avg": 399,
					"count": 1,
					"min": 399,
					"max": 399
				},
				"2024-05-17": {
					"avg": 70,
					"count": 1,
					"min": 70,
					"max": 70
				},
				"2024-05-19": {
					"avg": 47,
					"count": 1,
					"min": 47,
					"max": 47
				},
				"2024-05-28": {
					"avg": 271,
					"count": 1,
					"min": 271,
					"max": 271
				},
				"2024-06-07": {
					"avg": 280,
					"count": 1,
					"min": 280,
					"max": 280
				},
				"2024-06-09": {
					"avg": 937,
					"count": 1,
					"min": 937,
					"max": 937
				},
				"2024-06-12": {
					"avg": 192,
					"count": 3,
					"min": 158,
					"max": 260
				},
				"2024-07-03": {
					"avg": 663,
					"count": 2,
					"min": 663,
					"max": 663
				},
				"2024-08-03": {
					"avg": 276,
					"count": 1,
					"min": 276,
					"max": 276
				},
				"2024-08-13": {
					"avg": 199,
					"count": 1,
					"min": 199,
					"max": 199
				},
				"2024-09-03": {
					"avg": 277,
					"count": 1,
					"min": 277,
					"max": 277
				},
				"2024-09-17": {
					"avg": 259,
					"count": 2,
					"min": 240,
					"max": 277
				}
			},
			"avg": 283,
			"avg7": 172,
			"avg28": 172
		},
		"holo-nearmint": {
			"history": {
				"2024-05-24": {
					"avg": 898,
					"count": 1,
					"min": 898,
					"max": 898
				},
				"2024-05-26": {
					"avg": 331,
					"count": 1,
					"min": 331,
					"max": 331
				},
				"2024-05-30": {
					"avg": 827,
					"count": 1,
					"min": 827,
					"max": 827
				},
				"2024-06-18": {
					"avg": 363,
					"count": 4,
					"min": 292,
					"max": 419
				},
				"2024-07-05": {
					"avg": 397,
					"count": 1,
					"min": 397,
					"max": 397
				},
				"2024-08-23": {
					"avg": 296,
					"count": 1,
					"min": 296,
					"max": 296
				},
				"2024-09-07": {
					"avg": 567,
					"count": 4,
					"min": 425,
					"max": 614
				},
				"2024-09-18": {
					"avg": 299,
					"count": 1,
					"min": 299,
					"max": 299
				},
				"2024-09-21": {
					"avg": 424,
					"count": 1,
					"min": 424,
					"max": 424
				}
			},
			"avg": 479,
			"avg7": -1,
			"avg28": -1
		},
		"holo-played": {
			"history": {
				"2024-06-15": {
					"avg": 176,
					"count": 1,
					"min": 176,
					"max": 176
				},
				"2024-06-19": {
					"avg": 268,
					"count": 1,
					"min": 268,
					"max": 268
				},
				"2024-07-13": {
					"avg": 242,
					"count": 1,
					"min": 242,
					"max": 242
				},
				"2024-09-14": {
					"avg": 105,
					"count": 1,
					"min": 105,
					"max": 105
				},
				"2024-09-16": {
					"avg": 226,
					"count": 1,
					"min": 226,
					"max": 226
				}
			},
			"avg": 203,
			"avg7": -1,
			"avg28": -1
		},
		"holo-poor": {
			"history": {
				"2024-06-11": {
					"avg": 152,
					"count": 2,
					"min": 138,
					"max": 165
				},
				"2024-09-08": {
					"avg": 46,
					"count": 1,
					"min": 46,
					"max": 46
				}
			},
			"avg": 117,
			"avg7": -1,
			"avg28": -1
		},
		"holo-used": {
			"history": {
				"2024-06-15": {
					"avg": 156,
					"count": 1,
					"min": 156,
					"max": 156
				},
				"2024-08-08": {
					"avg": 99,
					"count": 1,
					"min": 99,
					"max": 99
				},
				"2024-08-26": {
					"avg": 64,
					"count": 1,
					"min": 64,
					"max": 64
				},
				"2024-08-27": {
					"avg": 259,
					"count": 1,
					"min": 259,
					"max": 259
				}
			},
			"avg": 145,
			"avg7": -1,
			"avg28": -1
		}
	}
}