{
	"data": {
		"holo-good": {
			"history": {
				"2022-12-09": {
					"avg": 49,
					"count": 1,
					"min": 49,
					"max": 49
				},
				"2022-12-10": {
					"avg": 100,
					"count": 1,
					"min": 100,
					"max": 100
				},
				"2022-12-16": {
					"avg": 154,
					"count": 1,
					"min": 154,
					"max": 154
				},
				"2023-02-07": {
					"avg": 50,
					"count": 1,
					"min": 50,
					"max": 50
				},
				"2023-02-12": {
					"avg": 121,
					"count": 2,
					"min": 74,
					"max": 168
				},
				"2023-03-15": {
					"avg": 149,
					"count": 1,
					"min": 149,
					"max": 149
				},
				"2023-04-11": {
					"avg": 60,
					"count": 1,
					"min": 60,
					"max": 60
				},
				"2023-04-20": {
					"avg": 25,
					"count": 1,
					"min": 25,
					"max": 25
				},
				"2023-04-21": {
					"avg": 49,
					"count": 1,
					"min": 49,
					"max": 49
				},
				"2023-05-04": {
					"avg": 162,
					"count": 1,
					"min": 162,
					"max": 162
				},
				"2023-05-06": {
					"avg": 149,
					"count": 1,
					"min": 149,
					"max": 149
				},
				"2023-05-08": {
					"avg": 99,
					"count": 1,
					"min": 99,
					"max": 99
				},
				"2023-05-10": {
					"avg": 49,
					"count": 1,
					"min": 49,
					"max": 49
				},
				"2023-05-15": {
					"avg": 56,
					"count": 1,
					"min": 56,
					"max": 56
				},
				"2023-05-19": {
					"avg": 25,
					"count": 1,
					"min": 25,
					"max": 25
				},
				"2023-05-22": {
					"avg": 171,
					"count": 1,
					"min": 171,
					"max": 171
				},
				"2023-05-24": {
					"avg": 144,
					"count": 2,
					"min": 124,
					"max": 163
				},
				"2023-07-03": {
					"avg": 252,
					"count": 1,
					"min": 252,
					"max": 252
				},
				"2023-07-21": {
					"avg": 216,
					"count": 1,
					"min": 216,
					"max": 216
				},
				"2023-07-28": {
					"avg": 167,
					"count": 1,
					"min": 167,
					"max": 167
				},
				"2023-07-31": {
					"avg": 208,
					"count": 1,
					"min": 208,
					"max": 208
				},
				"2023-08-24": {
					"avg": 199,
					"count": 1,
					"min": 199,
					"max": 199
				},
				"2023-08-29": {
					"avg": 151,
					"count": 1,
					"min": 151,
					"max": 151
				},
				"2023-09-11": {
					"avg": 59,
					"count": 2,
					"min": 52,
					"max": 65
				},
				"2023-09-18": {
					"avg": 193,
					"count": 1,
					"min": 193,
					"max": 193
				},
				"2023-09-29": {
					"avg": 275,
					"count": 1,
					"min": 275,
					"max": 275
				},
				"2023-10-02": {
					"avg": 124,
					"count": 1,
					"min": 124,
					"max": 124
				},
				"2023-10-11": {
					"avg": 148,
					"count": 2,
					"min": 95,
					"max": 200
				},
				"2023-10-26": {
					"avg": 30,
					"count": 1,
					"min": 30,
					"max": 30
				},
				"2023-10-28": {
					"avg": 99,
					"count": 1,
					"min": 99,
					"max": 99
				},
				"2023-10-31": {
					"avg": 429,
					"count": 1,
					"min": 429,
					"max": 429
				},
				"2023-11-01": {
					"avg": 25,
					"count": 1,
					"min": 25,
					"max": 25
				},
				"2023-11-03": {
					"avg": 210,
					"count": 1,
					"min": 210,
					"max": 210
				},
				"2023-11-12": {
					"avg": 195,
					"count": 1,
					"min": 195,
					"max": 195
				},
				"2023-11-21": {
					"avg": 279,
					"count": 1,
					"min": 279,
					"max": 279
				},
				"2023-11-22": {
					"avg": 26,
					"count": 1,
					"min": 26,
					"max": 26
				},
				"2023-11-24": {
					"avg": 198,
					"count": 1,
					"min": 198,
					"max": 198
				},
				"2023-11-26": {
					"avg": 271,
					"count": 1,
					"min": 271,
					"max": 271
				},
				"2023-11-27": {
					"avg": 187,
					"count": 2,
					"min": 124,
					"max": 250
				},
				"2024-05-16": {
					"avg": 107,
					"count": 2,
					"min": 29,
					"max": 184
				},
				"2024-05-17": {
					"avg": 184,
					"count": 1,
					"min": 184,
					"max": 184
				},
				"2024-05-26": {
					"avg": 367,
					"count": 1,
					"min": 367,
					"max": 367
				},
				"2024-06-12": {
					"avg": 196,
					"count": 1,
					"min": 196,
					"max": 196
				},
				"2024-06-18": {
					"avg": 236,
					"count": 3,
					"min": 221,
					"max": 254
				},
				"2024-06-25": {
					"avg": 130,
					"count": 1,
					"min": 130,
					"max": 130
				},
				"2024-07-03": {
					"avg": 280,
					"count": 2,
					"min": 274,
					"max": 285
				},
				"2024-08-03": {
					"avg": 252,
					"count": 1,
					"min": 252,
					"max": 252
				},
				"2024-08-20": {
					"avg": 117,
					"count": 4,
					"min": 112,
					"max": 121
				},
				"2024-09-03": {
					"avg": 116,
					"count": 1,
					"min": 116,
					"max": 116
				},
				"2024-09-17": {
					"avg": 239,
					"count": 1,
					"min": 239,
					"max": 239
				}
			},
			"avg": 156,
			"avg7": 132,
			"avg28": 132
		},
		"holo-nearmint": {
			"history": {
				"2024-05-24": {
					"avg": 998,
					"count": 1,
					"min": 998,
					"max": 998
				},
				"2024-05-28": {
					"avg": 299,
					"count": 1,
					"min": 299,
					"max": 299
				},
				"2024-05-30": {
					"avg": 318,
					"count": 1,
					"min": 318,
					"max": 318
				},
				"2024-06-09": {
					"avg": 948,
					"count": 1,
					"min": 948,
					"max": 948
				},
				"2024-06-18": {
					"avg": 215,
					"count": 3,
					"min": 215,
					"max": 215
				},
				"2024-07-01": {
					"avg": 304,
					"count": 1,
					"min": 304,
					"max": 304
				},
				"2024-07-05": {
					"avg": 335,
					"count": 1,
					"min": 335,
					"max": 335
				},
				"2024-08-08": {
					"avg": 200,
					"count": 1,
					"min": 200,
					"max": 200
				},
				"2024-08-21": {
					"avg": 327,
					"count": 1,
					"min": 327,
					"max": 327
				},
				"2024-08-23": {
					"avg": 327,
					"count": 1,
					"min": 327,
					"max": 327
				},
				"2024-09-18": {
					"avg": 211,
					"count": 1,
					"min": 211,
					"max": 211
				}
			},
			"avg": 378,
			"avg7": -1,
			"avg28": -1
		},
		"holo-played": {
			"history": {
				"2024-06-04": {
					"avg": 50,
					"count": 1,
					"min": 50,
					"max": 50
				},
				"2024-06-19": {
					"avg": 173,
					"count": 1,
					"min": 173,
					"max": 173
				},
				"2024-06-21": {
					"avg": 174,
					"count": 1,
					"min": 174,
					"max": 174
				},
				"2024-06-23": {
					"avg": 51,
					"count": 1,
					"min": 51,
					"max": 51
				},
				"2024-07-31": {
					"avg": 1098,
					"count": 1,
					"min": 1098,
					"max": 1098
				},
				"2024-09-01": {
					"avg": 50,
					"count": 1,
					"min": 50,
					"max": 50
				},
				"2024-09-04": {
					"avg": 35,
					"count": 1,
					"min": 35,
					"max": 35
				},
				"2024-09-09": {
					"avg": 35,
					"count": 1,
					"min": 35,
					"max": 35
				},
				"2024-09-16": {
					"avg": 162,
					"count": 1,
					"min": 162,
					"max": 162
				},
				"2024-09-17": {
					"avg": 162,
					"count": 1,
					"min": 162,
					"max": 162
				},
				"2024-09-20": {
					"avg": 132,
					"count": 1,
					"min": 132,
					"max": 132
				}
			},
			"avg": 193,
			"avg7": -1,
			"avg28": -1
		},
		"holo-poor": {
			"history": {
				"2024-06-11": {
					"avg": 147,
					"count": 1,
					"min": 147,
					"max": 147
				},
				"2024-09-14": {
					"avg": 35,
					"count": 1,
					"min": 35,
					"max": 35
				}
			},
			"avg": 91,
			"avg7": -1,
			"avg28": -1
		},
		"holo-used": {
			"history": {
				"2024-07-01": {
					"avg": 45,
					"count": 1,
					"min": 45,
					"max": 45
				},
				"2024-07-07": {
					"avg": 54,
					"count": 1,
					"min": 54,
					"max": 54
				},
				"2024-07-29": {
					"avg": 48,
					"count": 1,
					"min": 48,
					"max": 48
				}
			},
			"avg": 49,
			"avg7": -1,
			"avg28": -1
		}
	}
}